{"ticker":"WGX.AX","fetched_at":"2026-07-17T04:47:01.037085+00:00","income_statement":{"2024":{"Tax Effect Of Unusual Items":285117.582849,"Tax Rate For Calcs":0.304748,"Normalized EBITDA":184565880.0,"Total Unusual Items":935585.0,"Total Unusual Items Excluding Goodwill":935585.0,"Net Income From Continuing Operation Net Minority Interest":95231530.0,"Reconciled Depreciation":43847409.0,"Reconciled Cost Of Revenue":516571714.0,"EBITDA":185501465.0,"EBIT":141654056.0,"Net Interest Income":3351837.0,"Interest Expense":4679953.0,"Interest Income":8031790.0,"Normalized Income":94581062.582849,"Net Income From Continuing And Discontinued Operation":95231530.0,"Diluted Average Shares":481210359.0,"Basic Average Shares":473622730.0,"Diluted EPS":0.1979,"Basic EPS":0.2011,"Net Income Common Stockholders":95231530.0,"Net Income":95231530.0,"Net Income Including Noncontrolling Interests":95231530.0,"Net Income Continuous Operations":95231530.0,"Tax Provision":41742573.0,"Pretax Income":136974103.0,"Other Income Expense":4177810.0,"Other Non Operating Income Expenses":3242225.0,"Special Income Charges":935585.0,"Gain On Sale Of Ppe":935585.0,"Net Non Operating Interest Income Expense":3351837.0,"Interest Expense Non Operating":4679953.0,"Interest Income Non Operating":8031790.0,"Operating Income":129444456.0,"Operating Expense":70456395.0,"Other Operating Expenses":1698553.0,"Depreciation Amortization Depletion Income Statement":43847409.0,"Depreciation And Amortization In Income Statement":43847409.0,"Depreciation Income Statement":43847409.0,"Selling General And Administration":24910433.0,"General And Administrative Expense":24910433.0,"Other Gand A":5338472.0,"Salaries And Wages":19571961.0,"Gross Profit":199900851.0,"Cost Of Revenue":516571714.0,"Total Revenue":716472565.0,"Operating Revenue":716472565.0},"2023":{"Tax Effect Of Unusual Items":1258241.759293,"Tax Rate For Calcs":0.282877,"Normalized EBITDA":64918291.0,"Total Unusual Items":4448016.0,"Total Unusual Items Excluding Goodwill":4448016.0,"Net Income From Continuing Operation Net Minority Interest":10003484.0,"Reconciled Depreciation":52959553.0,"Reconciled Cost Of Revenue":579566974.0,"EBITDA":69366307.0,"EBIT":16406754.0,"Net Interest Income":990241.0,"Interest Expense":2457285.0,"Interest Income":3447526.0,"Normalized Income":6813709.759293,"Net Income From Continuing And Discontinued Operation":10003484.0,"Diluted Average Shares":473622730.0,"Basic Average Shares":473622730.0,"Diluted EPS":0.0211,"Basic EPS":0.0211,"Net Income Common Stockholders":10003484.0,"Net Income":10003484.0,"Net Income Including Noncontrolling Interests":10003484.0,"Net Income Continuous Operations":10003484.0,"Tax Provision":3945985.0,"Pretax Income":13949469.0,"Other Income Expense":7556797.0,"Other Non Operating Income Expenses":3108781.0,"Special Income Charges":4448016.0,"Gain On Sale Of Ppe":4448016.0,"Net Non Operating Interest Income Expense":990241.0,"Interest Expense Non Operating":2457285.0,"Interest Income Non Operating":3447526.0,"Operating Income":5402431.0,"Operating Expense":69401829.0,"Other Operating Expenses":1505099.0,"Depreciation Amortization Depletion Income Statement":52959553.0,"Depreciation And Amortization In Income Statement":52959553.0,"Depreciation Income Statement":52959553.0,"Selling General And Administration":14937177.0,"General And Administrative Expense":14937177.0,"Other Gand A":4957179.0,"Salaries And Wages":9979998.0,"Gross Profit":74804260.0,"Cost Of Revenue":579566974.0,"Total Revenue":654371234.0,"Operating Revenue":654371234.0},"2022":{"Tax Effect Of Unusual Items":-53692730.502191,"Tax Rate For Calcs":0.30588,"Normalized EBITDA":82493122.0,"Total Unusual Items":-175535410.0,"Total Unusual Items Excluding Goodwill":-175535410.0,"Net Income From Continuing Operation Net Minority Interest":-111119291.0,"Reconciled Depreciation":65645570.0,"Reconciled Cost Of Revenue":555545947.0,"EBITDA":-93042288.0,"EBIT":-158687858.0,"Net Interest Income":-1132510.0,"Interest Expense":1398660.0,"Interest Income":266150.0,"Normalized Income":10723388.497809,"Net Income From Continuing And Discontinued Operation":-111119291.0,"Diluted Average Shares":438907701.0,"Basic Average Shares":438907701.0,"Diluted EPS":-0.2532,"Basic EPS":-0.2532,"Net Income Common Stockholders":-111119291.0,"Net Income":-111119291.0,"Net Income Including Noncontrolling Interests":-111119291.0,"Net Income Continuous Operations":-111119291.0,"Tax Provision":-48967227.0,"Pretax Income":-160086518.0,"Other Income Expense":-173152183.0,"Other Non Operating Income Expenses":2383227.0,"Special Income Charges":-175535410.0,"Impairment Of Capital Assets":175535410.0,"Net Non Operating Interest Income Expense":-1132510.0,"Interest Expense Non Operating":1398660.0,"Interest Income Non Operating":266150.0,"Operating Income":14198175.0,"Operating Expense":77832496.0,"Other Operating Expenses":2280972.0,"Depreciation Amortization Depletion Income Statement":65645570.0,"Depreciation And Amortization In Income Statement":65645570.0,"Depreciation Income Statement":65645570.0,"Selling General And Administration":9905954.0,"General And Administrative Expense":9905954.0,"Other Gand A":2266858.0,"Salaries And Wages":7639096.0,"Gross Profit":92030671.0,"Cost Of Revenue":555545947.0,"Total Revenue":647576618.0,"Operating Revenue":647576618.0}},"balance_sheet":{"2024":{"Ordinary Shares Number":473622730.0,"Share Issued":473622730.0,"Total Debt":54609452.0,"Tangible Book Value":691801106.0,"Invested Capital":691801106.0,"Working Capital":138413918.0,"Net Tangible Assets":691801106.0,"Capital Lease Obligations":54609452.0,"Common Stock Equity":691801106.0,"Total Capitalization":691801106.0,"Total Equity Gross Minority Interest":691801106.0,"Stockholders Equity":691801106.0,"Gains Losses Not Affecting Retained Earnings":201784563.0,"Other Equity Adjustments":201784563.0,"Retained Earnings":27419534.0,"Capital Stock":462597009.0,"Common Stock":462597009.0,"Total Liabilities Net Minority Interest":360698793.0,"Total Non Current Liabilities Net Minority Interest":174498483.0,"Employee Benefits":8559542.0,"Non Current Pension And Other Postretirement Benefit Plans":8559542.0,"Non Current Deferred Liabilities":72253414.0,"Non Current Deferred Taxes Liabilities":72253414.0,"Long Term Debt And Capital Lease Obligation":31232548.0,"Long Term Capital Lease Obligation":31232548.0,"Long Term Provisions":62452979.0,"Current Liabilities":186200310.0,"Other Current Liabilities":-1.0,"Current Debt And Capital Lease Obligation":23376904.0,"Current Capital Lease Obligation":23376904.0,"Pensionand Other Post Retirement Benefit Plans Current":14788299.0,"Payables And Accrued Expenses":148035108.0,"Payables":148035108.0,"Other Payable":80196937.0,"Accounts Payable":67838171.0,"Total Assets":1052499899.0,"Total Non Current Assets":727885671.0,"Investments And Advances":8010952.0,"Investmentin Financial Assets":8010952.0,"Trading Securities":8010952.0,"Net PPE":719874719.0,"Accumulated Depreciation":-1107878797.0,"Gross PPE":1827753516.0,"Construction In Progress":89668177.0,"Other Properties":153508179.0,"Machinery Furniture Equipment":399635268.0,"Land And Improvements":33509365.0,"Properties":1151432527.0,"Current Assets":324614228.0,"Other Current Assets":1649443.0,"Prepaid Assets":8479999.0,"Inventory":71600123.0,"Inventories Adjustments Allowances":-7078648.0,"Work In Process":23646058.0,"Raw Materials":55032713.0,"Receivables":6845501.0,"Other Receivables":6845501.0,"Cash Cash Equivalents And Short Term Investments":236039162.0,"Cash And Cash Equivalents":236039162.0,"Cash Financial":236039162.0},"2023":{"Ordinary Shares Number":473622730.0,"Share Issued":473622730.0,"Total Debt":27490818.0,"Tangible Book Value":598339298.0,"Invested Capital":598339298.0,"Working Capital":169626075.0,"Net Tangible Assets":598339298.0,"Capital Lease Obligations":27490818.0,"Common Stock Equity":598339298.0,"Total Capitalization":598339298.0,