{"ticker":"RMS.AX","fetched_at":"2026-07-17T04:43:22.630086+00:00","income_statement":{"2024":{"Tax Effect Of Unusual Items":0.0,"Tax Rate For Calcs":0.22,"Normalized EBITDA":463432000.0,"Net Income From Continuing Operation Net Minority Interest":216582000.0,"Reconciled Depreciation":182325000.0,"Reconciled Cost Of Revenue":387489000.0,"EBITDA":463432000.0,"EBIT":281107000.0,"Net Interest Income":7918000.0,"Interest Expense":4135000.0,"Interest Income":13262000.0,"Normalized Income":216582000.0,"Net Income From Continuing And Discontinued Operation":216582000.0,"Diluted Average Shares":1129796557.0,"Basic Average Shares":1109029941.0,"Net Income Common Stockholders":216582000.0,"Net Income":216582000.0,"Net Income Including Noncontrolling Interests":216582000.0,"Net Income Continuous Operations":216582000.0,"Tax Provision":60390000.0,"Pretax Income":276972000.0,"Other Income Expense":-104000.0,"Other Non Operating Income Expenses":-104000.0,"Net Non Operating Interest Income Expense":7918000.0,"Total Other Finance Cost":1209000.0,"Interest Expense Non Operating":4135000.0,"Interest Income Non Operating":13262000.0,"Operating Income":269158000.0,"Operating Expense":225863000.0,"Other Operating Expenses":20222000.0,"Depreciation Amortization Depletion Income Statement":182325000.0,"Depreciation And Amortization In Income Statement":182325000.0,"Amortization":147549000.0,"Amortization Of Intangibles Income Statement":147549000.0,"Depreciation Income Statement":34776000.0,"Selling General And Administration":23316000.0,"General And Administrative Expense":23316000.0,"Salaries And Wages":23316000.0,"Gross Profit":495021000.0,"Cost Of Revenue":387489000.0,"Total Revenue":882510000.0,"Operating Revenue":882510000.0},"2023":{"Tax Effect Of Unusual Items":-100570.586932,"Tax Rate For Calcs":0.318261,"Normalized EBITDA":135156000.0,"Total Unusual Items":-316000.0,"Total Unusual Items Excluding Goodwill":-316000.0,"Net Income From Continuing Operation Net Minority Interest":61561000.0,"Reconciled Depreciation":164495000.0,"Reconciled Cost Of Revenue":454795000.0,"EBITDA":258491000.0,"EBIT":93996000.0,"Net Interest Income":-1934000.0,"Interest Expense":3696000.0,"Interest Income":3939000.0,"Normalized Income":61776429.413068,"Net Income From Continuing And Discontinued Operation":61561000.0,"Diluted Average Shares":903979442.0,"Basic Average Shares":886131291.0,"Diluted EPS":0.0681,"Basic EPS":0.0695,"Net Income Common Stockholders":61561000.0,"Net Income":61561000.0,"Net Income Including Noncontrolling Interests":61561000.0,"Net Income Continuous Operations":61561000.0,"Tax Provision":28739000.0,"Pretax Income":90300000.0,"Other Income Expense":460000.0,"Other Non Operating Income Expenses":776000.0,"Special Income Charges":-316000.0,"Gain On Sale Of Ppe":3000.0,"Impairment Of Capital Assets":319000.0,"Net Non Operating Interest Income Expense":-1934000.0,"Total Other Finance Cost":2177000.0,"Interest Expense Non Operating":3696000.0,"Interest Income Non Operating":3939000.0,"Operating Income":91774000.0,"Operating Expense":84634000.0,"Other Operating Expenses":25074000.0,"Depreciation Amortization Depletion Income Statement":164495000.0,"Depreciation And Amortization In Income Statement":164495000.0,"Amortization Of Intangibles Income Statement":123651000.0,"Depreciation Income Statement":40844000.0,"Selling General And Administration":18716000.0,"General And Administrative Expense":18716000.0,"Salaries And Wages":18716000.0,"Gross Profit":300059000.0,"Cost Of Revenue":331144000.0,"Total Revenue":631203000.0,"Operating Revenue":631203000.0},"2022":{"Tax Effect Of Unusual Items":-7094400.0,"Tax Rate For Calcs":0.3,"Normalized EBITDA":94654000.0,"Total Unusual Items":-23648000.0,"Total Unusual Items Excluding Goodwill":-23648000.0,"Net Income From Continuing Operation Net Minority Interest":12402000.0,"Reconciled Depreciation":183034000.0,"Reconciled Cost Of Revenue":427478000.0,"EBITDA":207254000.0,"EBIT":24220000.0,"Net Interest Income":-2628000.0,"Interest Expense":1695000.0,"Interest Income":501000.0,"Normalized Income":28955600.0,"Net Income From Continuing And Discontinued Operation":12402000.0,"Diluted Average Shares":855310345.0,"Basic Average Shares":846499406.0,"Diluted EPS":0.0145,"Basic EPS":0.0147,"Net Income Common Stockholders":12402000.0,"Net Income":12402000.0,"Net Income Including Noncontrolling Interests":12402000.0,"Net Income Continuous Operations":12402000.0,"Tax Provision":10123000.0,"Pretax Income":22525000.0,"Other Income Expense":3463000.0,"Other Non Operating Income Expenses":27111000.0,"Special Income Charges":-23648000.0,"Gain On Sale Of Ppe":63000.0,"Impairment Of Capital Assets":23711000.0,"Net Non Operating Interest Income Expense":-2628000.0,"Total Other Finance Cost":1434000.0,"Interest Expense Non Operating":1695000.0,"Interest Income Non Operating":501000.0,"Operating Income":21690000.0,"Operating Expense":154391000.0,"Other Operating Expenses":94468000.0,"Depreciation Amortization Depletion Income Statement":183034000.0,"Depreciation And Amortization In Income Statement":183034000.0,"Amortization Of Intangibles Income Statement":136248000.0,"Depreciation Income Statement":46786000.0,"Selling General And Administration":13137000.0,"General And Administrative Expense":13137000.0,"Salaries And Wages":13137000.0,"Gross Profit":312329000.0,"Cost Of Revenue":291230000.0,"Total Revenue":603559000.0,"Operating Revenue":603559000.0}},"balance_sheet":{"2024":{"Ordinary Shares Number":1142970373.0,"Share Issued":1142970373.0,"Total Debt":10467000.0,"Tangible Book Value":1329128000.0,"Invested Capital":1329128000.0,"Working Capital":388515000.0,"Net Tangible Assets":1329128000.0,"Capital Lease Obligations":10467000.0,"Common Stock Equity":1329128000.0,"Total Capitalization":1329128000.0,"Total Equity Gross Minority Interest":1329128000.0,"Stockholders Equity":1329128000.0,"Gains Losses Not Affecting Retained Earnings":-31108000.0,"Other Equity Adjustments":-36793000.0,"Fixed Assets Revaluation Reserve":5853000.0,"Foreign Currency Translation Adjustments":-168000.0,"Retained Earnings":535501000.0,"Capital Stock":824735000.0,"Common Stock":824735000.0,"Total Liabilities Net Minority Interest":264820000.0,"Total Non Current Liabilities Net Minority Interest":106170000.0,"Other Non Current Liabilities":113000.0,"Employee Benefits":907000.0,"Non Current Pension And Other Postretirement Benefit Plans":907000.0,"Non Current Deferred Liabilities":55666000.0,"Non Current Deferred Taxes Liabilities":55666000.0,"Long Term Debt And Capital Lease Obligation":1389000.0,"Long Term Capital Lease Obligation":1389000.0,"Long Term Provisions":48095000.0,"Current Liabilities":158650000.0,"Other Current Liabilities":1951000.0,"Current Deferred Liabilities":68025000.0,"Current Deferred Taxes Liabilities":68025000.0,"Current Debt And Capital Lease Obligation":9078000.0,"Current Capital Lease Obligation":9078000.0,"Pensionand Other Post Retirement Benefit Plans Current":9038000.0,"Current Provisions":4487000.0,"Payables And Accrued Expenses":66071000.0,"Payables":66071000.0,"Other Payable":52813000.0,"Accounts Payable":13258000.0,"Total Assets":1593948000.0,"Total Non Current Assets":1046783000.0,"Other Non Current Assets":111371000.0,"Investments And Advances":100132000.0,"Investmentin Financial Assets":100132000.0,"Trading Securities":100132000.0,"Net PPE":835280000.0,"Accumulated Depreciation":-1123674000.0,"Gross PPE":1958954000.0,"Construction In Progress":4969000.0,"Other Properties":449573000.0,"Machinery Furniture Equipment":200973000.0,"Land And Improvements":18067000.0,"Properties":1285372000.0,"Current Assets":547165000.0,"Prepaid Assets":5282000.0,"Inventory":113819000.0,"Finished Goods":23901000.0,"Work In Process":6108000.0,"Raw Materials":83810000.0,"Receivables":3692000.0,"Accounts Receivable":3692000.0,"Cash Cash Equivalents And Short Term Investments":424372000.0,"Other Short Term Investments":98000.0,