ticker,model_id,model_name,passed,score,reasons,failed_criteria,details
AEWU.L,graham_defensive,Graham Defensive,False,0.25,['P/B < 1.5 or P/E×P/B < 22.5: P/B=0.99'],"['P/E >= 15', 'current ratio < 2', 'no dividend']",
AEWU.L,graham_enterprising,Graham Enterprising,False,0.4,"['P/E < 25: P/E=18.0', 'P/B < 3: P/B=0.99']","['excessive leverage', 'ROE <= 8%', 'negative earnings growth']",
AEWU.L,graham_net_net,Graham Net-Net,False,0.0,[],['missing NCAV (balance sheet data)'],
AEWU.L,schloss,Schloss Low P/B,False,0.5,['P/B < 1.2: P/B=0.99'],['too much leverage'],
AEWU.L,deep_value,Deep Value,False,0.5,['P/B=0.99'],['EV/EBITDA not below 8'],
AEWU.L,earnings_yield,Earnings Yield,False,0.4638,['E/P=5.6% (P/E=18.0)'],['earnings yield 5.6% below 8%'],
AEWU.L,fcf_yield,FCF Yield,False,1.0,['FCF yield=nan%'],['FCF yield nan% below 5%'],
AEWU.L,low_pe_high_yield,Low P/E + High Yield,False,0.0,[],"['P/E not below 12.0', 'yield below 4%']",
AEWU.L,lynch_peg,Lynch PEG,False,0.0,"['PEG=nan', 'growth=nan%']",[],
AEWU.L,neff_pegy,Neff PEGY,False,0.0,"['PEGY=nan', 'growth=nan%', 'yield=nan%']",['PEGY nan >= 1.0'],
AEWU.L,quality_value,Quality Value,False,0.2,['P/E < 20: P/E=18.0'],"['ROE below 12%', 'thin margins', 'high leverage', 'FCF yield below 3%']",
AEWU.L,buffett_quality,Buffett Quality,False,0.25,['P/E < 25.0: P/E=18.0'],"['ROE too low', 'too much debt', 'thin margins']",
AEWU.L,economic_moat,Economic Moat,False,0.0,[],"['ROE below 18%', 'ROA below 8%', 'margins below 12%', 'leverage too high']",
AEWU.L,high_dividend,High Dividend Yield,False,0.0,[],['could not rank yield'],
AEWU.L,dividend_growth,Dividend Growth,False,0.3333,['reasonable P/E: P/E=18.0'],"['yield too low', 'earnings not growing']",
AEWU.L,magic_formula,Magic Formula,False,0.0,[],['missing EBIT/EV or ROIC inputs'],
AEWU.L,acquirers_multiple,Acquirer's Multiple,False,0.0,[],['could not rank EV/EBIT'],
AEWU.L,dreman_contrarian,Dreman Contrarian,False,0.4067,[],"['P/E not in bottom quartile', 'P/B not cheap vs universe']",
AEWU.L,piotroski_f,Piotroski F-Score,False,0.4444,"['F-Score=4/9', 'positive net income', 'positive operating cash flow', 'OCF > net income', 'no share dilution']","['F-Score 4/9 below 7', 'ROA improving', 'leverage declining', 'current ratio improving', 'gross margin improving', 'asset turnover improving']","{'f_score': 4, 'max_score': 9, 'components': [{'name': 'positive net income', 'passed': True}, {'name': 'positive operating cash flow', 'passed': True}, {'name': 'ROA improving', 'passed': False}, {'name': 'OCF > net income', 'passed': True}, {'name': 'leverage declining', 'passed': False}, {'name': 'current ratio improving', 'passed': False}, {'name': 'no share dilution', 'passed': True}, {'name': 'gross margin improving', 'passed': False}, {'name': 'asset turnover improving', 'passed': False}]}"
AEWU.L,composite_value,Composite Value,False,0.4006,[],"['missing dividend_yield', 'missing fcf_yield', 'missing ev_ebitda']",
AEWU.L,earnings_quality,Earnings Quality,False,0.6667,"['OCF/NI=1.64', 'ratio=-2.66%']",['weak free-cash conversion'],
AEWU.L,financial_health,Financial Health,False,0.4,"['leverage=25.0%', 'insufficient data — skipped']","['high debt to equity', 'weak liquidity', 'weak interest coverage']",
APTD.L,graham_defensive,Graham Defensive,False,0.25,['Dividend payer: yield=247.00%'],"['P/E >= 15', 'valuation too rich on P/B or P/E×P/B', 'current ratio < 2']",
APTD.L,graham_enterprising,Graham Enterprising,False,0.4,"['P/B < 3: P/B=2.25', 'Debt/equity < 100%: D/E=15%']","['P/E >= 25', 'ROE <= 8%', 'negative earnings growth']",
APTD.L,graham_net_net,Graham Net-Net,False,0.0,[],['missing NCAV (balance sheet data)'],
APTD.L,schloss,Schloss Low P/B,False,0.5,['D/E < 50.0%: D/E=15%'],['P/B too high'],
APTD.L,deep_value,Deep Value,False,0.0,[],"['P/B not below 1.0', 'EV/EBITDA not below 8']",
APTD.L,earnings_yield,Earnings Yield,False,0.2664,['E/P=3.2% (P/E=31.3)'],['earnings yield 3.2% below 8%'],
APTD.L,fcf_yield,FCF Yield,True,0.8116,['FCF yield=8.1%'],[],
APTD.L,low_pe_high_yield,Low P/E + High Yield,False,0.5,['yield=247.0%'],['P/E not below 12.0'],
APTD.L,lynch_peg,Lynch PEG,False,0.2,[],['missing or negative earnings growth'],
APTD.L,neff_pegy,Neff PEGY,True,0.8682,"['PEGY=0.13', 'growth=-9.7%', 'yield=247.0%']",[],
APTD.L,quality_value,Quality Value,False,0.6,"['Profit margin >= 5%: margin=6.2%', 'Debt/equity < 80%: D/E=15%', 'FCF yield >= 3%: FCF yield=8.1%']","['ROE below 12%', 'P/E >= 20']",
APTD.L,buffett_quality,Buffett Quality,False,0.25,['D/E < 60.0%: D/E=15%'],"['ROE too low', 'thin margins', 'P/E too high']",
APTD.L,economic_moat,Economic Moat,False,0.25,['low leverage D/E=15%'],"['ROE below 18%', 'ROA below 8%', 'margins below 12%']",
APTD.L,high_dividend,High Dividend Yield,False,0.25,"['yield=247.0%', 'universe rank 25%']",['not in top quartile for yield'],
APTD.L,dividend_growth,Dividend Growth,False,0.3333,['dividend payer: yield=247.0%'],"['earnings not growing', 'P/E out of range']",
APTD.L,magic_formula,Magic Formula,False,0.494,['ROIC rank 62%'],['below top half on combined Magic Formula rank'],
APTD.L,acquirers_multiple,Acquirer's Multiple,False,0.2745,"['EV/EBIT=14.9', 'universe rank 27%']","['EV/EBIT 14.9 above 12.0', 'not in top 40% cheapest on EV/EBIT']",
APTD.L,dreman_contrarian,Dreman Contrarian,False,0.1778,[],"['P/E not in bottom quartile', 'P/B not cheap vs universe', 'dividend yield below median']",
APTD.L,piotroski_f,Piotroski F-Score,True,0.8889,"['F-Score=8/9', 'positive net income', 'positive operating cash flow', 'OCF > net income', 'leverage declining', 'current ratio improving', 'no share dilution', 'gross margin improving', 'asset turnover improving']",['ROA improving'],"{'f_score': 8, 'max_score': 9, 'components': [{'name': 'positive net income', 'passed': True}, {'name': 'positive operating cash flow', 'passed': True}, {'name': 'ROA improving', 'passed': False}, {'name': 'OCF > net income', 'passed': True}, {'name': 'leverage declining', 'passed': True}, {'name': 'current ratio improving', 'passed': True}, {'name': 'no share dilution', 'passed': True}, {'name': 'gross margin improving', 'passed': True}, {'name': 'asset turnover improving', 'passed': True}]}"
APTD.L,composite_value,Composite Value,False,0.525,"['top-tier on trailing_pe (percentile 100%)', 'top-tier on fcf_yield (percentile 75%)']",[],
APTD.L,earnings_quality,Earnings Quality,True,1.0,"['FCF/NI=2.36', 'OCF/NI=2.50', 'ratio=-5.69%']",[],
APTD.L,financial_health,Financial Health,False,0.8,"['D/E=15%', 'leverage=7.8%', 'ratio=-2.5', 'coverage=21.1x']",['weak liquidity'],
ATS.L,graham_defensive,Graham Defensive,False,0.5,"['P/E < 15: P/E=6.8', 'P/B < 1.5 or P/E×P/B < 22.5: P/B=0.89']","['current ratio < 2', 'no dividend']",
ATS.L,graham_enterprising,Graham Enterprising,False,0.4,"['P/E < 25: P/E=6.8', 'P/B < 3: P/B=0.89']","['excessive leverage', 'ROE <= 8%', 'negative earnings growth']",
ATS.L,graham_net_net,Graham Net-Net,False,0.0,[],['missing NCAV (balance sheet data)'],
ATS.L,schloss,Schloss Low P/B,False,0.5,['P/B < 1.2: P/B=0.89'],['too much leverage'],
ATS.L,deep_value,Deep Value,False,0.5,['P/B=0.89'],['EV/EBITDA not below 8'],
ATS.L,earnings_yield,Earnings Yield,True,1.0,['E/P=14.6% (P/E=6.8)'],[],
ATS.L,fcf_yield,FCF Yield,False,1.0,['FCF yield=nan%'],['FCF yield nan% below 5%'],
ATS.L,low_pe_high_yield,Low P/E + High Yield,False,0.5,['P/E=6.8'],['yield below 4%'],
ATS.L,lynch_peg,Lynch PEG,False,0.0,"['PEG=nan', 'growth=nan%']",[],
ATS.L,neff_pegy,Neff PEGY,False,0.0,"['PEGY=nan', 'growth=nan%', 'yield=nan%']",['PEGY nan >= 1.0'],
ATS.L,quality_value,Quality Value,False,0.2,['P/E < 20: P/E=6.8'],"['ROE below 12%', 'thin margins', 'high leverage', 'FCF yield below 3%']",
ATS.L,buffett_quality,Buffett Quality,False,0.25,['P/E < 25.0: P/E=6.8'],"['ROE too low', 'too much debt', 'thin margins']",
ATS.L,economic_moat,Economic Moat,False,0.0,[],"['ROE below 18%', 'ROA below 8%', 'margins below 12%', 'leverage too high']",
ATS.L,high_dividend,High Dividend Yield,False,0.0,[],['could not rank yield'],
ATS.L,dividend_growth,Dividend Growth,False,0.3333,['reasonable P/E: P/E=6.8'],"['yield too low', 'earnings not growing']",
ATS.L,magic_formula,Magic Formula,False,0.0,[],['missing EBIT/EV or ROIC inputs'],
ATS.L,acquirers_multiple,Acquirer's Multiple,False,0.0,[],['could not rank EV/EBIT'],
ATS.L,dreman_contrarian,Dreman Contrarian,False,0.7208,['low P/E rank 85%'],['P/B not cheap vs universe'],
ATS.L,piotroski_f,Piotroski F-Score,False,0.0,['F-Score=0/9'],"['F-Score 0/9 below 7', 'positive net income', 'positive operating cash flow', 'ROA improving', 'OCF > net income', 'leverage declining', 'current ratio improving', 'no share dilution', 'gross margin improving', 'asset turnover improving']","{'f_score': 0, 'max_score': 9, 'components': [{'name': 'positive net income', 'passed': False}, {'name': 'positive operating cash flow', 'passed': False}, {'name': 'ROA improving', 'passed': False}, {'name': 'OCF > net income', 'passed': False}, {'name': 'leverage declining', 'passed': False}, {'name': 'current ratio improving', 'passed': False}, {'name': 'no share dilution', 'passed': False}, {'name': 'gross margin improving', 'passed': False}, {'name': 'asset turnover improving', 'passed': False}]}"
ATS.L,composite_value,Composite Value,False,0.6911,['top-tier on price_to_book (percentile 79%)'],"['missing dividend_yield', 'missing fcf_yield', 'missing ev_ebitda']",
ATS.L,earnings_quality,Earnings Quality,False,0.5,['insufficient data — skipped'],['missing net income'],
ATS.L,financial_health,Financial Health,False,0.4,"['insufficient data — skipped', 'insufficient data — skipped']","['high debt to equity', 'high leverage', 'weak liquidity']",
BGEU.L,graham_defensive,Graham Defensive,False,0.25,['P/B < 1.5 or P/E×P/B < 22.5: P/B=1.26'],"['P/E >= 15', 'current ratio < 2', 'no dividend']",
BGEU.L,graham_enterprising,Graham Enterprising,False,0.2,['P/B < 3: P/B=1.26'],"['P/E >= 25', 'excessive leverage', 'ROE <= 8%', 'negative earnings growth']",
BGEU.L,graham_net_net,Graham Net-Net,False,0.0,[],['missing NCAV (balance sheet data)'],
BGEU.L,schloss,Schloss Low P/B,False,0.0,[],"['P/B too high', 'too much leverage']",
BGEU.L,deep_value,Deep Value,False,0.0,[],"['P/B not below 1.0', 'EV/EBITDA not below 8']",
BGEU.L,earnings_yield,Earnings Yield,False,0.068,['E/P=0.8% (P/E=122.5)'],['earnings yield 0.8% below 8%'],
BGEU.L,fcf_yield,FCF Yield,False,1.0,['FCF yield=nan%'],['FCF yield nan% below 5%'],
BGEU.L,low_pe_high_yield,Low P/E + High Yield,False,0.0,[],"['P/E not below 12.0', 'yield below 4%']",
BGEU.L,lynch_peg,Lynch PEG,False,0.0,"['PEG=nan', 'growth=nan%']",[],
BGEU.L,neff_pegy,Neff PEGY,False,0.0,"['PEGY=nan', 'growth=nan%', 'yield=nan%']",['PEGY nan >= 1.0'],
BGEU.L,quality_value,Quality Value,False,0.0,[],"['ROE below 12%', 'thin margins', 'high leverage', 'P/E >= 20', 'FCF yield below 3%']",
BGEU.L,buffett_quality,Buffett Quality,False,0.0,[],"['ROE too low', 'too much debt', 'thin margins', 'P/E too high']",
BGEU.L,economic_moat,Economic Moat,False,0.0,[],"['ROE below 18%', 'ROA below 8%', 'margins below 12%', 'leverage too high']",
BGEU.L,high_dividend,High Dividend Yield,False,0.0,[],['could not rank yield'],
BGEU.L,dividend_growth,Dividend Growth,False,0.0,[],"['yield too low', 'earnings not growing', 'P/E out of range']",
BGEU.L,magic_formula,Magic Formula,False,0.0,[],['missing EBIT/EV or ROIC inputs'],
BGEU.L,acquirers_multiple,Acquirer's Multiple,False,0.0,[],['could not rank EV/EBIT'],
BGEU.L,dreman_contrarian,Dreman Contrarian,False,0.1724,[],"['P/E not in bottom quartile', 'P/B not cheap vs universe']",
BGEU.L,piotroski_f,Piotroski F-Score,False,0.3333,"['F-Score=3/9', 'positive net income', 'positive operating cash flow', 'no share dilution']","['F-Score 3/9 below 7', 'ROA improving', 'OCF > net income', 'leverage declining', 'current ratio improving', 'gross margin improving', 'asset turnover improving']","{'f_score': 3, 'max_score': 9, 'components': [{'name': 'positive net income', 'passed': True}, {'name': 'positive operating cash flow', 'passed': True}, {'name': 'ROA improving', 'passed': False}, {'name': 'OCF > net income', 'passed': False}, {'name': 'leverage declining', 'passed': False}, {'name': 'current ratio improving', 'passed': False}, {'name': 'no share dilution', 'passed': True}, {'name': 'gross margin improving', 'passed': False}, {'name': 'asset turnover improving', 'passed': False}]}"
BGEU.L,composite_value,Composite Value,False,0.0745,[],"['missing dividend_yield', 'missing fcf_yield', 'missing ev_ebitda']",
BGEU.L,earnings_quality,Earnings Quality,False,0.3333,['ratio=3.87%'],"['weak free-cash conversion', 'operating cash below earnings']",
BGEU.L,financial_health,Financial Health,False,0.4,"['leverage=12.8%', 'insufficient data — skipped']","['high debt to equity', 'weak liquidity', 'weak interest coverage']",
BGS.L,graham_defensive,Graham Defensive,False,0.25,['P/B < 1.5 or P/E×P/B < 22.5: P/B=1.18'],"['P/E >= 15', 'current ratio < 2', 'no dividend']",
BGS.L,graham_enterprising,Graham Enterprising,False,0.2,['P/B < 3: P/B=1.18'],"['P/E >= 25', 'excessive leverage', 'ROE <= 8%', 'negative earnings growth']",
BGS.L,graham_net_net,Graham Net-Net,False,0.0,[],['missing NCAV (balance sheet data)'],
BGS.L,schloss,Schloss Low P/B,False,0.5,['P/B < 1.2: P/B=1.18'],['too much leverage'],
BGS.L,deep_value,Deep Value,False,0.0,[],"['P/B not below 1.0', 'EV/EBITDA not below 8']",
BGS.L,earnings_yield,Earnings Yield,False,0.242,['E/P=2.9% (P/E=34.4)'],['earnings yield 2.9% below 8%'],
BGS.L,fcf_yield,FCF Yield,False,1.0,['FCF yield=nan%'],['FCF yield nan% below 5%'],
BGS.L,low_pe_high_yield,Low P/E + High Yield,False,0.0,[],"['P/E not below 12.0', 'yield below 4%']",
BGS.L,lynch_peg,Lynch PEG,False,0.0,"['PEG=nan', 'growth=nan%']",[],
BGS.L,neff_pegy,Neff PEGY,False,0.0,"['PEGY=nan', 'growth=nan%', 'yield=nan%']",['PEGY nan >= 1.0'],
BGS.L,quality_value,Quality Value,False,0.0,[],"['ROE below 12%', 'thin margins', 'high leverage', 'P/E >= 20', 'FCF yield below 3%']",
BGS.L,buffett_quality,Buffett Quality,False,0.0,[],"['ROE too low', 'too much debt', 'thin margins', 'P/E too high']",
BGS.L,economic_moat,Economic Moat,False,0.0,[],"['ROE below 18%', 'ROA below 8%', 'margins below 12%', 'leverage too high']",
BGS.L,high_dividend,High Dividend Yield,False,0.0,[],['could not rank yield'],
BGS.L,dividend_growth,Dividend Growth,False,0.0,[],"['yield too low', 'earnings not growing', 'P/E out of range']",
BGS.L,magic_formula,Magic Formula,False,0.0,[],['missing EBIT/EV or ROIC inputs'],
BGS.L,acquirers_multiple,Acquirer's Multiple,False,0.0,[],['could not rank EV/EBIT'],
BGS.L,dreman_contrarian,Dreman Contrarian,False,0.2286,[],"['P/E not in bottom quartile', 'P/B not cheap vs universe']",
BGS.L,piotroski_f,Piotroski F-Score,False,0.6667,"['F-Score=6/9', 'positive net income', 'positive operating cash flow', 'ROA improving', 'leverage declining', 'no share dilution', 'asset turnover improving']","['F-Score 6/9 below 7', 'OCF > net income', 'current ratio improving', 'gross margin improving']","{'f_score': 6, 'max_score': 9, 'components': [{'name': 'positive net income', 'passed': True}, {'name': 'positive operating cash flow', 'passed': True}, {'name': 'ROA improving', 'passed': True}, {'name': 'OCF > net income', 'passed': False}, {'name': 'leverage declining', 'passed': True}, {'name': 'current ratio improving', 'passed': False}, {'name': 'no share dilution', 'passed': True}, {'name': 'gross margin improving', 'passed': False}, {'name': 'asset turnover improving', 'passed': True}]}"
BGS.L,composite_value,Composite Value,False,0.149,[],"['missing dividend_yield', 'missing fcf_yield', 'missing ev_ebitda']",
BGS.L,earnings_quality,Earnings Quality,False,0.3333,['ratio=2.53%'],"['weak free-cash conversion', 'operating cash below earnings']",
BGS.L,financial_health,Financial Health,False,0.4,"['leverage=16.3%', 'insufficient data — skipped']","['high debt to equity', 'weak liquidity', 'weak interest coverage']",
CABP.L,graham_defensive,Graham Defensive,False,0.75,"['P/E < 15: P/E=10.1', 'P/B < 1.5 or P/E×P/B < 22.5: P/B=1.20', 'Dividend payer: yield=519.00%']",['current ratio < 2'],
CABP.L,graham_enterprising,Graham Enterprising,True,1.0,"['P/E < 25: P/E=10.1', 'P/B < 3: P/B=1.20', 'Debt/equity < 100%: D/E=11%', 'ROE > 8%: ROE=12.9%', 'Positive earnings growth: growth=289.0%']",[],
CABP.L,graham_net_net,Graham Net-Net,False,0.0,[],['missing NCAV (balance sheet data)'],
CABP.L,schloss,Schloss Low P/B,False,0.5,['D/E < 50.0%: D/E=11%'],['P/B too high'],
CABP.L,deep_value,Deep Value,False,0.0,[],"['P/B not below 1.0', 'EV/EBITDA not below 8']",
CABP.L,earnings_yield,Earnings Yield,True,0.823,['E/P=9.9% (P/E=10.1)'],[],
CABP.L,fcf_yield,FCF Yield,True,1.0,['FCF yield=117.4%'],[],
CABP.L,low_pe_high_yield,Low P/E + High Yield,True,1.0,"['P/E=10.1', 'yield=519.0%']",[],
CABP.L,lynch_peg,Lynch PEG,True,0.965,"['PEG=0.04', 'growth=289.0%']",[],
CABP.L,neff_pegy,Neff PEGY,True,0.9875,"['PEGY=0.01', 'growth=289.0%', 'yield=519.0%']",[],
CABP.L,quality_value,Quality Value,True,1.0,"['ROE >= 12%: ROE=12.9%', 'Profit margin >= 5%: margin=24.6%', 'Debt/equity < 80%: D/E=11%', 'P/E < 20: P/E=10.1', 'FCF yield >= 3%: FCF yield=117.4%']",[],
CABP.L,buffett_quality,Buffett Quality,False,0.75,"['D/E < 60.0%: D/E=11%', 'margin >= 8%: margin=24.6%', 'P/E < 25.0: P/E=10.1']",['ROE too low'],
CABP.L,economic_moat,Economic Moat,False,0.5,"['wide margin=24.6%', 'low leverage D/E=11%']","['ROE below 18%', 'ROA below 8%']",
CABP.L,high_dividend,High Dividend Yield,False,0.6136,"['yield=519.0%', 'universe rank 61%']",['not in top quartile for yield'],
CABP.L,dividend_growth,Dividend Growth,True,1.0,"['dividend payer: yield=519.0%', 'earnings growth: growth=289.0%', 'reasonable P/E: P/E=10.1']",[],
CABP.L,magic_formula,Magic Formula,False,0.0,[],['missing EBIT/EV or ROIC inputs'],
CABP.L,acquirers_multiple,Acquirer's Multiple,False,0.0,[],['could not rank EV/EBIT'],
CABP.L,dreman_contrarian,Dreman Contrarian,False,0.5379,['dividend rank 61%'],"['P/E not in bottom quartile', 'P/B not cheap vs universe']",
CABP.L,piotroski_f,Piotroski F-Score,False,0.4444,"['F-Score=4/9', 'positive net income', 'ROA improving', 'no share dilution', 'asset turnover improving']","['F-Score 4/9 below 7', 'positive operating cash flow', 'OCF > net income', 'leverage declining', 'current ratio improving', 'gross margin improving']","{'f_score': 4, 'max_score': 9, 'components': [{'name': 'positive net income', 'passed': True}, {'name': 'positive operating cash flow', 'passed': False}, {'name': 'ROA improving', 'passed': True}, {'name': 'OCF > net income', 'passed': False}, {'name': 'leverage declining', 'passed': False}, {'name': 'current ratio improving', 'passed': False}, {'name': 'no share dilution', 'passed': True}, {'name': 'gross margin improving', 'passed': False}, {'name': 'asset turnover improving', 'passed': True}]}"
CABP.L,composite_value,Composite Value,False,0.5646,"['top-tier on trailing_pe (percentile 89%)', 'top-tier on fcf_yield (percentile 86%)']",[],
CABP.L,earnings_quality,Earnings Quality,False,0.3333,['FCF/NI=17.81'],"['operating cash below earnings', 'high accruals vs assets']",
CABP.L,financial_health,Financial Health,False,0.6,"['D/E=11%', 'leverage=1.1%', 'insufficient data — skipped']","['weak liquidity', 'weak interest coverage']",
CPI.L,graham_defensive,Graham Defensive,False,0.0,[],"['no positive trailing P/E', 'valuation too rich on P/B or P/E×P/B', 'current ratio < 2', 'no dividend']",
CPI.L,graham_enterprising,Graham Enterprising,False,0.0,[],"['missing P/E', 'P/B >= 3', 'excessive leverage', 'ROE <= 8%', 'negative earnings growth']",
CPI.L,graham_net_net,Graham Net-Net,False,0.0,[],['missing NCAV (balance sheet data)'],
CPI.L,schloss,Schloss Low P/B,False,0.0,[],"['P/B too high', 'too much leverage']",
CPI.L,deep_value,Deep Value,False,0.5,['EV/EBITDA=4.9'],['P/B not below 1.0'],
CPI.L,earnings_yield,Earnings Yield,False,1.0,['E/P=nan% (P/E=nan)'],['earnings yield nan% below 8%'],
CPI.L,fcf_yield,FCF Yield,True,1.0,['FCF yield=22.8%'],[],
CPI.L,low_pe_high_yield,Low P/E + High Yield,False,0.0,[],"['P/E not below 12.0', 'yield below 4%']",
CPI.L,lynch_peg,Lynch PEG,False,0.0,"['PEG=nan', 'growth=nan%']",[],
CPI.L,neff_pegy,Neff PEGY,False,0.0,"['PEGY=nan', 'growth=nan%', 'yield=nan%']",['PEGY nan >= 1.0'],
CPI.L,quality_value,Quality Value,False,0.2,['FCF yield >= 3%: FCF yield=22.8%'],"['ROE below 12%', 'thin margins', 'high leverage', 'missing P/E']",
CPI.L,buffett_quality,Buffett Quality,False,0.0,[],"['ROE too low', 'too much debt', 'thin margins', 'missing P/E']",
CPI.L,economic_moat,Economic Moat,False,0.0,[],"['ROE below 18%', 'ROA below 8%', 'margins below 12%', 'leverage too high']",
CPI.L,high_dividend,High Dividend Yield,False,0.0,[],['could not rank yield'],
CPI.L,dividend_growth,Dividend Growth,False,0.0,[],"['yield too low', 'earnings not growing', 'P/E out of range']",
CPI.L,magic_formula,Magic Formula,False,0.0292,[],['below top half on combined Magic Formula rank'],
CPI.L,acquirers_multiple,Acquirer's Multiple,False,0.0,[],['missing EV or EBIT'],
CPI.L,dreman_contrarian,Dreman Contrarian,False,0.0,[],['missing valuation data'],
CPI.L,piotroski_f,Piotroski F-Score,False,0.3333,"['F-Score=3/9', 'positive operating cash flow', 'OCF > net income', 'asset turnover improving']","['F-Score 3/9 below 7', 'positive net income', 'ROA improving', 'leverage declining', 'current ratio improving', 'no share dilution', 'gross margin improving']","{'f_score': 3, 'max_score': 9, 'components': [{'name': 'positive net income', 'passed': False}, {'name': 'positive operating cash flow', 'passed': True}, {'name': 'ROA improving', 'passed': False}, {'name': 'OCF > net income', 'passed': True}, {'name': 'leverage declining', 'passed': False}, {'name': 'current ratio improving', 'passed': False}, {'name': 'no share dilution', 'passed': False}, {'name': 'gross margin improving', 'passed': False}, {'name': 'asset turnover improving', 'passed': True}]}"
CPI.L,composite_value,Composite Value,False,0.5,['top-tier on ev_ebitda (percentile 90%)'],"['missing trailing_pe', 'missing dividend_yield']",
CPI.L,earnings_quality,Earnings Quality,False,0.5,['ratio=-9.68%'],['negative net income'],
CPI.L,financial_health,Financial Health,False,0.4,"['leverage=41.5%', 'ratio=3.0']","['high debt to equity', 'weak liquidity', 'weak interest coverage']",
CAPD.L,graham_defensive,Graham Defensive,True,1.0,"['P/E < 15: P/E=4.1', 'P/B < 1.5 or P/E×P/B < 22.5: P/B=0.83', 'Current ratio >= 2: CR=2.47', 'Dividend payer: yield=186.00%']",[],
CAPD.L,graham_enterprising,Graham Enterprising,True,1.0,"['P/E < 25: P/E=4.1', 'P/B < 3: P/B=0.83', 'Debt/equity < 100%: D/E=34%', 'ROE > 8%: ROE=21.2%', 'Positive earnings growth: growth=639.3%']",[],
CAPD.L,graham_net_net,Graham Net-Net,False,0.0,[],['missing NCAV (balance sheet data)'],
CAPD.L,schloss,Schloss Low P/B,True,1.0,"['P/B < 1.2: P/B=0.83', 'D/E < 50.0%: D/E=34%']",[],
CAPD.L,deep_value,Deep Value,True,1.0,"['P/B=0.83', 'EV/EBITDA=2.7']",[],
CAPD.L,earnings_yield,Earnings Yield,True,1.0,['E/P=24.4% (P/E=4.1)'],[],
CAPD.L,fcf_yield,FCF Yield,True,1.0,['FCF yield=18.6%'],[],
CAPD.L,low_pe_high_yield,Low P/E + High Yield,True,1.0,"['P/E=4.1', 'yield=186.0%']",[],
CAPD.L,lynch_peg,Lynch PEG,True,0.9936,"['PEG=0.01', 'growth=639.3%']",[],
CAPD.L,neff_pegy,Neff PEGY,True,0.995,"['PEGY=0.00', 'growth=639.3%', 'yield=186.0%']",[],
CAPD.L,quality_value,Quality Value,True,1.0,"['ROE >= 12%: ROE=21.2%', 'Profit margin >= 5%: margin=20.1%', 'Debt/equity < 80%: D/E=34%', 'P/E < 20: P/E=4.1', 'FCF yield >= 3%: FCF yield=18.6%']",[],
CAPD.L,buffett_quality,Buffett Quality,True,1.0,"['ROE >= 15%: ROE=21.2%', 'D/E < 60.0%: D/E=34%', 'margin >= 8%: margin=20.1%', 'P/E < 25.0: P/E=4.1']",[],
CAPD.L,economic_moat,Economic Moat,True,1.0,"['high ROE=21.2%', 'solid ROA=11.0%', 'wide margin=20.1%', 'low leverage D/E=34%']",[],
CAPD.L,high_dividend,High Dividend Yield,False,0.1364,"['yield=186.0%', 'universe rank 14%']",['not in top quartile for yield'],
CAPD.L,dividend_growth,Dividend Growth,True,1.0,"['dividend payer: yield=186.0%', 'earnings growth: growth=639.3%', 'reasonable P/E: P/E=4.1']",[],
CAPD.L,magic_formula,Magic Formula,True,0.7589,"['earnings yield rank 92%', 'ROIC rank 60%']",[],
CAPD.L,acquirers_multiple,Acquirer's Multiple,True,0.8235,"['EV/EBIT=4.2', 'universe rank 82%']",[],
CAPD.L,dreman_contrarian,Dreman Contrarian,True,0.5801,"['low P/E rank 96%', 'low P/B rank 64%']",['dividend yield below median'],
CAPD.L,piotroski_f,Piotroski F-Score,True,0.7778,"['F-Score=7/9', 'positive net income', 'positive operating cash flow', 'ROA improving', 'OCF > net income', 'leverage declining', 'current ratio improving', 'gross margin improving']","['no share dilution', 'asset turnover improving']","{'f_score': 7, 'max_score': 9, 'components': [{'name': 'positive net income', 'passed': True}, {'name': 'positive operating cash flow', 'passed': True}, {'name': 'ROA improving', 'passed': True}, {'name': 'OCF > net income', 'passed': True}, {'name': 'leverage declining', 'passed': True}, {'name': 'current ratio improving', 'passed': True}, {'name': 'no share dilution', 'passed': False}, {'name': 'gross margin improving', 'passed': True}, {'name': 'asset turnover improving', 'passed': False}]}"
CAPD.L,composite_value,Composite Value,True,0.7443,"['top-tier on trailing_pe (percentile 100%)', 'top-tier on fcf_yield (percentile 86%)', 'top-tier on ev_ebitda (percentile 86%)']",[],
CAPD.L,earnings_quality,Earnings Quality,True,1.0,"['FCF/NI=0.62', 'OCF/NI=1.06', 'ratio=-0.67%']",[],
CAPD.L,financial_health,Financial Health,True,1.0,"['D/E=34%', 'leverage=20.7%', 'CR=2.47', 'ratio=-0.4', 'coverage=3.6x']",[],
CNE.L,graham_defensive,Graham Defensive,False,0.5,"['P/B < 1.5 or P/E×P/B < 22.5: P/B=0.85', 'Current ratio >= 2: CR=2.44']","['P/E >= 15', 'no dividend']",
CNE.L,graham_enterprising,Graham Enterprising,False,0.6,"['P/E < 25: P/E=20.2', 'P/B < 3: P/B=0.85', 'Debt/equity < 100%: D/E=12%']","['ROE <= 8%', 'negative earnings growth']",
CNE.L,graham_net_net,Graham Net-Net,False,0.0,[],['missing NCAV (balance sheet data)'],
CNE.L,schloss,Schloss Low P/B,True,1.0,"['P/B < 1.2: P/B=0.85', 'D/E < 50.0%: D/E=12%']",[],
CNE.L,deep_value,Deep Value,True,1.0,"['P/B=0.85', 'EV/EBITDA=2.2']",[],
CNE.L,earnings_yield,Earnings Yield,False,0.4118,['E/P=4.9% (P/E=20.2)'],['earnings yield 4.9% below 8%'],
CNE.L,fcf_yield,FCF Yield,True,1.0,['FCF yield=22.2%'],[],
CNE.L,low_pe_high_yield,Low P/E + High Yield,False,0.0,[],"['P/E not below 12.0', 'yield below 4%']",
CNE.L,lynch_peg,Lynch PEG,False,0.0,"['PEG=nan', 'growth=nan%']",[],
CNE.L,neff_pegy,Neff PEGY,False,0.0,"['PEGY=nan', 'growth=nan%', 'yield=nan%']",['PEGY nan >= 1.0'],
CNE.L,quality_value,Quality Value,False,0.6,"['Profit margin >= 5%: margin=14.1%', 'Debt/equity < 80%: D/E=12%', 'FCF yield >= 3%: FCF yield=22.2%']","['ROE below 12%', 'P/E >= 20']",
CNE.L,buffett_quality,Buffett Quality,False,0.75,"['D/E < 60.0%: D/E=12%', 'margin >= 8%: margin=14.1%', 'P/E < 25.0: P/E=20.2']",['ROE too low'],
CNE.L,economic_moat,Economic Moat,False,0.5,"['wide margin=14.1%', 'low leverage D/E=12%']","['ROE below 18%', 'ROA below 8%']",
CNE.L,high_dividend,High Dividend Yield,False,0.0,[],['could not rank yield'],
CNE.L,dividend_growth,Dividend Growth,False,0.3333,['reasonable P/E: P/E=20.2'],"['yield too low', 'earnings not growing']",
CNE.L,magic_formula,Magic Formula,False,0.4587,['earnings yield rank 71%'],['below top half on combined Magic Formula rank'],
CNE.L,acquirers_multiple,Acquirer's Multiple,True,0.6078,"['EV/EBIT=9.2', 'universe rank 61%']",[],
CNE.L,dreman_contrarian,Dreman Contrarian,False,0.4373,['low P/B rank 62%'],['P/E not in bottom quartile'],
CNE.L,piotroski_f,Piotroski F-Score,True,0.8889,"['F-Score=8/9', 'positive net income', 'positive operating cash flow', 'ROA improving', 'OCF > net income', 'leverage declining', 'current ratio improving', 'no share dilution', 'gross margin improving']",['asset turnover improving'],"{'f_score': 8, 'max_score': 9, 'components': [{'name': 'positive net income', 'passed': True}, {'name': 'positive operating cash flow', 'passed': True}, {'name': 'ROA improving', 'passed': True}, {'name': 'OCF > net income', 'passed': True}, {'name': 'leverage declining', 'passed': True}, {'name': 'current ratio improving', 'passed': True}, {'name': 'no share dilution', 'passed': True}, {'name': 'gross margin improving', 'passed': True}, {'name': 'asset turnover improving', 'passed': False}]}"
CNE.L,composite_value,Composite Value,False,0.474,['top-tier on ev_ebitda (percentile 75%)'],['missing dividend_yield'],
CNE.L,earnings_quality,Earnings Quality,True,1.0,"['FCF/NI=2.76', 'OCF/NI=7.89', 'ratio=-25.52%']",[],
CNE.L,financial_health,Financial Health,True,0.8,"['D/E=12%', 'leverage=9.0%', 'CR=2.44', 'ratio=-1.3']",['weak interest coverage'],
CARD.L,graham_defensive,Graham Defensive,False,0.75,"['P/E < 15: P/E=8.4', 'P/B < 1.5 or P/E×P/B < 22.5: P/B=0.73', 'Dividend payer: yield=664.00%']",['current ratio < 2'],
CARD.L,graham_enterprising,Graham Enterprising,True,0.8,"['P/E < 25: P/E=8.4', 'P/B < 3: P/B=0.73', 'Debt/equity < 100%: D/E=59%', 'ROE > 8%: ROE=8.9%']",['negative earnings growth'],
CARD.L,graham_net_net,Graham Net-Net,False,0.0,[],['missing NCAV (balance sheet data)'],
CARD.L,schloss,Schloss Low P/B,False,0.5,['P/B < 1.2: P/B=0.73'],['too much leverage'],
CARD.L,deep_value,Deep Value,True,1.0,"['P/B=0.73', 'EV/EBITDA=5.2']",[],
CARD.L,earnings_yield,Earnings Yield,True,0.996,['E/P=12.0% (P/E=8.4)'],[],
CARD.L,fcf_yield,FCF Yield,True,1.0,['FCF yield=27.9%'],[],
CARD.L,low_pe_high_yield,Low P/E + High Yield,True,1.0,"['P/E=8.4', 'yield=664.0%']",[],
CARD.L,lynch_peg,Lynch PEG,False,0.2,[],['missing or negative earnings growth'],
CARD.L,neff_pegy,Neff PEGY,True,0.9868,"['PEGY=0.01', 'growth=-31.5%', 'yield=664.0%']",[],
CARD.L,quality_value,Quality Value,False,0.8,"['Profit margin >= 5%: margin=5.4%', 'Debt/equity < 80%: D/E=59%', 'P/E < 20: P/E=8.4', 'FCF yield >= 3%: FCF yield=27.9%']",['ROE below 12%'],
CARD.L,buffett_quality,Buffett Quality,False,0.5,"['D/E < 60.0%: D/E=59%', 'P/E < 25.0: P/E=8.4']","['ROE too low', 'thin margins']",
CARD.L,economic_moat,Economic Moat,False,0.0,[],"['ROE below 18%', 'ROA below 8%', 'margins below 12%', 'leverage too high']",
CARD.L,high_dividend,High Dividend Yield,False,0.6818,"['yield=664.0%', 'universe rank 68%']",['not in top quartile for yield'],
CARD.L,dividend_growth,Dividend Growth,True,0.6667,"['dividend payer: yield=664.0%', 'reasonable P/E: P/E=8.4']",['earnings not growing'],
CARD.L,magic_formula,Magic Formula,True,0.7387,"['earnings yield rank 82%', 'ROIC rank 65%']",[],
CARD.L,acquirers_multiple,Acquirer's Multiple,True,0.7255,"['EV/EBIT=7.6', 'universe rank 73%']",[],
CARD.L,dreman_contrarian,Dreman Contrarian,True,0.7239,"['low P/E rank 76%', 'low P/B rank 73%', 'dividend rank 68%']",[],
CARD.L,piotroski_f,Piotroski F-Score,False,0.5556,"['F-Score=5/9', 'positive net income', 'positive operating cash flow', 'OCF > net income', 'no share dilution', 'asset turnover improving']","['F-Score 5/9 below 7', 'ROA improving', 'leverage declining', 'current ratio improving', 'gross margin improving']","{'f_score': 5, 'max_score': 9, 'components': [{'name': 'positive net income', 'passed': True}, {'name': 'positive operating cash flow', 'passed': True}, {'name': 'ROA improving', 'passed': False}, {'name': 'OCF > net income', 'passed': True}, {'name': 'leverage declining', 'passed': False}, {'name': 'current ratio improving', 'passed': False}, {'name': 'no share dilution', 'passed': True}, {'name': 'gross margin improving', 'passed': False}, {'name': 'asset turnover improving', 'passed': True}]}"
CARD.L,composite_value,Composite Value,True,0.846,"['top-tier on trailing_pe (percentile 86%)', 'top-tier on price_to_book (percentile 75%)', 'top-tier on dividend_yield (percentile 83%)', 'top-tier on fcf_yield (percentile 88%)', 'top-tier on ev_ebitda (percentile 93%)']",[],
CARD.L,earnings_quality,Earnings Quality,True,1.0,"['FCF/NI=2.27', 'OCF/NI=3.54', 'ratio=-11.97%']",[],
CARD.L,financial_health,Financial Health,False,0.8,"['D/E=59%', 'leverage=31.5%', 'ratio=2.2', 'coverage=3.9x']",['weak liquidity'],
CLIG.L,graham_defensive,Graham Defensive,False,0.5,"['Current ratio >= 2: CR=4.94', 'Dividend payer: yield=682.00%']","['P/E >= 15', 'valuation too rich on P/B or P/E×P/B']",
CLIG.L,graham_enterprising,Graham Enterprising,True,1.0,"['P/E < 25: P/E=15.6', 'P/B < 3: P/B=2.13', 'Debt/equity < 100%: D/E=3%', 'ROE > 8%: ROE=14.0%', 'Positive earnings growth: growth=14.4%']",[],
CLIG.L,graham_net_net,Graham Net-Net,False,0.0,[],['missing NCAV (balance sheet data)'],
CLIG.L,schloss,Schloss Low P/B,False,0.5,['D/E < 50.0%: D/E=3%'],['P/B too high'],
CLIG.L,deep_value,Deep Value,False,0.5,['EV/EBITDA=6.5'],['P/B not below 1.0'],
CLIG.L,earnings_yield,Earnings Yield,False,0.5337,['E/P=6.4% (P/E=15.6)'],['earnings yield 6.4% below 8%'],
CLIG.L,fcf_yield,FCF Yield,True,0.9672,['FCF yield=9.7%'],[],
CLIG.L,low_pe_high_yield,Low P/E + High Yield,False,0.5,['yield=682.0%'],['P/E not below 12.0'],
CLIG.L,lynch_peg,Lynch PEG,False,0.0,"['PEG=1.08', 'growth=14.4%']",['PEG 1.08 >= 1.0'],
CLIG.L,neff_pegy,Neff PEGY,True,0.9776,"['PEGY=0.02', 'growth=14.4%', 'yield=682.0%']",[],
CLIG.L,quality_value,Quality Value,True,1.0,"['ROE >= 12%: ROE=14.0%', 'Profit margin >= 5%: margin=28.0%', 'Debt/equity < 80%: D/E=3%', 'P/E < 20: P/E=15.6', 'FCF yield >= 3%: FCF yield=9.7%']",[],
CLIG.L,buffett_quality,Buffett Quality,False,0.75,"['D/E < 60.0%: D/E=3%', 'margin >= 8%: margin=28.0%', 'P/E < 25.0: P/E=15.6']",['ROE too low'],
CLIG.L,economic_moat,Economic Moat,True,0.75,"['solid ROA=11.2%', 'wide margin=28.0%', 'low leverage D/E=3%']",['ROE below 18%'],
CLIG.L,high_dividend,High Dividend Yield,False,0.7045,"['yield=682.0%', 'universe rank 70%']",['not in top quartile for yield'],
CLIG.L,dividend_growth,Dividend Growth,True,1.0,"['dividend payer: yield=682.0%', 'earnings growth: growth=14.4%', 'reasonable P/E: P/E=15.6']",[],
CLIG.L,magic_formula,Magic Formula,True,0.7766,"['earnings yield rank 76%', 'ROIC rank 79%']",[],
CLIG.L,acquirers_multiple,Acquirer's Multiple,True,0.6667,"['EV/EBIT=8.7', 'universe rank 67%']",[],
CLIG.L,dreman_contrarian,Dreman Contrarian,False,0.449,['dividend rank 70%'],"['P/E not in bottom quartile', 'P/B not cheap vs universe']",
CLIG.L,piotroski_f,Piotroski F-Score,True,0.8889,"['F-Score=8/9', 'positive net income', 'positive operating cash flow', 'ROA improving', 'OCF > net income', 'current ratio improving', 'no share dilution', 'gross margin improving', 'asset turnover improving']",['leverage declining'],"{'f_score': 8, 'max_score': 9, 'components': [{'name': 'positive net income', 'passed': True}, {'name': 'positive operating cash flow', 'passed': True}, {'name': 'ROA improving', 'passed': True}, {'name': 'OCF > net income', 'passed': True}, {'name': 'leverage declining', 'passed': False}, {'name': 'current ratio improving', 'passed': True}, {'name': 'no share dilution', 'passed': True}, {'name': 'gross margin improving', 'passed': True}, {'name': 'asset turnover improving', 'passed': True}]}"
CLIG.L,composite_value,Composite Value,False,0.4246,['top-tier on ev_ebitda (percentile 80%)'],[],
CLIG.L,earnings_quality,Earnings Quality,True,1.0,"['FCF/NI=1.17', 'OCF/NI=1.28', 'ratio=-3.11%']",[],
CLIG.L,financial_health,Financial Health,True,1.0,"['D/E=3%', 'leverage=4.8%', 'CR=4.13', 'ratio=-0.9', 'coverage=61.1x']",[],
CLI.L,graham_defensive,Graham Defensive,False,0.5,"['P/B < 1.5 or P/E×P/B < 22.5: P/B=0.28', 'Dividend payer: yield=860.00%']","['no positive trailing P/E', 'current ratio < 2']",
CLI.L,graham_enterprising,Graham Enterprising,False,0.2,['P/B < 3: P/B=0.28'],"['missing P/E', 'excessive leverage', 'ROE <= 8%', 'negative earnings growth']",
CLI.L,graham_net_net,Graham Net-Net,False,0.0,[],['missing NCAV (balance sheet data)'],
CLI.L,schloss,Schloss Low P/B,False,0.5,['P/B < 1.2: P/B=0.28'],['too much leverage'],
CLI.L,deep_value,Deep Value,False,0.5,['P/B=0.28'],['EV/EBITDA not below 8'],
CLI.L,earnings_yield,Earnings Yield,False,1.0,['E/P=nan% (P/E=nan)'],['earnings yield nan% below 8%'],
CLI.L,fcf_yield,FCF Yield,True,1.0,['FCF yield=83.6%'],[],
CLI.L,low_pe_high_yield,Low P/E + High Yield,False,0.5,['yield=860.0%'],['P/E not below 12.0'],
CLI.L,lynch_peg,Lynch PEG,False,0.0,"['PEG=nan', 'growth=nan%']",[],
CLI.L,neff_pegy,Neff PEGY,False,0.0,"['PEGY=nan', 'growth=nan%', 'yield=860.0%']",['PEGY nan >= 1.0'],
CLI.L,quality_value,Quality Value,False,0.2,['FCF yield >= 3%: FCF yield=83.6%'],"['ROE below 12%', 'thin margins', 'high leverage', 'missing P/E']",
CLI.L,buffett_quality,Buffett Quality,False,0.0,[],"['ROE too low', 'too much debt', 'thin margins', 'missing P/E']",
CLI.L,economic_moat,Economic Moat,False,0.0,[],"['ROE below 18%', 'ROA below 8%', 'margins below 12%', 'leverage too high']",
CLI.L,high_dividend,High Dividend Yield,False,0.8636,"['yield=860.0%', 'universe rank 86%']",['no positive earnings'],
CLI.L,dividend_growth,Dividend Growth,False,0.3333,['dividend payer: yield=860.0%'],"['earnings not growing', 'P/E out of range']",
CLI.L,magic_formula,Magic Formula,False,0.3213,[],['below top half on combined Magic Formula rank'],
CLI.L,acquirers_multiple,Acquirer's Multiple,False,0.3137,"['EV/EBIT=14.7', 'universe rank 31%']","['EV/EBIT 14.7 above 12.0', 'not in top 40% cheapest on EV/EBIT']",
CLI.L,dreman_contrarian,Dreman Contrarian,False,0.8934,"['low P/B rank 92%', 'dividend rank 86%']",[],
CLI.L,piotroski_f,Piotroski F-Score,True,0.7778,"['F-Score=7/9', 'positive operating cash flow', 'ROA improving', 'OCF > net income', 'leverage declining', 'current ratio improving', 'no share dilution', 'asset turnover improving']","['positive net income', 'gross margin improving']","{'f_score': 7, 'max_score': 9, 'components': [{'name': 'positive net income', 'passed': False}, {'name': 'positive operating cash flow', 'passed': True}, {'name': 'ROA improving', 'passed': True}, {'name': 'OCF > net income', 'passed': True}, {'name': 'leverage declining', 'passed': True}, {'name': 'current ratio improving', 'passed': True}, {'name': 'no share dilution', 'passed': True}, {'name': 'gross margin improving', 'passed': False}, {'name': 'asset turnover improving', 'passed': True}]}"
CLI.L,composite_value,Composite Value,True,0.8143,"['top-tier on price_to_book (percentile 100%)', 'top-tier on dividend_yield (percentile 86%)', 'top-tier on fcf_yield (percentile 88%)']",['missing trailing_pe'],
CLI.L,earnings_quality,Earnings Quality,False,0.5,['ratio=-3.67%'],['negative net income'],
CLI.L,financial_health,Financial Health,False,0.2,['leverage=51.1%'],"['high debt to equity', 'weak liquidity', 'high net debt/EBITDA', 'weak interest coverage']",
CYN.L,graham_defensive,Graham Defensive,False,0.5,"['P/E < 15: P/E=3.1', 'P/B < 1.5 or P/E×P/B < 22.5: P/B=1.14']","['current ratio < 2', 'no dividend']",
CYN.L,graham_enterprising,Graham Enterprising,False,0.4,"['P/E < 25: P/E=3.1', 'P/B < 3: P/B=1.14']","['excessive leverage', 'ROE <= 8%', 'negative earnings growth']",
CYN.L,graham_net_net,Graham Net-Net,False,0.0,[],['missing NCAV (balance sheet data)'],
CYN.L,schloss,Schloss Low P/B,False,0.5,['P/B < 1.2: P/B=1.14'],['too much leverage'],
CYN.L,deep_value,Deep Value,False,0.0,[],"['P/B not below 1.0', 'EV/EBITDA not below 8']",
CYN.L,earnings_yield,Earnings Yield,True,1.0,['E/P=32.1% (P/E=3.1)'],[],
CYN.L,fcf_yield,FCF Yield,False,1.0,['FCF yield=nan%'],['FCF yield nan% below 5%'],
CYN.L,low_pe_high_yield,Low P/E + High Yield,False,0.5,['P/E=3.1'],['yield below 4%'],
CYN.L,lynch_peg,Lynch PEG,False,0.0,"['PEG=nan', 'growth=nan%']",[],
CYN.L,neff_pegy,Neff PEGY,False,0.0,"['PEGY=nan', 'growth=nan%', 'yield=nan%']",['PEGY nan >= 1.0'],
CYN.L,quality_value,Quality Value,False,0.2,['P/E < 20: P/E=3.1'],"['ROE below 12%', 'thin margins', 'high leverage', 'FCF yield below 3%']",
CYN.L,buffett_quality,Buffett Quality,False,0.25,['P/E < 25.0: P/E=3.1'],"['ROE too low', 'too much debt', 'thin margins']",
CYN.L,economic_moat,Economic Moat,False,0.0,[],"['ROE below 18%', 'ROA below 8%', 'margins below 12%', 'leverage too high']",
CYN.L,high_dividend,High Dividend Yield,False,0.0,[],['could not rank yield'],
CYN.L,dividend_growth,Dividend Growth,False,0.3333,['reasonable P/E: P/E=3.1'],"['yield too low', 'earnings not growing']",
CYN.L,magic_formula,Magic Formula,False,0.0,[],['missing EBIT/EV or ROIC inputs'],
CYN.L,acquirers_multiple,Acquirer's Multiple,False,0.0,[],['could not rank EV/EBIT'],
CYN.L,dreman_contrarian,Dreman Contrarian,False,0.6766,['low P/E rank 98%'],['P/B not cheap vs universe'],
CYN.L,piotroski_f,Piotroski F-Score,False,0.4444,"['F-Score=4/9', 'positive net income', 'ROA improving', 'no share dilution', 'asset turnover improving']","['F-Score 4/9 below 7', 'positive operating cash flow', 'OCF > net income', 'leverage declining', 'current ratio improving', 'gross margin improving']","{'f_score': 4, 'max_score': 9, 'components': [{'name': 'positive net income', 'passed': True}, {'name': 'positive operating cash flow', 'passed': False}, {'name': 'ROA improving', 'passed': True}, {'name': 'OCF > net income', 'passed': False}, {'name': 'leverage declining', 'passed': False}, {'name': 'current ratio improving', 'passed': False}, {'name': 'no share dilution', 'passed': True}, {'name': 'gross margin improving', 'passed': False}, {'name': 'asset turnover improving', 'passed': True}]}"
CYN.L,composite_value,Composite Value,False,0.6081,['top-tier on trailing_pe (percentile 92%)'],"['missing dividend_yield', 'missing fcf_yield', 'missing ev_ebitda']",
CYN.L,earnings_quality,Earnings Quality,False,0.0,[],"['weak free-cash conversion', 'operating cash below earnings', 'high accruals vs assets']",
CYN.L,financial_health,Financial Health,False,0.4,"['leverage=10.9%', 'insufficient data — skipped']","['high debt to equity', 'weak liquidity', 'weak interest coverage']",
CTPE.L,graham_defensive,Graham Defensive,False,0.5,"['P/E < 15: P/E=14.7', 'P/B < 1.5 or P/E×P/B < 22.5: P/B=0.71']","['current ratio < 2', 'no dividend']",
CTPE.L,graham_enterprising,Graham Enterprising,False,0.4,"['P/E < 25: P/E=14.7', 'P/B < 3: P/B=0.71']","['excessive leverage', 'ROE <= 8%', 'negative earnings growth']",
CTPE.L,graham_net_net,Graham Net-Net,False,0.0,[],['missing NCAV (balance sheet data)'],
CTPE.L,schloss,Schloss Low P/B,False,0.5,['P/B < 1.2: P/B=0.71'],['too much leverage'],
CTPE.L,deep_value,Deep Value,False,0.5,['P/B=0.71'],['EV/EBITDA not below 8'],
CTPE.L,earnings_yield,Earnings Yield,False,0.5667,['E/P=6.8% (P/E=14.7)'],['earnings yield 6.8% below 8%'],
CTPE.L,fcf_yield,FCF Yield,False,1.0,['FCF yield=nan%'],['FCF yield nan% below 5%'],
CTPE.L,low_pe_high_yield,Low P/E + High Yield,False,0.0,[],"['P/E not below 12.0', 'yield below 4%']",
CTPE.L,lynch_peg,Lynch PEG,False,0.0,"['PEG=nan', 'growth=nan%']",[],
CTPE.L,neff_pegy,Neff PEGY,False,0.0,"['PEGY=nan', 'growth=nan%', 'yield=nan%']",['PEGY nan >= 1.0'],
CTPE.L,quality_value,Quality Value,False,0.2,['P/E < 20: P/E=14.7'],"['ROE below 12%', 'thin margins', 'high leverage', 'FCF yield below 3%']",
CTPE.L,buffett_quality,Buffett Quality,False,0.25,['P/E < 25.0: P/E=14.7'],"['ROE too low', 'too much debt', 'thin margins']",
CTPE.L,economic_moat,Economic Moat,False,0.0,[],"['ROE below 18%', 'ROA below 8%', 'margins below 12%', 'leverage too high']",
CTPE.L,high_dividend,High Dividend Yield,False,0.0,[],['could not rank yield'],
CTPE.L,dividend_growth,Dividend Growth,False,0.3333,['reasonable P/E: P/E=14.7'],"['yield too low', 'earnings not growing']",
CTPE.L,magic_formula,Magic Formula,False,0.0,[],['missing EBIT/EV or ROIC inputs'],
CTPE.L,acquirers_multiple,Acquirer's Multiple,False,0.0,[],['could not rank EV/EBIT'],
CTPE.L,dreman_contrarian,Dreman Contrarian,False,0.6254,['low P/B rank 77%'],['P/E not in bottom quartile'],
CTPE.L,piotroski_f,Piotroski F-Score,False,0.5556,"['F-Score=5/9', 'positive net income', 'positive operating cash flow', 'ROA improving', 'no share dilution', 'asset turnover improving']","['F-Score 5/9 below 7', 'OCF > net income', 'leverage declining', 'current ratio improving', 'gross margin improving']","{'f_score': 5, 'max_score': 9, 'components': [{'name': 'positive net income', 'passed': True}, {'name': 'positive operating cash flow', 'passed': True}, {'name': 'ROA improving', 'passed': True}, {'name': 'OCF > net income', 'passed': False}, {'name': 'leverage declining', 'passed': False}, {'name': 'current ratio improving', 'passed': False}, {'name': 'no share dilution', 'passed': True}, {'name': 'gross margin improving', 'passed': False}, {'name': 'asset turnover improving', 'passed': True}]}"
CTPE.L,composite_value,Composite Value,False,0.5726,['top-tier on price_to_book (percentile 100%)'],"['missing dividend_yield', 'missing fcf_yield', 'missing ev_ebitda']",
CTPE.L,earnings_quality,Earnings Quality,False,0.3333,['ratio=3.64%'],"['weak free-cash conversion', 'operating cash below earnings']",
CTPE.L,financial_health,Financial Health,False,0.4,"['leverage=17.5%', 'insufficient data — skipped']","['high debt to equity', 'weak liquidity', 'weak interest coverage']",
CREI.L,graham_defensive,Graham Defensive,False,0.5,"['P/E < 15: P/E=8.3', 'P/B < 1.5 or P/E×P/B < 22.5: P/B=0.83']","['current ratio < 2', 'no dividend']",
CREI.L,graham_enterprising,Graham Enterprising,False,0.4,"['P/E < 25: P/E=8.3', 'P/B < 3: P/B=0.83']","['excessive leverage', 'ROE <= 8%', 'negative earnings growth']",
CREI.L,graham_net_net,Graham Net-Net,False,0.0,[],['missing NCAV (balance sheet data)'],
CREI.L,schloss,Schloss Low P/B,False,0.5,['P/B < 1.2: P/B=0.83'],['too much leverage'],
CREI.L,deep_value,Deep Value,False,0.5,['P/B=0.83'],['EV/EBITDA not below 8'],
CREI.L,earnings_yield,Earnings Yield,True,1.0,['E/P=12.1% (P/E=8.3)'],[],
CREI.L,fcf_yield,FCF Yield,False,1.0,['FCF yield=nan%'],['FCF yield nan% below 5%'],
CREI.L,low_pe_high_yield,Low P/E + High Yield,False,0.5,['P/E=8.3'],['yield below 4%'],
CREI.L,lynch_peg,Lynch PEG,False,0.0,"['PEG=nan', 'growth=nan%']",[],
CREI.L,neff_pegy,Neff PEGY,False,0.0,"['PEGY=nan', 'growth=nan%', 'yield=nan%']",['PEGY nan >= 1.0'],
CREI.L,quality_value,Quality Value,False,0.2,['P/E < 20: P/E=8.3'],"['ROE below 12%', 'thin margins', 'high leverage', 'FCF yield below 3%']",
CREI.L,buffett_quality,Buffett Quality,False,0.25,['P/E < 25.0: P/E=8.3'],"['ROE too low', 'too much debt', 'thin margins']",
CREI.L,economic_moat,Economic Moat,False,0.0,[],"['ROE below 18%', 'ROA below 8%', 'margins below 12%', 'leverage too high']",
CREI.L,high_dividend,High Dividend Yield,False,0.0,[],['could not rank yield'],
CREI.L,dividend_growth,Dividend Growth,False,0.3333,['reasonable P/E: P/E=8.3'],"['yield too low', 'earnings not growing']",
CREI.L,magic_formula,Magic Formula,False,0.0,[],['missing EBIT/EV or ROIC inputs'],
CREI.L,acquirers_multiple,Acquirer's Multiple,False,0.0,[],['could not rank EV/EBIT'],
CREI.L,dreman_contrarian,Dreman Contrarian,True,0.703,"['low P/E rank 78%', 'low P/B rank 63%']",[],
CREI.L,piotroski_f,Piotroski F-Score,False,0.5556,"['F-Score=5/9', 'positive net income', 'positive operating cash flow', 'ROA improving', 'leverage declining', 'asset turnover improving']","['F-Score 5/9 below 7', 'OCF > net income', 'current ratio improving', 'no share dilution', 'gross margin improving']","{'f_score': 5, 'max_score': 9, 'components': [{'name': 'positive net income', 'passed': True}, {'name': 'positive operating cash flow', 'passed': True}, {'name': 'ROA improving', 'passed': True}, {'name': 'OCF > net income', 'passed': False}, {'name': 'leverage declining', 'passed': True}, {'name': 'current ratio improving', 'passed': False}, {'name': 'no share dilution', 'passed': False}, {'name': 'gross margin improving', 'passed': False}, {'name': 'asset turnover improving', 'passed': True}]}"
CREI.L,composite_value,Composite Value,False,0.6374,['top-tier on price_to_book (percentile 86%)'],"['missing dividend_yield', 'missing fcf_yield', 'missing ev_ebitda']",
CREI.L,earnings_quality,Earnings Quality,False,0.3333,['ratio=2.94%'],"['weak free-cash conversion', 'operating cash below earnings']",
CREI.L,financial_health,Financial Health,False,0.4,"['leverage=26.4%', 'insufficient data — skipped']","['high debt to equity', 'weak liquidity', 'weak interest coverage']",
DFS.L,graham_defensive,Graham Defensive,False,0.75,"['P/E < 15: P/E=10.7', 'P/B < 1.5 or P/E×P/B < 22.5: P/B=1.33', 'Dividend payer: yield=63.00%']",['current ratio < 2'],
DFS.L,graham_enterprising,Graham Enterprising,True,0.8,"['P/E < 25: P/E=10.7', 'P/B < 3: P/B=1.33', 'ROE > 8%: ROE=13.4%', 'Positive earnings growth: growth=88.2%']",['excessive leverage'],
DFS.L,graham_net_net,Graham Net-Net,False,0.0,[],['missing NCAV (balance sheet data)'],
DFS.L,schloss,Schloss Low P/B,False,0.0,[],"['P/B too high', 'too much leverage']",
DFS.L,deep_value,Deep Value,False,0.0,[],"['P/B not below 1.0', 'EV/EBITDA not below 8']",
DFS.L,earnings_yield,Earnings Yield,True,0.7813,['E/P=9.4% (P/E=10.7)'],[],
DFS.L,fcf_yield,FCF Yield,True,1.0,['FCF yield=27.8%'],[],
DFS.L,low_pe_high_yield,Low P/E + High Yield,True,1.0,"['P/E=10.7', 'yield=63.0%']",[],
DFS.L,lynch_peg,Lynch PEG,True,0.8791,"['PEG=0.12', 'growth=88.2%']",[],
DFS.L,neff_pegy,Neff PEGY,True,0.9295,"['PEGY=0.07', 'growth=88.2%', 'yield=63.0%']",[],
DFS.L,quality_value,Quality Value,False,0.6,"['ROE >= 12%: ROE=13.4%', 'P/E < 20: P/E=10.7', 'FCF yield >= 3%: FCF yield=27.8%']","['thin margins', 'high leverage']",
DFS.L,buffett_quality,Buffett Quality,False,0.25,['P/E < 25.0: P/E=10.7'],"['ROE too low', 'too much debt', 'thin margins']",
DFS.L,economic_moat,Economic Moat,False,0.0,[],"['ROE below 18%', 'ROA below 8%', 'margins below 12%', 'leverage too high']",
DFS.L,high_dividend,High Dividend Yield,False,0.0227,"['yield=63.0%', 'universe rank 2%']",['not in top quartile for yield'],
DFS.L,dividend_growth,Dividend Growth,True,1.0,"['dividend payer: yield=63.0%', 'earnings growth: growth=88.2%', 'reasonable P/E: P/E=10.7']",[],
DFS.L,magic_formula,Magic Formula,True,0.6403,"['earnings yield rank 59%', 'ROIC rank 69%']",[],
DFS.L,acquirers_multiple,Acquirer's Multiple,False,0.4902,"['EV/EBIT=10.5', 'universe rank 49%']",['not in top 40% cheapest on EV/EBIT'],
DFS.L,dreman_contrarian,Dreman Contrarian,False,0.3157,[],"['P/E not in bottom quartile', 'P/B not cheap vs universe', 'dividend yield below median']",
DFS.L,piotroski_f,Piotroski F-Score,True,0.8889,"['F-Score=8/9', 'positive net income', 'positive operating cash flow', 'ROA improving', 'OCF > net income', 'leverage declining', 'no share dilution', 'gross margin improving', 'asset turnover improving']",['current ratio improving'],"{'f_score': 8, 'max_score': 9, 'components': [{'name': 'positive net income', 'passed': True}, {'name': 'positive operating cash flow', 'passed': True}, {'name': 'ROA improving', 'passed': True}, {'name': 'OCF > net income', 'passed': True}, {'name': 'leverage declining', 'passed': True}, {'name': 'current ratio improving', 'passed': False}, {'name': 'no share dilution', 'passed': True}, {'name': 'gross margin improving', 'passed': True}, {'name': 'asset turnover improving', 'passed': True}]}"
DFS.L,composite_value,Composite Value,False,0.5364,"['top-tier on trailing_pe (percentile 79%)', 'top-tier on fcf_yield (percentile 81%)']",[],
DFS.L,earnings_quality,Earnings Quality,True,1.0,"['FCF/NI=4.25', 'OCF/NI=7.49', 'ratio=-15.96%']",[],
DFS.L,financial_health,Financial Health,False,0.2,['leverage=48.0%'],"['high debt to equity', 'weak liquidity', 'high net debt/EBITDA', 'weak interest coverage']",
DGI9.L,graham_defensive,Graham Defensive,False,0.0,[],"['no positive trailing P/E', 'valuation too rich on P/B or P/E×P/B', 'current ratio < 2', 'no dividend']",
DGI9.L,graham_enterprising,Graham Enterprising,False,0.0,[],"['missing P/E', 'P/B >= 3', 'excessive leverage', 'ROE <= 8%', 'negative earnings growth']",
DGI9.L,graham_net_net,Graham Net-Net,False,0.0,[],['missing NCAV (balance sheet data)'],
DGI9.L,schloss,Schloss Low P/B,False,0.0,[],"['P/B too high', 'too much leverage']",
DGI9.L,deep_value,Deep Value,False,0.0,[],"['P/B not below 1.0', 'EV/EBITDA not below 8']",
DGI9.L,earnings_yield,Earnings Yield,False,1.0,['E/P=nan% (P/E=nan)'],['earnings yield nan% below 8%'],
DGI9.L,fcf_yield,FCF Yield,False,1.0,['FCF yield=nan%'],['FCF yield nan% below 5%'],
DGI9.L,low_pe_high_yield,Low P/E + High Yield,False,0.0,[],"['P/E not below 12.0', 'yield below 4%']",
DGI9.L,lynch_peg,Lynch PEG,False,0.0,"['PEG=nan', 'growth=nan%']",[],
DGI9.L,neff_pegy,Neff PEGY,False,0.0,"['PEGY=nan', 'growth=nan%', 'yield=nan%']",['PEGY nan >= 1.0'],
DGI9.L,quality_value,Quality Value,False,0.0,[],"['ROE below 12%', 'thin margins', 'high leverage', 'missing P/E', 'FCF yield below 3%']",
DGI9.L,buffett_quality,Buffett Quality,False,0.0,[],"['ROE too low', 'too much debt', 'thin margins', 'missing P/E']",
DGI9.L,economic_moat,Economic Moat,False,0.0,[],"['ROE below 18%', 'ROA below 8%', 'margins below 12%', 'leverage too high']",
DGI9.L,high_dividend,High Dividend Yield,False,0.0,[],['could not rank yield'],
DGI9.L,dividend_growth,Dividend Growth,False,0.0,[],"['yield too low', 'earnings not growing', 'P/E out of range']",
DGI9.L,magic_formula,Magic Formula,False,0.0,[],['missing EBIT/EV or ROIC inputs'],
DGI9.L,acquirers_multiple,Acquirer's Multiple,False,0.0,[],['could not rank EV/EBIT'],
DGI9.L,dreman_contrarian,Dreman Contrarian,False,0.0,[],['missing valuation data'],
DGI9.L,piotroski_f,Piotroski F-Score,False,0.2222,"['F-Score=2/9', 'OCF > net income', 'no share dilution']","['F-Score 2/9 below 7', 'positive net income', 'positive operating cash flow', 'ROA improving', 'leverage declining', 'current ratio improving', 'gross margin improving', 'asset turnover improving']","{'f_score': 2, 'max_score': 9, 'components': [{'name': 'positive net income', 'passed': False}, {'name': 'positive operating cash flow', 'passed': False}, {'name': 'ROA improving', 'passed': False}, {'name': 'OCF > net income', 'passed': True}, {'name': 'leverage declining', 'passed': False}, {'name': 'current ratio improving', 'passed': False}, {'name': 'no share dilution', 'passed': True}, {'name': 'gross margin improving', 'passed': False}, {'name': 'asset turnover improving', 'passed': False}]}"
DGI9.L,composite_value,Composite Value,False,0.0,[],"['missing trailing_pe', 'missing price_to_book', 'missing dividend_yield', 'missing fcf_yield', 'missing ev_ebitda']",
DGI9.L,earnings_quality,Earnings Quality,False,0.5,['ratio=-243.26%'],['negative net income'],
DGI9.L,financial_health,Financial Health,False,0.4,"['insufficient data — skipped', 'insufficient data — skipped']","['high debt to equity', 'high leverage', 'weak liquidity']",
ENQ.L,graham_defensive,Graham Defensive,False,0.5,"['P/B < 1.5 or P/E×P/B < 22.5: P/B=1.17', 'Dividend payer: yield=326.00%']","['P/E >= 15', 'current ratio < 2']",
ENQ.L,graham_enterprising,Graham Enterprising,False,0.4,"['P/B < 3: P/B=1.17', 'Positive earnings growth: growth=183.8%']","['P/E >= 25', 'excessive leverage', 'ROE <= 8%']",
ENQ.L,graham_net_net,Graham Net-Net,False,0.0,[],['missing NCAV (balance sheet data)'],
ENQ.L,schloss,Schloss Low P/B,False,0.5,['P/B < 1.2: P/B=1.17'],['too much leverage'],
ENQ.L,deep_value,Deep Value,False,0.5,['EV/EBITDA=2.6'],['P/B not below 1.0'],
ENQ.L,earnings_yield,Earnings Yield,False,0.0,['E/P=0.0% (P/E=inf)'],['earnings yield 0.0% below 8%'],
ENQ.L,fcf_yield,FCF Yield,True,1.0,['FCF yield=54.7%'],[],
ENQ.L,low_pe_high_yield,Low P/E + High Yield,False,0.5,['yield=326.0%'],['P/E not below 12.0'],
ENQ.L,lynch_peg,Lynch PEG,False,0.0,"['PEG=inf', 'growth=183.8%']",['PEG inf >= 1.0'],
ENQ.L,neff_pegy,Neff PEGY,False,0.0,"['PEGY=inf', 'growth=183.8%', 'yield=326.0%']",['PEGY inf >= 1.0'],
ENQ.L,quality_value,Quality Value,False,0.2,['FCF yield >= 3%: FCF yield=54.7%'],"['ROE below 12%', 'thin margins', 'high leverage', 'P/E >= 20']",
ENQ.L,buffett_quality,Buffett Quality,False,0.0,[],"['ROE too low', 'too much debt', 'thin margins', 'P/E too high']",
ENQ.L,economic_moat,Economic Moat,False,0.0,[],"['ROE below 18%', 'ROA below 8%', 'margins below 12%', 'leverage too high']",
ENQ.L,high_dividend,High Dividend Yield,False,0.3409,"['yield=326.0%', 'universe rank 34%']",['not in top quartile for yield'],
ENQ.L,dividend_growth,Dividend Growth,True,0.6667,"['dividend payer: yield=326.0%', 'earnings growth: growth=183.8%']",['P/E out of range'],
ENQ.L,magic_formula,Magic Formula,True,0.7394,"['earnings yield rank 90%', 'ROIC rank 58%']",[],
ENQ.L,acquirers_multiple,Acquirer's Multiple,True,0.8039,"['EV/EBIT=4.8', 'universe rank 80%']",[],
ENQ.L,dreman_contrarian,Dreman Contrarian,False,0.2395,[],"['P/E not in bottom quartile', 'P/B not cheap vs universe', 'dividend yield below median']",
ENQ.L,piotroski_f,Piotroski F-Score,False,0.4444,"['F-Score=4/9', 'positive net income', 'positive operating cash flow', 'OCF > net income', 'no share dilution']","['F-Score 4/9 below 7', 'ROA improving', 'leverage declining', 'current ratio improving', 'gross margin improving', 'asset turnover improving']","{'f_score': 4, 'max_score': 9, 'components': [{'name': 'positive net income', 'passed': True}, {'name': 'positive operating cash flow', 'passed': True}, {'name': 'ROA improving', 'passed': False}, {'name': 'OCF > net income', 'passed': True}, {'name': 'leverage declining', 'passed': False}, {'name': 'current ratio improving', 'passed': False}, {'name': 'no share dilution', 'passed': True}, {'name': 'gross margin improving', 'passed': False}, {'name': 'asset turnover improving', 'passed': False}]}"
ENQ.L,composite_value,Composite Value,False,0.3583,['top-tier on fcf_yield (percentile 75%)'],[],
ENQ.L,earnings_quality,Earnings Quality,True,1.0,"['FCF/NI=160.23', 'OCF/NI=232.22', 'ratio=-10.05%']",[],
ENQ.L,financial_health,Financial Health,False,0.4,"['leverage=30.0%', 'ratio=1.6']","['high debt to equity', 'weak liquidity', 'weak interest coverage']",
EVOK.L,graham_defensive,Graham Defensive,False,0.25,['P/B < 1.5 or P/E×P/B < 22.5: P/B=-0.27'],"['no positive trailing P/E', 'current ratio < 2', 'no dividend']",
EVOK.L,graham_enterprising,Graham Enterprising,False,0.2,['P/B < 3: P/B=-0.27'],"['missing P/E', 'excessive leverage', 'ROE <= 8%', 'negative earnings growth']",
EVOK.L,graham_net_net,Graham Net-Net,False,0.0,[],['missing NCAV (balance sheet data)'],
EVOK.L,schloss,Schloss Low P/B,False,0.5,['P/B < 1.2: P/B=-0.27'],['too much leverage'],
EVOK.L,deep_value,Deep Value,True,1.0,"['P/B=-0.27', 'EV/EBITDA=8.0']",[],
EVOK.L,earnings_yield,Earnings Yield,False,1.0,['E/P=nan% (P/E=nan)'],['earnings yield nan% below 8%'],
EVOK.L,fcf_yield,FCF Yield,False,0.0,['FCF yield=-60.1%'],['FCF yield -60.1% below 5%'],
EVOK.L,low_pe_high_yield,Low P/E + High Yield,False,0.0,[],"['P/E not below 12.0', 'yield below 4%']",
EVOK.L,lynch_peg,Lynch PEG,False,0.0,"['PEG=nan', 'growth=nan%']",[],
EVOK.L,neff_pegy,Neff PEGY,False,0.0,"['PEGY=nan', 'growth=nan%', 'yield=nan%']",['PEGY nan >= 1.0'],
EVOK.L,quality_value,Quality Value,False,0.0,[],"['ROE below 12%', 'thin margins', 'high leverage', 'missing P/E', 'FCF yield below 3%']",
EVOK.L,buffett_quality,Buffett Quality,False,0.0,[],"['ROE too low', 'too much debt', 'thin margins', 'missing P/E']",
EVOK.L,economic_moat,Economic Moat,False,0.0,[],"['ROE below 18%', 'ROA below 8%', 'margins below 12%', 'leverage too high']",
EVOK.L,high_dividend,High Dividend Yield,False,0.0,[],['could not rank yield'],
EVOK.L,dividend_growth,Dividend Growth,False,0.0,[],"['yield too low', 'earnings not growing', 'P/E out of range']",
EVOK.L,magic_formula,Magic Formula,False,0.4359,['ROIC rank 54%'],['below top half on combined Magic Formula rank'],
EVOK.L,acquirers_multiple,Acquirer's Multiple,False,0.2353,"['EV/EBIT=15.3', 'universe rank 24%']","['EV/EBIT 15.3 above 12.0', 'not in top 40% cheapest on EV/EBIT']",
EVOK.L,dreman_contrarian,Dreman Contrarian,False,0.0,[],['missing valuation data'],
EVOK.L,piotroski_f,Piotroski F-Score,False,0.5556,"['F-Score=5/9', 'positive operating cash flow', 'OCF > net income', 'no share dilution', 'gross margin improving', 'asset turnover improving']","['F-Score 5/9 below 7', 'positive net income', 'ROA improving', 'leverage declining', 'current ratio improving']","{'f_score': 5, 'max_score': 9, 'components': [{'name': 'positive net income', 'passed': False}, {'name': 'positive operating cash flow', 'passed': True}, {'name': 'ROA improving', 'passed': False}, {'name': 'OCF > net income', 'passed': True}, {'name': 'leverage declining', 'passed': False}, {'name': 'current ratio improving', 'passed': False}, {'name': 'no share dilution', 'passed': True}, {'name': 'gross margin improving', 'passed': True}, {'name': 'asset turnover improving', 'passed': True}]}"
EVOK.L,composite_value,Composite Value,False,0.5455,['top-tier on price_to_book (percentile 100%)'],"['missing trailing_pe', 'missing dividend_yield']",
EVOK.L,earnings_quality,Earnings Quality,False,0.5,['ratio=-38.41%'],['negative net income'],
EVOK.L,financial_health,Financial Health,False,0.0,[],"['high debt to equity', 'high leverage', 'weak liquidity', 'high net debt/EBITDA', 'weak interest coverage']",
FAS.L,graham_defensive,Graham Defensive,False,0.5,"['P/E < 15: P/E=5.5', 'P/B < 1.5 or P/E×P/B < 22.5: P/B=0.94']","['current ratio < 2', 'no dividend']",
FAS.L,graham_enterprising,Graham Enterprising,False,0.4,"['P/E < 25: P/E=5.5', 'P/B < 3: P/B=0.94']","['excessive leverage', 'ROE <= 8%', 'negative earnings growth']",
FAS.L,graham_net_net,Graham Net-Net,False,0.0,[],['missing NCAV (balance sheet data)'],
FAS.L,schloss,Schloss Low P/B,False,0.5,['P/B < 1.2: P/B=0.94'],['too much leverage'],
FAS.L,deep_value,Deep Value,False,0.5,['P/B=0.94'],['EV/EBITDA not below 8'],
FAS.L,earnings_yield,Earnings Yield,True,1.0,['E/P=18.0% (P/E=5.5)'],[],
FAS.L,fcf_yield,FCF Yield,False,1.0,['FCF yield=nan%'],['FCF yield nan% below 5%'],
FAS.L,low_pe_high_yield,Low P/E + High Yield,False,0.5,['P/E=5.5'],['yield below 4%'],
FAS.L,lynch_peg,Lynch PEG,False,0.0,"['PEG=nan', 'growth=nan%']",[],
FAS.L,neff_pegy,Neff PEGY,False,0.0,"['PEGY=nan', 'growth=nan%', 'yield=nan%']",['PEGY nan >= 1.0'],
FAS.L,quality_value,Quality Value,False,0.2,['P/E < 20: P/E=5.5'],"['ROE below 12%', 'thin margins', 'high leverage', 'FCF yield below 3%']",
FAS.L,buffett_quality,Buffett Quality,False,0.25,['P/E < 25.0: P/E=5.5'],"['ROE too low', 'too much debt', 'thin margins']",
FAS.L,economic_moat,Economic Moat,False,0.0,[],"['ROE below 18%', 'ROA below 8%', 'margins below 12%', 'leverage too high']",
FAS.L,high_dividend,High Dividend Yield,False,0.0,[],['could not rank yield'],
FAS.L,dividend_growth,Dividend Growth,False,0.3333,['reasonable P/E: P/E=5.5'],"['yield too low', 'earnings not growing']",
FAS.L,magic_formula,Magic Formula,False,0.0,[],['missing EBIT/EV or ROIC inputs'],
FAS.L,acquirers_multiple,Acquirer's Multiple,False,0.0,[],['could not rank EV/EBIT'],
FAS.L,dreman_contrarian,Dreman Contrarian,False,0.7201,['low P/E rank 89%'],['P/B not cheap vs universe'],
FAS.L,piotroski_f,Piotroski F-Score,False,0.1111,"['F-Score=1/9', 'no share dilution']","['F-Score 1/9 below 7', 'positive net income', 'positive operating cash flow', 'ROA improving', 'OCF > net income', 'leverage declining', 'current ratio improving', 'gross margin improving', 'asset turnover improving']","{'f_score': 1, 'max_score': 9, 'components': [{'name': 'positive net income', 'passed': False}, {'name': 'positive operating cash flow', 'passed': False}, {'name': 'ROA improving', 'passed': False}, {'name': 'OCF > net income', 'passed': False}, {'name': 'leverage declining', 'passed': False}, {'name': 'current ratio improving', 'passed': False}, {'name': 'no share dilution', 'passed': True}, {'name': 'gross margin improving', 'passed': False}, {'name': 'asset turnover improving', 'passed': False}]}"
FAS.L,composite_value,Composite Value,False,0.6386,[],"['missing dividend_yield', 'missing fcf_yield', 'missing ev_ebitda']",
FAS.L,earnings_quality,Earnings Quality,False,0.0,[],"['missing net income', 'high accruals vs assets']",
FAS.L,financial_health,Financial Health,False,0.6,"['leverage=0.1%', 'insufficient data — skipped', 'insufficient data — skipped']","['high debt to equity', 'weak liquidity']",
FORT.L,graham_defensive,Graham Defensive,False,0.5,"['P/B < 1.5 or P/E×P/B < 22.5: P/B=1.42', 'Dividend payer: yield=395.00%']","['P/E >= 15', 'current ratio < 2']",
FORT.L,graham_enterprising,Graham Enterprising,True,1.0,"['P/E < 25: P/E=16.9', 'P/B < 3: P/B=1.42', 'Debt/equity < 100%: D/E=44%', 'ROE > 8%: ROE=8.5%', 'Positive earnings growth: growth=37.9%']",[],
FORT.L,graham_net_net,Graham Net-Net,False,0.0,[],['missing NCAV (balance sheet data)'],
FORT.L,schloss,Schloss Low P/B,False,0.5,['D/E < 50.0%: D/E=44%'],['P/B too high'],
FORT.L,deep_value,Deep Value,False,0.5,['EV/EBITDA=7.9'],['P/B not below 1.0'],
FORT.L,earnings_yield,Earnings Yield,False,0.4941,['E/P=5.9% (P/E=16.9)'],['earnings yield 5.9% below 8%'],
FORT.L,fcf_yield,FCF Yield,True,0.8099,['FCF yield=8.1%'],[],
FORT.L,low_pe_high_yield,Low P/E + High Yield,False,0.5,['yield=395.0%'],['P/E not below 12.0'],
FORT.L,lynch_peg,Lynch PEG,True,0.555,"['PEG=0.45', 'growth=37.9%']",[],
FORT.L,neff_pegy,Neff PEGY,True,0.961,"['PEGY=0.04', 'growth=37.9%', 'yield=395.0%']",[],
FORT.L,quality_value,Quality Value,False,0.8,"['Profit margin >= 5%: margin=5.4%', 'Debt/equity < 80%: D/E=44%', 'P/E < 20: P/E=16.9', 'FCF yield >= 3%: FCF yield=8.1%']",['ROE below 12%'],
FORT.L,buffett_quality,Buffett Quality,False,0.5,"['D/E < 60.0%: D/E=44%', 'P/E < 25.0: P/E=16.9']","['ROE too low', 'thin margins']",
FORT.L,economic_moat,Economic Moat,False,0.25,['low leverage D/E=44%'],"['ROE below 18%', 'ROA below 8%', 'margins below 12%']",
FORT.L,high_dividend,High Dividend Yield,False,0.4091,"['yield=395.0%', 'universe rank 41%']",['not in top quartile for yield'],
FORT.L,dividend_growth,Dividend Growth,True,1.0,"['dividend payer: yield=395.0%', 'earnings growth: growth=37.9%', 'reasonable P/E: P/E=16.9']",[],
FORT.L,magic_formula,Magic Formula,True,0.611,"['earnings yield rank 55%', 'ROIC rank 67%']",[],
FORT.L,acquirers_multiple,Acquirer's Multiple,False,0.451,"['EV/EBIT=11.2', 'universe rank 45%']",['not in top 40% cheapest on EV/EBIT'],
FORT.L,dreman_contrarian,Dreman Contrarian,False,0.3662,[],"['P/E not in bottom quartile', 'P/B not cheap vs universe', 'dividend yield below median']",
FORT.L,piotroski_f,Piotroski F-Score,True,0.8889,"['F-Score=8/9', 'positive net income', 'positive operating cash flow', 'ROA improving', 'OCF > net income', 'leverage declining', 'no share dilution', 'gross margin improving', 'asset turnover improving']",['current ratio improving'],"{'f_score': 8, 'max_score': 9, 'components': [{'name': 'positive net income', 'passed': True}, {'name': 'positive operating cash flow', 'passed': True}, {'name': 'ROA improving', 'passed': True}, {'name': 'OCF > net income', 'passed': True}, {'name': 'leverage declining', 'passed': True}, {'name': 'current ratio improving', 'passed': False}, {'name': 'no share dilution', 'passed': True}, {'name': 'gross margin improving', 'passed': True}, {'name': 'asset turnover improving', 'passed': True}]}"
FORT.L,composite_value,Composite Value,False,0.5593,['top-tier on fcf_yield (percentile 71%)'],[],
FORT.L,earnings_quality,Earnings Quality,True,1.0,"['FCF/NI=1.47', 'OCF/NI=3.47', 'ratio=-10.07%']",[],
FORT.L,financial_health,Financial Health,True,1.0,"['D/E=44%', 'leverage=19.6%', 'CR=1.46', 'ratio=1.8', 'coverage=7.2x']",[],
FOXT.L,graham_defensive,Graham Defensive,False,0.75,"['P/E < 15: P/E=12.3', 'P/B < 1.5 or P/E×P/B < 22.5: P/B=0.75', 'Dividend payer: yield=318.00%']",['current ratio < 2'],
FOXT.L,graham_enterprising,Graham Enterprising,False,0.6,"['P/E < 25: P/E=12.3', 'P/B < 3: P/B=0.75', 'Debt/equity < 100%: D/E=47%']","['ROE <= 8%', 'negative earnings growth']",
FOXT.L,graham_net_net,Graham Net-Net,False,0.0,[],['missing NCAV (balance sheet data)'],
FOXT.L,schloss,Schloss Low P/B,True,1.0,"['P/B < 1.2: P/B=0.75', 'D/E < 50.0%: D/E=47%']",[],
FOXT.L,deep_value,Deep Value,False,0.5,['P/B=0.75'],['EV/EBITDA not below 8'],
FOXT.L,earnings_yield,Earnings Yield,True,0.6784,['E/P=8.1% (P/E=12.3)'],[],
FOXT.L,fcf_yield,FCF Yield,True,1.0,['FCF yield=18.7%'],[],
FOXT.L,low_pe_high_yield,Low P/E + High Yield,False,0.5,['yield=318.0%'],['P/E not below 12.0'],
FOXT.L,lynch_peg,Lynch PEG,False,0.2,[],['missing or negative earnings growth'],
FOXT.L,neff_pegy,Neff PEGY,True,0.9527,"['PEGY=0.05', 'growth=-58.5%', 'yield=318.0%']",[],
FOXT.L,quality_value,Quality Value,False,0.6,"['Debt/equity < 80%: D/E=47%', 'P/E < 20: P/E=12.3', 'FCF yield >= 3%: FCF yield=18.7%']","['ROE below 12%', 'thin margins']",
FOXT.L,buffett_quality,Buffett Quality,False,0.5,"['D/E < 60.0%: D/E=47%', 'P/E < 25.0: P/E=12.3']","['ROE too low', 'thin margins']",
FOXT.L,economic_moat,Economic Moat,False,0.25,['low leverage D/E=47%'],"['ROE below 18%', 'ROA below 8%', 'margins below 12%']",
FOXT.L,high_dividend,High Dividend Yield,False,0.3182,"['yield=318.0%', 'universe rank 32%']",['not in top quartile for yield'],
FOXT.L,dividend_growth,Dividend Growth,True,0.6667,"['dividend payer: yield=318.0%', 'reasonable P/E: P/E=12.3']",['earnings not growing'],
FOXT.L,magic_formula,Magic Formula,True,0.6127,"['earnings yield rank 73%', 'ROIC rank 50%']",[],
FOXT.L,acquirers_multiple,Acquirer's Multiple,True,0.6275,"['EV/EBIT=9.0', 'universe rank 63%']",[],
FOXT.L,dreman_contrarian,Dreman Contrarian,False,0.5182,['low P/B rank 72%'],"['P/E not in bottom quartile', 'dividend yield below median']",
FOXT.L,piotroski_f,Piotroski F-Score,True,0.7778,"['F-Score=7/9', 'positive net income', 'positive operating cash flow', 'OCF > net income', 'current ratio improving', 'no share dilution', 'gross margin improving', 'asset turnover improving']","['ROA improving', 'leverage declining']","{'f_score': 7, 'max_score': 9, 'components': [{'name': 'positive net income', 'passed': True}, {'name': 'positive operating cash flow', 'passed': True}, {'name': 'ROA improving', 'passed': False}, {'name': 'OCF > net income', 'passed': True}, {'name': 'leverage declining', 'passed': False}, {'name': 'current ratio improving', 'passed': True}, {'name': 'no share dilution', 'passed': True}, {'name': 'gross margin improving', 'passed': True}, {'name': 'asset turnover improving', 'passed': True}]}"
FOXT.L,composite_value,Composite Value,False,0.5571,"['top-tier on fcf_yield (percentile 75%)', 'top-tier on ev_ebitda (percentile 86%)']",[],
FOXT.L,earnings_quality,Earnings Quality,True,1.0,"['FCF/NI=1.59', 'OCF/NI=2.16', 'ratio=-5.45%']",[],
FOXT.L,financial_health,Financial Health,False,0.8,"['D/E=47%', 'leverage=22.9%', 'ratio=3.4', 'coverage=6.3x']",['weak liquidity'],
FSTA.L,graham_defensive,Graham Defensive,False,0.5,"['P/B < 1.5 or P/E×P/B < 22.5: P/B=0.97', 'Dividend payer: yield=283.00%']","['P/E >= 15', 'current ratio < 2']",
FSTA.L,graham_enterprising,Graham Enterprising,False,0.8,"['P/E < 25: P/E=19.2', 'P/B < 3: P/B=0.97', 'Debt/equity < 100%: D/E=51%', 'Positive earnings growth: growth=16.3%']",['ROE <= 8%'],
FSTA.L,graham_net_net,Graham Net-Net,False,0.0,[],['missing NCAV (balance sheet data)'],
FSTA.L,schloss,Schloss Low P/B,False,0.5,['P/B < 1.2: P/B=0.97'],['too much leverage'],
FSTA.L,deep_value,Deep Value,False,0.5,['P/B=0.97'],['EV/EBITDA not below 8'],
FSTA.L,earnings_yield,Earnings Yield,False,0.4333,['E/P=5.2% (P/E=19.2)'],['earnings yield 5.2% below 8%'],
FSTA.L,fcf_yield,FCF Yield,True,0.5063,['FCF yield=5.1%'],[],
FSTA.L,low_pe_high_yield,Low P/E + High Yield,False,0.5,['yield=283.0%'],['P/E not below 12.0'],
FSTA.L,lynch_peg,Lynch PEG,False,0.0,"['PEG=1.18', 'growth=16.3%']",['PEG 1.18 >= 1.0'],
FSTA.L,neff_pegy,Neff PEGY,True,0.9357,"['PEGY=0.06', 'growth=16.3%', 'yield=283.0%']",[],
FSTA.L,quality_value,Quality Value,False,0.8,"['Profit margin >= 5%: margin=5.3%', 'Debt/equity < 80%: D/E=51%', 'P/E < 20: P/E=19.2', 'FCF yield >= 3%: FCF yield=5.1%']",['ROE below 12%'],
FSTA.L,buffett_quality,Buffett Quality,False,0.5,"['D/E < 60.0%: D/E=51%', 'P/E < 25.0: P/E=19.2']","['ROE too low', 'thin margins']",
FSTA.L,economic_moat,Economic Moat,False,0.0,[],"['ROE below 18%', 'ROA below 8%', 'margins below 12%', 'leverage too high']",
FSTA.L,high_dividend,High Dividend Yield,False,0.2955,"['yield=283.0%', 'universe rank 30%']",['not in top quartile for yield'],
FSTA.L,dividend_growth,Dividend Growth,True,1.0,"['dividend payer: yield=283.0%', 'earnings growth: growth=16.3%', 'reasonable P/E: P/E=19.2']",[],
FSTA.L,magic_formula,Magic Formula,False,0.437,[],['below top half on combined Magic Formula rank'],
FSTA.L,acquirers_multiple,Acquirer's Multiple,False,0.3529,"['EV/EBIT=13.0', 'universe rank 35%']","['EV/EBIT 13.0 above 12.0', 'not in top 40% cheapest on EV/EBIT']",
FSTA.L,dreman_contrarian,Dreman Contrarian,False,0.3596,[],"['P/E not in bottom quartile', 'P/B not cheap vs universe', 'dividend yield below median']",
FSTA.L,piotroski_f,Piotroski F-Score,True,0.7778,"['F-Score=7/9', 'positive net income', 'positive operating cash flow', 'OCF > net income', 'leverage declining', 'no share dilution', 'gross margin improving', 'asset turnover improving']","['ROA improving', 'current ratio improving']","{'f_score': 7, 'max_score': 9, 'components': [{'name': 'positive net income', 'passed': True}, {'name': 'positive operating cash flow', 'passed': True}, {'name': 'ROA improving', 'passed': False}, {'name': 'OCF > net income', 'passed': True}, {'name': 'leverage declining', 'passed': True}, {'name': 'current ratio improving', 'passed': False}, {'name': 'no share dilution', 'passed': True}, {'name': 'gross margin improving', 'passed': True}, {'name': 'asset turnover improving', 'passed': True}]}"
FSTA.L,composite_value,Composite Value,False,0.3877,[],[],
FSTA.L,earnings_quality,Earnings Quality,True,1.0,"['FCF/NI=0.94', 'OCF/NI=3.75', 'ratio=-8.29%']",[],
FSTA.L,financial_health,Financial Health,False,0.8,"['D/E=51%', 'leverage=29.5%', 'ratio=2.9', 'coverage=4.0x']",['weak liquidity'],
GMS.L,graham_defensive,Graham Defensive,False,0.25,['P/B < 1.5 or P/E×P/B < 22.5: P/B=0.72'],"['P/E >= 15', 'current ratio < 2', 'no dividend']",
GMS.L,graham_enterprising,Graham Enterprising,False,0.6,"['P/E < 25: P/E=19.4', 'P/B < 3: P/B=0.72', 'Debt/equity < 100%: D/E=51%']","['ROE <= 8%', 'negative earnings growth']",
GMS.L,graham_net_net,Graham Net-Net,False,0.0,[],['missing NCAV (balance sheet data)'],
GMS.L,schloss,Schloss Low P/B,False,0.5,['P/B < 1.2: P/B=0.72'],['too much leverage'],
GMS.L,deep_value,Deep Value,True,1.0,"['P/B=0.72', 'EV/EBITDA=4.5']",[],
GMS.L,earnings_yield,Earnings Yield,False,0.4296,['E/P=5.2% (P/E=19.4)'],['earnings yield 5.2% below 8%'],
GMS.L,fcf_yield,FCF Yield,True,1.0,['FCF yield=23.7%'],[],
GMS.L,low_pe_high_yield,Low P/E + High Yield,False,0.0,[],"['P/E not below 12.0', 'yield below 4%']",
GMS.L,lynch_peg,Lynch PEG,False,0.2,[],['missing or negative earnings growth'],
GMS.L,neff_pegy,Neff PEGY,False,0.0,"['PEGY=nan', 'growth=-53.0%', 'yield=nan%']",['PEGY nan >= 1.0'],
GMS.L,quality_value,Quality Value,False,0.8,"['Profit margin >= 5%: margin=10.0%', 'Debt/equity < 80%: D/E=51%', 'P/E < 20: P/E=19.4', 'FCF yield >= 3%: FCF yield=23.7%']",['ROE below 12%'],
GMS.L,buffett_quality,Buffett Quality,False,0.75,"['D/E < 60.0%: D/E=51%', 'margin >= 8%: margin=10.0%', 'P/E < 25.0: P/E=19.4']",['ROE too low'],
GMS.L,economic_moat,Economic Moat,False,0.0,[],"['ROE below 18%', 'ROA below 8%', 'margins below 12%', 'leverage too high']",
GMS.L,high_dividend,High Dividend Yield,False,0.0,[],['could not rank yield'],
GMS.L,dividend_growth,Dividend Growth,False,0.3333,['reasonable P/E: P/E=19.4'],"['yield too low', 'earnings not growing']",
GMS.L,magic_formula,Magic Formula,True,0.7004,"['earnings yield rank 84%', 'ROIC rank 56%']",[],
GMS.L,acquirers_multiple,Acquirer's Multiple,True,0.7451,"['EV/EBIT=7.6', 'universe rank 75%']",[],
GMS.L,dreman_contrarian,Dreman Contrarian,False,0.5171,['low P/B rank 76%'],['P/E not in bottom quartile'],
GMS.L,piotroski_f,Piotroski F-Score,False,0.5556,"['F-Score=5/9', 'positive net income', 'positive operating cash flow', 'OCF > net income', 'leverage declining', 'asset turnover improving']","['F-Score 5/9 below 7', 'ROA improving', 'current ratio improving', 'no share dilution', 'gross margin improving']","{'f_score': 5, 'max_score': 9, 'components': [{'name': 'positive net income', 'passed': True}, {'name': 'positive operating cash flow', 'passed': True}, {'name': 'ROA improving', 'passed': False}, {'name': 'OCF > net income', 'passed': True}, {'name': 'leverage declining', 'passed': True}, {'name': 'current ratio improving', 'passed': False}, {'name': 'no share dilution', 'passed': False}, {'name': 'gross margin improving', 'passed': False}, {'name': 'asset turnover improving', 'passed': True}]}"
GMS.L,composite_value,Composite Value,False,0.6094,"['top-tier on trailing_pe (percentile 100%)', 'top-tier on price_to_book (percentile 75%)']",['missing dividend_yield'],
GMS.L,earnings_quality,Earnings Quality,True,1.0,"['FCF/NI=2.80', 'OCF/NI=4.68', 'ratio=-9.94%']",[],
GMS.L,financial_health,Financial Health,False,0.8,"['D/E=51%', 'leverage=30.7%', 'ratio=2.0', 'coverage=4.1x']",['weak liquidity'],
HFD.L,graham_defensive,Graham Defensive,False,0.5,"['P/B < 1.5 or P/E×P/B < 22.5: P/B=1.00', 'Dividend payer: yield=379.00%']","['P/E >= 15', 'current ratio < 2']",
HFD.L,graham_enterprising,Graham Enterprising,False,0.6,"['P/E < 25: P/E=15.8', 'P/B < 3: P/B=1.00', 'Debt/equity < 100%: D/E=48%']","['ROE <= 8%', 'negative earnings growth']",
HFD.L,graham_net_net,Graham Net-Net,False,0.0,[],['missing NCAV (balance sheet data)'],
HFD.L,schloss,Schloss Low P/B,True,1.0,"['P/B < 1.2: P/B=1.00', 'D/E < 50.0%: D/E=48%']",[],
HFD.L,deep_value,Deep Value,False,0.0,[],"['P/B not below 1.0', 'EV/EBITDA not below 8']",
HFD.L,earnings_yield,Earnings Yield,False,0.5263,['E/P=6.3% (P/E=15.8)'],['earnings yield 6.3% below 8%'],
HFD.L,fcf_yield,FCF Yield,True,1.0,['FCF yield=20.7%'],[],
HFD.L,low_pe_high_yield,Low P/E + High Yield,False,0.5,['yield=379.0%'],['P/E not below 12.0'],
HFD.L,lynch_peg,Lynch PEG,False,0.0,"['PEG=nan', 'growth=nan%']",[],
HFD.L,neff_pegy,Neff PEGY,False,0.0,"['PEGY=nan', 'growth=nan%', 'yield=379.0%']",['PEGY nan >= 1.0'],
HFD.L,quality_value,Quality Value,False,0.6,"['Debt/equity < 80%: D/E=48%', 'P/E < 20: P/E=15.8', 'FCF yield >= 3%: FCF yield=20.7%']","['ROE below 12%', 'thin margins']",
HFD.L,buffett_quality,Buffett Quality,False,0.5,"['D/E < 60.0%: D/E=48%', 'P/E < 25.0: P/E=15.8']","['ROE too low', 'thin margins']",
HFD.L,economic_moat,Economic Moat,False,0.25,['low leverage D/E=48%'],"['ROE below 18%', 'ROA below 8%', 'margins below 12%']",
HFD.L,high_dividend,High Dividend Yield,False,0.3864,"['yield=379.0%', 'universe rank 39%']",['not in top quartile for yield'],
HFD.L,dividend_growth,Dividend Growth,True,0.6667,"['dividend payer: yield=379.0%', 'reasonable P/E: P/E=15.8']",['earnings not growing'],
HFD.L,magic_formula,Magic Formula,False,0.4757,[],['below top half on combined Magic Formula rank'],
HFD.L,acquirers_multiple,Acquirer's Multiple,False,0.3725,"['EV/EBIT=13.0', 'universe rank 37%']","['EV/EBIT 13.0 above 12.0', 'not in top 40% cheapest on EV/EBIT']",
HFD.L,dreman_contrarian,Dreman Contrarian,False,0.4222,[],"['P/E not in bottom quartile', 'P/B not cheap vs universe', 'dividend yield below median']",
HFD.L,piotroski_f,Piotroski F-Score,True,1.0,"['F-Score=9/9', 'positive net income', 'positive operating cash flow', 'ROA improving', 'OCF > net income', 'leverage declining', 'current ratio improving', 'no share dilution', 'gross margin improving', 'asset turnover improving']",[],"{'f_score': 9, 'max_score': 9, 'components': [{'name': 'positive net income', 'passed': True}, {'name': 'positive operating cash flow', 'passed': True}, {'name': 'ROA improving', 'passed': True}, {'name': 'OCF > net income', 'passed': True}, {'name': 'leverage declining', 'passed': True}, {'name': 'current ratio improving', 'passed': True}, {'name': 'no share dilution', 'passed': True}, {'name': 'gross margin improving', 'passed': True}, {'name': 'asset turnover improving', 'passed': True}]}"
HFD.L,composite_value,Composite Value,False,0.5058,[],[],
HFD.L,earnings_quality,Earnings Quality,True,1.0,"['FCF/NI=3.24', 'OCF/NI=5.66', 'ratio=-13.13%']",[],
HFD.L,financial_health,Financial Health,False,0.8,"['D/E=48%', 'leverage=21.2%', 'ratio=2.7', 'coverage=5.7x']",['weak liquidity'],
HEAD.L,graham_defensive,Graham Defensive,False,0.25,['P/B < 1.5 or P/E×P/B < 22.5: P/B=0.07'],"['no positive trailing P/E', 'current ratio < 2', 'no dividend']",
HEAD.L,graham_enterprising,Graham Enterprising,False,0.2,['P/B < 3: P/B=0.07'],"['missing P/E', 'excessive leverage', 'ROE <= 8%', 'negative earnings growth']",
HEAD.L,graham_net_net,Graham Net-Net,False,0.0,[],['missing NCAV (balance sheet data)'],
HEAD.L,schloss,Schloss Low P/B,False,0.5,['P/B < 1.2: P/B=0.07'],['too much leverage'],
HEAD.L,deep_value,Deep Value,True,1.0,"['P/B=0.07', 'EV/EBITDA=-3.3']",[],
HEAD.L,earnings_yield,Earnings Yield,False,1.0,['E/P=nan% (P/E=nan)'],['earnings yield nan% below 8%'],
HEAD.L,fcf_yield,FCF Yield,False,0.2224,['FCF yield=2.2%'],['FCF yield 2.2% below 5%'],
HEAD.L,low_pe_high_yield,Low P/E + High Yield,False,0.0,[],"['P/E not below 12.0', 'yield below 4%']",
HEAD.L,lynch_peg,Lynch PEG,False,0.0,"['PEG=nan', 'growth=nan%']",[],
HEAD.L,neff_pegy,Neff PEGY,False,0.0,"['PEGY=nan', 'growth=nan%', 'yield=nan%']",['PEGY nan >= 1.0'],
HEAD.L,quality_value,Quality Value,False,0.0,[],"['ROE below 12%', 'thin margins', 'high leverage', 'missing P/E', 'FCF yield below 3%']",
HEAD.L,buffett_quality,Buffett Quality,False,0.0,[],"['ROE too low', 'too much debt', 'thin margins', 'missing P/E']",
HEAD.L,economic_moat,Economic Moat,False,0.0,[],"['ROE below 18%', 'ROA below 8%', 'margins below 12%', 'leverage too high']",
HEAD.L,high_dividend,High Dividend Yield,False,0.0,[],['could not rank yield'],
HEAD.L,dividend_growth,Dividend Growth,False,0.0,[],"['yield too low', 'earnings not growing', 'P/E out of range']",
HEAD.L,magic_formula,Magic Formula,False,0.0192,[],['below top half on combined Magic Formula rank'],
HEAD.L,acquirers_multiple,Acquirer's Multiple,False,0.0,[],['missing EV or EBIT'],
HEAD.L,dreman_contrarian,Dreman Contrarian,False,0.0,[],['missing valuation data'],
HEAD.L,piotroski_f,Piotroski F-Score,False,0.4444,"['F-Score=4/9', 'OCF > net income', 'no share dilution', 'gross margin improving', 'asset turnover improving']","['F-Score 4/9 below 7', 'positive net income', 'positive operating cash flow', 'ROA improving', 'leverage declining', 'current ratio improving']","{'f_score': 4, 'max_score': 9, 'components': [{'name': 'positive net income', 'passed': False}, {'name': 'positive operating cash flow', 'passed': False}, {'name': 'ROA improving', 'passed': False}, {'name': 'OCF > net income', 'passed': True}, {'name': 'leverage declining', 'passed': False}, {'name': 'current ratio improving', 'passed': False}, {'name': 'no share dilution', 'passed': True}, {'name': 'gross margin improving', 'passed': True}, {'name': 'asset turnover improving', 'passed': True}]}"
HEAD.L,composite_value,Composite Value,True,0.6818,"['top-tier on price_to_book (percentile 94%)', 'top-tier on ev_ebitda (percentile 100%)']","['missing trailing_pe', 'missing dividend_yield']",
HEAD.L,earnings_quality,Earnings Quality,False,0.5,['ratio=-10.35%'],['negative net income'],
HEAD.L,financial_health,Financial Health,False,0.6,"['leverage=35.4%', 'CR=1.15', 'insufficient data — skipped']","['high debt to equity', 'weak interest coverage']",
HLCL.L,graham_defensive,Graham Defensive,False,0.75,"['P/B < 1.5 or P/E×P/B < 22.5: P/B=0.57', 'Current ratio >= 2: CR=2.12', 'Dividend payer: yield=127.00%']",['P/E >= 15'],
HLCL.L,graham_enterprising,Graham Enterprising,False,0.4,"['P/B < 3: P/B=0.57', 'Debt/equity < 100%: D/E=41%']","['P/E >= 25', 'ROE <= 8%', 'negative earnings growth']",
HLCL.L,graham_net_net,Graham Net-Net,False,0.0,[],['missing NCAV (balance sheet data)'],
HLCL.L,schloss,Schloss Low P/B,True,1.0,"['P/B < 1.2: P/B=0.57', 'D/E < 50.0%: D/E=41%']",[],
HLCL.L,deep_value,Deep Value,False,0.5,['P/B=0.57'],['EV/EBITDA not below 8'],
HLCL.L,earnings_yield,Earnings Yield,False,0.2033,['E/P=2.4% (P/E=41.0)'],['earnings yield 2.4% below 8%'],
HLCL.L,fcf_yield,FCF Yield,False,0.0,['FCF yield=-1.1%'],['FCF yield -1.1% below 5%'],
HLCL.L,low_pe_high_yield,Low P/E + High Yield,False,0.5,['yield=127.0%'],['P/E not below 12.0'],
HLCL.L,lynch_peg,Lynch PEG,False,0.2,[],['missing or negative earnings growth'],
HLCL.L,neff_pegy,Neff PEGY,True,0.0531,"['PEGY=0.95', 'growth=-83.7%', 'yield=127.0%']",[],
HLCL.L,quality_value,Quality Value,False,0.4,"['Profit margin >= 5%: margin=16.8%', 'Debt/equity < 80%: D/E=41%']","['ROE below 12%', 'P/E >= 20', 'FCF yield below 3%']",
HLCL.L,buffett_quality,Buffett Quality,False,0.5,"['D/E < 60.0%: D/E=41%', 'margin >= 8%: margin=16.8%']","['ROE too low', 'P/E too high']",
HLCL.L,economic_moat,Economic Moat,False,0.5,"['wide margin=16.8%', 'low leverage D/E=41%']","['ROE below 18%', 'ROA below 8%']",
HLCL.L,high_dividend,High Dividend Yield,False,0.0682,"['yield=127.0%', 'universe rank 7%']",['not in top quartile for yield'],
HLCL.L,dividend_growth,Dividend Growth,False,0.3333,['dividend payer: yield=127.0%'],"['earnings not growing', 'P/E out of range']",
HLCL.L,magic_formula,Magic Formula,False,0.1555,[],['below top half on combined Magic Formula rank'],
HLCL.L,acquirers_multiple,Acquirer's Multiple,False,0.0784,"['EV/EBIT=40.7', 'universe rank 8%']","['EV/EBIT 40.7 above 12.0', 'not in top 40% cheapest on EV/EBIT']",
HLCL.L,dreman_contrarian,Dreman Contrarian,False,0.3228,['low P/B rank 81%'],"['P/E not in bottom quartile', 'dividend yield below median']",
HLCL.L,piotroski_f,Piotroski F-Score,False,0.5556,"['F-Score=5/9', 'positive net income', 'leverage declining', 'no share dilution', 'gross margin improving', 'asset turnover improving']","['F-Score 5/9 below 7', 'positive operating cash flow', 'ROA improving', 'OCF > net income', 'current ratio improving']","{'f_score': 5, 'max_score': 9, 'components': [{'name': 'positive net income', 'passed': True}, {'name': 'positive operating cash flow', 'passed': False}, {'name': 'ROA improving', 'passed': False}, {'name': 'OCF > net income', 'passed': False}, {'name': 'leverage declining', 'passed': True}, {'name': 'current ratio improving', 'passed': False}, {'name': 'no share dilution', 'passed': True}, {'name': 'gross margin improving', 'passed': True}, {'name': 'asset turnover improving', 'passed': True}]}"
HLCL.L,composite_value,Composite Value,False,0.2679,['top-tier on price_to_book (percentile 75%)'],[],
HLCL.L,earnings_quality,Earnings Quality,False,0.3333,['ratio=0.91%'],"['weak free-cash conversion', 'operating cash below earnings']",
HLCL.L,financial_health,Financial Health,False,0.6,"['D/E=41%', 'leverage=28.0%', 'CR=2.12']","['high net debt/EBITDA', 'weak interest coverage']",
BOOT.L,graham_defensive,Graham Defensive,True,1.0,"['P/E < 15: P/E=9.8', 'P/B < 1.5 or P/E×P/B < 22.5: P/B=0.49', 'Current ratio >= 2: CR=4.85', 'Dividend payer: yield=504.00%']",[],
BOOT.L,graham_enterprising,Graham Enterprising,False,0.6,"['P/E < 25: P/E=9.8', 'P/B < 3: P/B=0.49', 'Debt/equity < 100%: D/E=28%']","['ROE <= 8%', 'negative earnings growth']",
BOOT.L,graham_net_net,Graham Net-Net,False,0.0,[],['missing NCAV (balance sheet data)'],
BOOT.L,schloss,Schloss Low P/B,True,1.0,"['P/B < 1.2: P/B=0.49', 'D/E < 50.0%: D/E=28%']",[],
BOOT.L,deep_value,Deep Value,False,0.5,['P/B=0.49'],['EV/EBITDA not below 8'],
BOOT.L,earnings_yield,Earnings Yield,True,0.8547,['E/P=10.3% (P/E=9.8)'],[],
BOOT.L,fcf_yield,FCF Yield,False,0.4434,['FCF yield=4.4%'],['FCF yield 4.4% below 5%'],
BOOT.L,low_pe_high_yield,Low P/E + High Yield,True,1.0,"['P/E=9.8', 'yield=504.0%']",[],
BOOT.L,lynch_peg,Lynch PEG,False,0.0,"['PEG=nan', 'growth=nan%']",[],
BOOT.L,neff_pegy,Neff PEGY,False,0.0,"['PEGY=nan', 'growth=nan%', 'yield=504.0%']",['PEGY nan >= 1.0'],
BOOT.L,quality_value,Quality Value,False,0.8,"['Profit margin >= 5%: margin=9.3%', 'Debt/equity < 80%: D/E=28%', 'P/E < 20: P/E=9.8', 'FCF yield >= 3%: FCF yield=4.4%']",['ROE below 12%'],
BOOT.L,buffett_quality,Buffett Quality,False,0.75,"['D/E < 60.0%: D/E=28%', 'margin >= 8%: margin=9.3%', 'P/E < 25.0: P/E=9.8']",['ROE too low'],
BOOT.L,economic_moat,Economic Moat,False,0.25,['low leverage D/E=28%'],"['ROE below 18%', 'ROA below 8%', 'margins below 12%']",
BOOT.L,high_dividend,High Dividend Yield,False,0.5682,"['yield=504.0%', 'universe rank 57%']",['not in top quartile for yield'],
BOOT.L,dividend_growth,Dividend Growth,True,0.6667,"['dividend payer: yield=504.0%', 'reasonable P/E: P/E=9.8']",['earnings not growing'],
BOOT.L,magic_formula,Magic Formula,False,0.3895,['earnings yield rank 51%'],['below top half on combined Magic Formula rank'],
BOOT.L,acquirers_multiple,Acquirer's Multiple,False,0.4118,"['EV/EBIT=12.5', 'universe rank 41%']","['EV/EBIT 12.5 above 12.0', 'not in top 40% cheapest on EV/EBIT']",
BOOT.L,dreman_contrarian,Dreman Contrarian,True,0.7041,"['low P/B rank 86%', 'dividend rank 57%']",['P/E not in bottom quartile'],
BOOT.L,piotroski_f,Piotroski F-Score,False,0.3333,"['F-Score=3/9', 'positive net income', 'current ratio improving', 'no share dilution']","['F-Score 3/9 below 7', 'positive operating cash flow', 'ROA improving', 'OCF > net income', 'leverage declining', 'gross margin improving', 'asset turnover improving']","{'f_score': 3, 'max_score': 9, 'components': [{'name': 'positive net income', 'passed': True}, {'name': 'positive operating cash flow', 'passed': False}, {'name': 'ROA improving', 'passed': False}, {'name': 'OCF > net income', 'passed': False}, {'name': 'leverage declining', 'passed': False}, {'name': 'current ratio improving', 'passed': True}, {'name': 'no share dilution', 'passed': True}, {'name': 'gross margin improving', 'passed': False}, {'name': 'asset turnover improving', 'passed': False}]}"
BOOT.L,composite_value,Composite Value,True,0.7179,"['top-tier on trailing_pe (percentile 100%)', 'top-tier on price_to_book (percentile 88%)', 'top-tier on ev_ebitda (percentile 71%)']",[],
BOOT.L,earnings_quality,Earnings Quality,False,0.0,[],"['weak free-cash conversion', 'operating cash below earnings', 'high accruals vs assets']",
BOOT.L,financial_health,Financial Health,True,1.0,"['D/E=28%', 'leverage=17.8%', 'CR=4.85', 'ratio=3.6', 'coverage=3.2x']",[],
HSW.L,graham_defensive,Graham Defensive,False,0.25,['Dividend payer: yield=181.00%'],"['P/E >= 15', 'valuation too rich on P/B or P/E×P/B', 'current ratio < 2']",
HSW.L,graham_enterprising,Graham Enterprising,False,0.6,"['P/B < 3: P/B=2.33', 'Debt/equity < 100%: D/E=15%', 'ROE > 8%: ROE=9.0%']","['P/E >= 25', 'negative earnings growth']",
HSW.L,graham_net_net,Graham Net-Net,False,0.0,[],['missing NCAV (balance sheet data)'],
HSW.L,schloss,Schloss Low P/B,False,0.5,['D/E < 50.0%: D/E=15%'],['P/B too high'],
HSW.L,deep_value,Deep Value,False,0.0,[],"['P/B not below 1.0', 'EV/EBITDA not below 8']",
HSW.L,earnings_yield,Earnings Yield,False,0.2899,['E/P=3.5% (P/E=28.8)'],['earnings yield 3.5% below 8%'],
HSW.L,fcf_yield,FCF Yield,True,0.7882,['FCF yield=7.9%'],[],
HSW.L,low_pe_high_yield,Low P/E + High Yield,False,0.5,['yield=181.0%'],['P/E not below 12.0'],
HSW.L,lynch_peg,Lynch PEG,False,0.2,[],['missing or negative earnings growth'],
HSW.L,neff_pegy,Neff PEGY,True,0.7764,"['PEGY=0.22', 'growth=-52.4%', 'yield=181.0%']",[],
HSW.L,quality_value,Quality Value,False,0.6,"['Profit margin >= 5%: margin=6.4%', 'Debt/equity < 80%: D/E=15%', 'FCF yield >= 3%: FCF yield=7.9%']","['ROE below 12%', 'P/E >= 20']",
HSW.L,buffett_quality,Buffett Quality,False,0.25,['D/E < 60.0%: D/E=15%'],"['ROE too low', 'thin margins', 'P/E too high']",
HSW.L,economic_moat,Economic Moat,False,0.25,['low leverage D/E=15%'],"['ROE below 18%', 'ROA below 8%', 'margins below 12%']",
HSW.L,high_dividend,High Dividend Yield,False,0.1136,"['yield=181.0%', 'universe rank 11%']",['not in top quartile for yield'],
HSW.L,dividend_growth,Dividend Growth,False,0.3333,['dividend payer: yield=181.0%'],"['earnings not growing', 'P/E out of range']",
HSW.L,magic_formula,Magic Formula,True,0.6882,"['earnings yield rank 57%', 'ROIC rank 81%']",[],
HSW.L,acquirers_multiple,Acquirer's Multiple,False,0.4706,"['EV/EBIT=11.1', 'universe rank 47%']",['not in top 40% cheapest on EV/EBIT'],
HSW.L,dreman_contrarian,Dreman Contrarian,False,0.1404,[],"['P/E not in bottom quartile', 'P/B not cheap vs universe', 'dividend yield below median']",
HSW.L,piotroski_f,Piotroski F-Score,False,0.6667,"['F-Score=6/9', 'positive net income', 'positive operating cash flow', 'OCF > net income', 'current ratio improving', 'no share dilution', 'gross margin improving']","['F-Score 6/9 below 7', 'ROA improving', 'leverage declining', 'asset turnover improving']","{'f_score': 6, 'max_score': 9, 'components': [{'name': 'positive net income', 'passed': True}, {'name': 'positive operating cash flow', 'passed': True}, {'name': 'ROA improving', 'passed': False}, {'name': 'OCF > net income', 'passed': True}, {'name': 'leverage declining', 'passed': False}, {'name': 'current ratio improving', 'passed': True}, {'name': 'no share dilution', 'passed': True}, {'name': 'gross margin improving', 'passed': True}, {'name': 'asset turnover improving', 'passed': False}]}"
HSW.L,composite_value,Composite Value,False,0.2074,[],[],
HSW.L,earnings_quality,Earnings Quality,True,1.0,"['FCF/NI=1.60', 'OCF/NI=2.66', 'ratio=-11.27%']",[],
HSW.L,financial_health,Financial Health,False,0.8,"['D/E=15%', 'leverage=10.9%', 'ratio=-0.3', 'coverage=125.0x']",['weak liquidity'],
FSJ.L,graham_defensive,Graham Defensive,False,0.25,['P/B < 1.5 or P/E×P/B < 22.5: P/B=1.25'],"['no positive trailing P/E', 'current ratio < 2', 'no dividend']",
FSJ.L,graham_enterprising,Graham Enterprising,False,0.2,['P/B < 3: P/B=1.25'],"['missing P/E', 'excessive leverage', 'ROE <= 8%', 'negative earnings growth']",
FSJ.L,graham_net_net,Graham Net-Net,False,0.0,[],['missing NCAV (balance sheet data)'],
FSJ.L,schloss,Schloss Low P/B,False,0.0,[],"['P/B too high', 'too much leverage']",
FSJ.L,deep_value,Deep Value,False,0.0,[],"['P/B not below 1.0', 'EV/EBITDA not below 8']",
FSJ.L,earnings_yield,Earnings Yield,False,1.0,['E/P=nan% (P/E=nan)'],['earnings yield nan% below 8%'],
FSJ.L,fcf_yield,FCF Yield,True,0.7027,['FCF yield=7.0%'],[],
FSJ.L,low_pe_high_yield,Low P/E + High Yield,False,0.0,[],"['P/E not below 12.0', 'yield below 4%']",
FSJ.L,lynch_peg,Lynch PEG,False,0.0,"['PEG=nan', 'growth=nan%']",[],
FSJ.L,neff_pegy,Neff PEGY,False,0.0,"['PEGY=nan', 'growth=nan%', 'yield=nan%']",['PEGY nan >= 1.0'],
FSJ.L,quality_value,Quality Value,False,0.2,['FCF yield >= 3%: FCF yield=7.0%'],"['ROE below 12%', 'thin margins', 'high leverage', 'missing P/E']",
FSJ.L,buffett_quality,Buffett Quality,False,0.0,[],"['ROE too low', 'too much debt', 'thin margins', 'missing P/E']",
FSJ.L,economic_moat,Economic Moat,False,0.0,[],"['ROE below 18%', 'ROA below 8%', 'margins below 12%', 'leverage too high']",
FSJ.L,high_dividend,High Dividend Yield,False,0.0,[],['could not rank yield'],
FSJ.L,dividend_growth,Dividend Growth,False,0.0,[],"['yield too low', 'earnings not growing', 'P/E out of range']",
FSJ.L,magic_formula,Magic Formula,False,0.2713,[],['below top half on combined Magic Formula rank'],
FSJ.L,acquirers_multiple,Acquirer's Multiple,False,0.1176,"['EV/EBIT=21.0', 'universe rank 12%']","['EV/EBIT 21.0 above 12.0', 'not in top 40% cheapest on EV/EBIT']",
FSJ.L,dreman_contrarian,Dreman Contrarian,False,0.0,[],['missing valuation data'],
FSJ.L,piotroski_f,Piotroski F-Score,False,0.4444,"['F-Score=4/9', 'positive operating cash flow', 'OCF > net income', 'no share dilution', 'gross margin improving']","['F-Score 4/9 below 7', 'positive net income', 'ROA improving', 'leverage declining', 'current ratio improving', 'asset turnover improving']","{'f_score': 4, 'max_score': 9, 'components': [{'name': 'positive net income', 'passed': False}, {'name': 'positive operating cash flow', 'passed': True}, {'name': 'ROA improving', 'passed': False}, {'name': 'OCF > net income', 'passed': True}, {'name': 'leverage declining', 'passed': False}, {'name': 'current ratio improving', 'passed': False}, {'name': 'no share dilution', 'passed': True}, {'name': 'gross margin improving', 'passed': True}, {'name': 'asset turnover improving', 'passed': False}]}"
FSJ.L,composite_value,Composite Value,False,0.3545,[],"['missing trailing_pe', 'missing dividend_yield']",
FSJ.L,earnings_quality,Earnings Quality,False,0.5,['ratio=-13.87%'],['negative net income'],
FSJ.L,financial_health,Financial Health,False,0.6,"['leverage=39.5%', 'CR=1.16', 'ratio=3.8']","['high debt to equity', 'weak interest coverage']",
JZCP.L,graham_defensive,Graham Defensive,False,0.5,"['P/B < 1.5 or P/E×P/B < 22.5: P/B=0.55', 'Current ratio >= 2: CR=363.17']","['P/E >= 15', 'no dividend']",
JZCP.L,graham_enterprising,Graham Enterprising,False,0.2,['P/B < 3: P/B=0.55'],"['P/E >= 25', 'excessive leverage', 'ROE <= 8%', 'negative earnings growth']",
JZCP.L,graham_net_net,Graham Net-Net,False,0.0,[],['missing NCAV (balance sheet data)'],
JZCP.L,schloss,Schloss Low P/B,False,0.5,['P/B < 1.2: P/B=0.55'],['too much leverage'],
JZCP.L,deep_value,Deep Value,False,0.5,['P/B=0.55'],['EV/EBITDA not below 8'],
JZCP.L,earnings_yield,Earnings Yield,False,0.3012,['E/P=3.6% (P/E=27.7)'],['earnings yield 3.6% below 8%'],
JZCP.L,fcf_yield,FCF Yield,False,1.0,['FCF yield=nan%'],['FCF yield nan% below 5%'],
JZCP.L,low_pe_high_yield,Low P/E + High Yield,False,0.0,[],"['P/E not below 12.0', 'yield below 4%']",
JZCP.L,lynch_peg,Lynch PEG,False,0.0,"['PEG=nan', 'growth=nan%']",[],
JZCP.L,neff_pegy,Neff PEGY,False,0.0,"['PEGY=nan', 'growth=nan%', 'yield=nan%']",['PEGY nan >= 1.0'],
JZCP.L,quality_value,Quality Value,False,0.0,[],"['ROE below 12%', 'thin margins', 'high leverage', 'P/E >= 20', 'FCF yield below 3%']",
JZCP.L,buffett_quality,Buffett Quality,False,0.0,[],"['ROE too low', 'too much debt', 'thin margins', 'P/E too high']",
JZCP.L,economic_moat,Economic Moat,False,0.0,[],"['ROE below 18%', 'ROA below 8%', 'margins below 12%', 'leverage too high']",
JZCP.L,high_dividend,High Dividend Yield,False,0.0,[],['could not rank yield'],
JZCP.L,dividend_growth,Dividend Growth,False,0.0,[],"['yield too low', 'earnings not growing', 'P/E out of range']",
JZCP.L,magic_formula,Magic Formula,False,0.0,[],['missing EBIT/EV or ROIC inputs'],
JZCP.L,acquirers_multiple,Acquirer's Multiple,False,0.0,[],['could not rank EV/EBIT'],
JZCP.L,dreman_contrarian,Dreman Contrarian,False,0.5028,['low P/B rank 82%'],['P/E not in bottom quartile'],
JZCP.L,piotroski_f,Piotroski F-Score,False,0.6667,"['F-Score=6/9', 'positive net income', 'positive operating cash flow', 'ROA improving', 'OCF > net income', 'no share dilution', 'asset turnover improving']","['F-Score 6/9 below 7', 'leverage declining', 'current ratio improving', 'gross margin improving']","{'f_score': 6, 'max_score': 9, 'components': [{'name': 'positive net income', 'passed': True}, {'name': 'positive operating cash flow', 'passed': True}, {'name': 'ROA improving', 'passed': True}, {'name': 'OCF > net income', 'passed': True}, {'name': 'leverage declining', 'passed': False}, {'name': 'current ratio improving', 'passed': False}, {'name': 'no share dilution', 'passed': True}, {'name': 'gross margin improving', 'passed': False}, {'name': 'asset turnover improving', 'passed': True}]}"
JZCP.L,composite_value,Composite Value,False,0.4254,['top-tier on price_to_book (percentile 82%)'],"['missing dividend_yield', 'missing fcf_yield', 'missing ev_ebitda']",
JZCP.L,earnings_quality,Earnings Quality,False,0.6667,"['OCF/NI=7.31', 'ratio=-12.27%']",['weak free-cash conversion'],
JZCP.L,financial_health,Financial Health,False,0.4,"['insufficient data — skipped', 'insufficient data — skipped']","['high debt to equity', 'high leverage', 'weak liquidity']",
KMR.L,graham_defensive,Graham Defensive,False,0.75,"['P/B < 1.5 or P/E×P/B < 22.5: P/B=0.30', 'Current ratio >= 2: CR=3.24', 'Dividend payer: yield=1005.00%']",['no positive trailing P/E'],
KMR.L,graham_enterprising,Graham Enterprising,False,0.4,"['P/B < 3: P/B=0.30', 'Debt/equity < 100%: D/E=25%']","['missing P/E', 'ROE <= 8%', 'negative earnings growth']",
KMR.L,graham_net_net,Graham Net-Net,False,0.0,[],['missing NCAV (balance sheet data)'],
KMR.L,schloss,Schloss Low P/B,True,1.0,"['P/B < 1.2: P/B=0.30', 'D/E < 50.0%: D/E=25%']",[],
KMR.L,deep_value,Deep Value,True,1.0,"['P/B=0.30', 'EV/EBITDA=5.8']",[],
KMR.L,earnings_yield,Earnings Yield,False,1.0,['E/P=nan% (P/E=nan)'],['earnings yield nan% below 8%'],
KMR.L,fcf_yield,FCF Yield,False,0.0,['FCF yield=-47.6%'],['FCF yield -47.6% below 5%'],
KMR.L,low_pe_high_yield,Low P/E + High Yield,False,0.5,['yield=1005.0%'],['P/E not below 12.0'],
KMR.L,lynch_peg,Lynch PEG,False,0.0,"['PEG=nan', 'growth=nan%']",[],
KMR.L,neff_pegy,Neff PEGY,False,0.0,"['PEGY=nan', 'growth=nan%', 'yield=1005.0%']",['PEGY nan >= 1.0'],
KMR.L,quality_value,Quality Value,False,0.2,['Debt/equity < 80%: D/E=25%'],"['ROE below 12%', 'thin margins', 'missing P/E', 'FCF yield below 3%']",
KMR.L,buffett_quality,Buffett Quality,False,0.25,['D/E < 60.0%: D/E=25%'],"['ROE too low', 'thin margins', 'missing P/E']",
KMR.L,economic_moat,Economic Moat,False,0.25,['low leverage D/E=25%'],"['ROE below 18%', 'ROA below 8%', 'margins below 12%']",
KMR.L,high_dividend,High Dividend Yield,False,0.9091,"['yield=1005.0%', 'universe rank 91%']",['no positive earnings'],
KMR.L,dividend_growth,Dividend Growth,False,0.3333,['dividend payer: yield=1005.0%'],"['earnings not growing', 'P/E out of range']",
KMR.L,magic_formula,Magic Formula,False,0.1165,[],['below top half on combined Magic Formula rank'],
KMR.L,acquirers_multiple,Acquirer's Multiple,False,0.0196,"['EV/EBIT=353.7', 'universe rank 2%']","['EV/EBIT 353.7 above 12.0', 'not in top 40% cheapest on EV/EBIT']",
KMR.L,dreman_contrarian,Dreman Contrarian,False,0.9033,"['low P/B rank 90%', 'dividend rank 91%']",[],
KMR.L,piotroski_f,Piotroski F-Score,False,0.3333,"['F-Score=3/9', 'positive operating cash flow', 'OCF > net income', 'no share dilution']","['F-Score 3/9 below 7', 'positive net income', 'ROA improving', 'leverage declining', 'current ratio improving', 'gross margin improving', 'asset turnover improving']","{'f_score': 3, 'max_score': 9, 'components': [{'name': 'positive net income', 'passed': False}, {'name': 'positive operating cash flow', 'passed': True}, {'name': 'ROA improving', 'passed': False}, {'name': 'OCF > net income', 'passed': True}, {'name': 'leverage declining', 'passed': False}, {'name': 'current ratio improving', 'passed': False}, {'name': 'no share dilution', 'passed': True}, {'name': 'gross margin improving', 'passed': False}, {'name': 'asset turnover improving', 'passed': False}]}"
KMR.L,composite_value,Composite Value,False,0.5848,"['top-tier on price_to_book (percentile 71%)', 'top-tier on dividend_yield (percentile 80%)', 'top-tier on ev_ebitda (percentile 71%)']",['missing trailing_pe'],
KMR.L,earnings_quality,Earnings Quality,False,0.5,['ratio=-38.53%'],['negative net income'],
KMR.L,financial_health,Financial Health,True,0.8,"['D/E=25%', 'leverage=18.6%', 'CR=3.24', 'ratio=2.7']",['weak interest coverage'],
LTI.L,graham_defensive,Graham Defensive,False,0.75,"['P/B < 1.5 or P/E×P/B < 22.5: P/B=0.82', 'Current ratio >= 2: CR=16.88', 'Dividend payer: yield=475.00%']",['no positive trailing P/E'],
LTI.L,graham_enterprising,Graham Enterprising,False,0.2,['P/B < 3: P/B=0.82'],"['missing P/E', 'excessive leverage', 'ROE <= 8%', 'negative earnings growth']",
LTI.L,graham_net_net,Graham Net-Net,False,0.0,[],['missing NCAV (balance sheet data)'],
LTI.L,schloss,Schloss Low P/B,False,0.5,['P/B < 1.2: P/B=0.82'],['too much leverage'],
LTI.L,deep_value,Deep Value,False,0.5,['P/B=0.82'],['EV/EBITDA not below 8'],
LTI.L,earnings_yield,Earnings Yield,False,1.0,['E/P=nan% (P/E=nan)'],['earnings yield nan% below 8%'],
LTI.L,fcf_yield,FCF Yield,False,0.0,['FCF yield=-20.6%'],['FCF yield -20.6% below 5%'],
LTI.L,low_pe_high_yield,Low P/E + High Yield,False,0.5,['yield=475.0%'],['P/E not below 12.0'],
LTI.L,lynch_peg,Lynch PEG,False,0.0,"['PEG=nan', 'growth=nan%']",[],
LTI.L,neff_pegy,Neff PEGY,False,0.0,"['PEGY=nan', 'growth=nan%', 'yield=475.0%']",['PEGY nan >= 1.0'],
LTI.L,quality_value,Quality Value,False,0.0,[],"['ROE below 12%', 'thin margins', 'high leverage', 'missing P/E', 'FCF yield below 3%']",
LTI.L,buffett_quality,Buffett Quality,False,0.0,[],"['ROE too low', 'too much debt', 'thin margins', 'missing P/E']",
LTI.L,economic_moat,Economic Moat,False,0.0,[],"['ROE below 18%', 'ROA below 8%', 'margins below 12%', 'leverage too high']",
LTI.L,high_dividend,High Dividend Yield,False,0.5227,"['yield=475.0%', 'universe rank 52%']","['not in top quartile for yield', 'no positive earnings']",
LTI.L,dividend_growth,Dividend Growth,False,0.3333,['dividend payer: yield=475.0%'],"['earnings not growing', 'P/E out of range']",
LTI.L,magic_formula,Magic Formula,False,0.0,[],['missing EBIT/EV or ROIC inputs'],
LTI.L,acquirers_multiple,Acquirer's Multiple,False,0.0,[],['could not rank EV/EBIT'],
LTI.L,dreman_contrarian,Dreman Contrarian,False,0.5883,"['low P/B rank 65%', 'dividend rank 52%']",[],
LTI.L,piotroski_f,Piotroski F-Score,False,0.2222,"['F-Score=2/9', 'positive operating cash flow', 'OCF > net income']","['F-Score 2/9 below 7', 'positive net income', 'ROA improving', 'leverage declining', 'current ratio improving', 'no share dilution', 'gross margin improving', 'asset turnover improving']","{'f_score': 2, 'max_score': 9, 'components': [{'name': 'positive net income', 'passed': False}, {'name': 'positive operating cash flow', 'passed': True}, {'name': 'ROA improving', 'passed': False}, {'name': 'OCF > net income', 'passed': True}, {'name': 'leverage declining', 'passed': False}, {'name': 'current ratio improving', 'passed': False}, {'name': 'no share dilution', 'passed': False}, {'name': 'gross margin improving', 'passed': False}, {'name': 'asset turnover improving', 'passed': False}]}"
LTI.L,composite_value,Composite Value,False,0.2538,[],"['missing trailing_pe', 'missing ev_ebitda']",
LTI.L,earnings_quality,Earnings Quality,False,0.5,['ratio=-31.57%'],['negative net income'],
LTI.L,financial_health,Financial Health,False,0.4,"['insufficient data — skipped', 'insufficient data — skipped']","['high debt to equity', 'high leverage', 'weak liquidity']",
LIO.L,graham_defensive,Graham Defensive,False,0.25,['Dividend payer: yield=601.00%'],"['P/E >= 15', 'valuation too rich on P/B or P/E×P/B', 'current ratio < 2']",
LIO.L,graham_enterprising,Graham Enterprising,False,0.6,"['P/E < 25: P/E=21.1', 'P/B < 3: P/B=1.78', 'Debt/equity < 100%: D/E=2%']","['ROE <= 8%', 'negative earnings growth']",
LIO.L,graham_net_net,Graham Net-Net,False,0.0,[],['missing NCAV (balance sheet data)'],
LIO.L,schloss,Schloss Low P/B,False,0.5,['D/E < 50.0%: D/E=2%'],['P/B too high'],
LIO.L,deep_value,Deep Value,False,0.5,['EV/EBITDA=5.8'],['P/B not below 1.0'],
LIO.L,earnings_yield,Earnings Yield,False,0.3956,['E/P=4.7% (P/E=21.1)'],['earnings yield 4.7% below 8%'],
LIO.L,fcf_yield,FCF Yield,True,0.8745,['FCF yield=8.7%'],[],
LIO.L,low_pe_high_yield,Low P/E + High Yield,False,0.5,['yield=601.0%'],['P/E not below 12.0'],
LIO.L,lynch_peg,Lynch PEG,False,0.2,[],['missing or negative earnings growth'],
LIO.L,neff_pegy,Neff PEGY,True,0.9627,"['PEGY=0.04', 'growth=-36.9%', 'yield=601.0%']",[],
LIO.L,quality_value,Quality Value,False,0.6,"['Profit margin >= 5%: margin=7.1%', 'Debt/equity < 80%: D/E=2%', 'FCF yield >= 3%: FCF yield=8.7%']","['ROE below 12%', 'P/E >= 20']",
LIO.L,buffett_quality,Buffett Quality,False,0.5,"['D/E < 60.0%: D/E=2%', 'P/E < 25.0: P/E=21.1']","['ROE too low', 'thin margins']",
LIO.L,economic_moat,Economic Moat,False,0.25,['low leverage D/E=2%'],"['ROE below 18%', 'ROA below 8%', 'margins below 12%']",
LIO.L,high_dividend,High Dividend Yield,False,0.6591,"['yield=601.0%', 'universe rank 66%']",['not in top quartile for yield'],
LIO.L,dividend_growth,Dividend Growth,True,0.6667,"['dividend payer: yield=601.0%', 'reasonable P/E: P/E=21.1']",['earnings not growing'],
LIO.L,magic_formula,Magic Formula,True,0.6987,"['earnings yield rank 67%', 'ROIC rank 73%']",[],
LIO.L,acquirers_multiple,Acquirer's Multiple,False,0.5686,"['EV/EBIT=9.8', 'universe rank 57%']",['not in top 40% cheapest on EV/EBIT'],
LIO.L,dreman_contrarian,Dreman Contrarian,False,0.3683,['dividend rank 66%'],"['P/E not in bottom quartile', 'P/B not cheap vs universe']",
LIO.L,piotroski_f,Piotroski F-Score,False,0.5556,"['F-Score=5/9', 'positive net income', 'positive operating cash flow', 'OCF > net income', 'no share dilution', 'asset turnover improving']","['F-Score 5/9 below 7', 'ROA improving', 'leverage declining', 'current ratio improving', 'gross margin improving']","{'f_score': 5, 'max_score': 9, 'components': [{'name': 'positive net income', 'passed': True}, {'name': 'positive operating cash flow', 'passed': True}, {'name': 'ROA improving', 'passed': False}, {'name': 'OCF > net income', 'passed': True}, {'name': 'leverage declining', 'passed': False}, {'name': 'current ratio improving', 'passed': False}, {'name': 'no share dilution', 'passed': True}, {'name': 'gross margin improving', 'passed': False}, {'name': 'asset turnover improving', 'passed': True}]}"
LIO.L,composite_value,Composite Value,False,0.3915,['top-tier on ev_ebitda (percentile 100%)'],[],
LIO.L,earnings_quality,Earnings Quality,True,1.0,"['FCF/NI=1.78', 'OCF/NI=1.52', 'ratio=-1.86%']",[],
LIO.L,financial_health,Financial Health,True,1.0,"['D/E=2%', 'leverage=1.0%', 'CR=1.34', 'ratio=-2.1', 'coverage=94.7x']",[],
LWI.L,graham_defensive,Graham Defensive,False,0.5,"['P/E < 15: P/E=4.7', 'P/B < 1.5 or P/E×P/B < 22.5: P/B=1.08']","['current ratio < 2', 'no dividend']",
LWI.L,graham_enterprising,Graham Enterprising,False,0.4,"['P/E < 25: P/E=4.7', 'P/B < 3: P/B=1.08']","['excessive leverage', 'ROE <= 8%', 'negative earnings growth']",
LWI.L,graham_net_net,Graham Net-Net,False,0.0,[],['missing NCAV (balance sheet data)'],
LWI.L,schloss,Schloss Low P/B,False,0.5,['P/B < 1.2: P/B=1.08'],['too much leverage'],
LWI.L,deep_value,Deep Value,False,0.0,[],"['P/B not below 1.0', 'EV/EBITDA not below 8']",
LWI.L,earnings_yield,Earnings Yield,True,1.0,['E/P=21.3% (P/E=4.7)'],[],
LWI.L,fcf_yield,FCF Yield,False,1.0,['FCF yield=nan%'],['FCF yield nan% below 5%'],
LWI.L,low_pe_high_yield,Low P/E + High Yield,False,0.5,['P/E=4.7'],['yield below 4%'],
LWI.L,lynch_peg,Lynch PEG,False,0.0,"['PEG=nan', 'growth=nan%']",[],
LWI.L,neff_pegy,Neff PEGY,False,0.0,"['PEGY=nan', 'growth=nan%', 'yield=nan%']",['PEGY nan >= 1.0'],
LWI.L,quality_value,Quality Value,False,0.2,['P/E < 20: P/E=4.7'],"['ROE below 12%', 'thin margins', 'high leverage', 'FCF yield below 3%']",
LWI.L,buffett_quality,Buffett Quality,False,0.25,['P/E < 25.0: P/E=4.7'],"['ROE too low', 'too much debt', 'thin margins']",
LWI.L,economic_moat,Economic Moat,False,0.25,['solid ROA=14.1%'],"['ROE below 18%', 'margins below 12%', 'leverage too high']",
LWI.L,high_dividend,High Dividend Yield,False,0.0,[],['could not rank yield'],
LWI.L,dividend_growth,Dividend Growth,False,0.3333,['reasonable P/E: P/E=4.7'],"['yield too low', 'earnings not growing']",
LWI.L,magic_formula,Magic Formula,False,0.0,[],['missing EBIT/EV or ROIC inputs'],
LWI.L,acquirers_multiple,Acquirer's Multiple,False,0.0,[],['could not rank EV/EBIT'],
LWI.L,dreman_contrarian,Dreman Contrarian,False,0.6524,['low P/E rank 91%'],['P/B not cheap vs universe'],
LWI.L,piotroski_f,Piotroski F-Score,False,0.5556,"['F-Score=5/9', 'positive net income', 'positive operating cash flow', 'ROA improving', 'no share dilution', 'asset turnover improving']","['F-Score 5/9 below 7', 'OCF > net income', 'leverage declining', 'current ratio improving', 'gross margin improving']","{'f_score': 5, 'max_score': 9, 'components': [{'name': 'positive net income', 'passed': True}, {'name': 'positive operating cash flow', 'passed': True}, {'name': 'ROA improving', 'passed': True}, {'name': 'OCF > net income', 'passed': False}, {'name': 'leverage declining', 'passed': False}, {'name': 'current ratio improving', 'passed': False}, {'name': 'no share dilution', 'passed': True}, {'name': 'gross margin improving', 'passed': False}, {'name': 'asset turnover improving', 'passed': True}]}"
LWI.L,composite_value,Composite Value,False,0.5861,['top-tier on trailing_pe (percentile 77%)'],"['missing dividend_yield', 'missing fcf_yield', 'missing ev_ebitda']",
LWI.L,earnings_quality,Earnings Quality,False,0.0,[],"['weak free-cash conversion', 'operating cash below earnings', 'high accruals vs assets']",
LWI.L,financial_health,Financial Health,False,0.4,"['leverage=11.7%', 'insufficient data — skipped']","['high debt to equity', 'weak liquidity', 'weak interest coverage']",
LSL.L,graham_defensive,Graham Defensive,False,0.25,['Dividend payer: yield=425.00%'],"['P/E >= 15', 'valuation too rich on P/B or P/E×P/B', 'current ratio < 2']",
LSL.L,graham_enterprising,Graham Enterprising,False,0.8,"['P/E < 25: P/E=16.8', 'Debt/equity < 100%: D/E=60%', 'ROE > 8%: ROE=21.1%', 'Positive earnings growth: growth=14.0%']",['P/B >= 3'],
LSL.L,graham_net_net,Graham Net-Net,False,0.0,[],['missing NCAV (balance sheet data)'],
LSL.L,schloss,Schloss Low P/B,False,0.0,[],"['P/B too high', 'too much leverage']",
LSL.L,deep_value,Deep Value,False,0.0,[],"['P/B not below 1.0', 'EV/EBITDA not below 8']",
LSL.L,earnings_yield,Earnings Yield,False,0.4975,['E/P=6.0% (P/E=16.8)'],['earnings yield 6.0% below 8%'],
LSL.L,fcf_yield,FCF Yield,False,0.4118,['FCF yield=4.1%'],['FCF yield 4.1% below 5%'],
LSL.L,low_pe_high_yield,Low P/E + High Yield,False,0.5,['yield=425.0%'],['P/E not below 12.0'],
LSL.L,lynch_peg,Lynch PEG,False,0.0,"['PEG=1.20', 'growth=14.0%']",['PEG 1.20 >= 1.0'],
LSL.L,neff_pegy,Neff PEGY,True,0.9618,"['PEGY=0.04', 'growth=14.0%', 'yield=425.0%']",[],
LSL.L,quality_value,Quality Value,True,1.0,"['ROE >= 12%: ROE=21.1%', 'Profit margin >= 5%: margin=9.3%', 'Debt/equity < 80%: D/E=60%', 'P/E < 20: P/E=16.8', 'FCF yield >= 3%: FCF yield=4.1%']",[],
LSL.L,buffett_quality,Buffett Quality,True,1.0,"['ROE >= 15%: ROE=21.1%', 'D/E < 60.0%: D/E=60%', 'margin >= 8%: margin=9.3%', 'P/E < 25.0: P/E=16.8']",[],
LSL.L,economic_moat,Economic Moat,False,0.5,"['high ROE=21.1%', 'solid ROA=9.4%']","['margins below 12%', 'leverage too high']",
LSL.L,high_dividend,High Dividend Yield,False,0.4773,"['yield=425.0%', 'universe rank 48%']",['not in top quartile for yield'],
LSL.L,dividend_growth,Dividend Growth,True,1.0,"['dividend payer: yield=425.0%', 'earnings growth: growth=14.0%', 'reasonable P/E: P/E=16.8']",[],
LSL.L,magic_formula,Magic Formula,True,0.7947,"['earnings yield rank 65%', 'ROIC rank 94%']",[],
LSL.L,acquirers_multiple,Acquirer's Multiple,False,0.549,"['EV/EBIT=9.8', 'universe rank 55%']",['not in top 40% cheapest on EV/EBIT'],
LSL.L,dreman_contrarian,Dreman Contrarian,False,0.331,[],"['P/E not in bottom quartile', 'P/B not cheap vs universe', 'dividend yield below median']",
LSL.L,piotroski_f,Piotroski F-Score,False,0.4444,"['F-Score=4/9', 'positive net income', 'positive operating cash flow', 'OCF > net income', 'no share dilution']","['F-Score 4/9 below 7', 'ROA improving', 'leverage declining', 'current ratio improving', 'gross margin improving', 'asset turnover improving']","{'f_score': 4, 'max_score': 9, 'components': [{'name': 'positive net income', 'passed': True}, {'name': 'positive operating cash flow', 'passed': True}, {'name': 'ROA improving', 'passed': False}, {'name': 'OCF > net income', 'passed': True}, {'name': 'leverage declining', 'passed': False}, {'name': 'current ratio improving', 'passed': False}, {'name': 'no share dilution', 'passed': True}, {'name': 'gross margin improving', 'passed': False}, {'name': 'asset turnover improving', 'passed': False}]}"
LSL.L,composite_value,Composite Value,False,0.4071,['top-tier on ev_ebitda (percentile 100%)'],[],
LSL.L,earnings_quality,Earnings Quality,True,1.0,"['FCF/NI=0.64', 'OCF/NI=1.34', 'ratio=-3.19%']",[],
LSL.L,financial_health,Financial Health,True,1.0,"['D/E=60%', 'leverage=25.3%', 'CR=1.24', 'ratio=-0.6', 'coverage=33.3x']",[],
LUCE.L,graham_defensive,Graham Defensive,False,0.25,['Dividend payer: yield=258.00%'],"['P/E >= 15', 'valuation too rich on P/B or P/E×P/B', 'current ratio < 2']",
LUCE.L,graham_enterprising,Graham Enterprising,False,0.8,"['P/E < 25: P/E=17.9', 'Debt/equity < 100%: D/E=61%', 'ROE > 8%: ROE=20.3%', 'Positive earnings growth: growth=82.3%']",['P/B >= 3'],
LUCE.L,graham_net_net,Graham Net-Net,False,0.0,[],['missing NCAV (balance sheet data)'],
LUCE.L,schloss,Schloss Low P/B,False,0.0,[],"['P/B too high', 'too much leverage']",
LUCE.L,deep_value,Deep Value,False,0.0,[],"['P/B not below 1.0', 'EV/EBITDA not below 8']",
LUCE.L,earnings_yield,Earnings Yield,False,0.4649,['E/P=5.6% (P/E=17.9)'],['earnings yield 5.6% below 8%'],
LUCE.L,fcf_yield,FCF Yield,True,0.8467,['FCF yield=8.5%'],[],
LUCE.L,low_pe_high_yield,Low P/E + High Yield,False,0.5,['yield=258.0%'],['P/E not below 12.0'],
LUCE.L,lynch_peg,Lynch PEG,True,0.7822,"['PEG=0.22', 'growth=82.3%']",[],
LUCE.L,neff_pegy,Neff PEGY,True,0.9473,"['PEGY=0.05', 'growth=82.3%', 'yield=258.0%']",[],
LUCE.L,quality_value,Quality Value,True,1.0,"['ROE >= 12%: ROE=20.3%', 'Profit margin >= 5%: margin=7.5%', 'Debt/equity < 80%: D/E=61%', 'P/E < 20: P/E=17.9', 'FCF yield >= 3%: FCF yield=8.5%']",[],
LUCE.L,buffett_quality,Buffett Quality,False,0.5,"['ROE >= 15%: ROE=20.3%', 'P/E < 25.0: P/E=17.9']","['too much debt', 'thin margins']",
LUCE.L,economic_moat,Economic Moat,False,0.5,"['high ROE=20.3%', 'solid ROA=8.1%']","['margins below 12%', 'leverage too high']",
LUCE.L,high_dividend,High Dividend Yield,False,0.2727,"['yield=258.0%', 'universe rank 27%']",['not in top quartile for yield'],
LUCE.L,dividend_growth,Dividend Growth,True,1.0,"['dividend payer: yield=258.0%', 'earnings growth: growth=82.3%', 'reasonable P/E: P/E=17.9']",[],
LUCE.L,magic_formula,Magic Formula,True,0.6778,['ROIC rank 87%'],[],
LUCE.L,acquirers_multiple,Acquirer's Multiple,False,0.3922,"['EV/EBIT=12.9', 'universe rank 39%']","['EV/EBIT 12.9 above 12.0', 'not in top 40% cheapest on EV/EBIT']",
LUCE.L,dreman_contrarian,Dreman Contrarian,False,0.2462,[],"['P/E not in bottom quartile', 'P/B not cheap vs universe', 'dividend yield below median']",
LUCE.L,piotroski_f,Piotroski F-Score,True,0.8889,"['F-Score=8/9', 'positive net income', 'positive operating cash flow', 'ROA improving', 'OCF > net income', 'leverage declining', 'no share dilution', 'gross margin improving', 'asset turnover improving']",['current ratio improving'],"{'f_score': 8, 'max_score': 9, 'components': [{'name': 'positive net income', 'passed': True}, {'name': 'positive operating cash flow', 'passed': True}, {'name': 'ROA improving', 'passed': True}, {'name': 'OCF > net income', 'passed': True}, {'name': 'leverage declining', 'passed': True}, {'name': 'current ratio improving', 'passed': False}, {'name': 'no share dilution', 'passed': True}, {'name': 'gross margin improving', 'passed': True}, {'name': 'asset turnover improving', 'passed': True}]}"
LUCE.L,composite_value,Composite Value,False,0.4417,['top-tier on trailing_pe (percentile 100%)'],[],
LUCE.L,earnings_quality,Earnings Quality,True,1.0,"['FCF/NI=1.43', 'OCF/NI=2.22', 'ratio=-9.82%']",[],
LUCE.L,financial_health,Financial Health,True,1.0,"['D/E=61%', 'leverage=25.1%', 'CR=1.90', 'ratio=1.5', 'coverage=4.6x']",[],
MACF.L,graham_defensive,Graham Defensive,False,0.5,"['P/B < 1.5 or P/E×P/B < 22.5: P/B=0.95', 'Dividend payer: yield=506.00%']","['P/E >= 15', 'current ratio < 2']",
MACF.L,graham_enterprising,Graham Enterprising,False,0.6,"['P/E < 25: P/E=18.1', 'P/B < 3: P/B=0.95', 'Debt/equity < 100%: D/E=74%']","['ROE <= 8%', 'negative earnings growth']",
MACF.L,graham_net_net,Graham Net-Net,False,0.0,[],['missing NCAV (balance sheet data)'],
MACF.L,schloss,Schloss Low P/B,False,0.5,['P/B < 1.2: P/B=0.95'],['too much leverage'],
MACF.L,deep_value,Deep Value,False,0.5,['P/B=0.95'],['EV/EBITDA not below 8'],
MACF.L,earnings_yield,Earnings Yield,False,0.4604,['E/P=5.5% (P/E=18.1)'],['earnings yield 5.5% below 8%'],
MACF.L,fcf_yield,FCF Yield,True,1.0,['FCF yield=14.5%'],[],
MACF.L,low_pe_high_yield,Low P/E + High Yield,False,0.5,['yield=506.0%'],['P/E not below 12.0'],
MACF.L,lynch_peg,Lynch PEG,False,0.2,[],['missing or negative earnings growth'],
MACF.L,neff_pegy,Neff PEGY,True,0.9587,"['PEGY=0.04', 'growth=-68.2%', 'yield=506.0%']",[],
MACF.L,quality_value,Quality Value,False,0.6,"['Debt/equity < 80%: D/E=74%', 'P/E < 20: P/E=18.1', 'FCF yield >= 3%: FCF yield=14.5%']","['ROE below 12%', 'thin margins']",
MACF.L,buffett_quality,Buffett Quality,False,0.25,['P/E < 25.0: P/E=18.1'],"['ROE too low', 'too much debt', 'thin margins']",
MACF.L,economic_moat,Economic Moat,False,0.0,[],"['ROE below 18%', 'ROA below 8%', 'margins below 12%', 'leverage too high']",
MACF.L,high_dividend,High Dividend Yield,False,0.5909,"['yield=506.0%', 'universe rank 59%']",['not in top quartile for yield'],
MACF.L,dividend_growth,Dividend Growth,True,0.6667,"['dividend payer: yield=506.0%', 'reasonable P/E: P/E=18.1']",['earnings not growing'],
MACF.L,magic_formula,Magic Formula,False,0.3688,[],['below top half on combined Magic Formula rank'],
MACF.L,acquirers_multiple,Acquirer's Multiple,False,0.2549,"['EV/EBIT=15.1', 'universe rank 25%']","['EV/EBIT 15.1 above 12.0', 'not in top 40% cheapest on EV/EBIT']",
MACF.L,dreman_contrarian,Dreman Contrarian,False,0.4876,['dividend rank 59%'],"['P/E not in bottom quartile', 'P/B not cheap vs universe']",
MACF.L,piotroski_f,Piotroski F-Score,False,0.4444,"['F-Score=4/9', 'positive net income', 'positive operating cash flow', 'OCF > net income', 'no share dilution']","['F-Score 4/9 below 7', 'ROA improving', 'leverage declining', 'current ratio improving', 'gross margin improving', 'asset turnover improving']","{'f_score': 4, 'max_score': 9, 'components': [{'name': 'positive net income', 'passed': True}, {'name': 'positive operating cash flow', 'passed': True}, {'name': 'ROA improving', 'passed': False}, {'name': 'OCF > net income', 'passed': True}, {'name': 'leverage declining', 'passed': False}, {'name': 'current ratio improving', 'passed': False}, {'name': 'no share dilution', 'passed': True}, {'name': 'gross margin improving', 'passed': False}, {'name': 'asset turnover improving', 'passed': False}]}"
MACF.L,composite_value,Composite Value,False,0.5001,[],[],
MACF.L,earnings_quality,Earnings Quality,True,1.0,"['FCF/NI=2.57', 'OCF/NI=3.92', 'ratio=-6.65%']",[],
MACF.L,financial_health,Financial Health,False,0.8,"['D/E=74%', 'leverage=32.2%', 'ratio=3.6', 'coverage=2.5x']",['weak liquidity'],
MAJE.L,graham_defensive,Graham Defensive,False,0.5,"['P/E < 15: P/E=7.0', 'P/B < 1.5 or P/E×P/B < 22.5: P/B=1.06']","['current ratio < 2', 'no dividend']",
MAJE.L,graham_enterprising,Graham Enterprising,False,0.4,"['P/E < 25: P/E=7.0', 'P/B < 3: P/B=1.06']","['excessive leverage', 'ROE <= 8%', 'negative earnings growth']",
MAJE.L,graham_net_net,Graham Net-Net,False,0.0,[],['missing NCAV (balance sheet data)'],
MAJE.L,schloss,Schloss Low P/B,False,0.5,['P/B < 1.2: P/B=1.06'],['too much leverage'],
MAJE.L,deep_value,Deep Value,False,0.0,[],"['P/B not below 1.0', 'EV/EBITDA not below 8']",
MAJE.L,earnings_yield,Earnings Yield,True,1.0,['E/P=14.4% (P/E=7.0)'],[],
MAJE.L,fcf_yield,FCF Yield,False,1.0,['FCF yield=nan%'],['FCF yield nan% below 5%'],
MAJE.L,low_pe_high_yield,Low P/E + High Yield,False,0.5,['P/E=7.0'],['yield below 4%'],
MAJE.L,lynch_peg,Lynch PEG,False,0.0,"['PEG=nan', 'growth=nan%']",[],
MAJE.L,neff_pegy,Neff PEGY,False,0.0,"['PEGY=nan', 'growth=nan%', 'yield=nan%']",['PEGY nan >= 1.0'],
MAJE.L,quality_value,Quality Value,False,0.2,['P/E < 20: P/E=7.0'],"['ROE below 12%', 'thin margins', 'high leverage', 'FCF yield below 3%']",
MAJE.L,buffett_quality,Buffett Quality,False,0.25,['P/E < 25.0: P/E=7.0'],"['ROE too low', 'too much debt', 'thin margins']",
MAJE.L,economic_moat,Economic Moat,False,0.0,[],"['ROE below 18%', 'ROA below 8%', 'margins below 12%', 'leverage too high']",
MAJE.L,high_dividend,High Dividend Yield,False,0.0,[],['could not rank yield'],
MAJE.L,dividend_growth,Dividend Growth,False,0.3333,['reasonable P/E: P/E=7.0'],"['yield too low', 'earnings not growing']",
MAJE.L,magic_formula,Magic Formula,False,0.0,[],['missing EBIT/EV or ROIC inputs'],
MAJE.L,acquirers_multiple,Acquirer's Multiple,False,0.0,[],['could not rank EV/EBIT'],
MAJE.L,dreman_contrarian,Dreman Contrarian,False,0.6125,['low P/E rank 81%'],['P/B not cheap vs universe'],
MAJE.L,piotroski_f,Piotroski F-Score,False,0.2222,"['F-Score=2/9', 'positive net income', 'no share dilution']","['F-Score 2/9 below 7', 'positive operating cash flow', 'ROA improving', 'OCF > net income', 'leverage declining', 'current ratio improving', 'gross margin improving', 'asset turnover improving']","{'f_score': 2, 'max_score': 9, 'components': [{'name': 'positive net income', 'passed': True}, {'name': 'positive operating cash flow', 'passed': False}, {'name': 'ROA improving', 'passed': False}, {'name': 'OCF > net income', 'passed': False}, {'name': 'leverage declining', 'passed': False}, {'name': 'current ratio improving', 'passed': False}, {'name': 'no share dilution', 'passed': True}, {'name': 'gross margin improving', 'passed': False}, {'name': 'asset turnover improving', 'passed': False}]}"
MAJE.L,composite_value,Composite Value,False,0.4896,[],"['missing dividend_yield', 'missing fcf_yield', 'missing ev_ebitda']",
MAJE.L,earnings_quality,Earnings Quality,False,0.0,[],"['weak free-cash conversion', 'operating cash below earnings', 'high accruals vs assets']",
MAJE.L,financial_health,Financial Health,False,0.2,['insufficient data — skipped'],"['high debt to equity', 'high leverage', 'weak liquidity', 'weak interest coverage']",
MARS.L,graham_defensive,Graham Defensive,False,0.5,"['P/E < 15: P/E=4.4', 'P/B < 1.5 or P/E×P/B < 22.5: P/B=0.41']","['current ratio < 2', 'no dividend']",
MARS.L,graham_enterprising,Graham Enterprising,True,0.8,"['P/E < 25: P/E=4.4', 'P/B < 3: P/B=0.41', 'ROE > 8%: ROE=10.0%', 'Positive earnings growth: growth=28.6%']",['excessive leverage'],
MARS.L,graham_net_net,Graham Net-Net,False,0.0,[],['missing NCAV (balance sheet data)'],
MARS.L,schloss,Schloss Low P/B,False,0.5,['P/B < 1.2: P/B=0.41'],['too much leverage'],
MARS.L,deep_value,Deep Value,False,0.5,['P/B=0.41'],['EV/EBITDA not below 8'],
MARS.L,earnings_yield,Earnings Yield,True,1.0,['E/P=22.8% (P/E=4.4)'],[],
MARS.L,fcf_yield,FCF Yield,False,0.4336,['FCF yield=4.3%'],['FCF yield 4.3% below 5%'],
MARS.L,low_pe_high_yield,Low P/E + High Yield,False,0.5,['P/E=4.4'],['yield below 4%'],
MARS.L,lynch_peg,Lynch PEG,True,0.8464,"['PEG=0.15', 'growth=28.6%']",[],
MARS.L,neff_pegy,Neff PEGY,False,0.0,"['PEGY=nan', 'growth=28.6%', 'yield=nan%']",['PEGY nan >= 1.0'],
MARS.L,quality_value,Quality Value,False,0.6,"['Profit margin >= 5%: margin=8.4%', 'P/E < 20: P/E=4.4', 'FCF yield >= 3%: FCF yield=4.3%']","['ROE below 12%', 'high leverage']",
MARS.L,buffett_quality,Buffett Quality,False,0.5,"['margin >= 8%: margin=8.4%', 'P/E < 25.0: P/E=4.4']","['ROE too low', 'too much debt']",
MARS.L,economic_moat,Economic Moat,False,0.0,[],"['ROE below 18%', 'ROA below 8%', 'margins below 12%', 'leverage too high']",
MARS.L,high_dividend,High Dividend Yield,False,0.0,[],['could not rank yield'],
MARS.L,dividend_growth,Dividend Growth,False,0.6667,"['earnings growth: growth=28.6%', 'reasonable P/E: P/E=4.4']",['yield too low'],
MARS.L,magic_formula,Magic Formula,True,0.5251,['earnings yield rank 61%'],[],
MARS.L,acquirers_multiple,Acquirer's Multiple,False,0.5098,"['EV/EBIT=10.3', 'universe rank 51%']",['not in top 40% cheapest on EV/EBIT'],
MARS.L,dreman_contrarian,Dreman Contrarian,True,0.9081,"['low P/E rank 94%', 'low P/B rank 87%']",[],
MARS.L,piotroski_f,Piotroski F-Score,True,0.7778,"['F-Score=7/9', 'positive net income', 'positive operating cash flow', 'ROA improving', 'OCF > net income', 'leverage declining', 'no share dilution', 'gross margin improving']","['current ratio improving', 'asset turnover improving']","{'f_score': 7, 'max_score': 9, 'components': [{'name': 'positive net income', 'passed': True}, {'name': 'positive operating cash flow', 'passed': True}, {'name': 'ROA improving', 'passed': True}, {'name': 'OCF > net income', 'passed': True}, {'name': 'leverage declining', 'passed': True}, {'name': 'current ratio improving', 'passed': False}, {'name': 'no share dilution', 'passed': True}, {'name': 'gross margin improving', 'passed': True}, {'name': 'asset turnover improving', 'passed': False}]}"
MARS.L,composite_value,Composite Value,True,0.6812,"['top-tier on trailing_pe (percentile 100%)', 'top-tier on price_to_book (percentile 88%)']",['missing dividend_yield'],
MARS.L,earnings_quality,Earnings Quality,False,0.6667,"['OCF/NI=2.78', 'ratio=-5.51%']",['weak free-cash conversion'],
MARS.L,financial_health,Financial Health,False,0.2,['leverage=53.6%'],"['high debt to equity', 'weak liquidity', 'high net debt/EBITDA', 'weak interest coverage']",
MER.L,graham_defensive,Graham Defensive,False,0.75,"['P/E < 15: P/E=7.0', 'P/B < 1.5 or P/E×P/B < 22.5: P/B=1.85', 'Dividend payer: yield=420.00%']",['current ratio < 2'],
MER.L,graham_enterprising,Graham Enterprising,True,0.8,"['P/E < 25: P/E=7.0', 'P/B < 3: P/B=1.85', 'ROE > 8%: ROE=26.1%', 'Positive earnings growth: growth=30.1%']",['excessive leverage'],
MER.L,graham_net_net,Graham Net-Net,False,0.0,[],['missing NCAV (balance sheet data)'],
MER.L,schloss,Schloss Low P/B,False,0.0,[],"['P/B too high', 'too much leverage']",
MER.L,deep_value,Deep Value,False,0.5,['EV/EBITDA=6.9'],['P/B not below 1.0'],
MER.L,earnings_yield,Earnings Yield,True,1.0,['E/P=14.4% (P/E=7.0)'],[],
MER.L,fcf_yield,FCF Yield,True,1.0,['FCF yield=16.4%'],[],
MER.L,low_pe_high_yield,Low P/E + High Yield,True,1.0,"['P/E=7.0', 'yield=420.0%']",[],
MER.L,lynch_peg,Lynch PEG,True,0.769,"['PEG=0.23', 'growth=30.1%']",[],
MER.L,neff_pegy,Neff PEGY,True,0.9846,"['PEGY=0.02', 'growth=30.1%', 'yield=420.0%']",[],
MER.L,quality_value,Quality Value,False,0.6,"['ROE >= 12%: ROE=26.1%', 'P/E < 20: P/E=7.0', 'FCF yield >= 3%: FCF yield=16.4%']","['thin margins', 'high leverage']",
MER.L,buffett_quality,Buffett Quality,False,0.5,"['ROE >= 15%: ROE=26.1%', 'P/E < 25.0: P/E=7.0']","['too much debt', 'thin margins']",
MER.L,economic_moat,Economic Moat,False,0.25,['high ROE=26.1%'],"['ROA below 8%', 'margins below 12%', 'leverage too high']",
MER.L,high_dividend,High Dividend Yield,False,0.4545,"['yield=420.0%', 'universe rank 45%']",['not in top quartile for yield'],
MER.L,dividend_growth,Dividend Growth,True,1.0,"['dividend payer: yield=420.0%', 'earnings growth: growth=30.1%', 'reasonable P/E: P/E=7.0']",[],
MER.L,magic_formula,Magic Formula,True,0.825,"['earnings yield rank 80%', 'ROIC rank 85%']",[],
MER.L,acquirers_multiple,Acquirer's Multiple,True,0.7059,"['EV/EBIT=8.0', 'universe rank 71%']",[],
MER.L,dreman_contrarian,Dreman Contrarian,False,0.4934,['low P/E rank 83%'],"['P/B not cheap vs universe', 'dividend yield below median']",
MER.L,piotroski_f,Piotroski F-Score,False,0.5556,"['F-Score=5/9', 'positive net income', 'positive operating cash flow', 'OCF > net income', 'no share dilution', 'gross margin improving']","['F-Score 5/9 below 7', 'ROA improving', 'leverage declining', 'current ratio improving', 'asset turnover improving']","{'f_score': 5, 'max_score': 9, 'components': [{'name': 'positive net income', 'passed': True}, {'name': 'positive operating cash flow', 'passed': True}, {'name': 'ROA improving', 'passed': False}, {'name': 'OCF > net income', 'passed': True}, {'name': 'leverage declining', 'passed': False}, {'name': 'current ratio improving', 'passed': False}, {'name': 'no share dilution', 'passed': True}, {'name': 'gross margin improving', 'passed': True}, {'name': 'asset turnover improving', 'passed': False}]}"
MER.L,composite_value,Composite Value,True,0.6788,"['top-tier on trailing_pe (percentile 93%)', 'top-tier on ev_ebitda (percentile 87%)']",[],
MER.L,earnings_quality,Earnings Quality,True,1.0,"['FCF/NI=1.21', 'OCF/NI=2.44', 'ratio=-8.98%']",[],
MER.L,financial_health,Financial Health,False,0.6,"['leverage=43.1%', 'ratio=2.7', 'coverage=4.7x']","['high debt to equity', 'weak liquidity']",
MWY.L,graham_defensive,Graham Defensive,False,0.25,['P/B < 1.5 or P/E×P/B < 22.5: P/B=1.00'],"['no positive trailing P/E', 'current ratio < 2', 'no dividend']",
MWY.L,graham_enterprising,Graham Enterprising,False,0.2,['P/B < 3: P/B=1.00'],"['missing P/E', 'excessive leverage', 'ROE <= 8%', 'negative earnings growth']",
MWY.L,graham_net_net,Graham Net-Net,False,0.0,[],['missing NCAV (balance sheet data)'],
MWY.L,schloss,Schloss Low P/B,False,0.5,['P/B < 1.2: P/B=1.00'],['too much leverage'],
MWY.L,deep_value,Deep Value,False,0.0,[],"['P/B not below 1.0', 'EV/EBITDA not below 8']",
MWY.L,earnings_yield,Earnings Yield,False,1.0,['E/P=nan% (P/E=nan)'],['earnings yield nan% below 8%'],
MWY.L,fcf_yield,FCF Yield,False,1.0,['FCF yield=nan%'],['FCF yield nan% below 5%'],
MWY.L,low_pe_high_yield,Low P/E + High Yield,False,0.0,[],"['P/E not below 12.0', 'yield below 4%']",
MWY.L,lynch_peg,Lynch PEG,False,0.0,"['PEG=nan', 'growth=nan%']",[],
MWY.L,neff_pegy,Neff PEGY,False,0.0,"['PEGY=nan', 'growth=nan%', 'yield=nan%']",['PEGY nan >= 1.0'],
MWY.L,quality_value,Quality Value,False,0.0,[],"['ROE below 12%', 'thin margins', 'high leverage', 'missing P/E', 'FCF yield below 3%']",
MWY.L,buffett_quality,Buffett Quality,False,0.0,[],"['ROE too low', 'too much debt', 'thin margins', 'missing P/E']",
MWY.L,economic_moat,Economic Moat,False,0.0,[],"['ROE below 18%', 'ROA below 8%', 'margins below 12%', 'leverage too high']",
MWY.L,high_dividend,High Dividend Yield,False,0.0,[],['could not rank yield'],
MWY.L,dividend_growth,Dividend Growth,False,0.0,[],"['yield too low', 'earnings not growing', 'P/E out of range']",
MWY.L,magic_formula,Magic Formula,False,0.0,[],['missing EBIT/EV or ROIC inputs'],
MWY.L,acquirers_multiple,Acquirer's Multiple,False,0.0,[],['could not rank EV/EBIT'],
MWY.L,dreman_contrarian,Dreman Contrarian,False,0.0,[],['missing valuation data'],
MWY.L,piotroski_f,Piotroski F-Score,False,0.3333,"['F-Score=3/9', 'positive operating cash flow', 'OCF > net income', 'no share dilution']","['F-Score 3/9 below 7', 'positive net income', 'ROA improving', 'leverage declining', 'current ratio improving', 'gross margin improving', 'asset turnover improving']","{'f_score': 3, 'max_score': 9, 'components': [{'name': 'positive net income', 'passed': False}, {'name': 'positive operating cash flow', 'passed': True}, {'name': 'ROA improving', 'passed': False}, {'name': 'OCF > net income', 'passed': True}, {'name': 'leverage declining', 'passed': False}, {'name': 'current ratio improving', 'passed': False}, {'name': 'no share dilution', 'passed': True}, {'name': 'gross margin improving', 'passed': False}, {'name': 'asset turnover improving', 'passed': False}]}"
MWY.L,composite_value,Composite Value,False,0.5,[],"['missing trailing_pe', 'missing dividend_yield', 'missing fcf_yield', 'missing ev_ebitda']",
MWY.L,earnings_quality,Earnings Quality,False,0.5,['ratio=-6.61%'],['negative net income'],
MWY.L,financial_health,Financial Health,False,0.4,"['insufficient data — skipped', 'insufficient data — skipped']","['high debt to equity', 'high leverage', 'weak liquidity']",
GLE.L,graham_defensive,Graham Defensive,True,1.0,"['P/E < 15: P/E=11.0', 'P/B < 1.5 or P/E×P/B < 22.5: P/B=0.53', 'Current ratio >= 2: CR=3.87', 'Dividend payer: yield=396.00%']",[],
GLE.L,graham_enterprising,Graham Enterprising,False,0.6,"['P/E < 25: P/E=11.0', 'P/B < 3: P/B=0.53', 'Debt/equity < 100%: D/E=9%']","['ROE <= 8%', 'negative earnings growth']",
GLE.L,graham_net_net,Graham Net-Net,False,0.0,[],['missing NCAV (balance sheet data)'],
GLE.L,schloss,Schloss Low P/B,True,1.0,"['P/B < 1.2: P/B=0.53', 'D/E < 50.0%: D/E=9%']",[],
GLE.L,deep_value,Deep Value,True,1.0,"['P/B=0.53', 'EV/EBITDA=7.0']",[],
GLE.L,earnings_yield,Earnings Yield,True,0.7576,['E/P=9.1% (P/E=11.0)'],[],
GLE.L,fcf_yield,FCF Yield,False,0.0,['FCF yield=-3.6%'],['FCF yield -3.6% below 5%'],
GLE.L,low_pe_high_yield,Low P/E + High Yield,True,1.0,"['P/E=11.0', 'yield=396.0%']",[],
GLE.L,lynch_peg,Lynch PEG,False,0.2,[],['missing or negative earnings growth'],
GLE.L,neff_pegy,Neff PEGY,True,0.9678,"['PEGY=0.03', 'growth=-54.0%', 'yield=396.0%']",[],
GLE.L,quality_value,Quality Value,False,0.4,"['Debt/equity < 80%: D/E=9%', 'P/E < 20: P/E=11.0']","['ROE below 12%', 'thin margins', 'FCF yield below 3%']",
GLE.L,buffett_quality,Buffett Quality,False,0.5,"['D/E < 60.0%: D/E=9%', 'P/E < 25.0: P/E=11.0']","['ROE too low', 'thin margins']",
GLE.L,economic_moat,Economic Moat,False,0.25,['low leverage D/E=9%'],"['ROE below 18%', 'ROA below 8%', 'margins below 12%']",
GLE.L,high_dividend,High Dividend Yield,False,0.4318,"['yield=396.0%', 'universe rank 43%']",['not in top quartile for yield'],
GLE.L,dividend_growth,Dividend Growth,True,0.6667,"['dividend payer: yield=396.0%', 'reasonable P/E: P/E=11.0']",['earnings not growing'],
GLE.L,magic_formula,Magic Formula,True,0.691,"['earnings yield rank 86%', 'ROIC rank 52%']",[],
GLE.L,acquirers_multiple,Acquirer's Multiple,True,0.7647,"['EV/EBIT=6.6', 'universe rank 76%']",[],
GLE.L,dreman_contrarian,Dreman Contrarian,False,0.6254,['low P/B rank 83%'],"['P/E not in bottom quartile', 'dividend yield below median']",
GLE.L,piotroski_f,Piotroski F-Score,False,0.6667,"['F-Score=6/9', 'positive net income', 'positive operating cash flow', 'leverage declining', 'current ratio improving', 'no share dilution', 'asset turnover improving']","['F-Score 6/9 below 7', 'ROA improving', 'OCF > net income', 'gross margin improving']","{'f_score': 6, 'max_score': 9, 'components': [{'name': 'positive net income', 'passed': True}, {'name': 'positive operating cash flow', 'passed': True}, {'name': 'ROA improving', 'passed': False}, {'name': 'OCF > net income', 'passed': False}, {'name': 'leverage declining', 'passed': True}, {'name': 'current ratio improving', 'passed': True}, {'name': 'no share dilution', 'passed': True}, {'name': 'gross margin improving', 'passed': False}, {'name': 'asset turnover improving', 'passed': True}]}"
GLE.L,composite_value,Composite Value,False,0.5761,"['top-tier on trailing_pe (percentile 71%)', 'top-tier on price_to_book (percentile 81%)', 'top-tier on ev_ebitda (percentile 73%)']",[],
GLE.L,earnings_quality,Earnings Quality,False,0.6667,"['OCF/NI=0.93', 'ratio=0.35%']",['weak free-cash conversion'],
GLE.L,financial_health,Financial Health,True,1.0,"['D/E=9%', 'leverage=1.3%', 'CR=5.79', 'ratio=1.0', 'coverage=8.3x']",[],
MMIT.L,graham_defensive,Graham Defensive,False,0.5,"['P/E < 15: P/E=3.0', 'P/B < 1.5 or P/E×P/B < 22.5: P/B=1.11']","['current ratio < 2', 'no dividend']",
MMIT.L,graham_enterprising,Graham Enterprising,False,0.4,"['P/E < 25: P/E=3.0', 'P/B < 3: P/B=1.11']","['excessive leverage', 'ROE <= 8%', 'negative earnings growth']",
MMIT.L,graham_net_net,Graham Net-Net,False,0.0,[],['missing NCAV (balance sheet data)'],
MMIT.L,schloss,Schloss Low P/B,False,0.5,['P/B < 1.2: P/B=1.11'],['too much leverage'],
MMIT.L,deep_value,Deep Value,False,0.0,[],"['P/B not below 1.0', 'EV/EBITDA not below 8']",
MMIT.L,earnings_yield,Earnings Yield,True,1.0,['E/P=32.9% (P/E=3.0)'],[],
MMIT.L,fcf_yield,FCF Yield,False,1.0,['FCF yield=nan%'],['FCF yield nan% below 5%'],
MMIT.L,low_pe_high_yield,Low P/E + High Yield,False,0.5,['P/E=3.0'],['yield below 4%'],
MMIT.L,lynch_peg,Lynch PEG,False,0.0,"['PEG=nan', 'growth=nan%']",[],
MMIT.L,neff_pegy,Neff PEGY,False,0.0,"['PEGY=nan', 'growth=nan%', 'yield=nan%']",['PEGY nan >= 1.0'],
MMIT.L,quality_value,Quality Value,False,0.2,['P/E < 20: P/E=3.0'],"['ROE below 12%', 'thin margins', 'high leverage', 'FCF yield below 3%']",
MMIT.L,buffett_quality,Buffett Quality,False,0.25,['P/E < 25.0: P/E=3.0'],"['ROE too low', 'too much debt', 'thin margins']",
MMIT.L,economic_moat,Economic Moat,False,0.0,[],"['ROE below 18%', 'ROA below 8%', 'margins below 12%', 'leverage too high']",
MMIT.L,high_dividend,High Dividend Yield,False,0.0,[],['could not rank yield'],
MMIT.L,dividend_growth,Dividend Growth,False,0.3333,['reasonable P/E: P/E=3.0'],"['yield too low', 'earnings not growing']",
MMIT.L,magic_formula,Magic Formula,False,0.0,[],['missing EBIT/EV or ROIC inputs'],
MMIT.L,acquirers_multiple,Acquirer's Multiple,False,0.0,[],['could not rank EV/EBIT'],
MMIT.L,dreman_contrarian,Dreman Contrarian,False,0.6923,['low P/E rank 100%'],['P/B not cheap vs universe'],
MMIT.L,piotroski_f,Piotroski F-Score,False,0.4444,"['F-Score=4/9', 'positive net income', 'ROA improving', 'no share dilution', 'asset turnover improving']","['F-Score 4/9 below 7', 'positive operating cash flow', 'OCF > net income', 'leverage declining', 'current ratio improving', 'gross margin improving']","{'f_score': 4, 'max_score': 9, 'components': [{'name': 'positive net income', 'passed': True}, {'name': 'positive operating cash flow', 'passed': False}, {'name': 'ROA improving', 'passed': True}, {'name': 'OCF > net income', 'passed': False}, {'name': 'leverage declining', 'passed': False}, {'name': 'current ratio improving', 'passed': False}, {'name': 'no share dilution', 'passed': True}, {'name': 'gross margin improving', 'passed': False}, {'name': 'asset turnover improving', 'passed': True}]}"
MMIT.L,composite_value,Composite Value,False,0.6825,['top-tier on trailing_pe (percentile 100%)'],"['missing dividend_yield', 'missing fcf_yield', 'missing ev_ebitda']",
MMIT.L,earnings_quality,Earnings Quality,False,0.3333,['ratio=7.34%'],"['weak free-cash conversion', 'operating cash below earnings']",
MMIT.L,financial_health,Financial Health,False,0.4,"['insufficient data — skipped', 'insufficient data — skipped']","['high debt to equity', 'high leverage', 'weak liquidity']",
MOTR.L,graham_defensive,Graham Defensive,False,0.25,['Dividend payer: yield=189.00%'],"['P/E >= 15', 'valuation too rich on P/B or P/E×P/B', 'current ratio < 2']",
MOTR.L,graham_enterprising,Graham Enterprising,False,0.6,"['P/E < 25: P/E=18.1', 'ROE > 8%: ROE=21.2%', 'Positive earnings growth: growth=82.4%']","['P/B >= 3', 'excessive leverage']",
MOTR.L,graham_net_net,Graham Net-Net,False,0.0,[],['missing NCAV (balance sheet data)'],
MOTR.L,schloss,Schloss Low P/B,False,0.0,[],"['P/B too high', 'too much leverage']",
MOTR.L,deep_value,Deep Value,False,0.0,[],"['P/B not below 1.0', 'EV/EBITDA not below 8']",
MOTR.L,earnings_yield,Earnings Yield,False,0.4593,['E/P=5.5% (P/E=18.1)'],['earnings yield 5.5% below 8%'],
MOTR.L,fcf_yield,FCF Yield,False,0.0,['FCF yield=-28.9%'],['FCF yield -28.9% below 5%'],
MOTR.L,low_pe_high_yield,Low P/E + High Yield,False,0.5,['yield=189.0%'],['P/E not below 12.0'],
MOTR.L,lynch_peg,Lynch PEG,True,0.7798,"['PEG=0.22', 'growth=82.4%']",[],
MOTR.L,neff_pegy,Neff PEGY,True,0.9332,"['PEGY=0.07', 'growth=82.4%', 'yield=189.0%']",[],
MOTR.L,quality_value,Quality Value,False,0.4,"['ROE >= 12%: ROE=21.2%', 'P/E < 20: P/E=18.1']","['thin margins', 'high leverage', 'FCF yield below 3%']",
MOTR.L,buffett_quality,Buffett Quality,False,0.5,"['ROE >= 15%: ROE=21.2%', 'P/E < 25.0: P/E=18.1']","['too much debt', 'thin margins']",
MOTR.L,economic_moat,Economic Moat,False,0.25,['high ROE=21.2%'],"['ROA below 8%', 'margins below 12%', 'leverage too high']",
MOTR.L,high_dividend,High Dividend Yield,False,0.1591,"['yield=189.0%', 'universe rank 16%']",['not in top quartile for yield'],
MOTR.L,dividend_growth,Dividend Growth,True,1.0,"['dividend payer: yield=189.0%', 'earnings growth: growth=82.4%', 'reasonable P/E: P/E=18.1']",[],
MOTR.L,magic_formula,Magic Formula,False,0.0,[],['missing EBIT/EV or ROIC inputs'],
MOTR.L,acquirers_multiple,Acquirer's Multiple,False,0.0,[],['could not rank EV/EBIT'],
MOTR.L,dreman_contrarian,Dreman Contrarian,False,0.1793,[],"['P/E not in bottom quartile', 'P/B not cheap vs universe', 'dividend yield below median']",
MOTR.L,piotroski_f,Piotroski F-Score,False,0.4444,"['F-Score=4/9', 'positive operating cash flow', 'ROA improving', 'leverage declining', 'no share dilution']","['F-Score 4/9 below 7', 'positive net income', 'OCF > net income', 'current ratio improving', 'gross margin improving', 'asset turnover improving']","{'f_score': 4, 'max_score': 9, 'components': [{'name': 'positive net income', 'passed': False}, {'name': 'positive operating cash flow', 'passed': True}, {'name': 'ROA improving', 'passed': True}, {'name': 'OCF > net income', 'passed': False}, {'name': 'leverage declining', 'passed': True}, {'name': 'current ratio improving', 'passed': False}, {'name': 'no share dilution', 'passed': True}, {'name': 'gross margin improving', 'passed': False}, {'name': 'asset turnover improving', 'passed': False}]}"
MOTR.L,composite_value,Composite Value,False,0.1523,[],[],
MOTR.L,earnings_quality,Earnings Quality,False,0.0,[],"['missing net income', 'high accruals vs assets']",
MOTR.L,financial_health,Financial Health,False,0.4,"['leverage=23.7%', 'insufficient data — skipped']","['high debt to equity', 'weak liquidity', 'high net debt/EBITDA']",
NRR.L,graham_defensive,Graham Defensive,True,1.0,"['P/E < 15: P/E=11.7', 'P/B < 1.5 or P/E×P/B < 22.5: P/B=0.77', 'Current ratio >= 2: CR=2.86', 'Dividend payer: yield=817.00%']",[],
NRR.L,graham_enterprising,Graham Enterprising,False,0.6,"['P/E < 25: P/E=11.7', 'P/B < 3: P/B=0.77', 'Positive earnings growth: growth=13.8%']","['excessive leverage', 'ROE <= 8%']",
NRR.L,graham_net_net,Graham Net-Net,False,0.0,[],['missing NCAV (balance sheet data)'],
NRR.L,schloss,Schloss Low P/B,False,0.5,['P/B < 1.2: P/B=0.77'],['too much leverage'],
NRR.L,deep_value,Deep Value,False,0.5,['P/B=0.77'],['EV/EBITDA not below 8'],
NRR.L,earnings_yield,Earnings Yield,True,0.7114,['E/P=8.5% (P/E=11.7)'],[],
NRR.L,fcf_yield,FCF Yield,False,0.383,['FCF yield=3.8%'],['FCF yield 3.8% below 5%'],
NRR.L,low_pe_high_yield,Low P/E + High Yield,True,1.0,"['P/E=11.7', 'yield=817.0%']",[],
NRR.L,lynch_peg,Lynch PEG,True,0.1511,"['PEG=0.85', 'growth=13.8%']",[],
NRR.L,neff_pegy,Neff PEGY,True,0.9859,"['PEGY=0.01', 'growth=13.8%', 'yield=817.0%']",[],
NRR.L,quality_value,Quality Value,False,0.6,"['Profit margin >= 5%: margin=24.3%', 'P/E < 20: P/E=11.7', 'FCF yield >= 3%: FCF yield=3.8%']","['ROE below 12%', 'high leverage']",
NRR.L,buffett_quality,Buffett Quality,False,0.5,"['margin >= 8%: margin=24.3%', 'P/E < 25.0: P/E=11.7']","['ROE too low', 'too much debt']",
NRR.L,economic_moat,Economic Moat,False,0.25,['wide margin=24.3%'],"['ROE below 18%', 'ROA below 8%', 'leverage too high']",
NRR.L,high_dividend,High Dividend Yield,True,0.8182,"['yield=817.0%', 'universe rank 82%']",[],
NRR.L,dividend_growth,Dividend Growth,True,1.0,"['dividend payer: yield=817.0%', 'earnings growth: growth=13.8%', 'reasonable P/E: P/E=11.7']",[],
NRR.L,magic_formula,Magic Formula,False,0.3499,[],['below top half on combined Magic Formula rank'],
NRR.L,acquirers_multiple,Acquirer's Multiple,False,0.2941,"['EV/EBIT=14.7', 'universe rank 29%']","['EV/EBIT 14.7 above 12.0', 'not in top 40% cheapest on EV/EBIT']",
NRR.L,dreman_contrarian,Dreman Contrarian,False,0.6844,"['low P/B rank 68%', 'dividend rank 82%']",['P/E not in bottom quartile'],
NRR.L,piotroski_f,Piotroski F-Score,True,0.7778,"['F-Score=7/9', 'positive net income', 'positive operating cash flow', 'ROA improving', 'OCF > net income', 'current ratio improving', 'no share dilution', 'asset turnover improving']","['leverage declining', 'gross margin improving']","{'f_score': 7, 'max_score': 9, 'components': [{'name': 'positive net income', 'passed': True}, {'name': 'positive operating cash flow', 'passed': True}, {'name': 'ROA improving', 'passed': True}, {'name': 'OCF > net income', 'passed': True}, {'name': 'leverage declining', 'passed': False}, {'name': 'current ratio improving', 'passed': True}, {'name': 'no share dilution', 'passed': True}, {'name': 'gross margin improving', 'passed': False}, {'name': 'asset turnover improving', 'passed': True}]}"
NRR.L,composite_value,Composite Value,False,0.525,['top-tier on trailing_pe (percentile 80%)'],[],
NRR.L,earnings_quality,Earnings Quality,False,0.6667,"['OCF/NI=1.17', 'ratio=-0.54%']",['weak free-cash conversion'],
NRR.L,financial_health,Financial Health,False,0.6,"['leverage=50.6%', 'CR=2.86', 'coverage=2.5x']","['high debt to equity', 'high net debt/EBITDA']",
NXR.L,graham_defensive,Graham Defensive,False,0.5,"['P/B < 1.5 or P/E×P/B < 22.5: P/B=1.47', 'Dividend payer: yield=347.00%']","['P/E >= 15', 'current ratio < 2']",
NXR.L,graham_enterprising,Graham Enterprising,False,0.4,"['P/B < 3: P/B=1.47', 'Debt/equity < 100%: D/E=65%']","['P/E >= 25', 'ROE <= 8%', 'negative earnings growth']",
NXR.L,graham_net_net,Graham Net-Net,False,0.0,[],['missing NCAV (balance sheet data)'],
NXR.L,schloss,Schloss Low P/B,False,0.0,[],"['P/B too high', 'too much leverage']",
NXR.L,deep_value,Deep Value,False,0.5,['EV/EBITDA=6.6'],['P/B not below 1.0'],
NXR.L,earnings_yield,Earnings Yield,False,0.2812,['E/P=3.4% (P/E=29.6)'],['earnings yield 3.4% below 8%'],
NXR.L,fcf_yield,FCF Yield,True,1.0,['FCF yield=14.2%'],[],
NXR.L,low_pe_high_yield,Low P/E + High Yield,False,0.5,['yield=347.0%'],['P/E not below 12.0'],
NXR.L,lynch_peg,Lynch PEG,False,0.0,"['PEG=nan', 'growth=nan%']",[],
NXR.L,neff_pegy,Neff PEGY,False,0.0,"['PEGY=nan', 'growth=nan%', 'yield=347.0%']",['PEGY nan >= 1.0'],
NXR.L,quality_value,Quality Value,False,0.4,"['Debt/equity < 80%: D/E=65%', 'FCF yield >= 3%: FCF yield=14.2%']","['ROE below 12%', 'thin margins', 'P/E >= 20']",
NXR.L,buffett_quality,Buffett Quality,False,0.0,[],"['ROE too low', 'too much debt', 'thin margins', 'P/E too high']",
NXR.L,economic_moat,Economic Moat,False,0.0,[],"['ROE below 18%', 'ROA below 8%', 'margins below 12%', 'leverage too high']",
NXR.L,high_dividend,High Dividend Yield,False,0.3636,"['yield=347.0%', 'universe rank 36%']",['not in top quartile for yield'],
NXR.L,dividend_growth,Dividend Growth,False,0.3333,['dividend payer: yield=347.0%'],"['earnings not growing', 'P/E out of range']",
NXR.L,magic_formula,Magic Formula,False,0.3199,[],['below top half on combined Magic Formula rank'],
NXR.L,acquirers_multiple,Acquirer's Multiple,False,0.1765,"['EV/EBIT=17.5', 'universe rank 18%']","['EV/EBIT 17.5 above 12.0', 'not in top 40% cheapest on EV/EBIT']",
NXR.L,dreman_contrarian,Dreman Contrarian,False,0.2603,[],"['P/E not in bottom quartile', 'P/B not cheap vs universe', 'dividend yield below median']",
NXR.L,piotroski_f,Piotroski F-Score,False,0.5556,"['F-Score=5/9', 'positive net income', 'positive operating cash flow', 'OCF > net income', 'no share dilution', 'gross margin improving']","['F-Score 5/9 below 7', 'ROA improving', 'leverage declining', 'current ratio improving', 'asset turnover improving']","{'f_score': 5, 'max_score': 9, 'components': [{'name': 'positive net income', 'passed': True}, {'name': 'positive operating cash flow', 'passed': True}, {'name': 'ROA improving', 'passed': False}, {'name': 'OCF > net income', 'passed': True}, {'name': 'leverage declining', 'passed': False}, {'name': 'current ratio improving', 'passed': False}, {'name': 'no share dilution', 'passed': True}, {'name': 'gross margin improving', 'passed': True}, {'name': 'asset turnover improving', 'passed': False}]}"
NXR.L,composite_value,Composite Value,False,0.4833,['top-tier on ev_ebitda (percentile 80%)'],[],
NXR.L,earnings_quality,Earnings Quality,True,1.0,"['FCF/NI=137.96', 'OCF/NI=107.67', 'ratio=-7.20%']",[],
NXR.L,financial_health,Financial Health,True,1.0,"['D/E=65%', 'leverage=29.0%', 'CR=1.92', 'ratio=1.6', 'coverage=3.1x']",[],
OTB.L,graham_defensive,Graham Defensive,False,0.25,['Dividend payer: yield=203.00%'],"['P/E >= 15', 'valuation too rich on P/B or P/E×P/B', 'current ratio < 2']",
OTB.L,graham_enterprising,Graham Enterprising,True,0.8,"['P/E < 25: P/E=17.9', 'P/B < 3: P/B=2.24', 'Debt/equity < 100%: D/E=24%', 'ROE > 8%: ROE=12.8%']",['negative earnings growth'],
OTB.L,graham_net_net,Graham Net-Net,False,0.0,[],['missing NCAV (balance sheet data)'],
OTB.L,schloss,Schloss Low P/B,False,0.5,['D/E < 50.0%: D/E=24%'],['P/B too high'],
OTB.L,deep_value,Deep Value,False,0.0,[],"['P/B not below 1.0', 'EV/EBITDA not below 8']",
OTB.L,earnings_yield,Earnings Yield,False,0.4644,['E/P=5.6% (P/E=17.9)'],['earnings yield 5.6% below 8%'],
OTB.L,fcf_yield,FCF Yield,True,1.0,['FCF yield=14.9%'],[],
OTB.L,low_pe_high_yield,Low P/E + High Yield,False,0.5,['yield=203.0%'],['P/E not below 12.0'],
OTB.L,lynch_peg,Lynch PEG,False,0.0,"['PEG=nan', 'growth=nan%']",[],
OTB.L,neff_pegy,Neff PEGY,False,0.0,"['PEGY=nan', 'growth=nan%', 'yield=203.0%']",['PEGY nan >= 1.0'],
OTB.L,quality_value,Quality Value,True,0.8,"['ROE >= 12%: ROE=12.8%', 'Debt/equity < 80%: D/E=24%', 'P/E < 20: P/E=17.9', 'FCF yield >= 3%: FCF yield=14.9%']",['thin margins'],
OTB.L,buffett_quality,Buffett Quality,False,0.5,"['D/E < 60.0%: D/E=24%', 'P/E < 25.0: P/E=17.9']","['ROE too low', 'thin margins']",
OTB.L,economic_moat,Economic Moat,False,0.25,['low leverage D/E=24%'],"['ROE below 18%', 'ROA below 8%', 'margins below 12%']",
OTB.L,high_dividend,High Dividend Yield,False,0.1818,"['yield=203.0%', 'universe rank 18%']",['not in top quartile for yield'],
OTB.L,dividend_growth,Dividend Growth,True,0.6667,"['dividend payer: yield=203.0%', 'reasonable P/E: P/E=17.9']",['earnings not growing'],
OTB.L,magic_formula,Magic Formula,False,0.0,[],['missing EBIT/EV or ROIC inputs'],
OTB.L,acquirers_multiple,Acquirer's Multiple,False,0.0,[],['could not rank EV/EBIT'],
OTB.L,dreman_contrarian,Dreman Contrarian,False,0.2396,[],"['P/E not in bottom quartile', 'P/B not cheap vs universe', 'dividend yield below median']",
OTB.L,piotroski_f,Piotroski F-Score,False,0.6667,"['F-Score=6/9', 'positive net income', 'positive operating cash flow', 'OCF > net income', 'leverage declining', 'no share dilution', 'asset turnover improving']","['F-Score 6/9 below 7', 'ROA improving', 'current ratio improving', 'gross margin improving']","{'f_score': 6, 'max_score': 9, 'components': [{'name': 'positive net income', 'passed': True}, {'name': 'positive operating cash flow', 'passed': True}, {'name': 'ROA improving', 'passed': False}, {'name': 'OCF > net income', 'passed': True}, {'name': 'leverage declining', 'passed': True}, {'name': 'current ratio improving', 'passed': False}, {'name': 'no share dilution', 'passed': True}, {'name': 'gross margin improving', 'passed': False}, {'name': 'asset turnover improving', 'passed': True}]}"
OTB.L,composite_value,Composite Value,False,0.3908,[],['missing ev_ebitda'],
OTB.L,earnings_quality,Earnings Quality,True,1.0,"['FCF/NI=4.89', 'OCF/NI=4.05', 'ratio=-5.22%']",[],
OTB.L,financial_health,Financial Health,False,0.8,"['D/E=24%', 'leverage=0.4%', 'CR=1.28', 'coverage=11.8x']",['high net debt/EBITDA'],
PCA.L,graham_defensive,Graham Defensive,False,0.75,"['P/B < 1.5 or P/E×P/B < 22.5: P/B=0.87', 'Current ratio >= 2: CR=4.12', 'Dividend payer: yield=820.00%']",['no positive trailing P/E'],
PCA.L,graham_enterprising,Graham Enterprising,False,0.2,['P/B < 3: P/B=0.87'],"['missing P/E', 'excessive leverage', 'ROE <= 8%', 'negative earnings growth']",
PCA.L,graham_net_net,Graham Net-Net,False,0.0,[],['missing NCAV (balance sheet data)'],
PCA.L,schloss,Schloss Low P/B,False,0.5,['P/B < 1.2: P/B=0.87'],['too much leverage'],
PCA.L,deep_value,Deep Value,False,0.5,['P/B=0.87'],['EV/EBITDA not below 8'],
PCA.L,earnings_yield,Earnings Yield,False,1.0,['E/P=nan% (P/E=nan)'],['earnings yield nan% below 8%'],
PCA.L,fcf_yield,FCF Yield,True,0.5667,['FCF yield=5.7%'],[],
PCA.L,low_pe_high_yield,Low P/E + High Yield,False,0.5,['yield=820.0%'],['P/E not below 12.0'],
PCA.L,lynch_peg,Lynch PEG,False,0.0,"['PEG=nan', 'growth=nan%']",[],
PCA.L,neff_pegy,Neff PEGY,False,0.0,"['PEGY=nan', 'growth=nan%', 'yield=820.0%']",['PEGY nan >= 1.0'],
PCA.L,quality_value,Quality Value,False,0.4,"['Profit margin >= 5%: margin=28.8%', 'FCF yield >= 3%: FCF yield=5.7%']","['ROE below 12%', 'high leverage', 'missing P/E']",
PCA.L,buffett_quality,Buffett Quality,False,0.25,['margin >= 8%: margin=28.8%'],"['ROE too low', 'too much debt', 'missing P/E']",
PCA.L,economic_moat,Economic Moat,False,0.25,['wide margin=28.8%'],"['ROE below 18%', 'ROA below 8%', 'leverage too high']",
PCA.L,high_dividend,High Dividend Yield,False,0.8409,"['yield=820.0%', 'universe rank 84%']",['no positive earnings'],
PCA.L,dividend_growth,Dividend Growth,False,0.3333,['dividend payer: yield=820.0%'],"['earnings not growing', 'P/E out of range']",
PCA.L,magic_formula,Magic Formula,False,0.0971,[],['below top half on combined Magic Formula rank'],
PCA.L,acquirers_multiple,Acquirer's Multiple,False,0.0,[],['missing EV or EBIT'],
PCA.L,dreman_contrarian,Dreman Contrarian,False,0.7217,"['low P/B rank 60%', 'dividend rank 84%']",[],
PCA.L,piotroski_f,Piotroski F-Score,False,0.4444,"['F-Score=4/9', 'OCF > net income', 'leverage declining', 'current ratio improving', 'no share dilution']","['F-Score 4/9 below 7', 'positive net income', 'positive operating cash flow', 'ROA improving', 'gross margin improving', 'asset turnover improving']","{'f_score': 4, 'max_score': 9, 'components': [{'name': 'positive net income', 'passed': False}, {'name': 'positive operating cash flow', 'passed': False}, {'name': 'ROA improving', 'passed': False}, {'name': 'OCF > net income', 'passed': True}, {'name': 'leverage declining', 'passed': True}, {'name': 'current ratio improving', 'passed': True}, {'name': 'no share dilution', 'passed': True}, {'name': 'gross margin improving', 'passed': False}, {'name': 'asset turnover improving', 'passed': False}]}"
PCA.L,composite_value,Composite Value,False,0.5298,['top-tier on dividend_yield (percentile 71%)'],"['missing trailing_pe', 'missing ev_ebitda']",
PCA.L,earnings_quality,Earnings Quality,False,0.5,['ratio=-2.72%'],['negative net income'],
PCA.L,financial_health,Financial Health,False,0.8,"['leverage=0.0%', 'CR=11.79', 'insufficient data — skipped', 'insufficient data — skipped']",['high debt to equity'],
PDL.L,graham_defensive,Graham Defensive,False,0.25,['P/B < 1.5 or P/E×P/B < 22.5: P/B=-2.95'],"['no positive trailing P/E', 'current ratio < 2', 'no dividend']",
PDL.L,graham_enterprising,Graham Enterprising,False,0.2,['P/B < 3: P/B=-2.95'],"['missing P/E', 'excessive leverage', 'ROE <= 8%', 'negative earnings growth']",
PDL.L,graham_net_net,Graham Net-Net,False,0.0,[],['missing NCAV (balance sheet data)'],
PDL.L,schloss,Schloss Low P/B,False,0.5,['P/B < 1.2: P/B=-2.95'],['too much leverage'],
PDL.L,deep_value,Deep Value,True,1.0,"['P/B=-2.95', 'EV/EBITDA=-3.0']",[],
PDL.L,earnings_yield,Earnings Yield,False,1.0,['E/P=nan% (P/E=nan)'],['earnings yield nan% below 8%'],
PDL.L,fcf_yield,FCF Yield,False,0.0,['FCF yield=-547.4%'],['FCF yield -547.4% below 5%'],
PDL.L,low_pe_high_yield,Low P/E + High Yield,False,0.0,[],"['P/E not below 12.0', 'yield below 4%']",
PDL.L,lynch_peg,Lynch PEG,False,0.0,"['PEG=nan', 'growth=nan%']",[],
PDL.L,neff_pegy,Neff PEGY,False,0.0,"['PEGY=nan', 'growth=nan%', 'yield=nan%']",['PEGY nan >= 1.0'],
PDL.L,quality_value,Quality Value,False,0.0,[],"['ROE below 12%', 'thin margins', 'high leverage', 'missing P/E', 'FCF yield below 3%']",
PDL.L,buffett_quality,Buffett Quality,False,0.0,[],"['ROE too low', 'too much debt', 'thin margins', 'missing P/E']",
PDL.L,economic_moat,Economic Moat,False,0.0,[],"['ROE below 18%', 'ROA below 8%', 'margins below 12%', 'leverage too high']",
PDL.L,high_dividend,High Dividend Yield,False,0.0,[],['could not rank yield'],
PDL.L,dividend_growth,Dividend Growth,False,0.0,[],"['yield too low', 'earnings not growing', 'P/E out of range']",
PDL.L,magic_formula,Magic Formula,False,0.0,[],['missing EBIT/EV or ROIC inputs'],
PDL.L,acquirers_multiple,Acquirer's Multiple,False,0.0,[],['could not rank EV/EBIT'],
PDL.L,dreman_contrarian,Dreman Contrarian,False,0.0,[],['missing valuation data'],
PDL.L,piotroski_f,Piotroski F-Score,False,0.2222,"['F-Score=2/9', 'positive operating cash flow', 'no share dilution']","['F-Score 2/9 below 7', 'positive net income', 'ROA improving', 'OCF > net income', 'leverage declining', 'current ratio improving', 'gross margin improving', 'asset turnover improving']","{'f_score': 2, 'max_score': 9, 'components': [{'name': 'positive net income', 'passed': False}, {'name': 'positive operating cash flow', 'passed': True}, {'name': 'ROA improving', 'passed': False}, {'name': 'OCF > net income', 'passed': False}, {'name': 'leverage declining', 'passed': False}, {'name': 'current ratio improving', 'passed': False}, {'name': 'no share dilution', 'passed': True}, {'name': 'gross margin improving', 'passed': False}, {'name': 'asset turnover improving', 'passed': False}]}"
PDL.L,composite_value,Composite Value,False,0.6364,"['top-tier on price_to_book (percentile 100%)', 'top-tier on ev_ebitda (percentile 100%)']","['missing trailing_pe', 'missing dividend_yield']",
PDL.L,earnings_quality,Earnings Quality,False,0.5,['insufficient data — skipped'],['missing net income'],
PDL.L,financial_health,Financial Health,False,0.4,"['insufficient data — skipped', 'insufficient data — skipped']","['high debt to equity', 'high leverage', 'weak liquidity']",
PHAR.L,graham_defensive,Graham Defensive,False,0.75,"['P/B < 1.5 or P/E×P/B < 22.5: P/B=0.59', 'Current ratio >= 2: CR=4.11', 'Dividend payer: yield=442.00%']",['no positive trailing P/E'],
PHAR.L,graham_enterprising,Graham Enterprising,False,0.2,['P/B < 3: P/B=0.59'],"['missing P/E', 'excessive leverage', 'ROE <= 8%', 'negative earnings growth']",
PHAR.L,graham_net_net,Graham Net-Net,False,0.0,[],['missing NCAV (balance sheet data)'],
PHAR.L,schloss,Schloss Low P/B,False,0.5,['P/B < 1.2: P/B=0.59'],['too much leverage'],
PHAR.L,deep_value,Deep Value,True,1.0,"['P/B=0.59', 'EV/EBITDA=1.6']",[],
PHAR.L,earnings_yield,Earnings Yield,False,1.0,['E/P=nan% (P/E=nan)'],['earnings yield nan% below 8%'],
PHAR.L,fcf_yield,FCF Yield,True,1.0,['FCF yield=47.4%'],[],
PHAR.L,low_pe_high_yield,Low P/E + High Yield,False,0.5,['yield=442.0%'],['P/E not below 12.0'],
PHAR.L,lynch_peg,Lynch PEG,False,0.0,"['PEG=nan', 'growth=nan%']",[],
PHAR.L,neff_pegy,Neff PEGY,False,0.0,"['PEGY=nan', 'growth=nan%', 'yield=442.0%']",['PEGY nan >= 1.0'],
PHAR.L,quality_value,Quality Value,False,0.2,['FCF yield >= 3%: FCF yield=47.4%'],"['ROE below 12%', 'thin margins', 'high leverage', 'missing P/E']",
PHAR.L,buffett_quality,Buffett Quality,False,0.0,[],"['ROE too low', 'too much debt', 'thin margins', 'missing P/E']",
PHAR.L,economic_moat,Economic Moat,False,0.0,[],"['ROE below 18%', 'ROA below 8%', 'margins below 12%', 'leverage too high']",
PHAR.L,high_dividend,High Dividend Yield,False,0.5,"['yield=442.0%', 'universe rank 50%']","['not in top quartile for yield', 'no positive earnings']",
PHAR.L,dividend_growth,Dividend Growth,False,0.3333,['dividend payer: yield=442.0%'],"['earnings not growing', 'P/E out of range']",
PHAR.L,magic_formula,Magic Formula,False,0.4393,['earnings yield rank 69%'],['below top half on combined Magic Formula rank'],
PHAR.L,acquirers_multiple,Acquirer's Multiple,False,0.5882,"['EV/EBIT=9.4', 'universe rank 59%']",['not in top 40% cheapest on EV/EBIT'],
PHAR.L,dreman_contrarian,Dreman Contrarian,False,0.6474,"['low P/B rank 79%', 'dividend rank 50%']",[],
PHAR.L,piotroski_f,Piotroski F-Score,False,0.4444,"['F-Score=4/9', 'positive operating cash flow', 'OCF > net income', 'leverage declining', 'no share dilution']","['F-Score 4/9 below 7', 'positive net income', 'ROA improving', 'current ratio improving', 'gross margin improving', 'asset turnover improving']","{'f_score': 4, 'max_score': 9, 'components': [{'name': 'positive net income', 'passed': False}, {'name': 'positive operating cash flow', 'passed': True}, {'name': 'ROA improving', 'passed': False}, {'name': 'OCF > net income', 'passed': True}, {'name': 'leverage declining', 'passed': True}, {'name': 'current ratio improving', 'passed': False}, {'name': 'no share dilution', 'passed': True}, {'name': 'gross margin improving', 'passed': False}, {'name': 'asset turnover improving', 'passed': False}]}"
PHAR.L,composite_value,Composite Value,True,0.7333,"['top-tier on price_to_book (percentile 100%)', 'top-tier on ev_ebitda (percentile 100%)']",['missing trailing_pe'],
PHAR.L,earnings_quality,Earnings Quality,False,0.5,['ratio=-15.43%'],['negative net income'],
PHAR.L,financial_health,Financial Health,False,0.8,"['leverage=0.0%', 'CR=4.11', 'insufficient data — skipped', 'coverage=3.9x']",['high debt to equity'],
PSDL.L,graham_defensive,Graham Defensive,False,0.5,"['P/B < 1.5 or P/E×P/B < 22.5: P/B=0.64', 'Current ratio >= 2: CR=5.77']","['no positive trailing P/E', 'no dividend']",
PSDL.L,graham_enterprising,Graham Enterprising,False,0.4,"['P/B < 3: P/B=0.64', 'Debt/equity < 100%: D/E=93%']","['missing P/E', 'ROE <= 8%', 'negative earnings growth']",
PSDL.L,graham_net_net,Graham Net-Net,False,0.0,[],['missing NCAV (balance sheet data)'],
PSDL.L,schloss,Schloss Low P/B,False,0.5,['P/B < 1.2: P/B=0.64'],['too much leverage'],
PSDL.L,deep_value,Deep Value,False,0.5,['P/B=0.64'],['EV/EBITDA not below 8'],
PSDL.L,earnings_yield,Earnings Yield,False,1.0,['E/P=nan% (P/E=nan)'],['earnings yield nan% below 8%'],
PSDL.L,fcf_yield,FCF Yield,False,0.0,['FCF yield=-17.3%'],['FCF yield -17.3% below 5%'],
PSDL.L,low_pe_high_yield,Low P/E + High Yield,False,0.0,[],"['P/E not below 12.0', 'yield below 4%']",
PSDL.L,lynch_peg,Lynch PEG,False,0.0,"['PEG=nan', 'growth=nan%']",[],
PSDL.L,neff_pegy,Neff PEGY,False,0.0,"['PEGY=nan', 'growth=nan%', 'yield=nan%']",['PEGY nan >= 1.0'],
PSDL.L,quality_value,Quality Value,False,0.0,[],"['ROE below 12%', 'thin margins', 'high leverage', 'missing P/E', 'FCF yield below 3%']",
PSDL.L,buffett_quality,Buffett Quality,False,0.0,[],"['ROE too low', 'too much debt', 'thin margins', 'missing P/E']",
PSDL.L,economic_moat,Economic Moat,False,0.0,[],"['ROE below 18%', 'ROA below 8%', 'margins below 12%', 'leverage too high']",
PSDL.L,high_dividend,High Dividend Yield,False,0.0,[],['could not rank yield'],
PSDL.L,dividend_growth,Dividend Growth,False,0.0,[],"['yield too low', 'earnings not growing', 'P/E out of range']",
PSDL.L,magic_formula,Magic Formula,False,0.0,[],['missing EBIT/EV or ROIC inputs'],
PSDL.L,acquirers_multiple,Acquirer's Multiple,False,0.0,[],['could not rank EV/EBIT'],
PSDL.L,dreman_contrarian,Dreman Contrarian,False,0.0,[],['missing valuation data'],
PSDL.L,piotroski_f,Piotroski F-Score,False,0.5556,"['F-Score=5/9', 'positive operating cash flow', 'ROA improving', 'OCF > net income', 'leverage declining', 'no share dilution']","['F-Score 5/9 below 7', 'positive net income', 'current ratio improving', 'gross margin improving', 'asset turnover improving']","{'f_score': 5, 'max_score': 9, 'components': [{'name': 'positive net income', 'passed': False}, {'name': 'positive operating cash flow', 'passed': True}, {'name': 'ROA improving', 'passed': True}, {'name': 'OCF > net income', 'passed': True}, {'name': 'leverage declining', 'passed': True}, {'name': 'current ratio improving', 'passed': False}, {'name': 'no share dilution', 'passed': True}, {'name': 'gross margin improving', 'passed': False}, {'name': 'asset turnover improving', 'passed': False}]}"
PSDL.L,composite_value,Composite Value,False,0.2662,[],"['missing trailing_pe', 'missing dividend_yield']",
PSDL.L,earnings_quality,Earnings Quality,False,0.5,['ratio=-1.67%'],['negative net income'],
PSDL.L,financial_health,Financial Health,False,0.2,['leverage=43.1%'],"['high debt to equity', 'weak liquidity', 'high net debt/EBITDA', 'weak interest coverage']",
PRV.L,graham_defensive,Graham Defensive,False,0.25,['Dividend payer: yield=79.00%'],"['P/E >= 15', 'valuation too rich on P/B or P/E×P/B', 'current ratio < 2']",
PRV.L,graham_enterprising,Graham Enterprising,True,1.0,"['P/E < 25: P/E=21.9', 'P/B < 3: P/B=2.34', 'Debt/equity < 100%: D/E=14%', 'ROE > 8%: ROE=11.3%', 'Positive earnings growth: growth=5.8%']",[],
PRV.L,graham_net_net,Graham Net-Net,False,0.0,[],['missing NCAV (balance sheet data)'],
PRV.L,schloss,Schloss Low P/B,False,0.5,['D/E < 50.0%: D/E=14%'],['P/B too high'],
PRV.L,deep_value,Deep Value,False,0.0,[],"['P/B not below 1.0', 'EV/EBITDA not below 8']",
PRV.L,earnings_yield,Earnings Yield,False,0.3797,['E/P=4.6% (P/E=21.9)'],['earnings yield 4.6% below 8%'],
PRV.L,fcf_yield,FCF Yield,False,0.157,['FCF yield=1.6%'],['FCF yield 1.6% below 5%'],
PRV.L,low_pe_high_yield,Low P/E + High Yield,False,0.5,['yield=79.0%'],['P/E not below 12.0'],
PRV.L,lynch_peg,Lynch PEG,False,0.0,"['PEG=3.78', 'growth=5.8%']",['PEG 3.78 >= 1.0'],
PRV.L,neff_pegy,Neff PEGY,True,0.7412,"['PEGY=0.26', 'growth=5.8%', 'yield=79.0%']",[],
PRV.L,quality_value,Quality Value,False,0.4,"['Profit margin >= 5%: margin=9.2%', 'Debt/equity < 80%: D/E=14%']","['ROE below 12%', 'P/E >= 20', 'FCF yield below 3%']",
PRV.L,buffett_quality,Buffett Quality,False,0.75,"['D/E < 60.0%: D/E=14%', 'margin >= 8%: margin=9.2%', 'P/E < 25.0: P/E=21.9']",['ROE too low'],
PRV.L,economic_moat,Economic Moat,False,0.5,"['solid ROA=8.1%', 'low leverage D/E=14%']","['ROE below 18%', 'margins below 12%']",
PRV.L,high_dividend,High Dividend Yield,False,0.0455,"['yield=79.0%', 'universe rank 5%']",['not in top quartile for yield'],
PRV.L,dividend_growth,Dividend Growth,True,1.0,"['dividend payer: yield=79.0%', 'earnings growth: growth=5.8%', 'reasonable P/E: P/E=21.9']",[],
PRV.L,magic_formula,Magic Formula,True,0.5317,['ROIC rank 77%'],[],
PRV.L,acquirers_multiple,Acquirer's Multiple,False,0.1961,"['EV/EBIT=16.9', 'universe rank 20%']","['EV/EBIT 16.9 above 12.0', 'not in top 40% cheapest on EV/EBIT']",
PRV.L,dreman_contrarian,Dreman Contrarian,False,0.132,[],"['P/E not in bottom quartile', 'P/B not cheap vs universe', 'dividend yield below median']",
PRV.L,piotroski_f,Piotroski F-Score,True,0.8889,"['F-Score=8/9', 'positive net income', 'positive operating cash flow', 'ROA improving', 'OCF > net income', 'leverage declining', 'current ratio improving', 'no share dilution', 'gross margin improving']",['asset turnover improving'],"{'f_score': 8, 'max_score': 9, 'components': [{'name': 'positive net income', 'passed': True}, {'name': 'positive operating cash flow', 'passed': True}, {'name': 'ROA improving', 'passed': True}, {'name': 'OCF > net income', 'passed': True}, {'name': 'leverage declining', 'passed': True}, {'name': 'current ratio improving', 'passed': True}, {'name': 'no share dilution', 'passed': True}, {'name': 'gross margin improving', 'passed': True}, {'name': 'asset turnover improving', 'passed': False}]}"
PRV.L,composite_value,Composite Value,False,0.2567,[],[],
PRV.L,earnings_quality,Earnings Quality,False,0.6667,"['OCF/NI=1.31', 'ratio=-2.54%']",['weak free-cash conversion'],
PRV.L,financial_health,Financial Health,True,1.0,"['D/E=14%', 'leverage=6.5%', 'CR=2.54', 'ratio=0.2', 'coverage=23.8x']",[],
RCH.L,graham_defensive,Graham Defensive,False,0.5,"['P/B < 1.5 or P/E×P/B < 22.5: P/B=0.29', 'Dividend payer: yield=1380.00%']","['no positive trailing P/E', 'current ratio < 2']",
RCH.L,graham_enterprising,Graham Enterprising,False,0.4,"['P/B < 3: P/B=0.29', 'Debt/equity < 100%: D/E=17%']","['missing P/E', 'ROE <= 8%', 'negative earnings growth']",
RCH.L,graham_net_net,Graham Net-Net,False,0.0,[],['missing NCAV (balance sheet data)'],
RCH.L,schloss,Schloss Low P/B,True,1.0,"['P/B < 1.2: P/B=0.29', 'D/E < 50.0%: D/E=17%']",[],
RCH.L,deep_value,Deep Value,True,1.0,"['P/B=0.29', 'EV/EBITDA=3.2']",[],
RCH.L,earnings_yield,Earnings Yield,False,1.0,['E/P=nan% (P/E=nan)'],['earnings yield nan% below 8%'],
RCH.L,fcf_yield,FCF Yield,True,1.0,['FCF yield=43.8%'],[],
RCH.L,low_pe_high_yield,Low P/E + High Yield,False,0.5,['yield=1380.0%'],['P/E not below 12.0'],
RCH.L,lynch_peg,Lynch PEG,False,0.0,"['PEG=nan', 'growth=nan%']",[],
RCH.L,neff_pegy,Neff PEGY,False,0.0,"['PEGY=nan', 'growth=nan%', 'yield=1380.0%']",['PEGY nan >= 1.0'],
RCH.L,quality_value,Quality Value,False,0.4,"['Debt/equity < 80%: D/E=17%', 'FCF yield >= 3%: FCF yield=43.8%']","['ROE below 12%', 'thin margins', 'missing P/E']",
RCH.L,buffett_quality,Buffett Quality,False,0.25,['D/E < 60.0%: D/E=17%'],"['ROE too low', 'thin margins', 'missing P/E']",
RCH.L,economic_moat,Economic Moat,False,0.25,['low leverage D/E=17%'],"['ROE below 18%', 'ROA below 8%', 'margins below 12%']",
RCH.L,high_dividend,High Dividend Yield,False,0.9545,"['yield=1380.0%', 'universe rank 95%']",['no positive earnings'],
RCH.L,dividend_growth,Dividend Growth,False,0.3333,['dividend payer: yield=1380.0%'],"['earnings not growing', 'P/E out of range']",
RCH.L,magic_formula,Magic Formula,True,0.8554,"['earnings yield rank 96%', 'ROIC rank 75%']",[],
RCH.L,acquirers_multiple,Acquirer's Multiple,True,0.8627,"['EV/EBIT=2.0', 'universe rank 86%']",[],
RCH.L,dreman_contrarian,Dreman Contrarian,False,0.9324,"['low P/B rank 91%', 'dividend rank 95%']",[],
RCH.L,piotroski_f,Piotroski F-Score,False,0.4444,"['F-Score=4/9', 'positive operating cash flow', 'OCF > net income', 'no share dilution', 'asset turnover improving']","['F-Score 4/9 below 7', 'positive net income', 'ROA improving', 'leverage declining', 'current ratio improving', 'gross margin improving']","{'f_score': 4, 'max_score': 9, 'components': [{'name': 'positive net income', 'passed': False}, {'name': 'positive operating cash flow', 'passed': True}, {'name': 'ROA improving', 'passed': False}, {'name': 'OCF > net income', 'passed': True}, {'name': 'leverage declining', 'passed': False}, {'name': 'current ratio improving', 'passed': False}, {'name': 'no share dilution', 'passed': True}, {'name': 'gross margin improving', 'passed': False}, {'name': 'asset turnover improving', 'passed': True}]}"
RCH.L,composite_value,Composite Value,True,0.7333,['top-tier on ev_ebitda (percentile 100%)'],['missing trailing_pe'],
RCH.L,earnings_quality,Earnings Quality,False,0.5,['ratio=-16.25%'],['negative net income'],
RCH.L,financial_health,Financial Health,False,0.8,"['D/E=17%', 'leverage=7.0%', 'ratio=1.1', 'coverage=19.6x']",['weak liquidity'],
REC.L,graham_defensive,Graham Defensive,False,0.75,"['P/E < 15: P/E=11.0', 'Current ratio >= 2: CR=4.34', 'Dividend payer: yield=816.00%']",['valuation too rich on P/B or P/E×P/B'],
REC.L,graham_enterprising,Graham Enterprising,False,0.6,"['P/E < 25: P/E=11.0', 'Debt/equity < 100%: D/E=24%', 'ROE > 8%: ROE=24.7%']","['P/B >= 3', 'negative earnings growth']",
REC.L,graham_net_net,Graham Net-Net,False,0.0,[],['missing NCAV (balance sheet data)'],
REC.L,schloss,Schloss Low P/B,False,0.5,['D/E < 50.0%: D/E=24%'],['P/B too high'],
REC.L,deep_value,Deep Value,False,0.5,['EV/EBITDA=7.7'],['P/B not below 1.0'],
REC.L,earnings_yield,Earnings Yield,True,0.7559,['E/P=9.1% (P/E=11.0)'],[],
REC.L,fcf_yield,FCF Yield,True,0.9682,['FCF yield=9.7%'],[],
REC.L,low_pe_high_yield,Low P/E + High Yield,True,1.0,"['P/E=11.0', 'yield=816.0%']",[],
REC.L,lynch_peg,Lynch PEG,False,0.2,[],['missing or negative earnings growth'],
REC.L,neff_pegy,Neff PEGY,True,0.9862,"['PEGY=0.01', 'growth=-18.7%', 'yield=816.0%']",[],
REC.L,quality_value,Quality Value,True,1.0,"['ROE >= 12%: ROE=24.7%', 'Profit margin >= 5%: margin=19.1%', 'Debt/equity < 80%: D/E=24%', 'P/E < 20: P/E=11.0', 'FCF yield >= 3%: FCF yield=9.7%']",[],
REC.L,buffett_quality,Buffett Quality,True,1.0,"['ROE >= 15%: ROE=24.7%', 'D/E < 60.0%: D/E=24%', 'margin >= 8%: margin=19.1%', 'P/E < 25.0: P/E=11.0']",[],
REC.L,economic_moat,Economic Moat,True,1.0,"['high ROE=24.7%', 'solid ROA=18.9%', 'wide margin=19.1%', 'low leverage D/E=24%']",[],
REC.L,high_dividend,High Dividend Yield,True,0.7955,"['yield=816.0%', 'universe rank 80%']",[],
REC.L,dividend_growth,Dividend Growth,True,0.6667,"['dividend payer: yield=816.0%', 'reasonable P/E: P/E=11.0']",['earnings not growing'],
REC.L,magic_formula,Magic Formula,True,0.8537,"['earnings yield rank 78%', 'ROIC rank 92%']",[],
REC.L,acquirers_multiple,Acquirer's Multiple,True,0.6863,"['EV/EBIT=8.4', 'universe rank 69%']",[],
REC.L,dreman_contrarian,Dreman Contrarian,False,0.4969,['dividend rank 80%'],"['P/E not in bottom quartile', 'P/B not cheap vs universe']",
REC.L,piotroski_f,Piotroski F-Score,False,0.6667,"['F-Score=6/9', 'positive net income', 'positive operating cash flow', 'OCF > net income', 'leverage declining', 'gross margin improving', 'asset turnover improving']","['F-Score 6/9 below 7', 'ROA improving', 'current ratio improving', 'no share dilution']","{'f_score': 6, 'max_score': 9, 'components': [{'name': 'positive net income', 'passed': True}, {'name': 'positive operating cash flow', 'passed': True}, {'name': 'ROA improving', 'passed': False}, {'name': 'OCF > net income', 'passed': True}, {'name': 'leverage declining', 'passed': True}, {'name': 'current ratio improving', 'passed': False}, {'name': 'no share dilution', 'passed': False}, {'name': 'gross margin improving', 'passed': True}, {'name': 'asset turnover improving', 'passed': True}]}"
REC.L,composite_value,Composite Value,False,0.5056,['top-tier on dividend_yield (percentile 88%)'],[],
REC.L,earnings_quality,Earnings Quality,True,1.0,"['FCF/NI=1.09', 'OCF/NI=1.20', 'ratio=-3.81%']",[],
REC.L,financial_health,Financial Health,True,1.0,"['D/E=24%', 'leverage=16.3%', 'CR=4.34', 'ratio=-0.6', 'coverage=24.0x']",[],
RSE.L,graham_defensive,Graham Defensive,False,0.25,['P/B < 1.5 or P/E×P/B < 22.5: P/B=0.50'],"['no positive trailing P/E', 'current ratio < 2', 'no dividend']",
RSE.L,graham_enterprising,Graham Enterprising,False,0.2,['P/B < 3: P/B=0.50'],"['missing P/E', 'excessive leverage', 'ROE <= 8%', 'negative earnings growth']",
RSE.L,graham_net_net,Graham Net-Net,False,0.0,[],['missing NCAV (balance sheet data)'],
RSE.L,schloss,Schloss Low P/B,False,0.5,['P/B < 1.2: P/B=0.50'],['too much leverage'],
RSE.L,deep_value,Deep Value,False,0.5,['P/B=0.50'],['EV/EBITDA not below 8'],
RSE.L,earnings_yield,Earnings Yield,False,1.0,['E/P=nan% (P/E=nan)'],['earnings yield nan% below 8%'],
RSE.L,fcf_yield,FCF Yield,True,1.0,['FCF yield=77.6%'],[],
RSE.L,low_pe_high_yield,Low P/E + High Yield,False,0.0,[],"['P/E not below 12.0', 'yield below 4%']",
RSE.L,lynch_peg,Lynch PEG,False,0.0,"['PEG=nan', 'growth=nan%']",[],
RSE.L,neff_pegy,Neff PEGY,False,0.0,"['PEGY=nan', 'growth=nan%', 'yield=nan%']",['PEGY nan >= 1.0'],
RSE.L,quality_value,Quality Value,False,0.2,['FCF yield >= 3%: FCF yield=77.6%'],"['ROE below 12%', 'thin margins', 'high leverage', 'missing P/E']",
RSE.L,buffett_quality,Buffett Quality,False,0.0,[],"['ROE too low', 'too much debt', 'thin margins', 'missing P/E']",
RSE.L,economic_moat,Economic Moat,False,0.0,[],"['ROE below 18%', 'ROA below 8%', 'margins below 12%', 'leverage too high']",
RSE.L,high_dividend,High Dividend Yield,False,0.0,[],['could not rank yield'],
RSE.L,dividend_growth,Dividend Growth,False,0.0,[],"['yield too low', 'earnings not growing', 'P/E out of range']",
RSE.L,magic_formula,Magic Formula,False,0.0,[],['missing EBIT/EV or ROIC inputs'],
RSE.L,acquirers_multiple,Acquirer's Multiple,False,0.0,[],['could not rank EV/EBIT'],
RSE.L,dreman_contrarian,Dreman Contrarian,False,0.0,[],['missing valuation data'],
RSE.L,piotroski_f,Piotroski F-Score,False,0.3333,"['F-Score=3/9', 'ROA improving', 'no share dilution', 'asset turnover improving']","['F-Score 3/9 below 7', 'positive net income', 'positive operating cash flow', 'OCF > net income', 'leverage declining', 'current ratio improving', 'gross margin improving']","{'f_score': 3, 'max_score': 9, 'components': [{'name': 'positive net income', 'passed': False}, {'name': 'positive operating cash flow', 'passed': False}, {'name': 'ROA improving', 'passed': True}, {'name': 'OCF > net income', 'passed': False}, {'name': 'leverage declining', 'passed': False}, {'name': 'current ratio improving', 'passed': False}, {'name': 'no share dilution', 'passed': True}, {'name': 'gross margin improving', 'passed': False}, {'name': 'asset turnover improving', 'passed': True}]}"
RSE.L,composite_value,Composite Value,False,0.8117,"['top-tier on price_to_book (percentile 91%)', 'top-tier on fcf_yield (percentile 71%)']","['missing trailing_pe', 'missing dividend_yield', 'missing ev_ebitda']",
RSE.L,earnings_quality,Earnings Quality,False,0.0,[],"['negative net income', 'high accruals vs assets']",
RSE.L,financial_health,Financial Health,False,0.4,"['insufficient data — skipped', 'insufficient data — skipped']","['high debt to equity', 'high leverage', 'weak liquidity']",
RWA.L,graham_defensive,Graham Defensive,False,0.5,"['P/B < 1.5 or P/E×P/B < 22.5: P/B=0.96', 'Dividend payer: yield=2408.00%']","['no positive trailing P/E', 'current ratio < 2']",
RWA.L,graham_enterprising,Graham Enterprising,False,0.4,"['P/B < 3: P/B=0.96', 'Debt/equity < 100%: D/E=82%']","['missing P/E', 'ROE <= 8%', 'negative earnings growth']",
RWA.L,graham_net_net,Graham Net-Net,False,0.0,[],['missing NCAV (balance sheet data)'],
RWA.L,schloss,Schloss Low P/B,False,0.5,['P/B < 1.2: P/B=0.96'],['too much leverage'],
RWA.L,deep_value,Deep Value,True,1.0,"['P/B=0.96', 'EV/EBITDA=-16.7']",[],
RWA.L,earnings_yield,Earnings Yield,False,1.0,['E/P=nan% (P/E=nan)'],['earnings yield nan% below 8%'],
RWA.L,fcf_yield,FCF Yield,True,1.0,['FCF yield=13.2%'],[],
RWA.L,low_pe_high_yield,Low P/E + High Yield,False,0.5,['yield=2408.0%'],['P/E not below 12.0'],
RWA.L,lynch_peg,Lynch PEG,False,0.0,"['PEG=nan', 'growth=nan%']",[],
RWA.L,neff_pegy,Neff PEGY,False,0.0,"['PEGY=nan', 'growth=nan%', 'yield=2408.0%']",['PEGY nan >= 1.0'],
RWA.L,quality_value,Quality Value,False,0.2,['FCF yield >= 3%: FCF yield=13.2%'],"['ROE below 12%', 'thin margins', 'high leverage', 'missing P/E']",
RWA.L,buffett_quality,Buffett Quality,False,0.0,[],"['ROE too low', 'too much debt', 'thin margins', 'missing P/E']",
RWA.L,economic_moat,Economic Moat,False,0.0,[],"['ROE below 18%', 'ROA below 8%', 'margins below 12%', 'leverage too high']",
RWA.L,high_dividend,High Dividend Yield,False,0.9773,"['yield=2408.0%', 'universe rank 98%']",['no positive earnings'],
RWA.L,dividend_growth,Dividend Growth,False,0.3333,['dividend payer: yield=2408.0%'],"['earnings not growing', 'P/E out of range']",
RWA.L,magic_formula,Magic Formula,False,0.0679,[],['below top half on combined Magic Formula rank'],
RWA.L,acquirers_multiple,Acquirer's Multiple,False,0.0,[],['missing EV or EBIT'],
RWA.L,dreman_contrarian,Dreman Contrarian,False,0.745,['dividend rank 98%'],['P/B not cheap vs universe'],
RWA.L,piotroski_f,Piotroski F-Score,False,0.4444,"['F-Score=4/9', 'positive operating cash flow', 'OCF > net income', 'no share dilution', 'asset turnover improving']","['F-Score 4/9 below 7', 'positive net income', 'ROA improving', 'leverage declining', 'current ratio improving', 'gross margin improving']","{'f_score': 4, 'max_score': 9, 'components': [{'name': 'positive net income', 'passed': False}, {'name': 'positive operating cash flow', 'passed': True}, {'name': 'ROA improving', 'passed': False}, {'name': 'OCF > net income', 'passed': True}, {'name': 'leverage declining', 'passed': False}, {'name': 'current ratio improving', 'passed': False}, {'name': 'no share dilution', 'passed': True}, {'name': 'gross margin improving', 'passed': False}, {'name': 'asset turnover improving', 'passed': True}]}"
RWA.L,composite_value,Composite Value,True,0.7156,"['top-tier on price_to_book (percentile 70%)', 'top-tier on dividend_yield (percentile 83%)', 'top-tier on ev_ebitda (percentile 100%)']",['missing trailing_pe'],
RWA.L,earnings_quality,Earnings Quality,False,0.5,['ratio=-12.60%'],['negative net income'],
RWA.L,financial_health,Financial Health,False,0.6,"['leverage=30.9%', 'CR=1.28', 'insufficient data — skipped']","['high debt to equity', 'weak interest coverage']",
SUS.L,graham_defensive,Graham Defensive,True,1.0,"['P/E < 15: P/E=10.2', 'P/B < 1.5 or P/E×P/B < 22.5: P/B=0.97', 'Current ratio >= 2: CR=48.98', 'Dividend payer: yield=781.00%']",[],
SUS.L,graham_enterprising,Graham Enterprising,True,1.0,"['P/E < 25: P/E=10.2', 'P/B < 3: P/B=0.97', 'Debt/equity < 100%: D/E=97%', 'ROE > 8%: ROE=9.7%', 'Positive earnings growth: growth=45.1%']",[],
SUS.L,graham_net_net,Graham Net-Net,False,0.0,[],['missing NCAV (balance sheet data)'],
SUS.L,schloss,Schloss Low P/B,False,0.5,['P/B < 1.2: P/B=0.97'],['too much leverage'],
SUS.L,deep_value,Deep Value,False,0.5,['P/B=0.97'],['EV/EBITDA not below 8'],
SUS.L,earnings_yield,Earnings Yield,True,0.8186,['E/P=9.8% (P/E=10.2)'],[],
SUS.L,fcf_yield,FCF Yield,False,1.0,['FCF yield=nan%'],['FCF yield nan% below 5%'],
SUS.L,low_pe_high_yield,Low P/E + High Yield,True,1.0,"['P/E=10.2', 'yield=781.0%']",[],
SUS.L,lynch_peg,Lynch PEG,True,0.7743,"['PEG=0.23', 'growth=45.1%']",[],
SUS.L,neff_pegy,Neff PEGY,True,0.9877,"['PEGY=0.01', 'growth=45.1%', 'yield=781.0%']",[],
SUS.L,quality_value,Quality Value,False,0.4,"['Profit margin >= 5%: margin=29.6%', 'P/E < 20: P/E=10.2']","['ROE below 12%', 'high leverage', 'FCF yield below 3%']",
SUS.L,buffett_quality,Buffett Quality,False,0.5,"['margin >= 8%: margin=29.6%', 'P/E < 25.0: P/E=10.2']","['ROE too low', 'too much debt']",
SUS.L,economic_moat,Economic Moat,False,0.25,['wide margin=29.6%'],"['ROE below 18%', 'ROA below 8%', 'leverage too high']",
SUS.L,high_dividend,High Dividend Yield,True,0.75,"['yield=781.0%', 'universe rank 75%']",[],
SUS.L,dividend_growth,Dividend Growth,True,1.0,"['dividend payer: yield=781.0%', 'earnings growth: growth=45.1%', 'reasonable P/E: P/E=10.2']",[],
SUS.L,magic_formula,Magic Formula,False,0.0,[],['missing EBIT/EV or ROIC inputs'],
SUS.L,acquirers_multiple,Acquirer's Multiple,False,0.0,[],['could not rank EV/EBIT'],
SUS.L,dreman_contrarian,Dreman Contrarian,False,0.6327,['dividend rank 75%'],"['P/E not in bottom quartile', 'P/B not cheap vs universe']",
SUS.L,piotroski_f,Piotroski F-Score,False,0.3333,"['F-Score=3/9', 'positive net income', 'ROA improving', 'no share dilution']","['F-Score 3/9 below 7', 'positive operating cash flow', 'OCF > net income', 'leverage declining', 'current ratio improving', 'gross margin improving', 'asset turnover improving']","{'f_score': 3, 'max_score': 9, 'components': [{'name': 'positive net income', 'passed': True}, {'name': 'positive operating cash flow', 'passed': False}, {'name': 'ROA improving', 'passed': True}, {'name': 'OCF > net income', 'passed': False}, {'name': 'leverage declining', 'passed': False}, {'name': 'current ratio improving', 'passed': False}, {'name': 'no share dilution', 'passed': True}, {'name': 'gross margin improving', 'passed': False}, {'name': 'asset turnover improving', 'passed': False}]}"
SUS.L,composite_value,Composite Value,True,0.6977,"['top-tier on trailing_pe (percentile 78%)', 'top-tier on dividend_yield (percentile 75%)']","['missing fcf_yield', 'missing ev_ebitda']",
SUS.L,earnings_quality,Earnings Quality,False,0.0,[],"['weak free-cash conversion', 'operating cash below earnings', 'high accruals vs assets']",
SUS.L,financial_health,Financial Health,False,0.4,"['leverage=48.3%', 'insufficient data — skipped']","['high debt to equity', 'weak liquidity', 'weak interest coverage']",
SBRE.L,graham_defensive,Graham Defensive,False,0.75,"['P/E < 15: P/E=11.4', 'P/B < 1.5 or P/E×P/B < 22.5: P/B=1.71', 'Dividend payer: yield=758.00%']",['current ratio < 2'],
SBRE.L,graham_enterprising,Graham Enterprising,False,0.6,"['P/E < 25: P/E=11.4', 'P/B < 3: P/B=1.71', 'ROE > 8%: ROE=15.0%']","['excessive leverage', 'negative earnings growth']",
SBRE.L,graham_net_net,Graham Net-Net,False,0.0,[],['missing NCAV (balance sheet data)'],
SBRE.L,schloss,Schloss Low P/B,False,0.0,[],"['P/B too high', 'too much leverage']",
SBRE.L,deep_value,Deep Value,False,0.5,['EV/EBITDA=7.6'],['P/B not below 1.0'],
SBRE.L,earnings_yield,Earnings Yield,True,0.7293,['E/P=8.8% (P/E=11.4)'],[],
SBRE.L,fcf_yield,FCF Yield,True,1.0,['FCF yield=11.1%'],[],
SBRE.L,low_pe_high_yield,Low P/E + High Yield,True,1.0,"['P/E=11.4', 'yield=758.0%']",[],
SBRE.L,lynch_peg,Lynch PEG,False,0.2,[],['missing or negative earnings growth'],
SBRE.L,neff_pegy,Neff PEGY,True,0.9848,"['PEGY=0.02', 'growth=-4.4%', 'yield=758.0%']",[],
SBRE.L,quality_value,Quality Value,True,0.8,"['ROE >= 12%: ROE=15.0%', 'Profit margin >= 5%: margin=18.8%', 'P/E < 20: P/E=11.4', 'FCF yield >= 3%: FCF yield=11.1%']",['high leverage'],
SBRE.L,buffett_quality,Buffett Quality,True,0.75,"['ROE >= 15%: ROE=15.0%', 'margin >= 8%: margin=18.8%', 'P/E < 25.0: P/E=11.4']",['too much debt'],
SBRE.L,economic_moat,Economic Moat,False,0.25,['wide margin=18.8%'],"['ROE below 18%', 'ROA below 8%', 'leverage too high']",
SBRE.L,high_dividend,High Dividend Yield,False,0.7273,"['yield=758.0%', 'universe rank 73%']",['not in top quartile for yield'],
SBRE.L,dividend_growth,Dividend Growth,True,0.6667,"['dividend payer: yield=758.0%', 'reasonable P/E: P/E=11.4']",['earnings not growing'],
SBRE.L,magic_formula,Magic Formula,False,0.0,[],['missing EBIT/EV or ROIC inputs'],
SBRE.L,acquirers_multiple,Acquirer's Multiple,False,0.0,[],['could not rank EV/EBIT'],
SBRE.L,dreman_contrarian,Dreman Contrarian,False,0.5064,['dividend rank 73%'],"['P/E not in bottom quartile', 'P/B not cheap vs universe']",
SBRE.L,piotroski_f,Piotroski F-Score,False,0.3333,"['F-Score=3/9', 'positive net income', 'positive operating cash flow', 'no share dilution']","['F-Score 3/9 below 7', 'ROA improving', 'OCF > net income', 'leverage declining', 'current ratio improving', 'gross margin improving', 'asset turnover improving']","{'f_score': 3, 'max_score': 9, 'components': [{'name': 'positive net income', 'passed': True}, {'name': 'positive operating cash flow', 'passed': True}, {'name': 'ROA improving', 'passed': False}, {'name': 'OCF > net income', 'passed': False}, {'name': 'leverage declining', 'passed': False}, {'name': 'current ratio improving', 'passed': False}, {'name': 'no share dilution', 'passed': True}, {'name': 'gross margin improving', 'passed': False}, {'name': 'asset turnover improving', 'passed': False}]}"
SBRE.L,composite_value,Composite Value,False,0.5409,[],[],
SBRE.L,earnings_quality,Earnings Quality,True,1.0,"['FCF/NI=1.21', 'OCF/NI=0.97', 'ratio=0.14%']",[],
SBRE.L,financial_health,Financial Health,False,0.4,"['insufficient data — skipped', 'insufficient data — skipped']","['high debt to equity', 'high leverage', 'weak liquidity']",
SCF.L,graham_defensive,Graham Defensive,False,0.5,"['P/E < 15: P/E=4.6', 'P/B < 1.5 or P/E×P/B < 22.5: P/B=0.93']","['current ratio < 2', 'no dividend']",
SCF.L,graham_enterprising,Graham Enterprising,False,0.4,"['P/E < 25: P/E=4.6', 'P/B < 3: P/B=0.93']","['excessive leverage', 'ROE <= 8%', 'negative earnings growth']",
SCF.L,graham_net_net,Graham Net-Net,False,0.0,[],['missing NCAV (balance sheet data)'],
SCF.L,schloss,Schloss Low P/B,False,0.5,['P/B < 1.2: P/B=0.93'],['too much leverage'],
SCF.L,deep_value,Deep Value,False,0.5,['P/B=0.93'],['EV/EBITDA not below 8'],
SCF.L,earnings_yield,Earnings Yield,True,1.0,['E/P=21.6% (P/E=4.6)'],[],
SCF.L,fcf_yield,FCF Yield,False,1.0,['FCF yield=nan%'],['FCF yield nan% below 5%'],
SCF.L,low_pe_high_yield,Low P/E + High Yield,False,0.5,['P/E=4.6'],['yield below 4%'],
SCF.L,lynch_peg,Lynch PEG,False,0.0,"['PEG=nan', 'growth=nan%']",[],
SCF.L,neff_pegy,Neff PEGY,False,0.0,"['PEGY=nan', 'growth=nan%', 'yield=nan%']",['PEGY nan >= 1.0'],
SCF.L,quality_value,Quality Value,False,0.2,['P/E < 20: P/E=4.6'],"['ROE below 12%', 'thin margins', 'high leverage', 'FCF yield below 3%']",
SCF.L,buffett_quality,Buffett Quality,False,0.25,['P/E < 25.0: P/E=4.6'],"['ROE too low', 'too much debt', 'thin margins']",
SCF.L,economic_moat,Economic Moat,False,0.0,[],"['ROE below 18%', 'ROA below 8%', 'margins below 12%', 'leverage too high']",
SCF.L,high_dividend,High Dividend Yield,False,0.0,[],['could not rank yield'],
SCF.L,dividend_growth,Dividend Growth,False,0.3333,['reasonable P/E: P/E=4.6'],"['yield too low', 'earnings not growing']",
SCF.L,magic_formula,Magic Formula,False,0.0,[],['missing EBIT/EV or ROIC inputs'],
SCF.L,acquirers_multiple,Acquirer's Multiple,False,0.0,[],['could not rank EV/EBIT'],
SCF.L,dreman_contrarian,Dreman Contrarian,False,0.745,['low P/E rank 93%'],['P/B not cheap vs universe'],
SCF.L,piotroski_f,Piotroski F-Score,False,0.3333,"['F-Score=3/9', 'positive net income', 'leverage declining', 'no share dilution']","['F-Score 3/9 below 7', 'positive operating cash flow', 'ROA improving', 'OCF > net income', 'current ratio improving', 'gross margin improving', 'asset turnover improving']","{'f_score': 3, 'max_score': 9, 'components': [{'name': 'positive net income', 'passed': True}, {'name': 'positive operating cash flow', 'passed': False}, {'name': 'ROA improving', 'passed': False}, {'name': 'OCF > net income', 'passed': False}, {'name': 'leverage declining', 'passed': True}, {'name': 'current ratio improving', 'passed': False}, {'name': 'no share dilution', 'passed': True}, {'name': 'gross margin improving', 'passed': False}, {'name': 'asset turnover improving', 'passed': False}]}"
SCF.L,composite_value,Composite Value,False,0.7558,['top-tier on trailing_pe (percentile 85%)'],"['missing dividend_yield', 'missing fcf_yield', 'missing ev_ebitda']",
SCF.L,earnings_quality,Earnings Quality,False,0.0,[],"['weak free-cash conversion', 'operating cash below earnings', 'high accruals vs assets']",
SCF.L,financial_health,Financial Health,False,0.4,"['leverage=9.9%', 'insufficient data — skipped']","['high debt to equity', 'weak liquidity', 'weak interest coverage']",
INOV.L,graham_defensive,Graham Defensive,False,0.5,"['P/E < 15: P/E=8.5', 'P/B < 1.5 or P/E×P/B < 22.5: P/B=0.77']","['current ratio < 2', 'no dividend']",
INOV.L,graham_enterprising,Graham Enterprising,False,0.4,"['P/E < 25: P/E=8.5', 'P/B < 3: P/B=0.77']","['excessive leverage', 'ROE <= 8%', 'negative earnings growth']",
INOV.L,graham_net_net,Graham Net-Net,False,0.0,[],['missing NCAV (balance sheet data)'],
INOV.L,schloss,Schloss Low P/B,False,0.5,['P/B < 1.2: P/B=0.77'],['too much leverage'],
INOV.L,deep_value,Deep Value,False,0.5,['P/B=0.77'],['EV/EBITDA not below 8'],
INOV.L,earnings_yield,Earnings Yield,True,0.9804,['E/P=11.8% (P/E=8.5)'],[],
INOV.L,fcf_yield,FCF Yield,False,1.0,['FCF yield=nan%'],['FCF yield nan% below 5%'],
INOV.L,low_pe_high_yield,Low P/E + High Yield,False,0.5,['P/E=8.5'],['yield below 4%'],
INOV.L,lynch_peg,Lynch PEG,False,0.0,"['PEG=nan', 'growth=nan%']",[],
INOV.L,neff_pegy,Neff PEGY,False,0.0,"['PEGY=nan', 'growth=nan%', 'yield=nan%']",['PEGY nan >= 1.0'],
INOV.L,quality_value,Quality Value,False,0.2,['P/E < 20: P/E=8.5'],"['ROE below 12%', 'thin margins', 'high leverage', 'FCF yield below 3%']",
INOV.L,buffett_quality,Buffett Quality,False,0.25,['P/E < 25.0: P/E=8.5'],"['ROE too low', 'too much debt', 'thin margins']",
INOV.L,economic_moat,Economic Moat,False,0.25,['solid ROA=11.6%'],"['ROE below 18%', 'margins below 12%', 'leverage too high']",
INOV.L,high_dividend,High Dividend Yield,False,0.0,[],['could not rank yield'],
INOV.L,dividend_growth,Dividend Growth,False,0.3333,['reasonable P/E: P/E=8.5'],"['yield too low', 'earnings not growing']",
INOV.L,magic_formula,Magic Formula,False,0.0,[],['missing EBIT/EV or ROIC inputs'],
INOV.L,acquirers_multiple,Acquirer's Multiple,False,0.0,[],['could not rank EV/EBIT'],
INOV.L,dreman_contrarian,Dreman Contrarian,False,0.7165,['low P/B rank 69%'],['P/E not in bottom quartile'],
INOV.L,piotroski_f,Piotroski F-Score,False,0.4444,"['F-Score=4/9', 'positive net income', 'ROA improving', 'no share dilution', 'asset turnover improving']","['F-Score 4/9 below 7', 'positive operating cash flow', 'OCF > net income', 'leverage declining', 'current ratio improving', 'gross margin improving']","{'f_score': 4, 'max_score': 9, 'components': [{'name': 'positive net income', 'passed': True}, {'name': 'positive operating cash flow', 'passed': False}, {'name': 'ROA improving', 'passed': True}, {'name': 'OCF > net income', 'passed': False}, {'name': 'leverage declining', 'passed': False}, {'name': 'current ratio improving', 'passed': False}, {'name': 'no share dilution', 'passed': True}, {'name': 'gross margin improving', 'passed': False}, {'name': 'asset turnover improving', 'passed': True}]}"
INOV.L,composite_value,Composite Value,False,0.6264,['top-tier on price_to_book (percentile 93%)'],"['missing dividend_yield', 'missing fcf_yield', 'missing ev_ebitda']",
INOV.L,earnings_quality,Earnings Quality,False,0.0,[],"['weak free-cash conversion', 'operating cash below earnings', 'high accruals vs assets']",
INOV.L,financial_health,Financial Health,False,0.4,"['insufficient data — skipped', 'insufficient data — skipped']","['high debt to equity', 'high leverage', 'weak liquidity']",
STB.L,graham_defensive,Graham Defensive,False,0.75,"['P/E < 15: P/E=7.0', 'P/B < 1.5 or P/E×P/B < 22.5: P/B=0.81', 'Dividend payer: yield=225.00%']",['current ratio < 2'],
STB.L,graham_enterprising,Graham Enterprising,False,0.6,"['P/E < 25: P/E=7.0', 'P/B < 3: P/B=0.81', 'ROE > 8%: ROE=12.2%']","['excessive leverage', 'negative earnings growth']",
STB.L,graham_net_net,Graham Net-Net,False,0.0,[],['missing NCAV (balance sheet data)'],
STB.L,schloss,Schloss Low P/B,False,0.5,['P/B < 1.2: P/B=0.81'],['too much leverage'],
STB.L,deep_value,Deep Value,False,0.5,['P/B=0.81'],['EV/EBITDA not below 8'],
STB.L,earnings_yield,Earnings Yield,True,1.0,['E/P=14.3% (P/E=7.0)'],[],
STB.L,fcf_yield,FCF Yield,False,1.0,['FCF yield=nan%'],['FCF yield nan% below 5%'],
STB.L,low_pe_high_yield,Low P/E + High Yield,True,1.0,"['P/E=7.0', 'yield=225.0%']",[],
STB.L,lynch_peg,Lynch PEG,False,0.0,"['PEG=nan', 'growth=nan%']",[],
STB.L,neff_pegy,Neff PEGY,False,0.0,"['PEGY=nan', 'growth=nan%', 'yield=225.0%']",['PEGY nan >= 1.0'],
STB.L,quality_value,Quality Value,False,0.6,"['ROE >= 12%: ROE=12.2%', 'Profit margin >= 5%: margin=17.7%', 'P/E < 20: P/E=7.0']","['high leverage', 'FCF yield below 3%']",
STB.L,buffett_quality,Buffett Quality,False,0.5,"['margin >= 8%: margin=17.7%', 'P/E < 25.0: P/E=7.0']","['ROE too low', 'too much debt']",
STB.L,economic_moat,Economic Moat,False,0.25,['wide margin=17.7%'],"['ROE below 18%', 'ROA below 8%', 'leverage too high']",
STB.L,high_dividend,High Dividend Yield,False,0.2273,"['yield=225.0%', 'universe rank 23%']",['not in top quartile for yield'],
STB.L,dividend_growth,Dividend Growth,True,0.6667,"['dividend payer: yield=225.0%', 'reasonable P/E: P/E=7.0']",['earnings not growing'],
STB.L,magic_formula,Magic Formula,False,0.0,[],['missing EBIT/EV or ROIC inputs'],
STB.L,acquirers_multiple,Acquirer's Multiple,False,0.0,[],['could not rank EV/EBIT'],
STB.L,dreman_contrarian,Dreman Contrarian,True,0.5634,"['low P/E rank 80%', 'low P/B rank 67%']",['dividend yield below median'],
STB.L,piotroski_f,Piotroski F-Score,False,0.6667,"['F-Score=6/9', 'positive net income', 'positive operating cash flow', 'OCF > net income', 'leverage declining', 'no share dilution', 'asset turnover improving']","['F-Score 6/9 below 7', 'ROA improving', 'current ratio improving', 'gross margin improving']","{'f_score': 6, 'max_score': 9, 'components': [{'name': 'positive net income', 'passed': True}, {'name': 'positive operating cash flow', 'passed': True}, {'name': 'ROA improving', 'passed': False}, {'name': 'OCF > net income', 'passed': True}, {'name': 'leverage declining', 'passed': True}, {'name': 'current ratio improving', 'passed': False}, {'name': 'no share dilution', 'passed': True}, {'name': 'gross margin improving', 'passed': False}, {'name': 'asset turnover improving', 'passed': True}]}"
STB.L,composite_value,Composite Value,False,0.6084,"['top-tier on trailing_pe (percentile 100%)', 'top-tier on price_to_book (percentile 73%)']","['missing fcf_yield', 'missing ev_ebitda']",
STB.L,earnings_quality,Earnings Quality,False,0.6667,"['OCF/NI=5.67', 'ratio=-2.23%']",['weak free-cash conversion'],
STB.L,financial_health,Financial Health,False,0.4,"['leverage=2.3%', 'insufficient data — skipped']","['high debt to equity', 'weak liquidity', 'weak interest coverage']",
SFR.L,graham_defensive,Graham Defensive,False,0.25,['P/B < 1.5 or P/E×P/B < 22.5: P/B=0.76'],"['no positive trailing P/E', 'current ratio < 2', 'no dividend']",
SFR.L,graham_enterprising,Graham Enterprising,False,0.4,"['P/B < 3: P/B=0.76', 'Debt/equity < 100%: D/E=48%']","['missing P/E', 'ROE <= 8%', 'negative earnings growth']",
SFR.L,graham_net_net,Graham Net-Net,False,0.0,[],['missing NCAV (balance sheet data)'],
SFR.L,schloss,Schloss Low P/B,True,1.0,"['P/B < 1.2: P/B=0.76', 'D/E < 50.0%: D/E=48%']",[],
SFR.L,deep_value,Deep Value,True,1.0,"['P/B=0.76', 'EV/EBITDA=8.0']",[],
SFR.L,earnings_yield,Earnings Yield,False,1.0,['E/P=nan% (P/E=nan)'],['earnings yield nan% below 8%'],
SFR.L,fcf_yield,FCF Yield,True,1.0,['FCF yield=38.8%'],[],
SFR.L,low_pe_high_yield,Low P/E + High Yield,False,0.0,[],"['P/E not below 12.0', 'yield below 4%']",
SFR.L,lynch_peg,Lynch PEG,False,0.0,"['PEG=nan', 'growth=nan%']",[],
SFR.L,neff_pegy,Neff PEGY,False,0.0,"['PEGY=nan', 'growth=nan%', 'yield=nan%']",['PEGY nan >= 1.0'],
SFR.L,quality_value,Quality Value,False,0.4,"['Debt/equity < 80%: D/E=48%', 'FCF yield >= 3%: FCF yield=38.8%']","['ROE below 12%', 'thin margins', 'missing P/E']",
SFR.L,buffett_quality,Buffett Quality,False,0.25,['D/E < 60.0%: D/E=48%'],"['ROE too low', 'thin margins', 'missing P/E']",
SFR.L,economic_moat,Economic Moat,False,0.25,['low leverage D/E=48%'],"['ROE below 18%', 'ROA below 8%', 'margins below 12%']",
SFR.L,high_dividend,High Dividend Yield,False,0.0,[],['could not rank yield'],
SFR.L,dividend_growth,Dividend Growth,False,0.0,[],"['yield too low', 'earnings not growing', 'P/E out of range']",
SFR.L,magic_formula,Magic Formula,False,0.2819,[],['below top half on combined Magic Formula rank'],
SFR.L,acquirers_multiple,Acquirer's Multiple,False,0.2157,"['EV/EBIT=15.6', 'universe rank 22%']","['EV/EBIT 15.6 above 12.0', 'not in top 40% cheapest on EV/EBIT']",
SFR.L,dreman_contrarian,Dreman Contrarian,False,0.0,[],['missing valuation data'],
SFR.L,piotroski_f,Piotroski F-Score,False,0.5556,"['F-Score=5/9', 'positive operating cash flow', 'OCF > net income', 'leverage declining', 'no share dilution', 'asset turnover improving']","['F-Score 5/9 below 7', 'positive net income', 'ROA improving', 'current ratio improving', 'gross margin improving']","{'f_score': 5, 'max_score': 9, 'components': [{'name': 'positive net income', 'passed': False}, {'name': 'positive operating cash flow', 'passed': True}, {'name': 'ROA improving', 'passed': False}, {'name': 'OCF > net income', 'passed': True}, {'name': 'leverage declining', 'passed': True}, {'name': 'current ratio improving', 'passed': False}, {'name': 'no share dilution', 'passed': True}, {'name': 'gross margin improving', 'passed': False}, {'name': 'asset turnover improving', 'passed': True}]}"
SFR.L,composite_value,Composite Value,True,0.7455,"['top-tier on price_to_book (percentile 90%)', 'top-tier on fcf_yield (percentile 70%)']","['missing trailing_pe', 'missing dividend_yield']",
SFR.L,earnings_quality,Earnings Quality,False,0.5,['ratio=-16.10%'],['negative net income'],
SFR.L,financial_health,Financial Health,False,0.6,"['D/E=48%', 'leverage=19.6%', 'ratio=2.4']","['weak liquidity', 'weak interest coverage']",
SHI.L,graham_defensive,Graham Defensive,False,0.25,['P/B < 1.5 or P/E×P/B < 22.5: P/B=0.98'],"['no positive trailing P/E', 'current ratio < 2', 'no dividend']",
SHI.L,graham_enterprising,Graham Enterprising,False,0.2,['P/B < 3: P/B=0.98'],"['missing P/E', 'excessive leverage', 'ROE <= 8%', 'negative earnings growth']",
SHI.L,graham_net_net,Graham Net-Net,False,0.0,[],['missing NCAV (balance sheet data)'],
SHI.L,schloss,Schloss Low P/B,False,0.5,['P/B < 1.2: P/B=0.98'],['too much leverage'],
SHI.L,deep_value,Deep Value,False,0.5,['P/B=0.98'],['EV/EBITDA not below 8'],
SHI.L,earnings_yield,Earnings Yield,False,1.0,['E/P=nan% (P/E=nan)'],['earnings yield nan% below 8%'],
SHI.L,fcf_yield,FCF Yield,True,1.0,['FCF yield=76.5%'],[],
SHI.L,low_pe_high_yield,Low P/E + High Yield,False,0.0,[],"['P/E not below 12.0', 'yield below 4%']",
SHI.L,lynch_peg,Lynch PEG,False,0.0,"['PEG=nan', 'growth=nan%']",[],
SHI.L,neff_pegy,Neff PEGY,False,0.0,"['PEGY=nan', 'growth=nan%', 'yield=nan%']",['PEGY nan >= 1.0'],
SHI.L,quality_value,Quality Value,False,0.2,['FCF yield >= 3%: FCF yield=76.5%'],"['ROE below 12%', 'thin margins', 'high leverage', 'missing P/E']",
SHI.L,buffett_quality,Buffett Quality,False,0.0,[],"['ROE too low', 'too much debt', 'thin margins', 'missing P/E']",
SHI.L,economic_moat,Economic Moat,False,0.0,[],"['ROE below 18%', 'ROA below 8%', 'margins below 12%', 'leverage too high']",
SHI.L,high_dividend,High Dividend Yield,False,0.0,[],['could not rank yield'],
SHI.L,dividend_growth,Dividend Growth,False,0.0,[],"['yield too low', 'earnings not growing', 'P/E out of range']",
SHI.L,magic_formula,Magic Formula,False,0.2619,[],['below top half on combined Magic Formula rank'],
SHI.L,acquirers_multiple,Acquirer's Multiple,False,0.1373,"['EV/EBIT=19.4', 'universe rank 14%']","['EV/EBIT 19.4 above 12.0', 'not in top 40% cheapest on EV/EBIT']",
SHI.L,dreman_contrarian,Dreman Contrarian,False,0.0,[],['missing valuation data'],
SHI.L,piotroski_f,Piotroski F-Score,False,0.4444,"['F-Score=4/9', 'positive operating cash flow', 'OCF > net income', 'no share dilution', 'asset turnover improving']","['F-Score 4/9 below 7', 'positive net income', 'ROA improving', 'leverage declining', 'current ratio improving', 'gross margin improving']","{'f_score': 4, 'max_score': 9, 'components': [{'name': 'positive net income', 'passed': False}, {'name': 'positive operating cash flow', 'passed': True}, {'name': 'ROA improving', 'passed': False}, {'name': 'OCF > net income', 'passed': True}, {'name': 'leverage declining', 'passed': False}, {'name': 'current ratio improving', 'passed': False}, {'name': 'no share dilution', 'passed': True}, {'name': 'gross margin improving', 'passed': False}, {'name': 'asset turnover improving', 'passed': True}]}"
SHI.L,composite_value,Composite Value,False,0.5364,['top-tier on fcf_yield (percentile 80%)'],"['missing trailing_pe', 'missing dividend_yield']",
SHI.L,earnings_quality,Earnings Quality,False,0.5,['ratio=-16.13%'],['negative net income'],
SHI.L,financial_health,Financial Health,False,0.4,"['leverage=52.7%', 'CR=1.52']","['high debt to equity', 'high net debt/EBITDA', 'weak interest coverage']",
SNWS.L,graham_defensive,Graham Defensive,False,0.5,"['P/E < 15: P/E=6.4', 'Dividend payer: yield=793.00%']","['valuation too rich on P/B or P/E×P/B', 'current ratio < 2']",
SNWS.L,graham_enterprising,Graham Enterprising,False,0.4,"['P/E < 25: P/E=6.4', 'ROE > 8%: ROE=1350.0%']","['P/B >= 3', 'excessive leverage', 'negative earnings growth']",
SNWS.L,graham_net_net,Graham Net-Net,False,0.0,[],['missing NCAV (balance sheet data)'],
SNWS.L,schloss,Schloss Low P/B,False,0.0,[],"['P/B too high', 'too much leverage']",
SNWS.L,deep_value,Deep Value,False,0.5,['EV/EBITDA=4.5'],['P/B not below 1.0'],
SNWS.L,earnings_yield,Earnings Yield,True,1.0,['E/P=15.7% (P/E=6.4)'],[],
SNWS.L,fcf_yield,FCF Yield,True,1.0,['FCF yield=27.1%'],[],
SNWS.L,low_pe_high_yield,Low P/E + High Yield,True,1.0,"['P/E=6.4', 'yield=793.0%']",[],
SNWS.L,lynch_peg,Lynch PEG,False,0.2,[],['missing or negative earnings growth'],
SNWS.L,neff_pegy,Neff PEGY,True,0.9919,"['PEGY=0.01', 'growth=-11.1%', 'yield=793.0%']",[],
SNWS.L,quality_value,Quality Value,False,0.6,"['ROE >= 12%: ROE=1350.0%', 'P/E < 20: P/E=6.4', 'FCF yield >= 3%: FCF yield=27.1%']","['thin margins', 'high leverage']",
SNWS.L,buffett_quality,Buffett Quality,False,0.5,"['ROE >= 15%: ROE=1350.0%', 'P/E < 25.0: P/E=6.4']","['too much debt', 'thin margins']",
SNWS.L,economic_moat,Economic Moat,False,0.5,"['high ROE=1350.0%', 'solid ROA=16.3%']","['margins below 12%', 'leverage too high']",
SNWS.L,high_dividend,High Dividend Yield,True,0.7727,"['yield=793.0%', 'universe rank 77%']",[],
SNWS.L,dividend_growth,Dividend Growth,True,0.6667,"['dividend payer: yield=793.0%', 'reasonable P/E: P/E=6.4']",['earnings not growing'],
SNWS.L,magic_formula,Magic Formula,True,0.9316,"['earnings yield rank 88%', 'ROIC rank 98%']",[],
SNWS.L,acquirers_multiple,Acquirer's Multiple,True,0.7843,"['EV/EBIT=4.8', 'universe rank 78%']",[],
SNWS.L,dreman_contrarian,Dreman Contrarian,True,0.5562,"['low P/E rank 87%', 'dividend rank 77%']",['P/B not cheap vs universe'],
SNWS.L,piotroski_f,Piotroski F-Score,True,0.7778,"['F-Score=7/9', 'positive net income', 'positive operating cash flow', 'ROA improving', 'OCF > net income', 'leverage declining', 'no share dilution', 'gross margin improving']","['current ratio improving', 'asset turnover improving']","{'f_score': 7, 'max_score': 9, 'components': [{'name': 'positive net income', 'passed': True}, {'name': 'positive operating cash flow', 'passed': True}, {'name': 'ROA improving', 'passed': True}, {'name': 'OCF > net income', 'passed': True}, {'name': 'leverage declining', 'passed': True}, {'name': 'current ratio improving', 'passed': False}, {'name': 'no share dilution', 'passed': True}, {'name': 'gross margin improving', 'passed': True}, {'name': 'asset turnover improving', 'passed': False}]}"
SNWS.L,composite_value,Composite Value,False,0.4167,['top-tier on trailing_pe (percentile 100%)'],[],
SNWS.L,earnings_quality,Earnings Quality,True,1.0,"['FCF/NI=1.62', 'OCF/NI=1.75', 'ratio=-12.13%']",[],
SNWS.L,financial_health,Financial Health,False,0.6,"['leverage=18.5%', 'ratio=0.5', 'coverage=11.6x']","['high debt to equity', 'weak liquidity']",
SDY.L,graham_defensive,Graham Defensive,False,0.5,"['P/B < 1.5 or P/E×P/B < 22.5: P/B=0.73', 'Dividend payer: yield=495.00%']","['no positive trailing P/E', 'current ratio < 2']",
SDY.L,graham_enterprising,Graham Enterprising,False,0.2,['P/B < 3: P/B=0.73'],"['missing P/E', 'excessive leverage', 'ROE <= 8%', 'negative earnings growth']",
SDY.L,graham_net_net,Graham Net-Net,False,0.0,[],['missing NCAV (balance sheet data)'],
SDY.L,schloss,Schloss Low P/B,False,0.5,['P/B < 1.2: P/B=0.73'],['too much leverage'],
SDY.L,deep_value,Deep Value,False,0.5,['P/B=0.73'],['EV/EBITDA not below 8'],
SDY.L,earnings_yield,Earnings Yield,False,1.0,['E/P=nan% (P/E=nan)'],['earnings yield nan% below 8%'],
SDY.L,fcf_yield,FCF Yield,True,1.0,['FCF yield=78.1%'],[],
SDY.L,low_pe_high_yield,Low P/E + High Yield,False,0.5,['yield=495.0%'],['P/E not below 12.0'],
SDY.L,lynch_peg,Lynch PEG,False,0.0,"['PEG=nan', 'growth=nan%']",[],
SDY.L,neff_pegy,Neff PEGY,False,0.0,"['PEGY=nan', 'growth=nan%', 'yield=495.0%']",['PEGY nan >= 1.0'],
SDY.L,quality_value,Quality Value,False,0.2,['FCF yield >= 3%: FCF yield=78.1%'],"['ROE below 12%', 'thin margins', 'high leverage', 'missing P/E']",
SDY.L,buffett_quality,Buffett Quality,False,0.0,[],"['ROE too low', 'too much debt', 'thin margins', 'missing P/E']",
SDY.L,economic_moat,Economic Moat,False,0.0,[],"['ROE below 18%', 'ROA below 8%', 'margins below 12%', 'leverage too high']",
SDY.L,high_dividend,High Dividend Yield,False,0.5455,"['yield=495.0%', 'universe rank 55%']","['not in top quartile for yield', 'no positive earnings']",
SDY.L,dividend_growth,Dividend Growth,False,0.3333,['dividend payer: yield=495.0%'],"['earnings not growing', 'P/E out of range']",
SDY.L,magic_formula,Magic Formula,False,0.1554,[],['below top half on combined Magic Formula rank'],
SDY.L,acquirers_multiple,Acquirer's Multiple,False,0.0588,"['EV/EBIT=48.2', 'universe rank 6%']","['EV/EBIT 48.2 above 12.0', 'not in top 40% cheapest on EV/EBIT']",
SDY.L,dreman_contrarian,Dreman Contrarian,False,0.6445,"['low P/B rank 74%', 'dividend rank 55%']",[],
SDY.L,piotroski_f,Piotroski F-Score,False,0.3333,"['F-Score=3/9', 'positive operating cash flow', 'OCF > net income', 'no share dilution']","['F-Score 3/9 below 7', 'positive net income', 'ROA improving', 'leverage declining', 'current ratio improving', 'gross margin improving', 'asset turnover improving']","{'f_score': 3, 'max_score': 9, 'components': [{'name': 'positive net income', 'passed': False}, {'name': 'positive operating cash flow', 'passed': True}, {'name': 'ROA improving', 'passed': False}, {'name': 'OCF > net income', 'passed': True}, {'name': 'leverage declining', 'passed': False}, {'name': 'current ratio improving', 'passed': False}, {'name': 'no share dilution', 'passed': True}, {'name': 'gross margin improving', 'passed': False}, {'name': 'asset turnover improving', 'passed': False}]}"
SDY.L,composite_value,Composite Value,True,0.7644,"['top-tier on price_to_book (percentile 100%)', 'top-tier on fcf_yield (percentile 90%)']",['missing trailing_pe'],
SDY.L,earnings_quality,Earnings Quality,False,0.5,['ratio=-11.03%'],['negative net income'],
SDY.L,financial_health,Financial Health,False,0.2,['leverage=50.1%'],"['high debt to equity', 'weak liquidity', 'high net debt/EBITDA', 'weak interest coverage']",
SEC.L,graham_defensive,Graham Defensive,False,0.5,"['P/E < 15: P/E=9.6', 'P/B < 1.5 or P/E×P/B < 22.5: P/B=0.92']","['current ratio < 2', 'no dividend']",
SEC.L,graham_enterprising,Graham Enterprising,False,0.4,"['P/E < 25: P/E=9.6', 'P/B < 3: P/B=0.92']","['excessive leverage', 'ROE <= 8%', 'negative earnings growth']",
SEC.L,graham_net_net,Graham Net-Net,False,0.0,[],['missing NCAV (balance sheet data)'],
SEC.L,schloss,Schloss Low P/B,False,0.5,['P/B < 1.2: P/B=0.92'],['too much leverage'],
SEC.L,deep_value,Deep Value,False,0.5,['P/B=0.92'],['EV/EBITDA not below 8'],
SEC.L,earnings_yield,Earnings Yield,True,0.87,['E/P=10.4% (P/E=9.6)'],[],
SEC.L,fcf_yield,FCF Yield,False,1.0,['FCF yield=nan%'],['FCF yield nan% below 5%'],
SEC.L,low_pe_high_yield,Low P/E + High Yield,False,0.5,['P/E=9.6'],['yield below 4%'],
SEC.L,lynch_peg,Lynch PEG,False,0.0,"['PEG=nan', 'growth=nan%']",[],
SEC.L,neff_pegy,Neff PEGY,False,0.0,"['PEGY=nan', 'growth=nan%', 'yield=nan%']",['PEGY nan >= 1.0'],
SEC.L,quality_value,Quality Value,False,0.2,['P/E < 20: P/E=9.6'],"['ROE below 12%', 'thin margins', 'high leverage', 'FCF yield below 3%']",
SEC.L,buffett_quality,Buffett Quality,False,0.25,['P/E < 25.0: P/E=9.6'],"['ROE too low', 'too much debt', 'thin margins']",
SEC.L,economic_moat,Economic Moat,False,0.25,['solid ROA=14.0%'],"['ROE below 18%', 'margins below 12%', 'leverage too high']",
SEC.L,high_dividend,High Dividend Yield,False,0.0,[],['could not rank yield'],
SEC.L,dividend_growth,Dividend Growth,False,0.3333,['reasonable P/E: P/E=9.6'],"['yield too low', 'earnings not growing']",
SEC.L,magic_formula,Magic Formula,False,0.0,[],['missing EBIT/EV or ROIC inputs'],
SEC.L,acquirers_multiple,Acquirer's Multiple,False,0.0,[],['could not rank EV/EBIT'],
SEC.L,dreman_contrarian,Dreman Contrarian,False,0.6403,[],"['P/E not in bottom quartile', 'P/B not cheap vs universe']",
SEC.L,piotroski_f,Piotroski F-Score,False,0.5556,"['F-Score=5/9', 'positive net income', 'positive operating cash flow', 'ROA improving', 'no share dilution', 'asset turnover improving']","['F-Score 5/9 below 7', 'OCF > net income', 'leverage declining', 'current ratio improving', 'gross margin improving']","{'f_score': 5, 'max_score': 9, 'components': [{'name': 'positive net income', 'passed': True}, {'name': 'positive operating cash flow', 'passed': True}, {'name': 'ROA improving', 'passed': True}, {'name': 'OCF > net income', 'passed': False}, {'name': 'leverage declining', 'passed': False}, {'name': 'current ratio improving', 'passed': False}, {'name': 'no share dilution', 'passed': True}, {'name': 'gross margin improving', 'passed': False}, {'name': 'asset turnover improving', 'passed': True}]}"
SEC.L,composite_value,Composite Value,False,0.4884,['top-tier on price_to_book (percentile 71%)'],"['missing dividend_yield', 'missing fcf_yield', 'missing ev_ebitda']",
SEC.L,earnings_quality,Earnings Quality,False,0.3333,['ratio=6.17%'],"['weak free-cash conversion', 'operating cash below earnings']",
SEC.L,financial_health,Financial Health,False,0.4,"['insufficient data — skipped', 'insufficient data — skipped']","['high debt to equity', 'high leverage', 'weak liquidity']",
STVG.L,graham_defensive,Graham Defensive,False,0.5,"['P/B < 1.5 or P/E×P/B < 22.5: P/B=-5.81', 'Dividend payer: yield=1119.00%']","['no positive trailing P/E', 'current ratio < 2']",
STVG.L,graham_enterprising,Graham Enterprising,False,0.2,['P/B < 3: P/B=-5.81'],"['missing P/E', 'excessive leverage', 'ROE <= 8%', 'negative earnings growth']",
STVG.L,graham_net_net,Graham Net-Net,False,0.0,[],['missing NCAV (balance sheet data)'],
STVG.L,schloss,Schloss Low P/B,False,0.5,['P/B < 1.2: P/B=-5.81'],['too much leverage'],
STVG.L,deep_value,Deep Value,False,0.5,['P/B=-5.81'],['EV/EBITDA not below 8'],
STVG.L,earnings_yield,Earnings Yield,False,1.0,['E/P=nan% (P/E=nan)'],['earnings yield nan% below 8%'],
STVG.L,fcf_yield,FCF Yield,True,1.0,['FCF yield=31.6%'],[],
STVG.L,low_pe_high_yield,Low P/E + High Yield,False,0.5,['yield=1119.0%'],['P/E not below 12.0'],
STVG.L,lynch_peg,Lynch PEG,False,0.0,"['PEG=nan', 'growth=nan%']",[],
STVG.L,neff_pegy,Neff PEGY,False,0.0,"['PEGY=nan', 'growth=nan%', 'yield=1119.0%']",['PEGY nan >= 1.0'],
STVG.L,quality_value,Quality Value,False,0.2,['FCF yield >= 3%: FCF yield=31.6%'],"['ROE below 12%', 'thin margins', 'high leverage', 'missing P/E']",
STVG.L,buffett_quality,Buffett Quality,False,0.0,[],"['ROE too low', 'too much debt', 'thin margins', 'missing P/E']",
STVG.L,economic_moat,Economic Moat,False,0.0,[],"['ROE below 18%', 'ROA below 8%', 'margins below 12%', 'leverage too high']",
STVG.L,high_dividend,High Dividend Yield,False,0.9318,"['yield=1119.0%', 'universe rank 93%']",['no positive earnings'],
STVG.L,dividend_growth,Dividend Growth,False,0.3333,['dividend payer: yield=1119.0%'],"['earnings not growing', 'P/E out of range']",
STVG.L,magic_formula,Magic Formula,True,0.6899,"['earnings yield rank 75%', 'ROIC rank 63%']",[],
STVG.L,acquirers_multiple,Acquirer's Multiple,True,0.6471,"['EV/EBIT=8.9', 'universe rank 65%']",[],
STVG.L,dreman_contrarian,Dreman Contrarian,False,0.9659,"['low P/B rank 100%', 'dividend rank 93%']",[],
STVG.L,piotroski_f,Piotroski F-Score,False,0.5556,"['F-Score=5/9', 'positive operating cash flow', 'OCF > net income', 'current ratio improving', 'no share dilution', 'gross margin improving']","['F-Score 5/9 below 7', 'positive net income', 'ROA improving', 'leverage declining', 'asset turnover improving']","{'f_score': 5, 'max_score': 9, 'components': [{'name': 'positive net income', 'passed': False}, {'name': 'positive operating cash flow', 'passed': True}, {'name': 'ROA improving', 'passed': False}, {'name': 'OCF > net income', 'passed': True}, {'name': 'leverage declining', 'passed': False}, {'name': 'current ratio improving', 'passed': True}, {'name': 'no share dilution', 'passed': True}, {'name': 'gross margin improving', 'passed': True}, {'name': 'asset turnover improving', 'passed': False}]}"
STVG.L,composite_value,Composite Value,False,0.5111,['top-tier on price_to_book (percentile 100%)'],['missing trailing_pe'],
STVG.L,earnings_quality,Earnings Quality,False,0.5,['ratio=-4.51%'],['negative net income'],
STVG.L,financial_health,Financial Health,False,0.4,"['leverage=46.8%', 'CR=1.50']","['high debt to equity', 'high net debt/EBITDA', 'weak interest coverage']",
SYNT.L,graham_defensive,Graham Defensive,False,0.25,['P/B < 1.5 or P/E×P/B < 22.5: P/B=0.18'],"['no positive trailing P/E', 'current ratio < 2', 'no dividend']",
SYNT.L,graham_enterprising,Graham Enterprising,False,0.4,"['P/B < 3: P/B=0.18', 'Debt/equity < 100%: D/E=96%']","['missing P/E', 'ROE <= 8%', 'negative earnings growth']",
SYNT.L,graham_net_net,Graham Net-Net,False,0.0,[],['missing NCAV (balance sheet data)'],
SYNT.L,schloss,Schloss Low P/B,False,0.5,['P/B < 1.2: P/B=0.18'],['too much leverage'],
SYNT.L,deep_value,Deep Value,True,1.0,"['P/B=0.18', 'EV/EBITDA=8.0']",[],
SYNT.L,earnings_yield,Earnings Yield,False,1.0,['E/P=nan% (P/E=nan)'],['earnings yield nan% below 8%'],
SYNT.L,fcf_yield,FCF Yield,False,0.0,['FCF yield=-6.2%'],['FCF yield -6.2% below 5%'],
SYNT.L,low_pe_high_yield,Low P/E + High Yield,False,0.0,[],"['P/E not below 12.0', 'yield below 4%']",
SYNT.L,lynch_peg,Lynch PEG,False,0.0,"['PEG=nan', 'growth=nan%']",[],
SYNT.L,neff_pegy,Neff PEGY,False,0.0,"['PEGY=nan', 'growth=nan%', 'yield=nan%']",['PEGY nan >= 1.0'],
SYNT.L,quality_value,Quality Value,False,0.0,[],"['ROE below 12%', 'thin margins', 'high leverage', 'missing P/E', 'FCF yield below 3%']",
SYNT.L,buffett_quality,Buffett Quality,False,0.0,[],"['ROE too low', 'too much debt', 'thin margins', 'missing P/E']",
SYNT.L,economic_moat,Economic Moat,False,0.0,[],"['ROE below 18%', 'ROA below 8%', 'margins below 12%', 'leverage too high']",
SYNT.L,high_dividend,High Dividend Yield,False,0.0,[],['could not rank yield'],
SYNT.L,dividend_growth,Dividend Growth,False,0.0,[],"['yield too low', 'earnings not growing', 'P/E out of range']",
SYNT.L,magic_formula,Magic Formula,True,0.971,"['earnings yield rank 98%', 'ROIC rank 96%']",[],
SYNT.L,acquirers_multiple,Acquirer's Multiple,True,0.8824,"['EV/EBIT=0.5', 'universe rank 88%']",[],
SYNT.L,dreman_contrarian,Dreman Contrarian,False,0.0,[],['missing valuation data'],
SYNT.L,piotroski_f,Piotroski F-Score,False,0.5556,"['F-Score=5/9', 'positive operating cash flow', 'OCF > net income', 'current ratio improving', 'no share dilution', 'asset turnover improving']","['F-Score 5/9 below 7', 'positive net income', 'ROA improving', 'leverage declining', 'gross margin improving']","{'f_score': 5, 'max_score': 9, 'components': [{'name': 'positive net income', 'passed': False}, {'name': 'positive operating cash flow', 'passed': True}, {'name': 'ROA improving', 'passed': False}, {'name': 'OCF > net income', 'passed': True}, {'name': 'leverage declining', 'passed': False}, {'name': 'current ratio improving', 'passed': True}, {'name': 'no share dilution', 'passed': True}, {'name': 'gross margin improving', 'passed': False}, {'name': 'asset turnover improving', 'passed': True}]}"
SYNT.L,composite_value,Composite Value,False,0.4935,['top-tier on price_to_book (percentile 86%)'],"['missing trailing_pe', 'missing dividend_yield']",
SYNT.L,earnings_quality,Earnings Quality,False,0.5,['ratio=-12.34%'],['negative net income'],
SYNT.L,financial_health,Financial Health,False,0.6,"['leverage=35.9%', 'CR=1.57', 'coverage=24.7x']","['high debt to equity', 'high net debt/EBITDA']",
GYM.L,graham_defensive,Graham Defensive,False,0.0,[],"['P/E >= 15', 'valuation too rich on P/B or P/E×P/B', 'current ratio < 2', 'no dividend']",
GYM.L,graham_enterprising,Graham Enterprising,False,0.2,['P/B < 3: P/B=2.65'],"['P/E >= 25', 'excessive leverage', 'ROE <= 8%', 'negative earnings growth']",
GYM.L,graham_net_net,Graham Net-Net,False,0.0,[],['missing NCAV (balance sheet data)'],
GYM.L,schloss,Schloss Low P/B,False,0.0,[],"['P/B too high', 'too much leverage']",
GYM.L,deep_value,Deep Value,False,0.0,[],"['P/B not below 1.0', 'EV/EBITDA not below 8']",
GYM.L,earnings_yield,Earnings Yield,False,0.1587,['E/P=1.9% (P/E=52.5)'],['earnings yield 1.9% below 8%'],
GYM.L,fcf_yield,FCF Yield,True,0.9358,['FCF yield=9.4%'],[],
GYM.L,low_pe_high_yield,Low P/E + High Yield,False,0.0,[],"['P/E not below 12.0', 'yield below 4%']",
GYM.L,lynch_peg,Lynch PEG,False,0.2,[],['missing or negative earnings growth'],
GYM.L,neff_pegy,Neff PEGY,False,0.0,"['PEGY=nan', 'growth=-3.3%', 'yield=nan%']",['PEGY nan >= 1.0'],
GYM.L,quality_value,Quality Value,False,0.2,['FCF yield >= 3%: FCF yield=9.4%'],"['ROE below 12%', 'thin margins', 'high leverage', 'P/E >= 20']",
GYM.L,buffett_quality,Buffett Quality,False,0.0,[],"['ROE too low', 'too much debt', 'thin margins', 'P/E too high']",
GYM.L,economic_moat,Economic Moat,False,0.0,[],"['ROE below 18%', 'ROA below 8%', 'margins below 12%', 'leverage too high']",
GYM.L,high_dividend,High Dividend Yield,False,0.0,[],['could not rank yield'],
GYM.L,dividend_growth,Dividend Growth,False,0.0,[],"['yield too low', 'earnings not growing', 'P/E out of range']",
GYM.L,magic_formula,Magic Formula,False,0.2711,[],['below top half on combined Magic Formula rank'],
GYM.L,acquirers_multiple,Acquirer's Multiple,False,0.098,"['EV/EBIT=25.3', 'universe rank 10%']","['EV/EBIT 25.3 above 12.0', 'not in top 40% cheapest on EV/EBIT']",
GYM.L,dreman_contrarian,Dreman Contrarian,False,0.0855,[],"['P/E not in bottom quartile', 'P/B not cheap vs universe']",
GYM.L,piotroski_f,Piotroski F-Score,True,0.8889,"['F-Score=8/9', 'positive net income', 'positive operating cash flow', 'ROA improving', 'OCF > net income', 'leverage declining', 'no share dilution', 'gross margin improving', 'asset turnover improving']",['current ratio improving'],"{'f_score': 8, 'max_score': 9, 'components': [{'name': 'positive net income', 'passed': True}, {'name': 'positive operating cash flow', 'passed': True}, {'name': 'ROA improving', 'passed': True}, {'name': 'OCF > net income', 'passed': True}, {'name': 'leverage declining', 'passed': True}, {'name': 'current ratio improving', 'passed': False}, {'name': 'no share dilution', 'passed': True}, {'name': 'gross margin improving', 'passed': True}, {'name': 'asset turnover improving', 'passed': True}]}"
GYM.L,composite_value,Composite Value,False,0.2036,[],['missing dividend_yield'],
GYM.L,earnings_quality,Earnings Quality,True,1.0,"['FCF/NI=4.61', 'OCF/NI=13.82', 'ratio=-15.41%']",[],
GYM.L,financial_health,Financial Health,False,0.0,[],"['high debt to equity', 'high leverage', 'weak liquidity', 'high net debt/EBITDA', 'weak interest coverage']",
TPT.L,graham_defensive,Graham Defensive,False,0.5,"['P/E < 15: P/E=11.8', 'Dividend payer: yield=873.00%']","['valuation too rich on P/B or P/E×P/B', 'current ratio < 2']",
TPT.L,graham_enterprising,Graham Enterprising,False,0.4,"['P/E < 25: P/E=11.8', 'ROE > 8%: ROE=127.4%']","['P/B >= 3', 'excessive leverage', 'negative earnings growth']",
TPT.L,graham_net_net,Graham Net-Net,False,0.0,[],['missing NCAV (balance sheet data)'],
TPT.L,schloss,Schloss Low P/B,False,0.0,[],"['P/B too high', 'too much leverage']",
TPT.L,deep_value,Deep Value,False,0.0,[],"['P/B not below 1.0', 'EV/EBITDA not below 8']",
TPT.L,earnings_yield,Earnings Yield,True,0.7042,['E/P=8.5% (P/E=11.8)'],[],
TPT.L,fcf_yield,FCF Yield,True,1.0,['FCF yield=23.5%'],[],
TPT.L,low_pe_high_yield,Low P/E + High Yield,True,1.0,"['P/E=11.8', 'yield=873.0%']",[],
TPT.L,lynch_peg,Lynch PEG,False,0.2,[],['missing or negative earnings growth'],
TPT.L,neff_pegy,Neff PEGY,True,0.9852,"['PEGY=0.01', 'growth=-71.7%', 'yield=873.0%']",[],
TPT.L,quality_value,Quality Value,False,0.6,"['ROE >= 12%: ROE=127.4%', 'P/E < 20: P/E=11.8', 'FCF yield >= 3%: FCF yield=23.5%']","['thin margins', 'high leverage']",
TPT.L,buffett_quality,Buffett Quality,False,0.5,"['ROE >= 15%: ROE=127.4%', 'P/E < 25.0: P/E=11.8']","['too much debt', 'thin margins']",
TPT.L,economic_moat,Economic Moat,False,0.25,['high ROE=127.4%'],"['ROA below 8%', 'margins below 12%', 'leverage too high']",
TPT.L,high_dividend,High Dividend Yield,True,0.8864,"['yield=873.0%', 'universe rank 89%']",[],
TPT.L,dividend_growth,Dividend Growth,True,0.6667,"['dividend payer: yield=873.0%', 'reasonable P/E: P/E=11.8']",['earnings not growing'],
TPT.L,magic_formula,Magic Formula,True,0.5715,['ROIC rank 71%'],[],
TPT.L,acquirers_multiple,Acquirer's Multiple,False,0.3333,"['EV/EBIT=13.6', 'universe rank 33%']","['EV/EBIT 13.6 above 12.0', 'not in top 40% cheapest on EV/EBIT']",
TPT.L,dreman_contrarian,Dreman Contrarian,False,0.4916,['dividend rank 89%'],"['P/E not in bottom quartile', 'P/B not cheap vs universe']",
TPT.L,piotroski_f,Piotroski F-Score,True,0.7778,"['F-Score=7/9', 'positive net income', 'positive operating cash flow', 'ROA improving', 'OCF > net income', 'leverage declining', 'no share dilution', 'asset turnover improving']","['current ratio improving', 'gross margin improving']","{'f_score': 7, 'max_score': 9, 'components': [{'name': 'positive net income', 'passed': True}, {'name': 'positive operating cash flow', 'passed': True}, {'name': 'ROA improving', 'passed': True}, {'name': 'OCF > net income', 'passed': True}, {'name': 'leverage declining', 'passed': True}, {'name': 'current ratio improving', 'passed': False}, {'name': 'no share dilution', 'passed': True}, {'name': 'gross margin improving', 'passed': False}, {'name': 'asset turnover improving', 'passed': True}]}"
TPT.L,composite_value,Composite Value,False,0.5565,"['top-tier on dividend_yield (percentile 92%)', 'top-tier on fcf_yield (percentile 75%)']",[],
TPT.L,earnings_quality,Earnings Quality,True,1.0,"['FCF/NI=2.72', 'OCF/NI=3.95', 'ratio=-9.41%']",[],
TPT.L,financial_health,Financial Health,False,0.0,[],"['high debt to equity', 'high leverage', 'weak liquidity', 'high net debt/EBITDA', 'weak interest coverage']",
TET.L,graham_defensive,Graham Defensive,False,0.5,"['Current ratio >= 2: CR=3.39', 'Dividend payer: yield=1.84%']","['P/E >= 15', 'valuation too rich on P/B or P/E×P/B']",
TET.L,graham_enterprising,Graham Enterprising,False,0.2,['Debt/equity < 100%: D/E=5%'],"['P/E >= 25', 'P/B >= 3', 'ROE <= 8%', 'negative earnings growth']",
TET.L,graham_net_net,Graham Net-Net,False,0.0,[],['missing NCAV (balance sheet data)'],
TET.L,schloss,Schloss Low P/B,False,0.5,['D/E < 50.0%: D/E=5%'],['P/B too high'],
TET.L,deep_value,Deep Value,False,0.0,[],"['P/B not below 1.0', 'EV/EBITDA not below 8']",
TET.L,earnings_yield,Earnings Yield,False,0.1913,['E/P=2.3% (P/E=43.6)'],['earnings yield 2.3% below 8%'],
TET.L,fcf_yield,FCF Yield,False,0.2557,['FCF yield=2.6%'],['FCF yield 2.6% below 5%'],
TET.L,low_pe_high_yield,Low P/E + High Yield,False,0.0,[],"['P/E not below 12.0', 'yield below 4%']",
TET.L,lynch_peg,Lynch PEG,False,0.2,[],['missing or negative earnings growth'],
TET.L,neff_pegy,Neff PEGY,False,0.0,[],['no growth or dividend yield'],
TET.L,quality_value,Quality Value,False,0.2,['Debt/equity < 80%: D/E=5%'],"['ROE below 12%', 'thin margins', 'P/E >= 20', 'FCF yield below 3%']",
TET.L,buffett_quality,Buffett Quality,False,0.25,['D/E < 60.0%: D/E=5%'],"['ROE too low', 'thin margins', 'P/E too high']",
TET.L,economic_moat,Economic Moat,False,0.25,['low leverage D/E=5%'],"['ROE below 18%', 'ROA below 8%', 'margins below 12%']",
TET.L,high_dividend,High Dividend Yield,False,0.0,"['yield=1.8%', 'universe rank 0%']","['yield 1.8% below 3% floor', 'not in top quartile for yield']",
TET.L,dividend_growth,Dividend Growth,False,0.0,[],"['yield too low', 'earnings not growing', 'P/E out of range']",
TET.L,magic_formula,Magic Formula,False,0.3294,[],['below top half on combined Magic Formula rank'],
TET.L,acquirers_multiple,Acquirer's Multiple,False,0.1569,"['EV/EBIT=19.1', 'universe rank 16%']","['EV/EBIT 19.1 above 12.0', 'not in top 40% cheapest on EV/EBIT']",
TET.L,dreman_contrarian,Dreman Contrarian,False,0.029,[],"['P/E not in bottom quartile', 'P/B not cheap vs universe', 'dividend yield below median']",
TET.L,piotroski_f,Piotroski F-Score,False,0.4444,"['F-Score=4/9', 'positive net income', 'positive operating cash flow', 'OCF > net income', 'no share dilution']","['F-Score 4/9 below 7', 'ROA improving', 'leverage declining', 'current ratio improving', 'gross margin improving', 'asset turnover improving']","{'f_score': 4, 'max_score': 9, 'components': [{'name': 'positive net income', 'passed': True}, {'name': 'positive operating cash flow', 'passed': True}, {'name': 'ROA improving', 'passed': False}, {'name': 'OCF > net income', 'passed': True}, {'name': 'leverage declining', 'passed': False}, {'name': 'current ratio improving', 'passed': False}, {'name': 'no share dilution', 'passed': True}, {'name': 'gross margin improving', 'passed': False}, {'name': 'asset turnover improving', 'passed': False}]}"
TET.L,composite_value,Composite Value,False,0.1982,[],[],
TET.L,earnings_quality,Earnings Quality,True,1.0,"['FCF/NI=0.91', 'OCF/NI=2.23', 'ratio=-3.70%']",[],
TET.L,financial_health,Financial Health,True,1.0,"['D/E=5%', 'leverage=4.5%', 'CR=3.16', 'ratio=0.3', 'coverage=39.7x']",[],
TRI.L,graham_defensive,Graham Defensive,False,0.75,"['P/B < 1.5 or P/E×P/B < 22.5: P/B=0.95', 'Current ratio >= 2: CR=4.19', 'Dividend payer: yield=208.00%']",['no positive trailing P/E'],
TRI.L,graham_enterprising,Graham Enterprising,False,0.4,"['P/B < 3: P/B=0.95', 'Debt/equity < 100%: D/E=59%']","['missing P/E', 'ROE <= 8%', 'negative earnings growth']",
TRI.L,graham_net_net,Graham Net-Net,False,0.0,[],['missing NCAV (balance sheet data)'],
TRI.L,schloss,Schloss Low P/B,False,0.5,['P/B < 1.2: P/B=0.95'],['too much leverage'],
TRI.L,deep_value,Deep Value,True,1.0,"['P/B=0.95', 'EV/EBITDA=7.9']",[],
TRI.L,earnings_yield,Earnings Yield,False,1.0,['E/P=nan% (P/E=nan)'],['earnings yield nan% below 8%'],
TRI.L,fcf_yield,FCF Yield,True,1.0,['FCF yield=12.4%'],[],
TRI.L,low_pe_high_yield,Low P/E + High Yield,False,0.5,['yield=208.0%'],['P/E not below 12.0'],
TRI.L,lynch_peg,Lynch PEG,False,0.0,"['PEG=nan', 'growth=nan%']",[],
TRI.L,neff_pegy,Neff PEGY,False,0.0,"['PEGY=nan', 'growth=nan%', 'yield=208.0%']",['PEGY nan >= 1.0'],
TRI.L,quality_value,Quality Value,False,0.4,"['Debt/equity < 80%: D/E=59%', 'FCF yield >= 3%: FCF yield=12.4%']","['ROE below 12%', 'thin margins', 'missing P/E']",
TRI.L,buffett_quality,Buffett Quality,False,0.25,['D/E < 60.0%: D/E=59%'],"['ROE too low', 'thin margins', 'missing P/E']",
TRI.L,economic_moat,Economic Moat,False,0.0,[],"['ROE below 18%', 'ROA below 8%', 'margins below 12%', 'leverage too high']",
TRI.L,high_dividend,High Dividend Yield,False,0.2045,"['yield=208.0%', 'universe rank 20%']","['not in top quartile for yield', 'no positive earnings']",
TRI.L,dividend_growth,Dividend Growth,False,0.3333,['dividend payer: yield=208.0%'],"['earnings not growing', 'P/E out of range']",
TRI.L,magic_formula,Magic Formula,True,0.5445,['earnings yield rank 63%'],[],
TRI.L,acquirers_multiple,Acquirer's Multiple,False,0.5294,"['EV/EBIT=10.3', 'universe rank 53%']",['not in top 40% cheapest on EV/EBIT'],
TRI.L,dreman_contrarian,Dreman Contrarian,False,0.3651,[],"['P/B not cheap vs universe', 'dividend yield below median']",
TRI.L,piotroski_f,Piotroski F-Score,False,0.5556,"['F-Score=5/9', 'positive operating cash flow', 'OCF > net income', 'current ratio improving', 'no share dilution', 'gross margin improving']","['F-Score 5/9 below 7', 'positive net income', 'ROA improving', 'leverage declining', 'asset turnover improving']","{'f_score': 5, 'max_score': 9, 'components': [{'name': 'positive net income', 'passed': False}, {'name': 'positive operating cash flow', 'passed': True}, {'name': 'ROA improving', 'passed': False}, {'name': 'OCF > net income', 'passed': True}, {'name': 'leverage declining', 'passed': False}, {'name': 'current ratio improving', 'passed': True}, {'name': 'no share dilution', 'passed': True}, {'name': 'gross margin improving', 'passed': True}, {'name': 'asset turnover improving', 'passed': False}]}"
TRI.L,composite_value,Composite Value,False,0.4778,"['top-tier on price_to_book (percentile 80%)', 'top-tier on ev_ebitda (percentile 70%)']",['missing trailing_pe'],
TRI.L,earnings_quality,Earnings Quality,False,0.5,['ratio=-7.94%'],['negative net income'],
TRI.L,financial_health,Financial Health,True,1.0,"['D/E=59%', 'leverage=30.6%', 'CR=4.19', 'ratio=1.9', 'coverage=3.4x']",[],
TTG.L,graham_defensive,Graham Defensive,False,0.0,[],"['no positive trailing P/E', 'valuation too rich on P/B or P/E×P/B', 'current ratio < 2', 'no dividend']",
TTG.L,graham_enterprising,Graham Enterprising,False,0.4,"['P/B < 3: P/B=1.66', 'Debt/equity < 100%: D/E=70%']","['missing P/E', 'ROE <= 8%', 'negative earnings growth']",
TTG.L,graham_net_net,Graham Net-Net,False,0.0,[],['missing NCAV (balance sheet data)'],
TTG.L,schloss,Schloss Low P/B,False,0.0,[],"['P/B too high', 'too much leverage']",
TTG.L,deep_value,Deep Value,False,0.5,['EV/EBITDA=-18.1'],['P/B not below 1.0'],
TTG.L,earnings_yield,Earnings Yield,False,1.0,['E/P=nan% (P/E=nan)'],['earnings yield nan% below 8%'],
TTG.L,fcf_yield,FCF Yield,False,0.2973,['FCF yield=3.0%'],['FCF yield 3.0% below 5%'],
TTG.L,low_pe_high_yield,Low P/E + High Yield,False,0.0,[],"['P/E not below 12.0', 'yield below 4%']",
TTG.L,lynch_peg,Lynch PEG,False,0.0,"['PEG=nan', 'growth=nan%']",[],
TTG.L,neff_pegy,Neff PEGY,False,0.0,"['PEGY=nan', 'growth=nan%', 'yield=nan%']",['PEGY nan >= 1.0'],
TTG.L,quality_value,Quality Value,False,0.2,['Debt/equity < 80%: D/E=70%'],"['ROE below 12%', 'thin margins', 'missing P/E', 'FCF yield below 3%']",
TTG.L,buffett_quality,Buffett Quality,False,0.0,[],"['ROE too low', 'too much debt', 'thin margins', 'missing P/E']",
TTG.L,economic_moat,Economic Moat,False,0.0,[],"['ROE below 18%', 'ROA below 8%', 'margins below 12%', 'leverage too high']",
TTG.L,high_dividend,High Dividend Yield,False,0.0,[],['could not rank yield'],
TTG.L,dividend_growth,Dividend Growth,False,0.0,[],"['yield too low', 'earnings not growing', 'P/E out of range']",
TTG.L,magic_formula,Magic Formula,False,0.0681,[],['below top half on combined Magic Formula rank'],
TTG.L,acquirers_multiple,Acquirer's Multiple,False,0.0,[],['missing EV or EBIT'],
TTG.L,dreman_contrarian,Dreman Contrarian,False,0.0,[],['missing valuation data'],
TTG.L,piotroski_f,Piotroski F-Score,False,0.6667,"['F-Score=6/9', 'positive operating cash flow', 'OCF > net income', 'leverage declining', 'no share dilution', 'gross margin improving', 'asset turnover improving']","['F-Score 6/9 below 7', 'positive net income', 'ROA improving', 'current ratio improving']","{'f_score': 6, 'max_score': 9, 'components': [{'name': 'positive net income', 'passed': False}, {'name': 'positive operating cash flow', 'passed': True}, {'name': 'ROA improving', 'passed': False}, {'name': 'OCF > net income', 'passed': True}, {'name': 'leverage declining', 'passed': True}, {'name': 'current ratio improving', 'passed': False}, {'name': 'no share dilution', 'passed': True}, {'name': 'gross margin improving', 'passed': True}, {'name': 'asset turnover improving', 'passed': True}]}"
TTG.L,composite_value,Composite Value,True,0.7273,"['top-tier on price_to_book (percentile 75%)', 'top-tier on ev_ebitda (percentile 100%)']","['missing trailing_pe', 'missing dividend_yield']",
TTG.L,earnings_quality,Earnings Quality,False,0.5,['ratio=-25.53%'],['negative net income'],
TTG.L,financial_health,Financial Health,True,0.8,"['D/E=70%', 'leverage=26.2%', 'CR=1.71', 'insufficient data — skipped']",['weak interest coverage'],
ULTP.L,graham_defensive,Graham Defensive,False,0.75,"['P/E < 15: P/E=13.8', 'P/B < 1.5 or P/E×P/B < 22.5: P/B=0.99', 'Dividend payer: yield=553.00%']",['current ratio < 2'],
ULTP.L,graham_enterprising,Graham Enterprising,True,0.8,"['P/E < 25: P/E=13.8', 'P/B < 3: P/B=0.99', 'Debt/equity < 100%: D/E=35%', 'ROE > 8%: ROE=8.2%']",['negative earnings growth'],
ULTP.L,graham_net_net,Graham Net-Net,False,0.0,[],['missing NCAV (balance sheet data)'],
ULTP.L,schloss,Schloss Low P/B,True,1.0,"['P/B < 1.2: P/B=0.99', 'D/E < 50.0%: D/E=35%']",[],
ULTP.L,deep_value,Deep Value,True,1.0,"['P/B=0.99', 'EV/EBITDA=6.9']",[],
ULTP.L,earnings_yield,Earnings Yield,False,0.6039,['E/P=7.2% (P/E=13.8)'],['earnings yield 7.2% below 8%'],
ULTP.L,fcf_yield,FCF Yield,True,1.0,['FCF yield=35.2%'],[],
ULTP.L,low_pe_high_yield,Low P/E + High Yield,False,0.5,['yield=553.0%'],['P/E not below 12.0'],
ULTP.L,lynch_peg,Lynch PEG,False,0.2,[],['missing or negative earnings growth'],
ULTP.L,neff_pegy,Neff PEGY,True,0.9724,"['PEGY=0.03', 'growth=-52.4%', 'yield=553.0%']",[],
ULTP.L,quality_value,Quality Value,False,0.6,"['Debt/equity < 80%: D/E=35%', 'P/E < 20: P/E=13.8', 'FCF yield >= 3%: FCF yield=35.2%']","['ROE below 12%', 'thin margins']",
ULTP.L,buffett_quality,Buffett Quality,False,0.5,"['D/E < 60.0%: D/E=35%', 'P/E < 25.0: P/E=13.8']","['ROE too low', 'thin margins']",
ULTP.L,economic_moat,Economic Moat,False,0.5,"['solid ROA=9.1%', 'low leverage D/E=35%']","['ROE below 18%', 'margins below 12%']",
ULTP.L,high_dividend,High Dividend Yield,False,0.6364,"['yield=553.0%', 'universe rank 64%']",['not in top quartile for yield'],
ULTP.L,dividend_growth,Dividend Growth,True,0.6667,"['dividend payer: yield=553.0%', 'reasonable P/E: P/E=13.8']",['earnings not growing'],
ULTP.L,magic_formula,Magic Formula,True,0.9225,"['earnings yield rank 94%', 'ROIC rank 90%']",[],
ULTP.L,acquirers_multiple,Acquirer's Multiple,True,0.8431,"['EV/EBIT=3.8', 'universe rank 84%']",[],
ULTP.L,dreman_contrarian,Dreman Contrarian,False,0.5284,['dividend rank 64%'],"['P/E not in bottom quartile', 'P/B not cheap vs universe']",
ULTP.L,piotroski_f,Piotroski F-Score,False,0.6667,"['F-Score=6/9', 'positive net income', 'positive operating cash flow', 'OCF > net income', 'leverage declining', 'no share dilution', 'gross margin improving']","['F-Score 6/9 below 7', 'ROA improving', 'current ratio improving', 'asset turnover improving']","{'f_score': 6, 'max_score': 9, 'components': [{'name': 'positive net income', 'passed': True}, {'name': 'positive operating cash flow', 'passed': True}, {'name': 'ROA improving', 'passed': False}, {'name': 'OCF > net income', 'passed': True}, {'name': 'leverage declining', 'passed': True}, {'name': 'current ratio improving', 'passed': False}, {'name': 'no share dilution', 'passed': True}, {'name': 'gross margin improving', 'passed': True}, {'name': 'asset turnover improving', 'passed': False}]}"
ULTP.L,composite_value,Composite Value,True,0.7129,"['top-tier on dividend_yield (percentile 75%)', 'top-tier on fcf_yield (percentile 94%)', 'top-tier on ev_ebitda (percentile 80%)']",[],
ULTP.L,earnings_quality,Earnings Quality,True,1.0,"['FCF/NI=1.54', 'OCF/NI=1.46', 'ratio=-4.17%']",[],
ULTP.L,financial_health,Financial Health,True,1.0,"['D/E=35%', 'leverage=16.7%', 'CR=1.28', 'ratio=1.5', 'coverage=11.4x']",[],
VANQ.L,graham_defensive,Graham Defensive,False,0.5,"['P/B < 1.5 or P/E×P/B < 22.5: P/B=0.41', 'Current ratio >= 2: CR=71.44']","['P/E >= 15', 'no dividend']",
VANQ.L,graham_enterprising,Graham Enterprising,False,0.2,['P/B < 3: P/B=0.41'],"['P/E >= 25', 'excessive leverage', 'ROE <= 8%', 'negative earnings growth']",
VANQ.L,graham_net_net,Graham Net-Net,False,0.0,[],['missing NCAV (balance sheet data)'],
VANQ.L,schloss,Schloss Low P/B,False,0.5,['P/B < 1.2: P/B=0.41'],['too much leverage'],
VANQ.L,deep_value,Deep Value,False,0.5,['P/B=0.41'],['EV/EBITDA not below 8'],
VANQ.L,earnings_yield,Earnings Yield,False,0.3129,['E/P=3.8% (P/E=26.6)'],['earnings yield 3.8% below 8%'],
VANQ.L,fcf_yield,FCF Yield,False,1.0,['FCF yield=nan%'],['FCF yield nan% below 5%'],
VANQ.L,low_pe_high_yield,Low P/E + High Yield,False,0.0,[],"['P/E not below 12.0', 'yield below 4%']",
VANQ.L,lynch_peg,Lynch PEG,False,0.2,[],['missing or negative earnings growth'],
VANQ.L,neff_pegy,Neff PEGY,False,0.0,"['PEGY=nan', 'growth=-21.5%', 'yield=nan%']",['PEGY nan >= 1.0'],
VANQ.L,quality_value,Quality Value,False,0.0,[],"['ROE below 12%', 'thin margins', 'high leverage', 'P/E >= 20', 'FCF yield below 3%']",
VANQ.L,buffett_quality,Buffett Quality,False,0.0,[],"['ROE too low', 'too much debt', 'thin margins', 'P/E too high']",
VANQ.L,economic_moat,Economic Moat,False,0.0,[],"['ROE below 18%', 'ROA below 8%', 'margins below 12%', 'leverage too high']",
VANQ.L,high_dividend,High Dividend Yield,False,0.0,[],['could not rank yield'],
VANQ.L,dividend_growth,Dividend Growth,False,0.0,[],"['yield too low', 'earnings not growing', 'P/E out of range']",
VANQ.L,magic_formula,Magic Formula,False,0.0,[],['missing EBIT/EV or ROIC inputs'],
VANQ.L,acquirers_multiple,Acquirer's Multiple,False,0.0,[],['could not rank EV/EBIT'],
VANQ.L,dreman_contrarian,Dreman Contrarian,False,0.5442,['low P/B rank 88%'],['P/E not in bottom quartile'],
VANQ.L,piotroski_f,Piotroski F-Score,False,0.6667,"['F-Score=6/9', 'positive net income', 'positive operating cash flow', 'ROA improving', 'OCF > net income', 'leverage declining', 'no share dilution']","['F-Score 6/9 below 7', 'current ratio improving', 'gross margin improving', 'asset turnover improving']","{'f_score': 6, 'max_score': 9, 'components': [{'name': 'positive net income', 'passed': True}, {'name': 'positive operating cash flow', 'passed': True}, {'name': 'ROA improving', 'passed': True}, {'name': 'OCF > net income', 'passed': True}, {'name': 'leverage declining', 'passed': True}, {'name': 'current ratio improving', 'passed': False}, {'name': 'no share dilution', 'passed': True}, {'name': 'gross margin improving', 'passed': False}, {'name': 'asset turnover improving', 'passed': False}]}"
VANQ.L,composite_value,Composite Value,False,0.5679,['top-tier on price_to_book (percentile 100%)'],"['missing dividend_yield', 'missing fcf_yield', 'missing ev_ebitda']",
VANQ.L,earnings_quality,Earnings Quality,False,0.6667,"['OCF/NI=11.34', 'ratio=-2.15%']",['weak free-cash conversion'],
VANQ.L,financial_health,Financial Health,False,0.4,"['leverage=9.4%', 'insufficient data — skipped']","['high debt to equity', 'weak liquidity', 'weak interest coverage']",
VID.L,graham_defensive,Graham Defensive,False,0.5,"['P/B < 1.5 or P/E×P/B < 22.5: P/B=0.07', 'Current ratio >= 2: CR=2.11']","['no positive trailing P/E', 'no dividend']",
VID.L,graham_enterprising,Graham Enterprising,False,0.4,"['P/B < 3: P/B=0.07', 'Debt/equity < 100%: D/E=43%']","['missing P/E', 'ROE <= 8%', 'negative earnings growth']",
VID.L,graham_net_net,Graham Net-Net,False,0.0,[],['missing NCAV (balance sheet data)'],
VID.L,schloss,Schloss Low P/B,True,1.0,"['P/B < 1.2: P/B=0.07', 'D/E < 50.0%: D/E=43%']",[],
VID.L,deep_value,Deep Value,True,1.0,"['P/B=0.07', 'EV/EBITDA=-3.3']",[],
VID.L,earnings_yield,Earnings Yield,False,1.0,['E/P=nan% (P/E=nan)'],['earnings yield nan% below 8%'],
VID.L,fcf_yield,FCF Yield,False,0.0,['FCF yield=-25.6%'],['FCF yield -25.6% below 5%'],
VID.L,low_pe_high_yield,Low P/E + High Yield,False,0.0,[],"['P/E not below 12.0', 'yield below 4%']",
VID.L,lynch_peg,Lynch PEG,False,0.0,"['PEG=nan', 'growth=nan%']",[],
VID.L,neff_pegy,Neff PEGY,False,0.0,"['PEGY=nan', 'growth=nan%', 'yield=nan%']",['PEGY nan >= 1.0'],
VID.L,quality_value,Quality Value,False,0.2,['Debt/equity < 80%: D/E=43%'],"['ROE below 12%', 'thin margins', 'missing P/E', 'FCF yield below 3%']",
VID.L,buffett_quality,Buffett Quality,False,0.25,['D/E < 60.0%: D/E=43%'],"['ROE too low', 'thin margins', 'missing P/E']",
VID.L,economic_moat,Economic Moat,False,0.25,['low leverage D/E=43%'],"['ROE below 18%', 'ROA below 8%', 'margins below 12%']",
VID.L,high_dividend,High Dividend Yield,False,0.0,[],['could not rank yield'],
VID.L,dividend_growth,Dividend Growth,False,0.0,[],"['yield too low', 'earnings not growing', 'P/E out of range']",
VID.L,magic_formula,Magic Formula,False,0.0098,[],['below top half on combined Magic Formula rank'],
VID.L,acquirers_multiple,Acquirer's Multiple,False,0.0,[],['missing EV or EBIT'],
VID.L,dreman_contrarian,Dreman Contrarian,False,0.0,[],['missing valuation data'],
VID.L,piotroski_f,Piotroski F-Score,False,0.3333,"['F-Score=3/9', 'ROA improving', 'OCF > net income', 'asset turnover improving']","['F-Score 3/9 below 7', 'positive net income', 'positive operating cash flow', 'leverage declining', 'current ratio improving', 'no share dilution', 'gross margin improving']","{'f_score': 3, 'max_score': 9, 'components': [{'name': 'positive net income', 'passed': False}, {'name': 'positive operating cash flow', 'passed': False}, {'name': 'ROA improving', 'passed': True}, {'name': 'OCF > net income', 'passed': True}, {'name': 'leverage declining', 'passed': False}, {'name': 'current ratio improving', 'passed': False}, {'name': 'no share dilution', 'passed': False}, {'name': 'gross margin improving', 'passed': False}, {'name': 'asset turnover improving', 'passed': True}]}"
VID.L,composite_value,Composite Value,False,0.5682,"['top-tier on price_to_book (percentile 100%)', 'top-tier on ev_ebitda (percentile 75%)']","['missing trailing_pe', 'missing dividend_yield']",
VID.L,earnings_quality,Earnings Quality,False,0.5,['ratio=-22.86%'],['negative net income'],
VID.L,financial_health,Financial Health,False,0.4,"['D/E=43%', 'insufficient data — skipped']","['high leverage', 'weak liquidity', 'weak interest coverage']",
XAR.L,graham_defensive,Graham Defensive,False,0.25,['Current ratio >= 2: CR=2.23'],"['no positive trailing P/E', 'valuation too rich on P/B or P/E×P/B', 'no dividend']",
XAR.L,graham_enterprising,Graham Enterprising,False,0.4,"['P/B < 3: P/B=1.68', 'Debt/equity < 100%: D/E=15%']","['missing P/E', 'ROE <= 8%', 'negative earnings growth']",
XAR.L,graham_net_net,Graham Net-Net,False,0.0,[],['missing NCAV (balance sheet data)'],
XAR.L,schloss,Schloss Low P/B,False,0.5,['D/E < 50.0%: D/E=15%'],['P/B too high'],
XAR.L,deep_value,Deep Value,False,0.0,[],"['P/B not below 1.0', 'EV/EBITDA not below 8']",
XAR.L,earnings_yield,Earnings Yield,False,1.0,['E/P=nan% (P/E=nan)'],['earnings yield nan% below 8%'],
XAR.L,fcf_yield,FCF Yield,False,0.0973,['FCF yield=1.0%'],['FCF yield 1.0% below 5%'],
XAR.L,low_pe_high_yield,Low P/E + High Yield,False,0.0,[],"['P/E not below 12.0', 'yield below 4%']",
XAR.L,lynch_peg,Lynch PEG,False,0.0,"['PEG=nan', 'growth=nan%']",[],
XAR.L,neff_pegy,Neff PEGY,False,0.0,"['PEGY=nan', 'growth=nan%', 'yield=nan%']",['PEGY nan >= 1.0'],
XAR.L,quality_value,Quality Value,False,0.2,['Debt/equity < 80%: D/E=15%'],"['ROE below 12%', 'thin margins', 'missing P/E', 'FCF yield below 3%']",
XAR.L,buffett_quality,Buffett Quality,False,0.25,['D/E < 60.0%: D/E=15%'],"['ROE too low', 'thin margins', 'missing P/E']",
XAR.L,economic_moat,Economic Moat,False,0.25,['low leverage D/E=15%'],"['ROE below 18%', 'ROA below 8%', 'margins below 12%']",
XAR.L,high_dividend,High Dividend Yield,False,0.0,[],['could not rank yield'],
XAR.L,dividend_growth,Dividend Growth,False,0.0,[],"['yield too low', 'earnings not growing', 'P/E out of range']",
XAR.L,magic_formula,Magic Formula,False,0.1552,[],['below top half on combined Magic Formula rank'],
XAR.L,acquirers_multiple,Acquirer's Multiple,False,0.0392,"['EV/EBIT=84.4', 'universe rank 4%']","['EV/EBIT 84.4 above 12.0', 'not in top 40% cheapest on EV/EBIT']",
XAR.L,dreman_contrarian,Dreman Contrarian,False,0.0,[],['missing valuation data'],
XAR.L,piotroski_f,Piotroski F-Score,True,0.7778,"['F-Score=7/9', 'positive operating cash flow', 'ROA improving', 'OCF > net income', 'leverage declining', 'no share dilution', 'gross margin improving', 'asset turnover improving']","['positive net income', 'current ratio improving']","{'f_score': 7, 'max_score': 9, 'components': [{'name': 'positive net income', 'passed': False}, {'name': 'positive operating cash flow', 'passed': True}, {'name': 'ROA improving', 'passed': True}, {'name': 'OCF > net income', 'passed': True}, {'name': 'leverage declining', 'passed': True}, {'name': 'current ratio improving', 'passed': False}, {'name': 'no share dilution', 'passed': True}, {'name': 'gross margin improving', 'passed': True}, {'name': 'asset turnover improving', 'passed': True}]}"
XAR.L,composite_value,Composite Value,False,0.3409,[],"['missing trailing_pe', 'missing dividend_yield']",
XAR.L,earnings_quality,Earnings Quality,False,0.5,['ratio=-6.60%'],['negative net income'],
XAR.L,financial_health,Financial Health,True,0.8,"['D/E=15%', 'leverage=6.9%', 'CR=2.55', 'ratio=1.1']",['weak interest coverage'],
ZTF.L,graham_defensive,Graham Defensive,False,0.75,"['P/E < 15: P/E=8.9', 'P/B < 1.5 or P/E×P/B < 22.5: P/B=1.68', 'Dividend payer: yield=179.00%']",['current ratio < 2'],
ZTF.L,graham_enterprising,Graham Enterprising,True,1.0,"['P/E < 25: P/E=8.9', 'P/B < 3: P/B=1.68', 'Debt/equity < 100%: D/E=45%', 'ROE > 8%: ROE=19.0%', 'Positive earnings growth: growth=17.4%']",[],
ZTF.L,graham_net_net,Graham Net-Net,False,0.0,[],['missing NCAV (balance sheet data)'],
ZTF.L,schloss,Schloss Low P/B,False,0.5,['D/E < 50.0%: D/E=45%'],['P/B too high'],
ZTF.L,deep_value,Deep Value,False,0.5,['EV/EBITDA=7.9'],['P/B not below 1.0'],
ZTF.L,earnings_yield,Earnings Yield,True,0.9353,['E/P=11.2% (P/E=8.9)'],[],
ZTF.L,fcf_yield,FCF Yield,True,0.7755,['FCF yield=7.8%'],[],
ZTF.L,low_pe_high_yield,Low P/E + High Yield,True,1.0,"['P/E=8.9', 'yield=179.0%']",[],
ZTF.L,lynch_peg,Lynch PEG,True,0.4879,"['PEG=0.51', 'growth=17.4%']",[],
ZTF.L,neff_pegy,Neff PEGY,True,0.9546,"['PEGY=0.05', 'growth=17.4%', 'yield=179.0%']",[],
ZTF.L,quality_value,Quality Value,True,1.0,"['ROE >= 12%: ROE=19.0%', 'Profit margin >= 5%: margin=13.9%', 'Debt/equity < 80%: D/E=45%', 'P/E < 20: P/E=8.9', 'FCF yield >= 3%: FCF yield=7.8%']",[],
ZTF.L,buffett_quality,Buffett Quality,True,1.0,"['ROE >= 15%: ROE=19.0%', 'D/E < 60.0%: D/E=45%', 'margin >= 8%: margin=13.9%', 'P/E < 25.0: P/E=8.9']",[],
ZTF.L,economic_moat,Economic Moat,True,1.0,"['high ROE=19.0%', 'solid ROA=10.0%', 'wide margin=13.9%', 'low leverage D/E=45%']",[],
ZTF.L,high_dividend,High Dividend Yield,False,0.0909,"['yield=179.0%', 'universe rank 9%']",['not in top quartile for yield'],
ZTF.L,dividend_growth,Dividend Growth,True,1.0,"['dividend payer: yield=179.0%', 'earnings growth: growth=17.4%', 'reasonable P/E: P/E=8.9']",[],
ZTF.L,magic_formula,Magic Formula,True,0.6782,"['earnings yield rank 53%', 'ROIC rank 83%']",[],
ZTF.L,acquirers_multiple,Acquirer's Multiple,False,0.4314,"['EV/EBIT=11.9', 'universe rank 43%']",['not in top 40% cheapest on EV/EBIT'],
ZTF.L,dreman_contrarian,Dreman Contrarian,False,0.3522,[],"['P/E not in bottom quartile', 'P/B not cheap vs universe', 'dividend yield below median']",
ZTF.L,piotroski_f,Piotroski F-Score,False,0.6667,"['F-Score=6/9', 'positive net income', 'positive operating cash flow', 'ROA improving', 'OCF > net income', 'no share dilution', 'gross margin improving']","['F-Score 6/9 below 7', 'leverage declining', 'current ratio improving', 'asset turnover improving']","{'f_score': 6, 'max_score': 9, 'components': [{'name': 'positive net income', 'passed': True}, {'name': 'positive operating cash flow', 'passed': True}, {'name': 'ROA improving', 'passed': True}, {'name': 'OCF > net income', 'passed': True}, {'name': 'leverage declining', 'passed': False}, {'name': 'current ratio improving', 'passed': False}, {'name': 'no share dilution', 'passed': True}, {'name': 'gross margin improving', 'passed': True}, {'name': 'asset turnover improving', 'passed': False}]}"
ZTF.L,composite_value,Composite Value,False,0.4632,['top-tier on trailing_pe (percentile 75%)'],[],
ZTF.L,earnings_quality,Earnings Quality,True,1.0,"['FCF/NI=0.75', 'OCF/NI=1.55', 'ratio=-5.51%']",[],
ZTF.L,financial_health,Financial Health,False,0.8,"['D/E=45%', 'leverage=25.1%', 'ratio=1.5', 'coverage=11.0x']",['weak liquidity'],
