ticker,name,sector,market_cap,trailing_pe,forward_pe,price_to_book,dividend_yield,current_ratio,debt_to_equity,return_on_equity,return_on_assets,profit_margins,revenue_growth,earnings_growth,free_cashflow,enterprise_value,ebitda,ebit,total_revenue,total_debt,total_cash,book_value,total_assets,total_current_assets,total_liabilities,total_current_liabilities,net_income,operating_cashflow,gross_margin,ncav,shares_outstanding,return_on_assets_prev,gross_margin_prev,current_ratio_bs,current_ratio_bs_prev,leverage,leverage_prev,asset_turnover,asset_turnover_prev,shares_outstanding_prev,interest_expense,last_price,errors,data_sources,fcf_yield,ev_ebitda,ev_ebit,earnings_yield_ebit,earnings_yield_pe,ncav_to_market,roic_proxy,data_quality_score,metrics_present,metrics_total,sector_composite_score,models_passed,model_count,mean_model_score,weighted_model_score,weighted_pass_score,min_model_score,max_model_score,pass_rate,weight_sum,families_passed,family_count,passed_families,family_mean_score,risk_family_passed,risk_mean_score,composite_score,signal,signal_rank,weeks_at_signal,signal_trend,conviction_score,stability_label,timing_signal,timing_score,rsi_14
ORA.AX,Orora Limited,Consumer Cyclical,1752240256.0,14.299999,11.8839855,0.6358381,6.99,1.541,28.949,0.043520004,0.2007178069759287,0.05682,0.097,-0.932,199287504.0,2281131264.0,399800000.0,87200000.0,2090200000.0,802400000.0,283500000.0,2.249,4848100000.0,1322000000.0,,933700000.0,973100000.0,,0.2309348387714094,,1281381000.0,0.0309042668580105,0.194929325613079,1.4158723358680518,1.587641555883801,0.1347538210845486,0.4034742269761543,0.4311379715764938,0.7838870625928213,1343500000.0,65900000.0,1.43,[],{},0.1137329788638299,5.70568100050025,26.159762201834862,0.0382266471799143,0.0699300748202849,,0.0222767218475372,0.95,19,20,0.8458823529411764,9.0,22.0,0.6480863636363636,0.6480863636363636,0.4090909090909091,0.0,1.0,0.4090909090909091,22.0,4,5,"cheapness,dividend,garp,risk",0.6427433333333333,True,0.56665,0.9367,strong_buy,4,10,stable,0.6774,persistent,neutral,0.625,58.98813098019658
HVN.AX,Harvey Norman Holdings Limited,Consumer Cyclical,6005752320.0,10.711112,13.173359,1.2239716,6.02,1.645,49.797,0.11783,0.0618657537888319,0.18125,0.116,0.153,755822656.0,8127028224.0,881838976.0,405123000.0,4121467000.0,2464385024.0,385344992.0,3.938,8373227000.0,1888077000.0,,1371870000.0,518016000.0,,0.5096039832418894,,1246006654.0,0.0444574814385761,0.5076273777308159,1.3762798224321546,2.3063288786407097,0.2739507719066973,0.287539132530856,0.4922196663245843,0.4946928347814109,1246006654.0,55133000.0,4.82,[],{},0.1258497879579556,9.216000250821304,20.060643863715462,0.0498488486607721,0.0933609881028225,,0.0578634970335036,0.95,19,20,0.8482352941176471,12.0,22.0,0.6936454545454546,0.6936454545454546,0.5454545454545454,0.0,1.0,0.5454545454545454,22.0,4,5,"cheapness,dividend,garp,risk",0.7414149999999999,True,0.83335,0.9025,strong_buy,4,10,stable,0.6653,persistent,neutral,0.5,57.74864168763532
ZIM.AX,Zimplats Holdings Limited,Basic Materials,1375609088.0,5.2377048,,0.4825466,,2.644,3.647,0.09566,0.0154227097477862,0.16106,0.833,33.759,39521376.0,1301851136.0,410867008.0,88853000.0,826589000.0,71952000.0,145710000.0,26.484488,2625868000.0,647213000.0,,304026000.0,40498000.0,,0.645769542057782,,107637649.0,0.0018721342763376,0.6413918158081012,2.128808062468341,2.7714445590774925,0.038166427253769,0.0199805135914165,0.3147869580649141,0.1746702190615653,107637649.0,10555000.0,12.78,[],{},0.0287300922513242,3.168546295155439,14.65174092039661,0.0682512750828064,0.1909233219863784,,0.038268323167554,0.9,18,20,0.7995840760546642,9.0,22.0,0.6536409090909092,0.6536409090909092,0.4090909090909091,0.0,1.0,0.4090909090909091,22.0,3,5,"cheapness,garp,risk",0.597505,True,0.83335,0.861,strong_buy,4,10,stable,0.4484,persistent,neutral,0.625,38.253631226203375
GNE.AX,Genesis Energy Limited,Utilities,2455057664.0,15.571429,32.54887,0.9276486,5.61,0.894,48.239,0.06421,0.0277122254998361,0.05646,-0.129,0.329,196462496.0,3793213952.0,456300000.0,210400000.0,3714500000.0,1490499968.0,96800000.0,2.3500278,6102000000.0,939300000.0,,834700000.0,169100000.0,,0.2663615560640732,,1117087194.0,0.0232558139534883,0.285039318046653,1.125314484245837,1.1811199553135037,0.2441494591937069,0.2573395065013393,0.608734841035726,0.5368882266333174,1098817550.0,73900000.0,2.18,[],{},0.0800235769940758,8.31298258163489,18.02858342205323,0.0554674749862356,0.0642201817187105,,0.0399445636284244,0.95,19,20,0.8285714285714285,10.0,22.0,0.6541727272727274,0.6541727272727274,0.4545454545454545,0.0,1.0,0.4545454545454545,22.0,4,5,"cheapness,dividend,garp,risk",0.720485,True,0.83335,0.8571,strong_buy,4,10,stable,0.6406,persistent,neutral,0.625,58.209476253640524
WAF.AX,West African Resources Limited,Basic Materials,3168195584.0,6.756098,3.3441584,1.8393093,,2.02,25.771,0.36938998,0.1745102371483281,0.30712998,1.764,1.011,236737504.0,3071450880.0,915299968.0,810300000.0,1533800000.0,453100000.0,584099968.0,1.506,2715600000.0,991500000.0,,490900000.0,473900000.0,,0.6342417525101056,,1142328846.0,0.1133789191105708,0.5823200362246814,2.019759625178244,3.3298046939110453,0.1668507880394756,0.2157584966823684,0.5648107232287524,0.3668986476219419,1139776844.0,30000000.0,2.77,[],{},0.0747231342646805,3.35567681348373,3.790510773787486,0.2638166884830663,0.1480144308149467,,0.3642288847934553,0.9,18,20,0.8432051608522196,12.0,22.0,0.6849727272727274,0.6849727272727274,0.5454545454545454,0.0,1.0,0.5454545454545454,22.0,4,5,"cheapness,quality,garp,risk",0.6178133333333333,True,0.66665,0.8406,strong_buy,4,10,stable,0.6062,persistent,accumulate,0.75,43.98605991587533
RRL.AX,Regis Resources Limited,Basic Materials,4279243264.0,8.828125,5.3046665,2.2518933,3.54,2.631,5.802,0.29201,0.1117457449972608,0.24955,0.4,2.606,653698240.0,3521893888.0,1020252992.0,377286000.0,1647412000.0,110274000.0,869011008.0,2.509,2276203000.0,688243000.0,,263493000.0,254356000.0,,0.4991611084537444,,755462000.0,-0.0873362301897511,0.347623640536136,2.61199728266026,1.0651969992048584,0.0523494609224221,0.1720399362409884,0.7237544278783571,0.5928996499827456,755339000.0,25168000.0,5.65,[],{},0.1527602427979191,3.4519809455261075,9.334812020589156,0.1071258851055991,0.1132743362831858,,0.1874517441658261,0.95,19,20,0.7991962481962482,17.0,22.0,0.8164636363636362,0.8164636363636362,0.7727272727272727,0.0,1.0,0.7727272727272727,22.0,5,5,"cheapness,quality,dividend,garp,risk",0.8526300000000001,True,0.83335,0.7927,strong_buy,4,10,stable,0.7562,persistent,neutral,0.5,36.36733539004904
FMG.AX,Fortescue Ltd,Basic Materials,57792176128.0,10.664773,13.876452,1.9444339,6.61,3.025,27.799,0.18691999,0.110535802064558,0.22849001,0.105,0.218,3190874880.0,58765213696.0,8280999936.0,5010000000.0,15420000000.0,5756000256.0,4743000064.0,9.653195,30515000000.0001,6619000000.0001,,2728000000.0,3373000000.0,,0.5673800259403372,,3078964918.0,0.1890552228875576,0.6369208680766469,2.4263196480938785,2.667535368577848,0.1782402097329176,0.1796407185628736,0.505325249877108,0.6024284763805702,3078964918.0,63000000.0,18.77,[],{},0.0552129214330456,7.096391033711995,11.729583572055889,0.0852545185305948,0.0937666465099632,,0.180300140353402,0.95,19,20,0.735010101010101,17.0,22.0,0.7657181818181819,0.7657181818181819,0.7727272727272727,0.0,1.0,0.7727272727272727,22.0,5,5,"cheapness,quality,dividend,garp,risk",0.8140733333333333,True,0.83335,0.7527,strong_buy,4,10,stable,0.7067,persistent,neutral,0.625,42.23665406787052
PRN.AX,Perenti Limited,Basic Materials,1981776768.0,16.307692,10.039304,1.070707,3.54,2.203,34.508,0.07798,0.0362660369308315,0.03509,0.001,0.034,163430000.0,2431354112.0,595646976.0,226926000.0,3489546000.0,660481024.0,275148992.0,1.98,3325839000.0,1364047000.0,,777579000.0,120615000.0,,0.7057390846832224,,928219955.0,0.0284510569468126,0.7028973495071843,1.7542230435749937,2.203202677111353,0.2363445735046104,0.2767162981800454,1.0492227675482788,0.9958942701557126,932759745.0,72533000.0,2.12,[],{},0.0824664021896536,4.081870990645305,10.714303834730265,0.0933331754843944,0.0613207558739765,,0.0890513526877163,0.95,19,20,0.6926089466089467,9.0,22.0,0.6341272727272728,0.6341272727272728,0.4090909090909091,0.0,1.0,0.4090909090909091,22.0,4,5,"cheapness,dividend,garp,risk",0.6439616666666667,True,0.83335,0.7316,strong_buy,4,10,stable,0.5412,persistent,neutral,0.625,42.85891115945538
EBO.AX,EBOS Group Limited,Healthcare,3858828544.0,18.450981,15.532923,1.4023845,4.85,1.238,68.257,0.08968,0.029559048919066,0.01759,0.13,0.067,90745128.0,5394410496.0,497710016.0,455580919.565,13208676644.7723,1845184000.0,261216000.0,13.42,7837024873.4789,3322986971.0348,,2815675675.6755,231655001.6151,,0.1334625917652547,,203230000.0,0.0402649026654904,0.1238076665695637,1.1801739098511737,0.9544859230392764,0.2228357248210157,0.243616236031049,1.685419768089736,1.9556543222763607,193243000.0,96280822.6553,18.82,[],{},0.023516237367192,10.838460795613162,11.840729636242706,0.0844542549927961,0.0541976602761663,,0.0907287865508925,0.95,19,20,0.709702380952381,7.0,22.0,0.4857090909090909,0.4857090909090909,0.3181818181818182,0.0,1.0,0.3181818181818182,22.0,4,5,"cheapness,dividend,garp,risk",0.550265,True,0.66665,0.7277,strong_buy,4,10,stable,0.5462,persistent,neutral,0.5,67.44528410791182
RMS.AX,Ramelius Resources Limited,Basic Materials,5460506624.0,11.56,10.9835825,1.4008726,2.77,3.299,2.215,0.10628,0.1358777074283477,0.24731001,-0.044,,411423744.0,4992342528.0,823102976.0,269158000.0,882510000.0,87994000.0,658721024.0,2.063,1593948000.0,547165000.0,,158650000.0,216582000.0,,0.5609239555359146,,1142970373.0,0.0525315602370879,0.4753763844595162,3.448881184998424,3.694438827098079,0.0065667135941699,0.0242668655483553,0.5536629802226923,0.5386215041394812,867385109.0,4135000.0,2.89,[],{},0.0753453429012816,6.065270899956022,18.547999791943766,0.0539141692482844,0.0865051903114186,,0.1875276075072911,0.95,19,20,0.6984819624819626,11.0,22.0,0.6123545454545455,0.6123545454545455,0.5,0.0,1.0,0.5,22.0,4,5,"cheapness,quality,dividend,risk",0.540175,True,0.83335,0.7185,strong_buy,4,10,stable,0.5385,persistent,neutral,0.5,42.43030540315069
CQR.AX,Charter Hall Retail REIT,Real Estate,2272608000.0,6.5166664,14.434969,0.7960098,6.55,0.526,45.308,0.12665,0.0498565865261292,0.90433,0.371,1.277,105487504.0,3517007872.0,,111500000.0,196600000.0,1293500032.0,49100000.0,4.912,4288300000.0,782500000.0,,428600000.0,213800000.0,,0.5869786368260427,,581229609.0,0.0045291763218875,0.5988805970149254,1.825711619225385,0.5689368770764119,0.3378261782058158,0.2730408679165789,0.0458456731105566,0.0564567095007373,581229609.0,65700000.0,3.91,[],{},0.0464169377208915,,31.542671497757848,0.0317030851388438,0.1534526917013889,,0.0288882555639039,0.9,18,20,0.7106481481481483,12.0,22.0,0.7086136363636364,0.7086136363636364,0.5454545454545454,0.0,1.0,0.5454545454545454,22.0,5,5,"cheapness,quality,dividend,garp,risk",0.76398,True,0.56665,0.701,strong_buy,4,10,stable,0.6352,persistent,neutral,0.5,54.653869159335066
WHC.AX,Whitehaven Coal Limited,Energy,6274330624.0,9.658228,12.648995,1.0635629,1.05,1.061,34.2,0.11333,0.0548790799932352,0.12661,-0.277,-0.306,1721500032.0,6909379072.0,2344000000.0,1406000000.0,5832000000.0,1946000000.0,1088000000.0,7.174,11826000000.0,2087000000.0,,1869000000.0,649000000.0,,0.3496227709190672,,832423807.0,0.0276221599751011,1.0,1.1166399143927237,0.7136871508379888,0.171909352274649,0.1471366324307501,0.4931506849315068,0.2975412387177093,836600784.0,581000000.0,7.63,[],{},0.2743719027835534,2.947687317406144,4.91420986628734,0.2034915128188236,0.1035386615432975,,0.1412071909209601,0.95,19,20,0.7500000000000001,12.0,22.0,0.6739000000000002,0.6739000000000002,0.5454545454545454,0.0,1.0,0.5454545454545454,22.0,4,5,"cheapness,dividend,garp,risk",0.60835,True,0.73335,0.6958,strong_buy,4,10,stable,0.5494,persistent,neutral,0.625,45.28354738571406
PPT.AX,Perpetual Limited,Financial Services,2222428416.0,,11.244966,1.3503444,5.88,1.566,56.411,-0.00959,-0.0170284978641231,-0.01163,0.016,3.387,252100000.0,2759357440.0,290500000.0,104200000.0,1348300000.0,909000000.0,325600000.0,14.226,3417800000.0,886000000.0,,624800000.0,-58200000.0,,1.0,,112050538.0,-0.1389150388326665,1.0,1.4180537772087067,0.5212150826614546,0.3295394698343964,0.2921863967992469,0.3944935338521856,0.3835608378441986,109986327.0,71000000.0,19.21,[],{},0.113434474732706,9.498648674698796,26.48135738963532,0.0377624147163768,,,0.0373075546007876,0.9,18,20,0.6435434231941164,4.0,22.0,0.4384318181818182,0.4384318181818182,0.1818181818181818,0.0,1.0,0.1818181818181818,22.0,3,5,"cheapness,dividend,risk",0.42696,True,0.65,0.7318,buy,3,10,stable,0.3713,persistent,wait,0.25,74.26405292446756
TWE.AX,Treasury Wine Estates Limited,Consumer Defensive,3811103744.0,,14.011338,0.9888959,8.81,2.091,53.688,-0.09907,0.0525695171401412,-0.1588,-0.166,,-59775000.0,5690203648.0,-264300000.0,518100000.0,2938100000.0,2078200064.0,216100000.0,4.773,8310900000.0,2213900000.0,,1095700000.0,436900000.0,,0.4651305265307511,,811426445.0,0.0121906123656444,0.4256150083947733,2.0205348179246143,2.123823386705483,0.2645441528594978,0.2660610393452322,0.3535236857620715,0.3377132432698945,811426445.0,234600000.0,4.72,[],{},-0.0156844326513301,-21.52933654180855,10.98282889017564,0.091051222776904,,,0.0718067413238718,0.9,18,20,0.5714285714285715,5.0,22.0,0.4905545454545454,0.4905545454545454,0.2272727272727272,0.0,1.0,0.2272727272727272,22.0,2,5,"cheapness,risk",0.4205183333333333,True,0.56665,0.6952,buy,3,10,stable,0.228,persistent,neutral,0.5,54.927831369972914
ARB.AX,ARB Corporation Limited,Consumer Cyclical,1456521984.0,16.271027,15.366148,1.9788587,3.91,4.26,5.816,0.120740004,0.1077915589970534,0.12164,-0.012,-0.179,96259624.0,1436284416.0,141043008.0,130121000.0,729949000.0,42704000.0,59379000.0,8.798,904774000.0,424185000.0,,102713000.0,97527000.0,,0.5674752619703568,,83163152.0,0.1296062322266805,0.5722912945752314,4.129808300799315,4.099463483613375,0.0515509950551187,0.0508047140554533,0.8067749515348585,0.8748972886734178,82332195.0,2357000.0,17.41,[],{},0.0660886859638364,10.183308172213684,11.038067767693148,0.0905955662753636,0.0614589355668821,,0.1622332964699692,0.95,19,20,0.6417647058823529,10.0,22.0,0.5972363636363637,0.5972363636363637,0.4545454545454545,0.0,1.0,0.4545454545454545,22.0,5,5,"cheapness,quality,dividend,garp,risk",0.64991,True,0.83335,0.6714,buy,3,10,stable,0.6238,persistent,neutral,0.625,40.92097332524448
CSL.AX,CSL Limited,Healthcare,58719395840.0,13.699442,13.40422,2.210839,3.47,2.571,54.438,0.06662,0.0761851588671206,0.09061,-0.018,-0.801,1848125056.0,70909059072.0,4840000000.0,2959000000.0,15430000000.0,11137999872.0,1144999936.0,55.458584,39403999999.9997,11850000000.0,,4814999999.9999,3002000000.0,,0.5152948801036941,,484212123.0,0.069486087002262,0.5147038801906059,2.461059190031204,2.175353535353491,0.2917977870267,0.3204197569828003,0.3915846106994243,0.3863552680027363,483252729.0,393000000.0,122.61,[],{},0.0314738431750186,14.65063203966942,23.963859098344034,0.0417295059153933,0.0729956738383943,,0.0855474283731827,0.95,19,20,0.6357738095238095,6.0,22.0,0.5123909090909091,0.5123909090909091,0.2727272727272727,0.0,1.0,0.2727272727272727,22.0,5,5,"cheapness,quality,dividend,garp,risk",0.59492,True,0.83335,0.6544,buy,3,10,stable,0.6128,persistent,neutral,0.375,60.95307016516601
CSC.AX,CAPSTONE CDI 1:1 [CSC],Basic Materials,9501564928.0,15.549999,9.32331,0.9482884,,1.345,42.26,0.12488,0.0438904263613231,0.17148,0.223,,218638256.0,6465836544.0,897816000.0,482250000.0,2359890000.0,1668035968.0,404616992.0,13.118372,7196877000.0,940384000.0,,785563000.0,315874000.0,,0.2356211518333481,,763656709.0,0.0130252290954703,0.1322849485562354,1.1970828564990967,0.7795880495170474,0.1851055673176017,0.1862950571183302,0.3279047286760632,0.2512512113057719,761894175.0,113783000.0,12.44,[],{},0.0230107627171707,7.201739046753455,13.407644466562989,0.07458431661832,0.0643086858076325,,0.0752185901361249,0.9,18,20,0.6317035905271199,8.0,22.0,0.5227545454545454,0.5227545454545454,0.3636363636363636,0.0,1.0,0.3636363636363636,22.0,3,5,"cheapness,quality,risk",0.4526033333333333,True,0.83335,0.6518,buy,3,10,stable,0.3465,persistent,neutral,0.625,39.993560811789834
RWC.AX,Reliance Worldwide Corporation Limited,Industrials,2775223808.0,19.526316,12.825388,1.4243927,1.79,2.594,32.68,0.076469995,0.0568392543542535,0.0791,-0.046,-0.337,143182496.0,3270882048.0,225854000.0,134269000.0,1314684000.0,451172000.0,25990000.0,2.6046188,2199114000.0,589934000.0,,216229000.0001,124996000.0,,0.3885853939045428,,773539330.0,0.0513616467062936,0.3923423083530135,2.728283440240334,2.77396979462502,0.2103401642661544,0.261509098395476,0.5978243965524298,0.580906775894976,785305292.0,24787000.0,3.71,[],{},0.0515931347905184,14.482285228510454,24.36066439758991,0.0410497835231018,0.0512129374532297,,0.067713962231802,0.95,19,20,0.6680084598848901,6.0,22.0,0.5017045454545456,0.5017045454545456,0.2727272727272727,0.0,1.0,0.2727272727272727,22.0,4,5,"cheapness,dividend,garp,risk",0.5522533333333334,True,0.83335,0.6501,buy,3,10,stable,0.5009,persistent,neutral,0.5,52.983385538048765
DNL.AX,Dyno Nobel Limited,Basic Materials,6485362688.0,26.428572,18.915188,1.6059029,3.81,1.265,39.648,0.05764,-0.0067944673622907,-0.01042,0.092,2.198,831524992.0,7926812160.0,853600000.0,483900000.0,3710100000.0,1604700032.0,175400000.0,2.304,7829900000.0,2122700000.0,,1591300000.0,-53200000.0,,0.6689307565833805,,1795372022.0,-0.0370189559916174,0.4924126172208014,1.3339408031169484,2.0063818605000376,0.2576022682282021,0.2328300628691179,0.4738374691886231,0.6285125738235855,1892101721.0,158000000.0,3.7,[],{},0.1282156499186372,9.286331021555764,16.381095598264103,0.0610459779079715,0.0378378370197224,,0.0775654794344885,0.95,19,20,0.6103275613275613,6.0,22.0,0.5215,0.5215,0.2727272727272727,0.0,1.0,0.2727272727272727,22.0,4,5,"cheapness,dividend,garp,risk",0.61311,True,0.75,0.641,buy,3,10,stable,0.4755,persistent,neutral,0.5,45.107812694914486
SOL.AX,WHSP Holdings Limited,Financial Services,17331935232.0,7.105919,40.37168,1.2968332,2.1,4.826,9.589,0.20663999,0.0325719498452787,0.82468003,1.762,5.404,1102024960.0,16438482944.0,1741250048.0,-270200000.0,613400000.0,1280999936.0,2163000064.0,35.178,11181400000.0,1530400000.0,,1154900000.0,364200000.0,,0.2564395174437561,,367859806.0,0.0479721476865075,0.3163698049194232,1.3251363754437613,3.3127677806341045,0.0903375248180013,0.0736605210767765,0.0548589622050905,0.0566952306760148,360967863.0,60600000.0,45.62,[],{},0.0635834917017996,9.440621674572956,-60.83820482605478,-0.0164370398972018,0.1407277510481051,,-0.0269485862464469,0.95,19,20,0.6781685116578355,13.0,22.0,0.6365818181818182,0.6365818181818182,0.5909090909090909,0.0,1.0,0.5909090909090909,22.0,5,5,"cheapness,quality,dividend,garp,risk",0.7171749999999999,True,0.73335,0.638,buy,3,10,stable,0.6252,persistent,neutral,0.5,59.18953246546406
WDS.AX,Woodside Energy Group Ltd,Energy,58743992320.0,15.0,12.961683,1.1315116,5.35,1.592,34.44,0.07203,0.0408715658411151,0.20933,-0.111,-0.144,-314375008.0,70453993472.0,7852000256.0,4536000000.0,12984000000.0,13722000384.0,5941000192.0,27.308603,66501000000.0,8622000000.0,,5417000000.0,2718000000.0,,0.3493530499075785,,1901100143.0,0.0583213632802298,0.4308369375521663,1.5916558980985789,1.2912753969609014,0.206342761762981,0.1896709323583181,0.1952451842829431,0.215118177069731,1898749771.0,260000000.0,30.9,[],{},-0.0053516112130664,8.972744673328753,15.532185509700176,0.064382439893953,0.0666666666666666,,0.074258398271233,0.95,19,20,0.64375,7.0,22.0,0.54535,0.54535,0.3181818181818182,0.0,1.0,0.3181818181818182,22.0,4,5,"cheapness,dividend,garp,risk",0.6022883333333333,True,0.66665,0.6285,buy,3,10,stable,0.4835,persistent,neutral,0.625,62.18438654742781
YAL.AX,Yancoal Australia Ltd,Energy,7500095488.0,17.21212,5.623762,0.8305307,3.24,2.315,0.93,0.04796,0.0360507988529291,0.073189996,-0.111,-0.654,543244800.0,5459096064.0,1348999936.0,1035000000.0,5728000000.0,84000000.0,2127000064.0,6.839,12205000000.0,3218000000.0,,1390000000.0,440000000.0,,0.7615223463687151,,1320439437.0,0.0984137261249595,0.7930830623706769,2.3151079136690647,2.8687196110210698,0.0068824252355591,0.0090644221430883,0.4693158541581319,0.547588216251214,1320439437.0,35000000.0,5.68,[],{},0.0724317178186838,4.046772663449556,5.2744889507246375,0.1895918276333889,0.0580985956407461,,0.0957004160887656,0.95,19,20,0.6229166666666667,8.0,22.0,0.6242227272727272,0.6242227272727272,0.3636363636363636,0.0,1.0,0.3636363636363636,22.0,4,5,"cheapness,dividend,garp,risk",0.614,True,0.83335,0.6174,buy,3,10,stable,0.4713,persistent,accumulate,0.75,48.49620662865504
CIA.AX,Champion Iron Limited,Basic Materials,2189783552.0,11.848485,7.2115154,1.3363004,3.34,2.597,70.426,0.11364,0.0482480432544211,0.09535,-0.025,-0.424,-19430624.0,2868747520.0,464464992.0,308563000.0,1769731000.0,1080524032.0,296788000.0,2.925989,3497261000.0,827650000.0,,318744000.0,168736000.0,,0.2308961079395682,,533251001.0,0.0468764283293418,0.2500543079425288,2.596597896744723,2.0416552823949905,0.3089629284174101,0.2638887651347221,0.5060334358802503,0.5301889214609856,518251001.0,42706000.0,3.91,[],{},-0.0088733080409949,6.176455856548173,9.297120912098988,0.1075601801304563,0.0843989759028264,,0.0970776623186221,0.95,19,20,0.5940966810966812,10.0,22.0,0.5410227272727272,0.5410227272727272,0.4545454545454545,0.0,1.0,0.4545454545454545,22.0,4,5,"cheapness,dividend,garp,risk",0.5450016666666666,True,0.66665,0.6147,buy,3,10,stable,0.4593,persistent,neutral,0.625,41.90045122992793
AAI.AX,Alcoa Corporation,Basic Materials,17192562688.0,9.333811,5.280101,1.7569621,0.91,1.535,29.918,0.18226999,0.0717341434682869,0.09388,0.314,1.468,952625024.0,18132316160.0,2297999872.0,758000000.0,12831000000.0,2224999936.0,1352000000.0,37.08105,16129000000.0,5469000000.0,,3801000000.0,1157000000.0,,0.1693554672278076,,263102406.0,0.0042662116040955,0.1556116015132408,1.4388318863456986,1.447422680412371,0.1672763345526691,0.1968145620022753,0.7955235910471821,0.8457764505119454,258360908.0,158000000.0,65.15,[],{},0.0554091348269394,7.890477445596655,23.92126142480211,0.041803815536382,0.1071373740051089,,0.0614860480207657,0.95,19,20,0.638901875901876,12.0,22.0,0.6757045454545454,0.6757045454545454,0.5454545454545454,0.0,1.0,0.5454545454545454,22.0,5,5,"cheapness,quality,dividend,garp,risk",0.73153,True,0.83335,0.6124,buy,3,10,stable,0.5944,persistent,accumulate,0.875,27.37932314806295
SDF.AX,Steadfast Group Limited,Financial Services,5837956096.0,16.40625,15.336975,2.5059667,3.79,1.401,76.273,0.16476,0.0521050502536017,0.16134001,0.149,0.197,582267008.0,7614406144.0,833600000.0,266100000.0,1320200000.0,1965400064.0,428100000.0,2.095,6427400000.0,2780400000.0,,1995400000.0,334900000.0,,1.0,,1106300000.0,0.0399593396193347,1.0,1.3934048311115566,1.4723915381857295,0.2535706506518965,0.2272249290195941,0.205401873230233,0.2104525219951628,1106300000.0,57200000.0,5.25,[],{},0.0997381615115181,9.134364376199615,28.61482955279969,0.0349469144366145,0.0609523809523809,,0.0600406137184115,0.95,19,20,0.6158914172856578,8.0,22.0,0.5383363636363636,0.5383363636363636,0.3636363636363636,0.0,1.0,0.3636363636363636,22.0,5,5,"cheapness,quality,dividend,garp,risk",0.6379416666666666,True,0.83335,0.6101,buy,3,10,stable,0.5823,persistent,wait,0.25,67.55150636512019
PMV.AX,Premier Investments Limited,Consumer Cyclical,2290508288.0,15.955556,13.768901,2.2493734,6.62,2.777,23.686,0.16004999,0.1022067078179679,0.39049998,-0.011,-0.131,9073375.0,2165129728.0,198250000.0,319037000.0,1596644000.0,241767008.0,372513984.0,6.384,2523533000.0,662030000.0,,315482000.0,257922000.0,,0.6259065890705755,,159658438.0,0.1076505611904711,0.6221416219755133,2.0984715451277727,2.045604709579876,0.216867383941482,0.2256961418577046,0.6327018509367621,0.6526679133594824,159225000.0,8553000.0,14.36,[],{},0.003961293241127,10.92120922068096,6.786453383149917,0.1473523714880146,0.0626740929617244,,0.1444880575675109,0.95,19,20,0.5829411764705883,10.0,22.0,0.592640909090909,0.592640909090909,0.4545454545454545,0.0,1.0,0.4545454545454545,22.0,5,5,"cheapness,quality,dividend,garp,risk",0.6613383333333334,True,0.66665,0.6027,buy,3,10,stable,0.5632,persistent,neutral,0.5,54.91981516149265
RMD.AX,ResMed Inc.,Healthcare,40891396096.0,18.668875,16.192776,1.7573922,1.21,3.008,12.988,0.25246,0.1713550281605076,0.2744,0.108,0.105,1446655104.0,15539214336.0,2119501056.0,1687394000.0,5146327000.0,843169024.0,1660513024.0,16.040813,8174391000.0,3505605000.0,,1019120000.0,1400723000.0,,0.5936214313626009,,146385350.0,0.1485582753258908,0.566730988451746,3.439835348143496,2.589036462765812,0.1042050716683359,0.1271660210401208,0.6295670221793893,0.6817561682290043,146901045.0,,28.19,[],{},0.035377982708238,7.331543568714316,9.209001771963155,0.1085894024957736,0.0535650916297848,,0.2358253097611537,0.95,19,20,0.6190476190476191,9.0,22.0,0.630368181818182,0.630368181818182,0.4090909090909091,0.0,1.0,0.4090909090909091,22.0,5,5,"cheapness,quality,dividend,garp,risk",0.6566333333333334,True,0.83335,0.5812,buy,3,10,stable,0.5701,persistent,neutral,0.375,45.431826918963154
JBH.AX,JB Hi-Fi Limited,Consumer Cyclical,8673465344.0,18.029545,17.476765,5.1687517,3.97,1.157,43.388,0.29239,0.1190923841656579,0.04401,0.073,0.072,519512512.0,8919664640.0,792800000.0,437600000.0,10554800000.0,730400000.0,489500000.0,15.348,3882700000.0,1815600000.0,,1551000000.0,462400000.0,,0.223632849509228,,109333981.0,0.1258532667928641,0.2231349818606396,1.1705996131528047,1.2101769911504423,0.1839956731140701,0.1885504502954167,2.718417596002781,2.7512189525612345,109333981.0,2400000.0,79.33,[],{},0.0598967646027871,11.250838345105954,20.38314588665448,0.0490601404494059,0.0554645167140934,,0.1876742291032294,0.95,19,20,0.5723529411764705,8.0,22.0,0.5628409090909091,0.5628409090909091,0.3636363636363636,0.0,1.0,0.3636363636363636,22.0,5,5,"cheapness,quality,dividend,garp,risk",0.650655,True,0.83335,0.5612,buy,3,10,stable,0.5384,persistent,neutral,0.5,55.06733066749537
NEM.AX,Newmont Corporation,Basic Materials,137180528640.0,11.493738,8.8590145,2.7547557,1.16,2.443,15.762,0.25832,0.1240349433658374,0.3387,0.458,0.786,9804874752.0,134105530368.0,16339000320.0,11023000000.0,22669000000.0,5532000256.0,8778999808.0,46.646603,57121000000.0,13066000000.0,,5712000000.0,7085000000.0,,0.5321363977237638,,1089000000.0,0.0594154288452323,0.3823466438282839,2.2874649859943976,1.6273366034734191,0.0978449256840741,0.159221991517152,0.3968592986817457,0.3315409324034144,1126980806.0,229000000.0,128.5,[],{},0.0714742452825118,8.207694947153291,12.165973906196136,0.0821964610240286,0.0870038972525735,,0.2144177089614659,0.95,19,20,0.5879076479076479,13.0,22.0,0.7105454545454547,0.7105454545454547,0.5909090909090909,0.0,1.0,0.5909090909090909,22.0,5,5,"cheapness,quality,dividend,garp,risk",0.7672683333333333,True,0.83335,0.5473,buy,3,10,stable,0.5392,persistent,neutral,0.5,36.57165137057204
MND.AX,Monadelphous Group Limited,Industrials,2977479936.0,27.9434,23.610249,5.3972306,3.31,1.482,14.619,0.20493999,0.0700987081949551,0.041149996,0.406,0.505,153507200.0,2721004288.0,160550000.0,37868000.0,2008562000.0,80245000.0,322011008.0,5.488,887363000.0,572256000.0,,346879000.0,62203000.0,,0.0675966188745978,,97463244.0,0.0697016561351985,0.0689488865491041,1.6497280031365404,2.007006925764462,0.1062023095396134,0.1155050808801131,2.263517861348738,2.2403205523748526,96341720.0,2345000.0,29.62,[],{},0.0515560820894142,16.94801798816568,71.85497750079223,0.0139169203690722,0.0357866258221977,,0.0700631286032519,0.95,19,20,0.5670896609111712,5.0,22.0,0.4627636363636363,0.4627636363636363,0.2272727272727272,0.0,1.0,0.2272727272727272,22.0,4,5,"cheapness,dividend,garp,risk",0.5812350000000001,True,0.83335,0.5357,buy,3,10,stable,0.4191,persistent,neutral,0.625,53.47673093152159
VGN.AX,Virgin Australia Holdings Ltd,Industrials,2140953088.0,5.6875,5.626662,-4.674658,,0.579,,,0.098212269863098,0.057239998,0.089,-0.335,205000000.0,3094870016.0,629699968.0,405600000.0,5782000000.0,2330899968.0,1280800000.0,-0.584,4872100000.0,1571300000.0,,3455500000.0,478500000.0,,1.0,,782000000.0,,1.0,0.4547243524815511,,0.471193120009852,,1.1867572504669444,,781990466.0,221600000.0,2.73,[],{},0.0957517477375011,4.9148327350716965,7.630350138067061,0.1310555848559424,0.1758241758241758,,0.2863193562049979,0.8,16,20,0.9710144927536232,7.0,22.0,0.5078636363636364,0.5078636363636364,0.3181818181818182,0.0,1.0,0.3181818181818182,22.0,1,5,cheapness,0.33584,False,0.36665,0.9701,hold,2,10,stable,0.1553,persistent,neutral,0.5,39.46437400494018
PXA.AX,PEXA Group Limited,Technology,1321281024.0,,23.02198,1.1739879,,1.954,26.532,-0.026770001,-0.0451861539119403,-0.13953,0.099,,41908124.0,1540150912.0,64159000.0,16209000.0,393627000.0,298502016.0,79270000.0,6.397,1683768000.0,133378000.0,,107622000.0,-76083000.0,,0.830524836964944,,175936202.0,-0.0101162594776748,0.8521600790455718,1.2393190983256213,1.4119115719792992,0.1925182091594566,0.210661050266779,0.2337774562766366,0.1909896096602078,177431184.0,20126000.0,7.51,[],{},0.0317177975304063,24.00522003148428,95.01825603060028,0.0105242933492481,,,0.0102839457765968,0.85,17,20,0.75,3.0,22.0,0.3046,0.3046,0.1363636363636363,0.0,1.0,0.1363636363636363,22.0,2,5,"cheapness,risk",0.26113,True,0.65,0.9091,hold,2,10,stable,0.282,persistent,accumulate,0.75,25.18925931005694
BFL.AX,BSP Financial Group Limited,Financial Services,3820060160.0,9.97561,,0.8048805,6.37,,,0.2378,0.0272659594267656,0.35601002,0.108,0.161,,,,,3376000000.0002,,,10.163,42984000000.0002,,,,1172000000.0001,,,,467000000.0,0.0279530530527837,,,,0.0060254978596686,0.0072176404549282,0.0785408524102034,0.0801098209049132,467220000.0,126000000.0,8.18,[],{},,,,,0.1002444963265404,,,0.6,12,20,0.9021875795772856,10.0,22.0,0.6063999999999999,0.6063999999999999,0.4545454545454545,0.0,1.0,0.4545454545454545,22.0,4,5,"cheapness,quality,dividend,garp",0.6265733333333333,False,0.36665,0.9003,hold,2,10,stable,0.4326,persistent,neutral,0.625,46.158033752115124
BPT.AX,Beach Energy Limited,Energy,2030387072.0,,4.74996,0.64028776,7.87,1.16,22.272,-0.03482,-0.0082927845201355,-0.05513,-0.003,-0.325,303137504.0,2499492352.0,920000000.0,-28700000.0,2106000000.0,705699968.0,235200000.0,1.39,5281700000.0,674300000.0,,963900000.0,-43800000.0,,0.5363247863247863,,2281333656.0,-0.0864307535641547,0.2726551880380607,0.699553895632327,1.7957045573598742,0.108203798019577,0.1445119290078557,0.3987352556941894,0.3210648821646785,2281333656.0,46700000.0,0.89,[],{},0.1493003517311599,2.716839513043478,-87.09032585365854,-0.0114823315930674,,,-0.0066469035156792,0.9,18,20,0.8111111111111112,4.0,22.0,0.5177909090909091,0.5177909090909091,0.1818181818181818,0.0,1.0,0.1818181818181818,22.0,1,5,cheapness,0.454635,False,0.55,0.8926,hold,2,10,stable,0.1533,persistent,accumulate,0.75,42.78241105801035
SPK.AX,Spark New Zealand Limited,Communication Services,2948570368.0,13.0,13.75904,2.648193,10.88,1.184,171.196,0.1972,0.0574585635359116,0.07807,-0.012,0.782,361750016.0,5181570560.0,838000000.0,361000000.0,3623000000.0,2318000128.0,85000000.0,0.5890809,4525000000.0,1438000000.0,,1066000000.0,260000000.0,,0.5006900358818659,,1889322507.0,0.0681769147788565,0.5152966214418728,1.348968105065666,1.009433962264151,0.5191160220994475,0.5093851132686085,0.8006629834254143,0.8110032362459547,1814155480.0,98000000.0,1.56,[],{},0.1226865805632351,6.183258424821003,14.35338105263158,0.0696699959635404,0.0769230769230769,,0.1043654235328129,0.95,19,20,0.8233333333333333,10.0,22.0,0.6361090909090911,0.6361090909090911,0.4545454545454545,0.0,1.0,0.4545454545454545,22.0,4,5,"cheapness,quality,dividend,garp",0.7320383333333333,False,0.73335,0.8378,hold,2,10,stable,0.6312,persistent,neutral,0.625,51.61886323381032
BEN.AX,Bendigo and Adelaide Bank Limited,Financial Services,6010820608.0,,12.548115,0.9094011,5.63,,,-0.012130001,-0.0009407191899933,-0.04349,0.0,0.053,,12790092800.0,,,1914900000.0,9544200192.0,2796199936.0,11.722,103218900000.0,,,,-97100000.0,,,,563866856.0,0.0055505820982015,,,,0.1101678084149317,0.1094646081645498,0.0185518349837093,0.0205381722187764,565314737.0,3341000000.0,10.66,[],{},,,,,,,,0.6,12,20,0.6695509011685483,1.0,22.0,0.3897545454545455,0.3897545454545455,0.0454545454545454,0.0,1.0,0.0454545454545454,22.0,1,5,dividend,0.34458,False,0.45,0.8373,hold,2,10,stable,0.0904,persistent,neutral,0.5,56.05563303771921
MTS.AX,Metcash Limited,Consumer Defensive,3277184000.0,11.92,11.52136,1.9201031,6.38,1.068,110.356,0.16718,0.041989997,0.01608,0.003,-0.035,340175008.0,5126684160.0,544200000.0,,17354000384.0,1900999936.0,67200000.0,1.552,6892100000.0,3777700000.0,,3634600000.0,,,,,1098581825.0,0.0488751638948312,0.1294637187554118,1.0393715952236835,1.1293527172031843,0.2743430884636033,0.243426954661514,2.5179553958880456,2.988579118073287,1091553766.0,,2.98,[],{},0.1038010096473069,9.420588313120176,,,0.0838926174496644,,,0.85,17,20,0.7999999999999999,8.0,22.0,0.4733636363636364,0.4733636363636364,0.3636363636363636,0.0,1.0,0.3636363636363636,22.0,3,5,"cheapness,dividend,garp",0.5333783333333333,False,0.55,0.8071,hold,2,10,stable,0.4098,persistent,neutral,0.625,54.25425162189881
RSG.AX,Resolute Mining Limited,Basic Materials,1966424192.0,10.222222,4.523997,1.8698597,,1.065,9.481,0.25611,0.1092821992194221,0.1488,-0.09,,180912496.0,1823124224.0,278200000.0,308500000.0,865600000.0,64800000.0,162200000.0,0.49201554,1178599999.9999,340099999.9999,,319400000.0,128800000.0,,0.5856053604436229,,2137417613.0,-0.034528451991078,0.537790911803519,1.0648090169063869,1.0265115183329856,0.1709655523502605,0.0534362508480201,0.7344306804684145,0.9773255274807334,2129050013.0,12600000.0,0.92,[],{},0.0920007477206627,6.553286211358735,5.909640920583469,0.1692150188883673,0.0978260890831758,,0.359054934823133,0.9,18,20,0.7835667600373483,9.0,22.0,0.600809090909091,0.600809090909091,0.4090909090909091,0.0,1.0,0.4090909090909091,22.0,2,5,"cheapness,quality",0.4888166666666667,False,0.73335,0.7861,hold,2,10,stable,0.2825,persistent,accumulate,0.75,41.04444456322804
ALK.AX,Alkane Resources Ltd,Basic Materials,1803390464.0,14.666667,5.755396,1.7120622,,2.268,2.103,0.24488,0.154,0.22453,3.341,4.114,179912880.0,1497754368.0,370078016.0,23643000.0,172991000.0,22146000.0,327782016.0,0.771,,,,,17677000.0,,0.4051366834112757,,605541892.0,0.0913500438996677,0.5617628997464926,,1.375186217960961,,0.1054840153562759,,0.4100035291889751,603490487.0,2347000.0,1.32,[],{},0.0997636860078239,4.047131424310273,63.34874457556148,0.0157856324809596,0.0681818166322314,,,0.8,16,20,0.7635175282234106,7.0,22.0,0.5415863636363635,0.5415863636363635,0.3181818181818182,0.0,1.0,0.3181818181818182,22.0,3,5,"cheapness,quality,garp",0.5511666666666667,False,0.63335,0.7816,hold,2,10,stable,0.3708,persistent,neutral,0.625,39.57138057693029
SUL.AX,Super Retail Group Limited,Consumer Cyclical,2974135040.0,15.313953,13.712179,2.339254,4.86,1.011,99.984,0.15215999,0.0664748546424504,0.04716,0.042,-0.196,410649984.0,4137313792.0,438800000.0,18200000.0,4070100000.0,1271100032.0,107800000.0,5.63,3336600000.0,1001100000.0,,938400000.0,221800000.0,,0.4563524237733716,,225826500.0,0.0735758281494193,0.4631174985834235,1.0668158567774937,1.1960489585570109,0.3703770305101001,0.3381239849232372,1.2198345621291136,1.189777219379156,225826500.0,5500000.0,13.17,[],{},0.1380737520243869,9.428700528714677,227.3249336263736,0.0043989895171093,0.0652999261523135,,0.0075890251021599,0.95,19,20,0.75,5.0,22.0,0.4549045454545455,0.4549045454545455,0.2272727272727272,0.0,1.0,0.2272727272727272,22.0,3,5,"cheapness,dividend,garp",0.5345333333333333,False,0.63335,0.7804,hold,2,10,stable,0.4362,persistent,neutral,0.5,60.81932624429858
SHL.AX,Sonic Healthcare Limited,Healthcare,10715078656.0,19.531532,16.52565,1.2512264,4.98,1.006,68.216,0.06631,0.0319920034473827,0.051760003,0.166,0.079,597782848.0,16266526720.0,1327803008.0,905109000.0,9619183000.0,5950275072.0,557123008.0,17.327,16053918000.0,2605626000.0,,2223402000.0,513597000.0,,0.8376316366992914,,480403973.0,0.0234037255999787,0.8375213981154213,1.1719095332288088,0.8283338500174363,0.3220902212157804,0.3299624276730072,0.5991797765504969,0.4091097106361634,480403973.0,118532000.0,21.68,[],{},0.0557889369916352,12.25070783993886,17.971898102880427,0.0556424254286043,0.0511992607645933,,0.065442894538425,0.95,19,20,0.711547619047619,7.0,22.0,0.5217636363636364,0.5217636363636364,0.3181818181818182,0.0,1.0,0.3181818181818182,22.0,4,5,"cheapness,quality,dividend,garp",0.6010816666666667,False,0.73335,0.7592,hold,2,10,stable,0.5589,persistent,neutral,0.375,62.40331144613181
AZJ.AX,Aurizon Holdings Limited,Industrials,7170889216.0,23.666668,15.097282,1.7647059,4.46,0.569,136.854,0.072340004,0.0260264559354062,0.07633,0.021,0.055,357249984.0,12828551168.0,1552999936.0,761000000.0,3869000000.0,5663000064.0,137000000.0,2.414,11642000000.0,1085000000.0,,1786000000.0,303000000.0,,0.8405272680279142,,1750444000.0,0.035012073128665,0.8450479233226837,0.6075027995520716,0.5741599073001159,0.4725133138635973,0.4244567092100724,0.3323312145679437,0.3239047947568127,1840704000.0,345000000.0,4.26,[],{},0.0498194816903443,8.260496907064908,16.85749167936925,0.0593208063821163,0.0422535187462806,,0.0772118506493506,0.95,19,20,0.7117016850426461,4.0,22.0,0.4370409090909092,0.4370409090909092,0.1818181818181818,0.0,1.0,0.1818181818181818,22.0,3,5,"cheapness,dividend,garp",0.5047116666666667,False,0.53335,0.747,hold,2,10,stable,0.4157,persistent,neutral,0.625,57.54575223371215
EDV.AX,Endeavour Group Limited,Consumer Defensive,6051595264.0,16.047619,15.958706,1.5180179,5.07,0.831,134.086,0.09443,0.0363047554116243,0.030940002,0.009,-0.174,583000000.0,11052381184.0,1084000000.0,198000000.0,12058000000.0,5345999872.0,345000000.0,2.22,11734000000.0,1963000000.0,,2133000000.0,426000000.0,,0.3504727152098192,,1790857913.0,0.0434524314690656,0.3455195385490291,0.9203000468823254,0.9821605550049554,0.495738878472814,0.5153186794534499,1.027612067496165,1.0446405838920478,1790754347.0,109000000.0,3.37,[],{},0.0963382338981221,10.195923601476014,55.82010698989899,0.017914691567699,0.0623145402442567,,0.0206228517862722,0.95,19,20,0.7083333333333334,6.0,22.0,0.4215772727272727,0.4215772727272727,0.2727272727272727,0.0,0.9672,0.2727272727272727,22.0,3,5,"cheapness,dividend,garp",0.4803333333333334,False,0.43335,0.744,hold,2,10,stable,0.4139,persistent,neutral,0.375,52.7986535663767
GGP.AX,Greatland Resources Limited,Basic Materials,6773660672.0,5.6723166,10.1637945,3.9652448,,2.479,1.659,0.47873002,0.26375,0.33629,57.972,4.84,633015808.0,5821545984.0,992340992.0,,1918136960.0,28204000.0,948280000.0,2.532,0.0,0.0,,0.0,,,,,670618774.0,,,,,,,,,670618774.0,,10.04,[],{},0.0934525419344773,5.866477381194387,,,0.1762948140095001,,,0.8,16,20,0.7608776844070961,7.0,22.0,0.5555863636363637,0.5555863636363637,0.3181818181818182,0.0,1.0,0.3181818181818182,22.0,3,5,"cheapness,quality,garp",0.5370016666666666,False,0.55,0.742,hold,2,10,stable,0.3607,persistent,accumulate,0.75,32.00410845418364
HDN.AX,HomeCo Daily Needs REIT,Real Estate,2695195904.0,7.166666,14.186737,0.8344114,6.67,0.717,56.915,0.12060001,0.0504565887878726,1.08333,0.101,1.08,170087504.0,4502047232.0,,246900000.0,364700000.0,1837799936.0,29400000.0,1.546,4960700000.0,71500000.0,,131200000.0,250300000.0,,0.6885111050178229,,2086214927.0,0.0171322315776278,0.6781091727630838,0.5449695121951219,0.2672687332194288,0.3537202410950067,0.351900215197543,0.0735178503033846,0.0742535988132795,2080210920.0,81400000.0,1.29,[],{},0.063107658982254,,18.234294175779667,0.0548417169515826,0.1395348967009206,,0.0511233046899264,0.9,18,20,0.7372685185185185,12.0,22.0,0.7304227272727274,0.7304227272727274,0.5454545454545454,0.0,1.0,0.5454545454545454,22.0,4,5,"cheapness,quality,dividend,garp",0.7953666666666667,False,0.73335,0.7402,hold,2,10,stable,0.5319,persistent,neutral,0.375,59.44202395043971
DXS.AX,DEXUS,Real Estate,6199569920.0,12.565218,9.9264965,0.6455937,6.4,0.398,46.547,0.04736,0.0101698660047047,0.38955003,0.227,,920520320.0,11093600256.0,907900032.0,403600000.0,921200000.0,4676499968.0,74700000.0,8.953,15388600000.0,532300000.0,,1464800000.0,156500000.0,,0.7612896222318715,,1075565246.0,-0.0997889068662149,0.7343625837211942,0.363394320043692,0.9459768472202372,0.3138167214691394,0.3162920922236829,0.059862495613636,0.0556742339973708,1075565246.0,202900000.0,5.78,[],{},0.148481319168669,12.218966697866575,27.486621050545093,0.0363813361475425,0.0795847712311875,,0.028986339935937,0.95,19,20,0.6614583333333334,6.0,22.0,0.5753409090909092,0.5753409090909092,0.2727272727272727,0.0,1.0,0.2727272727272727,22.0,2,5,"cheapness,dividend",0.5202733333333333,False,0.53335,0.7333,hold,2,10,stable,0.265,persistent,neutral,0.625,62.229172680433095
MFF.AX,MFF Capital Investments Limited,Financial Services,3051983616.0,11.772727,,1.1674556,4.25,141.298,0.316,0.103310004,0.1462960071716949,0.69563,-0.457,-0.456,222834256.0,-56454420.0,,,607833000.0,8262000.0,3116699904.0,4.437,2952719000.0,,,,431971000.0,,,,585869563.0,0.1690399708893155,,,,0.0023161702823736,0.0616648485084363,0.2058553489173876,0.2423944369270392,579478636.0,6644000.0,5.18,[],{},0.0730129266853836,,,,0.0849420869098553,,,0.8,16,20,0.6883514385112851,11.0,22.0,0.5757181818181818,0.5757181818181818,0.5,0.0,1.0,0.5,22.0,4,5,"cheapness,quality,dividend,garp",0.580595,False,0.46665,0.7211,hold,2,10,stable,0.451,persistent,neutral,0.375,60.25945550603134
GQG.AX,GQG Partners Inc.,Financial Services,4132265984.0,6.0,7.1537333,6.39492,15.36,12.091,6.045,1.07638,0.938906960954205,0.57315,0.02,0.01,388280864.0,3974110464.0,623577984.0,,779286000.0,26787000.0,133353000.0,0.21579629,493395000.0,,,,463252000.0,,,,2958001088.0,0.9302590765158424,,,,0.0542911865746511,0.0419450030932257,1.5794363542395038,1.601260570317535,2955282170.0,,1.38,[],{},0.0939631827920591,6.37307693018232,,,0.1666666666666666,,,0.85,17,20,0.7218578681212449,11.0,22.0,0.6529,0.6529,0.5,0.0,1.0,0.5,22.0,4,5,"cheapness,quality,dividend,garp",0.6940983333333334,False,0.73335,0.7182,hold,2,10,stable,0.4896,persistent,neutral,0.625,36.77552717894545
WOR.AX,Worley Limited,Energy,5453100544.0,16.318182,12.259953,1.0191144,4.64,1.021,47.314,0.06453,0.0371177057809238,0.03097,-0.016,-0.328,497375008.0,7138100224.0,745000000.0,647000000.0,11222000000.0,2528000000.0,835000000.0,10.568,11019000000.0,3685000000.0,,3564000000.0,409000000.0,,0.0826947068258777,,516319055.0,0.0289564220183486,0.0765120027143947,1.0339506172839503,1.2353159851301114,0.2226154823486704,0.1981077981651376,1.018422724385153,1.126624617737003,527619596.0,102000000.0,10.77,[],{},0.0912095795752853,9.581342582550336,11.032612401854712,0.0906403636397022,0.0612813363645533,,0.0867873910127431,0.95,19,20,0.7291666666666667,8.0,22.0,0.5807681818181819,0.5807681818181819,0.3636363636363636,0.0,1.0,0.3636363636363636,22.0,3,5,"cheapness,dividend,garp",0.6068450000000001,False,0.73335,0.7125,hold,2,10,stable,0.4109,persistent,accumulate,0.75,34.740250071594005
DOW.AX,Downer EDI Limited,Industrials,5232544768.0,33.083336,16.410044,2.6689076,3.4,0.89,61.694,0.07801,0.0210989350208365,0.0159,-0.071,0.357,579412480.0,6081086976.0,520000000.0,254300000.0,10472100000.0,1326300032.0,684300032.0,2.975,6479000000.0,3062600000.0,,3362400000.0,136700000.0,,0.8627113950401543,,671573679.0,0.0102397676417415,0.8815479989060079,0.910837497025934,1.135900724200362,0.2374440500077172,0.2682789484603302,1.6163142460256212,1.6254704958359265,671573679.0,72400000.0,7.94,[],{},0.11073244581555,11.69439803076923,23.91304355485647,0.0418181816842344,0.0302266978154802,,0.0815953282423153,0.95,19,20,0.6980306497468969,6.0,22.0,0.4142363636363637,0.4142363636363637,0.2727272727272727,0.0,1.0,0.2727272727272727,22.0,3,5,"cheapness,dividend,garp",0.4770749999999999,False,0.73335,0.7096,hold,2,10,stable,0.4012,persistent,neutral,0.625,50.395091149539255
TPG.AX,TPG Telecom Limited,Communication Services,7027644928.0,119.333336,39.28885,0.80594325,5.03,0.461,47.907,0.00524,0.0317690028254427,0.09127,0.038,,960233792.0,11070658560.0,1292999936.0,399000000.0,5041000000.0,4153999872.0,72000000.0,4.442,14511000000.0,783000000.0,,1700000000.0,461000000.0,,0.5318389208490379,,1963029400.0,-0.0056038546140148,0.5798913043478261,0.4605882352941176,0.7229140722291407,0.2862655916201502,0.330156069969624,0.3473916339328785,0.2890960511155336,1859341669.0,43000000.0,3.58,[],{},0.1366366402739236,8.561994669735235,27.74601142857143,0.0360412163230874,0.0083798880808963,,0.0311451096713761,0.95,19,20,0.6355555555555555,4.0,22.0,0.4681954545454546,0.4681954545454546,0.1818181818181818,0.0,1.0,0.1818181818181818,22.0,2,5,"cheapness,dividend",0.4451766666666666,False,0.73335,0.7039,hold,2,10,stable,0.2545,persistent,neutral,0.625,40.94357952770783
RYM.AX,RYM FPO NZX [RYM],Healthcare,1726739456.0,,,0.51442724,,0.036,39.203,-0.041479997,-0.0362113812053389,-0.20053,0.119,,352426624.0,3303020032.0,77920000.0,-118256000.0,713797000.0,1598585984.0,20287000.0,3.3046463,12063362000.0,216023000.0,,889817000.0,-436831000.0,,1.0,,1015713000.0,0.0003649472695142,1.0,0.242772390278001,2.1803916948272075,0.1405299782929501,0.1963503438758638,0.0591706524267447,0.0497194988536452,730437885.0,139773000.0,1.7,[],{},0.2040994793831826,42.389887474332646,-27.93109890407252,-0.0358023865596707,,,-0.0105835703888067,0.85,17,20,0.6460317460317461,3.0,22.0,0.3156227272727273,0.3156227272727273,0.1363636363636363,0.0,1.0,0.1363636363636363,22.0,1,5,cheapness,0.228135,False,0.45,0.7015,hold,2,10,stable,0.1145,persistent,insufficient_data,0.0,
XRO.AX,Xero Limited,Technology,11832986624.0,,33.673195,2.5877128,,1.094,39.325,0.044060003,0.0184046624851878,0.06081,0.408,,221124368.0,11835534336.0,393052992.0,-15386090.7273,2295764676.451,2124988032.0,1934142976.0,26.38237,7585563709.1394,2331924616.4108,,2130657938.6258,139609739.8266,,0.8385590543830677,,170569000.0,0.0510429299950703,0.8904231418228008,1.0944622194564042,1.2367293045765977,0.2336022394281542,0.2999337029151263,0.3026491852787378,0.4711040828384397,153587000.0,138524849.8999,68.27,[],{},0.0186871138307136,30.111803184034788,-769.2359642075851,-0.0012999912205484,,,-0.0028205969772143,0.85,17,20,0.6041666666666666,1.0,22.0,0.2405590909090908,0.2405590909090908,0.0454545454545454,0.0,1.0,0.0454545454545454,22.0,1,5,cheapness,0.23117,False,0.63335,0.6932,hold,2,10,stable,0.1103,persistent,neutral,0.5,40.8978541640364
ASB.AX,Austal Limited,Industrials,1430831616.0,14.739131,15.38322,1.0710901,,1.694,20.507,0.07872,0.0304665576792817,0.04514,0.344,0.029,-195611248.0,1325820032.0,167215008.0,7599000.0,1823337000.0,272795008.0,371575008.0,3.165,2945295000.0,1375089000.0,,733137000.0,89733000.0,,0.1259207705432402,,421180044.0,0.0071067304214975,0.1174410633212313,1.875623519205824,1.1061221671183492,0.0906493237519501,0.1342701962090112,0.6190676995003896,0.7017428114580979,361221467.0,18179000.0,3.39,[],{},-0.1367115779471286,7.928833947727946,174.47296117910253,0.0057315471305233,0.0678466050678293,,0.0034351072572573,0.9,18,20,0.6712004960086801,3.0,22.0,0.3742636363636364,0.3742636363636364,0.1363636363636363,0.0,1.0,0.1363636363636363,22.0,2,5,"cheapness,risk",0.3162999999999999,True,0.56665,0.688,hold,2,10,stable,0.2447,persistent,neutral,0.625,31.397521691282904
MFG.AX,Magellan Financial Group Limited,Financial Services,2826592256.0,11.925925,13.945028,1.7001055,6.77,2.777,0.379,0.14073,0.1508764294778725,0.53281,-0.316,-0.229,116235000.0,1509010432.0,145032992.0,,313271000.0,3612000.0,115139000.0,5.682,1093756000.0,,,,165022000.0,,,,195122000.0,0.2191969843304163,,,,0.0046719743708834,0.0069828247848966,0.286417628794722,0.3972305562390061,203962000.0,271000.0,9.66,[],{},0.0411219551575818,10.404601126893942,,,0.0838509381871846,,,0.85,17,20,0.6703776623245512,11.0,22.0,0.5802818181818182,0.5802818181818182,0.5,0.0,1.0,0.5,22.0,4,5,"cheapness,quality,dividend,garp",0.64378,False,0.63335,0.6826,hold,2,10,stable,0.46,persistent,neutral,0.5,46.02092028305978
CGF.AX,Challenger Limited,Financial Services,7272510976.0,17.209677,14.620645,1.7902684,2.91,3.045,195.794,0.11549,0.0055015005392786,0.16386,-0.169,3.334,1019324992.0,-3411469056.0,1345900032.0,-1233300000.0,2301600000.0,8043400192.0,18809700352.0,5.96,34954100000.0,34092200000.0,,13397800000.0,192300000.0,,0.3260775112964894,,685500000.0,0.0038884182608981,0.3205141129032258,2.544611801937632,2.910615025999641,0.23653591424182,0.2132972529627113,0.065846352788371,0.0593889286345036,683300000.0,822700000.0,10.67,[],{},0.1401613549108241,-2.534712069908027,2.766130751641936,0.3615158102726756,0.058106843027908,,-0.0572129725416699,0.95,19,20,0.6260248662081849,6.0,22.0,0.5415772727272727,0.5415772727272727,0.2727272727272727,0.0,1.0,0.2727272727272727,22.0,3,5,"cheapness,dividend,garp",0.639715,False,0.63335,0.6414,hold,2,10,stable,0.3612,persistent,wait,0.25,72.36839835476214
ANZ.AX,ANZ Group Holdings Limited,Financial Services,108788523008.0,18.340101,14.213554,1.531062,4.59,,,0.082440004,0.0045416418679092,0.27417,-0.021,0.007,,96900521984.0,,,22307000000.0,272083992576.0,284675014656.0,23.598,1297108000000.0,,,,5891000000.0,,,,2983751824.0,0.0053168336567367,,,,0.169472395513712,0.1668574543472336,0.0171974885668733,0.0165606961106161,2974064248.0,45962000000.0,36.13,[],{},,,,,0.0545253267689201,,,0.65,13,20,0.5783438375350142,3.0,22.0,0.4025227272727272,0.4025227272727272,0.1363636363636363,0.0,1.0,0.1363636363636363,22.0,3,5,"cheapness,dividend,garp",0.4526266666666666,False,0.36665,0.6387,hold,2,10,stable,0.2373,persistent,neutral,0.375,57.31889090900343
LSF.AX,L1 Long Short Fund Limited,Financial Services,2716385280.0,26.750002,,1.1630435,4.04,1.747,,0.28419,0.108059995,0.52084,12.021,,905130240.0,-2955625728.0,,,1131584000.0,0.0,5664793088.0,3.68,4477730000.0,,,,,,,,622413000.0,0.0436697124425471,,,,,,0.2527137634471038,0.0732604367894439,616618000.0,,4.28,[],{},0.3332112887903736,,,,0.0373831747750897,,,0.7,14,20,0.6701138624092589,2.0,22.0,0.3858454545454545,0.3858454545454545,0.0909090909090909,0.0,1.0,0.0909090909090909,22.0,2,5,"cheapness,quality",0.3685116666666667,False,0.45,0.6341,hold,2,10,stable,0.1826,persistent,neutral,0.5,38.66016926156031
CLW.AX,Charter Hall Long WALE REIT,Real Estate,2655236608.0,11.967742,14.496151,0.79256564,6.87,0.297,57.048,0.06716,0.0239945974981986,0.62959,0.039,2.124,160469632.0,4519537152.0,,119983000.0,181624000.0,1903348992.0,28172000.0,4.681,4929568000.0,86733000.0,,88231000.0,118283000.0,,0.6853774831520063,,714289000.0,-0.0972642420953931,0.6916867812663479,0.9830218403962326,4.145698960480528,0.3100444095709807,0.3245774611016711,0.0368437964543749,0.0414886315498883,722955466.0,66204000.0,3.71,[],{},0.0604351535062897,,37.668145920672096,0.0265476299817349,0.0835579510320326,,0.0247830299770497,0.9,18,20,0.576388888888889,8.0,22.0,0.6482636363636364,0.6482636363636364,0.3636363636363636,0.0,1.0,0.3636363636363636,22.0,3,5,"cheapness,dividend,garp",0.73976,False,0.63335,0.6324,hold,2,10,stable,0.3264,persistent,neutral,0.375,60.110309721698236
AGL.AX,AGL Energy Limited,Utilities,5603984896.0,,10.043283,1.1835748,5.88,1.02,94.741,-0.0332,-0.0060478894100222,-0.01159,-0.009,-0.421,-503500000.0,9782984704.0,1015000000.0,29000000.0,13840000000.0,4486000128.0,307000000.0,7.038,16204000000.0,4437000000.0,,4677000000.0,-98000000.0,,0.2116329479768786,,672747233.0,0.0453993997829001,0.2480566986739826,0.9486850545221296,1.066491112574062,0.2040854110096272,0.1741906647085115,0.8541100962725253,0.8378775301704872,672747233.0,325000000.0,8.33,[],{},-0.0898467803436421,9.63840857536946,337.34430013793104,0.002964330506225,,,0.0025158323935108,0.9,18,20,0.5142857142857143,0.0,22.0,0.3093227272727272,0.3093227272727272,0.0,0.0,1.0,0.0,22.0,0,5,,0.2931333333333333,False,0.35,0.6286,hold,2,10,stable,0.0,persistent,neutral,0.625,45.2685405087721
WBC.AX,Westpac Banking Corporation,Financial Services,125190504448.0,18.059113,16.9149,1.7692195,4.2,,,0.09803,0.0064869740818008,0.31495002,0.015,0.054,,250861502464.0,,,21587000000.0,258104000512.0,132742995968.0,20.721,1077544000000.0,,,,6990000000.0,,,,3435237487.0,0.0069869699565147,,,,0.1922585063811779,0.1842627605668816,0.0200335206729377,0.0207579527158386,3503827297.0,35594000000.0,36.66,[],{},,,,,0.0553737052312591,,,0.65,13,20,0.5782284504710976,4.0,22.0,0.4077590909090909,0.4077590909090909,0.1818181818181818,0.0,1.0,0.1818181818181818,22.0,3,5,"cheapness,dividend,garp",0.4736266666666667,False,0.36665,0.6199,hold,2,10,stable,0.2336,persistent,neutral,0.375,58.16191962643138
4DX.AX,4DMedical Limited,Healthcare,2056761344.0,,-53.59375,-64.71698,,6.575,,-10.9931,-0.3171537214847545,0.0,-0.015,,-117523424.0,1785674880.0,-50432396.0,-47574624.0,5778401.0,10243510.0,56761852.0,-0.053,94811607.0,17061511.0,,19254643.0,-30069854.0,,0.9196272463610607,,465540474.0,-0.2956014013535347,0.922379165139173,0.8860985373761538,1.6156054770236583,0.0454379071963203,0.0420710053050907,0.060946135002226,0.0250560437152604,410394665.0,8656.0,3.43,[],{},-0.0571400392869305,-35.407298118455444,-37.534187973824025,-0.0266423773626697,,,-0.6296524037148978,0.8,16,20,0.4895833333333332,1.0,22.0,0.2206363636363636,0.2206363636363636,0.0454545454545454,0.0,1.0,0.0454545454545454,22.0,1,5,cheapness,0.1596033333333333,False,0.45,0.6193,hold,2,10,stable,0.0887,persistent,neutral,0.5,38.20850917743051
REG.AX,Regis Healthcare Limited,Healthcare,1862546816.0,51.333332,26.321411,-62.22222,2.92,0.094,,,0.0232513401903198,0.03007,0.184,-0.446,403052864.0,1669323904.0,113167000.0,60028000.0,1161288000.0,4751000.0,197974000.0,-0.099,2105298000.0,240561000.0,,2111124000.0,48951000.0,,1.0,,301249350.0,-0.0118151202642967,1.0,0.1139492516782529,0.0562589698088958,0.0024276848218161,0.0021202665036512,0.5516026709757954,0.5594739443908662,301034919.0,119196000.0,6.16,[],{},0.2163987828588358,14.75097779387984,27.809087492503497,0.0359594682950158,0.019480519986507,,-10.303467215928595,0.85,17,20,0.6310185185185184,2.0,22.0,0.3822181818181818,0.3822181818181818,0.0909090909090909,0.0,1.0,0.0909090909090909,22.0,2,5,"cheapness,garp",0.3901933333333333,False,0.53335,0.619,hold,2,10,stable,0.2125,persistent,neutral,0.5,45.841339270961704
TLS.AX,Telstra Group Limited,Communication Services,56475422720.0,25.35,23.26115,4.318569,4.14,0.588,119.144,0.14753,0.0483010140544387,0.097950004,0.003,0.112,3896124928.0,77285425152.0,7148000256.0,3312000000.0,22717000000.0,18752000000.0,1436000000.0,1.174,44968000000.0,6495000000.0,,11521000000.0,2172000000.0,,0.6385086058898622,,11385028987.0,0.035609220636663,0.6254603540843946,0.5637531464282615,0.5298455665452022,0.400173456680306,0.3725137211855104,0.5051814623732432,0.494774972557629,11554427353.0,612000000.0,5.07,[],{},0.0689879728269876,10.812174368226549,23.33497136231884,0.0428541344436699,0.039447731755424,,0.0990223338416001,0.95,19,20,0.6255555555555554,4.0,22.0,0.4246863636363636,0.4246863636363636,0.1818181818181818,0.0,0.9404,0.1818181818181818,22.0,3,5,"cheapness,dividend,garp",0.4993666666666667,False,0.63335,0.6183,hold,2,10,stable,0.3545,persistent,neutral,0.625,51.91141302000155
QBE.AX,QBE Insurance Group Limited,Financial Services,38022922240.0,12.414635,12.78766,2.290763,4.28,8.478,33.667,0.19327,0.0444421551457711,0.11528,0.0,0.189,3673374976.0,37724467200.0,3132000000.0,3099000000.0,19506000000.0,3929999872.0,4524000256.0,11.109837,48534999999.9999,,,,2157000000.0,,,,1506000000.0,0.0405738265748299,,,,0.0809724940764398,0.0660265474615698,0.4018955393015358,0.4275190439264689,1505000000.0,254000000.0,25.45,[],{},0.0966094860572189,12.044849042145596,12.173109777347532,0.0821482774977402,0.0805500926930191,,,0.9,18,20,0.6308204602050931,9.0,22.0,0.6193590909090908,0.6193590909090908,0.4090909090909091,0.0,1.0,0.4090909090909091,22.0,4,5,"cheapness,quality,dividend,garp",0.6919083333333333,False,0.73335,0.6092,hold,2,10,stable,0.4464,persistent,neutral,0.375,60.953967008694676
VNT.AX,Ventia Services Group Limited,Industrials,5029620224.0,19.21875,16.788141,9.017595,4.08,0.971,166.726,0.45671,0.0937844542447629,0.044320002,0.019,0.188,212403008.0,5759668736.0,452800000.0,409700000.0,6141100000.0,935500032.0,237300000.0,0.682,2902400000.0,1188800000.0,,1224700000.0,272200000.0,,0.9297031476445587,,826358504.0,0.0748521313481541,0.926787322905577,0.9706866987833755,1.0798153034300793,0.3221816427783903,0.3016860425589775,2.115869625137817,2.075430008838126,855484445.0,48500000.0,6.15,[],{},0.0422304266605398,12.720116466431096,14.058259057847206,0.0711325631349643,0.0520325203252032,,0.2442033736663289,0.95,19,20,0.6267977255391444,3.0,22.0,0.492,0.492,0.1363636363636363,0.0,1.0,0.1363636363636363,22.0,3,5,"cheapness,dividend,garp",0.5727450000000001,False,0.63335,0.6075,hold,2,10,stable,0.3518,persistent,neutral,0.5,51.87493413371361
WAM.AX,WAM Capital Limited,Financial Services,1798357120.0,19.750002,,0.98136646,9.81,56.386,,0.050669998,0.1082321771200441,0.81375,-0.882,-0.841,-14367604.0,96730456.0,,,323930072.0,0.0,1691808000.0,1.61,2029262728.0,,,,219631523.0,,,,1126247848.0,0.1186465432171968,,,,,,0.1596294395646141,0.1746832669900918,1113337912.0,,1.58,[],{},-0.0079892941397535,,,,0.0506329062650221,,,0.75,15,20,0.5414010630602702,3.0,22.0,0.4335727272727273,0.4335727272727273,0.1363636363636363,0.0,0.9809,0.1363636363636363,22.0,2,5,"dividend,garp",0.5059216666666667,False,0.36665,0.6029,hold,2,10,stable,0.1716,persistent,neutral,0.375,58.05463562096092
FRW.AX,Freightways Group Limited,Industrials,2068496512.0,31.243244,19.125143,4.616479,3.05,0.835,116.234,0.16885,0.057878807849658,0.065120004,0.085,0.168,153527376.0,2656711424.0,193659008.0,144339000.0,1289559000.0,622662976.0,34986000.0,2.5040731,1380799000.0,224996000.0,,270625000.0,79919000.0,,1.0,,178789356.0,0.0507588832887859,1.0,0.8313939953810624,0.8692816749894309,0.4578291264695296,0.465373573731261,0.9339223159924072,0.8673830111719901,178707397.0,17476000.0,11.56,[],{},0.0742217234156979,13.718501666599469,18.40605397016745,0.0543299504402627,0.0320069196399708,,0.1300147544438979,0.95,19,20,0.6184175854656404,4.0,22.0,0.4076727272727272,0.4076727272727272,0.1818181818181818,0.0,0.9029,0.1818181818181818,22.0,3,5,"cheapness,dividend,garp",0.46295,False,0.63335,0.602,hold,2,10,stable,0.3478,persistent,wait,0.25,57.222644547472015
EOS.AX,Electro Optic Systems Holdings Limited,Industrials,1527527808.0,,38.999264,5.4466405,,2.34,7.201,-0.32127,0.0496641644673464,0.14488,,,77145752.0,1233545984.0,-49809000.0,-58225000.0,128458000.0,17142000.0,106916000.0,1.265,374737000.0,264009000.0,,112835000.0,18611000.0,,0.6336467950614209,,192952099.0,-0.0467090924506376,0.4793985217908419,2.339779323791377,1.9708230184020528,0.0457440818494037,0.1644082251492466,0.3427950802829718,0.4402963487559038,192952099.0,17750000.0,6.89,[],{},0.0505036645460532,-24.76552398160975,-21.1858477286389,-0.0472013210332011,,,-0.2223159807867064,0.85,17,20,0.4679951690821256,2.0,22.0,0.3319,0.3319,0.0909090909090909,0.0,1.0,0.0909090909090909,22.0,2,5,"cheapness,risk",0.3194783333333333,True,0.73335,0.6014,hold,2,10,stable,0.1818,persistent,accumulate,0.75,29.472071466277953
EVN.AX,Evolution Mining Limited,Basic Materials,20940544000.0,15.621212,11.62214,3.7166548,3.88,1.859,26.415,0.26389,0.13253,0.25966,0.375,1.07,1166821888.0,21457141760.0,3099758080.0,,5112986112.0,1487928960.0,966492992.0,2.774,8818841000.0,1070554000.0,,979578000.0,,,,,1985877758.0,0.0625362742201459,0.506924537867266,1.0928726451594462,0.5686931540933449,0.2289500400336053,0.2697217353572108,0.5797798273038374,0.4893048900499601,1835016319.0,,10.31,[],{},0.0557207056320981,6.922198831723023,,,0.0640155194104017,,,0.85,17,20,0.6051082251082252,7.0,22.0,0.5870045454545455,0.5870045454545455,0.3181818181818182,0.0,1.0,0.3181818181818182,22.0,4,5,"cheapness,quality,dividend,garp",0.722415,False,0.65,0.5977,hold,2,10,stable,0.409,persistent,neutral,0.5,36.002681098942865
MGR.AX,Mirvac Group,Real Estate,6846067200.0,17.35,13.092363,0.74495494,5.53,1.691,44.107,0.04205,0.0045098819472078,0.1317,0.217,319.873,862499968.0,10773310464.0,749000000.0,267000000.0,2444000000.0,4052999936.0,126000000.0,2.329,15078000000.0,1845000000.0,,1830000000.0,68000000.0,,0.2373158756137479,,3944904380.0,-0.0517485214708151,0.2823728813559322,1.0081967213114753,1.502375296912114,0.3013662289428306,0.2879917716636667,0.1620904629261175,0.1896374389303163,3944796577.0,179000000.0,1.735,[],{},0.1259847358787246,14.383592074766357,40.349477393258425,0.0247834684512439,0.0576368876080691,,0.0201539855072463,0.95,19,20,0.5357638888888889,7.0,22.0,0.63065,0.63065,0.3181818181818182,0.0,1.0,0.3181818181818182,22.0,3,5,"cheapness,dividend,garp",0.7153066666666666,False,0.53335,0.5958,hold,2,10,stable,0.3225,persistent,neutral,0.625,56.544861933784915
ALX.AX,Atlas Arteria Limited,Industrials,7385739776.0,28.277777,18.723562,1.2728182,7.86,2.173,29.673,0.02994,0.0338958697980616,1.62188,0.081,-0.207,3187500.0,8832044032.0,49600000.0,-23400000.0,158900000.0,1721699968.0,274400000.0,3.999,7655800000.0,288400000.0,,132700000.0,259500000.0,,0.8602894902454373,,1450833707.0,0.0406560154926168,0.956551724137931,2.173323285606632,2.728965003723008,0.2270696726664751,0.2236988622609537,0.0207555056297186,0.0175502299685306,1450833707.0,97600000.0,5.09,[],{},0.0004315749128283,178.06540387096774,-377.4377791452992,-0.0026494433129202,0.0353634587329831,,-0.0031104199066874,0.95,19,20,0.5542923514319396,2.0,22.0,0.4077909090909091,0.4077909090909091,0.0909090909090909,0.0,0.9631,0.0909090909090909,22.0,2,5,"dividend,garp",0.4893916666666666,False,0.46665,0.5924,hold,2,10,stable,0.2179,persistent,neutral,0.5,57.971602981805766
FLT.AX,Flight Centre Travel Group Limited,Consumer Cyclical,2438828544.0,23.66,10.553171,2.1155221,3.47,1.07,108.648,0.090179995,0.0266456562608372,0.03822,0.061,0.03,255779376.0,3262889984.0,259088000.0,223051000.0,2783944000.0,1284881024.0,525011008.0,5.592,4109075000.0,2171803000.0,,2111410000.0,109489000.0,,0.9407538370024684,,217822659.0,0.033134477743653,0.9446400034234094,1.0286031609209012,1.0806568580507552,0.2151605896704246,0.2344770080590259,0.6775111186824285,0.6432290585274214,218446295.0,53869000.0,11.83,[],{},0.104877965541804,12.59375186809115,14.628448130696569,0.0683599511763373,0.0422654268808114,,0.1116558582144653,0.95,19,20,0.5688235294117647,5.0,22.0,0.4537227272727273,0.4537227272727273,0.2272727272727272,0.0,1.0,0.2272727272727272,22.0,3,5,"cheapness,dividend,garp",0.5020450000000001,False,0.63335,0.5918,hold,2,10,stable,0.3308,persistent,neutral,0.375,46.94694687544401
SGP.AX,Stockland,Real Estate,9994057728.0,11.416667,11.361124,0.95692664,6.13,1.216,55.805,0.08606,0.0465535704221383,0.24822001,0.306,0.176,647374976.0,15297475584.0,882000000.0,734000000.0,3131000000.0,5773000192.0,376000000.0,4.295,17743000000.0,3116000000.0,,2580000000.0,826000000.0,,0.3886937080804855,,2394075105.0,0.0178780773739742,0.3961191033790565,1.207751937984496,1.6984126984126984,0.2918897593417122,0.2772567409144197,0.1764639576170884,0.1752051582649472,2387171662.0,105000000.0,4.11,[],{},0.064775989254722,17.34407662585034,20.841247389645776,0.0479817729382558,0.0875912383185039,,0.048407307261096,0.95,19,20,0.5548611111111111,10.0,22.0,0.66,0.66,0.4545454545454545,0.0,1.0,0.4545454545454545,22.0,3,5,"cheapness,dividend,garp",0.7056549999999999,False,0.73335,0.5875,hold,2,10,stable,0.3256,persistent,neutral,0.625,55.59638662003886
GPT.AX,The GPT Group,Real Estate,9520419840.0,9.745098,13.514248,0.8958183,4.88,0.246,52.763,0.094610006,0.0579520079396023,0.94509006,-0.052,12.559,6214437376.0,15019919360.0,653800000.0,643800000.0,1031900000.0,5607699968.0,108200000.0,5.548,16927800000.0,271400000.0,,1104400000.0,981000000.0,,0.6563620505862972,,1915577430.0,-0.0128408552892551,0.6542935167391524,0.2457442955450923,0.6638683965064021,0.326457070617564,0.311334757962354,0.0609588960172024,0.0632573673367541,1915577430.0,227000000.0,4.97,[],{},0.6527482485478288,22.973263016212908,23.330101522211866,0.0428630796590375,0.1026156945779303,,0.0406865781058432,0.95,19,20,0.5892361111111111,8.0,22.0,0.6912227272727273,0.6912227272727273,0.3636363636363636,0.0,1.0,0.3636363636363636,22.0,3,5,"cheapness,dividend,garp",0.7448033333333333,False,0.63335,0.5833,hold,2,10,stable,0.3342,persistent,neutral,0.5,58.304507301011725
TUA.AX,Tuas Limited,Communication Services,1244859264.0,75.666664,35.232285,1.3753557,,6.815,0.093,0.019299999,0.0138410665125732,0.07125,0.256,1.375,40489724.0,767646336.0,76483000.0,10733000.0,151290000.0,759000.0,477972000.0,1.650482,498371999.9997,91460999.9999,,51440000.0,6898000.0,,0.6805010245224403,,467871871.0,-0.0085436346794964,0.6946055610131123,1.7780132192826594,2.624903715902149,0.0020827815366846,0.002911714472198,0.3035684187717028,0.2287650031462149,465754632.0,223000.0,2.27,[],{},0.0325255433854408,10.036823032569329,71.5220661511227,0.0139816989890511,0.0132158594965941,,0.024014838946433,0.9,18,20,0.5215686274509804,2.0,22.0,0.3408272727272727,0.3408272727272727,0.0909090909090909,0.0,1.0,0.0909090909090909,22.0,2,5,"garp,risk",0.3842983333333333,True,0.83335,0.5792,hold,2,10,stable,0.1981,persistent,neutral,0.625,38.05883942430917
BOQ.AX,Bank of Queensland Limited,Financial Services,4201347328.0,42.6,11.566657,0.71078974,6.26,,,0.0164,0.0027659161490683,0.05889,0.02,-0.19,,15967671296.0,,,1597000000.0,16714000384.0,4936999936.0,8.99,103040000000.0,,,,285000000.0,,,,658635735.0,0.0011770066064241,,,,0.1781541149068323,0.183404206849419,0.0154988354037267,0.0166489482876452,653999307.0,3482000000.0,6.39,[],{},,,,,0.0234741784037558,,,0.65,13,20,0.4915966386554622,2.0,22.0,0.3798227272727273,0.3798227272727273,0.0909090909090909,0.0,1.0,0.0909090909090909,22.0,2,5,"dividend,garp",0.4164983333333333,False,0.36665,0.5761,hold,2,3,stable,0.1215,building,neutral,0.375,58.155585201849675
ARG.AX,Argo Investments Limited,Financial Services,6749417472.0,25.628572,,1.0083184,4.12,2.006,0.031,0.04039,0.032364764518038,0.89619005,0.012,0.082,1839578624.0,6772349952.0,289652992.0,,283623000.0,2126000.0,36114000.0,8.896,8028237000.0,,,,259832000.0,,,,760996574.0,0.0342162589518377,,,,,,0.035328179773467,0.0372062353282515,761242265.0,269000.0,8.97,[],{},0.2725536880229299,23.380907979711115,,,0.0390189511924425,,,0.85,17,20,0.5565204644370751,4.0,22.0,0.47825,0.47825,0.1818181818181818,0.0,1.0,0.1818181818181818,22.0,3,5,"cheapness,dividend,garp",0.5118733333333333,False,0.53335,0.571,hold,2,10,stable,0.2875,persistent,neutral,0.5,50.07497305612434
DRR.AX,Deterra Royalties Limited,Basic Materials,2244895488.0,12.470588,15.35731,16.183205,5.85,13.291,112.652,1.49186,0.3099185069291006,0.65672994,0.081,0.362,151579872.0,2392302848.0,259747008.0,243796000.0,263433000.0,156347008.0,7167000.0,0.262,502374000.0,108566000.0,,3595000.0,155695000.0,,1.0,,528918273.0,1.5290737852192628,1.0,30.199165507649514,12.855391473948176,0.5880101279126706,0.0049065097636582,0.5243762615103489,2.3743657077418208,528665662.0,16809000.0,4.24,[],{},0.0675220173100548,9.210126678340796,9.812723949531575,0.1019085021797374,0.080188680758277,,0.488785614470537,0.95,19,20,0.5965786435786437,12.0,22.0,0.609459090909091,0.609459090909091,0.5454545454545454,0.0,1.0,0.5454545454545454,22.0,4,5,"cheapness,quality,dividend,garp",0.7054199999999999,False,0.63335,0.5682,hold,2,10,stable,0.4426,persistent,neutral,0.625,36.219776111593404
RGN.AX,Region Group,Real Estate,2711031552.0,8.74074,14.190367,0.9233177,5.97,0.552,56.555,0.10769,0.0462872203707334,0.80347,0.01,1.2,73725000.0,7298123264.0,,214200000.0,382000000.0,1668999936.0,30500000.0,2.556,4590900000.0,45900000.0,,139000000.0,212500000.0,,0.6405759162303665,,1160691772.0,0.0038006107339792,0.647512636339452,0.3302158273381295,1.0061349693251531,0.3397808708532096,0.3439003493046859,0.0832080855605654,0.0825809002833981,1161828648.0,66000000.0,2.36,[],{},0.0271944455775924,,34.07153718020542,0.0293500112633888,0.1144067893565075,,0.0481142882814079,0.9,18,20,0.5590277777777778,8.0,22.0,0.6403318181818182,0.6403318181818182,0.3636363636363636,0.0,1.0,0.3636363636363636,22.0,3,5,"cheapness,dividend,garp",0.7145916666666666,False,0.56665,0.5588,hold,2,10,stable,0.3018,persistent,neutral,0.5,56.98538310215379
OBM.AX,Ora Banda Mining Limited,Basic Materials,1937291392.0,8.375,9.33061,5.127551,,1.71,7.269,0.85402,0.1407939288395442,0.41783002,0.804,0.866,63871124.0,1868429312.0,254464992.0,6595000.0,214236000.0,28329000.0,155436000.0,0.196,195811000.0,56024000.0,,67142000.0,27569000.0,,0.2481188969174181,,1857093694.0,-0.3849710780935098,-0.0329609678558813,0.8344106520508773,1.1703429661687377,0.1587653400472905,0.277432188380635,1.0940958373125105,1.1855626030588298,1694943693.0,4091000.0,1.005,[],{},0.0329692911782679,7.342579021636108,283.30997907505684,0.0035297027067834,0.1194029850746268,,0.0512555471791962,0.9,18,20,0.5930905695611578,5.0,22.0,0.5273363636363636,0.5273363636363636,0.2272727272727272,0.0,1.0,0.2272727272727272,22.0,3,5,"cheapness,quality,garp",0.5445616666666666,False,0.63335,0.5497,hold,2,10,stable,0.3086,persistent,neutral,0.5,38.13674494697679
SNZ.AX,Summerset Group Holdings Limited,Healthcare,1635268992.0,7.6590905,21.741934,0.5848191,2.65,0.129,59.92,0.08281,0.0281238393177164,0.71972,0.124,-0.44,-74282728.0,3596831744.0,30292000.0,5918000.0,360861000.0,1994045056.0,26576000.0,11.524932,9234870000.0,107380000.0,,505266000.0,259720000.0,,0.8996317141503238,,242361023.0,0.0421321283420815,0.9039518409596656,0.2125217212319847,0.2917270702008717,0.2141998750388473,0.2140114946604304,0.0390759155245282,0.0395004665258121,236299000.0,31644000.0,6.74,[],{},-0.045425387727281,118.73866842730754,607.7782602230483,0.0016453369023647,0.1305638051933189,,0.0006779230764648,0.95,19,20,0.5704761904761905,6.0,22.0,0.4806045454545454,0.4806045454545454,0.2727272727272727,0.0,1.0,0.2727272727272727,22.0,3,5,"cheapness,dividend,garp",0.4719833333333333,False,0.36665,0.5446,hold,2,10,stable,0.3178,persistent,neutral,0.5,36.90617934566423
WTC.AX,WiseTech Global Limited,Technology,11330233344.0,48.157143,23.05957,4.3090014,0.63,1.384,132.945,0.09616999,0.06689,0.15182,0.764,-0.362,333049984.0,13300114432.0,427500000.0,,1069699968.0,2419599872.0,358400000.0,7.8231583,1889633783.612168,221173576.809192,,217029496.494242,,,,,333447000.0,0.0996388254787575,0.8401651147163294,1.0190945488142895,0.6358939028591105,0.0369283010859182,0.0962715428228135,0.5660885073483356,0.3949534417854697,331857000.0,,33.71,[],{},0.0293948036097922,31.11137878830409,,,0.0207653514661366,,,0.85,17,20,0.5499999999999999,0.0,22.0,0.2136545454545454,0.2136545454545454,0.0,0.0,0.5438,0.0,22.0,0,5,,0.23752,False,0.45,0.5438,hold,2,10,stable,0.0,persistent,neutral,0.5,45.970390097509075
LLC.AX,Lendlease Group,Real Estate,2051946880.0,,6.9652905,0.36589876,7.8,0.904,75.508,-0.026600001,0.0159201867968584,-0.02326,-0.373,,-811124992.0,5610540032.0,16000000.0,-209000000.0,7603000000.0,4201999872.0,646000000.0,8.117,14133000000.0,3727000000.0,,4550000000.0,225000000.0,,0.0531369196369854,,690000000.0,-0.0895540186024326,0.0841831199826426,0.8191208791208792,1.0692007797270957,0.2868463878865067,0.2489864059146196,0.5379608009622868,0.5496064870021464,690000000.0,282000000.0,2.97,[],{},-0.3952953168066417,350.658752,-26.84468914832536,-0.0372513160601221,,,-0.0218094542418866,0.9,18,20,0.4689814814814815,0.0,22.0,0.3414727272727273,0.3414727272727273,0.0,0.0,1.0,0.0,22.0,0,5,,0.31095,False,0.36665,0.5389,hold,2,10,stable,0.0,persistent,neutral,0.625,47.925785898204765
QAN.AX,Qantas Airways Limited,Industrials,15268180992.0,9.518868,9.282685,11.362613,3.92,0.32,610.897,1.53633,0.0687189587258092,0.065349996,0.063,0.027,-603500032.0,21656170496.0,4349000192.0,2041000000.0,23409000000.0,8240999936.0,1856000000.0,0.888,23356000000.0,4515000000.0,,12716000000.0,1605000000.0,,0.5451322141056858,,1513199279.0,0.0610289826881929,0.5301165803108808,0.3550644856873231,0.3388113079019073,0.3406405206370954,0.3205115736238086,1.002269224182223,1.0511573623808597,1568260396.0,262000000.0,10.09,[],{},-0.0395266490694741,4.979574509064542,10.610568591866732,0.0942456562381138,0.105054508582323,,0.1918233082706767,0.95,19,20,0.554245544691769,7.0,22.0,0.5120863636363636,0.5120863636363636,0.3181818181818182,0.0,1.0,0.3181818181818182,22.0,3,5,"cheapness,dividend,garp",0.515835,False,0.46665,0.5387,hold,2,10,stable,0.3115,persistent,neutral,0.5,46.6949160961609
NAB.AX,National Australia Bank Limited,Financial Services,121504382976.0,19.845,16.130014,2.0062678,4.28,,,0.09908,0.0055,0.29665002,,,,227498393600.0,,,20569999360.0,292010000384.0,186704003072.0,19.783,1080248000000.0,,,,,,,,3074038000.0,0.006571722896128,,,,0.1983729662077597,0.18675778952169,0.0190419231139516,0.0194810038495566,3120821000.0,,39.69,[],{},,,,,0.0503905265810027,,,0.6,12,20,0.5023594665138783,1.0,22.0,0.3444363636363636,0.3444363636363636,0.0454545454545454,0.0,1.0,0.0454545454545454,22.0,1,5,dividend,0.370755,False,0.55,0.5379,hold,2,10,stable,0.0624,persistent,neutral,0.375,58.87952272565366
ASK.AX,Abacus Storage King,Real Estate,1741186432.0,6.0227275,20.353304,0.73981017,0.0468,1.48,52.921,0.13003999,0.0799794022843984,1.16639,0.032,0.048,31613624.0,2913379584.0,124159000.0,121909000.0,246457000.0,1245379968.0,73187000.0,1.791,3613993000.0,167568000.0,,95677000.0,289045000.0,,0.7403603874103799,,1314103000.0,0.0427604227428027,0.758280188328359,1.751392706711122,2.594159208666981,0.3173719484238071,0.3079995655353152,0.0681952067975781,0.0682227145192589,1314103000.0,36216000.0,1.325,[],{},0.0181563693691819,23.46490857690542,23.89798607157798,0.0418445302045474,0.1660377295834819,,0.0346498154230603,0.95,19,20,0.6083333333333334,7.0,22.0,0.5282,0.5282,0.3181818181818182,0.0,1.0,0.3181818181818182,22.0,4,5,"cheapness,quality,dividend,garp",0.47295,False,0.56665,0.5375,hold,2,10,stable,0.4354,persistent,insufficient_data,0.0,
STO.AX,Santos Limited,Energy,25462540288.0,21.777777,10.584182,1.1258202,4.45,1.526,48.133,0.05243,0.0267933180478217,0.16562,-0.116,-0.359,745625024.0,31221721088.0,2908000000.0,1180000000.0,4951000000.0,7539999744.0,1722000000.0,6.9638124,30530000000.0001,2957000000.0,,1938000000.0,818000000.0,,0.6974348616441123,,3247772961.0,0.0413053015219517,0.6839378238341969,1.5257997936016512,1.3203481143804392,0.2469701932525377,0.2256943272702722,0.1621683589911557,0.1823642560658719,3247772961.0,319000000.0,7.84,[],{},0.0292832143048743,10.736492808803302,26.45908566779661,0.0377942009242254,0.0459183689868805,,0.0412702853945158,0.95,19,20,0.55,4.0,22.0,0.522159090909091,0.522159090909091,0.1818181818181818,0.0,1.0,0.1818181818181818,22.0,4,5,"cheapness,dividend,garp,risk",0.607555,True,0.83335,0.5361,hold,2,1,deteriorating,0.2579,new,neutral,0.625,62.02676239076675
TAH.AX,Tabcorp Holdings Limited,Consumer Cyclical,1994600576.0,87.0,22.279129,1.6539923,3.45,0.551,67.348,0.026010001,0.0116553085790713,0.01253,0.01,-0.182,209324992.0,2732866560.0,286900000.0,153400000.0,2614600000.0,853500032.0,218300000.0,0.526,3140200000.0,383600000.0,,727100000.0,36600000.0,,1.0,,2286248411.0,-0.3987623907560561,1.0,0.5275752991335442,0.8934893489348935,0.2746958792433603,0.5115842571411813,0.832622125979237,0.6859346589242771,2283648566.0,94800000.0,0.87,[],{},0.1049458194882221,9.525502126176368,17.81529700130378,0.0561315368431307,0.0114942528735632,,0.0635696821515892,0.95,19,20,0.4764705882352941,3.0,22.0,0.3810272727272727,0.3810272727272727,0.1363636363636363,0.0,1.0,0.1363636363636363,22.0,2,5,"cheapness,garp",0.4214633333333333,False,0.63335,0.5343,hold,2,10,stable,0.192,persistent,neutral,0.5,56.79737495743623
RHC.AX,Ramsay Health Care Limited,Healthcare,9930298368.0,34.142857,26.58181,2.0654888,1.98,0.901,207.48,0.051119998,0.001067829414251,0.01555,0.097,,753550016.0,22234101760.0,1659600000.0,870500000.0,17674100000.0,11874499584.0,469900000.0,20.828,22475500000.0,4040300000.0,,4465600000.0,24000000.0,,0.7734198629633192,,230800000.0,0.0425337417440413,0.7757635777345684,0.9047608384091724,0.926440686075162,0.539249404907566,0.523504355317316,0.7863718271006207,0.7925816023738872,229800000.0,335200000.0,43.02,[],{},0.0758839249410959,13.397265461557,25.541759632395173,0.0391515703848249,0.0292887030514171,,0.0483345271211944,0.95,19,20,0.5114880952380952,1.0,22.0,0.2585409090909091,0.2585409090909091,0.0454545454545454,0.0,0.7588,0.0454545454545454,22.0,1,5,cheapness,0.2430549999999999,False,0.53335,0.534,hold,2,10,stable,0.0993,persistent,wait,0.25,59.2188007486525
WGX.AX,Westgold Resources Limited,Basic Materials,4195052032.0,16.444445,5.3594284,1.9707057,0.68,1.725,7.575,0.12537,0.0904812723407206,0.1282,0.747,,351975936.0,3831419136.0,819121984.0,129444456.0,716472565.0,161267008.0,524553984.0,2.253,1052499899.0,324614228.0,,186200310.0,95231530.0,,0.2790069861223507,,473622730.0,0.0123005981138664,0.1143147132901016,1.7433602983797396,2.585595047452248,0.0518854700621686,0.033803573239028,0.6807340938281649,0.8046354216899672,473622730.0,4679953.0,4.44,[],{},0.0839026389458618,4.677470768505219,29.598943472712342,0.0337849896879567,0.0608108087563915,,0.1494222756695778,0.95,19,20,0.5387590187590188,7.0,22.0,0.5007318181818182,0.5007318181818182,0.3181818181818182,0.0,1.0,0.3181818181818182,22.0,4,5,"cheapness,quality,dividend,risk",0.4788483333333334,True,0.83335,0.531,hold,2,2,stable,0.3049,building,neutral,0.5,39.18735857293594
ASX.AX,ASX Limited,Financial Services,11165719552.0,21.241634,22.326242,2.8403835,3.56,1.131,12.328,0.13638,0.0286065545778455,0.44364,0.112,0.08,3248662528.0,6509362176.0,661699968.0,643400000.0,1128000000.0,481400000.0,5062900224.0,20.117,17569400000.0,14645200000.0,,13132100000.0,502600000.0,,1.0,,194299425.0,0.0280816036478844,1.0,1.115221480189764,1.122148761645623,0.0176955388345646,0.019796879163829,0.064202533951074,0.0622390667100938,193887876.0,494400000.0,57.14,[],{},0.2909496797649821,9.837331858538038,10.117131140814424,0.0988422494560548,0.0470773576081764,,0.1449980844207062,0.95,19,20,0.5306373568774295,8.0,22.0,0.58115,0.58115,0.3636363636363636,0.0,1.0,0.3636363636363636,22.0,5,5,"cheapness,quality,dividend,garp,risk",0.6274916666666666,True,0.73335,0.5297,hold,2,10,stable,0.5037,persistent,neutral,0.375,67.58282263577101
ORG.AX,Origin Energy Limited,Utilities,18088849408.0,17.796612,15.849056,1.8564357,5.71,1.176,48.495,0.101619996,0.0705131259231025,0.061950002,-0.09,-0.453,189250000.0,22065768448.0,1327000064.0,981000000.0,17118000000.0,4720999936.0,729000000.0,5.656,20989000000.0,5250000000.0,,4564000000.0,1480000000.0,,0.1916111695291506,,1715933982.0,0.0682995991004204,0.1969203805708562,1.1503067484662577,1.0776542324246772,0.2306922673781504,0.1651510706952185,0.815570060507885,0.7810697174146866,1717763208.0,154000000.0,10.5,[],{},0.0104622464221688,16.628310010390475,22.49313807135576,0.0444580030064131,0.0561904704108849,,0.0597260273972602,0.95,19,20,0.55,7.0,22.0,0.48915,0.48915,0.3181818181818182,0.0,1.0,0.3181818181818182,22.0,4,5,"cheapness,dividend,garp,risk",0.5751916666666667,True,0.66665,0.5286,hold,2,10,stable,0.4099,persistent,neutral,0.625,46.007777295269904
BXB.AX,Brambles Limited,Industrials,25912571904.0,19.999998,18.097052,5.3847733,3.34,0.667,85.338,0.28098,0.098529994,0.13701999,0.05,0.16,710537472.0,29091493888.0,2072899968.0,1002300000.0,6545400000.0,2913100032.0,167300000.0,3.6027515,,,,,779900000.0,,0.4940416170134751,,1366994040.0,0.0805511333050809,0.477504607688257,,0.6092273730684596,,0.3024819324025575,,0.6959947772903678,1392666186.0,104700000.0,19.4,[],{},0.0274205692369084,14.03420055820079,29.02473699291629,0.0344533699045768,0.0500000050000004,,,0.85,17,20,0.5532782053949101,4.0,22.0,0.4273272727272728,0.4273272727272728,0.1818181818181818,0.0,1.0,0.1818181818181818,22.0,3,5,"quality,dividend,garp",0.5278666666666666,False,0.53335,0.5241,hold,2,10,stable,0.2747,persistent,neutral,0.625,54.94557523452465
COH.AX,Cochlear Limited,Healthcare,7782471168.0,22.580645,23.03202,4.016742,3.61,2.456,12.497,0.18146,0.1376637168141593,0.14766,-0.004,-0.211,104075000.0,7839826432.0,562000000.0,406100000.0,2343100000.0,242200000.0,187100000.0,29.626,2825000000.0,1416800000.0,,602300000.0,388900000.0,,0.7374418505398831,,65397004.0,0.1299770500163928,0.7485686169261049,2.35231612153412,2.29944576405384,0.083433628318584,0.0887763651597391,0.8294159292035398,0.8143965611453134,65494161.0,11000000.0,119.0,[],{},0.0133730016794583,13.94986909608541,19.305162354099977,0.0517996161678289,0.0442857146020408,,0.1827057182705718,0.95,19,20,0.5214285714285714,6.0,22.0,0.5361409090909092,0.5361409090909092,0.2727272727272727,0.0,1.0,0.2727272727272727,22.0,5,5,"cheapness,quality,dividend,garp,risk",0.6106666666666667,True,0.66665,0.5188,hold,2,10,stable,0.4941,persistent,neutral,0.5,51.289606277309744
ANN.AX,Ansell Limited,Healthcare,4459242496.0,23.466667,14.543239,1.6020222,2.54,2.358,41.627,0.06964,0.0305803033951351,0.06736,0.007,0.623,114462496.0,5141788672.0,350800000.0,109100000.0,2003300000.0,833699968.0,250700000.0,19.775007,3322400000.0001,1110800000.0,,522000000.0001,101600000.0,,0.4118204961813008,,145207567.0,0.0235921791155253,0.3858457358117705,2.127969348658596,3.835380255077705,0.2424753190464651,0.2643557638931803,0.602967734168053,0.4993832110035311,145259747.0,41500000.0,31.68,[],{},0.0256685964270107,14.657322326111744,47.12913539871678,0.0212182971645863,0.042613635758329,,0.038958720182831,0.95,19,20,0.5191666666666667,4.0,22.0,0.487909090909091,0.487909090909091,0.1818181818181818,0.0,1.0,0.1818181818181818,22.0,3,5,"dividend,garp,risk",0.6141316666666666,True,0.83335,0.515,hold,2,10,stable,0.2947,persistent,wait,0.25,61.39932525000493
CEN.AX,Contact Energy Limited,Utilities,7756507648.0,21.081081,,2.086149,4.08,0.927,71.268,0.11121,0.048583590195215,0.11735,-0.053,0.168,363249984.0,10648507392.0,1037000000.0,709000000.0,3412000000.0,3164999936.0,273000000.0,3.738947,6813000000.0,1006000000.0,,905000000.0,331000000.0,,0.4062133645955451,,802811914.0,0.0378543814432989,0.3579725448785639,1.1116022099447511,0.7094668117519043,0.3594598561573462,0.3081507731958763,0.5008072801996184,0.4576353092783505,789117208.0,97000000.0,7.8,[],{},0.0468316413113655,10.268570291224687,15.019051328631877,0.0665821015002212,0.0474358976183431,,0.1200067704807041,0.95,19,20,0.55,5.0,22.0,0.4998272727272728,0.4998272727272728,0.2272727272727272,0.0,1.0,0.2272727272727272,22.0,4,5,"cheapness,dividend,garp,risk",0.5918983333333333,True,0.83335,0.5143,hold,2,1,deteriorating,0.2528,new,neutral,0.5,55.901047599160655
NWL.AX,Netwealth Group Limited,Technology,5634308096.0,99.82608,38.81985,37.639343,1.83,1.77,8.371,0.34567,0.452824909256251,0.15706,0.238,,189378256.0,5462810624.0,178119008.0,,312296000.0,12520000.0,183426000.0,0.61,257318000.0,,,,116520000.0,,,,245021517.0,0.439979734650581,,,,0.0524798109731927,0.0787129392145066,1.213657808625903,1.302196468340669,244034237.0,,22.96,[],{},0.0336116259127622,30.6694422192156,,,0.0100174223008656,,,0.85,17,20,0.525,2.0,22.0,0.3475545454545454,0.3475545454545454,0.0909090909090909,0.0,1.0,0.0909090909090909,22.0,1,5,quality,0.3926416666666666,False,0.73335,0.5125,hold,2,10,stable,0.0882,persistent,neutral,0.625,53.423166377190974
NST.AX,Northern Star Resources Limited,Basic Materials,27128291328.0,16.273506,11.27755,1.786284,2.63,1.742,11.771,0.12798001,0.0655674321176171,0.22236,0.19,0.135,287762496.0,28152836096.0,3752600064.0,1987300000.0,6414900000.0,1793900032.0,865000000.0,10.659,20432400000.0,2973400000.0,,1633900000.0,1339700000.0,,0.5660103820792218,,1428548599.0,0.0488119992660999,0.4714906933268308,1.8198176142970808,2.572704081632653,0.0837003974080382,0.1027689437954865,0.3139572443765783,0.3762155219864228,1149181616.0,117200000.0,19.04,[],{},0.0106074685102998,7.502221290800469,14.166374526241636,0.0705896909719287,0.0614495733125977,,0.1057158815862967,0.95,19,20,0.5085497835497836,6.0,22.0,0.5418772727272727,0.5418772727272727,0.2727272727272727,0.0,1.0,0.2727272727272727,22.0,5,5,"cheapness,quality,dividend,garp,risk",0.5791183333333334,True,0.66665,0.5063,hold,2,10,stable,0.4821,persistent,neutral,0.5,42.082633883394166
FBU.AX,Fletcher Building Limited,Basic Materials,3375177984.0,,20.915207,1.100847,,1.499,68.642,-0.06039,-0.0530514054190934,-0.04224,0.005,,-47625000.0,5824500224.0,551000000.0,7000000.0,6994000000.0,2512999936.0,62000000.0,2.8523493,7898000000.0,2400000000.0,,1756000000.0,-419000000.0,,0.2788104089219331,,1070593940.0,-0.0255803470813612,0.2814004945984641,1.366742596810934,1.5268199233716475,0.3379336540896429,0.3993689429794906,0.8855406432008104,0.8657876943881001,799265032.0,108000000.0,3.14,[],{},-0.0141103669867976,10.570780805807622,832.0714605714286,0.0012018198524838,,,0.0011396939107782,0.85,17,20,0.446127946127946,0.0,22.0,0.1969863636363636,0.1969863636363636,0.0,0.0,1.0,0.0,22.0,0,5,,0.1779683333333333,False,0.55,0.5025,hold,2,10,stable,0.0,persistent,wait,0.25,74.57861380022868
PRU.AX,Perseus Mining Limited,Basic Materials,6157890048.0,12.210526,8.2458105,2.0109754,2.16,5.226,0.101,0.18701,0.149512338385121,0.27936,0.046,-0.067,91185376.0,5821095936.0,674841024.0,565484000.0,1248082000.0,2502000.0,683097024.0,2.307338,2480510999.9999,984249999.9999,,214431000.0,370867000.0,,0.5931597443116718,,1356195842.0,0.1633010807811195,0.6095151194337293,4.590054609640863,4.642092086060569,0.0011102551046941,0.0016215241722925,0.5031551966510329,0.5165707684514099,1373791215.0,8691000.0,4.64,[],{},0.0148078928479107,8.625877397755831,10.294006436963734,0.0971439066143575,0.0818965538421522,,0.2495428228482776,0.95,19,20,0.5254992784992785,10.0,22.0,0.5722818181818181,0.5722818181818181,0.4545454545454545,0.0,1.0,0.4545454545454545,22.0,5,5,"cheapness,quality,dividend,garp,risk",0.5946633333333333,True,0.66665,0.498,hold,2,10,stable,0.4862,persistent,neutral,0.5,37.382807158907006
360.AX,"Life360, Inc.",Technology,6138150400.0,29.705881,26.4207,7.138315,,5.372,52.071,0.30646,0.1571677461841765,0.28211,0.381,-0.401,60412376.0,5992110080.0,24448000.0,18979000.0,489481000.0,311192992.0,457295008.0,3.5372493,959688000.0,606104000.0,,96790000.0,150832000.0,,0.778052672115976,,79359589.0,-0.0103152316681009,0.7514643968515468,6.262051864862072,3.11604903152396,0.3234238627553955,0.0008129897187372,0.5100418052533741,0.8412609266724036,75404996.0,,25.25,[],{},0.0098421140022896,245.09612565445028,315.72317192686654,0.0031673316655758,0.0336633678698167,,0.0219944883404527,0.9,18,20,0.5294117647058824,2.0,22.0,0.2754863636363636,0.2754863636363636,0.0909090909090909,0.0,1.0,0.0909090909090909,22.0,2,5,"quality,risk",0.3136,True,0.66665,0.4922,hold,2,10,stable,0.1839,persistent,neutral,0.5,52.83644231109427
NWS.AX,News Corporation,Communication Services,25207009280.0,40.789474,24.105328,2.069147,0.63,1.702,31.559,0.06524,0.076109391124871,0.1292,0.088,-0.104,1744000000.0,26905274368.0,1252000000.0,956000000.0,8452000000.0,2928999936.0,2176999936.0,22.473026,15504000000.0,4811000000.0,,2608000000.0,1180000000.0,,,,565385686.0,0.0159434188444018,,1.8447085889570551,1.4310965630114567,0.1896284829721362,0.1859865739630784,0.5451496388028896,0.494605610165428,569093921.0,,46.5,[],{},0.069187105087621,21.48983575718849,28.143592435146445,0.0355320665726801,0.0245161288424557,,0.0741315136476426,0.95,19,20,0.518888888888889,3.0,22.0,0.3943045454545455,0.3943045454545455,0.1363636363636363,0.0,1.0,0.1363636363636363,22.0,3,5,"cheapness,garp,risk",0.4200649999999999,True,0.83335,0.4839,hold,2,10,stable,0.2858,persistent,neutral,0.375,67.33509024702131
CWY.AX,Cleanaway Waste Management Limited,Industrials,5244430848.0,46.8,19.756838,1.7307692,2.8,0.931,79.543,0.04025,0.0238515095314827,0.02937,0.137,-0.492,109250000.0,7551578624.0,624899968.0,305300000.0,3788900000.0,2409900032.0,102300000.0,1.352,6578200000.0,769300000.0,,1040500000.0,156900000.0,,1.0,,2231991740.0,0.0245743428795606,1.0,0.7393560788082653,0.7768661196718031,0.2743911708370071,0.2717771675166732,0.575978231127056,0.5806826206355433,2229377942.0,96200000.0,2.34,[],{},0.0208316218034723,12.084459930713262,24.73494472322306,0.0404286328993136,0.0213675213675213,,0.0551311916499629,0.95,19,20,0.4487639553429027,1.0,22.0,0.3094181818181817,0.3094181818181817,0.0454545454545454,0.0,0.8,0.0454545454545454,22.0,1,5,garp,0.3871683333333333,False,0.73335,0.4795,hold,2,10,stable,0.0882,persistent,neutral,0.5,49.448757877464956
CYL.AX,Catalyst Metals Limited,Basic Materials,1419540864.0,13.268293,4.441977,2.439462,,2.194,2.823,0.26336,0.0691903512971355,0.29400998,0.505,0.133,-76888752.0,1202790400.0,208668000.0,39294000.0,317014000.0,16411000.0,231334000.0,2.23,340481000.0,76302000.0,,96571000.0,23558000.0,,1.0,,224582544.0,-0.049454224961401,1.0,0.7901129738741444,0.5568349958228065,0.0969363929264775,0.1072115857118853,0.9310769176547296,0.2027245952260932,219062544.0,5906000.0,5.44,[],{},-0.0541645217477867,5.764134414476585,30.61002697612868,0.0326690336071854,0.0753676452577584,,0.1611004058874175,0.9,18,20,0.4956879721585603,6.0,22.0,0.4538636363636363,0.4538636363636363,0.2727272727272727,0.0,1.0,0.2727272727272727,22.0,3,5,"cheapness,quality,garp",0.4201366666666667,False,0.56665,0.4786,hold,2,10,stable,0.2631,persistent,neutral,0.375,47.107842295144174
SEK.AX,SEEK Limited,Communication Services,5025901056.0,,21.382881,2.1030557,3.49,0.7,53.783,-0.03068,0.0514531528695834,-0.12274,0.206,,163600000.0,6164496896.0,263200000.0,261000000.0,1097000000.0,1281799936.0,129300000.0,6.676,4765500000.0,346000000.0,,494700000.0,245200000.0,,1.0,,356534607.0,-0.0212211075357015,0.9939120007379392,0.6994137861330099,0.8628251988819609,0.2638967579477494,0.2963383599385871,0.2301962018675899,0.2280059730372053,355627642.0,74600000.0,14.04,[],{},0.0325513769923289,23.42134079027356,23.61876205363985,0.0423392215785455,,,0.0611126720989041,0.9,18,20,0.4355555555555555,1.0,22.0,0.3561590909090908,0.3561590909090908,0.0454545454545454,0.0,1.0,0.0454545454545454,22.0,1,5,cheapness,0.3486816666666666,False,0.63335,0.4785,hold,2,10,stable,0.0823,persistent,neutral,0.5,59.87912042132547
CAR.AX,CAR Group Limited,Communication Services,9732879360.0,32.935898,21.578627,3.4473968,3.31,1.918,50.707,0.104270004,0.0563396728732764,0.24008,0.08,0.156,312085888.0,11028935680.0,571798976.0,448945000.0,1183856000.0,1466845952.0,232440992.0,7.452,4889787000.0,478371000.0,,268758000.0,275489000.0,,0.9524976010595884,,377858815.0,0.0535439803827152,0.940294377841933,1.7799321322528074,1.9709707690914628,0.2887798589181901,0.2866438215320606,0.2421078873169731,0.2353465840254846,377162127.0,86357000.0,25.69,[],{},0.0320651141822022,19.28813471677152,24.56634037576986,0.0407061037461776,0.0303620080436246,,0.0971526038897397,0.95,19,20,0.4944444444444444,4.0,22.0,0.4224727272727273,0.4224727272727273,0.1818181818181818,0.0,1.0,0.1818181818181818,22.0,4,5,"cheapness,dividend,garp,risk",0.5227933333333333,True,0.83335,0.4761,hold,2,10,stable,0.3688,persistent,neutral,0.375,46.80631559160959
VCX.AX,Vicinity Centres,Real Estate,12296891392.0,9.137932,16.821127,1.0379946,4.68,0.5,41.454,0.116569996,0.0614716230686859,0.94928,0.012,0.626,607075008.0,17002307584.0,854899968.0,766100000.0,1321900000.0,4868800000.0,55700000.0,2.553,16342500000.0,290300000.0,,1415300000.0,1004600000.0,,0.7148800968303199,,4562900000.0,0.034789962990754,0.7131794716064379,0.2051155232106267,0.4652737247577915,0.2969925042068227,0.2939373513589133,0.0808872571515986,0.0837604446196695,4552300000.0,204100000.0,2.65,[],{},0.0493681686409742,19.888066698348503,22.19332669886438,0.045058589618796,0.1094339507013184,,0.0513224181360201,0.95,19,20,0.4951388888888889,9.0,22.0,0.6726590909090909,0.6726590909090909,0.4090909090909091,0.0,1.0,0.4090909090909091,22.0,3,5,"cheapness,dividend,garp",0.7317216666666667,False,0.63335,0.4667,hold,2,10,stable,0.2741,persistent,neutral,0.5,57.297105216540515
L1G.AX,L1 Group Limited,Financial Services,2746210304.0,8.916667,20.18868,3.7152781,1.87,3.903,1.891,,0.0251251042535446,0.56128,9.558,1.243,,2689819904.0,,28166000.0,135931000.0,18136000.0,249527008.0,0.288,249392000.0,,,,6266000.0,,,,556215023.0,0.1303699809651451,,,,0.0426597485083723,0.0356636347618621,0.5450495605312119,0.5347321111358234,560452883.0,614000.0,1.07,[],{},,,95.4988249662714,0.0104713330279527,0.1121495285177746,,,0.75,15,20,0.4833908942364825,5.0,22.0,0.5542590909090909,0.5542590909090909,0.2272727272727272,0.0,1.0,0.2272727272727272,22.0,3,5,"cheapness,dividend,garp",0.6280133333333333,False,0.56665,0.453,hold,2,10,stable,0.2107,persistent,neutral,0.5,37.840917417435854
A2M.AX,The a2 Milk Company Limited,Consumer Defensive,5114254848.0,28.2,26.226799,4.4088483,2.39,2.96,1.382,0.14722,0.1044682821939631,0.059359998,0.188,-0.881,157610624.0,4236524544.0,284084000.0,219043000.0,1899273000.0,19148000.0,896878016.0,1.5990571,1942111000.0,1451001000.0,,450080000.0,202889000.0,,0.4607842053248795,,724019118.0,0.0965931263059298,0.4581476499157664,3.223873533594028,3.090271945946724,0.0518693318764993,0.0381698969666402,0.9779425583810606,0.9645207868002016,722934808.0,2475000.0,7.05,[],{},0.0308179057720668,14.91292907731516,19.34106337111892,0.0517034653582311,0.0354609929078014,,0.1468086118854099,0.95,19,20,0.4666666666666668,4.0,22.0,0.4553863636363636,0.4553863636363636,0.1818181818181818,0.0,1.0,0.1818181818181818,22.0,4,5,"cheapness,quality,garp,risk",0.5142483333333334,True,0.83335,0.4524,hold,2,10,stable,0.3492,persistent,neutral,0.5,59.9557512447053
GMD.AX,Genesis Minerals Limited,Basic Materials,6305651712.0,15.771429,8.712947,4.1660376,,2.478,6.659,0.30738002,0.1230153477180878,0.28494,1.422,2.979,254255744.0,6065420800.0,713702016.0,317226000.0,920141000.0,100759000.0,340990016.0,1.325,1797922000.0,401630000.0,,197552000.0,221172000.0,,0.5477877846982148,,1130347900.0,0.0694739906768081,0.3766521581511788,2.0330343403255853,2.138384405354238,0.1117328782894919,0.0373878851440992,0.5117802663296851,0.3627649649139639,1121933336.0,10461000.0,5.52,[],{},0.0403218819580753,8.498533931561711,19.120188130859383,0.0523007406180293,0.0634057953784657,,0.1982204115298337,0.9,18,20,0.4937441643323995,6.0,22.0,0.5269863636363638,0.5269863636363638,0.2727272727272727,0.0,1.0,0.2727272727272727,22.0,4,5,"cheapness,quality,garp,risk",0.5851233333333333,True,0.83335,0.4486,hold,2,10,stable,0.3392,persistent,neutral,0.5,46.180579214574976
LNW.AX,"Light & Wonder, Inc.",Consumer Cyclical,8579552256.0,25.99537,8.707303,19.828678,,1.783,1667.524,0.52846,0.042711234911792,0.07387,0.021,-0.298,460624992.0,13872715776.0,1235000064.0,902000000.0,3314000000.0,5185999872.0,147000000.0,5.663514,6462000000.0,1283000000.0,,803000000.0,276000000.0,,0.7329511164755582,,77000000.0,0.0619811842833425,0.7079673776662484,1.597758405977584,1.6095238095238096,0.8062519343856391,0.7225604132078952,0.5128443206437635,0.5880833794502859,86307886.0,314000000.0,112.3,[],{},0.053688698227564,11.23296765756281,15.379950971175166,0.0650197131235452,0.0384683887938505,,0.1593921187488955,0.9,18,20,0.4809688581314878,2.0,22.0,0.2669545454545454,0.2669545454545454,0.0909090909090909,0.0,0.784,0.0909090909090909,22.0,1,5,cheapness,0.2512183333333333,False,0.53335,0.4485,hold,2,1,improving,0.0523,new,neutral,0.625,49.00456202616013
RIO.AX,Rio Tinto Group,Basic Materials,256866516992.0,17.887882,12.426365,2.8542485,3.73,1.445,35.432,0.16399999,0.077797380212643,0.17291,0.146,-0.056,3495749888.0,275800915968.0,20284999680.0,15448000000.0,57638000000.0,23747999744.0,9420000256.0,55.33856,128102000000.0,21569000000.0,,14930000000.0,9966000000.0,,0.5742912661785627,,1624893368.0,0.1123888467300994,0.5643147340564315,1.444675150703282,1.6282040364472452,0.1835802719707732,0.1347946218356585,0.4499383303929681,0.5220360749518417,1623557093.0,1829000000.0,157.95,[],{},0.0136092081168713,13.5962987586303,17.853503105126876,0.0560114165893211,0.0559037677015087,,0.1365001943943731,0.95,19,20,0.4509292929292929,7.0,22.0,0.5132954545454546,0.5132954545454546,0.3181818181818182,0.0,1.0,0.3181818181818182,22.0,5,5,"cheapness,quality,dividend,garp,risk",0.5847683333333333,True,0.66665,0.4434,hold,2,10,stable,0.4248,persistent,neutral,0.5,31.471836829067115
NIC.AX,Nickel Industries Limited,Basic Materials,3755774720.0,,6.0464144,2.3260086,3.94,3.519,9.001,0.35366002,-0.0133808154759311,0.42326,28.118,,-73174608.0,1750463744.0,113436704.0,116230625.0,1649099517.0,65000000.0,49820012.0,0.3718817,4264418345.9999,1155556040.0001,,625176251.9999,-57061395.0,,0.1703732061671569,,4340935875.0,-0.0432696079195168,0.1803742698484453,1.8483684181917464,2.0956877436585333,0.2875217477549114,0.2706609915286463,0.3867114769700971,0.4477262772066512,4289809880.0,140532001.0,0.865,[],{},-0.0194832260865742,15.43119362847496,15.060262680339196,0.0663999042530297,,,0.031938140414354,0.9,18,20,0.4855084175084175,3.0,22.0,0.4420136363636364,0.4420136363636364,0.1363636363636363,0.0,1.0,0.1363636363636363,22.0,3,5,"cheapness,quality,risk",0.4223083333333333,True,0.65,0.4367,hold,2,10,stable,0.249,persistent,neutral,0.625,39.39205392857613
NHF.AX,nib holdings limited,Financial Services,3637511168.0,18.6,15.859482,3.2545931,3.49,2.562,25.388,0.17875999,0.091349670811997,0.053579997,0.057,-0.001,35001296.0,2651899904.0,306700000.0,277800000.0,3589200000.0,282900000.0,1258000000.0,2.286,2187200000.0,,,,199800000.0,,,,487017024.0,0.0877707367823701,,,,0.1418251645940014,0.1450865411898231,1.6410021945866862,1.6089094864276932,485077866.0,18600000.0,7.44,[],{},0.0096223198729709,8.646559843495272,9.546075968322532,0.1047550850546733,0.053763440860215,,,0.9,18,20,0.4442746829072798,5.0,22.0,0.471490909090909,0.471490909090909,0.2272727272727272,0.0,0.9467,0.2272727272727272,22.0,4,5,"cheapness,quality,dividend,garp",0.5461583333333333,False,0.56665,0.4336,hold,2,10,stable,0.316,persistent,neutral,0.5,76.79665334012805
BSL.AX,BlueScope Steel Limited,Basic Materials,14119235584.0,56.54386,13.706203,1.3090982,2.95,2.135,9.453,0.03433,0.0053101831316139,0.01779,0.04,1.187,48062500.0,14750144512.0,1531900032.0,110400000.0,16252800000.0,1079100032.0,1076999936.0,24.62,15781000000.0,5923800000.0,,3029400000.0,83800000.0,,0.3695363260484347,,438555139.0,0.0513904834800357,0.3898609004432843,1.9554367201426024,1.9742551813471505,0.0561434636588302,0.0460199004975124,1.0298967112350297,1.084921546115576,439089448.0,31600000.0,32.23,[],{},0.0034040440584803,9.62865996728434,133.60638144927535,0.0074846724322045,0.017685386176324,,0.0086577370682894,0.95,19,20,0.4001673881673881,4.0,22.0,0.3764409090909091,0.3764409090909091,0.1818181818181818,0.0,1.0,0.1818181818181818,22.0,3,5,"dividend,garp,risk",0.4807349999999999,True,0.66665,0.4214,hold,2,10,stable,0.2341,persistent,neutral,0.5,51.15495371409238
CIP.AX,Centuria Industrial REIT,Real Estate,1898139776.0,13.818182,16.146166,0.76942545,5.53,0.162,58.471,0.05649,0.0338713783149459,0.56736,0.062,0.111,14277125.0,3319660544.0,,147878000.0,233316000.0,1442473984.0,20953000.0,3.951,3928420000.0,79187000.0,,367094000.0,133061000.0,,0.9013226696840336,,634931000.0,0.0123986106057574,0.8955802953704792,0.2157131415931614,1.7139670668503575,0.3459920273290534,0.3437378248394005,0.0593918165572927,0.0569462115728434,634931000.0,58967000.0,3.04,[],{},0.0075216404927178,,22.448643773921745,0.044546120918079,0.0723684201004155,,0.0415232977829044,0.9,18,20,0.3900462962962963,4.0,22.0,0.5461136363636364,0.5461136363636364,0.1818181818181818,0.0,1.0,0.1818181818181818,22.0,3,5,"cheapness,dividend,garp",0.5969783333333333,False,0.56665,0.4167,hold,2,10,stable,0.2178,persistent,neutral,0.375,56.204774873523654
SUN.AX,Suncorp Group Limited,Financial Services,20299982848.0,23.072289,16.340147,2.0446293,1.78,0.237,22.54,0.08399,0.0604362816602572,0.06539,0.017,-0.754,2327682048.0,21771358208.0,1532999936.0,2768000000.0,15425000000.0,2280999936.0,1142000000.0,9.366,30164000000.0,,,,1823000000.0,,,,1082967555.0,0.0107152448303643,,,,0.0838085134597533,0.0226031689195237,0.511371170932237,0.1192999731447498,1082868225.0,514000000.0,19.15,[],{},0.1146642371783741,14.201799815339326,7.865375075144509,0.127139518515794,0.0433420368477527,,,0.9,18,20,0.4235814128803175,5.0,22.0,0.4594681818181819,0.4594681818181819,0.2272727272727272,0.0,1.0,0.2272727272727272,22.0,3,5,"cheapness,dividend,garp",0.50166,False,0.73335,0.4142,hold,2,10,stable,0.2262,persistent,neutral,0.5,60.528290418633446
NHC.AX,New Hope Corporation Limited,Energy,4539499008.0,29.888887,12.919648,1.7439222,3.72,2.096,14.715,0.05836,0.12415892219965,0.096370004,-0.201,-0.832,44258752.0,4299397632.0,445684992.0,369189000.0,1750704000.0,382582016.0,616780032.0,3.085,3538763000.0,1022814000.0,,492213000.0,439369000.0,,0.5657998153885523,,842800780.0,0.1371905029477557,0.486517856384199,2.077990626009472,2.0546068311411534,0.1053611106479863,0.1074993131177075,0.4947220257474151,0.5089516691455934,845335464.0,28427000.0,5.38,[],{},0.0097496996743478,9.6467184427875,11.645519319373005,0.0858699361166694,0.0334572511850307,,0.1211826492261738,0.95,19,20,0.4354166666666667,4.0,22.0,0.4546818181818181,0.4546818181818181,0.1818181818181818,0.0,1.0,0.1818181818181818,22.0,3,5,"cheapness,garp,risk",0.5078116666666667,True,0.66665,0.4118,hold,2,10,stable,0.2415,persistent,neutral,0.625,51.05319622161084
RDX.AX,Redox Limited,Basic Materials,1969055360.0,24.999998,19.814013,3.5714288,3.47,3.992,8.308,0.1481,0.105298450999298,0.06276,0.066,0.088,92415376.0,1869271296.0,120517000.0,101695000.0,1243797000.0,45796000.0,145580000.0,1.05,732214000.0,651020000.0,,156055000.0,77101000.0,,0.2159765620917239,,525081428.0,0.1284714016019772,0.2338155747506436,4.171734324436898,4.569058302232286,0.0682764874749731,0.0669749509526155,1.6986796209851218,1.619244228923862,525081428.0,1291000.0,3.75,[],{},0.0469338637589143,15.510436668685744,18.38115242637297,0.0544035529875273,0.0400000032000002,,0.1765050966833808,0.95,19,20,0.4258441558441559,5.0,22.0,0.5218454545454545,0.5218454545454545,0.2272727272727272,0.0,1.0,0.2272727272727272,22.0,5,5,"cheapness,quality,dividend,garp,risk",0.6014283333333333,True,0.83335,0.4102,hold,2,10,stable,0.3971,persistent,neutral,0.5,54.599310176684426
AUB.AX,AUB Group Limited,Financial Services,3826460928.0,18.192547,14.665385,2.4736087,3.18,1.14,65.171,0.124110006,0.0380395985344017,0.15651,0.063,0.338,96985624.0,5047472128.0,388902016.0,173661000.0,1034061000.0,1189724032.0,239516000.0,11.841,4733357000.0,1675284000.0,,1484638000.0,180055000.0,,1.0,,116587434.0,0.0338512070136445,1.0,1.1284124480176312,1.1742027998796127,0.2024064527564686,0.1789694387849602,0.2184624992367995,0.2315085509662283,115678348.0,85594000.0,29.29,[],{},0.0253460379773672,12.978775939284407,29.06508731378951,0.0344055391681402,0.0549675644647228,,0.053455223428065,0.95,19,20,0.4253910376819751,6.0,22.0,0.4479136363636363,0.4479136363636363,0.2727272727272727,0.0,1.0,0.2727272727272727,22.0,5,5,"cheapness,quality,dividend,garp,risk",0.554145,True,0.56665,0.4102,hold,2,10,stable,0.3969,persistent,neutral,0.5,67.68687731795073
CDA.AX,Codan Limited,Technology,7544188416.0,58.422535,38.024,13.49821,0.94,1.781,27.032,0.24353,0.114381551826084,0.16877002,0.288,0.542,82454624.0,7659979776.0,189727504.0,108830000.0,674226000.0,150808992.0,21777000.0,3.073,904805000.0,322766000.0,,194036000.0,103493000.0,,0.5617626730502828,,181570842.0,0.105874639493906,0.554491796845905,1.663433589643159,1.666051055012516,0.1776471173346743,0.1834837799901393,0.7451616646680777,0.7160805556314401,181316113.0,11098000.0,41.48,[],{},0.0109295552355409,40.37358640421476,70.38481830377653,0.0142076093126228,0.0171166828005665,,0.1531158505787393,0.95,19,20,0.4125,5.0,22.0,0.4208227272727272,0.4208227272727272,0.2272727272727272,0.0,1.0,0.2272727272727272,22.0,5,5,"cheapness,quality,dividend,garp,risk",0.5056333333333333,True,0.83335,0.4,hold,2,10,stable,0.3859,persistent,neutral,0.5,42.18904640781986
IAG.AX,Insurance Australia Group Limited,Financial Services,19685564416.0,18.304348,17.534725,2.724919,3.68,16.096,41.707,0.15743,0.0516553270743851,0.05948,0.103,-0.327,-396624992.0,22293460992.0,1994000000.0,3007000000.0,14902000000.0,3259000064.0,1374000000.0,3.09,26309000000.0,,,,1359000000.0,,,,2365000000.0,0.0350548463910684,,,,0.1123949979094606,0.1146504274505211,0.5664221369113231,0.5337471210524262,2370000000.0,794000000.0,8.42,[],{},-0.0201480121991133,11.18027130992979,7.413854669770536,0.1348826008253748,0.054631828459555,,,0.9,18,20,0.4051078683761834,6.0,22.0,0.4689954545454546,0.4689954545454546,0.2727272727272727,0.0,0.9454,0.2727272727272727,22.0,4,5,"cheapness,quality,dividend,garp",0.5410516666666666,False,0.56665,0.391,hold,2,10,stable,0.2866,persistent,neutral,0.625,63.25591289333657
BHP.AX,BHP Group Limited,Basic Materials,292342923264.0,19.705479,15.773674,4.0425777,3.4,1.649,52.639,0.24712999,0.0829028403345895,0.18972999,0.108,0.275,8137124864.0,312875581440.0,26292000768.0,19078000000.0,51262000000.0,29195999232.0,13509000192.0,14.233493,108790000000.0,22830000000.0,,15639000000.0,9019000000.0,,0.7165346650540362,,5075290713.0,0.0771477696801547,0.7284667073915699,1.4598120084404371,1.7024342473419138,0.2251677543891901,0.2023993278755788,0.4712013971872414,0.5437369336277134,5070273143.0,1874000000.0,57.54,[],{},0.0278341776607733,11.900029373983624,16.399810328126637,0.0609763149690177,0.0507473073859305,,0.2048072484460714,0.95,19,20,0.415998556998557,8.0,22.0,0.53375,0.53375,0.3636363636363636,0.0,1.0,0.3636363636363636,22.0,5,5,"cheapness,quality,dividend,garp,risk",0.6536850000000001,True,0.83335,0.3902,hold,2,10,stable,0.3829,persistent,neutral,0.5,42.32344800583346
APA.AX,APA Group,Utilities,13475789824.0,84.833336,43.96269,4.829222,5.7,0.989,477.056,0.06848,0.0049656417715804,0.050669998,-0.004,3.426,204500000.0,26442543104.0,1960000000.0,1038000000.0,3182000000.0,13223999488.0,170000000.0,2.108,19937000000.0,1414000000.0,,904000000.0,99000000.0,,1.0,,1304487508.0,0.0499923324643459,1.0,1.5641592920353982,0.4842877094972067,0.7031649696544114,0.6641108214486531,0.1596027486582735,0.1548842202116239,1283352928.0,702000000.0,10.18,[],{},0.0151753628299983,13.491093420408165,25.47451166088632,0.0392549232468862,0.0117878188828976,,0.0545368570377764,0.95,19,20,0.3857142857142858,4.0,22.0,0.3340227272727273,0.3340227272727273,0.1818181818181818,0.0,0.907,0.1818181818181818,22.0,2,5,"dividend,garp",0.47426,False,0.43335,0.3857,hold,2,10,stable,0.1466,persistent,neutral,0.625,55.43304820610144
BWP.AX,BWP Trust,Real Estate,2864955392.0,10.648648,20.125658,0.94371253,4.92,0.684,32.366,0.11333,0.0708975942918222,1.6222501,0.03,0.422,-6959375.0,3785546752.0,,167406000.0,202698000.0,980494976.0,54421000.0,4.175,3745924000.0,63624000.0,,249945000.0,265577000.0,,0.8313254200830793,,715887282.0,0.0502525285619521,0.8338284227372688,0.2545520014403168,0.4801545093209427,0.2157446333668275,0.2151502079983225,0.0541116157188453,0.0484356278721934,715887282.0,35035000.0,3.94,[],{},-0.0024291390432929,,22.61296937983107,0.0442224098570583,0.0939086351619473,,0.0478852990821741,0.9,18,20,0.4097222222222222,9.0,22.0,0.6420772727272728,0.6420772727272728,0.4090909090909091,0.0,1.0,0.4090909090909091,22.0,3,5,"cheapness,dividend,garp",0.6963,False,0.56665,0.3824,hold,2,10,stable,0.2139,persistent,neutral,0.625,65.46931287386735
TNE.AX,Technology One Limited,Technology,9565708288.0,67.95348,48.19476,22.305344,0.96,1.123,11.55,0.3353,0.1544140578549296,0.22410999,0.115,0.063,151969376.0,9353162752.0,190018000.0,173531000.0,598502000.0,49448000.0,245460000.0,1.31,891402000.0,445904000.0,,392036000.0,137645000.0,,0.8630915184911663,,327368541.0,0.1558064005069708,0.8792622834309901,1.1374057484516729,1.261185429355672,0.0598843170645791,0.0787745564005069,0.671416487735051,0.6687473595268272,326076272.0,3511000.0,29.22,[],{},0.0158868921594277,49.22250919386585,53.89908864698526,0.0185531893971259,0.0147159497938884,,0.3475026333390739,0.95,19,20,0.4125,5.0,22.0,0.4052681818181818,0.4052681818181818,0.2272727272727272,0.0,1.0,0.2272727272727272,22.0,5,5,"cheapness,quality,dividend,garp,risk",0.4705366666666666,True,0.83335,0.3812,hold,2,10,stable,0.377,persistent,neutral,0.5,42.973085899876054
S32.AX,South32 Limited,Basic Materials,18283821056.0,31.384617,10.369405,1.3892221,2.31,2.713,18.248,0.04242,0.0155168645734683,0.05367,-0.026,0.292,-141124992.0,18360279040.0,1192999936.0,943000000.0,5780000000.0,1688999936.0,1664000000.0,2.9368954,13727000000.0,3799000000.0,,1566000000.0,213000000.0,,0.436159169550173,,4493915616.0,-0.0142506142506142,0.3369896404631322,2.425925925925926,2.385574837310195,0.1190354775260435,0.1099333099333099,0.4210679682377795,0.3455949455949456,4513571104.0,207000000.0,4.08,[],{},-0.0077185721500861,15.39000840315217,19.47007321314952,0.0513608751776356,0.031862743458045,,0.0775429652166762,0.95,19,20,0.3712539682539682,4.0,22.0,0.4226772727272727,0.4226772727272727,0.1818181818181818,0.0,1.0,0.1818181818181818,22.0,4,5,"cheapness,dividend,garp,risk",0.4683883333333333,True,0.66665,0.3734,hold,2,10,stable,0.283,persistent,neutral,0.625,48.816134832054175
EMR.AX,Emerald Resources NL,Basic Materials,3297595136.0,33.199997,9.396227,4.523161,,2.829,3.81,0.14829999,0.1158668355997344,0.222,0.071,0.222,153618496.0,3017946624.0,219612000.0,161958000.0,430414000.0,27712000.0,299352992.0,1.101,756118000.0,246397000.0,,68132000.0,87609000.0,,0.5683946154167848,,657590123.0,0.1132713476001583,0.6567842683000126,3.616465097164328,1.6987802633560325,0.0290047320656299,,0.569241837914188,0.513793790758848,656112660.0,13113000.0,4.98,[],{},0.0465850080632821,13.742175400251352,18.634131219204978,0.0536649650169558,0.0301204846494413,,0.2354088600640129,0.9,18,20,0.3352941176470588,4.0,22.0,0.3915636363636363,0.3915636363636363,0.1818181818181818,0.0,1.0,0.1818181818181818,22.0,3,5,"cheapness,quality,risk",0.3970933333333333,True,0.83335,0.3033,hold,2,10,stable,0.1724,persistent,neutral,0.5,36.10711618934899
REA.AX,REA Group Limited,Communication Services,21098526720.0,37.14977,29.165958,10.35251,1.54,2.833,4.301,0.28366,0.2393292144748455,0.29277,0.061,-0.238,479575008.0,20938536960.0,862800000.0,796200000.0,1928500000.0,90100000.0,478400000.0,15.574,2832500000.0,946200000.0,,442900000.0,677900000.0,,0.9654135338345864,,132117217.0,0.1140489642184557,1.0,2.136373899300068,1.5339335180055402,0.0249602824360105,0.1059133709981167,0.6808473080317741,0.640225988700565,132117217.0,10700000.0,161.23,[],{},0.0227302604757418,24.26812350486788,26.298087113790505,0.0380255794146946,0.0269180670566735,,0.3331938399732173,0.95,19,20,0.3633333333333333,4.0,22.0,0.4523636363636363,0.4523636363636363,0.1818181818181818,0.0,1.0,0.1818181818181818,22.0,4,5,"cheapness,quality,garp,risk",0.5220566666666666,True,0.83335,0.2839,hold,2,10,stable,0.2459,persistent,neutral,0.5,72.01837232119684
ALL.AX,Aristocrat Leisure Limited,Consumer Cyclical,37485662208.0,26.282701,21.606716,6.085385,1.59,1.6,30.653,0.22027001,0.157834977146981,0.23455,-0.002,-0.151,913612480.0,38816022528.0,2306700032.0,1382100000.0,6297000000.0,1892099968.0,641100032.0,10.236,10392500000.0,2961700000.0,,1798700000.0,1640300000.0,,0.6094330633635064,,616871882.0,0.126501931401285,0.5860136895026955,1.646578084171902,1.5373209986060068,0.1953524176088525,0.2336801444183473,0.6059177291315853,0.6409146495331638,629381749.0,163700000.0,62.29,[],{},0.02437231800603,16.82751202562952,28.08481479487736,0.0356064302828302,0.0380478399080825,,0.160825246107659,0.95,19,20,0.3276470588235294,4.0,22.0,0.4322636363636363,0.4322636363636363,0.1818181818181818,0.0,1.0,0.1818181818181818,22.0,4,5,"cheapness,quality,garp,risk",0.4959866666666667,True,0.66665,0.281,hold,2,10,stable,0.2313,persistent,wait,0.25,69.4080654602117
FPH.AX,Fisher & Paykel Healthcare Corporation Limited,Healthcare,19509741568.0,51.107697,36.564808,11.009923,1.31,2.315,6.906,0.23391001,0.1641785814409868,0.20295,0.14,0.143,399412512.0,19183040512.0,759400000.0,477800000.0,2308400000.0,146100000.0,461100000.0,3.0172782,2853600000.0,1152200000.0,,497800000.0,468500000.0,,0.6368480332697972,,587276425.0,0.1478751764152422,0.4141216902288526,2.314584170349538,1.869304556354916,0.0511984861227922,0.060098792535675,0.8089430894308943,0.50192096597146,583544510.0,10300000.0,33.22,[],{},0.0204724655428095,25.26078550434553,40.1486825282545,0.0249074175546421,0.0195665243925978,,0.2028185754308515,0.95,19,20,0.3294047619047619,6.0,22.0,0.4516727272727273,0.4516727272727273,0.2727272727272727,0.0,1.0,0.2727272727272727,22.0,5,5,"cheapness,quality,dividend,garp,risk",0.5294983333333334,True,0.83335,0.2779,hold,2,10,stable,0.2885,persistent,wait,0.25,63.79106818815518
CMM.AX,Capricorn Metals Ltd,Basic Materials,5362688512.0,21.74074,12.908191,4.2367377,0.85,3.536,1.987,0.25784,0.144625705593462,0.35852,0.628,1.574,40527500.0,4938776576.0,354856992.0,158628000.0,359727000.0,25106000.0,441740000.0,2.771,602507000.0,147784000.0,,163273000.0,87138000.0,,0.5636913548329705,,377528031.0,0.0081572481572481,0.543475075370931,0.9051343455439662,2.951390752168858,0.2236787290438119,0.170247091001808,0.5970503247265176,0.594774465717862,375958175.0,16894000.0,11.74,[],{},0.0075573100897641,13.917653272561134,31.13433048389944,0.0321188856306748,0.0459965944121497,,0.3611469057495549,0.95,19,20,0.2985728715728716,6.0,22.0,0.5143090909090909,0.5143090909090909,0.2727272727272727,0.0,1.0,0.2727272727272727,22.0,4,5,"cheapness,quality,dividend,garp",0.623475,False,0.56665,0.2409,hold,2,10,stable,0.205,persistent,neutral,0.5,37.51712169690418
SCG.AX,Scentre Group,Real Estate,20682989568.0,11.6470585,15.901699,1.0936205,4.47,0.534,79.158,0.09635,0.0502443709918919,0.66238,0.008,0.538,-360087488.0,35317981184.0,,1803200000.0,2685000000.0,15100499968.0,629400000.0,3.621,35397000000.0,1898600000.0,,3557700000.0,1778500000.0,,0.7124767225325884,,5216030231.0,0.0288764375641247,0.6981153539873346,0.5336593866824072,0.3445992550696647,0.4245755289996327,0.4614068529964324,0.0758538859225358,0.0725376771769417,5195547551.0,633400000.0,3.96,[],{},-0.0174098375293441,,19.586280603371783,0.0510561458936644,0.0858585882435466,,0.0566344109324011,0.9,18,20,0.2719907407407407,9.0,22.0,0.5817363636363637,0.5817363636363637,0.4090909090909091,0.0,1.0,0.4090909090909091,22.0,4,5,"cheapness,quality,dividend,garp",0.6660133333333333,False,0.56665,0.2402,hold,2,10,stable,0.1844,persistent,neutral,0.5,62.24696580224116
CHC.AX,Charter Hall Group,Real Estate,10587288576.0,19.991072,19.449438,3.7075675,2.31,3.715,18.035,0.17984,0.0924609220698606,0.32497,0.637,0.498,76861264.0,10877688832.0,617200000.0,211100000.0,442200000.0,515000000.0,224600000.0,6.039,3544200000.0,794200000.0,,288100000.0,327700000.0,,1.0,,472997199.0,-0.060954524247331,1.0,2.756681707740368,2.100220264317181,0.1399469555894137,0.1302247715234514,0.1247672253258845,0.136482147267887,472997199.0,27500000.0,22.39,[],{},0.0072597684901339,17.624252806221648,51.52860649928944,0.0194066959682635,0.0500223299680977,,0.0648321611744111,0.95,19,20,0.2625,7.0,22.0,0.5023818181818182,0.5023818181818182,0.3181818181818182,0.0,1.0,0.3181818181818182,22.0,4,5,"quality,dividend,garp,risk",0.6269783333333334,True,0.66665,0.2083,hold,2,10,stable,0.1789,persistent,neutral,0.5,53.445654470323
PME.AX,Pro Medicus Limited,Healthcare,19395895296.0,82.51556,103.209816,49.881786,0.34,6.225,0.655,0.76801,0.3401701780906042,0.97559,0.284,2.309,102712752.0,19178616832.0,178906000.0,157614000.0,212905000.0,2546000.0,221819008.0,3.722,338704000.0,280094000.0,,43138000.0,115217000.0,,0.9985486484582324,,104462909.0,0.3209554932722388,0.9981354031803455,6.49297603041402,5.992910264201175,0.006657730643866,0.0080205922600703,0.6285872029854976,0.6257883943696916,104424882.0,,185.66,[],{},0.005295592208171,107.199405453143,121.68092194855788,0.0082182151810352,0.0121189264182416,,0.5332616065447311,0.95,19,20,0.1982738095238095,7.0,22.0,0.4481363636363637,0.4481363636363637,0.3181818181818182,0.0,1.0,0.3181818181818182,22.0,5,5,"cheapness,quality,dividend,garp,risk",0.5744849999999999,True,0.83335,0.1148,hold,2,10,stable,0.1487,persistent,neutral,0.375,48.21739902431678
HUB.AX,HUB24 Limited,Financial Services,6942593536.0,66.328125,44.794544,12.709581,0.85,1.529,11.447,0.19732,0.1199931160771301,0.23389,0.262,0.822,,6946679808.0,,96801000.0,400399000.0,62510000.0,56456000.0,6.68,662413000.0,170015000.0,,87463000.0,79485000.0,,1.0,,80730126.0,0.0757289629279917,1.0,1.943850542515121,2.9765896801777254,0.0891241566817076,0.0726184855813236,0.60445522657315,0.5194641692921858,81049028.0,1890000.0,84.9,[],{},,,71.76247980909288,0.0139348584756304,0.0150765606595995,,0.1683642055830941,0.85,17,20,0.1377283868092691,6.0,22.0,0.4256045454545454,0.4256045454545454,0.2727272727272727,0.0,1.0,0.2727272727272727,22.0,5,5,"cheapness,quality,dividend,garp,risk",0.4864849999999999,True,0.66665,0.0304,hold,2,10,stable,0.0715,persistent,neutral,0.625,61.29879032521405
MSB.AX,Mesoblast Limited,Healthcare,3147033856.0,,47.79701,3.8179333,,1.581,23.516,-0.18219,-0.1301697628214196,-1.44332,15.268,,-69438336.0,3136260352.0,-64339000.0,-62443000.0,17198000.0,135144000.0,129975000.0,0.63647,784683000.0,204350000.0,,102626000.0,-102142000.0,,0.7017095011047796,,1279934798.0,-0.1314437804209201,1.0,1.9912108042796173,1.1804950643747525,0.1633232783174861,0.1777216869684511,0.0219171308668596,0.0088201054168478,1141241211.0,21753000.0,2.43,[],{},-0.022064693033922,-48.7458672344923,-50.225971718207006,-0.019910017980548,,,-0.0915509994032756,0.85,17,20,0.348015873015873,1.0,22.0,0.2336727272727272,0.2336727272727272,0.0454545454545454,0.0,1.0,0.0454545454545454,22.0,1,5,risk,0.23216,True,0.65,0.4576,avoid,1,10,stable,0.0685,persistent,insufficient_data,0.0,
PDI.AX,Predictive Discovery Limited,Basic Materials,3063335424.0,,6.888889,8.157895,,4.289,0.157,,-0.0491243542826139,0.0,,,,1602120320.0,-26830508.0,-10525895.0,,314812.0,32539932.0,0.076,176590026.0,53576687.0,,6644086.0,-8674871.0,,,,2346901983.0,-0.0839484599234245,,8.063816001177589,4.888993654777097,0.0009022423497462,0.0023413180740036,,,2067244088.0,,0.62,[],{},,-59.7126345874629,-152.20751489540794,-0.0065699778403659,,,-0.061936725290407,0.7,14,20,0.3629629629629629,1.0,22.0,0.2957045454545454,0.2957045454545454,0.0454545454545454,0.0,1.0,0.0454545454545454,22.0,1,5,risk,0.2678683333333333,True,0.75,0.454,avoid,1,10,stable,0.0572,persistent,insufficient_data,0.0,
NWH.AX,NRW Holdings Limited,Industrials,3128969984.0,68.1,16.237095,4.8782234,2.5,1.024,84.624,0.0746,0.0162685360727775,0.01358,0.195,0.402,222830256.0,3329377792.0,241054000.0,53293000.0,3267690000.0,542843008.0,342440000.0,1.396,1701075000.0,837498000.0,,754839000.0,27674000.0,,0.5500350400435782,,457362463.0,0.0651855968461623,0.5622420406130161,1.109505470703024,1.3125014234261787,0.2416824654997575,0.2018653342082967,1.920955866143468,1.806787127122334,455102564.0,28224000.0,6.81,[],{},0.0712152104812265,13.811750860802974,62.47307886589233,0.0160068947801763,0.0146842878120411,,0.0563210446442536,0.95,19,20,0.4498283752860412,3.0,22.0,0.3018954545454545,0.3018954545454545,0.1363636363636363,0.0,0.7653,0.1363636363636363,22.0,3,5,"cheapness,dividend,garp",0.3761883333333333,False,0.63335,0.4487,avoid,1,10,stable,0.2561,persistent,neutral,0.375,41.84522107387856
AMC.AX,Amcor plc,Consumer Cyclical,29035309056.0,34.696133,10.2097645,1.738203,6.06,1.443,143.74,0.08737001,0.0137862191766038,0.030550001,0.774,-0.117,149500000.0,44209750016.0,3200999936.0,1316000000.0,15009000000.0,16762999808.0,1587000064.0,36.129265,37066000000.0,8434000000.0,,6987000000.0,511000000.0,,0.1888200413085482,,460971988.0,0.0441781650931977,0.1988269794721407,1.207098897953342,1.1652194320582023,0.4048993686936815,0.4349431130476882,0.4049263475961798,0.8254659888646817,289068642.0,396000000.0,62.8,[],{},0.0051489033477019,13.811231146491345,33.59403496656535,0.0297671893535639,0.0288216557159266,,0.0437514545031417,0.95,19,20,0.408235294117647,2.0,22.0,0.3050409090909091,0.3050409090909091,0.0909090909090909,0.0,0.9416,0.0909090909090909,22.0,2,5,"dividend,garp",0.3953,False,0.46665,0.4482,avoid,1,10,stable,0.1627,persistent,neutral,0.375,59.57812688861357
APE.AX,Eagers Automotive Limited,Consumer Cyclical,6211982848.0,25.581394,17.301718,3.343465,3.34,1.089,154.17,0.15675999,0.0383143485254057,0.01737,0.143,0.162,259812128.0,8932498432.0,649281024.0,591537000.0,13045190000.0,3055856128.0,456702016.0,6.58,5915695000.0,2968483000.0,,2727092000.0,226656000.0,,0.1686430017500703,,282364338.0,0.0376037451383002,0.1790445054031082,1.088515898986906,1.0166714670552155,0.5165675377111227,0.6179910896569578,2.2051829920237607,2.052349502971245,258074137.0,151018000.0,22.0,[],{},0.0418243472909215,13.757522708687697,15.100489795228365,0.0662230175021205,0.0390909111520662,,0.1855160394693224,0.95,19,20,0.4576470588235294,3.0,22.0,0.3860454545454546,0.3860454545454546,0.1363636363636363,0.0,0.927,0.1363636363636363,22.0,3,5,"cheapness,dividend,garp",0.4390033333333333,False,0.53335,0.4386,avoid,1,2,stable,0.1916,building,accumulate,0.75,53.44619101196188
DYL.AX,Deep Yellow Limited,Energy,1270959104.0,inf,-67.61658,1.9802731,,41.282,0.506,0.0029300002,-0.00712,0.0,-0.681,,12647856.0,1085236224.0,-5170695.0,,-2282697.0,3248056.0,187151088.0,0.659,625079197.0,264962495.0,,4422690.0,,,,,969194446.0,-0.0271547779893677,1.0,59.909804892497554,4.194652456285813,0.0057069392440523,0.0097884513529444,-0.0036518524547858,4.072066108028592e-05,758206208.0,,1.305,[],{},0.0099514264150548,-209.8820804553353,,,0.0,,,0.8,16,20,0.3897058823529412,1.0,22.0,0.2271818181818181,0.2271818181818181,0.0454545454545454,0.0,1.0,0.0454545454545454,22.0,1,5,risk,0.2427433333333333,True,0.75,0.4349,avoid,1,10,stable,0.066,persistent,insufficient_data,0.0,
AFI.AX,Australian Foundation Investment Company Limited,Financial Services,8507610624.0,31.40909,,1.0378492,3.84,3.652,,0.03277,0.0269267860430424,0.84970003,-0.021,-0.048,170189632.0,8528516608.0,,,329175000.0,0.0,131563000.0,6.658,10580988000.0,,,,284912000.0,,,,1254059000.0,0.0298626650543579,,,,0.0009450913279553,0.0010082811136142,0.0311100437879714,0.0340617525801157,1251570000.0,1208000.0,6.91,[],{},0.0200043983583233,,,,0.0318379169851784,,,0.75,15,20,0.3871482030449421,1.0,22.0,0.3277,0.3277,0.0454545454545454,0.0,0.9172,0.0454545454545454,22.0,1,5,garp,0.38435,False,0.36665,0.4246,avoid,1,10,stable,0.0609,persistent,insufficient_data,0.0,
LOV.AX,Lovisa Holdings Limited,Consumer Cyclical,2529267200.0,28.911392,21.848305,23.40164,3.5,0.836,445.412,0.82627,0.14146,0.09832,0.233,0.022,228306496.0,2939921920.0,225752992.0,,892857984.0,481236000.0,70477000.0,0.976,532799000.0,130108000.0,,139837000.0,,,,,109693000.0,0.1589709164491717,0.8098170222023748,0.9304261390046984,1.0073069346454575,0.6739258144253274,0.718720763575828,1.6757876497515949,1.3477236821546172,107832000.0,,22.84,[],{},0.0902658667300947,13.022737346488857,,,0.0345884418155998,,,0.85,17,20,0.4611764705882353,2.0,22.0,0.3425272727272728,0.3425272727272728,0.0909090909090909,0.0,0.9179,0.0909090909090909,22.0,2,5,"cheapness,garp",0.4075333333333333,False,0.45,0.4198,avoid,1,10,stable,0.1498,persistent,neutral,0.625,50.604200124051914
COL.AX,Coles Group Limited,Consumer Defensive,31402692608.0,30.763157,23.214941,8.050963,3.12,0.632,272.264,0.26520002,0.0531684241647777,0.0225,0.025,-0.114,1361874944.0,41233059840.0,2551000064.0,1819000000.0,44352000000.0,10572000256.0,598000000.0,2.904,20294000000.0,4178000000.0,,6856000000.0,1079000000.0,,0.263866341991342,,1341300000.0,0.0559783697176046,0.2587041839755801,0.6093932322053676,0.6037512922758824,0.5088696166354587,0.5041558181454036,2.1854735389770377,2.181604245944322,1334800000.0,116000000.0,23.38,[],{},0.0433680946089653,16.16348835967728,22.66798231995602,0.0441150864635904,0.0325064166853876,,0.1353624051198095,0.95,19,20,0.4607142857142857,2.0,22.0,0.3637727272727273,0.3637727272727273,0.0909090909090909,0.0,0.8977,0.0909090909090909,22.0,2,5,"cheapness,garp",0.437495,False,0.63335,0.4179,avoid,1,10,stable,0.1669,persistent,neutral,0.625,53.111093585747355
MEZ.AX,Meridian Energy Limited,Utilities,12593980416.0,,39.75825,1.6555203,3.84,1.066,20.99,-0.01243,-0.0301856551355683,-0.022669999,-0.11,,426000000.0,13935216640.0,446000000.0,710000000.0,4794000000.0,1866000000.0,183000000.0,2.8148248,14974000000.0,680000000.0,,1035000000.0,-452000000.0,,1.0,,2615469348.0,0.0316768810455585,1.0,0.6570048309178744,1.046812749003984,0.1047816214772272,0.101676142656723,0.3201549352210498,0.3567156464594255,2588594444.0,84000000.0,4.66,[],{},0.0338256838528023,31.2448803587444,19.62706569014085,0.0509500511073504,,,0.0509362221106248,0.9,18,20,0.4095238095238095,1.0,22.0,0.3725545454545455,0.3725545454545455,0.0454545454545454,0.0,1.0,0.0454545454545454,22.0,1,5,cheapness,0.3504783333333333,False,0.65,0.4095,avoid,1,10,stable,0.0737,persistent,insufficient_data,0.0,
DBI.AX,Dalrymple Bay Infrastructure Limited,Industrials,2820883968.0,94.833336,22.867937,2.721186,4.48,1.728,212.363,0.02754,0.0082608294204797,0.0345,0.129,,-47936512.0,4893210112.0,294319008.0,64737000.0,659358000.0,2201673984.0,129348000.0,2.091,3541533000.0,204966000.0,,118604000.0,29256000.0,,1.0,,495761667.0,0.0239300181759193,1.0,1.7281541937877305,1.2724837032276373,0.6104873228627264,0.5644589833596576,0.186178697191301,0.1986435199907321,495761667.0,206678000.0,5.69,[],{},-0.0169934362929457,16.62553208931718,75.58598810572006,0.0132299653025813,0.0105448151692143,,0.0189127498700674,0.95,19,20,0.3542472782747383,0.0,22.0,0.1833772727272727,0.1833772727272727,0.0,0.0,0.6943,0.0,22.0,0,5,,0.2084233333333333,False,0.26665,0.409,avoid,1,10,stable,0.0,persistent,insufficient_data,0.0,
ORI.AX,Orica Limited,Basic Materials,10698561536.0,45.2549,16.808437,2.8667247,2.62,1.314,84.849,0.06613,0.0163131973062619,0.03089,-0.017,,804362496.0,13255554048.0,1374099968.0,894500000.0,8144500000.0,3240800000.0,768700032.0,8.051,9949000000.0,2908000000.0,,2389900000.0,162300000.0,,0.5447357112161582,,468514538.0,0.054655511913568,0.5307778326788547,1.2167873132767062,1.1948609146628948,0.3020203035480953,0.2626506777241803,0.8186249874359232,0.8012460539887272,487010299.0,192900000.0,23.08,[],{},0.075184172497711,9.646717383520093,14.81895365902739,0.0674811476578726,0.0220970546835812,,0.118334193224061,0.95,19,20,0.39395670995671,2.0,22.0,0.319490909090909,0.319490909090909,0.0909090909090909,0.0,0.8,0.0909090909090909,22.0,1,5,cheapness,0.3162166666666667,False,0.73335,0.399,avoid,1,10,stable,0.0753,persistent,neutral,0.375,46.38064560143761
SGH.AX,SGH Limited,Industrials,17903849472.0,41.500004,17.17722,3.4876716,,1.46850331544048,,,0.0404408352668213,,,,,,,1271200000.0,10743500000.0,,,12.613,12930000000.0,3720600000.0,,2533600000.0,522900000.0,,0.3737143389025922,,406305254.0,0.0341367675921229,0.3630892394631504,1.46850331544048,1.347055725923861,0.4150502706883217,0.4393234392572827,0.8308971384377417,0.7804632426988922,399342610.0,280900000.0,43.99,[],{},,,,,0.0240963832196257,,0.1222730945327228,0.6,12,20,0.3969404186795491,0.0,22.0,0.1663318181818182,0.1663318181818182,0.0,0.0,1.0,0.0,22.0,0,5,,0.1776533333333333,False,0.56665,0.3969,avoid,1,10,stable,0.0,persistent,neutral,0.5,51.39278828500776
REH.AX,Reece Limited,Industrials,9866076160.0,36.454548,30.044207,2.6939874,1.08,2.336,64.173,0.072230004,0.0427285484653559,0.03039,0.056,-0.179,345448384.0,12030324736.0,596372992.0,192893000.0,8978382000.0,2350201088.0,185951008.0,5.954,7417453000.0,3269064000.0,,1510860000.0,316937000.0,,0.2849296231770936,,645984181.0,0.0385736054543465,0.286191021587361,2.1637107342837854,2.601637731996181,0.2657538915312304,0.168611354436727,1.2104400257069374,0.8378534843292629,645984181.0,60407000.0,16.04,[],{},0.0350137560665252,20.1724841623948,62.36786579087888,0.0160338980229502,0.0274314195309731,,0.032657235736405,0.95,19,20,0.4216299147077179,2.0,22.0,0.3098636363636363,0.3098636363636363,0.0909090909090909,0.0,1.0,0.0909090909090909,22.0,2,5,"garp,risk",0.383205,True,0.83335,0.3964,avoid,1,10,stable,0.1554,persistent,neutral,0.375,53.34470276181675
VAU.AX,VLTMINLTD FPO [VAU],Basic Materials,4759003136.0,57.5,7.151519,2.4612093,1.52,3.091,3.801,0.04304,0.09618,0.0525,0.204,,224389248.0,4343373312.0,662969984.0,,1570656000.0,74123000.0,529990016.0,1.869,,,,,,,,,1046534366.0,-0.001832488079392,0.3637762458830778,,1.7300824312811467,,0.0700358881905949,,0.2089272295327795,1046534366.0,,4.6,[],{},0.0471504728170029,6.551387569305098,,,0.017391304347826,,,0.75,15,20,0.3741962481962482,0.0,22.0,0.3092863636363636,0.3092863636363636,0.0,0.0,0.6,0.0,22.0,0,5,,0.2974616666666667,False,0.55,0.3956,avoid,1,10,stable,0.0,persistent,neutral,0.5,48.3014973560528
NXT.AX,NEXTDC Limited,Technology,9923433472.0,,-32.310776,2.0163782,,1.394,60.257,-0.013710001,-0.0106427019099486,-0.1262,0.128,,-1550926848.0,10584978432.0,187123008.0,-3833000.0,427209000.0,2499333888.0,278257984.0,6.472,5688687000.0,319715000.0,,258532000.0,-60543000.0,,0.8197439660681306,,651515509.0,-0.0084624428062431,0.7614910334696058,1.2366554236999676,8.86311357841054,0.212035220078025,0.2789278349883077,0.0750979971300934,0.0775082394089593,610968827.0,77970000.0,13.05,[],{},-0.1562893379973878,56.56695317766589,-2761.5388552048003,-0.0003621169400225,,,-0.0007058730367733,0.85,17,20,0.3541666666666666,0.0,22.0,0.1565409090909091,0.1565409090909091,0.0,0.0,1.0,0.0,22.0,0,5,,0.1631383333333333,False,0.55,0.3864,avoid,1,10,stable,0.0,persistent,insufficient_data,0.0,
IGO.AX,IGO Limited,Basic Materials,4997967872.0,,8.884342,2.4220183,,4.03,1.02,-0.095410004,-0.4051266816619276,-0.4718,-0.317,,169337504.0,4597736960.0,24200000.0,-390800000.0,512500000.0,21000000.0,411000000.0,2.725,2356300000.0,486300000.0,,87600000.0,-954600000.0,,1.0,,757267813.0,0.0007850173825277,1.0,5.551369863013699,5.854279105628373,0.0133259771675932,0.0136536951889648,0.2175020158723422,0.2307951104631602,757267813.0,9500000.0,6.6,[],{},0.0338812710159014,189.9891305785124,-11.764935926305016,-0.0849983379649452,,,-0.1722572398289769,0.85,17,20,0.356060606060606,1.0,22.0,0.2412954545454545,0.2412954545454545,0.0454545454545454,0.0,1.0,0.0454545454545454,22.0,1,5,risk,0.234215,True,0.65,0.3822,avoid,1,10,stable,0.0628,persistent,insufficient_data,0.0,
QUB.AX,Qube Holdings Limited,Industrials,9046805504.0,42.583336,27.215595,2.8951843,2.16,1.498,98.278,0.06985,0.0075010966515572,0.03615,0.102,1.007,306375008.0,11996800000.0,546099968.0,162800000.0,4086500000.0,3064300032.0,104100000.0,1.765,6839000000.0,1095800000.0,,764900000.0,51300000.0,,1.0,,1768962205.0,0.0363567847429301,1.0,1.4326055693554711,1.2718185313341022,0.4523468343325048,0.3829177179932496,0.5975288784910074,0.5269849592030671,1767006702.0,106300000.0,5.11,[],{},0.0338655460056633,21.96813899099148,73.69041769041769,0.0135702854094425,0.0234833644785368,,0.0268023246242241,0.95,19,20,0.3815581443727897,3.0,22.0,0.3134818181818182,0.3134818181818182,0.1363636363636363,0.0,0.8655,0.1363636363636363,22.0,2,5,"dividend,garp",0.419665,False,0.53335,0.3697,avoid,1,10,stable,0.1427,persistent,insufficient_data,0.0,
AIA.AX,Auckland International Airport Limited,Industrials,12171030528.0,35.899998,45.62768,1.3737273,1.62,0.932,25.066,0.03979,0.0299162317067967,0.41784,0.061,-0.138,-538825024.0,14463030272.0,699299968.0,428500000.0,929300000.0,2652600064.0,360600000.0,5.226656,14062600000.0,658400000.0,,636100000.0,420700000.0,,1.0,,1687561809.0,0.0004429696686586,1.0,1.0350573809149506,0.5357837073687931,0.1768734089002033,0.2162255762632689,0.066083085631391,0.0673877675939498,1479784490.0,72300000.0,7.18,[],{},-0.0442711093986995,20.68215491753033,33.752696084014005,0.0296272628862267,0.0278551547551618,,0.0319144974490745,0.95,19,20,0.3714114832535885,1.0,22.0,0.3587545454545454,0.3587545454545454,0.0454545454545454,0.0,0.8,0.0454545454545454,22.0,1,5,garp,0.4088566666666667,False,0.56665,0.3674,avoid,1,10,stable,0.0702,persistent,insufficient_data,0.0,
IMD.AX,Imdex Limited,Industrials,1852867328.0,40.222218,25.083149,2.8392158,0.75,2.547,18.672,0.08004,0.0664821212603054,0.108109996,0.163,-0.153,52608376.0,1925417344.0,116130000.0,71058000.0,431395000.0,121858000.0,49308000.0,1.275,830148000.0,229369000.0,,84812000.0,55190000.0,,0.7242527150291497,,511841821.0,0.0412125513900761,0.7175443088006755,2.704440409376032,2.282671066598005,0.1208398984277502,0.1623786481865917,0.5196603497207727,0.566415313225058,510546432.0,9045000.0,3.62,[],{},0.0283929535617565,16.57984451907345,27.09641903796898,0.0369052456193102,0.0248618810628493,,0.0953368682044071,0.95,19,20,0.4004281949934123,3.0,22.0,0.3831818181818182,0.3831818181818182,0.1363636363636363,0.0,1.0,0.1363636363636363,22.0,3,5,"cheapness,garp,risk",0.4147649999999999,True,0.83335,0.3562,avoid,1,10,stable,0.2156,persistent,neutral,0.5,32.29044361559018
ALQ.AX,ALS Limited,Industrials,11064427520.0,34.603172,21.916155,6.5094056,1.95,1.467,92.194,0.21445999,0.081665598975016,0.09599,0.082,0.311,324887488.0,12491827200.0,707900032.0,528200000.0,3320100000.0,1571900032.0,149700000.0,3.349,3902500000.0,985500000.0,,671600000.0,318700000.0,,0.8972922502334267,,507542553.0,0.0630692728078381,0.8980129359205175,1.4673913043478262,1.5253487124463518,0.4027930813581037,0.5152626655506868,0.850762331838565,0.7383683718182266,484874204.0,62000000.0,21.8,[],{},0.0293632442720362,17.64631534866211,23.64980537675123,0.0422836460626032,0.0288990847428669,,0.16348385898666,0.95,19,20,0.4071614312460995,3.0,22.0,0.3908909090909091,0.3908909090909091,0.1363636363636363,0.0,0.847,0.1363636363636363,22.0,3,5,"cheapness,dividend,garp",0.4701566666666666,False,0.73335,0.3559,avoid,1,10,stable,0.2175,persistent,insufficient_data,0.0,
EVT.AX,EVT Limited,Communication Services,2033155456.0,52.125004,29.302916,2.1502235,2.88,0.311,145.508,0.04204,0.0128876940544637,0.03173,0.055,0.216,16683500.0,3323481600.0,165768000.0,52927000.0,1195340000.0,1375778048.0,85452000.0,5.818,2591154000.0,239095000.0,,798150000.0,33394000.0,,0.7591839978583499,,162522422.0,0.0018445103793923,0.7592961886698824,0.2995614859362275,0.5642913089435222,0.5077270590632591,0.5072089486329137,0.4613156917728548,0.4553654148941915,162275357.0,54332000.0,12.51,[],{},0.0082057178415775,20.048993774431736,62.793689421278366,0.0159251671500152,0.019184650805974,,0.0295186179171937,0.95,19,20,0.3544444444444444,2.0,22.0,0.2407454545454546,0.2407454545454546,0.0909090909090909,0.0,0.8316,0.0909090909090909,22.0,2,5,"dividend,garp",0.2999866666666667,False,0.26665,0.3556,avoid,1,10,stable,0.1349,persistent,neutral,0.5,47.84336271995835
MQG.AX,Macquarie Group Limited,Financial Services,97685766144.0,26.395468,20.871658,2.7119107,3.43,2.738507184430702,,0.112069994,0.0089742474092808,0.21123,0.058,0.061,,170518347776.0,,-6354000000.0,7216000000.0,194255994880.0,95800999936.0,94.509,540101000000.0,240901000000.0,,87968000000.0,4847000000.0,,1.0,,381138415.0,0.0083441706478355,1.0,2.738507184430702,2.659945126661517,0.6309097742829581,0.7416204536623385,0.0133604640613514,0.015250852947188,381138415.0,14647000000.0,256.3,[],{},,,-26.83637830909663,-0.0372628522553296,0.0378852915204988,,-0.0140533869458765,0.8,16,20,0.3603299274255157,2.0,22.0,0.354209090909091,0.354209090909091,0.0909090909090909,0.0,1.0,0.0909090909090909,22.0,2,5,"dividend,garp",0.4036466666666666,False,0.36665,0.3527,avoid,1,10,stable,0.1141,persistent,insufficient_data,0.0,
IFT.AX,Infratil Limited,Industrials,12691267584.0,57.727272,-343.24323,1.9746895,1.23,0.521,92.848,0.03541,0.0302495117053176,0.15767,-0.2,,368237504.0,21149669376.0,1085299968.0,202900000.0,2999100000.0,7919099904.0,312600000.0,6.431391,18175500000.0,1065200000.0,,2046200000.0,549800000.0,,1.0,,999312470.0,-0.016603935532886,0.9327417234373132,0.5205747238784088,0.6719301752281964,0.4357019064124783,0.4088233417812549,0.165007840224478,0.1940972806198493,968086132.0,459000000.0,12.7,[],{},0.0290150295518345,19.48739518989832,104.2369116609167,0.0095935305839931,0.0173228348639097,,0.0125795911787864,0.95,19,20,0.3473770889674779,0.0,22.0,0.2203090909090909,0.2203090909090909,0.0,0.0,0.6667,0.0,22.0,0,5,,0.2258399999999999,False,0.43335,0.3497,avoid,1,10,stable,0.0,persistent,insufficient_data,0.0,
GDG.AX,Generation Development Group Limited,Financial Services,1391712896.0,,26.703499,1.9605634,0.57,68.287,6.495,-0.06401,0.0069356319246156,-0.06227,-0.214,-0.935,-1382078976.0,-4040099584.0,59567000.0,441401000.0,626224000.0,46072000.0,5476930048.0,1.775,5514566000.0,,,,38247000.0,,,,392804767.0,0.0015979909095113,,,,0.0012753496830031,0.0009481230310713,0.1135581657740609,0.090852350291647,274012226.0,1908000.0,3.48,[],{},-0.9930776527057488,-67.82445958332634,-9.152900840732125,-0.1092549801861517,,,,0.85,17,20,0.2787878787878788,1.0,22.0,0.3463818181818182,0.3463818181818182,0.0454545454545454,0.0,1.0,0.0454545454545454,22.0,1,5,cheapness,0.3013916666666666,False,0.56665,0.3455,avoid,1,10,stable,0.0531,persistent,insufficient_data,0.0,
TCL.AX,Transurban Group,Industrials,46147518464.0,98.6,61.77945,5.240964,4.73,0.706,228.429,0.053629998,0.0037394213737453,0.12194,0.082,,570625024.0,65958850560.0,2252999936.0,934000000.0,3770000000.0,20882999296.0,1348000000.0,2.822,35567000000.0,2353000000.0,,3969000000.0,133000000.0,,0.6803713527851459,,3108000000.0,0.0088842862593339,0.6637533381888808,0.5928445452254976,0.7594594594594595,0.5924593021621166,0.5376083283370579,0.1059971321730817,0.1122526843625661,3092000000.0,953000000.0,14.79,[],{},0.0123652374600629,29.2760108449466,70.61975434689508,0.0141603437911699,0.0101419878296146,,0.0295588328375213,0.95,19,20,0.3196518965397684,0.0,22.0,0.2167727272727272,0.2167727272727272,0.0,0.0,0.7261,0.0,22.0,0,5,,0.2577683333333333,False,0.33335,0.3391,avoid,1,10,stable,0.0,persistent,insufficient_data,0.0,
ILU.AX,Iluka Resources Limited,Basic Materials,2569922304.0,,-16.937592,1.2377986,0.84,3.505,54.984,-0.13023,-0.0683396128053837,-0.28403,-0.191,,-410249984.0,3652418304.0,383300000.0,152200000.0,1015400000.0,1137500032.0,45700000.0,4.815,4220100000.0,1171800000.0,,,-288400000.0,,0.5974000393933425,,429703905.0,0.0618217779440851,0.6446210373408527,,4.0419558359621455,0.2695433757493898,0.0778585556208905,0.2406104120755432,0.3127973485860907,428628861.0,18900000.0,5.96,[],{},-0.1596351700444248,9.52887634750848,23.997492141918528,0.0416710210419534,,,,0.9,18,20,0.3102895622895623,0.0,22.0,0.2747,0.2747,0.0,0.0,1.0,0.0,22.0,0,5,,0.2592516666666666,False,0.65,0.3381,avoid,1,10,stable,0.0,persistent,insufficient_data,0.0,
SFR.AX,Sandfire Resources Limited,Basic Materials,8339964928.0,41.534885,11.434572,3.0322893,,1.615,7.588,0.07509,0.0325091608612726,0.10771,0.173,0.866,243887248.0,8252123136.0,562131968.0,236838000.0,1185380000.0,143638000.0,137216992.0,5.88994,2868453000.0,294670000.0,,219184000.0,93251000.0,,1.0130540417418887,,459071860.0,-0.0057888452942106,0.9958885291155944,1.3443955763194393,1.4427077155571957,0.0882852185481163,0.194400823812616,0.4132471405318476,0.3075175570725821,457362933.0,66182000.0,17.86,[],{},0.0292431982754736,14.680045978100289,34.84290162896157,0.0287002503594245,0.0240761470749226,,0.0893974904020694,0.9,18,20,0.3153637212460742,2.0,22.0,0.3195954545454545,0.3195954545454545,0.0909090909090909,0.0,1.0,0.0909090909090909,22.0,2,5,"garp,risk",0.387775,True,0.83335,0.3077,avoid,1,10,stable,0.1122,persistent,neutral,0.5,40.66070817870683
LTR.AX,Liontown Limited,Basic Materials,4053366272.0,,7.9069767,4.9038463,,0.907,128.337,-0.47589,-0.1236149227938378,-0.89449996,1.067,,-273106112.0,4337049600.0,-230770000.0,-185925000.0,297565000.0,979494016.0,390497984.0,0.26,1563541000.0,219268000.0,,498990000.0,-193277000.0,,0.0454018449750474,,2429405000.0,-0.0468747743558491,,0.4394236357442033,1.3122395700770109,0.531549220647236,0.3328081540936542,0.1903148046645403,,2425005000.0,35255000.0,1.275,[],{},-0.0673776050998827,-18.79381895393682,-23.32687696651876,-0.0428690047722765,,,-0.1746510970352759,0.85,17,20,0.2001683501683501,0.0,22.0,0.1289272727272727,0.1289272727272727,0.0,0.0,1.0,0.0,22.0,0,5,,0.1259766666666666,False,0.45,0.3073,avoid,1,10,stable,0.0,persistent,insufficient_data,0.0,
SMR.AX,Stanmore Resources Limited,Basic Materials,2505868544.0,,19.786478,4.9029984,4.49,1.483,19.191,-0.051680002,-0.0161599561763894,-0.02711,-0.321,,-71908128.0,771106304.0,17751000.0,197100000.0,1881200000.0,29254000.0,5041000.0,0.567,2920800000.0001,593900000.0,,470300000.0,-47200000.0,,0.8314373803954922,,901391634.0,0.0598119748883405,0.8344395742016281,1.2628109717201783,1.1386925795053005,0.1818337441796705,0.2099821969578661,0.6440701177759297,0.7481962707311741,901391634.0,45000000.0,2.78,[],{},-0.0286958899628535,43.44016134302293,3.9122592795535263,0.2556067807740293,,,0.0804325647826941,0.9,18,20,0.2568754208754208,3.0,22.0,0.3822954545454545,0.3822954545454545,0.1363636363636363,0.0,1.0,0.1363636363636363,22.0,2,5,"cheapness,risk",0.3857766666666666,True,0.75,0.3063,avoid,1,10,stable,0.1014,persistent,insufficient_data,0.0,
SGM.AX,Sims Limited,Basic Materials,4854012928.0,,13.4126425,1.9414175,1.07,1.513,29.03,-0.02227,-0.004273408155462,-0.0076200003,0.035,,-45325000.0,5446904832.0,130200000.0,-4000000.0,7494000000.0,725100032.0,127600000.0,12.939,4446100000.0,1591700000.0,,956400000.0,-19000000.0,,0.2867227115025353,,192423734.0,-0.0117846147572736,0.2750924201573227,1.6642618151401087,1.4837332960190304,0.1771665054767099,0.1935490447937692,1.6855221430017318,1.4670418170326422,192958567.0,55100000.0,25.12,[],{},-0.009337634792554,41.8349065437788,-1361.726208,-0.0007343620135421,,,-0.0011462303349858,0.9,18,20,0.3003501683501684,0.0,22.0,0.2867954545454545,0.2867954545454545,0.0,0.0,1.0,0.0,22.0,0,5,,0.278115,False,0.55,0.2972,avoid,1,10,stable,0.0,persistent,neutral,0.5,43.204347204523195
BGL.AX,Bellevue Gold Limited,Basic Materials,1773880320.0,,6.119196,2.1174378,,3.015,40.879,-0.07135,-0.0368586049328474,-0.12534,0.209,-0.817,-45033376.0,1934081792.0,104552000.0,79751000.0,505837000.0,339680000.0,165064992.0,0.562,1245001000.0,180831000.0,,66224000.0,-45889000.0,,0.2865942981632423,,1476326107.0,0.0803125775400386,0.4702351829386809,2.7305961584923897,0.8986178883951694,0.2749323092913178,0.5078032567614914,0.4062944527755399,0.3177807761405108,1177341851.0,20804000.0,1.19,[],{},-0.0253869302749804,18.498754610146147,24.25150520996602,0.0412345539521009,,,0.0676557143547931,0.85,17,20,0.2677609427609427,2.0,22.0,0.2779636363636364,0.2779636363636364,0.0909090909090909,0.0,1.0,0.0909090909090909,22.0,2,5,"cheapness,risk",0.27803,True,0.75,0.2938,avoid,1,10,stable,0.0955,persistent,insufficient_data,0.0,
CNU.AX,Chorus Limited,Communication Services,3536181248.0,162.99998,54.21564,11.319534,5.33,0.916,980.233,0.043959998,0.0006570302233902,0.023529999,0.012,,-937596992.0,8128999936.0,656000000.0,180000000.0,950000000.0,4215000064.0,161000000.0,0.71999425,6088000000.0,234000000.0,,505000000.0,4000000.0,,1.0,,433887294.0,-0.0014970059880239,1.0,0.4633663366336634,0.3703703703703703,0.5420499342969777,0.4652361942781104,0.1560446780551905,0.1679973386560213,433887294.0,212000000.0,8.15,[],{},-0.2651439296360411,12.391768195121951,45.16111075555556,0.022142945186019,0.0061349700779104,,0.0322407307898979,0.95,19,20,0.2644444444444445,1.0,22.0,0.1810545454545454,0.1810545454545454,0.0454545454545454,0.0,0.7771,0.0454545454545454,22.0,1,5,dividend,0.218175,False,0.26665,0.2933,avoid,1,10,stable,0.053,persistent,neutral,0.625,57.52148466479852
VEA.AX,Viva Energy Group Limited,Energy,3991325952.0,,10.879786,2.7645051,3.24,0.899,410.49,-0.25348,-0.0337655256468852,-0.01476,-0.061,,104562496.0,9625860096.0,449600000.0,245400000.0,28438200000.0,5858100224.0,175500000.0,0.879,12471300000.0,4616300000.0,,5136200000.0,-421100000.0,,0.1214036050101623,,1625651926.0,-0.0062926278112706,0.098375577650189,0.8987773061796659,0.9493897373634098,0.469726492025691,0.4562773704568134,2.2802915493974165,2.473522304602773,1594807705.0,176500000.0,2.43,[],{},0.0261974334488029,21.409831174377224,39.22518376528117,0.0254938257519424,,,0.0334555766110891,0.9,18,20,0.2777777777777778,0.0,22.0,0.2263318181818182,0.2263318181818182,0.0,0.0,1.0,0.0,22.0,0,5,,0.2062416666666666,False,0.35,0.2926,avoid,1,10,stable,0.0,persistent,neutral,0.5,68.76713377760537
MIN.AX,Mineral Resources Limited,Basic Materials,10838148096.0,27.159204,13.293461,2.8740656,,1.564,130.959,0.12104999,0.0102190974493132,0.07642,0.333,,-353000000.0,16050783232.0,1959000064.0,614000000.0,5259000000.0,5516000256.0,671000000.0,18.994,12232000000.0,2640000000.0,,2462000000.0,125000000.0,,0.7334093934208025,,194436770.0,0.0289808461978273,0.8599945596451215,1.0722989439480095,2.7698501275510203,0.4362328319162851,0.3852320373546788,0.4299378678875081,0.5692657709167143,194480644.0,244000000.0,54.59,[],{},-0.0325701399236536,8.193355134060884,26.14134076872964,0.0382535849575169,0.0368199303632021,,0.0628454452405322,0.9,18,20,0.2941685765215177,1.0,22.0,0.1725090909090909,0.1725090909090909,0.0454545454545454,0.0,0.6,0.0454545454545454,22.0,1,5,cheapness,0.1617683333333333,False,0.46665,0.2905,avoid,1,10,stable,0.0526,persistent,neutral,0.5,30.72403347932007
AMP.AX,AMP Limited,Financial Services,5084535296.0,41.8,14.983153,1.4121621,1.91,0.098,791.587,0.03597,0.0038875248450835,0.04757,,,150164992.0,33235892224.0,1720999936.0,-249000000.0,869000000.0,29636999168.0,1688000000.0,1.48,34212000000.0,8012000000.0,,25255000000.0,133000000.0,,1.0,,2531739839.0,0.0045233859051295,1.0,0.3172441100772124,0.3174543321602145,0.8662749912311469,0.8658966858659268,0.0254004442885537,0.0258134555652724,2531739839.0,1453000000.0,2.09,[],{},0.0295336708780711,19.311965984872646,-133.477478811245,-0.0074919005730856,0.0239234449760765,,-0.0277994864351903,0.95,19,20,0.2867213471877205,0.0,22.0,0.1752409090909091,0.1752409090909091,0.0,0.0,0.6667,0.0,22.0,0,5,,0.1714533333333333,False,0.33335,0.2875,avoid,1,10,stable,0.0,persistent,insufficient_data,0.0,
MCY.AX,Mercury NZ Limited,Utilities,8206705664.0,115.799995,32.9328,2.0825474,3.64,0.788,49.886,0.01854,0.00010042177144,0.025829999,-0.052,,192564512.0,10507429888.0,778000000.0,224000000.0,3498000000.0,2396999936.0,94000000.0,2.7802486,9958000000.0,915000000.0,,852000000.0,1000000.0,,0.2804459691252144,,1406965167.0,0.0296069423175089,0.3239067055393586,1.073943661971831,0.8900928792569659,0.2288612171118698,0.1981623277182236,0.3512753564972886,0.3501786625829505,1400012517.0,114000000.0,5.79,[],{},0.0234642888247734,13.50569394344473,46.90816914285714,0.021318248362125,0.0086355789566312,,0.0245991653854601,0.95,19,20,0.2928571428571428,0.0,22.0,0.2890227272727272,0.2890227272727272,0.0,0.0,0.6667,0.0,22.0,0,5,,0.3220383333333333,False,0.63335,0.2857,avoid,1,10,stable,0.0,persistent,neutral,0.625,57.741639218930615
NXG.AX,NexGen Energy Ltd.,Energy,8280487424.0,,-74.83938,4.81585,,1.366,42.466,-0.29612,-0.1252261990114572,0.0,,,-280498752.0,7982862336.0,-96052000.0,-89836000.0,0.0,721040000.0,1018352000.0,2.5976725,2472933000.0,1147626000.0,,630376000.0,-309676000.0,,,,659960072.0,-0.0468000166541659,,1.8205420257116387,1.0315261518768657,0.2373339673982271,0.2755836048183639,0.0,,569088514.0,46731000.0,12.51,[],{},-0.0338746667481201,-83.10979819264566,-88.86039378422905,-0.0112536075681613,,,-0.0487561578827683,0.85,17,20,0.1805555555555555,1.0,22.0,0.2164681818181818,0.2164681818181818,0.0454545454545454,0.0,1.0,0.0454545454545454,22.0,1,5,risk,0.218445,True,0.65,0.2803,avoid,1,10,stable,0.0392,persistent,insufficient_data,0.0,
CTD.AX,Corporate Travel Management Limited,Consumer Cyclical,2351454720.0,36.522728,21.53405,1.8777752,,1.419,2.908,0.05389,0.0513978734139004,0.09224,-0.061,-0.412,28793750.0,2257602816.0,92858000.0,112236000.0,707675000.0,35798000.0,75505000.0,8.558,1643103000.0,559005000.0,,416914000.0,84452000.0,,0.9864683647154414,,144648936.0,0.0450265287015534,0.985356613509308,1.3408160915680452,1.256378433041942,0.0236029025569303,0.0222938605834166,0.4306942413226681,0.3775114621055448,146325746.0,943000.0,16.07,[],{},0.0122450795055071,24.312421288418875,20.11478327809259,0.049714679306991,0.0273802110291432,,0.0915323820389842,0.9,18,20,0.2698961937716262,2.0,22.0,0.2938090909090909,0.2938090909090909,0.0909090909090909,0.0,1.0,0.0909090909090909,22.0,2,5,"cheapness,risk",0.2960616666666666,True,0.66665,0.2794,avoid,1,10,stable,0.0989,persistent,insufficient_data,0.0,
JHX.AX,James Hardie Industries plc,Basic Materials,21234522112.0,135.51851,17.53833,2.3060787,,1.578,76.091,0.02422,0.0075975629355814,0.02151,0.445,-0.505,370012512.0,25853710336.0,1263900032.0,722500000.0,4835800000.0,4889200128.0,269200000.0,15.866762,13688600000.0,1826800000.0,,1157400000.0,104000000.0,,0.357665743000124,,580174308.0,0.0810722958373965,0.3881366860090264,1.5783653015379298,2.100469019995063,0.3496120859693467,0.2309795598386202,0.3532720658065836,0.7414099695978891,429818781.0,231100000.0,36.59,[],{},0.0174250454071155,20.45550255670853,35.78368212595156,0.0279456987260337,0.0073790657822315,,0.0576560903983656,0.9,18,20,0.2756302521008403,1.0,22.0,0.1804772727272727,0.1804772727272727,0.0454545454545454,0.0,1.0,0.0454545454545454,22.0,1,5,risk,0.2321033333333333,True,0.83335,0.2785,avoid,1,10,stable,0.0499,persistent,insufficient_data,0.0,
WOW.AX,Woolworths Group Limited,Consumer Defensive,48045498368.0,80.265305,27.693285,10.366368,2.29,0.557,361.53,0.1188,0.0284667001684944,0.00851,0.034,-0.493,2267749888.0,64073564160.0,3300000000.0,-1041000000.0,69077000000.0,17198000128.0,1288999936.0,3.794,33829000000.0,6991000000.0,,12297000000.0,963000000.0,,0.2723772022525587,,1221595333.0,0.0031824611032531,0.2731368334265775,0.568512645360657,0.5453623527576253,0.5139081852848149,0.4927510608203677,2.0419462591267847,2.0014733616218763,1221588831.0,241000000.0,39.33,[],{},0.0472000492248073,19.41623156363636,-61.55001360230548,-0.0162469501056705,0.0124586831134573,,-0.0483466468511982,0.95,19,20,0.3047619047619048,1.0,22.0,0.2248363636363636,0.2248363636363636,0.0454545454545454,0.0,0.6667,0.0454545454545454,22.0,1,5,garp,0.2905683333333333,False,0.43335,0.2762,avoid,1,10,stable,0.0552,persistent,insufficient_data,0.0,
MPL.AX,Medibank Private Limited,Financial Services,14210656256.0,30.35294,20.301373,6.056338,3.22,2.203,11.778,0.19996001,0.1065463906559155,0.05284,0.049,-0.113,692750016.0,11454263296.0,722200000.0,739800000.0,8546000000.0,275500000.0,3022500096.0,0.852,4700300000.0,,,,500800000.0,,,,2754003240.0,0.1051137576300849,,,,0.0444652468991341,0.0465915396764417,1.818181818181818,1.711337345797584,2754003240.0,11000000.0,5.16,[],{},0.0487486294454211,15.860237186374963,15.482918756420654,0.0645873052576283,0.0329457377110751,,,0.9,18,20,0.3262655346879755,3.0,22.0,0.4439227272727272,0.4439227272727272,0.1363636363636363,0.0,0.9023,0.1363636363636363,22.0,2,5,"quality,garp",0.5238583333333333,False,0.73335,0.2729,avoid,1,10,stable,0.1078,persistent,neutral,0.5,70.15134831235589
BGA.AX,Bega Cheese Limited,Consumer Defensive,1885384960.0,205.66667,24.046143,1.8674335,2.27,1.283,47.944,0.00803,-0.0041652374185328,0.00226,0.05,0.561,46287500.0,2292776192.0,131500000.0,-21700000.0,3550100000.0,483800000.0,75200000.0,3.304,2040700000.0,729500000.0,,615400000.0,-8500000.0,,0.208811019407904,,305184000.0,0.0142603328969515,0.2009792822370655,1.18540786480338,1.1614134275618375,0.2154162787278875,0.1958574901814101,1.7396481599451168,1.65195436693473,304776000.0,23700000.0,6.17,[],{},0.0245506891070139,17.435560395437264,-105.65788903225808,-0.0094645086056441,0.0048622365500447,,-0.0152248649407142,0.95,19,20,0.255952380952381,3.0,22.0,0.2901818181818181,0.2901818181818181,0.1363636363636363,0.0,0.8,0.1363636363636363,22.0,3,5,"dividend,garp,risk",0.3508716666666667,True,0.65,0.256,avoid,1,10,stable,0.1459,persistent,neutral,0.375,71.27544776174332
SIG.AX,Sigma Healthcare Limited,Healthcare,33823049728.0,58.600002,38.245663,6.8779345,1.37,1.667,40.946,,0.0639390275008983,0.06283,1.805,0.065,,35537027072.0,933198016.0,666605000.0,6001835000.0,2002530944.0,160535008.0,0.426,8287802000.0,2908429000.0,,1702865000.0,529914000.0,,0.2399746077657916,,11501263000.0,-0.0075615915724472,0.0602682343553315,1.70796216963764,1.5917266207843768,0.249855872522051,0.0721557856117803,0.7241769289372502,2.650721880160628,1631866135.0,33116000.0,2.93,[],{},,38.08090722730383,53.31047182664396,0.0187580406951155,0.0170648458339643,,0.1012317961432281,0.85,17,20,0.2291666666666666,3.0,22.0,0.3587045454545454,0.3587045454545454,0.1363636363636363,0.0,1.0,0.1363636363636363,22.0,3,5,"dividend,garp,risk",0.4039799999999999,True,0.66665,0.2357,avoid,1,10,stable,0.1185,persistent,neutral,0.375,61.113830758931094
CBA.AX,Commonwealth Bank of Australia,Financial Services,286267572224.0,27.568438,25.475204,3.7065904,2.89,,,0.13644,0.0074723057115568,0.36354,0.066,0.045,,508568567808.0,,,28657000000.0,341171994624.0,118870999040.0,46.188,1353799000000.0,,,,10116000000.0,,,,1671842146.0,0.0074907740838673,,,,0.1597223812397556,0.148862588870212,0.0211678395389566,0.0219037761666757,1672070030.0,41087000000.0,171.2,[],{},,,,,0.0362733644902188,,,0.65,13,20,0.2830245734657499,2.0,22.0,0.3088954545454546,0.3088954545454546,0.0909090909090909,0.0,1.0,0.0909090909090909,22.0,2,5,"dividend,garp",0.3709766666666667,False,0.36665,0.2341,avoid,1,10,stable,0.0672,persistent,insufficient_data,0.0,
BRG.AX,Breville Group Limited,Consumer Cyclical,4562414592.0,33.870968,29.448883,4.353234,1.21,1.98,27.986,0.13515,0.0917183192918757,0.07596,0.101,0.003,91230624.0,4678745088.0,227272992.0,207464000.0,1696551000.0,293300000.0,176840992.0,7.236,1481209000.0,841342000.0,,386587000.0,135854000.0,,0.3657284691117449,,143942481.0,0.0883674317019755,0.3640134301268045,2.176332882378352,2.26075917903558,0.0799779099370851,0.116312260872094,1.1453825894927725,1.1408739731155173,143430691.0,12327000.0,31.5,[],{},0.0199961275242212,20.586454408097904,22.55208174912274,0.044341804500549,0.0295238092988662,,0.1895302670693627,0.95,19,20,0.2647058823529412,3.0,22.0,0.4005681818181818,0.4005681818181818,0.1363636363636363,0.0,1.0,0.1363636363636363,22.0,3,5,"cheapness,garp,risk",0.4503816666666667,True,0.83335,0.2324,avoid,1,10,stable,0.1417,persistent,neutral,0.5,55.2100101395809
CPU.AX,Computershare Limited,Financial Services,23175970816.0,26.892616,18.203201,7.202691,2.75,2.779,83.262,0.28701,0.1137695045270969,0.18806,0.046,-0.01,687027904.0,23931670528.0,1038011008.0,852807000.0,3065222000.0,1870899968.0,1116999936.0,5.5631986,5335428000.0,2066442000.0,,941255000.0,607009000.0,,0.2782203050872008,,578387070.0,0.068890456586044,0.2632097176226329,2.195411445357528,2.942454053861963,0.3600837646014528,0.348873788027591,0.5745034887547915,0.5700430135550233,591049320.0,112102000.0,40.07,[],{},0.0296439751954509,23.055314773694576,28.062235098914527,0.0356350802591159,0.0371849283833153,,0.1940767921517883,0.95,19,20,0.2967046436059342,3.0,22.0,0.4037090909090909,0.4037090909090909,0.1363636363636363,0.0,0.9019,0.1363636363636363,22.0,3,5,"cheapness,quality,garp",0.4888466666666667,False,0.73335,0.2197,avoid,1,10,stable,0.1472,persistent,wait,0.25,70.84473009144119
WES.AX,Wesfarmers Limited,Consumer Cyclical,105535881216.0,34.42963,33.393562,13.433526,2.29,1.1,161.507,0.3639,0.104570958864944,0.065960005,0.031,0.093,3286749952.0,117494906880.0,4662000128.0,3822000000.0,45576000000.0,12688000000.0,729000000.0,6.92,27981000000.0,9933000000.0,,8328000000.0,2926000000.0,,0.3430972441635949,,1135014000.0,0.0936321359258852,0.3455172883510795,1.1927233429394812,1.144141954302382,0.399127979700511,0.4129774067157347,1.6288195561273722,1.6129114943791425,1134781000.0,157000000.0,92.96,[],{},0.0311434359018902,25.2026820364772,30.74173387755102,0.0325290695698281,0.029044750117849,,0.1944741260876202,0.95,19,20,0.281764705882353,3.0,22.0,0.3755181818181818,0.3755181818181818,0.1363636363636363,0.0,0.8555,0.1363636363636363,22.0,3,5,"cheapness,dividend,garp",0.474155,False,0.73335,0.2149,avoid,1,10,stable,0.1415,persistent,insufficient_data,0.0,
PLS.AX,PLS Group Limited,Basic Materials,13506974720.0,,12.23572,3.7781787,,5.783,20.169,-0.02773,-0.0419433109903918,-0.09673,0.466,,-93887376.0,13259085824.0,186048992.0,-22422000.0,890207000.0,720011008.0,954393024.0,1.109,4667395000.0,1246294000.0,,286538000.0,-195766000.0,,0.3724515758694326,,3217930000.0,0.0596120666149174,0.6772340080212964,4.349489421996385,4.519888396383337,0.1461652592077593,0.1289652827815545,0.1907288755290692,0.4160768301639846,3009721000.0,75126000.0,4.19,[],{},-0.0069510292235151,71.26663617720648,-591.3426912853447,-0.0016910668124203,,,-0.0051181766489981,0.85,17,20,0.2136363636363636,1.0,22.0,0.1944772727272727,0.1944772727272727,0.0454545454545454,0.0,1.0,0.0454545454545454,22.0,1,5,risk,0.202975,True,0.65,0.2143,avoid,1,10,stable,0.0364,persistent,accumulate,0.75,26.590455638475518
ZIP.AX,Zip Co Limited,Financial Services,3575795456.0,35.875,20.39801,5.4875712,,2.608,382.393,0.15892,0.0227967385213092,0.08951,0.292,1.209,4891375.0,6012123136.0,516958016.0,268555000.0,1071595000.0,2539484928.0,174224000.0,0.523,3504668000.0,504349000.0,,371151000.0,79895000.0,,0.6228425851184449,,1292156000.0,0.0011491832848353,0.6620501902121944,1.3588781924338074,1.6546367561479256,0.6916481104629597,0.7605393651053025,0.3057622005850482,0.272755211704889,1126660000.0,249427000.0,2.87,[],{},0.0013679124156255,11.62980928803317,22.38693428161829,0.0446689121172384,0.0278745644599303,,0.0857040188388957,0.9,18,20,0.2462694824133106,2.0,22.0,0.2426636363636364,0.2426636363636364,0.0909090909090909,0.0,0.7033,0.0909090909090909,22.0,2,5,"cheapness,garp",0.264615,False,0.26665,0.2092,avoid,1,10,stable,0.082,persistent,insufficient_data,0.0,
TLC.AX,The Lottery Corporation Limited,Consumer Cyclical,12486580224.0,35.0625,31.34954,36.666668,2.85,0.67,744.494,1.13949,0.0829701262144738,0.09585,0.02,-0.014,474750016.0,14400166912.0,699500032.0,618900000.0,3727200000.0,2528300032.0,608700032.0,0.153,4405200000.0,768700000.0,,1227500000.0,365500000.0,,1.0,,2225800000.0,0.0948627468951927,1.0,0.6262321792260692,0.688535776954572,0.56760192499773,0.5681911919710371,0.8460909833832743,0.9112781265753174,2225800000.0,127600000.0,5.61,[],{},0.0380208197507513,20.58637062649913,23.26735645823235,0.0429786684961447,0.0285204991087344,,0.1947635081977531,0.95,19,20,0.2741176470588236,2.0,22.0,0.3595590909090909,0.3595590909090909,0.0909090909090909,0.0,0.8764,0.0909090909090909,22.0,2,5,"cheapness,garp",0.429715,False,0.53335,0.2018,avoid,1,10,stable,0.0904,persistent,insufficient_data,0.0,
GMG.AX,Goodman Group,Real Estate,59626164224.0,34.714287,20.433619,2.5105467,1.03,2.913,17.598,0.07929,0.0527921483401076,0.54548,-0.159,-0.034,3391737600.0,60842565632.0,1794800000.0,503900000.0,2068600000.0,4179800064.0,2963399936.0,11.615,31565300000.0,6542600000.0,,2452200000.0,1666400000.0,,0.618050855651165,,2031151466.0,-0.0041505617317368,0.7106960774112996,2.6680531767392544,1.765177304964539,0.1671138877184756,0.1562440983544638,0.0655339882719315,0.0806694616859926,1899182071.0,319100000.0,29.16,[],{},0.0568833773586059,33.89935682638734,120.74333326453662,0.0082820307586597,0.0288065832952294,,0.017308359467044,0.95,19,20,0.2170138888888889,3.0,22.0,0.3683590909090908,0.3683590909090908,0.1363636363636363,0.0,0.8,0.1363636363636363,22.0,3,5,"cheapness,garp,risk",0.4273666666666666,True,0.73335,0.2,avoid,1,10,stable,0.1188,persistent,neutral,0.625,34.58077950026656
ALD.AX,Ampol Limited,Energy,9038798848.0,108.37143,15.63028,2.97677,3.16,1.035,122.043,0.03885,0.0067764272438691,0.00263,-0.034,,-176550000.0,13610298368.0,867000000.0,516200000.0,31320600000.0,4213400064.0,57900000.0,12.742,12159800000.0,4683200000.0,,4522800000.0,82400000.0,,0.0846312011902709,,238300000.0,0.0095174460613312,0.0696176923805342,1.0354647563456263,1.0736555723250456,0.3465024095791049,0.31677945163972,2.575749601144756,2.707530824871223,238302099.0,214900000.0,37.93,[],{},-0.019532462550493,15.698152673587082,26.366327717938784,0.0379271626560126,0.0092275242653898,,0.0675919863820872,0.95,19,20,0.2124999999999999,1.0,22.0,0.1773590909090909,0.1773590909090909,0.0454545454545454,0.0,0.5052,0.0454545454545454,22.0,1,5,cheapness,0.179675,False,0.26665,0.1889,avoid,1,10,stable,0.0381,persistent,wait,0.25,72.51284095102933
PNI.AX,Pinnacle Investment Management Group Limited,Financial Services,4187884800.0,31.035713,19.804913,4.1380954,3.22,22.82,11.887,0.13535,0.1269838420955682,1.5025,0.666,-0.18,-3138750.0,3536184064.0,23855000.0,,68543000.0,111004000.0,439648992.0,4.2,1058615000.0,,,,134427000.0,,,,220572736.0,0.1549781129072097,,,,0.1042541433854612,0.1877006888602245,0.0647478072764886,0.0815791640365562,198214482.0,7322000.0,17.38,[],{},-0.0007494833668777,148.23659878432196,,,0.0322209449481634,,,0.85,17,20,0.2087063978389358,2.0,22.0,0.3407590909090909,0.3407590909090909,0.0909090909090909,0.0,0.8979,0.0909090909090909,22.0,2,5,"quality,garp",0.423435,False,0.46665,0.176,avoid,1,10,stable,0.0654,persistent,neutral,0.375,53.40377843527939
PDN.AX,Paladin Energy Ltd,Energy,3810559232.0,,38.514343,2.2752259,,4.529,18.577,-0.03579,-0.0396479566278551,-0.05199,0.16,,-112125376.0,3667689472.0,52890000.0,-39439000.0,177676000.0,193935008.0,219543008.0,3.7271023,1125884000.0001,262934000.0001,,103774000.0,-44639000.0,,0.0230982237330871,,398960289.0,0.0862488782242285,,2.533717501494594,4.022041178485148,0.1750517815334284,0.2691457777807235,0.1578102184594365,,298979523.0,26379000.0,8.48,[],{},-0.0294249135555754,69.34561300813009,-92.99651289332894,-0.0107530913674907,,,-0.0385858664918611,0.85,17,20,0.1805555555555555,1.0,22.0,0.2048772727272727,0.2048772727272727,0.0454545454545454,0.0,1.0,0.0454545454545454,22.0,1,5,risk,0.2104916666666666,True,0.65,0.1742,avoid,1,10,stable,0.0302,persistent,insufficient_data,0.0,
TLX.AX,Telix Pharmaceuticals Limited,Healthcare,5115533824.0,,142.3454,8.4929495,,1.426,112.454,-0.018550001,-0.0061212076433909,-0.0088599995,0.493,,-36673500.0,5440777728.0,32460000.0,18053000.0,803794000.0,467105984.0,141866000.0,1.7779454,1163986000.0,330280000.0,,231624000.0,-7125000.0,,0.5305314545766702,,338777049.0,0.0358206637961928,0.6507837561053991,1.4259316823817911,2.7798652285848027,0.4012986410489473,0.3829966428429389,0.6905529791595432,0.5493008669908622,334724485.0,40416000.0,15.1,[],{},-0.0071690465280364,167.61484066543437,301.37803844236413,0.0033180918064513,,,0.0193626509874919,0.85,17,20,0.175297619047619,0.0,22.0,0.1088227272727272,0.1088227272727272,0.0,0.0,1.0,0.0,22.0,0,5,,0.118605,False,0.45,0.158,avoid,1,10,stable,0.0,persistent,insufficient_data,0.0,
DRO.AX,DroneShield Limited,Industrials,1996036096.0,inf,31.39535,5.853659,,5.779,4.235,0.01086,0.0085422807719834,0.016239999,3.168,-0.738,756125.0,1777747200.0,2401000.0,-14622000.0,216547000.0,14255000.0,209490000.0,0.369,412185000.0,334886000.0,,57953000.0,3521000.0,,0.6088331863290648,,913417667.0,-0.0037091258545741,0.7169427593040032,5.778579193484375,11.421729601552114,0.0345839853463857,0.0255901584527325,0.5253636109999151,0.1616532585513615,872115159.0,633000.0,2.16,[],{},0.0003788132897572,740.419491878384,-121.5803036520312,-0.0082250164702832,0.0,,-0.0412780324758915,0.9,18,20,0.1033868092691621,1.0,22.0,0.1626,0.1626,0.0454545454545454,0.0,0.8,0.0454545454545454,22.0,1,5,risk,0.2051716666666666,True,0.56665,0.1069,avoid,1,10,stable,0.0189,persistent,insufficient_data,0.0,
LYC.AX,Lynas Rare Earths Limited,Basic Materials,15721570304.0,195.25,23.042086,4.67245,,9.254,6.324,0.02884,0.0027137936117502,0.115030006,0.627,12.166,-305244992.0,14903507968.0,128260000.0,7345000.0,542665000.0,212770000.0,1030838976.0,3.343,2944218000.0,429911000.0,,151841000.0,7990000.0,,0.3302350437194217,,935447000.0,0.0301306168694234,0.397154889911852,2.8313235555614096,4.176536933042805,0.0686246738522758,0.0655911521215749,0.1843154956596284,0.1655825600792321,934718000.0,11570000.0,15.62,[],{},-0.0194156808828655,116.1976295649462,2029.068477603812,0.0004928369895041,0.0051216389244558,,0.0026303754829666,0.9,18,20,0.1065019947372888,2.0,22.0,0.2428818181818181,0.2428818181818181,0.0909090909090909,0.0,0.8395,0.0909090909090909,22.0,2,5,"garp,risk",0.330675,True,0.56665,0.0904,avoid,1,10,stable,0.0354,persistent,insufficient_data,0.0,
MXT.AX,Metrics Master Income Trust,Financial Services,2359792128.0,12.03125,,,8.15,,,,0.0689591380361862,0.0,,,,,,,176243000.0,,,,2459500000.0,,,,169605000.0,,,,1221764000.0,0.0814917243451892,,,,,,0.0716580605814189,0.0847548947556156,1060622000.0,,1.925,[],{},,,,,0.0831168831168831,,,0.45,9,20,0.8497242647058822,4.0,22.0,0.3438090909090909,0.3438090909090909,0.1818181818181818,0.0,1.0,0.1818181818181818,22.0,2,5,"cheapness,dividend",0.3421166666666667,False,0.36665,0.8566,insufficient_data,0,10,stable,0.1536,persistent,insufficient_data,0.0,
WLE.AX,WAM Leaders Limited,Financial Services,1918387840.0,15.444444,,,6.91,,,,0.034043929615056,0.0,,,,,,,109994490.0,,,,1875229908.0,,,,63840195.0,,,,1373470690.0,0.0128334687545434,,,,,,0.058656535676371,0.0271244599492524,1262895008.0,,1.39,[],{},,,,,0.0647482033021065,,,0.45,9,20,0.7996323529411764,2.0,22.0,0.3293363636363637,0.3293363636363637,0.0909090909090909,0.0,1.0,0.0909090909090909,22.0,1,5,dividend,0.3415583333333333,False,0.36665,0.8088,insufficient_data,0,10,stable,0.0724,persistent,insufficient_data,0.0,
