ticker,name,sector,market_cap,trailing_pe,forward_pe,price_to_book,dividend_yield,current_ratio,debt_to_equity,return_on_equity,return_on_assets,profit_margins,revenue_growth,earnings_growth,free_cashflow,enterprise_value,ebitda,ebit,total_revenue,total_debt,total_cash,book_value,total_assets,total_current_assets,total_liabilities,total_current_liabilities,net_income,operating_cashflow,gross_margin,ncav,shares_outstanding,return_on_assets_prev,gross_margin_prev,current_ratio_bs,current_ratio_bs_prev,leverage,leverage_prev,asset_turnover,asset_turnover_prev,shares_outstanding_prev,interest_expense,last_price,errors,data_sources,fcf_yield,ev_ebitda,ev_ebit,earnings_yield_ebit,earnings_yield_pe,ncav_to_market,roic_proxy,data_quality_score,metrics_present,metrics_total,sector_composite_score,models_passed,model_count,mean_model_score,weighted_model_score,weighted_pass_score,min_model_score,max_model_score,pass_rate,weight_sum,families_passed,family_count,passed_families,family_mean_score,risk_family_passed,risk_mean_score,composite_score,signal,signal_rank,investor_yield_country,investor_net_yield_isa,investor_net_yield_taxable,weeks_at_signal,signal_trend,conviction_score,stability_label,signal_since,timing_signal,timing_score,rsi_14
CQR.AX,Charter Hall Retail REIT,Real Estate,2016866816.0,5.102941,12.40748,0.68958664,7.74,1.175,53.824,0.13859999,0.0852769200446751,0.9318,0.157,0.321,534424992.0,3525492992.0,,98400000.0,174600000.0,1574300032.0,30800000.0,5.032,4566300000.0,297400000.0,,253100000.0,389400000.0,,0.5853379152348225,,581229609.0,0.0498565865261292,0.5869786368260427,1.175029632556302,1.825711619225385,0.3434509340165999,0.3378261782058158,0.0382366467380592,0.0458456731105566,581229609.0,77900000.0,3.47,[],{},0.264977829849921,,35.82818081300813,0.0279109901007569,0.1959654246443374,,0.0228136882129277,0.9,18,20,0.8777777777777778,12.0,22.0,0.7061227272727273,0.7061227272727273,0.5454545454545454,0.0,1.0,0.5454545454545454,22.0,5,5,"cheapness,quality,dividend,garp,risk",0.75473,True,0.56665,0.8745,strong_buy,4,AU,6.579,6.579,33,stable,0.7885,persistent,2026-09-04,accumulate,0.75,39.61868180894877
HVN.AX,Harvey Norman Holdings Limited,Consumer Cyclical,5083706880.0,9.714286,11.353202,1.038168,6.42,1.53,52.342,0.10978,0.05971334691762,0.17316,-0.029,-0.134,544032768.0,7413778944.0,849409984.0,425100000.0,4313160000.0,2585686016.0,298612000.0,3.93,8849931000.0,2059620000.0,,1346123000.0,528459000.0,,0.5100960780495043,,1246006654.0,0.0618657537888319,0.5096039832418894,1.5300384883105036,1.3762798224321546,0.2921684926131062,0.2739507719066973,0.4873665116711079,0.4922196663245843,1246006654.0,57092000.0,4.08,[],{},0.1070149756549299,8.728151403504105,17.440082201834862,0.0573391792783402,0.1029411734429066,,0.0566512362789666,0.95,19,20,0.8088235294117648,11.0,22.0,0.6362818181818182,0.6362818181818182,0.5,0.0,1.0,0.5,22.0,4,5,"cheapness,dividend,garp,risk",0.6482333333333333,True,0.66665,0.8676,strong_buy,4,AU,5.457,5.457,51,stable,0.637,persistent,2026-07-17,neutral,0.625,46.937156254347954
RRL.AX,Regis Resources Limited,Basic Materials,5394331136.0,7.645161,7.1868997,2.467037,4.17,2.943,4.66,0.37672,0.2371199927846626,0.30442,0.449,1.358,709559488.0,4347595776.0,1217447936.0,1001958000.0,2349099000.0,101685000.0,1139118976.0,2.882,3015798000.0,1323239000.0,,449684000.0,715106000.0,,0.5980246043270206,,757252000.0,0.1117457449972608,0.4991611084537444,2.942597468444508,2.61199728266026,0.0337174439402108,0.0523494609224221,0.7789311485716218,0.7237544278783571,755462000.0,10485000.0,7.11,[],{},0.1315379924055148,3.571073265181502,4.339099818555269,0.230462547951468,0.1308016927308659,,0.3904573218493021,0.95,19,20,0.8255826558265583,17.0,22.0,0.8196545454545454,0.8196545454545454,0.7727272727272727,0.0,1.0,0.7727272727272727,22.0,5,5,"cheapness,quality,dividend,garp,risk",0.8358583333333334,True,0.66665,0.8267,strong_buy,4,AU,3.5445,3.5445,51,stable,0.7848,persistent,2026-07-17,neutral,0.625,37.24626103209488
PMV.AX,Premier Investments Limited,Consumer Cyclical,1935577472.0,14.975308,11.854154,1.9000627,7.88,1.648,22.948,0.13152,0.1022067078179679,0.15978,,,266852496.0,1751562880.0,178584000.0,319037000.0,1596644000.0,220808000.0,404247008.0,6.384,2523533000.0,662030000.0,,315482000.0,257922000.0,,0.6259065890705755,,159658438.0,0.1076505611904711,0.6221416219755133,2.0984715451277727,2.045604709579876,0.216867383941482,0.2256961418577046,0.6327018509367621,0.6526679133594824,159225000.0,8553000.0,12.13,[],{},0.1378671222724377,9.808061640460512,5.490155938025997,0.1821441888515015,0.0667765898370838,,0.1444880575675109,0.95,19,20,0.7854779411764705,10.0,22.0,0.5977318181818182,0.5977318181818182,0.4545454545454545,0.0,1.0,0.4545454545454545,22.0,4,5,"cheapness,quality,dividend,risk",0.567155,True,0.66665,0.8267,strong_buy,4,AU,6.698,6.698,12,stable,0.6126,persistent,2026-09-27,neutral,0.375,58.10322944752526
SHL.AX,Sonic Healthcare Limited,Healthcare,9306500096.0,15.185484,14.380961,1.1158519,5.77,0.992,68.758,0.07501,0.0319920034473827,0.055970002,0.089,0.216,771363008.0,14645280768.0,1343101056.0,905109000.0,9619183000.0,5839818240.0,653694976.0,16.875,16053918000.0,2605626000.0,,2223402000.0,513597000.0,,0.8376316366992914,,480403973.0,0.0234037255999787,0.8375213981154213,1.1719095332288088,0.8283338500174363,0.3220902212157804,0.3299624276730072,0.5991797765504969,0.4091097106361634,480403973.0,118532000.0,18.83,[],{},0.0828843281623708,10.904079557212407,16.18068184936842,0.0618020927244813,0.06585236269058,,0.065442894538425,0.95,19,20,0.7827083333333333,10.0,22.0,0.5752454545454545,0.5752454545454545,0.4545454545454545,0.0,1.0,0.4545454545454545,22.0,5,5,"cheapness,quality,dividend,garp,risk",0.64185,True,0.66665,0.824,strong_buy,4,AU,4.9045,4.9045,33,stable,0.7632,persistent,2026-09-04,accumulate,0.75,43.62363328826631
FMG.AX,Fortescue Ltd,Basic Materials,49294229504.0,11.947762,14.769004,1.6912581,6.58,2.318,29.296,0.14229,0.0908831818613638,0.16916001,0.079,-0.475,3169250048.0,50055884800.0,8165000192.0,5134000000.0,16835000000.0,5930999808.0,5073999872.0,9.466326,31578999999.9999,7725000000.0,,3333000000.0,2870000000.0,,0.5638253638253639,,3078964918.0,0.110535802064558,0.5673800259403372,2.317731773177318,2.4263196480938785,0.1878146869755223,0.1782402097329176,0.533107444820927,0.505325249877108,3078964918.0,70000000.0,16.01,[],{},0.0642925161806785,6.130543003421401,9.74988017140631,0.1025653631039202,0.0836976832983449,,0.1817602492388309,0.95,19,20,0.7556910569105691,15.0,22.0,0.69435,0.69435,0.6818181818181818,0.0,1.0,0.6818181818181818,22.0,5,5,"cheapness,quality,dividend,garp,risk",0.690105,True,0.66665,0.7912,strong_buy,4,AU,5.593,5.593,51,stable,0.7348,persistent,2026-07-17,neutral,0.5,36.93596482298308
WGX.AX,Westgold Resources Limited,Basic Materials,4933118976.0,11.148935,7.170418,2.3257878,1.92,1.765,5.69,0.20086001,0.0904812723407206,0.18168,0.619,,560522112.0,4360126976.0,1061619008.0,129444456.0,716472565.0,138984000.0,739782016.0,2.253,1052499899.0,324614228.0,,186200310.0,95231530.0,,0.2790069861223507,,473622730.0,0.0123005981138664,0.1143147132901016,1.7433602983797396,2.585595047452248,0.0518854700621686,0.033803573239028,0.6807340938281649,0.8046354216899672,473622730.0,4679953.0,5.24,[],{},0.1136242840942987,4.107054360503688,33.68338135702003,0.0296882308044049,0.089694665903066,,0.1494222756695778,0.95,19,20,0.7151219512195122,11.0,22.0,0.5853999999999999,0.5853999999999999,0.5,0.0,1.0,0.5,22.0,4,5,"cheapness,quality,dividend,risk",0.5257683333333334,True,0.66665,0.7285,strong_buy,4,AU,1.632,1.632,4,stable,0.5486,persistent,2026-10-05,neutral,0.625,41.28853360230141
WAF.AX,West African Resources Limited,Basic Materials,4018788096.0,6.1578946,4.6443315,2.3306773,0.0,1.972,20.616,0.45699,0.1745102371483281,0.25293,2.065,0.883,697664000.0,3493419520.0,1440600064.0,810300000.0,1533800000.0,411200000.0,876300032.0,1.506,2715600000.0,991500000.0,,490900000.0,473900000.0,,0.6342417525101056,,1142328846.0,0.1133789191105708,0.5823200362246814,2.019759625178244,3.3298046939110453,0.1668507880394756,0.2157584966823684,0.5648107232287524,0.3668986476219419,1139776844.0,30000000.0,3.51,[],{},0.173600593844299,2.4249752636412487,4.311266839442182,0.2319503842470085,0.1623931660018994,,0.3642288847934553,0.95,19,20,0.7283468834688347,12.0,22.0,0.7060227272727272,0.7060227272727272,0.5454545454545454,0.0,1.0,0.5454545454545454,22.0,4,5,"cheapness,quality,garp,risk",0.702815,True,0.66665,0.6872,strong_buy,4,AU,0.0,0.0,28,stable,0.5379,persistent,2026-09-13,neutral,0.625,51.059958556614
EBO.AX,EBOS Group Limited,Healthcare,3177622528.0,13.451327,11.622483,1.1445783,5.6,1.161,70.04,0.08327,0.0287856681025391,0.0167,0.071,-0.071,137692256.0,4778554880.0,466332992.0,458925790.7541,16407158150.8515,1895739008.0,252507008.0,13.28,9516892944.0389,4090300486.6179,,3522260340.6325,273950121.6545,,0.1292574216167494,,206949000.0,0.029559048919066,0.1334625917652547,1.1612714822446644,1.1801739098511737,0.2423324333244672,0.2228357248210157,1.7240036477586371,1.685419768089736,203230000.0,117781021.8978,15.2,[],{},0.0433318478789435,10.247087300226871,10.412478392526054,0.0960386146604431,0.0743421076597126,,0.0765561162986567,0.95,19,20,0.77625,9.0,22.0,0.5171363636363636,0.5171363636363636,0.4090909090909091,0.0,1.0,0.4090909090909091,22.0,4,5,"cheapness,dividend,garp,risk",0.5313816666666666,True,0.5,0.8042,buy,3,AU,4.76,4.76,41,stable,0.6006,persistent,2026-07-25,neutral,0.625,32.89767236422381
PXA.AX,PEXA Group Limited,Technology,1118954368.0,57.818184,25.553457,0.9995286,0.0,1.141,20.806,0.01698,-0.0099870254243793,-0.03901,0.043,,77388496.0,1264688640.0,81821000.0,44442000.0,400288000.0,232804992.0,63625000.0,6.363,1589262000.0,134042000.0,,118660000.0,-15872000.0,,0.8268796466544088,,175936202.0,-0.0451861539119403,0.830524836964944,1.1296308781392213,1.2393190983256213,0.146486230715892,0.1925182091594566,0.2518703649870191,0.2337774562766366,175936202.0,15845000.0,6.36,[],{},0.0691614405494684,15.45677320003422,28.457059538274606,0.0351406651363611,0.0172955968316127,,0.0302202771382059,0.95,19,20,0.6660714285714285,4.0,22.0,0.3150545454545454,0.3150545454545454,0.1818181818181818,0.0,1.0,0.1818181818181818,22.0,2,5,"cheapness,risk",0.2436666666666666,True,0.5,0.7036,buy,3,AU,0.0,0.0,33,stable,0.2602,persistent,2026-09-04,neutral,0.625,34.75511532007799
AAI.AX,Alcoa Corporation,Basic Materials,16388775936.0,8.783592,5.483375,1.5457621,0.92,1.535,29.918,0.18226999,0.0717341434682869,0.09388,0.314,1.468,960750016.0,17328777216.0,2311000064.0,758000000.0,12831000000.0,2224999936.0,1352000000.0,40.17436,16129000000.0,5469000000.0,,3801000000.0,1157000000.0,1185000000.0,0.1693554672278076,,263102406.0,0.0042662116040955,0.1556116015132408,1.4388318863456986,1.447422680412371,0.1678343356686713,0.2003697383390216,0.7955235910471821,0.8457764505119454,258360908.0,158000000.0,62.1,[],{},0.0586224389028098,7.4983888948953314,22.86118366226913,0.0437422670135157,0.1138486395998356,,0.0614860480207657,1.0,20,20,0.6945257452574526,13.0,22.0,0.7137454545454546,0.7137454545454546,0.5909090909090909,0.0,1.0,0.5909090909090909,22.0,5,5,"cheapness,quality,dividend,garp,risk",0.79478,True,1.0,0.6912,buy,3,AU,0.782,0.782,51,stable,0.6929,persistent,2026-07-17,accumulate,0.75,41.7355964099721
WHC.AX,Whitehaven Coal Limited,Energy,6277142528.0,15.937501,13.798453,1.0663507,1.57,1.337,39.269,0.066300005,0.0338699744875516,0.071279995,0.216,-0.415,1647000064.0,7834777088.0,2680000000.0,1135000000.0,5401000000.0,2321999872.0,778000000.0,7.174,11367000000.0,1688000000.0,,1263000000.0,385000000.0,,0.3430846139603777,,822323769.0,0.0548790799932352,0.3496227709190672,1.3365003958828188,1.1166399143927237,0.2042755344418052,0.171909352274649,0.4751473563825107,0.4931506849315068,832423807.0,289000000.0,7.65,[],{},0.2623805428430762,2.923424286567164,6.902887302202643,0.1448669167293097,0.0627450941022686,,0.1123317498020586,0.95,19,20,0.694318181818182,8.0,22.0,0.5826818181818182,0.5826818181818182,0.3636363636363636,0.0,1.0,0.3636363636363636,22.0,4,5,"cheapness,dividend,garp,risk",0.5586516666666667,True,0.66665,0.6902,buy,3,AU,1.3345,1.3345,33,stable,0.5261,persistent,2026-09-04,neutral,0.625,44.996473634894365
BPT.AX,Beach Energy Limited,Energy,1904913553.8078904,6.9583335,5.388487,0.5810717,4.76,1.363,19.312,0.087469995,0.0520359480750027,0.14647001,-0.171,,-154062496.0,2333757952.0,866600000.0,402100000.0,1921200000.0,632300032.0,213000000.0,1.437,5407800000.0,827400000.0,,607200000.0,281400000.0,,0.511190922340204,,2281333656.0,-0.0082927845201355,0.5363247863247863,1.3626482213438735,0.699553895632327,0.1169237027996597,0.108203798019577,0.355264617774326,0.3987352556941894,2281333656.0,59200000.0,0.835,[],{},-0.0808763713671056,2.69300479113778,5.8039242775429,0.1722972168794992,0.1437125714080821,,0.0837603632879223,0.95,19,20,0.668939393939394,11.0,22.0,0.6090636363636364,0.6090636363636364,0.5,0.0,1.0,0.5,22.0,3,5,"cheapness,dividend,risk",0.50012,True,0.5,0.6648,buy,3,AU,4.046,4.046,34,stable,0.3801,persistent,2026-08-16,neutral,0.5,44.733558006072265
ANN.AX,Ansell Limited,Healthcare,6402826752.0,21.064814,17.944183,2.2404387,2.57,2.295,37.417,0.10467,0.0633695850294671,0.09747,0.132,1.645,207050000.0,6819442176.0,372800000.0,240800000.0,2140200000.0,756600000.0,249500000.0,20.308523,3291800000.0,1098100000.0,,478400000.0,208600000.0,,0.4143537987104009,,139396868.0,0.0305803033951351,0.4118204961813008,2.2953595317725752,2.127969348658596,0.2298438544261498,0.2424753190464651,0.6501610061364603,0.602967734168053,145207567.0,39800000.0,45.5,[],{},0.032337279770271,18.292495107296137,28.319942591362125,0.0353108060432654,0.0474725293088275,,0.0855903888533447,0.95,19,20,0.6333333333333334,6.0,22.0,0.5462772727272728,0.5462772727272728,0.2727272727272727,0.0,1.0,0.2727272727272727,22.0,5,5,"cheapness,quality,dividend,garp,risk",0.6610533333333334,True,0.66665,0.6292,buy,3,AU,2.1845,2.1845,33,stable,0.5997,persistent,2026-09-04,wait,0.25,76.14349324730125
WDS.AX,Woodside Energy Group Ltd,Energy,59884654592.0,13.179915,12.028843,1.1637208,5.22,1.389,32.758,0.07678,0.0408715658411151,0.22211,0.13,0.269,562499968.0,74273366016.0,7993999872.0,4536000000.0,12984000000.0,13667999744.0,4457999872.0,27.068348,66501000000.0,8622000000.0,,5417000000.0,2718000000.0,7192000000.0,0.3493530499075785,,1901100143.0,0.0583213632802298,0.4308369375521663,1.5916558980985789,1.2912753969609014,0.206342761762981,0.1896709323583181,0.1952451842829431,0.215118177069731,1898749771.0,260000000.0,31.5,[],{},0.0093930568996743,9.291139255099552,16.374198857142858,0.0610716902075348,0.0758730234603182,,0.074258398271233,1.0,20,20,0.6295454545454545,8.0,22.0,0.6188045454545454,0.6188045454545454,0.3636363636363636,0.0,1.0,0.3636363636363636,22.0,4,5,"cheapness,dividend,garp,risk",0.71714,True,0.83335,0.617,buy,3,AU,4.437,4.437,51,stable,0.4986,persistent,2026-07-17,neutral,0.5,47.05504414702483
ZIM.AX,Zimplats Holdings Limited,Basic Materials,1527378176.0,3.7941175,,0.5167203,0.0,3.28,1.681,0.14064,0.0154227097477862,0.21302,0.379,2.641,-4707750.0,1504428288.0,546179008.0,88853000.0,826589000.0,35387000.0,58337000.0,27.461664,2625868000.0,647213000.0,,304026000.0,40498000.0,,0.645769542057782,,107637649.0,0.0018721342763376,0.6413918158081012,2.128808062468341,2.7714445590774925,0.038166427253769,0.0199805135914165,0.3147869580649141,0.1746702190615653,107637649.0,10555000.0,14.19,[],{},-0.0030822425473755,2.754460105504457,16.931654395462168,0.0590609739983831,0.2635659016886008,,0.038268323167554,0.95,19,20,0.6122222222222222,9.0,22.0,0.6253227272727272,0.6253227272727272,0.4090909090909091,0.0,1.0,0.4090909090909091,22.0,4,5,"cheapness,quality,garp,risk",0.6192966666666667,True,0.5,0.6144,buy,3,AU,0.0,0.0,33,stable,0.4661,persistent,2026-09-04,neutral,0.625,38.1530611953623
CLW.AX,Charter Hall Long WALE REIT,Real Estate,2347657984.0,8.333334,12.958532,0.68928945,7.97,2.044,44.65,0.08294,0.055440972571084,1.4196401,0.162,0.706,-70453000.0,3815379968.0,,119703000.0,191818000.0,1514023040.0,36033000.0,4.715,4976500000.0,151363000.0,,74048000.0,275902000.0,,0.6981826523058315,,719196897.0,0.0239945974981986,0.6853774831520063,2.044120030250648,0.9830218403962326,0.3037480156736662,0.3100444095709807,0.0385447603737566,0.0368437964543749,714289000.0,82579000.0,3.25,[],{},-0.0300099079508848,,31.87372052496596,0.031373808376613,0.1199999904000007,,0.0244169652247487,0.9,18,20,0.5600529100529099,12.0,22.0,0.6735227272727274,0.6735227272727274,0.5454545454545454,0.0,1.0,0.5454545454545454,22.0,5,5,"cheapness,quality,dividend,garp,risk",0.720485,True,0.4,0.6126,buy,3,AU,6.7745,6.7745,32,stable,0.5277,persistent,2026-09-06,accumulate,0.75,43.70544358752838
RMD.AX,ResMed Inc.,Healthcare,44863918080.0,20.849674,16.605963,1.9943788,1.17,3.1,12.542,0.24269,0.1698975568679281,0.26945,0.086,0.024,939248256.0,17820979200.0,2095774976.0,1908460000.0,5653443000.0,825918976.0,1469234048.0,15.994955,8965950000.0,4324739000.0,,1395110000.0,1523293000.0,1805829000.0,0.6105551961875267,,144239563.0,0.1713550281605076,0.5936214313626009,3.0999268874855748,3.439835348143496,0.0921172881847433,0.1042050716683359,0.6305458986498921,0.6295670221793893,146385350.0,,31.9,[],{},0.0209354932916282,8.503288475184084,9.337884577093574,0.1070906361868151,0.0479623806108431,,0.2520803503970497,1.0,20,20,0.6335416666666667,10.0,22.0,0.5906590909090907,0.5906590909090907,0.4545454545454545,0.0,1.0,0.4545454545454545,22.0,5,5,"cheapness,quality,dividend,garp,risk",0.64251,True,1.0,0.6063,buy,3,AU,0.9945,0.9945,33,stable,0.6199,persistent,2026-09-04,neutral,0.625,54.40886185741771
JBH.AX,JB Hi-Fi Limited,Consumer Cyclical,7692739072.0,15.740493,15.312063,4.695049,4.79,1.169,42.901,0.29984,0.1265335640674639,0.04428,0.019,0.041,550600000.0,8196038656.0,795299968.0,455800000.0,11064000000.0,705000000.0,206500000.0,14.986,3871700000.0,1796100000.0,,1536900000.0,489900000.0,,0.2243673174258857,,109333981.0,0.1190923841656579,0.223632849509228,1.1686511809486628,1.1705996131528047,0.1820905545367667,0.1839956731140701,2.8576594260918977,2.718417596002781,109333981.0,2900000.0,70.36,[],{},0.0715739861766625,10.305594097546852,17.981655673541027,0.0556122316073175,0.0635304116586437,,0.1952201473359602,0.95,19,20,0.6080882352941176,8.0,22.0,0.5753636363636364,0.5753636363636364,0.3636363636363636,0.0,1.0,0.3636363636363636,22.0,5,5,"cheapness,quality,dividend,garp,risk",0.6467733333333333,True,0.66665,0.6022,buy,3,AU,4.0715,4.0715,51,stable,0.5749,persistent,2026-07-17,neutral,0.375,57.63309538086633
AMC.AX,Amcor plc,Consumer Cyclical,27652069376.0,17.05413,9.625393,1.6303536,6.15,1.254,128.294,0.09396,0.0298153389944736,0.04705,0.259,,1504000000.0,41688068096.0,3536000000.0,2197000000.0,23506000000.0,15139999744.0,1115000064.0,36.71596,37095000000.0,9326000000.0,,7435000000.0,1106000000.0,2151000000.0,0.1995235259082787,,461900000.0,0.0137862191766038,0.1888200413085482,1.2543375924680564,1.207098897953342,0.4007009030866693,0.4048993686936815,0.6336703059711551,0.4049263475961798,460971988.0,676000000.0,59.86,[],{},0.0543901427249189,11.789612018099549,18.974996857533,0.0527009309939887,0.0586368228692991,,0.0740728253540121,1.0,20,20,0.5553308823529411,7.0,22.0,0.4394045454545454,0.4394045454545454,0.3181818181818182,0.0,1.0,0.3181818181818182,22.0,4,5,"cheapness,quality,dividend,risk",0.4925483333333333,True,0.9,0.5994,buy,3,AU,5.2275,5.2275,34,stable,0.4619,persistent,2026-08-16,neutral,0.625,42.05277572071859
PRN.AX,Perenti Limited,Basic Materials,2090499072.0,24.888887,9.864365,1.1814346,3.36,2.007,31.224,0.057919998,0.006000708110423,0.00562,-0.019,,51930000.0,2400018944.0,601884032.0,291828000.0,3338180000.0,571308992.0,322524000.0,1.896,3126631000.0,1346093000.0,,670563000.0,18762000.0,,0.7201028704264,,934800376.0,0.0362660369308315,0.7057390846832224,2.007407208569516,1.7542230435749937,0.1827235129441242,0.2363445735046104,1.0676603667014113,1.0492227675482788,928219955.0,55634000.0,2.24,[],{},0.0248409581690548,3.987510577452901,8.224087284290746,0.1215940402177092,0.0401785744778382,,0.1188191857880156,0.95,19,20,0.5326558265582656,5.0,22.0,0.4914954545454545,0.4914954545454545,0.2272727272727272,0.0,1.0,0.2272727272727272,22.0,3,5,"cheapness,dividend,risk",0.4428716666666666,True,0.66665,0.596,buy,3,AU,2.856,2.856,4,stable,0.3217,persistent,2026-10-05,neutral,0.5,49.682521584386514
DNL.AX,Dyno Nobel Limited,Basic Materials,7076324352.0,28.857143,20.777617,1.7534723,3.51,1.265,39.648,0.05764,-0.0067944673622907,-0.01042,0.092,2.198,831524992.0,8488603648.0,853600000.0,483900000.0,3710100000.0,1604700032.0,175400000.0,2.304,7829900000.0,2122700000.0,,1591300000.0,-53200000.0,,0.6689307565833805,,1795372022.0,-0.0370189559916174,0.4924126172208014,1.3339408031169484,2.0063818605000376,0.2576022682282021,0.2328300628691179,0.4738374691886231,0.6285125738235855,1892101721.0,158000000.0,4.04,[],{},0.1175080381617871,9.944474751640112,17.542061682165738,0.0570058421933755,0.0346534651749828,,0.0775654794344885,0.95,19,20,0.548238482384824,6.0,22.0,0.4788909090909091,0.4788909090909091,0.2727272727272727,0.0,1.0,0.2727272727272727,22.0,4,5,"cheapness,dividend,garp,risk",0.5504866666666667,True,0.5,0.5905,buy,3,AU,2.9835,2.9835,51,stable,0.4327,persistent,2026-07-17,neutral,0.5,55.29174660259237
YAL.AX,Yancoal Australia Ltd,Energy,7737775104.0,26.636364,5.8019805,0.8568504,3.29,2.746,0.665,0.03299,0.0360507988529291,0.04652,0.13,-0.896,459869824.0,5705775104.0,1231000064.0,1035000000.0,5728000000.0,60000000.0,2094000000.0,6.839,12205000000.0,3218000000.0,,1390000000.0,440000000.0,,0.7615223463687151,,1320439437.0,0.0984137261249595,0.7930830623706769,2.3151079136690647,2.8687196110210698,0.0068824252355591,0.0090644221430883,0.4693158541581319,0.547588216251214,1320439437.0,35000000.0,5.86,[],{},0.0594317898645403,4.635072954797182,5.512826187439614,0.1813951621181878,0.0375426616035131,,0.0957004160887656,0.95,19,20,0.5575757575757577,7.0,22.0,0.53835,0.53835,0.3181818181818182,0.0,1.0,0.3181818181818182,22.0,3,5,"cheapness,garp,risk",0.5093466666666667,True,0.66665,0.5867,buy,3,AU,2.7965,2.7965,5,stable,0.3261,persistent,2026-10-04,neutral,0.5,49.70710939250149
BSL.AX,BlueScope Steel Limited,Basic Materials,13505927164.307344,17.223463,12.444347,1.3094075,4.17,1.918,16.214,0.08104,0.0489057192860496,0.048130002,0.006,,109450000.0,14687975424.0,1654899968.0,945800000.0,16605900000.0,1767000064.0,1167000064.0,23.545,16398900000.0,6118300000.0,,3189300000.0,802000000.0,,0.3941972431485195,,437910312.0,0.0053101831316139,0.3695363260484347,1.918383344307528,1.9554367201426024,0.1077511296489398,0.0561434636588302,1.0126227978705888,1.0298967112350297,438555139.0,49700000.0,30.83,[],{},0.0081038494187387,8.875446074091652,15.529684313808415,0.0643928092672712,0.0580603331629649,,0.0715994428294573,0.95,19,20,0.5469376693766937,5.0,22.0,0.4183590909090908,0.4183590909090908,0.2272727272727272,0.0,1.0,0.2272727272727272,22.0,3,5,"cheapness,dividend,risk",0.3995616666666667,True,0.5,0.5858,buy,3,AU,3.5445,3.5445,33,stable,0.3228,persistent,2026-09-04,neutral,0.5,53.373661449361855
GGP.AX,Greatland Resources Limited,Basic Materials,6854620672.0,8.063492,12.749563,3.0694864,0.0,3.551,0.996,0.48358002,0.2713226419107624,0.38165,0.363,0.674,503452000.0,5539607040.0,1303796992.0,1186411000.0,2259372000.0,22184000.0,1288937984.0,3.31,3178124000.0,1602376000.0,,451233000.0,862297000.0,,0.6175410689341995,,672565333.0,0.159432649325699,0.6505175131375951,3.5511055264131834,2.597607284827087,0.0069802185188494,0.0149235880524313,0.7109137340141543,0.4525753341249972,,8154000.0,10.16,[],{},0.0734470985471915,4.248826369435281,4.669214159342757,0.214168801402924,0.124015749007998,,0.4350782631208948,0.95,19,20,0.6144986449864499,10.0,22.0,0.6514772727272727,0.6514772727272727,0.4545454545454545,0.0,1.0,0.4545454545454545,22.0,4,5,"cheapness,quality,garp,risk",0.64302,True,0.5,0.5645,buy,3,AU,0.0,0.0,33,stable,0.448,persistent,2026-09-04,neutral,0.625,36.23056265462735
BWP.AX,BWP Trust,Real Estate,2788335872.0,6.2280703,17.590803,0.83372474,5.55,1.22,22.561,0.13169,0.0964482133849237,1.95101,0.03,0.624,119657752.0,3448001280.0,,181285000.0,207298000.0,758691968.0,117341000.0,4.258,4234376000.0,137306000.0,,112573000.0,408398000.0,,0.9253779583015757,,785137249.0,0.0708975942918222,0.8313254200830793,1.2197063238964938,0.2545520014403168,0.1791744521506829,0.2157446333668275,0.048955973678294,0.0541116157188453,715887282.0,42747000.0,3.55,[],{},0.042913679518161,,19.01978255233472,0.0525768366304086,0.1605633770704226,,0.0439819661444275,0.9,18,20,0.5862433862433862,12.0,22.0,0.7180136363636364,0.7180136363636364,0.5454545454545454,0.0,1.0,0.5454545454545454,22.0,5,5,"cheapness,quality,dividend,garp,risk",0.758025,True,0.5,0.5501,buy,3,AU,4.7175,4.7175,5,stable,0.5114,persistent,2026-10-04,neutral,0.5,45.60561844913981
BFL.AX,BSP Financial Group Limited,Financial Services,3665949952.0,8.920454,,0.7724097,6.76,,,0.24322,0.0272659594267656,0.34202,0.179,0.084,,,,,3376000000.0002,,,10.163,42984000000.0002,,,,1172000000.0001,,,,467000000.0,0.0279530530527837,,,,0.0060254978596686,0.0072176404549282,0.0785408524102034,0.0801098209049132,467220000.0,126000000.0,7.85,[],{},,,,,0.112101917682665,,,0.6,12,20,0.8831958186500408,9.0,22.0,0.5808772727272727,0.5808772727272727,0.4090909090909091,0.0,1.0,0.4090909090909091,22.0,4,5,"cheapness,quality,dividend,garp",0.5619983333333334,False,0.2,0.8904,hold,2,AU,5.746,5.746,46,stable,0.4257,persistent,2026-07-17,neutral,0.375,48.35158411442335
MTS.AX,Metcash Limited,Consumer Defensive,3310175722.0821943,12.04,11.832226,1.939433,6.31,1.068,110.356,0.16718,0.0398913742585578,0.01608,0.003,-0.035,340175008.0,5159675904.0,544200000.0,503000000.0,17354000000.0,1900999936.0,67200000.0,1.552,6996500000.0,3766100000.0,,3525500000.0,279100000.0,,0.1353578425723176,,1099726157.0,0.0411050332989945,0.1294637187554118,1.0682456389164658,1.0393715952236835,0.2717072822125348,0.2743430884636033,2.480383048667191,2.5134574367754388,1098581825.0,70600000.0,3.01,[],{},0.102766450049975,9.481212613009925,10.257804978131214,0.0974867432293669,0.0830564784053156,,0.1449150100835494,0.95,19,20,0.8357142857142857,9.0,22.0,0.5358409090909091,0.5358409090909091,0.4090909090909091,0.0,1.0,0.4090909090909091,22.0,3,5,"cheapness,dividend,garp",0.5568449999999999,False,0.46665,0.8643,hold,2,AU,5.3635,5.3635,51,stable,0.4845,persistent,2026-07-17,neutral,0.5,63.50762538160528
SPK.AX,Spark New Zealand Limited,Communication Services,3042339840.0,7.2954545,13.289724,2.2781813,7.68,1.373,119.551,0.30692,0.1161005118659841,0.12636,,,975249984.0,4807856128.0,1011000000.0,417000000.0,3637000000.0,1968999936.0,157000000.0,0.7045093,4298000000.0,1271000000.0,,926000000.0,499000000.0,,0.4863898817706901,,1890130108.0,0.0574585635359116,0.5006900358818659,1.3725701943844493,1.348968105065666,0.4422987436016752,0.5191160220994475,0.8462075383899488,0.8006629834254143,1889322507.0,90000000.0,1.605,[],{},0.3205591864451277,4.755545131552918,11.529631002398082,0.0867330446041167,0.1370716519443716,,0.1236654804270462,0.95,19,20,0.845,12.0,22.0,0.6210772727272726,0.6210772727272726,0.5454545454545454,0.0,1.0,0.5454545454545454,22.0,3,5,"cheapness,quality,dividend",0.5552266666666666,False,0.56665,0.86,hold,2,AU,6.528,6.528,51,stable,0.4859,persistent,2026-07-17,neutral,0.375,48.069938650330315
BEN.AX,Bendigo and Adelaide Bank Limited,Financial Services,5898468864.0,16.222223,11.3868065,0.87582487,6.45,,,0.055970002,0.0035925436760791,0.19228001,0.037,,,12695368704.0,,,1979400000.0,10731899904.0,3935000064.0,11.669,104410700000.0,,,,375100000.0,902200000.0,,,577149580.0,-0.0009407191899933,,,,0.0968444804986462,0.1101678084149317,0.0189578271192511,0.0185518349837093,563866856.0,2959200000.0,10.22,[],{},,,,,0.0616438326609121,,,0.7,14,20,0.7403725603144484,4.0,22.0,0.4548818181818182,0.4548818181818182,0.1818181818181818,0.0,1.0,0.1818181818181818,22.0,2,5,"cheapness,dividend",0.4469716666666666,False,0.53335,0.8237,hold,2,AU,5.4825,5.4825,46,stable,0.219,persistent,2026-07-17,neutral,0.5,46.30673828891068
AZJ.AX,Aurizon Holdings Limited,Industrials,6211403776.0,17.57143,14.989033,1.5769231,6.2,1.083,148.337,0.090220004,0.0310223669551803,0.08687,0.09,0.887,286624992.0,11946070016.0,1619000064.0,934000000.0,4166000000.0,5842999808.0,142000000.0,2.34,11669000000.0,1107000000.0,,1022000000.0,362000000.0,,0.8305328852616418,,1683307000.0,0.0260264559354062,0.8405272680279142,1.0831702544031312,0.6075027995520716,0.4823892364384266,0.4725133138635973,0.3570143114234296,0.3323312145679437,1750444000.0,344000000.0,3.69,[],{},0.046144962127157,7.378671737964798,12.790224856531047,0.0781847083391479,0.0569105644788159,,0.0877242415703954,0.95,19,20,0.793054771315641,8.0,22.0,0.5523363636363636,0.5523363636363636,0.3636363636363636,0.0,1.0,0.3636363636363636,22.0,3,5,"cheapness,dividend,garp",0.6386433333333332,False,0.46665,0.8233,hold,2,AU,5.27,5.27,46,stable,0.4607,persistent,2026-07-17,neutral,0.375,46.592326841852504
HDN.AX,HomeCo Daily Needs REIT,Real Estate,2270063872.0,6.0277777,11.833352,0.6955129,8.11,0.496,58.013,0.11419,0.0687596265378691,0.87639,0.43,-0.117,145775008.0,4066347264.0,,256300000.0,378300000.0,1891500032.0,41300000.0,1.56,5258900000.0,53000000.0,,106900000.0,361600000.0,,0.6891356066613799,,2090704958.0,0.0504565887878726,0.6885111050178229,0.4957904583723105,0.5449695121951219,0.3596759778660937,0.3537202410950067,0.0719351955732187,0.0735178503033846,2086214927.0,90900000.0,1.085,[],{},0.0642162583168056,,15.865576527506828,0.0630295406073808,0.165898619652148,,0.0497476708074534,0.9,18,20,0.7912698412698413,10.0,22.0,0.6337318181818182,0.6337318181818182,0.4545454545454545,0.0,1.0,0.4545454545454545,22.0,3,5,"cheapness,dividend,garp",0.6091066666666667,False,0.4,0.8221,hold,2,AU,6.8935,6.8935,51,stable,0.4356,persistent,2026-07-17,neutral,0.625,51.727697558788556
REG.AX,Regis Healthcare Limited,Healthcare,1315720192.0,24.166666,19.236723,-43.939392,4.34,0.084,,,0.0214438538093397,0.04123,0.144,0.723,348566496.0,1145486592.0,125510000.0,57911000.0,1350600000.0,3987000.0,173772992.0,-0.099,2596828000.0,216903000.0,,2596722000.0,55686000.0,,1.0,,302361505.0,0.0232513401903198,1.0,0.0835295422459547,0.1139492516782529,0.0015353346467305,0.0024276848218161,0.5200960556494307,0.5516026709757954,301249350.0,162804000.0,4.35,[],{},0.2649244863150964,9.12665597960322,19.780121082350504,0.0505558078151647,0.0413793114863258,,546.3301886792453,0.85,17,20,0.8182870370370371,6.0,22.0,0.5222818181818182,0.5222818181818182,0.2727272727272727,0.0,1.0,0.2727272727272727,22.0,3,5,"cheapness,dividend,garp",0.5535883333333333,False,0.36665,0.8177,hold,2,AU,3.689,3.689,51,stable,0.4172,persistent,2026-07-17,accumulate,0.75,33.723055651485495
GNE.AX,Genesis Energy Limited,Utilities,2552292608.0,32.5,24.272398,1.0627143,6.36,0.856,38.097,0.02834,0.014265455650471,0.02984,-0.317,,474124992.0,3578019328.0,507200000.0,266400000.0,2817300000.0,1138499968.0,145100000.0,1.834924,5923400000.0,897600000.0,,1049200000.0,84500000.0,,0.3737621126610584,,1308800000.0,0.0277122254998361,0.2663615560640732,0.8555089592070149,1.125314484245837,0.1922038018705473,0.2441494591937069,0.4756221089239288,0.608734841035726,1117087194.0,61000000.0,1.95,[],{},0.185764355745844,7.054454511041009,13.431003483483485,0.074454600598513,0.0307692307692307,,0.0546551228919617,0.95,19,20,0.7071428571428572,5.0,22.0,0.4750363636363636,0.4750363636363636,0.2272727272727272,0.0,1.0,0.2272727272727272,22.0,2,5,"cheapness,dividend",0.4118233333333333,False,0.56665,0.7786,hold,2,AU,5.406,5.406,32,stable,0.2823,persistent,2026-09-06,neutral,0.5,38.77121076371649
GQG.AX,GQG Partners Inc.,Financial Services,3338751232.0,4.6458335,6.3677206,5.127935,18.94,9.146,5.507,1.04013,0.938906960954205,0.57515,-0.014,-0.008,404581760.0,3094182144.0,618470016.0,,779286000.0,25519000.0,168947008.0,0.21743646,493395000.0,,,,463252000.0,,,,2958001088.0,0.9302590765158424,,,,0.0542911865746511,0.0419450030932257,1.5794363542395038,1.601260570317535,2955282170.0,,1.115,[],{},0.1211775696620693,5.002962251932356,,,0.2152466290494482,,,0.85,17,20,0.78251394399402,11.0,22.0,0.6439636363636363,0.6439636363636363,0.5,0.0,1.0,0.5,22.0,4,5,"cheapness,quality,dividend,garp",0.6799216666666666,False,0.56665,0.7752,hold,2,AU,16.099,16.099,51,stable,0.5296,persistent,2026-07-17,accumulate,0.75,43.20433709370272
DOW.AX,Downer EDI Limited,Industrials,4439186944.0,20.60606,13.214403,2.2826452,4.31,1.086,66.045,0.102910005,0.0336509318121765,0.02231,-0.077,0.846,434437504.0,5279248384.0,570200000.0,352000000.0,9704800000.0,1413500032.0,770200000.0,2.979,6433700000.0,3133100000.0,,2885600000.0,216500000.0,,0.8765559310856483,,659010687.0,0.0210989350208365,0.8627113950401543,1.0857707235930136,0.910837497025934,0.2137494754184994,0.2374440500077172,1.5084321618975085,1.6163142460256212,671573679.0,57100000.0,6.8,[],{},0.0978642056485558,9.258590641880042,14.997864727272727,0.0666761581187993,0.0485294131920415,,0.0992080268312618,0.95,19,20,0.7546395633352155,7.0,22.0,0.5256500000000001,0.5256500000000001,0.3181818181818182,0.0,1.0,0.3181818181818182,22.0,3,5,"cheapness,dividend,garp",0.6137116666666667,False,0.56665,0.7673,hold,2,AU,3.6635,3.6635,51,stable,0.4338,persistent,2026-07-17,neutral,0.5,54.51548969645059
SUL.AX,Super Retail Group Limited,Consumer Cyclical,3003492352.0,14.456522,12.30092,2.311034,4.99,1.038,101.701,0.15712,0.0598163964906164,0.04903,0.021,0.109,397187488.0,4308492288.0,451600000.0,-27600000.0,4199800000.0,1321699968.0,16700000.0,5.755,3442200000.0,1028900000.0,,990800000.0,205900000.0,,0.4570217629410924,,225826500.0,0.0664748546424504,0.4563524237733716,1.038453774727493,1.0668158567774937,0.3839695543547731,0.3703770305101001,1.2200918017546918,1.2198345621291136,225826500.0,7900000.0,13.3,[],{},0.1322418842636693,9.540505509300266,-156.10479304347825,-0.0064059532094026,0.0691729310825937,,-0.0112588724810312,0.95,19,20,0.7461397058823529,6.0,22.0,0.4487681818181819,0.4487681818181819,0.2727272727272727,0.0,1.0,0.2727272727272727,22.0,3,5,"cheapness,dividend,garp",0.5050116666666666,False,0.36665,0.7608,hold,2,AU,4.2415,4.2415,51,stable,0.4295,persistent,2026-07-17,neutral,0.5,61.88061348388278
LSF.AX,L1 Long Short Fund Limited,Financial Services,2884824832.0,4.6804123,,1.147914,3.11,1.708,,0.28370002,0.0959452547477318,0.53324,0.17,0.247,1075061376.0,-3285626880.0,,,963627000.0,0.0,6167026176.0,3.955,6614053000.0,,,,634587000.0,,,,634669000.0,,,,,,,0.145693873333038,,622413000.0,96829000.0,4.54,[],{},0.3726608853594338,,,,0.2136563909123988,,,0.75,15,20,0.7874839676013774,12.0,22.0,0.5791409090909091,0.5791409090909091,0.5454545454545454,0.0,1.0,0.5454545454545454,22.0,4,5,"cheapness,quality,dividend,garp",0.609305,False,0.26665,0.7362,hold,2,AU,2.6435,2.6435,51,stable,0.4571,persistent,2026-07-17,neutral,0.5,37.76615582438818
DXS.AX,DEXUS,Real Estate,6011011584.0,10.236363,9.610953,0.6048561,6.64,0.28,46.878,0.048499998,0.0401090777671912,0.46096,-0.121,-0.385,515364576.0,10467162112.0,905200000.0,222800000.0,662100000.0,4673500160.0,181300000.0,9.308,15218500000.0,452600000.0,,1614600000.0,610400000.0,,0.8083371091980064,,1072589964.0,0.0101698660047047,0.7612896222318715,0.2803171064040629,0.363394320043692,0.3058382889246641,0.3138167214691394,0.0435062588297138,0.059862495613636,1075565246.0,227900000.0,5.63,[],{},0.0857367464357892,11.563369544851966,46.98008129263914,0.021285616637634,0.0976909474585846,,0.0163776564073537,0.95,19,20,0.6392857142857142,9.0,22.0,0.6187772727272727,0.6187772727272727,0.4090909090909091,0.0,1.0,0.4090909090909091,22.0,3,5,"cheapness,dividend,garp",0.6054966666666667,False,0.36665,0.7193,hold,2,AU,5.644,5.644,51,stable,0.3872,persistent,2026-07-17,neutral,0.625,50.774318794784946
AGL.AX,AGL Energy Limited,Utilities,5617439744.0,7.389381,11.752949,1.0647794,6.25,1.068,76.535,0.1504,0.0473002565225552,0.05427,-0.047,,-134875008.0,14888513536.0,2156999936.0,1310000000.0,13590000000.0,4038000128.0,344000000.0,7.842,15983000000.0,4063000000.0,,3803000000.0,756000000.0,,0.2648270787343635,,672747233.0,-0.0060478894100222,0.2116329479768786,1.0683670786221404,0.9486850545221296,0.2523931677407245,0.2040854110096272,0.8502784208221235,0.8541100962725253,672747233.0,311000000.0,8.35,[],{},-0.0240100497996547,6.902417235862171,11.365277508396948,0.0879872928101558,0.1353293327275992,,0.1075533661740558,0.95,19,20,0.7,10.0,22.0,0.535509090909091,0.535509090909091,0.4545454545454545,0.0,1.0,0.4545454545454545,22.0,3,5,"cheapness,quality,dividend",0.4530233333333333,False,0.4,0.7143,hold,2,AU,5.3125,5.3125,51,stable,0.4031,persistent,2026-07-17,neutral,0.5,52.0274136984696
WTC.AX,WiseTech Global Limited,Technology,10791964672.0,40.62025,17.165192,3.9442399,0.69,1.235,115.29,0.09802,0.07734,0.12802,0.82,0.166,414137504.0,12589665280.0,565200000.0,,1395900032.0,2239399936.0,344600000.0,8.135915,1889633783.612168,221173576.809192,,217029496.494242,,,,,333447000.0,,,1.0190945488142895,0.6358939028591105,0.0369283010859182,0.0962715428228135,0.7387145827439848,,331857000.0,,32.09,[],{},0.0383746163545632,22.27470856334041,,,0.0246182630584499,,,0.85,17,20,0.6767857142857142,3.0,22.0,0.2668818181818181,0.2668818181818181,0.1363636363636363,0.0,0.7018,0.1363636363636363,22.0,3,5,"cheapness,dividend,garp",0.3042083333333333,False,0.3,0.7018,hold,2,AU,0.5865,0.5865,51,stable,0.3515,persistent,2026-07-17,neutral,0.625,42.74210614564711
ALK.AX,Alkane Resources Ltd,Basic Materials,2472830647.835133,10.6470585,7.4174247,2.2154224,1.09,2.664,1.35,0.31305,0.19398001,0.24441,2.316,1.688,240377248.0,2096976896.0,473913984.0,23643000.0,172991000.0,15059000.0,431899008.0,0.817,,,,,17677000.0,,0.4051366834112757,,605541892.0,0.0913500438996677,0.5617628997464926,,1.375186217960961,,0.1054840153562759,,0.4100035291889751,603490487.0,2347000.0,1.81,[],{},0.0972073231987968,4.42480485235059,88.69335092839319,0.0112748023333491,0.0939226547877049,,,0.85,17,20,0.7156639566395664,11.0,22.0,0.6607727272727273,0.6607727272727273,0.5,0.0,1.0,0.5,22.0,4,5,"cheapness,quality,dividend,garp",0.7215516666666667,False,0.63335,0.7012,hold,2,AU,0.9265,0.9265,51,stable,0.4817,persistent,2026-07-17,neutral,0.375,45.09671423516928
QBE.AX,QBE Insurance Group Limited,Financial Services,35916349578.54025,11.2336445,11.827915,2.1977313,4.68,62.126,37.604,0.19285,0.0444421551457711,0.11148,0.083,0.042,3444999936.0,33920270336.0,3216999936.0,3099000000.0,19506000000.0,4387999744.0,6040999936.0,10.938554,48534999999.9999,,,,2157000000.0,,,,1506000000.0,0.0405738265748299,,,,0.0809724940764398,0.0660265474615698,0.4018955393015358,0.4275190439264689,1505000000.0,254000000.0,24.04,[],{},0.0959173183362253,10.544069322605049,10.945553512746049,0.0913613001695624,0.0890183056798708,,,0.9,18,20,0.6985830494221149,11.0,22.0,0.623809090909091,0.623809090909091,0.5,0.0,1.0,0.5,22.0,4,5,"cheapness,quality,dividend,garp",0.6432983333333333,False,0.56665,0.6902,hold,2,AU,3.978,3.978,51,stable,0.5,persistent,2026-07-17,neutral,0.625,63.20044809243172
ORA.AX,Orora Limited,Consumer Cyclical,1672593024.0,,11.7631855,0.863924,6.64,1.921,59.996,-0.25533,-0.1447689706987227,-0.27701,0.034,,-11612500.0,2304930816.0,389000000.0,63300000.0,2225900000.0,1159900032.0,513100000.0,1.58,4259200000.0,1591400000.0,,828500000.0,-616600000.0,,0.215059077227189,,1225343000.0,0.2007178069759287,0.2309348387714094,1.92082076041038,1.4158723358680518,0.2723281367392938,0.1347538210845486,0.5226098797896318,0.4311379715764938,1281381000.0,52200000.0,1.365,[],{},-0.0069428126468139,5.9252720205655525,36.41280909952607,0.0274628633365453,,,0.0184510449762439,0.9,18,20,0.5686274509803921,3.0,22.0,0.39815,0.39815,0.1363636363636363,0.0,1.0,0.1363636363636363,22.0,2,5,"cheapness,risk",0.3429983333333333,True,0.4,0.6902,hold,2,AU,5.644,5.644,34,stable,0.2266,persistent,2026-08-16,neutral,0.625,39.088214698933385
VGN.AX,Virgin Australia Holdings Limited,Industrials,2203691520.0,4.532258,5.0543203,-9.525424,2.67,0.763,,,0.0803076430059285,0.07925,0.099,26.839,-128725000.0,3405608960.0,914700032.0,706000000.0,6324000000.0,2997600000.0,1752600064.0,-0.295,6241000000.0,2419300000.0,,3172800000.0,501200000.0,,1.0,,768900000.0,0.098212269863098,,0.7625126071608673,0.4547243524815511,0.4803076430059285,0.3185895199195419,1.013299150777119,,782000000.0,234300000.0,2.81,[],{},-0.0584133481622691,3.7231975957774974,4.823808725212465,0.2073050688708547,0.2206405725358088,,0.2301023401342807,0.85,17,20,0.6859903381642511,10.0,22.0,0.6094954545454545,0.6094954545454545,0.4545454545454545,0.0,1.0,0.4545454545454545,22.0,3,5,"cheapness,dividend,garp",0.6012666666666666,False,0.3,0.6848,hold,2,AU,2.2695,2.2695,51,stable,0.3496,persistent,2026-07-17,neutral,0.5,53.51267717035695
WAM.AX,WAM Capital Limited,Financial Services,1252020864.0,,,0.6832298,13.6,24.393,,-0.07255,-0.0755134575774266,0.0,,,-250868064.0,-77690104.0,,,-168486706.0,0.0,1375238912.0,1.61,1667260963.0,,,,-125900640.0,,,,1138200752.0,0.1082321771200441,,,,,,-0.1010559892776665,0.1596294395646141,1126247848.0,,1.1,[],{},-0.2003705139533521,,,,,,,0.7,14,20,0.55052790346908,1.0,22.0,0.3099681818181818,0.3099681818181818,0.0454545454545454,0.0,1.0,0.0454545454545454,22.0,1,5,cheapness,0.2572383333333333,False,0.2,0.6748,hold,2,AU,11.56,11.56,51,stable,0.0858,persistent,2026-07-17,accumulate,0.75,24.01327108705405
FRW.AX,Freightways Group Limited,Industrials,1792103936.0,22.222223,15.920525,3.987015,3.9,0.689,125.615,0.17803,0.061711333880234,0.06404,0.188,0.172,145181376.0,2455375616.0,207430000.0,166915000.0,1463645000.0,697886976.0,32904000.0,2.508142,1518862000.0,240139000.0,,348626000.0,93731000.0,,1.0,,178994863.0,0.057878807849658,1.0,0.6888155215044202,0.8313939953810624,0.4594801897736595,0.4578291264695296,0.963645808506632,0.9339223159924072,178789356.0,17045000.0,10.0,[],{},0.0810116941788804,11.837128747047196,14.710335296408353,0.0679794158223,0.044999998425,,0.1426336226197109,0.95,19,20,0.6757387539996236,5.0,22.0,0.4555090909090909,0.4555090909090909,0.2272727272727272,0.0,1.0,0.2272727272727272,22.0,3,5,"cheapness,dividend,garp",0.5073583333333334,False,0.46665,0.6728,hold,2,AU,3.315,3.315,51,stable,0.3843,persistent,2026-07-17,neutral,0.625,17.448520369579327
TPG.AX,TPG Telecom Limited,Communication Services,7498771968.0,127.333336,41.666668,0.859973,5.25,0.512,49.027,0.00561,0.0317690028254427,0.0864,-0.007,-0.45,4802358784.0,11584172032.0,1284999936.0,399000000.0,5041000000.0,4182000128.0,55000000.0,4.442,14511000000.0,783000000.0,,1700000000.0,461000000.0,,0.5318389208490379,,1963029400.0,-0.0056038546140148,0.5798913043478261,0.4605882352941176,0.7229140722291407,0.2862655916201502,0.330156069969624,0.3473916339328785,0.2890960511155336,1859341669.0,43000000.0,3.82,[],{},0.6404193652631951,9.01492031825284,29.03301261152882,0.0344435492582298,0.007853402976892,,0.0311451096713761,0.95,19,20,0.6027777777777779,5.0,22.0,0.4879545454545454,0.4879545454545454,0.2272727272727272,0.0,1.0,0.2272727272727272,22.0,3,5,"cheapness,dividend,garp",0.503705,False,0.56665,0.6678,hold,2,AU,4.4625,4.4625,51,stable,0.3621,persistent,2026-07-17,neutral,0.5,53.20894833506938
WOR.AX,Worley Limited,Energy,4652278272.0,20.297873,10.642451,0.9525711,5.22,1.042,58.359,0.04775,0.0222783862210989,0.022249999,-0.079,-0.445,474375008.0,6403908096.0,590000000.0,399000000.0,10680000000.0,2844999936.0,1099000064.0,10.015,10683000000.0,3917000000.0,,3758000000.0,238000000.0,,0.0555243445692883,,487980085.0,0.0371177057809238,0.0826947068258777,1.042309739222991,1.0339506172839503,0.2663109613404474,0.2226154823486704,0.9997191800056164,1.018422724385153,516319055.0,124000000.0,9.54,[],{},0.1019661723278791,10.854081518644067,16.04989497744361,0.0623057036451261,0.0492662457785601,,0.0576173285198556,0.95,19,20,0.6507575757575758,6.0,22.0,0.5207454545454545,0.5207454545454545,0.2727272727272727,0.0,1.0,0.2727272727272727,22.0,3,5,"cheapness,dividend,garp",0.5425083333333334,False,0.56665,0.6591,hold,2,AU,4.437,4.437,33,stable,0.3733,persistent,2026-09-04,accumulate,0.75,39.25137628829986
NHF.AX,nib holdings limited,Financial Services,3148598528.0,16.947369,12.811842,2.7299705,4.52,2.395,19.899,0.16374001,0.0872052462676154,0.04916,0.046,-0.109,194081760.0,2039106432.0,289600000.0,272800000.0,3775600000.0,229300000.0,1325900032.0,2.359,2150100000.0,,,,187500000.0,,,,488912791.0,0.091349670811997,,,,0.1066462025022092,0.1418251645940014,1.7560113483093809,1.6410021945866862,487017024.0,14400000.0,6.44,[],{},0.0616406818062261,7.041113370165746,7.474730322580645,0.1337840907756991,0.0590062091643841,,,0.9,18,20,0.6468044714219999,8.0,22.0,0.5525818181818182,0.5525818181818182,0.3636363636363636,0.0,0.9616,0.3636363636363636,22.0,4,5,"cheapness,quality,dividend,garp",0.5926933333333333,False,0.56665,0.658,hold,2,AU,3.842,3.842,46,stable,0.4697,persistent,2026-07-17,accumulate,0.75,43.72920748656606
MIN.AX,Mineral Resources Limited,Basic Materials,10318023680.0,9.638219,14.342905,2.3538742,1.61,1.612,121.084,0.28679,0.0823438106325184,0.16422,0.562,,540750016.0,14925059072.0,2440000000.0,1855000000.0,6461000000.0,5829000192.0,1595000064.0,22.07,12885000000.0,3200000000.0,,1985000000.0,1061000000.0,,0.8376412320074292,,196690264.0,0.0102190974493132,0.7334093934208025,1.6120906801007555,1.0722989439480095,0.4523864959254947,0.4362328319162851,0.5014357780364765,0.4299378678875081,194436770.0,505000000.0,51.95,[],{},0.0524082937557282,6.11682748852459,8.045853947169812,0.1242876152818753,0.1037536084208088,,0.1701834862385321,0.95,19,20,0.660650406504065,10.0,22.0,0.5227727272727274,0.5227727272727274,0.4545454545454545,0.0,1.0,0.4545454545454545,22.0,3,5,"cheapness,quality,dividend",0.4365866666666666,False,0.4,0.6529,hold,2,AU,1.3685,1.3685,33,stable,0.3744,persistent,2026-09-04,accumulate,0.75,38.18316913339298
CIA.AX,Champion Iron Limited,Basic Materials,1691341696.0,13.727273,6.7015815,1.0449152,4.28,1.564,87.81,0.06776,0.0482480432544211,0.059559997,-0.085,,-38077376.0,2906518784.0,454944992.0,308563000.0,1769731000.0,1413798016.0,198620992.0,2.8901868,3497261000.0,827650000.0,,318744000.0,168736000.0,435931000.0,0.2308961079395682,,533251001.0,0.0468764283293418,0.2500543079425288,2.596597896744723,2.0416552823949905,0.3089629284174101,0.2638887651347221,0.5060334358802503,0.5301889214609856,518251001.0,42706000.0,3.02,[],{},-0.0225131184846045,6.388725747309688,9.41953112978549,0.1061623966439158,0.0728476806719003,,0.0970776623186221,1.0,20,20,0.5946341463414633,4.0,22.0,0.4730409090909092,0.4730409090909092,0.1818181818181818,0.0,0.8,0.1818181818181818,22.0,2,5,"cheapness,dividend",0.4468266666666666,False,0.73335,0.6491,hold,2,AU,3.638,3.638,35,stable,0.2487,persistent,2026-08-02,accumulate,0.75,33.10538356195494
WBC.AX,Westpac Banking Corporation,Financial Services,116926431232.0,17.12,15.975888,1.6524299,4.44,,,0.09803,0.0064869740818008,0.31495002,0.015,0.054,,244031684608.0,,,21587000000.0,258104000512.0,132742995968.0,20.721,1077544000000.0,,,,6990000000.0,-19767000000.0,,,3435237487.0,0.0069869699565147,,,,0.1922585063811779,0.1842627605668816,0.0200335206729377,0.0207579527158386,3503827297.0,35594000000.0,34.24,[],{},,,,,0.058411214953271,,,0.7,14,20,0.6002050013553808,4.0,22.0,0.4150545454545454,0.4150545454545454,0.1818181818181818,0.0,1.0,0.1818181818181818,22.0,3,5,"cheapness,dividend,garp",0.482235,False,0.36665,0.6366,hold,2,AU,3.774,3.774,51,stable,0.2597,persistent,2026-07-17,neutral,0.5,45.02333377042029
ALD.AX,Ampol Limited,Energy,10313714688.0,6.7625,15.152151,2.4532366,8.46,1.131,115.121,0.37432998,0.0067764272438674,0.04033,0.334,,-136337504.0,16036858880.0,2807899904.0,597938144.3297,36280088034.2869,5319300096.0,119800000.0,17.642,14085254256.9211,5424765434.9589,,5238966755.4732,95447700.6834,,0.084631201190266,,238300000.0,0.0095174460613315,0.0696176923805363,1.0354647563456276,1.0736555723250534,0.3465024095791044,0.316779451639712,2.575749601144749,2.7075308248711774,238302099.0,248928530.0591,43.28,[],{},-0.013219049404055,5.711335670176368,26.82026398897435,0.0372852407571787,0.1478743068391866,,0.0675919863820651,0.95,19,20,0.65,5.0,22.0,0.4319636363636363,0.4319636363636363,0.2272727272727272,0.0,1.0,0.2272727272727272,22.0,2,5,"cheapness,dividend",0.37748,False,0.2,0.6333,hold,2,AU,7.191,7.191,33,stable,0.2438,persistent,2026-09-04,neutral,0.375,54.49394331938871
DRR.AX,Deterra Royalties Limited,Basic Materials,2095167744.0,12.709678,14.754896,14.646841,5.41,16.522,100.455,1.22863,0.4585137840622565,0.67743,-0.199,-0.161,258692992.0,2218837760.0,227818000.0,226919000.0,242400000.0,143291008.0,10512000.0,0.269,358131000.0,90126000.0,,5455000.0,164208000.0,,1.0,,529456506.0,0.3099185069291006,1.0,16.52172318973419,30.199165507649514,0.4001077817893452,0.5880101279126706,0.6768472988934217,0.5243762615103489,528918273.0,13190000.0,3.94,[],{},0.1234712555788564,9.739519089799751,9.77810478628938,0.1022693069726738,0.0786801994511584,,0.6434205900032891,0.95,19,20,0.6573712737127371,10.0,22.0,0.582790909090909,0.582790909090909,0.4545454545454545,0.0,1.0,0.4545454545454545,22.0,4,5,"cheapness,quality,dividend,garp",0.6230100000000001,False,0.56665,0.6307,hold,2,AU,4.5985,4.5985,51,stable,0.4895,persistent,2026-07-17,neutral,0.625,36.07973819167284
TLS.AX,Telstra Group Limited,Communication Services,53467856110.22163,24.0,20.983606,4.247788,4.37,0.595,126.278,0.15373,0.0507944423037693,0.09770001,-0.02,0.009,3436624896.0,73680347136.0,7122999808.0,3387000000.0,22507000000.0,18923999232.0,1176999936.0,1.13,44119000000.0,6187000000.0,,10392000000.0,2241000000.0,,0.6510418980761541,,11139136247.0,0.0483010140544387,0.6385086058898622,0.5953618167821401,0.5637531464282615,0.4216550692445431,0.400173456680306,0.51014302228065,0.5051814623732432,11385028987.0,604000000.0,4.8,[],{},0.0642745968515279,10.34400521157504,21.753866883968115,0.0459688387969757,0.0416666666666666,,0.1004239926468408,0.95,19,20,0.6322222222222221,5.0,22.0,0.4379636363636363,0.4379636363636363,0.2272727272727272,0.0,0.9452,0.2272727272727272,22.0,4,5,"cheapness,quality,dividend,garp",0.4970433333333333,False,0.46665,0.6272,hold,2,AU,3.7145,3.7145,51,stable,0.4786,persistent,2026-07-17,neutral,0.375,50.24011778653071
FLT.AX,Flight Centre Travel Group Limited,Consumer Cyclical,2097530752.0,14.742857,8.297888,1.9250139,4.1,1.085,112.335,0.12858,0.030424822497734,0.052249998,-0.007,0.906,130659128.0,2777527808.0,232499008.0,201045000.0,2854861000.0,1234854016.0,570220032.0,5.361,4903036000.0,2755065000.0,,2538931000.0,149174000.0,,0.9436284288446968,,206156256.0,0.0266456562608372,0.9407538370024684,1.0851279534575773,1.0286031609209012,0.2518549731227754,0.2151605896704246,0.5822639279009985,0.6775111186824285,217822659.0,63411000.0,10.32,[],{},0.0622918771872194,11.946407134777967,13.815453296525654,0.0723827136567051,0.0678294580216032,,0.0850406390579098,0.95,19,20,0.6099264705882352,7.0,22.0,0.5254454545454545,0.5254454545454545,0.3181818181818182,0.0,1.0,0.3181818181818182,22.0,4,5,"cheapness,quality,dividend,garp",0.6103500000000001,False,0.46665,0.6217,hold,2,AU,3.485,3.485,51,stable,0.468,persistent,2026-07-17,accumulate,0.75,36.99171066399152
RSG.AX,Resolute Mining Limited,Basic Materials,2383220736.0,7.964286,6.4814277,2.2751217,0.0,1.609,2.967,0.34528,0.1092821992194221,0.19765,0.307,1.055,213120992.0,2109407744.0,364500000.0,308500000.0,865600000.0,24100000.0,286100000.0,0.4900837,1178599999.9999,340099999.9999,,319400000.0,128800000.0,,0.5856053604436229,,2137417613.0,-0.034528451991078,0.537790911803519,1.0648090169063869,1.0265115183329856,0.1709655523502605,0.0534362508480201,0.7344306804684145,0.9773255274807334,2129050013.0,12600000.0,1.115,[],{},0.0894256200362298,5.787126869684499,6.837626398703404,0.1462495816076799,0.1255605336121781,,0.359054934823133,0.95,19,20,0.6628184281842818,10.0,22.0,0.68035,0.68035,0.4545454545454545,0.0,1.0,0.4545454545454545,22.0,3,5,"cheapness,quality,garp",0.672065,False,0.56665,0.6184,hold,2,AU,0.0,0.0,51,stable,0.3651,persistent,2026-07-17,neutral,0.625,37.11772440079936
MFF.AX,MFF Capital Investments Limited,Financial Services,3108292864.0,20.153847,,1.2317817,4.02,173.178,0.09,0.0643,0.0536081629252811,0.65441,,,135382624.0,277918752.0,221872992.0,,242210000.0,2260000.0,2968486912.0,4.254,2976972000.0,,,,159590000.0,,,,593079660.0,0.1462960071716949,,,,0.0017934330588262,0.0023161702823736,0.0813611952010297,0.2058553489173876,585869563.0,2834000.0,5.24,[],{},0.0435552986554101,1.2526028945424776,,,0.0496183185274751,,,0.85,17,20,0.5767428195618424,1.0,22.0,0.4197454545454545,0.4197454545454545,0.0454545454545454,0.0,0.75,0.0454545454545454,22.0,1,5,dividend,0.40743,False,0.46665,0.6152,hold,2,AU,3.417,3.417,51,stable,0.1013,persistent,2026-07-17,neutral,0.375,46.89220977174199
EDV.AX,Endeavour Group Limited,Consumer Defensive,5333305344.0,99.0,14.454665,1.4842579,4.03,0.862,165.311,0.01401,0.0044311887515977,0.00426,0.017,,391249984.0,10933365760.0,1072000000.0,-212000000.0,12212000000.0,5933000192.0,330000000.0,2.001,11735000000.0,2151000000.0,,2496000000.0,52000000.0,,0.3438421225024566,,1795725673.0,0.0363047554116243,0.3504727152098192,0.8617788461538461,0.9203000468823254,0.5055815935236472,0.495738878472814,1.0406476352790797,1.027612067496165,1790857913.0,111000000.0,2.97,[],{},0.0733597569920047,10.199035223880596,-51.57248,-0.0193901863939837,0.0101010101010101,,-0.022946206299383,0.95,19,20,0.5488095238095237,1.0,22.0,0.2340681818181818,0.2340681818181818,0.0454545454545454,0.0,0.7336,0.0454545454545454,22.0,1,5,cheapness,0.2273683333333333,False,0.26665,0.606,hold,2,AU,3.4255,3.4255,51,stable,0.1097,persistent,2026-07-17,accumulate,0.75,38.962036491545305
NWL.AX,Netwealth Group Limited,Technology,4159202048.0,67.76,25.070297,25.666666,2.48,3.37,43.491,0.336,0.219532499873316,0.15564999,0.167,0.067,100967376.0,4056035072.0,187180992.0,,371654000.0,70409000.0,173848000.0,0.66,276278000.0,,,,60652000.0,,,,245396703.0,0.452824909256251,,,,0.2548483773590369,0.0524798109731927,1.3452174983169127,1.213657808625903,245021517.0,,16.94,[],{},0.0242756602912694,21.66905425952652,,,0.0147579693034238,,,0.85,17,20,0.5991071428571428,3.0,22.0,0.40315,0.40315,0.1363636363636363,0.0,1.0,0.1363636363636363,22.0,3,5,"quality,dividend,garp",0.4827983333333333,False,0.56665,0.5991,hold,2,AU,2.108,2.108,46,stable,0.3055,persistent,2026-07-17,accumulate,0.875,29.83702976455872
GPT.AX,The GPT Group,Real Estate,8658410496.0,8.071428,12.437058,0.80341274,5.43,0.281,52.92,0.10027,0.0579520079396023,1.05995,-0.082,0.217,6221337600.0,14145031168.0,612700032.0,643800000.0,1031900000.0,5702700032.0,120300000.0,5.626,16927800000.0,271400000.0,,1104400000.0,981000000.0,,0.6563620505862972,,1915577430.0,-0.0128408552892551,0.6542935167391524,0.2457442955450923,0.6638683965064021,0.326457070617564,0.311334757962354,0.0609588960172024,0.0632573673367541,1915577430.0,227000000.0,4.52,[],{},0.7185311441256019,23.08638881872949,21.97115745262504,0.0455142157237839,0.123893814080978,,0.0406865781058432,0.95,19,20,0.6060714285714285,9.0,22.0,0.66455,0.66455,0.4090909090909091,0.0,1.0,0.4090909090909091,22.0,3,5,"cheapness,dividend,garp",0.6815066666666667,False,0.46665,0.5948,hold,2,AU,4.6155,4.6155,51,stable,0.3422,persistent,2026-07-17,neutral,0.625,48.85163311455182
SMR.AX,Stanmore Resources Limited,Basic Materials,2289534720.0,,23.760523,4.4797177,4.84,0.964,48.647,-0.02468,-0.0161599561763894,-0.020510001,0.128,,301962496.0,2927634688.0,205600000.0,197100000.0,1881200000.0,776499968.0,138400000.0,0.567,2920800000.0001,593900000.0,,470300000.0,-47200000.0,,0.8314373803954922,,901391634.0,0.0598119748883405,0.8344395742016281,1.2628109717201783,1.1386925795053005,0.1818337441796705,0.2099821969578661,0.6440701177759297,0.7481962707311741,901391634.0,45000000.0,2.54,[],{},0.1318881488724486,14.239468326848248,14.853549913749363,0.0673239734478784,,,0.0804325647826941,0.9,18,20,0.5155555555555554,3.0,22.0,0.413790909090909,0.413790909090909,0.1363636363636363,0.0,1.0,0.1363636363636363,22.0,2,5,"cheapness,risk",0.366225,True,0.5,0.5881,hold,2,AU,4.114,4.114,24,stable,0.1987,persistent,2026-09-17,neutral,0.625,34.72741030104791
ANZ.AX,ANZ Group Holdings Limited,Financial Services,114268603396.63383,19.166666,14.826593,1.6081872,4.38,,,0.082440004,0.0045416418679092,0.27417,-0.021,0.007,,102109609984.0,,,22307000000.0,272083992576.0,284675014656.0,23.598,1297108000000.0,,,,5891000000.0,26110000000.0,,,2983751824.0,0.0053168336567367,,,,0.169472395513712,0.1668574543472336,0.0171974885668733,0.0165606961106161,2974064248.0,45962000000.0,37.95,[],{},,,,,0.0521739148582231,,,0.7,14,20,0.5501533274600163,3.0,22.0,0.4229136363636364,0.4229136363636364,0.1363636363636363,0.0,1.0,0.1363636363636363,22.0,3,5,"cheapness,dividend,garp",0.4936216666666667,False,0.53335,0.5836,hold,2,AU,3.723,3.723,51,stable,0.2381,persistent,2026-07-17,neutral,0.625,53.75940152444287
RHC.AX,Ramsay Health Care Limited,Healthcare,12591765504.0,40.407406,26.150276,2.6699624,1.77,0.911,196.666,0.05687,0.001067829414251,0.01765,0.01,0.329,706174976.0,23719735296.0,1785500032.0,870500000.0,17674100000.0,11001100288.0,730400000.0,20.431,22475500000.0,4040300000.0,,4465600000.0,24000000.0,,0.7734198629633192,,230800000.0,0.0425337417440413,0.7757635777345684,0.9047608384091724,0.926440686075162,0.539249404907566,0.523504355317316,0.7863718271006207,0.7925816023738872,229800000.0,335200000.0,54.55,[],{},0.0560822845514134,13.28464568518137,27.24840355657668,0.0366993977435657,0.024747938533842,,0.0483345271211944,0.95,19,20,0.5516666666666666,3.0,22.0,0.2929136363636364,0.2929136363636364,0.1363636363636363,0.0,0.8075,0.1363636363636363,22.0,3,5,"cheapness,dividend,garp",0.3342166666666667,False,0.36665,0.5812,hold,2,AU,1.5045,1.5045,51,stable,0.3229,persistent,2026-07-17,wait,0.25,62.209299177585216
SNZ.AX,Summerset Group Holdings Limited,Healthcare,1323274368.0,5.185185,18.064516,0.48009157,2.11,0.689,59.592,0.102239996,0.0281238393177164,0.87988997,0.159,0.889,-277291840.0,3424459776.0,44186000.0,5918000.0,360861000.0,2092395008.0,31440000.0,11.664441,9234870000.0,107380000.0,,505266000.0,259720000.0,,0.8996317141503238,,242361023.0,0.0421321283420815,0.9039518409596656,0.2125217212319847,0.2917270702008717,0.2141998750388473,0.2140114946604304,0.0390759155245282,0.0395004665258121,236299000.0,31644000.0,5.6,[],{},-0.2095497704070997,77.50101335264563,578.651533626225,0.0017281557930613,0.1928571497448982,,0.0006779230764648,0.95,19,20,0.5975000000000001,7.0,22.0,0.5290272727272728,0.5290272727272728,0.3181818181818182,0.0,1.0,0.3181818181818182,22.0,3,5,"cheapness,dividend,garp",0.55983,False,0.2,0.5781,hold,2,AU,1.7935,1.7935,51,stable,0.335,persistent,2026-07-17,accumulate,0.75,24.061628838169085
NWH.AX,NRW Holdings Limited,Industrials,3686638080.0,24.21212,16.68337,5.3231177,2.89,1.124,84.863,0.236,0.0689587690596768,0.03568,0.436,,211033744.0,3923296000.0,431188000.0,239740000.0,4293271000.0,585496000.0,319668000.0,1.501,2222821000.0,1115607000.0,,992731000.0,153283000.0,,0.6159399208668636,,459466948.0,0.0162685360727775,0.5500350400435782,1.1237757257504803,1.109505470703024,0.2634022262701315,0.2416824654997575,1.9314515203878315,1.920955866143468,457362463.0,30147000.0,7.99,[],{},0.0572428699049297,9.09880608922326,16.36479519479436,0.0611067836839229,0.0413016291014582,,0.1948963084001983,0.95,19,20,0.5871588556371165,3.0,22.0,0.3879045454545454,0.3879045454545454,0.1363636363636363,0.0,0.8,0.1363636363636363,22.0,2,5,"cheapness,dividend",0.3905883333333333,False,0.56665,0.5729,hold,2,AU,2.4565,2.4565,33,stable,0.2204,persistent,2026-09-04,neutral,0.375,59.71776250678965
PPT.AX,Perpetual Limited,Financial Services,1973245696.0,33.411766,10.94975,1.2601687,7.43,1.583,47.59,0.03691,-0.0170284978641231,0.07688,,,72725000.0,2367777792.0,279000000.0,104200000.0,1348300000.0,740600000.0,330200000.0,13.522,3417800000.0,886000000.0,,624800000.0,-58200000.0,,1.0,,112050538.0,-0.1389150388326665,1.0,1.4180537772087067,0.5212150826614546,0.3295394698343964,0.2921863967992469,0.3944935338521856,0.3835608378441986,109986327.0,71000000.0,17.04,[],{},0.0368555219187464,8.486658752688172,22.723395316698657,0.0440075079477728,0.0299295763055445,,0.0373075546007876,0.95,19,20,0.499929201886033,2.0,22.0,0.3631727272727272,0.3631727272727272,0.0909090909090909,0.0,0.933,0.0909090909090909,22.0,2,5,"dividend,risk",0.3531316666666667,True,0.4,0.5693,hold,2,AU,6.3155,6.3155,33,stable,0.2032,persistent,2026-09-04,neutral,0.625,42.64216355300853
MFG.AX,Magellan Financial Group Limited,Financial Services,2399384832.0,16.4,13.219624,1.4391015,6.24,4.854,0.191,0.08534,0.0772211692000681,0.44647,-0.465,-0.74,69030248.0,2044777472.0,63360000.0,,190765000.0,2022000.0,347851008.0,5.698,1138522000.0,,,,87918000.0,,,,292607897.0,0.1508764294778725,,,,0.0017759867617841,0.0046719743708834,0.1675549528248026,0.286417628794722,195122000.0,157000.0,8.2,[],{},0.0287699776540056,32.272371717171715,,,0.0609756097560975,,,0.85,17,20,0.5592806624115921,5.0,22.0,0.4713363636363636,0.4713363636363636,0.2272727272727272,0.0,0.9702,0.2272727272727272,22.0,3,5,"cheapness,dividend,garp",0.5449133333333334,False,0.46665,0.5666,hold,2,AU,5.304,5.304,51,stable,0.2871,persistent,2026-07-17,accumulate,0.875,39.4603272795187
VNT.AX,Ventia Services Group Limited,Industrials,4983375360.0,19.09375,16.585234,9.133034,3.9,1.153,226.62,0.47068,0.0937844542447629,0.044239998,-0.047,-0.017,228215504.0,5606508544.0,473500000.0,409700000.0,6141100000.0,1224199936.0,483900000.0,0.669,2902400000.0,1188800000.0,,1224700000.0,272200000.0,,0.9297031476445587,,826358504.0,0.0748521313481541,0.926787322905577,0.9706866987833755,1.0798153034300793,0.3221816427783903,0.3016860425589775,2.115869625137817,2.075430008838126,855484445.0,48500000.0,6.11,[],{},0.0457953670983355,11.840567146779303,13.684424076153284,0.0730757826880429,0.0523731587561374,,0.2442033736663289,0.95,19,20,0.5903914925654057,3.0,22.0,0.4557272727272727,0.4557272727272727,0.1363636363636363,0.0,0.9508,0.1363636363636363,22.0,3,5,"cheapness,dividend,garp",0.5171533333333334,False,0.46665,0.5625,hold,2,AU,3.315,3.315,51,stable,0.3286,persistent,2026-07-17,neutral,0.375,61.11375072858015
QAN.AX,Qantas Airways Limited,Industrials,13422076928.0,10.686747,6.957299,9.988738,4.4,0.432,688.298,1.12724,0.047680698379818,0.05052,0.079,-0.464,-438124992.0,20447090688.0,4120000000.0,1800000000.0,25189000000.0,10352000000.0,3276999936.0,0.888,27034000000.0,5711000000.0,,13226000000.0,1289000000.0,,0.5299932510222716,,1513199279.0,0.0687189587258092,0.5451322141056858,0.4318009980341751,0.3550644856873231,0.3829252052970334,0.3406405206370954,0.9317526078271806,1.002269224182223,1513199279.0,298000000.0,8.87,[],{},-0.0326421159966696,4.9628860893203885,11.359494826666667,0.0880320837553865,0.0935738443138964,,0.1303592120509849,0.95,19,20,0.5679700734048561,7.0,22.0,0.4809227272727272,0.4809227272727272,0.3181818181818182,0.0,1.0,0.3181818181818182,22.0,3,5,"cheapness,dividend,garp",0.49459,False,0.3,0.553,hold,2,AU,3.74,3.74,51,stable,0.3195,persistent,2026-07-17,neutral,0.5,44.347743090201206
SGH.AX,SGH Limited,Industrials,30650583040.0,23.440994,14.166136,2.9495897,,1.492520186995325,,,0.053432983935992,,,,,,,1325800000.0,10589000000.0,,,12.795,12898400000.0,3511900000.0,,2353000000.0,689200000.0,,0.3885163849277552,,813587195.0,0.0404408352668213,0.3737143389025922,1.492520186995325,1.46850331544048,0.3919710971903491,0.4150502706883217,0.8209545369968368,0.8308971384377417,406305254.0,239200000.0,37.74,[],{},,,,,0.0426603069818626,,0.1257230640848142,0.6,12,20,0.5476190476190477,0.0,22.0,0.2101818181818182,0.2101818181818182,0.0,0.0,1.0,0.0,22.0,0,5,,0.1983616666666666,False,0.4,0.5476,hold,2,AU,,,34,stable,0.0,persistent,2026-08-16,neutral,0.625,50.067025953824135
TUA.AX,Tuas Limited,Communication Services,910337600.0,33.199997,20.422266,1.0155847,0.0,6.922,0.058,0.04062,0.0138410665125732,0.13851,0.225,2.888,51997124.0,425747552.0,83127000.0,10733000.0,151290000.0,486000.0,498785984.0,1.6345264,498371999.9997,91460999.9999,,51440000.0,6898000.0,,0.6805010245224403,,467871871.0,-0.0085436346794964,0.6946055610131123,1.7780132192826594,2.624903715902149,0.0020827815366846,0.002911714472198,0.3035684187717028,0.2287650031462149,465754632.0,223000.0,1.66,[],{},0.0571185063651111,5.121651833940837,39.66715289294699,0.0252097750170974,0.0301204846494413,,0.024014838946433,0.95,19,20,0.5211111111111111,5.0,22.0,0.4702590909090908,0.4702590909090908,0.2272727272727272,0.0,1.0,0.2272727272727272,22.0,3,5,"cheapness,garp,risk",0.5306649999999999,True,0.66665,0.5461,hold,2,AU,0.0,0.0,4,stable,0.3042,persistent,2026-10-05,neutral,0.625,30.341818992433048
ORG.AX,Origin Energy Limited,Utilities,18967451648.0,12.098901,18.411987,1.8661017,5.45,1.089,49.398,0.15698,0.0757495548390201,0.10082,-0.102,1.19,818625024.0,23051239424.0,1715000064.0,1325000000.0,15428000000.0,5006000128.0,866000000.0,5.9,20779000000.0,4463000000.0,,4099000000.0,1574000000.0,,0.2148690692247861,,1722747671.0,0.0705131259231025,0.1916111695291506,1.088802146865089,1.1503067484662577,0.2399537995091198,0.2306922673781504,0.7424803888541316,0.815570060507885,1715933982.0,159000000.0,11.01,[],{},0.0431594628098772,13.44095543077484,17.397161829433962,0.0574806402219077,0.0826521350988821,,0.0794364508393285,0.95,19,20,0.592857142857143,10.0,22.0,0.5997318181818182,0.5997318181818182,0.4545454545454545,0.0,1.0,0.4545454545454545,22.0,4,5,"cheapness,quality,dividend,garp",0.6842566666666666,False,0.4,0.5429,hold,2,AU,4.6325,4.6325,32,stable,0.4316,persistent,2026-09-06,neutral,0.5,45.31946850161918
ARB.AX,ARB Corporation Limited,Consumer Cyclical,1459031808.0,15.854546,13.921373,1.9666216,4.0,3.929,6.679,0.123339996,0.1036527575420072,0.13078,-0.063,0.072,64307376.0,1466545920.0,139768992.0,113459000.0,702015000.0,49553000.0,47895000.0,8.868,891573000.0,405041000.0,,103089000.0,92414000.0,,0.5760261532873229,,83660077.0,0.1077915589970534,0.5674752619703568,3.929041895837577,4.129808300799315,0.0556107015353762,0.0515509950551187,0.787389254721711,0.8067749515348585,83163152.0,2200000.0,17.44,[],{},0.0440753763196915,10.492641457985188,12.92577865131898,0.0773647783221135,0.0630733923254567,,0.1438951202560863,0.95,19,20,0.5189338235294118,7.0,22.0,0.5822045454545454,0.5822045454545454,0.3181818181818182,0.0,1.0,0.3181818181818182,22.0,5,5,"cheapness,quality,dividend,garp,risk",0.633135,True,0.66665,0.5425,hold,2,AU,3.4,3.4,1,deteriorating,0.3151,new,2026-10-07,neutral,0.625,38.79122914077546
VEA.AX,Viva Energy Group Limited,Energy,5226901504.0,24.307693,12.663808,2.8014185,4.88,0.953,301.048,0.12858,-0.0337655256468852,0.00753,0.102,,536137504.0,10527719424.0,1483000064.0,245400000.0,28438200000.0,5570599936.0,241800000.0,1.128,12471300000.0,4616300000.0,,5136200000.0,-421100000.0,,0.1214036050101623,,1625651926.0,-0.0062926278112706,0.098375577650189,0.8987773061796659,0.9493897373634098,0.469726492025691,0.4562773704568134,2.2802915493974165,2.473522304602773,1594807705.0,176500000.0,3.16,[],{},0.1025727199163231,7.098933897281342,42.90024215158924,0.0233098917359597,0.0411392393346419,,0.0334555766110891,0.95,19,20,0.565530303030303,3.0,22.0,0.3291818181818182,0.3291818181818182,0.1363636363636363,0.0,1.0,0.1363636363636363,22.0,2,5,"cheapness,dividend",0.2976783333333334,False,0.2,0.5405,hold,2,AU,4.148,4.148,33,stable,0.2101,persistent,2026-09-04,wait,0.25,58.524209879294986
BOQ.AX,Bank of Queensland Limited,Financial Services,4177555200.0,45.5,11.905207,0.70856506,6.14,,,0.0164,0.0027659161490683,0.05889,0.02,-0.19,,16046369792.0,,,1597000000.0,16714000384.0,4936999936.0,8.99,103040000000.0,,,,285000000.0,-865000000.0,,,658635735.0,0.0011770066064241,,,,0.1781541149068323,0.183404206849419,0.0154988354037267,0.0166489482876452,653999307.0,3482000000.0,6.37,[],{},,,,,0.0219780219780219,,,0.7,14,20,0.4501177487123882,2.0,22.0,0.3747863636363636,0.3747863636363636,0.0909090909090909,0.0,1.0,0.0909090909090909,22.0,2,5,"dividend,garp",0.41186,False,0.36665,0.5363,hold,2,AU,5.219,5.219,44,stable,0.1381,persistent,2026-07-18,neutral,0.5,40.44412769751492
RYM.AX,Ryman Healthcare Limited,Healthcare,1452515840.0,,,0.44102582,0.0,0.036,39.203,-0.041479997,-0.0362113812053389,-0.20053,0.119,,352426624.0,3039239168.0,77920000.0,-118256000.0,713797000.0,1598585984.0,20287000.0,3.2424405,12063362000.0,216023000.0,,889817000.0,-436831000.0,,1.0,,1015713000.0,0.0003649472695142,1.0,0.242772390278001,2.1803916948272075,0.1405299782929501,0.1963503438758638,0.0591706524267447,0.0497194988536452,730437885.0,139773000.0,1.43,[],{},0.2426318627960711,39.00460944558522,-25.70050710323366,-0.0389097380835018,,,-0.0105835703888067,0.9,18,20,0.5433333333333334,2.0,22.0,0.3067590909090908,0.3067590909090908,0.0909090909090909,0.0,1.0,0.0909090909090909,22.0,1,5,cheapness,0.1832183333333333,False,0.2,0.5333,hold,2,AU,0.0,0.0,51,stable,0.0969,persistent,2026-07-17,neutral,0.625,31.182345404088593
CYL.AX,Catalyst Metals Limited,Basic Materials,1463363072.0,8.671876,3.881825,2.06858,0.0,3.016,3.661,0.29231,0.22156,0.27079,0.985,0.393,14133625.0,1158098944.0,342500992.0,,631937984.0,25633000.0,313473984.0,2.683,340481000.0,76302000.0,,96571000.0,,,,,224582544.0,0.0746870076056597,1.0,0.7901129738741444,0.5568349958228065,0.0969363929264775,0.1072115857118853,1.8560154134885647,1.005044020252169,219062544.0,,5.55,[],{},0.0096583173857758,3.381300991969097,,,0.1153153020176949,,,0.85,17,20,0.5617344173441735,7.0,22.0,0.5262363636363637,0.5262363636363637,0.3181818181818182,0.0,1.0,0.3181818181818182,22.0,3,5,"cheapness,quality,garp",0.5532083333333333,False,0.4,0.5317,hold,2,AU,0.0,0.0,51,stable,0.2788,persistent,2026-07-17,neutral,0.625,37.2535008969782
CAR.AX,CAR Group Limited,Communication Services,8407779328.0,26.722893,16.953688,3.0635362,3.93,1.405,57.027,0.11337,0.0639847721741344,0.25027,0.038,0.13,399864256.0,9754179584.0,574438976.0,481917000.0,1253427000.0,1605361024.0,326518016.0,7.24,4902604000.0,519937000.0,,370103000.0,313692000.0,,0.9845838648760558,,378858647.0,0.0563396728732764,0.9524976010595884,1.4048440569246938,1.7799321322528074,0.3267190252363846,0.2887798589181901,0.2556655605878019,0.2421078873169731,377858815.0,75684000.0,22.18,[],{},0.0475588428764242,16.980358213019304,20.24037247907835,0.0494062053963512,0.0374210980824568,,0.106324742123609,0.95,19,20,0.5444444444444445,4.0,22.0,0.4335363636363636,0.4335363636363636,0.1818181818181818,0.0,1.0,0.1818181818181818,22.0,4,5,"cheapness,dividend,garp,risk",0.516825,True,0.66665,0.5294,hold,2,AU,3.3405,3.3405,51,stable,0.4081,persistent,2026-07-17,accumulate,0.75,36.553546411863095
ALX.AX,Atlas Arteria Limited,Industrials,5523275264.0,47.5,11.940298,1.0582011,10.47,0.75,30.781,0.00621,0.0338958697980616,1.7136501,-0.041,0.081,169175008.0,6918499840.0,30100000.0,-23400000.0,158900000.0,1608300032.0,218800000.0,3.591,7655800000.0,288400000.0,,132700000.0,259500000.0,,0.8602894902454373,,1450833707.0,0.0406560154926168,0.956551724137931,2.173323285606632,2.728965003723008,0.2270696726664751,0.2236988622609537,0.0207555056297186,0.0175502299685306,1450833707.0,97600000.0,3.8,[],{},0.03062947253465,229.8504930232558,-295.6623863247863,-0.0033822361120413,0.0210526315789473,,-0.0031104199066874,0.95,19,20,0.4954592508940335,4.0,22.0,0.446490909090909,0.446490909090909,0.1818181818181818,0.0,1.0,0.1818181818181818,22.0,3,5,"cheapness,dividend,garp",0.523115,False,0.46665,0.5273,hold,2,AU,8.8995,8.8995,51,stable,0.2915,persistent,2026-07-17,neutral,0.625,33.617203896608345
NHC.AX,New Hope Corporation Limited,Energy,5012012032.0,31.263159,14.439205,1.9254457,10.17,2.117,14.886,0.06141,0.0445287042218999,0.091120005,0.259,0.07,241027872.0,4584416768.0,497187008.0,277085000.0,1747853000.0,389233984.0,778497984.0,3.085,3614747000.0,1100998000.0,,520108000.0,160960000.0,,0.6425523199033328,,843773054.0,0.12415892219965,0.5657998153885523,2.1168641897452067,2.077990626009472,0.1083995643401875,0.1053611106479863,0.4835339790032331,0.4947220257474151,842800780.0,25658000.0,5.94,[],{},0.048090042573944,9.220709097853176,16.54516400382554,0.0604406217894716,0.031986530855695,,0.0895370994807471,0.95,19,20,0.5056818181818181,5.0,22.0,0.4947772727272728,0.4947772727272728,0.2272727272727272,0.0,1.0,0.2272727272727272,22.0,4,5,"cheapness,dividend,garp,risk",0.5703066666666666,True,0.66665,0.5265,hold,2,AU,8.6445,8.6445,24,stable,0.3922,persistent,2026-09-17,neutral,0.375,55.361044595482284
RMS.AX,Ramelius Resources Limited,Basic Materials,7052598272.0,53.42857,11.45272,1.798077,1.61,2.138,2.023,0.043,0.1358777074283477,0.11505,,,654598976.0,6534863872.0,737420032.0,269158000.0,882510000.0,79469000.0,608398016.0,2.08,1593948000.0,547165000.0,,158650000.0,216582000.0,,0.5609239555359146,,1142970373.0,0.0525315602370879,0.4753763844595162,3.448881184998424,3.694438827098079,0.0065667135941699,0.0242668655483553,0.5536629802226923,0.5386215041394812,867385109.0,4135000.0,3.74,[],{},0.0928167110551111,8.861793263571121,24.278913768121328,0.0411880041072108,0.0187165780405502,,0.1875276075072911,0.95,19,20,0.4821680216802168,3.0,22.0,0.4076590909090909,0.4076590909090909,0.1363636363636363,0.0,1.0,0.1363636363636363,22.0,2,5,"cheapness,risk",0.3877033333333333,True,0.66665,0.5255,hold,2,AU,1.3685,1.3685,33,stable,0.1915,persistent,2026-09-04,neutral,0.375,48.167796689658225
MND.AX,Monadelphous Group Limited,Industrials,3179553280.0,25.087303,23.371536,5.5602465,3.74,1.422,12.652,0.23864001,0.0700987081949551,0.04553,0.192,0.493,203768144.0,2942290688.0,187543008.0,37868000.0,2008562000.0,71994000.0,293641984.0,5.685,887363000.0,572256000.0,,346879000.0,62203000.0,,0.0675966188745978,,97463244.0,0.0697016561351985,0.0689488865491041,1.6497280031365404,2.007006925764462,0.1062023095396134,0.1155050808801131,2.263517861348738,2.2403205523748526,96341720.0,2345000.0,31.61,[],{},0.0640870355221724,15.688618410130225,77.69860272525615,0.0128702443148948,0.0398608012985692,,0.0700631286032519,0.95,19,20,0.5544372294372295,5.0,22.0,0.4611909090909091,0.4611909090909091,0.2272727272727272,0.0,1.0,0.2272727272727272,22.0,4,5,"cheapness,dividend,garp,risk",0.5709166666666666,True,0.66665,0.5248,hold,2,AU,3.179,3.179,5,stable,0.4101,persistent,2026-10-04,neutral,0.5,63.12384013566106
TAH.AX,Tabcorp Holdings Limited,Consumer Cyclical,1996136192.0,43.5,19.656576,1.4948453,3.53,0.616,65.969,0.03682,0.0144791568940175,0.01754,0.005,1.225,161624992.0,2412263424.0,300700000.0,187100000.0,2636300000.0,832000000.0,305800000.0,0.582,3197700000.0,477000000.0,,774800000.0,46300000.0,,1.0,,2292600000.0,0.0116553085790713,1.0,0.6156427465152298,0.5275752991335442,0.2601870094130156,0.2746958792433603,0.8244363136004003,0.832622125979237,2286248411.0,86900000.0,0.87,[],{},0.0809689201807729,8.022159707349518,12.89290980224479,0.0775620100767237,0.0229885057471264,,0.0772215114119443,0.95,19,20,0.4744485294117648,5.0,22.0,0.4360590909090909,0.4360590909090909,0.2272727272727272,0.0,0.9085,0.2272727272727272,22.0,3,5,"cheapness,dividend,garp",0.4987666666666667,False,0.46665,0.5244,hold,2,AU,3.0005,3.0005,51,stable,0.2847,persistent,2026-07-17,neutral,0.625,43.17031723140734
CSL.AX,CSL Limited,Healthcare,87334141952.0,,19.03984,4.094407,2.27,2.21,66.818,-0.15835,-0.0766510134934316,-0.16326,0.055,,1892875008.0,96464994304.0,5078000128.0,3101000000.0,15698000000.0,10896000000.0,1512999936.0,44.44844,33646000000.0,11832000000.0,,5354000000.0,-2579000000.0,,0.5080902025735763,,478911979.0,0.0761851588671206,0.5152948801036941,2.209936496077699,2.461059190031204,0.3238423586756226,0.2917977870267,0.466563633121322,0.3915846106994243,484212123.0,382000000.0,181.99,[],{},0.0216739406341262,18.996650624739804,31.107705354401805,0.0321463762308169,,,0.1096069560299731,0.9,18,20,0.4547222222222222,2.0,22.0,0.2793,0.2793,0.0909090909090909,0.0,1.0,0.0909090909090909,22.0,2,5,"cheapness,risk",0.2602416666666666,True,0.5,0.5208,hold,2,AU,1.9295,1.9295,32,stable,0.1756,persistent,2026-09-06,neutral,0.375,63.21384188745133
PRU.AX,Perseus Mining Limited,Basic Materials,8314719744.0,13.3404255,8.029403,2.5889814,2.27,3.523,0.086,0.2057,0.1463226209415096,0.28858998,0.314,0.398,143585376.0,7562853376.0,828004992.0,711699000.0,1483908000.0,2110000.0,924057024.0,2.4218018,2926704000.0,1238277000.0,,351512000.0,428243000.0,,0.5799146577820188,,1327131493.0,0.149512338385121,0.5931597443116718,3.5227161519379138,4.590054609640863,0.0007209475232206,0.0011102551046941,0.5070236006101061,0.5031551966510329,1356195842.0,11900000.0,6.27,[],{},0.0172688172807764,9.133825821185388,10.626477451844108,0.0941045614157362,0.0749601277710369,,0.2763673543564907,0.95,19,20,0.5251761517615177,10.0,22.0,0.6118181818181817,0.6118181818181817,0.4545454545454545,0.0,1.0,0.4545454545454545,22.0,5,5,"cheapness,quality,dividend,garp,risk",0.6663633333333333,True,0.5,0.5185,hold,2,AU,1.9295,1.9295,51,stable,0.4957,persistent,2026-07-17,neutral,0.625,46.51971304274039
NAB.AX,National Australia Bank Limited,Financial Services,117555268671.2265,19.39394,15.713941,1.9410605,4.39,,,,,0.29256,0.061,,,223549259776.0,,,20856999936.0,292010000384.0,186704003072.0,19.783,1080248000000.0,,,,,-35781000000.0,,,3074038000.0,0.006571722896128,,,,0.1983729662077597,0.18675778952169,0.0193076033799646,0.0194810038495566,3120821000.0,,38.4,[],{},,,,,0.0515624983886719,,,0.55,11,20,0.5068933823529412,1.0,22.0,0.3144818181818182,0.3144818181818182,0.0454545454545454,0.0,1.0,0.0454545454545454,22.0,1,5,dividend,0.3208966666666667,False,0.3,0.5109,hold,2,AU,3.7315,3.7315,51,stable,0.056,persistent,2026-07-17,neutral,0.5,46.933462282370286
L1G.AX,L1 Group Limited,Financial Services,5954460672.0,19.333334,17.241379,3.6477988,3.45,3.029,1.716,1.02729,0.1242484798505343,0.60795,2.201,-0.047,338779264.0,2931081984.0,705366016.0,773804000.0,923464000.0,16731000.0,176215008.0,0.318,1168964000.0,,,,145242000.0,,,,5133024199.0,0.0251251042535446,,,,0.0143126734441779,0.0426597485083723,0.7899849781515941,0.5450495605312119,556215023.0,3625000.0,1.16,[],{},0.0568950376300344,4.155405729101641,3.787886834392172,0.2639994391913945,0.0517241361474435,,,0.9,18,20,0.5477429058133517,7.0,22.0,0.5614499999999999,0.5614499999999999,0.3181818181818182,0.0,1.0,0.3181818181818182,22.0,4,5,"cheapness,quality,dividend,garp",0.6089033333333334,False,0.56665,0.5106,hold,2,AU,2.9325,2.9325,51,stable,0.381,persistent,2026-07-17,neutral,0.625,49.71393225849867
SUN.AX,Suncorp Group Limited,Financial Services,19886565376.0,19.541668,14.965976,1.9191817,3.71,0.202,25.545,0.10145,0.0347346704095782,0.0683,-0.005,0.022,1676684544.0,21496563712.0,1624000000.0,1791000000.0,15289000000.0,2659000064.0,1096000000.0,9.775,29567000000.0,,,,1027000000.0,,,,1060051406.0,0.0604362816602572,,,,0.089931342374945,0.0838085134597533,0.5170967632833903,0.511371170932237,1082967555.0,278000000.0,18.76,[],{},0.0843124246092036,13.236800315270935,12.00254813623674,0.0833156416995248,0.0511727043975979,,,0.9,18,20,0.5165232735322869,4.0,22.0,0.4770818181818182,0.4770818181818182,0.1818181818181818,0.0,1.0,0.1818181818181818,22.0,3,5,"cheapness,dividend,garp",0.5134983333333334,False,0.56665,0.5096,hold,2,AU,3.1535,3.1535,51,stable,0.2771,persistent,2026-07-17,neutral,0.5,48.39745470277852
MGR.AX,Mirvac Group,Real Estate,7005591552.0,10.617646,12.449134,0.76128215,5.38,0.842,42.052,0.07355,0.0453540564078515,0.22787,0.027,4.419,799875008.0,10727277568.0,875000000.0,458000000.0,2599000000.0,3934000128.0,329000000.0,2.371,14927000000.0,1790000000.0,,2126000000.0,677000000.0,,0.3012697191227395,,3945060028.0,0.0045098819472078,0.2373158756137479,0.8419567262464722,1.0081967213114753,0.256716017954043,0.3013662289428306,0.1741140215716486,0.1620904629261175,3944904380.0,182000000.0,1.805,[],{},0.1141766547568201,12.259745792,23.422003423580787,0.0426948959879845,0.0941828348769586,,0.0357784548082181,0.95,19,20,0.4789285714285715,9.0,22.0,0.6962999999999999,0.6962999999999999,0.4090909090909091,0.0,1.0,0.4090909090909091,22.0,3,5,"cheapness,dividend,garp",0.7364666666666666,False,0.46665,0.5093,hold,2,AU,4.573,4.573,51,stable,0.2816,persistent,2026-07-17,accumulate,0.75,52.97358519346483
BXB.AX,Brambles Limited,Industrials,25424171008.0,18.764706,16.074905,5.486536,3.41,0.603,93.707,0.28819,0.1021599220414839,0.13146,,,540212480.0,28624146432.0,2123600000.0,1196400000.0,7042900000.0,3028800000.0,76800000.0,3.4885397,9338300000.0001,1425300000.0001,,2362000000.0,954000000.0,,0.494057845489784,,1335699622.0,,0.4940416170134751,0.6034292972058001,,0.3243416896008875,,0.7541950890418947,,1366994040.0,91100000.0,19.14,[],{},0.0212479879808083,13.4790668826521,23.92523105315948,0.0417968795276459,0.0532915357160405,,0.1714949185098093,0.95,19,20,0.5397797854319595,4.0,22.0,0.3681090909090909,0.3681090909090909,0.1818181818181818,0.0,0.75,0.1818181818181818,22.0,3,5,"cheapness,quality,dividend",0.3641666666666666,False,0.3,0.5078,hold,2,AU,2.8985,2.8985,51,stable,0.2986,persistent,2026-07-17,neutral,0.625,53.73117435278739
SEK.AX,SEEK Limited,Communication Services,4388714496.0,,17.511284,2.0622373,4.29,0.679,60.484,-0.12706,-0.0927160586311084,-0.28913,,,201400000.0,5518143488.0,324900000.0,305900000.0,1284200000.0,1283600000.0,142300000.0,5.945,4004700000.0,333800000.0,,491600000.0,-371300000.0,,1.0,,357001901.0,0.0514531528695834,1.0,0.6790073230268511,0.6994137861330099,0.3154793118086249,0.2638967579477494,0.3206732089794491,0.2301962018675899,356534607.0,68800000.0,12.26,[],{},0.0458904310552809,16.98412892582333,18.03904376593658,0.0554353109275291,,,0.0870740941049215,0.9,18,20,0.4466666666666666,1.0,22.0,0.3272454545454545,0.3272454545454545,0.0454545454545454,0.0,1.0,0.0454545454545454,22.0,1,5,cheapness,0.2910133333333333,False,0.4,0.5067,hold,2,AU,3.6465,3.6465,30,stable,0.0858,persistent,2026-09-09,neutral,0.625,48.42515183086351
CTD.AX,Corporate Travel Management Limited,Consumer Cyclical,321916640.0,16.923079,9.767359,0.5409393,0.0,0.871,5.76,0.03349,-0.2661188726294877,0.02658,0.035,,-15790750.0,252634960.0,57301000.0,587000.0,635768000.0,33556000.0,106901000.0,4.067,1309738000.0,569771000.0,,702566000.0,-348546000.0,,0.9858297366334888,,138936922.0,0.0513978734139004,0.9864683647154414,0.8109857294545992,1.3408160915680452,0.0211752274118945,0.0236029025569303,0.4854161672029062,0.4306942413226681,144648936.0,1203000.0,2.2,[],{},-0.0490522950289242,4.408910141184273,430.3832367972743,0.0023235105703502,0.0590909018388438,,0.0009667771241098,0.95,19,20,0.4621323529411765,2.0,22.0,0.3152727272727272,0.3152727272727272,0.0909090909090909,0.0,1.0,0.0909090909090909,22.0,1,5,cheapness,0.2428183333333333,False,0.3,0.5062,hold,2,AU,0.0,0.0,32,stable,0.092,persistent,2026-09-06,accumulate,0.75,14.439314709164321
IMD.AX,Imdex Limited,Industrials,1800178688.0,23.066666,21.43875,2.5898204,1.02,2.013,41.594,0.120979995,0.0701755315812859,0.15275,0.247,1.21,69343872.0,2014673664.0,129123000.0,66478000.0,520086000.0,284471008.0,40770000.0,1.336,1132047000.0,259251000.0,,128807000.0,79442000.0,,0.7371319358721442,,511841821.0,0.0664821212603054,0.7242527150291497,2.012708936626115,2.704440409376032,0.2512890365859368,0.1208398984277502,0.459420854434489,0.5196603497207727,511841821.0,10947000.0,3.46,[],{},0.0385205493555981,15.602748263283846,30.30587057372364,0.0329969072350965,0.0433526024090347,,0.0662633068856903,0.95,19,20,0.5335638998682477,6.0,22.0,0.5244045454545453,0.5244045454545453,0.2727272727272727,0.0,1.0,0.2727272727272727,22.0,5,5,"cheapness,quality,dividend,garp,risk",0.631795,True,0.66665,0.5025,hold,2,AU,0.867,0.867,33,stable,0.4921,persistent,2026-09-04,neutral,0.625,54.11930111557894
SGM.AX,Sims Limited,Basic Materials,4467547136.0,18.496,12.207356,1.6729379,1.4,1.525,31.129,0.09358,0.0517237743806009,0.030539999,,,184137504.0,5295254016.0,353100000.0,298900000.0,8007500000.0,826700032.0,197200000.0,13.82,4742500000.0,1766900000.0,,1158500000.0,245300000.0,,0.3155167030908523,,193232991.0,-0.004273408155462,0.2867227115025353,1.5251618472162278,1.6642618151401087,0.1743173431734317,0.1771665054767099,1.6884554559831313,1.6855221430017318,192423734.0,56400000.0,23.12,[],{},0.0412166896944856,14.996471299915038,17.715804670458347,0.0564467727321204,0.0540657439446366,,0.0833984375,0.95,19,20,0.5014363143631436,4.0,22.0,0.4236818181818181,0.4236818181818181,0.1818181818181818,0.0,1.0,0.1818181818181818,22.0,3,5,"cheapness,dividend,risk",0.4141566666666667,True,0.66665,0.5025,hold,2,AU,1.19,1.19,33,stable,0.2861,persistent,2026-09-04,neutral,0.5,37.856783541049
A2M.AX,The a2 Milk Company Limited,Consumer Defensive,4674118656.0,25.68,20.917051,5.3139186,2.01,1.608,2.266,0.16574,0.0579183379174812,0.057589997,0.065,-0.081,339833504.0,3897077248.0,302707008.0,246476000.0,1972235000.0,24313000.0,784472000.0,1.208148,1961106000.0,1350395000.0,,839829000.0,113584000.0,,0.4768093051791495,,725426194.0,0.1044682821939631,0.4607842053248795,1.6079404259676673,3.223873533594028,0.0123975960503919,0.0518693318764993,1.0056748589826352,0.9779425583810606,724019118.0,160000.0,6.42,[],{},0.0727053652272536,12.87408994508644,15.811183433681167,0.0632463726826284,0.0389408099688473,,0.2198172262518539,0.95,19,20,0.5154761904761904,5.0,22.0,0.4574227272727272,0.4574227272727272,0.2272727272727272,0.0,1.0,0.2272727272727272,22.0,4,5,"cheapness,quality,garp,risk",0.496625,True,0.66665,0.5012,hold,2,AU,1.7085,1.7085,51,stable,0.3863,persistent,2026-07-17,neutral,0.5,40.46942381381223
VAU.AX,Vault Minerals Limited,Basic Materials,6155666944.0,22.037035,9.072749,3.1835206,1.19,3.668,3.477,0.13458,0.1043376683533544,0.14451,0.473,1.659,415562496.0,5331793408.0,952182016.0,642037000.0,1926607000.0,74347000.0,825784000.0,1.869,2668346000.0,1046477000.0,,285316000.0,278409000.0,,0.5467165851676029,,1034565895.0,,,3.6677823886497776,,0.0278625785411637,,0.7220229310591655,,1046534366.0,254206000.0,5.95,[],{},0.067508931165461,5.599552730892998,8.30449554776438,0.1204167061380634,0.0453781554551236,,0.2694204437208092,0.95,19,20,0.4726016260162601,9.0,22.0,0.6063136363636364,0.6063136363636364,0.4090909090909091,0.0,1.0,0.4090909090909091,22.0,5,5,"cheapness,quality,dividend,garp,risk",0.67318,True,0.66665,0.4959,hold,2,AU,1.0115,1.0115,33,stable,0.46,persistent,2026-09-04,neutral,0.625,43.47676809840565
CEN.AX,Contact Energy Limited,Utilities,7934796288.0,19.31579,,1.8581041,4.65,1.914,58.348,0.105900005,0.0393959290873276,0.12955,-0.062,-0.131,185750000.0,10143403008.0,1024000000.0,723000000.0,3196000000.0,3051000064.0,766000000.0,3.950263,10661000000.0,1441000000.0,,753000000.0,420000000.0,,0.4633917396745932,,1070627153.0,0.048583590195215,0.4062133645955451,1.9136786188579016,1.1116022099447511,0.2861832848700872,0.3594598561573462,0.2997842603883313,0.5008072801996184,802811914.0,152000000.0,7.34,[],{},0.0234095486838035,9.905667,14.029603053941909,0.0712778541313775,0.0517711157555554,,0.0729713362939039,0.95,19,20,0.5071428571428572,5.0,22.0,0.4649227272727273,0.4649227272727273,0.2272727272727272,0.0,1.0,0.2272727272727272,22.0,4,5,"cheapness,dividend,garp,risk",0.5345183333333333,True,0.5,0.4929,hold,2,AU,3.9525,3.9525,42,stable,0.38,persistent,2026-07-20,neutral,0.5,61.65211574872104
S32.AX,South32 Limited,Basic Materials,22391259136.0,14.705882,15.429957,1.6683226,2.6,2.435,19.055,0.11405,0.0750120764612518,0.183,0.011,,-13375000.0,22138128384.0,1232000000.0,887000000.0,5816000000.0,1851000064.0,2134000000.0,2.9970224,14491000000.0,3870000000.0,,1589000000.0,1087000000.0,1634000000.0,0.437414030261348,,4481425781.0,0.0155168645734683,0.436159169550173,2.435494021397105,2.425925925925926,0.1277344558691601,0.1190354775260435,0.4013525636602029,0.4210679682377795,4493915616.0,211000000.0,5.0,[],{},-0.0005973313032001,17.96926005194805,24.958431098083427,0.0400666210175683,0.068000001632,,0.06874903115796,1.0,20,20,0.4907859078590786,4.0,22.0,0.4707363636363636,0.4707363636363636,0.1818181818181818,0.0,1.0,0.1818181818181818,22.0,4,5,"cheapness,quality,dividend,risk",0.49073,True,0.83335,0.4919,hold,2,AU,2.21,2.21,51,stable,0.3931,persistent,2026-07-17,neutral,0.625,53.00138642346958
GMD.AX,Genesis Minerals Limited,Basic Materials,8377696768.0,13.203703,9.717207,4.0169015,0.71,2.112,14.576,0.36129,0.2080118164060137,0.34537998,0.586,1.257,436627744.0,8088885760.0,945051008.0,787074000.0,1742346000.0,302843008.0,488335008.0,1.775,2892927000.0,657873000.0,,311468000.0,601763000.0,,0.5836728181428947,,1170350452.0,0.1230153477180878,0.5477877846982148,2.11216882633208,2.0330343403255853,0.1046839412124813,0.1117328782894919,0.6022779005484756,0.5117802663296851,1130347900.0,17950000.0,7.13,[],{},0.0521178739325791,8.559205473065852,10.277160419477712,0.0973031420337428,0.0757363294221325,,0.3048950225434531,0.95,19,20,0.527940379403794,10.0,22.0,0.6491181818181818,0.6491181818181818,0.4545454545454545,0.0,1.0,0.4545454545454545,22.0,5,5,"cheapness,quality,dividend,garp,risk",0.72375,True,0.66665,0.4891,hold,2,AU,0.6035,0.6035,51,stable,0.4831,persistent,2026-07-17,neutral,0.625,41.885620852270065
EVN.AX,Evolution Mining Limited,Basic Materials,26891950080.0,17.533333,12.224825,4.5818815,3.27,1.825,24.766,0.27351,0.14663,0.26536,0.192,0.242,1164743040.0,26154950656.0,3135537920.0,,5558773760.0,1443554944.0,1347495936.0,2.87,8818841000.0,1070554000.0,,979578000.0,,,,,1985877758.0,0.0625362742201459,0.506924537867266,1.0928726451594462,0.5686931540933449,0.2289500400336053,0.2697217353572108,0.63032928703443,0.4893048900499601,1835016319.0,,13.15,[],{},0.0433119590262157,8.341455700207256,,,0.0570342216166201,,,0.85,17,20,0.492520325203252,6.0,22.0,0.4928681818181818,0.4928681818181818,0.2727272727272727,0.0,1.0,0.2727272727272727,22.0,3,5,"quality,dividend,garp",0.5884733333333333,False,0.4,0.4881,hold,2,AU,2.7795,2.7795,51,stable,0.2501,persistent,2026-07-17,neutral,0.625,43.70632108622425
CSC.AX,Capstone Copper Corp.,Basic Materials,10909196288.0,15.521739,10.727406,1.060957,0.0,1.242,38.675,0.14184,0.0438904263613231,0.17768998,0.362,2.241,204828992.0,7276283904.0,985724032.0,482250000.0,2359890000.0,1567667968.0,371168992.0,13.459546,7196877000.0,940384000.0,,785563000.0,315874000.0,685208000.0,0.2356211518333481,,763656709.0,0.0130252290954703,0.1322849485562354,1.1970828564990967,0.7795880495170474,0.1851055673176017,0.1862950571183302,0.3279047286760632,0.2512512113057719,761894175.0,113783000.0,14.28,[],{},0.0187758095640198,7.381664307439752,15.088198867807154,0.0662769631260391,0.0644257708495162,,0.0752185901361249,1.0,20,20,0.5008130081300813,9.0,22.0,0.6024363636363635,0.6024363636363635,0.4090909090909091,0.0,1.0,0.4090909090909091,22.0,4,5,"cheapness,quality,garp,risk",0.6999016666666666,True,1.0,0.4864,hold,2,AU,0.0,0.0,4,stable,0.3949,persistent,2026-10-05,neutral,0.5,45.17533807356321
FBU.AX,Fletcher Building Limited,Basic Materials,2959129856.0,17.25,13.088633,0.9307715,0.0,1.419,51.15,0.05473,0.0304772089292875,0.038039997,,,97625000.0,4838130176.0,555000000.0,65000000.0,5994000000.0,2024000000.0,145000000.0,2.965282,7481000000.0,2388000000.0,,1683000000.0,228000000.0,,0.322655989322656,,1072148547.0,-0.0530514054190934,0.2788104089219331,1.4188948306595366,1.366742596810934,0.2705520652319209,0.3379336540896429,0.8012297821146905,0.8855406432008104,1070593940.0,49000000.0,2.76,[],{},0.0329911172374045,8.717351668468469,74.43277193846154,0.0134349423507533,0.0579710144927536,,0.0112107623318385,0.95,19,20,0.470840108401084,1.0,22.0,0.3090136363636364,0.3090136363636364,0.0454545454545454,0.0,0.8,0.0454545454545454,22.0,1,5,risk,0.2666366666666667,True,0.4,0.4842,hold,2,AU,0.0,0.0,51,stable,0.0907,persistent,2026-07-17,accumulate,0.75,27.90652575210693
NST.AX,Northern Star Resources Limited,Basic Materials,34722500608.0,20.652544,11.12435,2.212036,2.3,1.554,10.998,0.108780004,0.077431631447208,0.21832001,0.187,-0.015,385012512.0,35396972544.0,4147599872.0,2495800000.0,7623100000.0,1724700032.0,1018099968.0,11.017,21493800000.0,2385400000.0,,1534900000.0,1664300000.0,,0.5857328383466044,,1423486727.0,0.0655674321176171,0.5660103820792218,1.5541077594631572,1.8198176142970808,0.0802417441308656,0.0837003974080382,0.3546650662051382,0.3139572443765783,1428548599.0,124200000.0,24.37,[],{},0.0110882714452683,8.534326751951447,14.182615812164435,0.0705088548716309,0.0484201849418647,,0.1250469715264869,0.95,19,20,0.449810298102981,5.0,22.0,0.4717909090909091,0.4717909090909091,0.2272727272727272,0.0,1.0,0.2272727272727272,22.0,4,5,"cheapness,dividend,garp,risk",0.51508,True,0.5,0.4765,hold,2,AU,1.955,1.955,46,stable,0.352,persistent,2026-07-17,neutral,0.5,60.52739016636877
CWY.AX,Cleanaway Waste Management Limited,Industrials,6142784512.0,54.8,22.027494,2.0356612,2.63,0.847,79.68,0.03238,0.0136226592537272,0.02237,0.149,-0.271,263037504.0,8431214592.0,649400000.0,242400000.0,4299900000.0,2404900096.0,116200000.0,1.346,7230600000.0,942200000.0,,1112600000.0,98500000.0,,1.0,,2241209765.0,0.0238515095314827,1.0,0.8468452273952903,0.7393560788082653,0.3229054297015462,0.2743911708370071,0.5946809393411335,0.575978231127056,2231991740.0,136700000.0,2.74,[],{},0.042820565085126,12.983083757314445,34.78223841584158,0.0287503060626641,0.0182481751824817,,0.0396207911082052,0.95,19,20,0.4513410502540937,1.0,22.0,0.3010045454545454,0.3010045454545454,0.0454545454545454,0.0,0.7677,0.0454545454545454,22.0,1,5,garp,0.361215,False,0.46665,0.4741,hold,2,AU,2.2355,2.2355,4,stable,0.0879,persistent,2026-10-05,neutral,0.625,67.88490395108289
MPL.AX,Medibank Private Limited,Financial Services,12530714624.0,19.78261,16.946629,5.152888,4.24,1.958,11.362,0.27231002,0.1343811146878747,0.0687,0.126,1.099,583374976.0,9282214912.0,975500032.0,931400000.0,9342400000.0,273900000.0,3502400000.0,0.883,4752900000.0,,,,638700000.0,,,,2754003240.0,0.1065463906559155,,,,0.057627974499779,0.0444652468991341,1.9656209892907488,1.818181818181818,2754003240.0,3500000.0,4.55,[],{},0.0465556030525717,9.51534044849729,9.965873858707322,0.1003424299943638,0.0505494472165199,,,0.9,18,20,0.5001114980449659,7.0,22.0,0.5526136363636364,0.5526136363636364,0.3181818181818182,0.0,1.0,0.3181818181818182,22.0,4,5,"cheapness,quality,dividend,garp",0.682105,False,0.56665,0.4731,hold,2,AU,3.604,3.604,33,stable,0.3504,persistent,2026-09-04,accumulate,0.75,44.10231032410923
RIO.AX,Rio Tinto Group,Basic Materials,271179153408.0,15.396123,13.524491,2.905858,3.95,1.424,31.872,0.19312,0.077797380212643,0.19584998,0.155,0.469,3595500032.0,292344463360.0,22911000576.0,15448000000.0,57638000000.0,22851999744.0,9507000320.0,57.380646,128102000000.0,21569000000.0,,14930000000.0,9966000000.0,16832000000.0,0.5742912661785627,,1624893368.0,0.1123888467300994,0.5643147340564315,1.444675150703282,1.6282040364472452,0.1835802719707732,0.1347946218356585,0.4499383303929681,0.5220360749518417,1623557093.0,1829000000.0,166.74,[],{},0.0132587626549243,12.760004190573854,18.92442150181253,0.052841773784431,0.0649514166650915,,0.1365001943943731,1.0,20,20,0.4757994579945799,9.0,22.0,0.593690909090909,0.593690909090909,0.4090909090909091,0.0,1.0,0.4090909090909091,22.0,5,5,"cheapness,quality,dividend,garp,risk",0.7300983333333333,True,0.83335,0.4725,hold,2,AU,3.3575,3.3575,51,stable,0.4741,persistent,2026-07-17,neutral,0.625,47.52690163922424
VCX.AX,Vicinity Centres,Real Estate,10858681344.0,8.0,14.150656,0.8865112,5.41,0.423,40.865,0.11955,0.0795653417214755,0.98485,0.036,0.127,562762496.0,15471370240.0,858499968.0,771400000.0,1360200000.0,4963100160.0,118100000.0,2.617,17485000000.0,230600000.0,,544800000.0,1391200000.0,,0.7118806057932657,,4640300000.0,0.0614716230686859,0.7148800968303199,0.4232745961820852,0.2051155232106267,0.2833171289676865,0.2969925042068227,0.0777923934801258,0.0808872571515986,4562900000.0,196500000.0,2.32,[],{},0.0518260438972137,18.02139873813018,20.056222763806066,0.0498598371077441,0.125,,0.0455366524598292,0.95,19,20,0.5097619047619047,10.0,22.0,0.6463,0.6463,0.4545454545454545,0.0,1.0,0.4545454545454545,22.0,3,5,"cheapness,dividend,garp",0.6325816666666667,False,0.3,0.4714,hold,2,AU,4.5985,4.5985,51,stable,0.2796,persistent,2026-07-17,accumulate,0.75,45.818077662078785
CGF.AX,Challenger Limited,Financial Services,6639539712.0,17.157894,13.335878,1.6286427,3.24,3.0,208.183,0.11833,0.0137399891841066,0.17622,,,-1727800064.0,-16674701312.0,1736999936.0,1241700000.0,1769200000.0,8461599744.0,31801200640.0,6.005,36797700000.0,,,,505600000.0,,,,683800000.0,0.0055015005392786,0.3260775112964894,,2.544611801937632,0.2299491544308475,0.23653591424182,0.0480790918997654,0.065846352788371,685500000.0,567500000.0,9.78,[],{},-0.2602288922042673,-9.599713256408547,-13.428929139083516,-0.0744661014771165,0.0582822110918741,,,0.9,18,20,0.4582322573457536,2.0,22.0,0.3499363636363636,0.3499363636363636,0.0909090909090909,0.0,0.9064,0.0909090909090909,22.0,2,5,"cheapness,dividend",0.3102983333333333,False,0.2,0.4696,hold,2,AU,2.754,2.754,4,stable,0.167,persistent,2026-10-05,neutral,0.5,42.07968630740613
SOL.AX,Washington H. Soul Pattinson and Company Limited,Financial Services,17480103936.0,7.7719593,24.139559,1.372163,1.05,9.544,6.555,0.19775,0.0325719498452787,0.74296,0.183,,-1744249984.0,17001895936.0,1320000000.0,-270200000.0,613400000.0,835000000.0,1308000000.0,33.531,11181400000.0,1530400000.0,,1154900000.0,364200000.0,,0.2564395174437561,,367859806.0,0.0479721476865075,0.3163698049194232,1.3251363754437613,3.3127677806341045,0.0903375248180013,0.0736605210767765,0.0548589622050905,0.0566952306760148,360967863.0,60600000.0,46.01,[],{},-0.0997848748718103,12.880224193939394,-62.92337504071058,-0.0158923452429723,0.128667683578837,,-0.0269485862464469,0.95,19,20,0.5225057141624979,10.0,22.0,0.4466545454545455,0.4466545454545455,0.4545454545454545,0.0,1.0,0.4545454545454545,22.0,4,5,"cheapness,quality,dividend,risk",0.3953183333333333,True,0.4,0.4694,hold,2,AU,0.8925,0.8925,12,stable,0.3769,persistent,2026-09-27,neutral,0.5,52.97360023668573
COL.AX,Coles Group Limited,Consumer Defensive,30751913984.0,28.246912,21.28986,7.7611938,3.23,0.539,250.684,0.28122,0.0534182798333741,0.02384,0.03,0.149,1769124992.0,39952162816.0,2644999936.0,1811000000.0,45580000000.0,9891999744.0,568000000.0,2.948,20405000000.0,4001000000.0,,7422000000.0,1090000000.0,,0.2685168933742869,,1343100000.0,0.0531684241647777,0.263866341991342,0.5390730261385072,0.6093932322053676,0.484783141386915,0.5088696166354587,2.2337662337662336,2.1854735389770377,1341300000.0,112000000.0,22.88,[],{},0.0575289392692911,15.104787819548742,22.06082982661513,0.0453292105446349,0.0354020998826349,,0.1394901024416544,0.95,19,20,0.5095238095238096,4.0,22.0,0.3790181818181819,0.3790181818181819,0.1818181818181818,0.0,0.9164,0.1818181818181818,22.0,3,5,"cheapness,dividend,garp",0.4404133333333333,False,0.46665,0.4667,hold,2,AU,2.7455,2.7455,33,stable,0.2782,persistent,2026-09-04,neutral,0.5,44.10913511534438
IAG.AX,Insurance Australia Group Limited,Financial Services,18409576448.0,,15.877819,2.5346215,4.1,9.958,41.344,0.15573,0.0370303271857676,0.05336,0.103,-0.114,653875008.0,19975393280.0,1991000064.0,1929000000.0,16115000000.0,3243000064.0,2047000064.0,3.105,27599000000.0,,,,1022000000.0,,,,2338000000.0,0.0204170829170829,,,,0.1175042574006304,0.0157280219780219,0.5838979673176564,0.0334103396603396,2365000000.0,190000000.0,7.87,[],{},0.0355181994461929,10.032844117477635,10.355310150336962,0.0965688120859866,,,,0.85,17,20,0.4725471029076343,2.0,22.0,0.4311136363636363,0.4311136363636363,0.0909090909090909,0.0,1.0,0.0909090909090909,22.0,2,5,"cheapness,quality",0.4158466666666666,False,0.56665,0.4659,hold,2,AU,3.485,3.485,51,stable,0.1595,persistent,2026-07-17,neutral,0.5,48.28281470618358
COH.AX,Cochlear Limited,Healthcare,8469159424.0,57.555557,22.794641,4.86586,2.0,2.151,12.221,0.07982,0.0565907257289945,0.06274,0.008,,313587488.0,8543862784.0,479900000.0,209200000.0,2347600000.0,212700000.0,187700000.0,26.614,2602900000.0,1300200000.0,,604500000.0,147300000.0,,0.7069347418640314,,65398917.0,0.1376637168141593,0.7374418505398831,2.150868486352357,2.35231612153412,0.0817165469284259,0.083433628318584,0.9019170924737792,0.8294159292035398,65397004.0,13200000.0,129.5,[],{},0.0370269907910048,17.80342317982913,40.8406442829828,0.0244854119604737,0.0173745169384773,,0.104683746997598,0.95,19,20,0.4497916666666667,1.0,22.0,0.3229636363636363,0.3229636363636363,0.0454545454545454,0.0,1.0,0.0454545454545454,22.0,1,5,risk,0.3392833333333333,True,0.66665,0.4594,hold,2,AU,1.7,1.7,5,stable,0.0864,persistent,2026-10-04,neutral,0.625,42.28987394136217
XRO.AX,Xero Limited,Technology,9910713344.0,,29.302906,2.123678,0.0,1.094,39.325,0.044060003,0.0184046624851878,0.06081,0.408,,221124368.0,9759719424.0,393052992.0,-15386090.7273,2295764676.451,2124988032.0,1934142976.0,26.416433,7585563709.1394,2331924616.4108,,2130657938.6258,139609739.8266,,0.8385590543830677,,170569000.0,0.0510429299950703,0.8904231418228008,1.0944622194564042,1.2367293045765977,0.2336022394281542,0.2999337029151263,0.3026491852787378,0.4711040828384397,153587000.0,138524849.8999,56.1,[],{},0.0223116500623913,24.83054352121558,-634.3209329113755,-0.0015764890422427,,,-0.0028205969772143,0.9,18,20,0.45,0.0,22.0,0.2271772727272727,0.2271772727272727,0.0,0.0,1.0,0.0,22.0,0,5,,0.19848,False,0.46665,0.4583,hold,2,AU,0.0,0.0,51,stable,0.0,persistent,2026-07-17,accumulate,0.75,30.021749292527687
NEM.AX,Newmont Corporation,Basic Materials,173774929920.0,14.035745,11.24314,3.4524179,0.9,2.546,15.807,0.25905,0.1240349433658374,0.33363998,0.151,0.114,8815875072.0,170534928384.0,17057999872.0,11023000000.0,22669000000.0,5598000128.0,9009000448.0,47.76942,57121000000.0,13066000000.0,,5712000000.0,7085000000.0,10334000000.0,0.5321363977237638,,1089000000.0,0.0594154288452323,0.3823466438282839,2.2874649859943976,1.6273366034734191,0.0978449256840741,0.159221991517152,0.3968592986817457,0.3315409324034144,1126980806.0,229000000.0,164.92,[],{},0.0507315702907118,9.997357818247265,15.470827214369956,0.0646377847896302,0.0712466634296932,,0.2144177089614659,1.0,20,20,0.4852032520325203,10.0,22.0,0.6348727272727274,0.6348727272727274,0.4545454545454545,0.0,1.0,0.4545454545454545,22.0,5,5,"cheapness,quality,dividend,garp,risk",0.7063866666666667,True,1.0,0.4541,hold,2,AU,0.765,0.765,34,stable,0.4697,persistent,2026-08-16,neutral,0.625,42.635426255663916
STO.AX,Santos Limited,Energy,27735980963.04729,25.878786,11.310517,1.2204202,3.59,1.434,46.816,0.046729997,0.0267933180478217,0.14739001,0.016,-0.185,307375008.0,33952913408.0,2639000064.0,1180000000.0,4951000000.0,7352000000.0,1128999936.0,6.9975896,30530000000.0001,2957000000.0,,1938000000.0,818000000.0,,0.6974348616441123,,3247772961.0,0.0413053015219517,0.6839378238341969,1.5257997936016512,1.3203481143804392,0.2469701932525377,0.2256943272702722,0.1621683589911557,0.1823642560658719,3247772961.0,319000000.0,8.54,[],{},0.0110821754748648,12.865825155205451,28.77365543050848,0.0347540131776134,0.0386416889880383,,0.0412702853945158,0.95,19,20,0.4511363636363636,2.0,22.0,0.3993181818181818,0.3993181818181818,0.0909090909090909,0.0,1.0,0.0909090909090909,22.0,2,5,"garp,risk",0.4577716666666667,True,0.5,0.4511,hold,2,AU,3.0515,3.0515,4,stable,0.1714,persistent,2026-10-05,neutral,0.5,54.15091332678519
RGN.AX,Region Group,Real Estate,2516721152.0,9.521739,13.02951,0.8534685,6.5,0.469,56.546,0.092489995,0.0565073892661186,0.68728995,0.023,-0.315,41550000.0,4136070912.0,,220800000.0,390100000.0,1666800000.0,23500000.0,2.566,4756900000.0,67700000.0,,144200000.0,268800000.0,,0.6495770315303768,,1148742322.0,0.0462872203707334,0.6405759162303665,0.4694868238557559,0.3302158273381295,0.3428283125564969,0.3397808708532096,0.0820071895562235,0.0832080855605654,1160691772.0,70100000.0,2.19,[],{},0.0165095763457866,,18.732205217391304,0.0533839976871267,0.1050228324888972,,0.0478678431287532,0.9,18,20,0.4203703703703703,7.0,22.0,0.572109090909091,0.572109090909091,0.3181818181818182,0.0,1.0,0.3181818181818182,22.0,3,5,"cheapness,dividend,garp",0.5781683333333334,False,0.4,0.4451,hold,2,AU,5.525,5.525,51,stable,0.2337,persistent,2026-07-17,neutral,0.5,45.36250794657566
360.AX,"Life360, Inc.",Technology,4759268352.0,22.90588,20.588358,5.374895,0.0,5.601,50.803,0.30056,0.1571677461841765,0.25725,0.378,-0.251,74707752.0,4764860416.0,24963000.0,18979000.0,489481000.0,311640000.0,464984000.0,3.6223962,959688000.0,606104000.0,,96790000.0,150832000.0,88630000.0,0.778052672115976,,79359589.0,-0.0103152316681009,0.7514643968515468,6.262051864862072,3.11604903152396,0.3234238627553955,0.0008129897187372,0.5100418052533741,0.8412609266724036,75404996.0,,19.47,[],{},0.0156973186789531,190.87691447342067,251.0596140997945,0.0039831177291721,0.043656912548219,,0.0219944883404527,1.0,20,20,0.4875,3.0,22.0,0.3168681818181818,0.3168681818181818,0.1363636363636363,0.0,1.0,0.1363636363636363,22.0,2,5,"quality,risk",0.3685883333333333,True,0.66665,0.4438,hold,2,AU,0.0,0.0,1,improving,0.1164,new,2026-10-07,neutral,0.625,44.89763568678642
REH.AX,Reece Limited,Industrials,10302790656.0,34.183674,27.266808,2.7486053,1.12,1.978,60.111,0.07908,0.0401526126333197,0.03286,0.034,0.252,503716992.0,12228313088.0,698873984.0,160545000.0,9378431000.0,2253190912.0,327668000.0,6.094,7674594000.0,3576248000.0,,1807974000.0,308155000.0,,0.289452041604827,,615091957.0,0.0427285484653559,0.2849296231770936,1.978041719626499,2.1637107342837854,0.2935909052648257,0.2657538915312304,1.2220100503036382,1.2104400257069374,645984181.0,66422000.0,16.75,[],{},0.0488913158403982,17.497164536031722,76.16751121492416,0.0131289572686479,0.0292537308891958,,0.0273658426828395,0.95,19,20,0.4633022774327122,3.0,22.0,0.3063772727272727,0.3063772727272727,0.1363636363636363,0.0,0.8,0.1363636363636363,22.0,3,5,"dividend,garp,risk",0.3745266666666667,True,0.56665,0.4372,hold,2,AU,0.952,0.952,1,improving,0.1604,new,2026-10-07,neutral,0.625,54.35302599141255
RDX.AX,Redox Limited,Basic Materials,1774775296.0,19.882353,17.452368,3.155929,3.72,3.902,8.087,0.16610001,0.1210583783456285,0.0691,0.073,0.307,63550376.0,1697586176.0,124240000.0,109769000.0,1330214000.0,45487000.0,122676000.0,1.071,759237000.0,686934000.0,,176046000.0,91912000.0,,0.2241947536261082,,525081428.0,0.105298450999298,0.2159765620917239,3.902014246276541,4.171734324436898,0.0599114637458395,0.0682764874749731,1.7520405354322828,1.6986796209851218,525081428.0,891000.0,3.38,[],{},0.0358075617478056,13.663765099806826,15.465078264355146,0.0646618130801743,0.0502958578393613,,0.1882213545819465,0.95,19,20,0.4336856368563686,7.0,22.0,0.5660909090909091,0.5660909090909091,0.3181818181818182,0.0,1.0,0.3181818181818182,22.0,5,5,"cheapness,quality,dividend,garp,risk",0.655065,True,0.66665,0.4337,hold,2,AU,3.162,3.162,51,stable,0.412,persistent,2026-07-17,neutral,0.5,42.016452248579775
CNU.AX,Chorus Limited,Communication Services,2907044864.0,95.71428,32.060417,3.489197,6.32,0.914,401.456,0.04634,0.0052282040412604,0.03596,0.018,2.157,131127000.0,6817011712.0,654000000.0,290000000.0,1029000000.0,4135000064.0,199000000.0,1.9202125,7077000000.0,395000000.0,,432000000.0,37000000.0,,1.0,,433887294.0,0.0006570302233902,1.0,0.914351851851852,0.4633663366336634,0.4893316376995902,0.5420499342969777,0.14540059347181,0.1560446780551905,433887294.0,221000000.0,6.7,[],{},0.0451066310065725,10.423565308868502,23.50693693793104,0.0425406339686218,0.0104477618177768,,0.0436418359668924,0.95,19,20,0.3855555555555555,4.0,22.0,0.3339181818181819,0.3339181818181819,0.1818181818181818,0.0,0.8871,0.1818181818181818,22.0,2,5,"dividend,garp",0.44179,False,0.26665,0.4256,hold,2,AU,5.372,5.372,33,stable,0.1541,persistent,2026-09-04,accumulate,0.75,38.41287617975942
PLS.AX,PLS Group Limited,Basic Materials,12516674560.0,24.250002,16.569159,3.0671937,1.31,3.246,30.188,0.13812,0.0840147990789965,0.27185,2.817,,800153600.0,11232478208.0,1060846976.0,445904000.0,1539710000.0,1232209024.0,2289977088.0,1.265,6257957000.0,2619481000.0,,807071000.0,525761000.0,,0.5719843347123809,,3224789412.0,-0.0419433109903918,0.3724515758694326,3.2456636404975523,4.349489421996385,0.1969027591592591,0.1461652592077593,0.2460403610954821,0.1907288755290692,3217930000.0,85343000.0,3.88,[],{},0.063927011616734,10.588217209566707,25.190350855789585,0.0396977400483553,0.041237110001063,,0.0818039489360078,0.95,19,20,0.4198644986449865,5.0,22.0,0.4437590909090909,0.4437590909090909,0.2272727272727272,0.0,1.0,0.2272727272727272,22.0,4,5,"cheapness,quality,dividend,risk",0.4486233333333332,True,0.66665,0.4199,hold,2,AU,1.1135,1.1135,29,stable,0.3191,persistent,2026-09-11,neutral,0.625,36.87580926548285
CDA.AX,Codan Limited,Technology,11932974080.0,68.17708,39.257435,19.566517,0.74,1.49,9.437,0.30943,0.1927279248434146,0.20021,0.306,0.806,166703376.0,11910424576.0,252942000.0,197046000.0,874965000.0,57418000.0,50733000.0,3.345,908929000.0,324502000.0,,217714000.0,175176000.0,,0.5927059939540439,,181875320.0,0.114381551826084,0.5617626730502828,1.4904967066885917,1.663433589643159,0.063171050764141,0.1776471173346743,0.9626329449274916,0.7451616646680777,181570842.0,4254000.0,65.45,[],{},0.0139699772145989,47.08757175953381,60.444893963846006,0.0165439946109944,0.0146676859730572,,0.2850719385430004,0.95,19,20,0.4133928571428572,6.0,22.0,0.4201,0.4201,0.2727272727272727,0.0,1.0,0.2727272727272727,22.0,5,5,"cheapness,quality,dividend,garp,risk",0.4978683333333333,True,0.66665,0.4071,hold,2,AU,0.629,0.629,30,stable,0.3897,persistent,2026-09-09,wait,0.25,75.13578616496346
SGP.AX,Stockland,Real Estate,10334487552.0,10.119048,10.581615,0.96197367,6.04,1.692,47.292,0.09514,0.0528273809523809,0.25987,0.141,0.204,307249984.0,14517557248.0,964000000.0,727000000.0,3589000000.0,5064999936.0,850000000.0,4.418,18816000000.0,3906000000.0,,2308000000.0,994000000.0,,0.3555307885204792,,2424131049.0,0.0465535704221383,0.3886937080804855,1.692374350086655,1.207751937984496,0.2601509353741497,0.2918897593417122,0.1907419217687075,0.1764639576170884,2394075105.0,109000000.0,4.25,[],{},0.0297305485592789,15.05970668879668,19.969129639614856,0.0500772952075084,0.0988235256913496,,0.044039253695178,0.95,19,20,0.3854761904761905,9.0,22.0,0.6380045454545453,0.6380045454545453,0.4090909090909091,0.0,1.0,0.4090909090909091,22.0,3,5,"cheapness,dividend,garp",0.6581216666666666,False,0.4,0.4063,hold,2,AU,5.134,5.134,51,stable,0.2257,persistent,2026-07-17,neutral,0.5,52.4132068998354
SFR.AX,Sandfire Resources Limited,Basic Materials,10496221184.0,19.849558,15.127296,3.3733737,1.56,2.082,1.647,0.17740999,0.111248266665416,0.21605,0.585,5.21,411615008.0,10151193600.0,828956032.0,563177000.0,1645106000.0,36432000.0,352628992.0,6.64913,3198315000.0,588783000.0,,282766000.0,355807000.0,,1.005596599854356,,466850414.0,0.0325091608612726,1.0130540417418887,2.0822270004173062,1.3443955763194393,0.0113909980724225,0.0882852185481163,0.5143664710949359,0.4132471405318476,459071860.0,23273000.0,22.43,[],{},0.0392155425066164,12.245756358764272,18.024872464607043,0.0554788946198405,0.0503789555414785,,0.1931632773107226,0.95,19,20,0.4097831978319783,8.0,22.0,0.5896681818181818,0.5896681818181818,0.3636363636363636,0.0,1.0,0.3636363636363636,22.0,5,5,"cheapness,quality,dividend,garp,risk",0.7085233333333333,True,0.66665,0.3976,hold,2,AU,1.326,1.326,33,stable,0.3835,persistent,2026-09-04,neutral,0.375,56.845130755979085
BHP.AX,BHP Group Limited,Basic Materials,317430464512.0,22.067139,16.750727,4.3403497,3.85,1.885,50.473,0.24002,0.0810053794887426,0.16734,0.183,-0.09,9592375296.0,332520194048.0,29902999552.0,25501000000.0,58760000000.0,28426999808.0,18560999424.0,14.388242,121387000000.0,31033000000.0,,16465000000.0,9833000000.0,21778000000.0,0.7557692307692307,,5080163098.0,0.0829028403345895,0.7165346650540362,1.8847859095050103,1.4598120084404371,0.2234259022794862,0.2251677543891901,0.4840716056908895,0.4712013971872414,5075290713.0,2108000000.0,62.45,[],{},0.030218823863509,11.119961175458736,13.0394962569311,0.0766900791484527,0.0453162505569933,,0.2430472160271439,1.0,20,20,0.4053929539295393,9.0,22.0,0.554309090909091,0.554309090909091,0.4090909090909091,0.0,1.0,0.4090909090909091,22.0,5,5,"cheapness,quality,dividend,garp,risk",0.6833183333333334,True,1.0,0.3976,hold,2,AU,3.2725,3.2725,51,stable,0.4015,persistent,2026-07-17,accumulate,0.75,54.22080677936903
MCY.AX,Mercury NZ Limited,Utilities,7644482560.0,28.000002,26.308924,1.7936704,4.05,0.963,47.729,0.06315,0.030673674151935,0.09957,-0.105,3.367,49004004.0,9996217344.0,1026000000.0,692000000.0,3224000000.0,2512000000.0,97000000.0,2.9659853,10465000000.0,910000000.0,,945000000.0,321000000.0,,0.4466501240694789,,1425040949.0,0.00010042177144,0.2804459691252144,0.9629629629629628,1.073943661971831,0.2362159579550884,0.2288612171118698,0.3080745341614906,0.3512753564972886,1406965167.0,90000000.0,5.32,[],{},0.0064103755375694,9.742901894736844,14.445400786127168,0.0692261858847394,0.0357142831632654,,0.0726890756302521,0.95,19,20,0.3857142857142857,4.0,22.0,0.4477636363636363,0.4477636363636363,0.1818181818181818,0.0,0.9622,0.1818181818181818,22.0,3,5,"cheapness,dividend,garp",0.5444066666666667,False,0.4,0.3929,hold,2,AU,3.4425,3.4425,33,stable,0.2219,persistent,2026-09-04,neutral,0.375,45.12425444361342
PNI.AX,Pinnacle Investment Management Group Limited,Financial Services,3324542208.0,17.5,13.55,2.7542372,4.41,6.027,23.406,0.17044,0.1191125203225728,1.61104,0.682,0.827,26396000.0,3174070016.0,29320000.0,,86649000.0,270384992.0,278287008.0,4.956,1483572000.0,,,,176712000.0,,,,233111509.0,0.1269838420955682,,,,0.1822526982175452,0.1042541433854612,0.0584056587749027,0.0647478072764886,220572736.0,8515000.0,13.65,[],{},0.0079397397742408,108.25613969986358,,,0.0571428571428571,,,0.85,17,20,0.4274344488528549,7.0,22.0,0.4881136363636363,0.4881136363636363,0.3181818181818182,0.0,1.0,0.3181818181818182,22.0,4,5,"cheapness,quality,dividend,garp",0.6065366666666667,False,0.3,0.3928,hold,2,AU,3.7485,3.7485,34,stable,0.2789,persistent,2026-08-16,accumulate,0.75,43.37228106789008
CIP.AX,Centuria Industrial REIT,Real Estate,1748286592.0,10.769231,14.071766,0.6975585,6.27,0.262,55.582,0.06424,0.0404406814364003,0.62514,0.093,0.317,15003375.0,3102104064.0,,158045000.0,248337000.0,1392889984.0,14097000.0,4.014,3965858000.0,127984000.0,,489043000.0,160382000.0,,0.9037638370440167,,624388000.0,0.0338713783149459,0.9013226696840336,0.2617029586355392,0.2157131415931614,0.3476755849553867,0.3459920273290534,0.0626187321885957,0.0593918165572927,634931000.0,65949000.0,2.8,[],{},0.0085817594601789,,19.62797977791136,0.0509476783303682,0.0928571408673469,,0.0454568333374079,0.9,18,20,0.3521164021164021,7.0,22.0,0.5891636363636364,0.5891636363636364,0.3181818181818182,0.0,1.0,0.3181818181818182,22.0,3,5,"cheapness,dividend,garp",0.6349416666666667,False,0.3,0.3924,hold,2,AU,5.3295,5.3295,51,stable,0.201,persistent,2026-07-17,neutral,0.625,49.251896052636596
SDF.AX,Steadfast Group Limited,Financial Services,6416192000.0,24.041668,16.479593,2.7541766,3.64,1.458,76.503,0.12358,0.0387869528243416,0.124110006,-0.031,-0.382,275437504.0,8149868032.0,701500032.0,337300000.0,1555900000.0,1992300032.0,470500000.0,2.095,6937900000.0,3116200000.0,,2136900000.0,269100000.0,,1.0,,1112000000.0,0.0521050502536017,1.0,1.4582806869764613,1.3934048311115566,0.2871618213003934,0.2535706506518965,0.2242609435131668,0.205401873230233,1106300000.0,90200000.0,5.77,[],{},0.0429285008927413,11.61777285849076,24.16207539875482,0.0413871732248437,0.0415944517659922,,0.0702561966257029,0.95,19,20,0.4028885271117245,5.0,22.0,0.4373454545454545,0.4373454545454545,0.2272727272727272,0.0,1.0,0.2272727272727272,22.0,5,5,"cheapness,quality,dividend,garp,risk",0.533315,True,0.66665,0.3902,hold,2,AU,3.094,3.094,33,stable,0.3767,persistent,2026-09-04,wait,0.25,78.12233095751907
TNE.AX,Technology One Limited,Technology,10017477632.0,69.545456,50.814526,23.35878,0.93,1.123,11.55,0.3353,0.1544140578549296,0.22410999,0.115,0.063,151969376.0,9657090048.0,190018000.0,173531000.0,598502000.0,49448000.0,245460000.0,1.31,891402000.0,445904000.0,,392036000.0,137645000.0,,0.8630915184911663,,327368541.0,0.1558064005069708,0.8792622834309901,1.1374057484516729,1.261185429355672,0.0598843170645791,0.0787745564005069,0.671416487735051,0.6687473595268272,326076272.0,3511000.0,30.6,[],{},0.015170423292441,50.82197501289352,55.6505180515297,0.0179692846538112,0.0143790846665812,,0.3475026333390739,0.95,19,20,0.3964285714285714,5.0,22.0,0.3923772727272727,0.3923772727272727,0.2272727272727272,0.0,1.0,0.2272727272727272,22.0,5,5,"cheapness,quality,dividend,garp,risk",0.4479849999999999,True,0.66665,0.3777,hold,2,AU,0.7905,0.7905,51,stable,0.3677,persistent,2026-07-17,neutral,0.5,55.4301264281018
SCG.AX,Scentre Group,Real Estate,17936922624.0,9.026316,13.676235,0.92477757,5.42,0.264,71.721,0.104320005,0.0502443709918919,0.76527,-0.083,0.241,611649984.0,31852883968.0,,1803200000.0,2685000000.0,14028999680.0,277800000.0,3.709,35397000000.0,1898600000.0,,3557700000.0,1778500000.0,,0.7124767225325884,,5216030231.0,0.0288764375641247,0.6981153539873346,0.5336593866824072,0.3445992550696647,0.4245755289996327,0.4614068529964324,0.0758538859225358,0.0725376771769417,5195547551.0,633400000.0,3.43,[],{},0.0341000514314311,,17.664642839396627,0.0566102586444457,0.1107871694277045,,0.0566344109324011,0.9,18,20,0.3957671957671957,10.0,22.0,0.6265409090909092,0.6265409090909092,0.4545454545454545,0.0,1.0,0.4545454545454545,22.0,4,5,"cheapness,quality,dividend,garp",0.6584666666666668,False,0.4,0.372,hold,2,AU,4.607,4.607,51,stable,0.2764,persistent,2026-07-17,neutral,0.625,46.11983917579237
OBM.AX,Ora Banda Mining Limited,Basic Materials,2768161536.0,14.299999,10.911865,5.1254478,0.0,2.0,5.916,0.52513003,0.2645066018068103,0.26773,1.163,-0.208,111050128.0,2520897536.0,402731008.0,313321000.0,807499000.0,31772000.0,267704000.0,0.279,817352000.0,379766000.0,,189836000.0,216195000.0,,0.601249041794479,,1927653086.0,0.1407939288395442,0.2481188969174181,2.000495164247034,0.8344106520508773,0.0388718691579637,0.1587653400472905,0.987945218216876,1.0940958373125105,1857093694.0,4603000.0,1.43,[],{},0.0401169247371552,6.259506931236841,8.045734361884458,0.1242894625924216,0.0699300748202849,,0.4993036034140962,0.95,19,20,0.4279945799457995,6.0,22.0,0.4829818181818181,0.4829818181818181,0.2727272727272727,0.0,1.0,0.2727272727272727,22.0,3,5,"cheapness,quality,risk",0.4233883333333333,True,0.5,0.3691,hold,2,AU,0.0,0.0,51,stable,0.2272,persistent,2026-07-17,neutral,0.5,45.11359919276395
SIG.AX,Sigma Healthcare Limited,Healthcare,30367250432.0,44.000004,29.616335,6.0829496,1.53,1.671,40.496,0.14687,0.0796118185464547,0.06545,0.319,0.44,390570752.0,32250480640.0,1037872000.0,907015000.0,10834966000.0,2020547968.0,131124000.0,0.434,8907999000.0,3426484000.0,,2050174000.0,709182000.0,,0.1806065658166347,,11502746000.0,0.0639390275008983,0.2399746077657916,1.6713137519059358,1.70796216963764,0.2268240039092954,0.249855872522051,1.2163187265737232,0.7241769289372502,11501263000.0,46423000.0,2.64,[],{},0.0128615777340324,31.073659025390413,35.556722479782586,0.0281240769749966,0.0227272706611572,,0.1322598637323058,0.95,19,20,0.399375,4.0,22.0,0.3574272727272727,0.3574272727272727,0.1818181818181818,0.0,1.0,0.1818181818181818,22.0,4,5,"cheapness,dividend,garp,risk",0.4160516666666666,True,0.5,0.3635,hold,2,AU,1.3005,1.3005,32,stable,0.2899,persistent,2026-09-06,neutral,0.625,51.65704315978598
LNW.AX,"Light & Wonder, Inc.",Consumer Cyclical,8250692608.0,21.93638,8.611801,19.516281,0.0,1.734,1713.245,0.53984,0.042711234911792,0.08092,0.023,0.378,609000000.0,13495409664.0,1260000000.0,902000000.0,3314000000.0,5174000128.0,154000000.0,5.653741,6462000000.0,1283000000.0,,803000000.0,276000000.0,794000000.0,0.7329511164755582,,77000000.0,0.0619811842833425,0.7079673776662484,1.597758405977584,1.6095238095238096,0.8062519343856391,0.7225604132078952,0.5128443206437635,0.5880833794502859,86307886.0,314000000.0,110.34,[],{},0.0738119851186195,10.71064259047619,14.961651512195122,0.0668375412423493,0.0455863729567048,,0.1593921187488955,1.0,20,20,0.409375,6.0,22.0,0.4026363636363635,0.4026363636363635,0.2727272727272727,0.0,1.0,0.2727272727272727,22.0,4,5,"cheapness,quality,garp,risk",0.4783283333333333,True,0.8,0.3535,hold,2,AU,0.0,0.0,42,stable,0.3052,persistent,2026-07-20,neutral,0.625,39.88746931841618
EMR.AX,Emerald Resources NL,Basic Materials,4356960256.0,17.756758,6.8812385,4.75398,0.0,3.486,3.473,0.32997,0.2343032864197241,0.42384997,0.794,5.633,262975008.0,3944026368.0,396862016.0,361696000.0,601794000.0,31884000.0,433648992.0,1.382,1107923000.0,492873000.0,,141399000.0,259590000.0,,0.7326078359039805,,660775844000.0,0.1158668355997344,0.5683946154167848,3.4856894320327583,3.616465097164328,0.0287781732123983,0.0290047320656299,0.5431731266523034,0.569241837914188,657590123.0,328000.0,6.57,[],{},0.0603574493565451,9.938029362830228,10.904257630717508,0.0917072976323468,0.0563165866201476,,0.3742235060898643,0.95,19,20,0.3786449864498645,9.0,22.0,0.5556409090909091,0.5556409090909091,0.4090909090909091,0.0,1.0,0.4090909090909091,22.0,4,5,"cheapness,quality,garp,risk",0.6466316666666667,True,0.66665,0.3186,hold,2,AU,0.0,0.0,51,stable,0.265,persistent,2026-07-17,neutral,0.5,40.788323204699786
FPH.AX,Fisher & Paykel Healthcare Corporation Limited,Healthcare,22171721728.0,53.084507,42.490658,12.929233,1.17,2.315,6.906,0.23391001,0.1641785814409868,0.20295,0.14,0.143,399412512.0,21806649344.0,759400000.0,477800000.0,2308400000.0,146100000.0,461100000.0,2.9150994,2853600000.0,1152200000.0,,497800000.0,468500000.0,,0.6368480332697972,,587276425.0,0.1478751764152422,0.4141216902288526,2.314584170349538,1.869304556354916,0.0511984861227922,0.060098792535675,0.8089430894308943,0.50192096597146,583544510.0,10300000.0,37.69,[],{},0.0180145013950627,28.71562989728733,45.63970143156132,0.0219107480687519,0.0188378880489556,,0.2028185754308515,0.95,19,20,0.3602083333333334,6.0,22.0,0.4366136363636363,0.4366136363636363,0.2727272727272727,0.0,1.0,0.2727272727272727,22.0,5,5,"cheapness,quality,dividend,garp,risk",0.5029933333333333,True,0.66665,0.3146,hold,2,AU,0.9945,0.9945,51,stable,0.3205,persistent,2026-07-17,neutral,0.5,67.77891385704451
ASX.AX,ASX Limited,Financial Services,11515350016.0,23.623482,22.000437,2.8573527,3.56,1.126,12.297,0.1234,0.0335028396921248,0.38419998,0.147,-0.149,-324600000.0,7004303872.0,659900032.0,705500000.0,1270400000.0,490200000.0,4876599808.0,20.421,14473400000.0,11271100000.0,,10005700000.0,484900000.0,,1.0,,195409849.0,0.0286065545778455,1.0,1.126467913289425,1.115221480189764,0.0338690287009272,0.0176955388345646,0.0877748144872662,0.064202533951074,194299425.0,405600000.0,58.35,[],{},-0.0281884614491947,10.614189320118111,9.928141562012756,0.1007237853886188,0.0423307622474959,,0.1579112294916847,0.95,19,20,0.3117755771663504,6.0,22.0,0.4670818181818184,0.4670818181818184,0.2727272727272727,0.0,0.9307,0.2727272727272727,22.0,4,5,"cheapness,dividend,garp,risk",0.512575,True,0.4,0.3031,hold,2,AU,3.026,3.026,34,stable,0.2337,persistent,2026-08-16,neutral,0.5,58.74239753273653
ALL.AX,Aristocrat Leisure Limited,Consumer Cyclical,35185508352.0,25.063293,20.49732,5.803048,1.66,1.6,30.653,0.22027001,0.157834977146981,0.23455,-0.002,-0.151,913612480.0,37163618304.0,2306700032.0,1382100000.0,6297000000.0,1892099968.0,641100032.0,10.236,10392500000.0,2961700000.0,,1798700000.0,1640300000.0,,0.6094330633635064,,616871882.0,0.126501931401285,0.5860136895026955,1.646578084171902,1.5373209986060068,0.1953524176088525,0.2336801444183473,0.6059177291315853,0.6409146495331638,629381749.0,163700000.0,59.4,[],{},0.0259655898917279,16.111162174727017,26.889239782939004,0.0371895973286121,0.0398989869367923,,0.160825246107659,0.95,19,20,0.3025735294117647,4.0,22.0,0.4258318181818181,0.4258318181818181,0.1818181818181818,0.0,1.0,0.1818181818181818,22.0,4,5,"cheapness,quality,garp,risk",0.4823116666666666,True,0.5,0.2585,hold,2,AU,1.411,1.411,51,stable,0.2132,persistent,2026-07-17,accumulate,0.75,44.565163470452106
CHC.AX,Charter Hall Group,Real Estate,8783557632.0,20.865168,14.657941,3.0318367,2.79,1.975,25.796,0.15261,0.1095634361797465,0.29767,-0.086,-0.328,518969312.0,9291908096.0,538600000.0,167400000.0,449000000.0,747299968.0,215300000.0,6.125,3905500000.0,493300000.0,,249800000.0,427900000.0,,1.0,,472997199.0,0.0924609220698606,1.0,1.9747798238590872,2.756681707740368,0.1838176929970554,0.1399469555894137,0.1149660734861093,0.1247672253258845,472997199.0,33300000.0,18.57,[],{},0.0590841813468959,17.251964530263646,55.50721682198327,0.0180156753887893,0.0479267648360176,,0.0457915036791859,0.95,19,20,0.3170238095238095,7.0,22.0,0.4719818181818181,0.4719818181818181,0.3181818181818182,0.0,1.0,0.3181818181818182,22.0,5,5,"cheapness,quality,dividend,garp,risk",0.5661533333333333,True,0.66665,0.2583,hold,2,AU,2.3715,2.3715,51,stable,0.2733,persistent,2026-07-17,neutral,0.625,47.274234494065446
CPU.AX,Computershare Limited,Financial Services,23094995881.60973,25.43312,17.099148,7.00352,3.25,2.523,59.273,0.27966,0.1245696337608472,0.1893,0.044,0.074,719649984.0,23399696384.0,1076099968.0,920100000.0,3257500000.0,1355800064.0,1053699968.0,5.701419,4966700000.0,1856700000.0,,735900000.0,618700000.0,836600000.0,0.282455871066769,,578387070.0,0.1137684147392885,0.287484749245489,2.5230330207908684,2.195261871879316,0.2729780337044717,0.3600854668815834,0.6558680814222724,0.5837612924991565,578387070.0,82600000.0,39.93,[],{},0.0311604291981298,21.74490946922879,25.43168827736116,0.0393210230124667,0.0393188094893587,,0.2174766001701805,1.0,20,20,0.3068522331953309,8.0,22.0,0.4997545454545455,0.4997545454545455,0.3636363636363636,0.0,1.0,0.3636363636363636,22.0,5,5,"cheapness,quality,dividend,garp,risk",0.6290983333333333,True,1.0,0.2414,hold,2,AU,2.7625,2.7625,41,stable,0.2741,persistent,2026-07-25,wait,0.25,46.260054544907376
BRG.AX,Breville Group Limited,Consumer Cyclical,4364503040.0,31.829788,25.121958,4.0947037,1.27,2.225,14.497,0.13595,0.083021836906301,0.07628,0.019,0.034,122545376.0,4303771648.0,230232992.0,207900000.0,1810896000.0,153420992.0,193358000.0,7.307,1663743000.0,998713000.0,,448940000.0,138127000.0,,0.3597020480469337,,144838561.0,0.0917183192918757,0.3657284691117449,2.2246023967568047,2.176332882378352,0.0922143624345827,0.0799779099370851,1.088446953646086,1.1453825894927725,143942481.0,11845000.0,29.92,[],{},0.0280777387200536,18.693114356086724,20.70116232804233,0.0483064662821069,0.0314171115434384,,0.1711388595517133,0.95,19,20,0.2645220588235294,4.0,22.0,0.4053954545454546,0.4053954545454546,0.1818181818181818,0.0,1.0,0.1818181818181818,22.0,4,5,"cheapness,dividend,garp,risk",0.4580383333333332,True,0.66665,0.2263,hold,2,AU,1.0795,1.0795,33,stable,0.1865,persistent,2026-09-04,neutral,0.625,43.52477944235799
CMM.AX,Capricorn Metals Ltd,Basic Materials,6747435008.0,22.707693,11.68119,4.708134,0.69,3.159,1.417,0.255,0.1530397640686231,0.3967,0.261,0.362,52260000.0,6088249344.0,416430016.0,408980000.0,711361000.0,20295000.0,505222016.0,3.135,1843926000.0,621288000.0,,196652000.0,282194000.0,,0.6351866351964754,,456787789.0,0.144625705593462,0.5636913548329705,3.1593271362610094,0.9051343455439662,0.011006406981625,0.2236787290438119,0.3857860890296031,0.5970503247265176,377528031.0,5901000.0,14.76,[],{},0.0077451653758856,14.620102082170751,14.886423160056726,0.0671753039160677,0.0440379390367837,,0.2482768501172239,0.95,19,20,0.2526287262872628,7.0,22.0,0.5082318181818182,0.5082318181818182,0.3181818181818182,0.0,1.0,0.3181818181818182,22.0,5,5,"cheapness,quality,dividend,garp,risk",0.5704966666666667,True,0.5,0.2115,hold,2,AU,0.5865,0.5865,51,stable,0.2205,persistent,2026-07-17,neutral,0.5,45.213613462458916
GMG.AX,Goodman Group,Real Estate,53690736640.0,19.646616,16.450308,2.1416276,1.15,3.552,24.415,0.115159996,0.0831137366335152,0.68439,0.658,1.146,2988800000.0,55439941632.0,2399500032.0,869700000.0,2554600000.0,6090999808.0,4081499904.0,12.201,33432500000.0,5223600000.0,,1470700000.0,2778700000.0,,0.6941595553119863,,2044793036.0,0.0527921483401076,0.618050855651165,3.55177806486707,2.6680531767392544,0.1821879907275854,0.1671138877184756,0.076410678232259,0.0655339882719315,2031151466.0,8000000.0,26.13,[],{},0.0556669583440455,23.10478886961732,63.746052238703,0.0156872459529792,0.05089935080932,,0.0272106076628975,0.95,19,20,0.2607142857142857,7.0,22.0,0.5342818181818182,0.5342818181818182,0.3181818181818182,0.0,1.0,0.3181818181818182,22.0,5,5,"cheapness,quality,dividend,garp,risk",0.6563933333333333,True,0.66665,0.2065,hold,2,AU,0.9775,0.9775,33,stable,0.2219,persistent,2026-09-04,neutral,0.625,43.54984633430384
PME.AX,Pro Medicus Limited,Healthcare,16705793024.0,62.221794,70.05976,37.05051,0.44,6.852,0.495,0.74969,0.4348910658063162,1.01397,0.182,0.484,98867504.0,16455746560.0,196487008.0,196044000.0,261616000.0,2231000.0,252276000.0,4.316,610139000.0,357968000.0,,52246000.0,265344000.0,,0.9984672191303284,,104469963.0,0.3401701780906042,0.9985486484582324,6.851586724342534,6.49297603041402,0.0036565438367322,0.006657730643866,0.4287809826941074,0.6285872029854976,104462909.0,,159.91,[],{},0.0059181568847383,83.749794592017,83.93904715268,0.0119134066196994,0.0160715391780571,,0.3514007166248725,0.95,19,20,0.24125,5.0,22.0,0.3751,0.3751,0.2272727272727272,0.0,1.0,0.2272727272727272,22.0,5,5,"cheapness,quality,dividend,garp,risk",0.4155316666666667,True,0.5,0.1635,hold,2,AU,0.374,0.374,51,stable,0.1923,persistent,2026-07-17,accumulate,0.75,40.72939545140668
HUB.AX,HUB24 Limited,Financial Services,5185274880.0,43.731033,28.947332,9.34975,1.32,2.131,12.963,0.22205,0.1692712184007108,0.24190001,0.208,0.306,,5193176576.0,,138804000.0,490884000.0,71655000.0,70986000.0,6.782,710103000.0,142700000.0,,66965000.0,120200000.0,,1.0,,81502237.0,0.1199931160771301,1.0,2.130963936384678,1.943850542515121,0.100907896460091,0.0891241566817076,0.6912856303944639,0.60445522657315,80730126.0,1815000.0,63.41,[],{},,,37.41373862424714,0.0267281495186348,0.0228670564447905,,0.2158230426440359,0.85,17,20,0.1607566413662239,5.0,22.0,0.4501454545454546,0.4501454545454546,0.2272727272727272,0.0,1.0,0.2272727272727272,22.0,5,5,"cheapness,quality,dividend,garp,risk",0.4862066666666666,True,0.5,0.0608,hold,2,AU,1.122,1.122,51,stable,0.0942,persistent,2026-07-17,accumulate,0.875,27.90743204637704
EOS.AX,Electro Optic Systems Holdings Limited,Industrials,2554009088.0,,154.63087,6.264274,0.0,1.266,21.735,-0.18903999,0.0496641644673464,-0.24133,2.83,,180603504.0,2318633984.0,-19555000.0,-58225000.0,128458000.0,85105000.0,256024992.0,1.839,374737000.0,264009000.0,,112835000.0,18611000.0,,0.6336467950614209,,192952099.0,-0.0467090924506376,0.4793985217908419,2.339779323791377,1.9708230184020528,0.0457440818494037,0.1644082251492466,0.3427950802829718,0.4402963487559038,192952099.0,17750000.0,11.52,[],{},0.0707137280163037,-118.56987900792636,-39.82196623443538,-0.0251117685679535,,,-0.2223159807867064,0.9,18,20,0.4096618357487922,2.0,22.0,0.2797863636363636,0.2797863636363636,0.0909090909090909,0.0,1.0,0.0909090909090909,22.0,2,5,"cheapness,risk",0.2492533333333333,True,0.56665,0.4763,avoid,1,AU,0.0,0.0,4,stable,0.1595,persistent,2026-10-05,neutral,0.375,61.308760157142856
ORI.AX,Orica Limited,Basic Materials,10795905854.925858,45.666668,16.982027,2.8928087,2.57,1.314,84.849,0.06613,0.0163131973062619,0.03089,-0.017,,804362496.0,13352859648.0,1374099968.0,894500000.0,8144500000.0,3240800000.0,768700032.0,8.051,9949000000.0,2908000000.0,,2389900000.0,162300000.0,,0.5447357112161582,,468514538.0,0.054655511913568,0.5307778326788547,1.2167873132767062,1.1948609146628948,0.3020203035480953,0.2626506777241803,0.8186249874359232,0.8012460539887272,487010299.0,192900000.0,23.29,[],{},0.0745062532786901,9.71753144528128,14.92773577193963,0.0669893957983733,0.0218978095796259,,0.118334193224061,0.95,19,20,0.4315989159891598,2.0,22.0,0.3096181818181818,0.3096181818181818,0.0909090909090909,0.0,0.8,0.0909090909090909,22.0,1,5,cheapness,0.296155,False,0.56665,0.4683,avoid,1,AU,2.1845,2.1845,28,stable,0.0855,persistent,2026-09-13,neutral,0.375,55.34530684603533
TWE.AX,Treasury Wine Estates Limited,Consumer Defensive,4505780736.0,,13.4107,1.3489949,0.0,1.808,59.633,-0.26471,-0.1711309760086375,-0.41042998,-0.073,,-650762496.0,6287025664.0,-890000000.0,57500000.0,2561000000.0,1996700032.0,221800000.0,4.129,6298100000.0,1797100000.0,,993700000.0,-1077800000.0,,0.3575556423272159,,807437260.0,0.0525695171401412,0.4651305265307511,1.8084935091073764,2.0205348179246143,0.317032120798336,0.2645441528594978,0.4066305711246248,0.3535236857620715,811426445.0,216100000.0,5.57,[],{},-0.1444283541807925,-7.064073779775281,109.3395767652174,0.0091458191954344,,,0.0108400573109116,0.9,18,20,0.4000000000000001,1.0,22.0,0.2110954545454545,0.2110954545454545,0.0454545454545454,0.0,1.0,0.0454545454545454,22.0,1,5,risk,0.1664749999999999,True,0.4,0.4667,avoid,1,AU,0.0,0.0,4,stable,0.078,persistent,2026-10-05,neutral,0.375,58.575477526951595
ARG.AX,Argo Investments Limited,Financial Services,6855106048.0,26.794117,,0.9847583,4.39,2.346,0.029,0.03777,0.031594930879941,0.89292,-0.058,-0.059,175900320.0,6766146560.0,280731008.0,,286469000.0,0.0,88613000.0,9.251,8234802000.0,,,,260178000.0,,,,752443394.0,0.032364764518038,,,,,,0.0347876002361684,0.035328179773467,760996574.0,718000.0,9.11,[],{},0.0256597518358333,24.10188531791971,,,0.037321625489655,,,0.85,17,20,0.4190752400667011,2.0,22.0,0.4232909090909091,0.4232909090909091,0.0909090909090909,0.0,1.0,0.0909090909090909,22.0,2,5,"cheapness,garp",0.4509966666666667,False,0.36665,0.4432,avoid,1,AU,3.7315,3.7315,34,stable,0.1466,persistent,2026-08-16,neutral,0.625,44.54434366497402
LLC.AX,Lendlease Group,Real Estate,1783811328.0,,10.416245,0.44916433,6.18,1.216,96.621,-0.14989,-0.0549361889394161,-0.13796,-0.196,,-1960000000.0,5727279104.0,55000000.0,-144000000.0,5321000000.0,4689999872.0,751000000.0,5.744,13634000000.0,5149000000.0,,4236000000.0,-749000000.0,,0.0618304829919188,,691000000.0,0.0159201867968584,0.0531369196369854,1.215533522190746,0.8191208791208792,0.3280768666568872,0.2868463878865067,0.3902743142144638,0.5379608009622868,690000000.0,259000000.0,2.58,[],{},-1.0987709121667828,104.13234734545456,-39.77277155555556,-0.0251428291489109,,,-0.0153224090231964,0.9,18,20,0.39,0.0,22.0,0.3055181818181818,0.3055181818181818,0.0,0.0,1.0,0.0,22.0,0,5,,0.25555,False,0.2,0.4339,avoid,1,AU,5.253,5.253,33,stable,0.0,persistent,2026-09-04,neutral,0.625,46.13738212530833
NWS.AX,News Corporation,Communication Services,24328785920.0,29.887419,19.976217,2.0593135,0.63,1.623,31.561,0.07979,0.0368630983015954,0.06347,0.108,-0.749,1045124992.0,25941704704.0,1338000000.0,1142000000.0,9028000000.0,2915000064.0,2100999936.0,21.915071,15544000000.0,4482000000.0,,2761000000.0,573000000.0,1237000000.0,,,543331412.0,0.076109391124871,,1.6233248822890256,1.8447085889570551,0.1875321667524446,0.1896284829721362,0.580802882141019,0.5451496388028896,565385686.0,,45.13,[],{},0.0429583701972087,19.3884190612855,22.716028637478107,0.0440217793329485,0.0334588945268241,,0.0893374012360165,1.0,20,20,0.4516666666666667,3.0,22.0,0.3875636363636363,0.3875636363636363,0.1363636363636363,0.0,1.0,0.1363636363636363,22.0,2,5,"cheapness,risk",0.4275716666666667,True,1.0,0.4167,avoid,1,AU,0.5355,0.5355,33,stable,0.1737,persistent,2026-09-04,neutral,0.625,42.382702498737125
ASB.AX,Austal Limited,Industrials,1730504192.0,,16.295708,1.3974097,0.0,1.232,23.89,-0.04217,-0.0172960617110781,-0.02642,-0.078,,-241110624.0,1739959936.0,-91874000.0,-217666000.0,2028961000.0,294699008.0,311895008.0,2.934,3099087000.0,1196085000.0,,971233000.0,-53602000.0,,0.0191822316939556,,422050221.0,0.0304665576792817,0.1259207705432402,1.231511902911042,1.875623519205824,0.0950921997349542,0.0906493237519501,0.654696367026805,0.6190676995003896,421180044.0,20329000.0,4.1,[],{},-0.1393296965789725,-18.93854557328515,-7.9937148475186754,-0.125098282722758,,,-0.1022936724042157,0.9,18,20,0.3671936758893281,1.0,22.0,0.2341454545454545,0.2341454545454545,0.0454545454545454,0.0,1.0,0.0454545454545454,22.0,1,5,risk,0.18326,True,0.4,0.4159,avoid,1,AU,0.0,0.0,4,stable,0.0705,persistent,2026-10-05,neutral,0.5,42.30469058041065
APE.AX,Eagers Automotive Limited,Consumer Cyclical,5105565696.0,20.804598,13.985475,2.3294723,4.16,1.02,172.624,0.13185,0.0383143485254057,0.01606,0.24,-0.098,98315376.0,10373008384.0,710390016.0,591537000.0,13045190000.0,5320115200.0,1165174016.0,7.77,5915695000.0,2968483000.0,,2727092000.0,226656000.0,,0.1686430017500703,,282364338.0,0.0376037451383002,0.1790445054031082,1.088515898986906,1.0166714670552155,0.5165675377111227,0.6179910896569578,2.2051829920237607,2.052349502971245,258074137.0,151018000.0,18.1,[],{},0.0192565098275057,14.601849899872466,17.535688188566397,0.0570265614469593,0.0480662976520863,,0.1855160394693224,0.95,19,20,0.4132352941176471,3.0,22.0,0.3626772727272727,0.3626772727272727,0.1363636363636363,0.0,0.9488,0.1363636363636363,22.0,3,5,"cheapness,dividend,garp",0.4048183333333333,False,0.2,0.4132,avoid,1,AU,3.536,3.536,35,stable,0.2355,persistent,2026-08-02,neutral,0.625,32.696951010171915
DBI.AX,Dalrymple Bay Infrastructure Limited,Industrials,2736604416.0,78.85714,22.320166,2.6500242,4.97,0.925,210.637,0.03388,0.0082608294204797,0.0519,0.056,0.138,-43147888.0,4857669632.0,300971008.0,64737000.0,659358000.0,2181040896.0,66923000.0,2.083,3541533000.0,204966000.0,,118604000.0,29256000.0,,1.0,,495761667.0,0.0239300181759193,1.0,1.7281541937877305,1.2724837032276373,0.6104873228627264,0.5644589833596576,0.186178697191301,0.1986435199907321,495761667.0,206678000.0,5.52,[],{},-0.0157669437890726,16.13999190247587,75.0369901601866,0.0133267605465681,0.0126811598797521,,0.0189127498700674,0.95,19,20,0.3820252211556559,3.0,22.0,0.2426181818181818,0.2426181818181818,0.1363636363636363,0.0,0.8456,0.1363636363636363,22.0,2,5,"dividend,garp",0.3125699999999999,False,0.1,0.4111,avoid,1,AU,4.2245,4.2245,51,stable,0.1507,persistent,2026-07-17,insufficient_data,0.0,
BGA.AX,Bega Cheese Limited,Consumer Defensive,1963387008.0,35.666664,21.386456,1.9681177,2.36,1.207,46.9,0.05544,0.0253985910270671,0.014520001,0.083,,31775000.0,2274488576.0,178000000.0,13800000.0,3785500000.0,467500000.0,133400000.0,3.262,2157600000.0,831000000.0,,688400000.0,54800000.0,,0.2103817197199841,,305573000.0,-0.0041652374185328,0.208811019407904,1.2071470075537478,1.18540786480338,0.2184835001853911,0.2154162787278875,1.7544957360029665,1.7396481599451168,305184000.0,22800000.0,6.42,[],{},0.0161837680857262,12.778025707865169,164.81801275362318,0.0060672980051934,0.0280373852738232,,0.0093928668663218,0.95,19,20,0.3964285714285714,1.0,22.0,0.26925,0.26925,0.0454545454545454,0.0,0.8,0.0454545454545454,22.0,1,5,risk,0.2726566666666666,True,0.4,0.4107,avoid,1,AU,2.006,2.006,32,stable,0.0767,persistent,2026-09-06,neutral,0.625,65.93405559015952
RWC.AX,Reliance Worldwide Corporation Limited,Industrials,3523262720.0,471.0,15.262475,1.8482565,1.41,2.202,29.422,0.0046900003,0.0030258208528684,0.0047999998,0.035,,199921376.0,3859855360.0,224984000.0,82112000.0,1305604000.0,378268000.0,28566000.0,2.5483477,2071503999.9999,601836000.0001,,273285000.0,6268000.0,,0.3523189267189745,,748038799.0,0.0568392543542535,0.3885853939045428,2.2022284428347696,2.728283440240334,0.1826054885725628,0.2103401642661544,0.6302686357352257,0.5978243965524298,773539330.0,19114000.0,4.71,[],{},0.0567432496206243,17.156132702769973,47.00720187061575,0.0212733360039688,0.0021231422505307,,0.0456629587386211,0.95,19,20,0.3929324298889516,2.0,22.0,0.3165363636363636,0.3165363636363636,0.0909090909090909,0.0,1.0,0.0909090909090909,22.0,2,5,"cheapness,risk",0.3251016666666667,True,0.66665,0.4076,avoid,1,AU,1.1985,1.1985,33,stable,0.1521,persistent,2026-09-04,wait,0.125,71.15384161175817
IFT.AX,Infratil Limited,Industrials,10972449792.0,45.75,-296.75674,1.7665817,1.41,0.521,92.848,0.03541,0.0302495117053176,0.15767,-0.2,,368237504.0,19510796288.0,1085299968.0,202900000.0,2999100000.0,7919099904.0,312600000.0,6.215393,18175500000.0,1065200000.0,,2046200000.0,549800000.0,,1.0,,999312470.0,-0.016603935532886,0.9327417234373132,0.5205747238784088,0.6719301752281964,0.4357019064124783,0.4088233417812549,0.165007840224478,0.1940972806198493,968086132.0,459000000.0,10.98,[],{},0.0335601903841457,17.97733056599519,96.15966627895516,0.0103993705333693,0.0218579234972677,,0.0125795911787864,0.95,19,20,0.4139516280820628,0.0,22.0,0.2291181818181818,0.2291181818181818,0.0,0.0,0.5,0.0,22.0,0,5,,0.2226783333333333,False,0.26665,0.4015,avoid,1,AU,1.1985,1.1985,51,stable,0.0,persistent,2026-07-17,insufficient_data,0.0,
AIA.AX,Auckland International Airport Limited,Industrials,11301522432.0,39.0,37.15386,1.2853712,1.77,0.337,25.717,0.03141,0.0226303085213557,0.33628,0.027,-0.319,-581675008.0,14105191424.0,709000000.0,419000000.0,965700000.0,2787800064.0,55400000.0,5.1580434,14789900000.0,202300000.0,,600200000.0,334700000.0,,1.0,,1699366137.0,0.0299162317067967,1.0,0.3370543152282572,1.0350573809149506,0.1872088384640869,0.1768734089002033,0.0652945591248081,0.066083085631391,1687561809.0,72600000.0,6.63,[],{},-0.0514687301202005,19.89448719887165,33.66394134606205,0.0297053749506065,0.0256410256410256,,0.0295284607849355,0.95,19,20,0.3882552230378317,1.0,22.0,0.3405454545454545,0.3405454545454545,0.0454545454545454,0.0,0.8,0.0454545454545454,22.0,1,5,garp,0.379765,False,0.4,0.3916,avoid,1,AU,1.5045,1.5045,51,stable,0.0741,persistent,2026-07-17,insufficient_data,0.0,
AUB.AX,AUB Group Limited,Financial Services,3529906944.0,34.20253,12.7050705,1.8757377,3.65,1.183,55.353,0.06305,0.0191604381478003,0.07748,0.052,-0.637,156462256.0,4744836608.0,399480000.0,194669000.0,1090071000.0,1202013952.0,250634000.0,14.405,5012829000.0,1674418000.0,,1415416000.0,96048000.0,,1.0,,130640517.0,0.0380395985344017,1.0,1.1829864859518333,1.1284124480176312,0.2397875530962656,0.2024064527564686,0.2174562507518209,0.2184624992367995,116587434.0,87356000.0,27.02,[],{},0.0443247537349245,11.877532312005608,24.3738685050008,0.0410275455369273,0.0292376031831563,,0.0541136088628133,0.95,19,20,0.3764275523259157,2.0,22.0,0.3453545454545454,0.3453545454545454,0.0909090909090909,0.0,0.8865,0.0909090909090909,22.0,2,5,"garp,risk",0.42152,True,0.56665,0.3887,avoid,1,AU,3.1025,3.1025,33,stable,0.1454,persistent,2026-09-04,neutral,0.625,43.41847917839426
AFI.AX,Australian Foundation Investment Company Limited,Financial Services,8463052800.0,28.750002,,1.0352589,3.87,4.512,,0.0346,0.0298608534455128,0.86087,0.089,0.124,92224752.0,8347269120.0,320380992.0,,338317000.0,0.0,90084000.0,6.665,9815694000.0,,,,293105000.0,,,,1233206000.0,0.0269267860430424,,,,,0.0009450913279553,0.034466946504241,0.0311100437879714,1254059000.0,2155000.0,6.9,[],{},0.010897338605757,26.054195874391947,,,0.0347826062759926,,,0.8,16,20,0.3636235157552757,2.0,22.0,0.3196136363636364,0.3196136363636364,0.0909090909090909,0.0,0.928,0.0909090909090909,22.0,2,5,"dividend,garp",0.3534383333333333,False,0.1,0.3846,avoid,1,AU,3.2895,3.2895,51,stable,0.1197,persistent,2026-07-17,insufficient_data,0.0,
ILU.AX,Iluka Resources Limited,Basic Materials,2540059136.0,,-25.147297,1.2449799,1.03,3.274,62.992,-0.18003,-0.0683396128053837,-0.45249,-0.211,,-411312512.0,3767215104.0,157700000.0,152200000.0,1015400000.0,1282700032.0,50600000.0,4.731,4220100000.0,1171800000.0,,334300000.0,-288400000.0,,0.5974000393933425,,429703905.0,0.0618217779440851,0.6446210373408527,3.505234819024828,4.0419558359621455,0.2695433757493898,0.0778585556208905,0.2406104120755432,0.3127973485860907,428628861.0,18900000.0,5.89,[],{},-0.1619302897993631,23.888491464806595,24.751741813403417,0.0404011971173069,,,0.0391682536414637,0.9,18,20,0.3377777777777778,0.0,22.0,0.2673681818181818,0.2673681818181818,0.0,0.0,1.0,0.0,22.0,0,5,,0.2230383333333333,False,0.4,0.3733,avoid,1,AU,0.8755,0.8755,51,stable,0.0,persistent,2026-07-17,insufficient_data,0.0,
MSB.AX,Mesoblast Limited,Healthcare,2590604800.0,,17.156864,3.1732342,0.0,2.435,22.402,-0.09864,-0.0743779096314865,-0.47817,3.907,,-51976248.0,2619611904.0,-44605000.0,-51250000.0,120250000.0,127334000.0,102914000.0,0.6286961,773079000.0,197491000.0,,81112000.0,-57500000.0,,0.8613970893970894,,1295075537.0,-0.1301697628214196,0.7017095011047796,2.434793865272709,1.9912108042796173,0.1647102042611427,0.1633232783174861,0.1555468457945436,0.0219171308668596,1279934798.0,19872000.0,1.995,[],{},-0.0200633643541461,-58.729108933976015,-51.11437861463415,-0.0195639666783251,,,-0.0740642256061343,0.9,18,20,0.3177777777777777,1.0,22.0,0.2243363636363636,0.2243363636363636,0.0454545454545454,0.0,1.0,0.0454545454545454,22.0,1,5,risk,0.18707,True,0.4,0.3667,avoid,1,AU,0.0,0.0,51,stable,0.0616,persistent,2026-07-17,insufficient_data,0.0,
DRO.AX,DroneShield Limited,Industrials,1563824128.0,,422.5,5.075075,0.0,4.302,5.404,-0.09905,0.0085422807719834,-0.11419,0.733,,-16571500.0,1399883392.0,-28568000.0,-14622000.0,216547000.0,16651000.0,178480992.0,0.333,412185000.0,334886000.0,,57953000.0,3521000.0,,0.6088331863290648,,913417667.0,-0.0037091258545741,0.7169427593040032,5.778579193484375,11.421729601552114,0.0345839853463857,0.0255901584527325,0.5253636109999151,0.1616532585513615,872115159.0,633000.0,1.69,[],{},-0.0105967798445427,-49.0017989358723,-95.7381611270688,-0.0104451557062261,,,-0.0412780324758915,0.9,18,20,0.2915678524374177,1.0,22.0,0.2168727272727272,0.2168727272727272,0.0454545454545454,0.0,1.0,0.0454545454545454,22.0,1,5,risk,0.18063,True,0.4,0.3493,avoid,1,AU,0.0,0.0,51,stable,0.0577,persistent,2026-07-17,insufficient_data,0.0,
ALQ.AX,ALS Limited,Industrials,10704072704.0,32.953125,21.013094,6.2974024,2.03,1.467,92.194,0.21445999,0.081665598975016,0.09599,0.082,0.311,324887488.0,12131472384.0,707900032.0,528200000.0,3320100000.0,1571900032.0,149700000.0,3.349,3902500000.0,985500000.0,,671600000.0,318700000.0,,0.8972922502334267,,507542553.0,0.0630692728078381,0.8980129359205175,1.4673913043478262,1.5253487124463518,0.4027930813581037,0.5152626655506868,0.850762331838565,0.7383683718182266,484874204.0,62000000.0,21.09,[],{},0.0303517639485569,17.13726774347709,22.967573616054526,0.0435396449236149,0.0303461356092935,,0.16348385898666,0.95,19,20,0.3798183700357613,3.0,22.0,0.3890045454545454,0.3890045454545454,0.1363636363636363,0.0,0.8592,0.1363636363636363,22.0,3,5,"cheapness,dividend,garp",0.4637399999999999,False,0.56665,0.344,avoid,1,AU,1.7255,1.7255,51,stable,0.2063,persistent,2026-07-17,insufficient_data,0.0,
MEZ.AX,Meridian Energy Limited,Utilities,11667699712.0,109.75,41.798584,1.4472489,4.15,1.148,20.442,0.01377,0.0075854825533901,0.03348,-0.273,,455624992.0,12991426560.0,769000000.0,805000000.0,3852000000.0,2035000064.0,512000000.0,3.0333412,17138000000.0,1063000000.0,,926000000.0,130000000.0,,1.0,,2648597400.0,-0.0301856551355683,1.0,1.1479481641468685,0.6570048309178744,0.1187419768934531,0.1047816214772272,0.224763683043529,0.3201549352210498,2615469348.0,95000000.0,4.39,[],{},0.0390501129825443,16.893922704811445,16.138418086956523,0.061963941856744,0.0091116173120728,,0.0496545768566493,0.95,19,20,0.3285714285714286,2.0,22.0,0.3542363636363637,0.3542363636363637,0.0909090909090909,0.0,1.0,0.0909090909090909,22.0,2,5,"cheapness,risk",0.3631466666666666,True,0.66665,0.3429,avoid,1,AU,3.5275,3.5275,51,stable,0.1276,persistent,2026-07-17,insufficient_data,0.0,
TCL.AX,Transurban Group,Industrials,40442355712.0,108.0,74.82247,5.236364,5.37,0.768,270.739,0.04974,0.0108351342550105,0.09397,-0.098,-0.624,1068625024.0,59569582080.0,2318000128.0,1170000000.0,3895000000.0,21272000512.0,2273999872.0,2.475,33779000000.0,2759000000.0,,3593000000.0,366000000.0,,0.7337612323491656,,3120000000.0,0.0037394213737453,0.6803713527851459,0.7678819927637072,0.5928445452254976,0.6110305219219041,0.5924593021621166,0.1153083276591965,0.1059971321730817,3108000000.0,994000000.0,12.96,[],{},0.0264234119201646,25.69869663096067,50.91417271794872,0.0196408965641009,0.0092592592592592,,0.0387596899224806,0.95,19,20,0.3313852813852814,2.0,22.0,0.2586863636363636,0.2586863636363636,0.0909090909090909,0.0,0.7835,0.0909090909090909,22.0,2,5,"dividend,garp",0.33395,False,0.16665,0.3383,avoid,1,AU,4.5645,4.5645,51,stable,0.1272,persistent,2026-07-17,insufficient_data,0.0,
APA.AX,APA Group,Utilities,14101178368.0,66.125,39.26663,5.188818,5.47,1.364,525.713,0.0872,0.0102389078498293,0.06893,-0.123,0.536,135750000.0,26547290112.0,2062000000.0,1158000000.0,3016000000.0,14188999680.0,1647000064.0,2.039,20217000000.0,2475000000.0,,1814000000.0,207000000.0,,1.0,,1323751413.0,0.0049656417715804,1.0,1.36438809261301,1.5641592920353982,0.7000544096552407,0.7031649696544114,0.1491813820052431,0.1596027486582735,1304487508.0,680000000.0,10.58,[],{},0.0096268550370272,12.874534486905915,22.92512099481865,0.0436202714143149,0.0151228733459357,,0.0629245231755692,0.95,19,20,0.3285714285714285,3.0,22.0,0.2878545454545455,0.2878545454545455,0.1363636363636363,0.0,0.8899,0.1363636363636363,22.0,2,5,"dividend,garp",0.3657816666666666,False,0.26665,0.3357,avoid,1,AU,4.6495,4.6495,33,stable,0.1262,persistent,2026-09-04,accumulate,0.75,44.66504741409309
IGO.AX,IGO Limited,Basic Materials,4952531456.0,34.42105,10.919838,2.2072225,0.77,5.464,0.75,0.06707,0.0593861119058323,0.31389,0.103,,187500000.0,4475296768.0,51800000.0,-124700000.0,448900000.0,16800000.0,485600000.0,2.963,2446700000.0,581400000.0,,106400000.0,145300000.0,,1.0,,757267813.0,-0.4051266816619276,1.0,5.464285714285714,5.551369863013699,0.0068663914660563,0.0133259771675932,0.1834716148281358,0.2175020158723422,757267813.0,7400000.0,6.54,[],{},0.037859426369285,86.3956905019305,-35.888506559743384,-0.027864073929499,0.0290519899886842,,-0.0532837670384138,0.95,19,20,0.3354742547425474,1.0,22.0,0.3143727272727272,0.3143727272727272,0.0454545454545454,0.0,0.8,0.0454545454545454,22.0,1,5,risk,0.323675,True,0.56665,0.3321,avoid,1,AU,0.6545,0.6545,51,stable,0.0634,persistent,2026-07-17,insufficient_data,0.0,
GDG.AX,Generation Development Group Limited,Financial Services,1063341696.0,33.125004,17.198858,1.4488792,0.75,55.569,6.476,0.04468,0.0044765675592275,0.0547,0.166,,-1473832832.0,-5136867840.0,148443008.0,400715000.0,589526000.0,47379000.0,6244027904.0,1.829,7132697000.0,,,,31930000.0,,,,399917513.0,0.0069356319246156,,,,0.0066425084368507,0.0012753496830031,0.0826512047266272,0.1135581657740609,392804767.0,2616000.0,2.65,[],{},-1.3860387846579845,-34.60498348295394,-12.819255181363314,-0.0780076522272373,0.030188675599858,,,0.9,18,20,0.2908532969639469,1.0,22.0,0.3124863636363636,0.3124863636363636,0.0454545454545454,0.0,0.9006,0.0454545454545454,22.0,1,5,cheapness,0.2603316666666667,False,0.4,0.3262,avoid,1,AU,0.6375,0.6375,51,stable,0.0555,persistent,2026-07-17,insufficient_data,0.0,
QUB.AX,Qube Holdings Ltd,Industrials,9116711936.0,42.583336,27.53678,2.8951843,0.0216,1.498,98.278,0.06985,0.0075010966515572,0.03615,0.102,1.007,306375008.0,11996800000.0,546099968.0,162800000.0,4086500000.0,3064300032.0,104100000.0,1.765,6839000000.0,1095800000.0,,764900000.0,51300000.0,,1.0,,1768962205.0,0.0363567847429301,1.0,1.4326055693554711,1.2718185313341022,0.4523468343325048,0.3829177179932496,0.5975288784910074,0.5269849592030671,1767006702.0,106300000.0,5.11,[],{},0.0336058669124104,21.96813899099148,73.69041769041769,0.0135702854094425,0.0234833644785368,,0.0268023246242241,0.95,19,20,0.3570487483530962,3.0,22.0,0.25555,0.25555,0.1363636363636363,0.0,0.6667,0.1363636363636363,22.0,2,5,"dividend,garp",0.3433816666666667,False,0.36665,0.3246,avoid,1,AU,0.01836,0.01836,51,stable,0.1295,persistent,2026-07-17,insufficient_data,0.0,
TLC.AX,The Lottery Corporation Limited,Consumer Cyclical,10639190016.0,36.769234,27.217857,40.168068,3.6,0.358,948.126,0.97150004,0.0521484196060467,0.07947,-0.074,-0.412,1410349952.0,12556830720.0,667100032.0,576600000.0,3554400000.0,2504000000.0,581100032.0,0.119,5457500000.0,780300000.0,,2180700000.0,284600000.0,,1.0,,2225800000.0,0.0829701262144738,1.0,0.3578208832026413,0.6262321792260692,0.4571873568483738,0.56760192499773,0.6512872194228126,0.8460909833832743,2225800000.0,132000000.0,4.78,[],{},0.1325617786578688,18.823010219852605,21.777368574401663,0.045919230167021,0.0271966503300014,,0.17596435546875,0.95,19,20,0.38125,3.0,22.0,0.3698681818181818,0.3698681818181818,0.1363636363636363,0.0,1.0,0.1363636363636363,22.0,2,5,"cheapness,garp",0.42487,False,0.46665,0.3195,avoid,1,AU,3.06,3.06,51,stable,0.1331,persistent,2026-07-17,insufficient_data,0.0,
AMP.AX,AMP Limited,Financial Services,6125848064.0,31.75,16.859154,1.669954,1.95,0.12,789.665,0.050869998,0.0038875248450835,0.06669,0.028,0.579,224415008.0,33236504576.0,1763000064.0,-249000000.0,869000000.0,29186000896.0,2172000000.0,1.521,34212000000.0,8012000000.0,,25255000000.0,133000000.0,,1.0,,2531739839.0,0.0045233859051295,1.0,0.3172441100772124,0.3174543321602145,0.8662749912311469,0.8658966858659268,0.0254004442885537,0.0258134555652724,2531739839.0,1453000000.0,2.54,[],{},0.0366341126412893,18.852242410355352,-133.4799380562249,-0.0074917625417145,0.0314960629921259,,-0.0277994864351903,0.95,19,20,0.3173996248059341,3.0,22.0,0.2678454545454545,0.2678454545454545,0.1363636363636363,0.0,0.8745,0.1363636363636363,22.0,2,5,"dividend,garp",0.3428583333333333,False,0.16665,0.3176,avoid,1,AU,1.6575,1.6575,51,stable,0.1206,persistent,2026-07-17,insufficient_data,0.0,
EVT.AX,EVT Limited,Communication Services,2305304576.0,45.64516,30.594593,2.4982343,2.93,0.544,151.018,0.05424,0.0190044964123094,0.03869,0.081,4.885,95909128.0,3624864256.0,208608000.0,93426000.0,1280648000.0,1390087936.0,64916000.0,5.664,2669684000.0,226389000.0,,416189000.0,50736000.0,,0.7638625133526152,,162522422.0,0.0128876940544637,0.7591839978583499,0.5439571925255112,0.2995614859362275,0.5206938349257815,0.5077270590632591,0.479700219201973,0.4613156917728548,162522422.0,56273000.0,14.15,[],{},0.0416036687726593,17.376439331185765,38.7993091430651,0.0257736547914471,0.0219081278277916,,0.0414582681567964,0.95,19,20,0.3183333333333333,3.0,22.0,0.3302954545454545,0.3302954545454545,0.1363636363636363,0.0,0.9416,0.1363636363636363,22.0,2,5,"dividend,garp",0.4422483333333333,False,0.26665,0.3083,avoid,1,AU,2.4905,2.4905,28,stable,0.1191,persistent,2026-09-13,neutral,0.625,57.69179804053144
JHX.AX,James Hardie Industries plc,Basic Materials,21403863040.0,97.02631,16.22847,2.2792006,0.0,1.586,69.137,0.03313,0.0075975629355814,0.02693,0.639,0.234,2156787456.0,25635964928.0,1445400064.0,722500000.0,4835800000.0,4521999872.0,289900000.0,16.176723,13688600000.0,1826800000.0,,1157400000.0,104000000.0,589800000.0,0.357665743000124,,580174308.0,0.0810722958373965,0.3881366860090264,1.5783653015379298,2.100469019995063,0.3496120859693467,0.2309795598386202,0.3532720658065836,0.7414099695978891,429818781.0,231100000.0,36.87,[],{},0.1007662706479362,17.736241727466812,35.48230439861592,0.0281830624292543,0.0103064828498579,,0.0576560903983656,1.0,20,20,0.3121951219512195,3.0,22.0,0.2645727272727272,0.2645727272727272,0.1363636363636363,0.0,1.0,0.1363636363636363,22.0,2,5,"cheapness,risk",0.315895,True,1.0,0.3078,avoid,1,AU,0.0,0.0,51,stable,0.124,persistent,2026-07-17,insufficient_data,0.0,
LOV.AX,Lovisa Holdings Limited,Consumer Cyclical,2735240960.0,28.390806,19.951696,35.085228,3.52,0.816,649.036,1.2215,0.1528,0.10183,0.117,0.265,150561632.0,3158914048.0,214596992.0,,938763008.0,505995008.0,51132000.0,0.704,532799000.0,130108000.0,,139837000.0,,,,,109693000.0,0.1589709164491717,0.8098170222023748,0.9304261390046984,1.0073069346454575,0.6739258144253274,0.718720763575828,1.761945889538081,1.3477236821546172,107832000.0,,24.7,[],{},0.0550451072508068,14.720215873296118,,,0.035222670325034,,,0.85,17,20,0.3634191176470588,3.0,22.0,0.3144954545454546,0.3144954545454546,0.1363636363636363,0.0,0.925,0.1363636363636363,22.0,3,5,"cheapness,dividend,garp",0.3858466666666666,False,0.2,0.2987,avoid,1,AU,2.992,2.992,21,stable,0.1688,persistent,2026-09-21,neutral,0.5,56.9858700115224
CBA.AX,Commonwealth Bank of Australia,Financial Services,251393163264.0,23.385693,22.159542,3.1941288,3.31,,,0.13857001,0.0074811216312232,0.37003,0.065,0.104,,384898170880.0,,,29901000000.0,346637991936.0,213133000704.0,47.077,1452456000000.0,,,,10866000000.0,-6503000000.0,,,1671830607.0,0.0074723057115568,,,,0.1506889021078779,0.1597223812397556,0.020586510021646,0.0211678395389566,1671842146.0,40146000000.0,150.37,[],{},,,,,0.0427611873635731,,,0.7,14,20,0.3363504676063974,2.0,22.0,0.3714045454545454,0.3714045454545454,0.0909090909090909,0.0,1.0,0.0909090909090909,22.0,2,5,"dividend,garp",0.4530616666666667,False,0.36665,0.296,avoid,1,AU,2.8135,2.8135,51,stable,0.0885,persistent,2026-07-17,insufficient_data,0.0,
WOW.AX,Woolworths Group Limited,Consumer Defensive,46689522647.66995,41.096775,23.572222,9.7177725,2.54,0.562,335.58,0.23339,0.0334067224423895,0.01591,0.038,2.393,2162625024.0,61570871296.0,3486000128.0,-128000000.0,71539000000.0,16476999680.0,1496999936.0,3.933,34065000000.0,7691000000.0,,13686000000.0,1138000000.0,,0.2735431023637456,,1221599192.0,0.0284667001684944,0.2723772022525587,0.5619611281601636,0.568512645360657,0.4836929399677088,0.5139081852848149,2.100073389109056,2.0419462591267847,1221595333.0,275000000.0,38.22,[],{},0.0463192789594289,17.662326171893934,-481.022432,-0.0020789051268195,0.0243328095696073,,-0.0062809755140095,0.95,19,20,0.3190476190476191,3.0,22.0,0.3337045454545455,0.3337045454545455,0.1363636363636363,0.0,0.9167,0.1363636363636363,22.0,2,5,"dividend,garp",0.45479,False,0.26665,0.2762,avoid,1,AU,2.159,2.159,51,stable,0.1131,persistent,2026-07-17,insufficient_data,0.0,
ZIP.AX,Zip Co Limited,Financial Services,2641353984.0,23.555553,11.601181,4.053537,0.0,3.798,409.168,0.16830999,0.0300976480321047,0.087110005,0.205,0.202,-36697624.0,5189441024.0,558478976.0,358892000.0,1336001000.0,2755418880.0,207332000.0,0.523,3866847000.0,533723000.0,,442845000.0,116383000.0,,0.5986559890299483,,1245922000.0,0.0227967385213092,0.6228425851184449,1.2052140139326402,1.3588781924338074,0.7125751290392405,0.6916481104629597,0.3455013865301627,0.3057622005850482,1292156000.0,222440000.0,2.12,[],{},-0.0138934895596333,9.29209736983904,14.459617444802335,0.069158122876858,0.0424528347944113,,0.1048165275604395,0.95,19,20,0.2993646138807429,2.0,22.0,0.2496272727272727,0.2496272727272727,0.0909090909090909,0.0,0.75,0.0909090909090909,22.0,2,5,"cheapness,quality",0.2169016666666667,False,0.1,0.2689,avoid,1,AU,0.0,0.0,51,stable,0.108,persistent,2026-07-17,insufficient_data,0.0,
NXG.AX,NexGen Energy Ltd.,Energy,9038422016.0,,-106.830505,4.8781652,0.0,1.462,33.569,-0.17667,-0.1252261990114572,0.0,,,-298314368.0,8318496768.0,-108496000.0,-89836000.0,0.0,619105984.0,970252992.0,2.7633338,2472933000.0,1147626000.0,,630376000.0,-309676000.0,-47512000.0,,,659960072.0,-0.0468000166541659,,1.8205420257116387,1.0315261518768657,0.2373339673982271,0.2755836048183639,0.0,,569088514.0,46731000.0,13.48,[],{},-0.0330051382278806,-76.67099955758738,-92.59647321786366,-0.0107995473828379,,,-0.0487561578827683,0.95,19,20,0.2,1.0,22.0,0.2243272727272726,0.2243272727272726,0.0454545454545454,0.0,1.0,0.0454545454545454,22.0,1,5,risk,0.22503,True,0.65,0.2667,avoid,1,AU,0.0,0.0,46,stable,0.0443,persistent,2026-07-17,insufficient_data,0.0,
NIC.AX,Nickel Industries Limited,Basic Materials,3386710016.0,,6.468198,2.191284,0.0,3.003,49.372,0.00303,-0.0133808154759311,-0.00902,0.131,3.652,37428924.0,4807146496.0,299059680.0,116230625.0,1649099517.0,1248371968.0,260050592.0,0.3559557,4264418345.9999,1155556040.0001,,625176251.9999,-57061395.0,,0.1703732061671569,,4340935875.0,-0.0432696079195168,0.1803742698484453,1.8483684181917464,2.0956877436585333,0.2875217477549114,0.2706609915286463,0.3867114769700971,0.4477262772066512,4289809880.0,140532001.0,0.78,[],{},0.0110517061759562,16.074204640358072,41.3586909302088,0.024178714981271,,,0.031938140414354,0.9,18,20,0.2577777777777778,1.0,22.0,0.2432727272727272,0.2432727272727272,0.0454545454545454,0.0,1.0,0.0454545454545454,22.0,1,5,risk,0.2106783333333333,True,0.4,0.2607,avoid,1,AU,0.0,0.0,33,stable,0.0467,persistent,2026-09-04,neutral,0.625,43.897100576994
PDI.AX,PDI Gold Limited,Basic Materials,4545590784.0,,10.121012,1.9239181,0.0,1.973,1.115,-0.06269,-0.0491243542826139,-0.33708,,,76286624.0,4606306304.0,6052000.0,-10525895.0,202855008.0,20993000.0,193736992.0,2.390954,176590026.0,53576687.0,,6644086.0,-8674871.0,,,,2346901983.0,-0.0839484599234245,,8.063816001177589,9.179924365365316,0.0009022423497462,0.0023413180740036,1.1487342325891043,,2067244088.0,,4.6,[],{},0.0167825542652279,761.1213324520819,-437.6165926032893,-0.0022851053111382,,,-0.061936725290407,0.9,18,20,0.2607407407407408,1.0,22.0,0.2087636363636363,0.2087636363636363,0.0454545454545454,0.0,1.0,0.0454545454545454,22.0,1,5,risk,0.19062,True,0.5,0.2593,avoid,1,AU,0.0,0.0,51,stable,0.0468,persistent,2026-07-17,insufficient_data,0.0,
NXT.AX,NEXTDC Limited,Technology,7779796992.0,85.25,-51.35026,1.2749251,0.0,1.861,55.252,0.01602,0.0080166367950567,0.16529,0.194,,-1722313856.0,10398533632.0,189076000.0,-36141000.0,496492000.0,3367548928.0,875977984.0,8.024,10236587000.0,1096818000.0,,589376000.0,82063000.0,,0.8157593677239512,,760416310.0,-0.0106427019099486,0.8197439660681306,1.8609817841242264,1.2366554236999676,0.3280978318261741,0.212035220078025,0.0485017125336794,0.0750979971300934,651515509.0,75980000.0,10.23,[],{},-0.221382878983997,54.99658143815186,-287.72124822224066,-0.0034755862008063,0.0117302052785923,,-0.0037462640757002,0.95,19,20,0.2357142857142857,0.0,22.0,0.1562454545454545,0.1562454545454545,0.0,0.0,0.6,0.0,22.0,0,5,,0.1567333333333333,False,0.3,0.2482,avoid,1,AU,0.0,0.0,46,stable,0.0,persistent,2026-07-17,insufficient_data,0.0,
4DX.AX,4DMedical Limited,Healthcare,2402105088.0,,-204.61539,14.0,0.0,30.792,105.921,-1.7443401,-0.15609,0.0,0.423,,-136017808.0,2350681344.0,-56016108.0,,7061546.0,180239008.0,277954080.0,0.285,94811607.0,17061511.0,,19254643.0,,,,,465540474.0,-0.2470544488383615,0.9196272463610607,0.8860985373761538,1.6156054770236583,0.0454379071963203,0.0420710053050907,0.0744797627995061,0.0474754441515425,410394665.0,,3.99,[],{},-0.0566244202551724,-41.96438181674457,,,,,,0.8,16,20,0.175,0.0,22.0,0.1287727272727273,0.1287727272727273,0.0,0.0,1.0,0.0,22.0,0,5,,0.1046233333333333,False,0.3,0.2375,avoid,1,AU,0.0,0.0,33,stable,0.0,persistent,2026-09-04,neutral,0.5,51.21048111892335
LTR.AX,Liontown Limited,Basic Materials,2617424384.0,27.333334,8.87734,1.7710583,0.0,3.481,34.316,0.090220004,0.043423733759851,0.14481,1.189,,-14866125.0,2582896128.0,147492000.0,49905000.0,639136000.0,504836000.0,560601984.0,0.463,2131369000.0,660037000.0,,189623000.0,92552000.0,,0.3481465603564812,,3179111000.0,-0.1236149227938378,0.0454018449750474,3.480785558713869,0.4394236357442033,0.2368599712203752,0.531549220647236,0.2998711157007538,0.1903148046645403,2429405000.0,35797000.0,0.82,[],{},-0.0056796769720931,17.512109999186396,51.75625945296063,0.0193213344737338,0.0365853649613325,,0.0257010958178876,0.95,19,20,0.2576693766937669,1.0,22.0,0.2464545454545454,0.2464545454545454,0.0454545454545454,0.0,0.8,0.0454545454545454,22.0,1,5,risk,0.2259233333333333,True,0.4,0.2321,avoid,1,AU,0.0,0.0,51,stable,0.0465,persistent,2026-07-17,insufficient_data,0.0,
WES.AX,Wesfarmers Limited,Consumer Cyclical,86622068736.0,29.92157,26.167328,11.026011,2.93,1.118,159.408,0.33485,0.0995014540922309,0.06079,0.038,-0.129,3584875008.0,98808094720.0,4809999872.0,4103000000.0,47140000000.0,12716000256.0,530000000.0,6.92,28884000000.0,9811000000.0,,8774000000.0,2874000000.0,,0.3405812473483241,,1135283000.0,0.104570958864944,0.3430972441635949,1.1181901071347162,1.1927233429394812,0.4402437335549093,0.399127979700511,1.6320454230715968,1.6288195561273722,1135014000.0,167000000.0,76.3,[],{},0.0413852388924778,20.54222398116521,24.08191438459664,0.0415249379276767,0.0334207061995744,,0.204027846842367,0.95,19,20,0.2860294117647059,2.0,22.0,0.3556454545454546,0.3556454545454546,0.0909090909090909,0.0,0.8932,0.0909090909090909,22.0,2,5,"cheapness,garp",0.4380633333333333,False,0.56665,0.2243,avoid,1,AU,2.4905,2.4905,51,stable,0.097,persistent,2026-07-17,insufficient_data,0.0,
REA.AX,REA Group Limited,Communication Services,20021551104.0,29.94129,23.17125,10.538642,2.23,2.169,3.961,0.34877,0.1890789428581222,0.27902,,,515700000.0,19953393664.0,991400000.0,977100000.0,2011600000.0,75600000.0,392700000.0,14.518,2917300000.0,1021000000.0,,470800000.0,551600000.0,,0.9760389739510836,,130859812.0,0.2393292144748455,0.9654135338345864,2.1686491079014445,2.136373899300068,0.0259143728790319,0.0249602824360105,0.6895416995166764,0.6808473080317741,132117217.0,7900000.0,153.0,[],{},0.0257572451465546,20.126481404075044,20.421035374066115,0.0489691135479819,0.0333986945786237,,0.3993868792152054,0.95,19,20,0.2888888888888889,3.0,22.0,0.4101727272727272,0.4101727272727272,0.1363636363636363,0.0,1.0,0.1363636363636363,22.0,3,5,"cheapness,quality,risk",0.4183499999999999,True,0.66665,0.2139,avoid,1,AU,1.8955,1.8955,34,stable,0.1433,persistent,2026-08-16,accumulate,0.75,43.36751702158647
BGL.AX,Bellevue Gold Limited,Basic Materials,2244710912.0,inf,8.874344,2.677936,0.0,1.751,40.298,0.00855,0.0054994598398081,0.01229,0.085,,47828124.0,2401967616.0,214892992.0,33522000.0,576263000.0,336832992.0,195434000.0,0.562,1287581000.0,246463000.0,,140775000.0,7081000.0,,0.2081566923436,,1490655618.0,-0.0368586049328474,0.2865942981632423,1.750758302255372,2.7305961584923897,0.2616014060474642,0.2749323092913178,0.4475547557784714,0.4062944527755399,1476326107.0,9704000.0,1.505,[],{},0.0213070305598443,11.177505574495422,71.65346984070163,0.0139560582651918,0.0,,0.0292307504495093,0.95,19,20,0.1949864498644986,1.0,22.0,0.1977454545454545,0.1977454545454545,0.0454545454545454,0.0,1.0,0.0454545454545454,22.0,1,5,risk,0.2254683333333333,True,0.66665,0.2028,avoid,1,AU,0.0,0.0,46,stable,0.0378,persistent,2026-07-17,insufficient_data,0.0,
DYL.AX,Deep Yellow Limited,Energy,1105768320.0,113.5,-31.11294,1.6740414,0.0,18.437,0.488,0.020610001,0.0196295512507273,1.79511,-0.359,1.23,-74510328.0,949312896.0,14252962.0,6011594.0,7427095.0,3227735.0,159634400.0,0.678,679202995.0,165199411.0,,8960257.0,13332450.0,,,,975253117.0,,,18.436905436975746,59.909804892497554,0.0047522390563074,0.0057069392440523,0.0109350150907388,,969194446.0,,1.135,[],{},-0.0673833086482347,66.60460443239798,157.91367414366306,0.0063325738282185,0.0088105726872246,,0.0089692788286502,0.95,19,20,0.1871212121212121,3.0,22.0,0.2371636363636363,0.2371636363636363,0.1363636363636363,0.0,1.0,0.1363636363636363,22.0,2,5,"garp,risk",0.2687116666666667,True,0.5,0.1746,avoid,1,AU,0.0,0.0,51,stable,0.0687,persistent,2026-07-17,insufficient_data,0.0,
PDN.AX,Paladin Energy Ltd,Energy,4179033600.0,465.00003,24.130817,2.6057682,0.0,3.68,17.283,-0.00986,0.0039052265338772,0.01753,1.415,,4091875.0,3869789952.0,77181000.0,14120000.0,304320000.0,179352992.0,264980000.0,3.569005,1366374000.0,454244000.0,,123432000.0,5336000.0,,0.3235442954784437,,449358421.0,-0.0396479566278551,0.0230982237330871,3.680115367165727,2.533717501494594,0.1134447815898136,0.1750517815334284,0.222720865590241,0.1578102184594365,398960289.0,26319000.0,9.3,[],{},0.0009791438384223,50.139152796672754,274.06444419263454,0.0036487768522688,0.0021505374956642,,0.0113601439166107,0.95,19,20,0.1643939393939394,1.0,22.0,0.1881772727272727,0.1881772727272727,0.0454545454545454,0.0,0.8,0.0454545454545454,22.0,1,5,risk,0.2089966666666666,True,0.56665,0.1644,avoid,1,AU,0.0,0.0,51,stable,0.0312,persistent,2026-07-17,insufficient_data,0.0,
TLX.AX,Telix Pharmaceuticals Limited,Healthcare,5392376832.0,105.799995,-862.03156,7.9853196,0.0,2.014,118.903,0.073649995,-0.0061212076433909,0.0376,0.223,,-62596000.0,5564026880.0,69806000.0,18053000.0,803794000.0,579860992.0,251910000.0,1.987397,1163986000.0,330280000.0,,231624000.0,-7125000.0,,0.5305314545766702,,338777049.0,0.0358206637961928,0.6507837561053991,1.4259316823817911,2.7798652285848027,0.4012986410489473,0.3829966428429389,0.6905529791595432,0.5493008669908622,334724485.0,40416000.0,15.87,[],{},-0.0116082391773023,79.70700054436581,308.20511161579793,0.003244592520732,0.009451796287892,,0.0193626509874919,0.95,19,20,0.1541666666666666,0.0,22.0,0.0535818181818181,0.0535818181818181,0.0,0.0,0.4,0.0,22.0,0,5,,0.0566833333333333,False,0.2,0.1271,avoid,1,AU,0.0,0.0,51,stable,0.0,persistent,2026-07-17,insufficient_data,0.0,
LYC.AX,Lynas Rare Earths Limited,Basic Materials,13185184768.0,59.545456,16.209862,3.7773936,0.0,9.347,9.693,0.07611,0.0513706376070346,0.22737,0.867,59.203,-95856248.0,12103055360.0,278582016.0,250771000.0,977945000.0,338336000.0,1209099008.0,3.468,4328387000.0,1623895000.0,,173738000.0,222352000.0,,0.5018319026121101,,1006503000.0,0.0027137936117502,0.3302350437194217,9.346803808032783,2.8313235555614096,0.0781667628148777,0.0686246738522758,0.2259375143673613,0.1843154956596284,935447000.0,14795000.0,13.1,[],{},-0.0072699965671046,43.44521420937667,48.26337718476219,0.0207196441345534,0.0167938927195385,,0.0603591302177392,0.95,19,20,0.1027371273712736,3.0,22.0,0.32885,0.32885,0.1363636363636363,0.0,1.0,0.1363636363636363,22.0,2,5,"garp,risk",0.4618566666666666,True,0.5,0.0772,avoid,1,AU,0.0,0.0,51,stable,0.0342,persistent,2026-07-17,insufficient_data,0.0,
WLE.AX,WAM Leaders Limited,Financial Services,2071090688.0,10.666667,,,7.47,,,,0.0836089615659091,0.0,,,,,,,248725899.0,,,,1935630511.0,,,,161836057.0,,,,1380135164.0,0.034043929615056,,,,,,0.1284986455764749,0.058656535676371,1373470690.0,,1.28,[],{},,,,,0.0937499970703125,,,0.45,9,20,0.8777573529411764,5.0,22.0,0.3813499999999999,0.3813499999999999,0.2272727272727272,0.0,1.0,0.2272727272727272,22.0,2,5,"cheapness,dividend",0.3450416666666666,False,0.2,0.8783,insufficient_data,0,AU,6.3495,6.3495,51,stable,0.158,persistent,2026-07-17,insufficient_data,0.0,
MXT.AX,Metrics Master Income Trust,Financial Services,2140263424.0,14.541667,,,9.29,,,,0.0689591380361862,0.0,,,,,,,176243000.0,,,,2459500000.0,,,,169605000.0,,,,1221764000.0,0.0814917243451892,,,,,,0.0716580605814189,0.0847548947556156,1060622000.0,,1.745,[],{},,,,,0.0687679067331138,,,0.45,9,20,0.8497242647058822,2.0,22.0,0.3219272727272728,0.3219272727272728,0.0909090909090909,0.0,1.0,0.0909090909090909,22.0,1,5,dividend,0.3068183333333333,False,0.2,0.8566,insufficient_data,0,AU,7.8965,7.8965,51,stable,0.0768,persistent,2026-07-17,insufficient_data,0.0,
MQG.AX,Macquarie Group Limited,Financials,94815805127.949,,,,,2.738507184430702,,,0.0089742474092808,,,,,,,-6354000000.0,7216000000.0,,,,540101000000.0,240901000000.0,,87968000000.0,4847000000.0,,1.0,,381138415.0,0.0083441706478355,1.0,2.738507184430702,2.659945126661517,0.6309097742829581,0.7416204536623385,0.0133604640613514,0.015250852947188,381138415.0,14647000000.0,248.77,[],{},,,,,,,-0.0140533869458765,0.45,9,20,,0.0,22.0,0.1457090909090909,0.1457090909090909,0.0,0.0,1.0,0.0,22.0,0,5,,0.10528,False,0.2,0.0,insufficient_data,0,AU,,,1,deteriorating,0.0,new,2026-10-07,insufficient_data,0.0,
