ticker,model_id,model_name,passed,score,reasons,failed_criteria,details
ADS.DE,graham_defensive,Graham Defensive,False,0.25,['Dividend payer: yield=176.00%'],"['P/E >= 15', 'valuation too rich on P/B or P/E×P/B', 'current ratio < 2']",
ADS.DE,graham_enterprising,Graham Enterprising,False,0.6,"['P/E < 25: P/E=20.5', 'Debt/equity < 100%: D/E=94%', 'ROE > 8%: ROE=24.3%']","['P/B >= 3', 'negative earnings growth']",
ADS.DE,graham_net_net,Graham Net-Net,False,0.0,[],['missing NCAV (balance sheet data)'],
ADS.DE,schloss,Schloss Low P/B,False,0.0,[],"['P/B too high', 'too much leverage']",
ADS.DE,deep_value,Deep Value,False,0.0,[],"['P/B not below 1.0', 'EV/EBITDA not below 8']",
ADS.DE,earnings_yield,Earnings Yield,False,0.4073,['E/P=4.9% (P/E=20.5)'],['earnings yield 4.9% below 8%'],
ADS.DE,fcf_yield,FCF Yield,False,0.3413,['FCF yield=3.4%'],['FCF yield 3.4% below 5%'],
ADS.DE,low_pe_high_yield,Low P/E + High Yield,False,0.5,['yield=176.0%'],['P/E not below 12.0'],
ADS.DE,lynch_peg,Lynch PEG,False,0.2,[],['missing or negative earnings growth'],
ADS.DE,neff_pegy,Neff PEGY,True,0.8821,"['PEGY=0.12', 'growth=-2.4%', 'yield=176.0%']",[],
ADS.DE,quality_value,Quality Value,False,0.6,"['ROE >= 12%: ROE=24.3%', 'Profit margin >= 5%: margin=5.3%', 'FCF yield >= 3%: FCF yield=3.4%']","['high leverage', 'P/E >= 20']",
ADS.DE,buffett_quality,Buffett Quality,False,0.5,"['ROE >= 15%: ROE=24.3%', 'P/E < 25.0: P/E=20.5']","['too much debt', 'thin margins']",
ADS.DE,economic_moat,Economic Moat,False,0.25,['high ROE=24.3%'],"['ROA below 8%', 'margins below 12%', 'leverage too high']",
ADS.DE,high_dividend,High Dividend Yield,False,0.3125,"['yield=176.0%', 'universe rank 31%']",['not in top quartile for yield'],
ADS.DE,dividend_growth,Dividend Growth,True,0.6667,"['dividend payer: yield=176.0%', 'reasonable P/E: P/E=20.5']",['earnings not growing'],
ADS.DE,magic_formula,Magic Formula,True,0.6767,"['earnings yield rank 61%', 'ROIC rank 74%']",[],
ADS.DE,acquirers_multiple,Acquirer's Multiple,False,0.6341,"['EV/EBIT=15.9', 'universe rank 63%']",['EV/EBIT 15.9 above 12.0'],
ADS.DE,dreman_contrarian,Dreman Contrarian,False,0.3742,[],"['P/E not in bottom quartile', 'P/B not cheap vs universe', 'dividend yield below median']",
ADS.DE,piotroski_f,Piotroski F-Score,True,0.7778,"['F-Score=7/9', 'positive net income', 'positive operating cash flow', 'ROA improving', 'current ratio improving', 'no share dilution', 'gross margin improving', 'asset turnover improving']","['OCF > net income', 'leverage declining']","{'f_score': 7, 'max_score': 9, 'components': [{'name': 'positive net income', 'passed': True}, {'name': 'positive operating cash flow', 'passed': True}, {'name': 'ROA improving', 'passed': True}, {'name': 'OCF > net income', 'passed': False}, {'name': 'leverage declining', 'passed': False}, {'name': 'current ratio improving', 'passed': True}, {'name': 'no share dilution', 'passed': True}, {'name': 'gross margin improving', 'passed': True}, {'name': 'asset turnover improving', 'passed': True}]}"
ADS.DE,composite_value,Composite Value,False,0.5333,['top-tier on ev_ebitda (percentile 78%)'],[],
ADS.DE,earnings_quality,Earnings Quality,False,0.6667,"['FCF/NI=0.71', 'ratio=2.91%']",['operating cash below earnings'],
ADS.DE,financial_health,Financial Health,False,0.8,"['leverage=27.4%', 'CR=1.32', 'ratio=1.7', 'coverage=9.0x']",['high debt to equity'],
ADYEN.AS,graham_defensive,Graham Defensive,False,0.0,[],"['P/E >= 15', 'valuation too rich on P/B or P/E×P/B', 'current ratio < 2', 'no dividend']",
ADYEN.AS,graham_enterprising,Graham Enterprising,False,0.6,"['Debt/equity < 100%: D/E=5%', 'ROE > 8%: ROE=22.3%', 'Positive earnings growth: growth=11.9%']","['P/E >= 25', 'P/B >= 3']",
ADYEN.AS,graham_net_net,Graham Net-Net,False,0.0,[],['missing NCAV (balance sheet data)'],
ADYEN.AS,schloss,Schloss Low P/B,False,0.5,['D/E < 50.0%: D/E=5%'],['P/B too high'],
ADYEN.AS,deep_value,Deep Value,False,0.0,[],"['P/B not below 1.0', 'EV/EBITDA not below 8']",
ADYEN.AS,earnings_yield,Earnings Yield,False,0.3192,['E/P=3.8% (P/E=26.1)'],['earnings yield 3.8% below 8%'],
ADYEN.AS,fcf_yield,FCF Yield,False,0.1932,['FCF yield=1.9%'],['FCF yield 1.9% below 5%'],
ADYEN.AS,low_pe_high_yield,Low P/E + High Yield,False,0.0,[],"['P/E not below 12.0', 'yield below 4%']",
ADYEN.AS,lynch_peg,Lynch PEG,False,0.0,"['PEG=2.19', 'growth=11.9%']",['PEG 2.19 >= 1.0'],
ADYEN.AS,neff_pegy,Neff PEGY,False,0.0,"['PEGY=nan', 'growth=11.9%', 'yield=nan%']",['PEGY nan >= 1.0'],
ADYEN.AS,quality_value,Quality Value,False,0.6,"['ROE >= 12%: ROE=22.3%', 'Profit margin >= 5%: margin=44.7%', 'Debt/equity < 80%: D/E=5%']","['P/E >= 20', 'FCF yield below 3%']",
ADYEN.AS,buffett_quality,Buffett Quality,False,0.75,"['ROE >= 15%: ROE=22.3%', 'D/E < 60.0%: D/E=5%', 'margin >= 8%: margin=44.7%']",['P/E too high'],
ADYEN.AS,economic_moat,Economic Moat,True,1.0,"['high ROE=22.3%', 'solid ROA=8.7%', 'wide margin=44.7%', 'low leverage D/E=5%']",[],
ADYEN.AS,high_dividend,High Dividend Yield,False,0.0,[],['could not rank yield'],
ADYEN.AS,dividend_growth,Dividend Growth,False,0.3333,['earnings growth: growth=11.9%'],"['yield too low', 'P/E out of range']",
ADYEN.AS,magic_formula,Magic Formula,True,0.7145,"['earnings yield rank 63%', 'ROIC rank 79%']",[],
ADYEN.AS,acquirers_multiple,Acquirer's Multiple,False,0.6585,"['EV/EBIT=15.6', 'universe rank 66%']",['EV/EBIT 15.6 above 12.0'],
ADYEN.AS,dreman_contrarian,Dreman Contrarian,False,0.2933,[],"['P/E not in bottom quartile', 'P/B not cheap vs universe']",
ADYEN.AS,piotroski_f,Piotroski F-Score,False,0.6667,"['F-Score=6/9', 'positive net income', 'positive operating cash flow', 'ROA improving', 'current ratio improving', 'no share dilution', 'asset turnover improving']","['F-Score 6/9 below 7', 'OCF > net income', 'leverage declining', 'gross margin improving']","{'f_score': 6, 'max_score': 9, 'components': [{'name': 'positive net income', 'passed': True}, {'name': 'positive operating cash flow', 'passed': True}, {'name': 'ROA improving', 'passed': True}, {'name': 'OCF > net income', 'passed': False}, {'name': 'leverage declining', 'passed': False}, {'name': 'current ratio improving', 'passed': True}, {'name': 'no share dilution', 'passed': True}, {'name': 'gross margin improving', 'passed': False}, {'name': 'asset turnover improving', 'passed': True}]}"
ADYEN.AS,composite_value,Composite Value,True,0.6719,"['top-tier on trailing_pe (percentile 75%)', 'top-tier on ev_ebitda (percentile 100%)']",['missing dividend_yield'],
ADYEN.AS,earnings_quality,Earnings Quality,False,0.6667,"['OCF/NI=0.97', 'ratio=0.26%']",['weak free-cash conversion'],
ADYEN.AS,financial_health,Financial Health,True,1.0,"['D/E=5%', 'leverage=2.1%', 'CR=1.72', 'ratio=-8.8', 'coverage=55.6x']",[],
AD.AS,graham_defensive,Graham Defensive,False,0.5,"['P/E < 15: P/E=13.6', 'Dividend payer: yield=425.00%']","['valuation too rich on P/B or P/E×P/B', 'current ratio < 2']",
AD.AS,graham_enterprising,Graham Enterprising,True,0.8,"['P/E < 25: P/E=13.6', 'P/B < 3: P/B=2.05', 'ROE > 8%: ROE=15.0%', 'Positive earnings growth: growth=3.3%']",['excessive leverage'],
AD.AS,graham_net_net,Graham Net-Net,False,0.0,[],['missing NCAV (balance sheet data)'],
AD.AS,schloss,Schloss Low P/B,False,0.0,[],"['P/B too high', 'too much leverage']",
AD.AS,deep_value,Deep Value,False,0.0,[],"['P/B not below 1.0', 'EV/EBITDA not below 8']",
AD.AS,earnings_yield,Earnings Yield,False,0.6112,['E/P=7.3% (P/E=13.6)'],['earnings yield 7.3% below 8%'],
AD.AS,fcf_yield,FCF Yield,True,0.8762,['FCF yield=8.8%'],[],
AD.AS,low_pe_high_yield,Low P/E + High Yield,False,0.5,['yield=425.0%'],['P/E not below 12.0'],
AD.AS,lynch_peg,Lynch PEG,False,0.0,"['PEG=4.13', 'growth=3.3%']","['growth 3.3% below 5% floor', 'PEG 4.13 >= 1.0']",
AD.AS,neff_pegy,Neff PEGY,True,0.9682,"['PEGY=0.03', 'growth=3.3%', 'yield=425.0%']",[],
AD.AS,quality_value,Quality Value,False,0.6,"['ROE >= 12%: ROE=15.0%', 'P/E < 20: P/E=13.6', 'FCF yield >= 3%: FCF yield=8.8%']","['thin margins', 'high leverage']",
AD.AS,buffett_quality,Buffett Quality,False,0.25,['P/E < 25.0: P/E=13.6'],"['ROE too low', 'too much debt', 'thin margins']",
AD.AS,economic_moat,Economic Moat,False,0.0,[],"['ROE below 18%', 'ROA below 8%', 'margins below 12%', 'leverage too high']",
AD.AS,high_dividend,High Dividend Yield,False,0.7083,"['yield=425.0%', 'universe rank 71%']",['not in top quartile for yield'],
AD.AS,dividend_growth,Dividend Growth,True,1.0,"['dividend payer: yield=425.0%', 'earnings growth: growth=3.3%', 'reasonable P/E: P/E=13.6']",[],
AD.AS,magic_formula,Magic Formula,True,0.5216,['earnings yield rank 66%'],[],
AD.AS,acquirers_multiple,Acquirer's Multiple,False,0.6829,"['EV/EBIT=14.9', 'universe rank 68%']",['EV/EBIT 14.9 above 12.0'],
AD.AS,dreman_contrarian,Dreman Contrarian,False,0.6473,['dividend rank 71%'],"['P/E not in bottom quartile', 'P/B not cheap vs universe']",
AD.AS,piotroski_f,Piotroski F-Score,True,0.7778,"['F-Score=7/9', 'positive net income', 'positive operating cash flow', 'ROA improving', 'OCF > net income', 'leverage declining', 'no share dilution', 'asset turnover improving']","['current ratio improving', 'gross margin improving']","{'f_score': 7, 'max_score': 9, 'components': [{'name': 'positive net income', 'passed': True}, {'name': 'positive operating cash flow', 'passed': True}, {'name': 'ROA improving', 'passed': True}, {'name': 'OCF > net income', 'passed': True}, {'name': 'leverage declining', 'passed': True}, {'name': 'current ratio improving', 'passed': False}, {'name': 'no share dilution', 'passed': True}, {'name': 'gross margin improving', 'passed': False}, {'name': 'asset turnover improving', 'passed': True}]}"
AD.AS,composite_value,Composite Value,True,0.85,"['top-tier on trailing_pe (percentile 100%)', 'top-tier on price_to_book (percentile 75%)', 'top-tier on dividend_yield (percentile 75%)', 'top-tier on fcf_yield (percentile 75%)', 'top-tier on ev_ebitda (percentile 100%)']",[],
AD.AS,earnings_quality,Earnings Quality,True,1.0,"['FCF/NI=1.17', 'OCF/NI=3.09', 'ratio=-9.63%']",[],
AD.AS,financial_health,Financial Health,False,0.6,"['leverage=37.5%', 'ratio=2.9', 'coverage=3.7x']","['high debt to equity', 'weak liquidity']",
AI.PA,graham_defensive,Graham Defensive,False,0.25,['Dividend payer: yield=197.00%'],"['P/E >= 15', 'valuation too rich on P/B or P/E×P/B', 'current ratio < 2']",
AI.PA,graham_enterprising,Graham Enterprising,False,0.6,"['Debt/equity < 100%: D/E=63%', 'ROE > 8%: ROE=14.0%', 'Positive earnings growth: growth=0.7%']","['P/E >= 25', 'P/B >= 3']",
AI.PA,graham_net_net,Graham Net-Net,False,0.0,[],['missing NCAV (balance sheet data)'],
AI.PA,schloss,Schloss Low P/B,False,0.0,[],"['P/B too high', 'too much leverage']",
AI.PA,deep_value,Deep Value,False,0.0,[],"['P/B not below 1.0', 'EV/EBITDA not below 8']",
AI.PA,earnings_yield,Earnings Yield,False,0.2719,['E/P=3.3% (P/E=30.6)'],['earnings yield 3.3% below 8%'],
AI.PA,fcf_yield,FCF Yield,False,0.0244,['FCF yield=0.2%'],['FCF yield 0.2% below 5%'],
AI.PA,low_pe_high_yield,Low P/E + High Yield,False,0.5,['yield=197.0%'],['P/E not below 12.0'],
AI.PA,lynch_peg,Lynch PEG,False,0.0,"['PEG=43.79', 'growth=0.7%']","['growth 0.7% below 5% floor', 'PEG 43.79 >= 1.0']",
AI.PA,neff_pegy,Neff PEGY,True,0.845,"['PEGY=0.16', 'growth=0.7%', 'yield=197.0%']",[],
AI.PA,quality_value,Quality Value,False,0.6,"['ROE >= 12%: ROE=14.0%', 'Profit margin >= 5%: margin=13.1%', 'Debt/equity < 80%: D/E=63%']","['P/E >= 20', 'FCF yield below 3%']",
AI.PA,buffett_quality,Buffett Quality,False,0.25,['margin >= 8%: margin=13.1%'],"['ROE too low', 'too much debt', 'P/E too high']",
AI.PA,economic_moat,Economic Moat,False,0.25,['wide margin=13.1%'],"['ROE below 18%', 'ROA below 8%', 'leverage too high']",
AI.PA,high_dividend,High Dividend Yield,False,0.375,"['yield=197.0%', 'universe rank 38%']",['not in top quartile for yield'],
AI.PA,dividend_growth,Dividend Growth,False,0.3333,['dividend payer: yield=197.0%'],"['earnings not growing', 'P/E out of range']",
AI.PA,magic_formula,Magic Formula,False,0.49,['ROIC rank 59%'],['below top half on combined Magic Formula rank'],
AI.PA,acquirers_multiple,Acquirer's Multiple,False,0.4146,"['EV/EBIT=23.8', 'universe rank 41%']","['EV/EBIT 23.8 above 12.0', 'not in top 40% cheapest on EV/EBIT']",
AI.PA,dreman_contrarian,Dreman Contrarian,False,0.32,[],"['P/E not in bottom quartile', 'P/B not cheap vs universe', 'dividend yield below median']",
AI.PA,piotroski_f,Piotroski F-Score,True,0.7778,"['F-Score=7/9', 'positive net income', 'positive operating cash flow', 'ROA improving', 'OCF > net income', 'current ratio improving', 'no share dilution', 'gross margin improving']","['leverage declining', 'asset turnover improving']","{'f_score': 7, 'max_score': 9, 'components': [{'name': 'positive net income', 'passed': True}, {'name': 'positive operating cash flow', 'passed': True}, {'name': 'ROA improving', 'passed': True}, {'name': 'OCF > net income', 'passed': True}, {'name': 'leverage declining', 'passed': False}, {'name': 'current ratio improving', 'passed': True}, {'name': 'no share dilution', 'passed': True}, {'name': 'gross margin improving', 'passed': True}, {'name': 'asset turnover improving', 'passed': False}]}"
AI.PA,composite_value,Composite Value,False,0.2861,[],[],
AI.PA,earnings_quality,Earnings Quality,False,0.6667,"['OCF/NI=1.85', 'ratio=-5.78%']",['weak free-cash conversion'],
AI.PA,financial_health,Financial Health,True,1.0,"['D/E=63%', 'leverage=26.2%', 'CR=1.17', 'ratio=2.0', 'coverage=63.3x']",[],
AIR.PA,graham_defensive,Graham Defensive,False,0.25,['Dividend payer: yield=158.00%'],"['P/E >= 15', 'valuation too rich on P/B or P/E×P/B', 'current ratio < 2']",
AIR.PA,graham_enterprising,Graham Enterprising,False,0.6,"['Debt/equity < 100%: D/E=55%', 'ROE > 8%: ROE=23.2%', 'Positive earnings growth: growth=125.8%']","['P/E >= 25', 'P/B >= 3']",
AIR.PA,graham_net_net,Graham Net-Net,False,0.0,[],['missing NCAV (balance sheet data)'],
AIR.PA,schloss,Schloss Low P/B,False,0.0,[],"['P/B too high', 'too much leverage']",
AIR.PA,deep_value,Deep Value,False,0.0,[],"['P/B not below 1.0', 'EV/EBITDA not below 8']",
AIR.PA,earnings_yield,Earnings Yield,False,0.3091,['E/P=3.7% (P/E=27.0)'],['earnings yield 3.7% below 8%'],
AIR.PA,fcf_yield,FCF Yield,False,0.1966,['FCF yield=2.0%'],['FCF yield 2.0% below 5%'],
AIR.PA,low_pe_high_yield,Low P/E + High Yield,False,0.5,['yield=158.0%'],['P/E not below 12.0'],
AIR.PA,lynch_peg,Lynch PEG,True,0.7857,"['PEG=0.21', 'growth=125.8%']",[],
AIR.PA,neff_pegy,Neff PEGY,True,0.905,"['PEGY=0.09', 'growth=125.8%', 'yield=158.0%']",[],
AIR.PA,quality_value,Quality Value,False,0.6,"['ROE >= 12%: ROE=23.2%', 'Profit margin >= 5%: margin=7.7%', 'Debt/equity < 80%: D/E=55%']","['P/E >= 20', 'FCF yield below 3%']",
AIR.PA,buffett_quality,Buffett Quality,False,0.5,"['ROE >= 15%: ROE=23.2%', 'D/E < 60.0%: D/E=55%']","['thin margins', 'P/E too high']",
AIR.PA,economic_moat,Economic Moat,False,0.25,['high ROE=23.2%'],"['ROA below 8%', 'margins below 12%', 'leverage too high']",
AIR.PA,high_dividend,High Dividend Yield,False,0.25,"['yield=158.0%', 'universe rank 25%']",['not in top quartile for yield'],
AIR.PA,dividend_growth,Dividend Growth,True,0.6667,"['dividend payer: yield=158.0%', 'earnings growth: growth=125.8%']",['P/E out of range'],
AIR.PA,magic_formula,Magic Formula,False,0.1879,[],['below top half on combined Magic Formula rank'],
AIR.PA,acquirers_multiple,Acquirer's Multiple,False,0.1951,"['EV/EBIT=30.8', 'universe rank 20%']","['EV/EBIT 30.8 above 12.0', 'not in top 40% cheapest on EV/EBIT']",
AIR.PA,dreman_contrarian,Dreman Contrarian,False,0.2587,[],"['P/E not in bottom quartile', 'P/B not cheap vs universe', 'dividend yield below median']",
AIR.PA,piotroski_f,Piotroski F-Score,True,0.8889,"['F-Score=8/9', 'positive net income', 'positive operating cash flow', 'ROA improving', 'OCF > net income', 'leverage declining', 'current ratio improving', 'no share dilution', 'asset turnover improving']",['gross margin improving'],"{'f_score': 8, 'max_score': 9, 'components': [{'name': 'positive net income', 'passed': True}, {'name': 'positive operating cash flow', 'passed': True}, {'name': 'ROA improving', 'passed': True}, {'name': 'OCF > net income', 'passed': True}, {'name': 'leverage declining', 'passed': True}, {'name': 'current ratio improving', 'passed': True}, {'name': 'no share dilution', 'passed': True}, {'name': 'gross margin improving', 'passed': False}, {'name': 'asset turnover improving', 'passed': True}]}"
AIR.PA,composite_value,Composite Value,False,0.48,[],[],
AIR.PA,earnings_quality,Earnings Quality,False,0.6667,"['OCF/NI=1.53', 'ratio=-2.06%']",['weak free-cash conversion'],
AIR.PA,financial_health,Financial Health,True,1.0,"['D/E=55%', 'leverage=8.2%', 'CR=1.16', 'ratio=0.1', 'coverage=6.8x']",[],
ALV.DE,graham_defensive,Graham Defensive,False,0.75,"['P/E < 15: P/E=14.0', 'Current ratio >= 2: CR=174.87', 'Dividend payer: yield=395.00%']",['valuation too rich on P/B or P/E×P/B'],
ALV.DE,graham_enterprising,Graham Enterprising,True,0.8,"['P/E < 25: P/E=14.0', 'P/B < 3: P/B=2.49', 'ROE > 8%: ROE=18.7%', 'Positive earnings growth: growth=52.4%']",['excessive leverage'],
ALV.DE,graham_net_net,Graham Net-Net,False,0.0,[],['missing NCAV (balance sheet data)'],
ALV.DE,schloss,Schloss Low P/B,False,0.0,[],"['P/B too high', 'too much leverage']",
ALV.DE,deep_value,Deep Value,False,0.5,['EV/EBITDA=7.1'],['P/B not below 1.0'],
ALV.DE,earnings_yield,Earnings Yield,False,0.5967,['E/P=7.2% (P/E=14.0)'],['earnings yield 7.2% below 8%'],
ALV.DE,fcf_yield,FCF Yield,False,1.0,['FCF yield=nan%'],['FCF yield nan% below 5%'],
ALV.DE,low_pe_high_yield,Low P/E + High Yield,False,0.5,['yield=395.0%'],['P/E not below 12.0'],
ALV.DE,lynch_peg,Lynch PEG,True,0.7335,"['PEG=0.27', 'growth=52.4%']",[],
ALV.DE,neff_pegy,Neff PEGY,True,0.9688,"['PEGY=0.03', 'growth=52.4%', 'yield=395.0%']",[],
ALV.DE,quality_value,Quality Value,False,0.6,"['ROE >= 12%: ROE=18.7%', 'Profit margin >= 5%: margin=10.4%', 'P/E < 20: P/E=14.0']","['high leverage', 'FCF yield below 3%']",
ALV.DE,buffett_quality,Buffett Quality,True,0.75,"['ROE >= 15%: ROE=18.7%', 'margin >= 8%: margin=10.4%', 'P/E < 25.0: P/E=14.0']",['too much debt'],
ALV.DE,economic_moat,Economic Moat,False,0.25,['high ROE=18.7%'],"['ROA below 8%', 'margins below 12%', 'leverage too high']",
ALV.DE,high_dividend,High Dividend Yield,False,0.6667,"['yield=395.0%', 'universe rank 67%']",['not in top quartile for yield'],
ALV.DE,dividend_growth,Dividend Growth,True,1.0,"['dividend payer: yield=395.0%', 'earnings growth: growth=52.4%', 'reasonable P/E: P/E=14.0']",[],
ALV.DE,magic_formula,Magic Formula,False,0.0,[],['missing EBIT/EV or ROIC inputs'],
ALV.DE,acquirers_multiple,Acquirer's Multiple,True,0.9756,"['EV/EBIT=8.6', 'universe rank 98%']",[],
ALV.DE,dreman_contrarian,Dreman Contrarian,False,0.5999,['dividend rank 67%'],"['P/E not in bottom quartile', 'P/B not cheap vs universe']",
ALV.DE,piotroski_f,Piotroski F-Score,False,0.6667,"['F-Score=6/9', 'positive net income', 'positive operating cash flow', 'ROA improving', 'OCF > net income', 'no share dilution', 'asset turnover improving']","['F-Score 6/9 below 7', 'leverage declining', 'current ratio improving', 'gross margin improving']","{'f_score': 6, 'max_score': 9, 'components': [{'name': 'positive net income', 'passed': True}, {'name': 'positive operating cash flow', 'passed': True}, {'name': 'ROA improving', 'passed': True}, {'name': 'OCF > net income', 'passed': True}, {'name': 'leverage declining', 'passed': False}, {'name': 'current ratio improving', 'passed': False}, {'name': 'no share dilution', 'passed': True}, {'name': 'gross margin improving', 'passed': False}, {'name': 'asset turnover improving', 'passed': True}]}"
ALV.DE,composite_value,Composite Value,False,0.4323,['top-tier on ev_ebitda (percentile 100%)'],['missing fcf_yield'],
ALV.DE,earnings_quality,Earnings Quality,False,0.6667,"['OCF/NI=3.08', 'ratio=-2.19%']",['weak free-cash conversion'],
ALV.DE,financial_health,Financial Health,False,0.6,"['leverage=3.4%', 'insufficient data — skipped', 'coverage=21.4x']","['high debt to equity', 'weak liquidity']",
ABI.BR,graham_defensive,Graham Defensive,False,0.25,['Dividend payer: yield=153.00%'],"['P/E >= 15', 'valuation too rich on P/B or P/E×P/B', 'current ratio < 2']",
ABI.BR,graham_enterprising,Graham Enterprising,True,1.0,"['P/E < 25: P/E=18.6', 'P/B < 3: P/B=1.91', 'Debt/equity < 100%: D/E=72%', 'ROE > 8%: ROE=11.4%', 'Positive earnings growth: growth=124.9%']",[],
ABI.BR,graham_net_net,Graham Net-Net,False,0.0,[],['missing NCAV (balance sheet data)'],
ABI.BR,schloss,Schloss Low P/B,False,0.0,[],"['P/B too high', 'too much leverage']",
ABI.BR,deep_value,Deep Value,False,0.0,[],"['P/B not below 1.0', 'EV/EBITDA not below 8']",
ABI.BR,earnings_yield,Earnings Yield,False,0.4488,['E/P=5.4% (P/E=18.6)'],['earnings yield 5.4% below 8%'],
ABI.BR,fcf_yield,FCF Yield,True,0.722,['FCF yield=7.2%'],[],
ABI.BR,low_pe_high_yield,Low P/E + High Yield,False,0.5,['yield=153.0%'],['P/E not below 12.0'],
ABI.BR,lynch_peg,Lynch PEG,True,0.8513,"['PEG=0.15', 'growth=124.9%']",[],
ABI.BR,neff_pegy,Neff PEGY,True,0.9332,"['PEGY=0.07', 'growth=124.9%', 'yield=153.0%']",[],
ABI.BR,quality_value,Quality Value,False,0.8,"['Profit margin >= 5%: margin=14.9%', 'Debt/equity < 80%: D/E=72%', 'P/E < 20: P/E=18.6', 'FCF yield >= 3%: FCF yield=7.2%']",['ROE below 12%'],
ABI.BR,buffett_quality,Buffett Quality,False,0.5,"['margin >= 8%: margin=14.9%', 'P/E < 25.0: P/E=18.6']","['ROE too low', 'too much debt']",
ABI.BR,economic_moat,Economic Moat,False,0.25,['wide margin=14.9%'],"['ROE below 18%', 'ROA below 8%', 'leverage too high']",
ABI.BR,high_dividend,High Dividend Yield,False,0.2292,"['yield=153.0%', 'universe rank 23%']",['not in top quartile for yield'],
ABI.BR,dividend_growth,Dividend Growth,True,1.0,"['dividend payer: yield=153.0%', 'earnings growth: growth=124.9%', 'reasonable P/E: P/E=18.6']",[],
ABI.BR,magic_formula,Magic Formula,True,0.5197,['earnings yield rank 73%'],[],
ABI.BR,acquirers_multiple,Acquirer's Multiple,False,0.7561,"['EV/EBIT=14.1', 'universe rank 76%']",['EV/EBIT 14.1 above 12.0'],
ABI.BR,dreman_contrarian,Dreman Contrarian,False,0.4869,['low P/B rank 66%'],"['P/E not in bottom quartile', 'dividend yield below median']",
ABI.BR,piotroski_f,Piotroski F-Score,True,0.8889,"['F-Score=8/9', 'positive net income', 'positive operating cash flow', 'ROA improving', 'OCF > net income', 'leverage declining', 'current ratio improving', 'no share dilution', 'gross margin improving']",['asset turnover improving'],"{'f_score': 8, 'max_score': 9, 'components': [{'name': 'positive net income', 'passed': True}, {'name': 'positive operating cash flow', 'passed': True}, {'name': 'ROA improving', 'passed': True}, {'name': 'OCF > net income', 'passed': True}, {'name': 'leverage declining', 'passed': True}, {'name': 'current ratio improving', 'passed': True}, {'name': 'no share dilution', 'passed': True}, {'name': 'gross margin improving', 'passed': True}, {'name': 'asset turnover improving', 'passed': False}]}"
ABI.BR,composite_value,Composite Value,False,0.6,"['top-tier on trailing_pe (percentile 75%)', 'top-tier on price_to_book (percentile 100%)', 'top-tier on ev_ebitda (percentile 75%)']",[],
ABI.BR,earnings_quality,Earnings Quality,True,1.0,"['FCF/NI=1.56', 'OCF/NI=2.18', 'ratio=-3.68%']",[],
ABI.BR,financial_health,Financial Health,False,0.8,"['D/E=72%', 'leverage=33.4%', 'ratio=3.3', 'coverage=4.1x']",['weak liquidity'],
ARGX.BR,graham_defensive,Graham Defensive,False,0.25,['Current ratio >= 2: CR=5.12'],"['P/E >= 15', 'valuation too rich on P/B or P/E×P/B', 'no dividend']",
ARGX.BR,graham_enterprising,Graham Enterprising,False,0.6,"['Debt/equity < 100%: D/E=1%', 'ROE > 8%: ROE=23.6%', 'Positive earnings growth: growth=95.2%']","['P/E >= 25', 'P/B >= 3']",
ARGX.BR,graham_net_net,Graham Net-Net,False,0.0,[],['missing NCAV (balance sheet data)'],
ARGX.BR,schloss,Schloss Low P/B,False,0.5,['D/E < 50.0%: D/E=1%'],['P/B too high'],
ARGX.BR,deep_value,Deep Value,False,0.0,[],"['P/B not below 1.0', 'EV/EBITDA not below 8']",
ARGX.BR,earnings_yield,Earnings Yield,False,0.255,['E/P=3.1% (P/E=32.7)'],['earnings yield 3.1% below 8%'],
ARGX.BR,fcf_yield,FCF Yield,False,0.1644,['FCF yield=1.6%'],['FCF yield 1.6% below 5%'],
ARGX.BR,low_pe_high_yield,Low P/E + High Yield,False,0.0,[],"['P/E not below 12.0', 'yield below 4%']",
ARGX.BR,lynch_peg,Lynch PEG,True,0.6568,"['PEG=0.34', 'growth=95.2%']",[],
ARGX.BR,neff_pegy,Neff PEGY,False,0.0,"['PEGY=nan', 'growth=95.2%', 'yield=nan%']",['PEGY nan >= 1.0'],
ARGX.BR,quality_value,Quality Value,False,0.6,"['ROE >= 12%: ROE=23.6%', 'Profit margin >= 5%: margin=32.3%', 'Debt/equity < 80%: D/E=1%']","['P/E >= 20', 'FCF yield below 3%']",
ARGX.BR,buffett_quality,Buffett Quality,False,0.75,"['ROE >= 15%: ROE=23.6%', 'D/E < 60.0%: D/E=1%', 'margin >= 8%: margin=32.3%']",['P/E too high'],
ARGX.BR,economic_moat,Economic Moat,True,1.0,"['high ROE=23.6%', 'solid ROA=14.9%', 'wide margin=32.3%', 'low leverage D/E=1%']",[],
ARGX.BR,high_dividend,High Dividend Yield,False,0.0,[],['could not rank yield'],
ARGX.BR,dividend_growth,Dividend Growth,False,0.3333,['earnings growth: growth=95.2%'],"['yield too low', 'P/E out of range']",
ARGX.BR,magic_formula,Magic Formula,False,0.3815,['ROIC rank 64%'],['below top half on combined Magic Formula rank'],
ARGX.BR,acquirers_multiple,Acquirer's Multiple,False,0.1463,"['EV/EBIT=39.3', 'universe rank 15%']","['EV/EBIT 39.3 above 12.0', 'not in top 40% cheapest on EV/EBIT']",
ARGX.BR,dreman_contrarian,Dreman Contrarian,False,0.202,[],"['P/E not in bottom quartile', 'P/B not cheap vs universe']",
ARGX.BR,piotroski_f,Piotroski F-Score,False,0.5556,"['F-Score=5/9', 'positive net income', 'positive operating cash flow', 'ROA improving', 'leverage declining', 'asset turnover improving']","['F-Score 5/9 below 7', 'OCF > net income', 'current ratio improving', 'no share dilution', 'gross margin improving']","{'f_score': 5, 'max_score': 9, 'components': [{'name': 'positive net income', 'passed': True}, {'name': 'positive operating cash flow', 'passed': True}, {'name': 'ROA improving', 'passed': True}, {'name': 'OCF > net income', 'passed': False}, {'name': 'leverage declining', 'passed': True}, {'name': 'current ratio improving', 'passed': False}, {'name': 'no share dilution', 'passed': False}, {'name': 'gross margin improving', 'passed': False}, {'name': 'asset turnover improving', 'passed': True}]}"
ARGX.BR,composite_value,Composite Value,False,0.2135,[],['missing dividend_yield'],
ARGX.BR,earnings_quality,Earnings Quality,False,0.3333,['ratio=6.99%'],"['weak free-cash conversion', 'operating cash below earnings']",
ARGX.BR,financial_health,Financial Health,True,1.0,"['D/E=1%', 'leverage=0.5%', 'CR=5.23', 'ratio=-3.2', 'coverage=258.4x']",[],
ASML.AS,graham_defensive,Graham Defensive,False,0.25,['Dividend payer: yield=54.00%'],"['P/E >= 15', 'valuation too rich on P/B or P/E×P/B', 'current ratio < 2']",
ASML.AS,graham_enterprising,Graham Enterprising,False,0.6,"['Debt/equity < 100%: D/E=9%', 'ROE > 8%: ROE=53.9%', 'Positive earnings growth: growth=28.5%']","['P/E >= 25', 'P/B >= 3']",
ASML.AS,graham_net_net,Graham Net-Net,False,0.0,[],['missing NCAV (balance sheet data)'],
ASML.AS,schloss,Schloss Low P/B,False,0.5,['D/E < 50.0%: D/E=9%'],['P/B too high'],
ASML.AS,deep_value,Deep Value,False,0.0,[],"['P/B not below 1.0', 'EV/EBITDA not below 8']",
ASML.AS,earnings_yield,Earnings Yield,False,0.1475,['E/P=1.8% (P/E=56.5)'],['earnings yield 1.8% below 8%'],
ASML.AS,fcf_yield,FCF Yield,False,0.1532,['FCF yield=1.5%'],['FCF yield 1.5% below 5%'],
ASML.AS,low_pe_high_yield,Low P/E + High Yield,False,0.5,['yield=54.0%'],['P/E not below 12.0'],
ASML.AS,lynch_peg,Lynch PEG,False,0.0,"['PEG=1.98', 'growth=28.5%']",['PEG 1.98 >= 1.0'],
ASML.AS,neff_pegy,Neff PEGY,True,0.3153,"['PEGY=0.68', 'growth=28.5%', 'yield=54.0%']",[],
ASML.AS,quality_value,Quality Value,False,0.6,"['ROE >= 12%: ROE=53.9%', 'Profit margin >= 5%: margin=30.1%', 'Debt/equity < 80%: D/E=9%']","['P/E >= 20', 'FCF yield below 3%']",
ASML.AS,buffett_quality,Buffett Quality,False,0.75,"['ROE >= 15%: ROE=53.9%', 'D/E < 60.0%: D/E=9%', 'margin >= 8%: margin=30.1%']",['P/E too high'],
ASML.AS,economic_moat,Economic Moat,True,1.0,"['high ROE=53.9%', 'solid ROA=19.0%', 'wide margin=30.1%', 'low leverage D/E=9%']",[],
ASML.AS,high_dividend,High Dividend Yield,False,0.0417,"['yield=54.0%', 'universe rank 4%']",['not in top quartile for yield'],
ASML.AS,dividend_growth,Dividend Growth,True,0.6667,"['dividend payer: yield=54.0%', 'earnings growth: growth=28.5%']",['P/E out of range'],
ASML.AS,magic_formula,Magic Formula,True,0.5238,['ROIC rank 97%'],[],
ASML.AS,acquirers_multiple,Acquirer's Multiple,False,0.0976,"['EV/EBIT=48.2', 'universe rank 10%']","['EV/EBIT 48.2 above 12.0', 'not in top 40% cheapest on EV/EBIT']",
ASML.AS,dreman_contrarian,Dreman Contrarian,False,0.041,[],"['P/E not in bottom quartile', 'P/B not cheap vs universe', 'dividend yield below median']",
ASML.AS,piotroski_f,Piotroski F-Score,True,0.8889,"['F-Score=8/9', 'positive net income', 'positive operating cash flow', 'ROA improving', 'OCF > net income', 'leverage declining', 'no share dilution', 'gross margin improving', 'asset turnover improving']",['current ratio improving'],"{'f_score': 8, 'max_score': 9, 'components': [{'name': 'positive net income', 'passed': True}, {'name': 'positive operating cash flow', 'passed': True}, {'name': 'ROA improving', 'passed': True}, {'name': 'OCF > net income', 'passed': True}, {'name': 'leverage declining', 'passed': True}, {'name': 'current ratio improving', 'passed': False}, {'name': 'no share dilution', 'passed': True}, {'name': 'gross margin improving', 'passed': True}, {'name': 'asset turnover improving', 'passed': True}]}"
ASML.AS,composite_value,Composite Value,False,0.2125,[],[],
ASML.AS,earnings_quality,Earnings Quality,True,1.0,"['FCF/NI=0.88', 'OCF/NI=1.32', 'ratio=-6.03%']",[],
ASML.AS,financial_health,Financial Health,True,1.0,"['D/E=9%', 'leverage=8.7%', 'CR=1.26', 'ratio=-0.4', 'coverage=95.5x']",[],
CS.PA,graham_defensive,Graham Defensive,False,0.75,"['P/E < 15: P/E=12.1', 'Current ratio >= 2: CR=11.53', 'Dividend payer: yield=516.00%']",['valuation too rich on P/B or P/E×P/B'],
CS.PA,graham_enterprising,Graham Enterprising,True,0.8,"['P/E < 25: P/E=12.1', 'P/B < 3: P/B=1.96', 'ROE > 8%: ROE=14.9%', 'Positive earnings growth: growth=13.2%']",['excessive leverage'],
CS.PA,graham_net_net,Graham Net-Net,False,0.0,[],['missing NCAV (balance sheet data)'],
CS.PA,schloss,Schloss Low P/B,False,0.0,[],"['P/B too high', 'too much leverage']",
CS.PA,deep_value,Deep Value,False,0.0,[],"['P/B not below 1.0', 'EV/EBITDA not below 8']",
CS.PA,earnings_yield,Earnings Yield,True,0.688,['E/P=8.3% (P/E=12.1)'],[],
CS.PA,fcf_yield,FCF Yield,False,0.0,['FCF yield=-28.9%'],['FCF yield -28.9% below 5%'],
CS.PA,low_pe_high_yield,Low P/E + High Yield,False,0.5,['yield=516.0%'],['P/E not below 12.0'],
CS.PA,lynch_peg,Lynch PEG,True,0.0823,"['PEG=0.92', 'growth=13.2%']",[],
CS.PA,neff_pegy,Neff PEGY,True,0.9771,"['PEGY=0.02', 'growth=13.2%', 'yield=516.0%']",[],
CS.PA,quality_value,Quality Value,False,0.6,"['ROE >= 12%: ROE=14.9%', 'Profit margin >= 5%: margin=10.4%', 'P/E < 20: P/E=12.1']","['high leverage', 'FCF yield below 3%']",
CS.PA,buffett_quality,Buffett Quality,False,0.5,"['margin >= 8%: margin=10.4%', 'P/E < 25.0: P/E=12.1']","['ROE too low', 'too much debt']",
CS.PA,economic_moat,Economic Moat,False,0.0,[],"['ROE below 18%', 'ROA below 8%', 'margins below 12%', 'leverage too high']",
CS.PA,high_dividend,High Dividend Yield,True,0.8125,"['yield=516.0%', 'universe rank 81%']",[],
CS.PA,dividend_growth,Dividend Growth,True,1.0,"['dividend payer: yield=516.0%', 'earnings growth: growth=13.2%', 'reasonable P/E: P/E=12.1']",[],
CS.PA,magic_formula,Magic Formula,False,0.0,[],['missing EBIT/EV or ROIC inputs'],
CS.PA,acquirers_multiple,Acquirer's Multiple,False,0.0,[],['could not rank EV/EBIT'],
CS.PA,dreman_contrarian,Dreman Contrarian,True,0.7293,"['low P/E rank 78%', 'low P/B rank 60%', 'dividend rank 81%']",[],
CS.PA,piotroski_f,Piotroski F-Score,True,0.7778,"['F-Score=7/9', 'positive net income', 'positive operating cash flow', 'ROA improving', 'OCF > net income', 'leverage declining', 'no share dilution', 'asset turnover improving']","['current ratio improving', 'gross margin improving']","{'f_score': 7, 'max_score': 9, 'components': [{'name': 'positive net income', 'passed': True}, {'name': 'positive operating cash flow', 'passed': True}, {'name': 'ROA improving', 'passed': True}, {'name': 'OCF > net income', 'passed': True}, {'name': 'leverage declining', 'passed': True}, {'name': 'current ratio improving', 'passed': False}, {'name': 'no share dilution', 'passed': True}, {'name': 'gross margin improving', 'passed': False}, {'name': 'asset turnover improving', 'passed': True}]}"
CS.PA,composite_value,Composite Value,False,0.4069,[],['missing ev_ebitda'],
CS.PA,earnings_quality,Earnings Quality,False,0.6667,"['OCF/NI=2.28', 'ratio=-1.98%']",['weak free-cash conversion'],
CS.PA,financial_health,Financial Health,False,0.4,"['leverage=9.5%', 'insufficient data — skipped']","['high debt to equity', 'weak liquidity', 'weak interest coverage']",
BAS.DE,graham_defensive,Graham Defensive,False,0.5,"['P/B < 1.5 or P/E×P/B < 22.5: P/B=1.20', 'Dividend payer: yield=446.00%']","['P/E >= 15', 'current ratio < 2']",
BAS.DE,graham_enterprising,Graham Enterprising,False,0.8,"['P/E < 25: P/E=21.2', 'P/B < 3: P/B=1.20', 'Debt/equity < 100%: D/E=71%', 'Positive earnings growth: growth=5298.9%']",['ROE <= 8%'],
BAS.DE,graham_net_net,Graham Net-Net,False,0.0,[],['missing NCAV (balance sheet data)'],
BAS.DE,schloss,Schloss Low P/B,False,0.0,[],"['P/B too high', 'too much leverage']",
BAS.DE,deep_value,Deep Value,False,0.0,[],"['P/B not below 1.0', 'EV/EBITDA not below 8']",
BAS.DE,earnings_yield,Earnings Yield,False,0.3935,['E/P=4.7% (P/E=21.2)'],['earnings yield 4.7% below 8%'],
BAS.DE,fcf_yield,FCF Yield,False,0.2431,['FCF yield=2.4%'],['FCF yield 2.4% below 5%'],
BAS.DE,low_pe_high_yield,Low P/E + High Yield,False,0.5,['yield=446.0%'],['P/E not below 12.0'],
BAS.DE,lynch_peg,Lynch PEG,True,0.996,"['PEG=0.00', 'growth=5298.9%']",[],
BAS.DE,neff_pegy,Neff PEGY,True,0.9963,"['PEGY=0.00', 'growth=5298.9%', 'yield=446.0%']",[],
BAS.DE,quality_value,Quality Value,False,0.4,"['Profit margin >= 5%: margin=9.4%', 'Debt/equity < 80%: D/E=71%']","['ROE below 12%', 'P/E >= 20', 'FCF yield below 3%']",
BAS.DE,buffett_quality,Buffett Quality,False,0.5,"['margin >= 8%: margin=9.4%', 'P/E < 25.0: P/E=21.2']","['ROE too low', 'too much debt']",
BAS.DE,economic_moat,Economic Moat,False,0.0,[],"['ROE below 18%', 'ROA below 8%', 'margins below 12%', 'leverage too high']",
BAS.DE,high_dividend,High Dividend Yield,False,0.7292,"['yield=446.0%', 'universe rank 73%']",['not in top quartile for yield'],
BAS.DE,dividend_growth,Dividend Growth,True,1.0,"['dividend payer: yield=446.0%', 'earnings growth: growth=5298.9%', 'reasonable P/E: P/E=21.2']",[],
BAS.DE,magic_formula,Magic Formula,False,0.2836,[],['below top half on combined Magic Formula rank'],
BAS.DE,acquirers_multiple,Acquirer's Multiple,False,0.4634,"['EV/EBIT=22.2', 'universe rank 46%']","['EV/EBIT 22.2 above 12.0', 'not in top 40% cheapest on EV/EBIT']",
BAS.DE,dreman_contrarian,Dreman Contrarian,False,0.7063,"['low P/B rank 90%', 'dividend rank 73%']",['P/E not in bottom quartile'],
BAS.DE,piotroski_f,Piotroski F-Score,True,0.7778,"['F-Score=7/9', 'positive net income', 'positive operating cash flow', 'ROA improving', 'OCF > net income', 'current ratio improving', 'no share dilution', 'asset turnover improving']","['leverage declining', 'gross margin improving']","{'f_score': 7, 'max_score': 9, 'components': [{'name': 'positive net income', 'passed': True}, {'name': 'positive operating cash flow', 'passed': True}, {'name': 'ROA improving', 'passed': True}, {'name': 'OCF > net income', 'passed': True}, {'name': 'leverage declining', 'passed': False}, {'name': 'current ratio improving', 'passed': True}, {'name': 'no share dilution', 'passed': True}, {'name': 'gross margin improving', 'passed': False}, {'name': 'asset turnover improving', 'passed': True}]}"
BAS.DE,composite_value,Composite Value,False,0.6377,"['top-tier on price_to_book (percentile 90%)', 'top-tier on dividend_yield (percentile 73%)', 'top-tier on ev_ebitda (percentile 75%)']",[],
BAS.DE,earnings_quality,Earnings Quality,True,1.0,"['FCF/NI=0.65', 'OCF/NI=3.47', 'ratio=-5.24%']",[],
BAS.DE,financial_health,Financial Health,True,1.0,"['D/E=71%', 'leverage=30.5%', 'CR=1.93', 'ratio=2.9', 'coverage=2.9x']",[],
BAYN.DE,graham_defensive,Graham Defensive,False,0.25,['Dividend payer: yield=23.00%'],"['no positive trailing P/E', 'valuation too rich on P/B or P/E×P/B', 'current ratio < 2']",
BAYN.DE,graham_enterprising,Graham Enterprising,False,0.4,"['P/B < 3: P/B=1.64', 'Positive earnings growth: growth=112.9%']","['missing P/E', 'excessive leverage', 'ROE <= 8%']",
BAYN.DE,graham_net_net,Graham Net-Net,False,0.0,[],['missing NCAV (balance sheet data)'],
BAYN.DE,schloss,Schloss Low P/B,False,0.0,[],"['P/B too high', 'too much leverage']",
BAYN.DE,deep_value,Deep Value,False,0.5,['EV/EBITDA=7.8'],['P/B not below 1.0'],
BAYN.DE,earnings_yield,Earnings Yield,False,1.0,['E/P=nan% (P/E=nan)'],['earnings yield nan% below 8%'],
BAYN.DE,fcf_yield,FCF Yield,True,1.0,['FCF yield=15.5%'],[],
BAYN.DE,low_pe_high_yield,Low P/E + High Yield,False,0.5,['yield=23.0%'],['P/E not below 12.0'],
BAYN.DE,lynch_peg,Lynch PEG,False,0.0,"['PEG=nan', 'growth=112.9%']",[],
BAYN.DE,neff_pegy,Neff PEGY,False,0.0,"['PEGY=nan', 'growth=112.9%', 'yield=23.0%']",['PEGY nan >= 1.0'],
BAYN.DE,quality_value,Quality Value,False,0.2,['FCF yield >= 3%: FCF yield=15.5%'],"['ROE below 12%', 'thin margins', 'high leverage', 'missing P/E']",
BAYN.DE,buffett_quality,Buffett Quality,False,0.0,[],"['ROE too low', 'too much debt', 'thin margins', 'missing P/E']",
BAYN.DE,economic_moat,Economic Moat,False,0.0,[],"['ROE below 18%', 'ROA below 8%', 'margins below 12%', 'leverage too high']",
BAYN.DE,high_dividend,High Dividend Yield,False,0.0,"['yield=23.0%', 'universe rank 0%']","['not in top quartile for yield', 'no positive earnings']",
BAYN.DE,dividend_growth,Dividend Growth,True,0.6667,"['dividend payer: yield=23.0%', 'earnings growth: growth=112.9%']",['P/E out of range'],
BAYN.DE,magic_formula,Magic Formula,True,0.5569,['earnings yield rank 78%'],[],
BAYN.DE,acquirers_multiple,Acquirer's Multiple,False,0.8049,"['EV/EBIT=13.0', 'universe rank 80%']",['EV/EBIT 13.0 above 12.0'],
BAYN.DE,dreman_contrarian,Dreman Contrarian,False,0.4,['low P/B rank 80%'],['dividend yield below median'],
BAYN.DE,piotroski_f,Piotroski F-Score,False,0.6667,"['F-Score=6/9', 'positive operating cash flow', 'OCF > net income', 'leverage declining', 'no share dilution', 'gross margin improving', 'asset turnover improving']","['F-Score 6/9 below 7', 'positive net income', 'ROA improving', 'current ratio improving']","{'f_score': 6, 'max_score': 9, 'components': [{'name': 'positive net income', 'passed': False}, {'name': 'positive operating cash flow', 'passed': True}, {'name': 'ROA improving', 'passed': False}, {'name': 'OCF > net income', 'passed': True}, {'name': 'leverage declining', 'passed': True}, {'name': 'current ratio improving', 'passed': False}, {'name': 'no share dilution', 'passed': True}, {'name': 'gross margin improving', 'passed': True}, {'name': 'asset turnover improving', 'passed': True}]}"
BAYN.DE,composite_value,Composite Value,False,0.5333,"['top-tier on price_to_book (percentile 75%)', 'top-tier on ev_ebitda (percentile 100%)']",['missing trailing_pe'],
BAYN.DE,earnings_quality,Earnings Quality,False,0.5,['ratio=-9.14%'],['negative net income'],
BAYN.DE,financial_health,Financial Health,False,0.6,"['leverage=34.9%', 'ratio=3.2', 'coverage=2.7x']","['high debt to equity', 'weak liquidity']",
BBVA.MC,graham_defensive,Graham Defensive,False,0.5,"['P/E < 15: P/E=12.8', 'Dividend payer: yield=380.00%']","['valuation too rich on P/B or P/E×P/B', 'current ratio < 2']",
BBVA.MC,graham_enterprising,Graham Enterprising,True,0.8,"['P/E < 25: P/E=12.8', 'P/B < 3: P/B=2.37', 'ROE > 8%: ROE=18.9%', 'Positive earnings growth: growth=11.2%']",['excessive leverage'],
BBVA.MC,graham_net_net,Graham Net-Net,False,0.0,[],['missing NCAV (balance sheet data)'],
BBVA.MC,schloss,Schloss Low P/B,False,0.0,[],"['P/B too high', 'too much leverage']",
BBVA.MC,deep_value,Deep Value,False,0.0,[],"['P/B not below 1.0', 'EV/EBITDA not below 8']",
BBVA.MC,earnings_yield,Earnings Yield,False,0.6508,['E/P=7.8% (P/E=12.8)'],['earnings yield 7.8% below 8%'],
BBVA.MC,fcf_yield,FCF Yield,False,1.0,['FCF yield=nan%'],['FCF yield nan% below 5%'],
BBVA.MC,low_pe_high_yield,Low P/E + High Yield,False,0.5,['yield=380.0%'],['P/E not below 12.0'],
BBVA.MC,lynch_peg,Lynch PEG,False,0.0,"['PEG=1.14', 'growth=11.2%']",['PEG 1.14 >= 1.0'],
BBVA.MC,neff_pegy,Neff PEGY,True,0.9673,"['PEGY=0.03', 'growth=11.2%', 'yield=380.0%']",[],
BBVA.MC,quality_value,Quality Value,False,0.6,"['ROE >= 12%: ROE=18.9%', 'Profit margin >= 5%: margin=32.6%', 'P/E < 20: P/E=12.8']","['high leverage', 'FCF yield below 3%']",
BBVA.MC,buffett_quality,Buffett Quality,True,0.75,"['ROE >= 15%: ROE=18.9%', 'margin >= 8%: margin=32.6%', 'P/E < 25.0: P/E=12.8']",['too much debt'],
BBVA.MC,economic_moat,Economic Moat,False,0.5,"['high ROE=18.9%', 'wide margin=32.6%']","['ROA below 8%', 'leverage too high']",
BBVA.MC,high_dividend,High Dividend Yield,False,0.625,"['yield=380.0%', 'universe rank 62%']",['not in top quartile for yield'],
BBVA.MC,dividend_growth,Dividend Growth,True,1.0,"['dividend payer: yield=380.0%', 'earnings growth: growth=11.2%', 'reasonable P/E: P/E=12.8']",[],
BBVA.MC,magic_formula,Magic Formula,False,0.0,[],['missing EBIT/EV or ROIC inputs'],
BBVA.MC,acquirers_multiple,Acquirer's Multiple,False,0.0,[],['could not rank EV/EBIT'],
BBVA.MC,dreman_contrarian,Dreman Contrarian,False,0.6266,['dividend rank 62%'],"['P/E not in bottom quartile', 'P/B not cheap vs universe']",
BBVA.MC,piotroski_f,Piotroski F-Score,False,0.4444,"['F-Score=4/9', 'positive net income', 'positive operating cash flow', 'OCF > net income', 'no share dilution']","['F-Score 4/9 below 7', 'ROA improving', 'leverage declining', 'current ratio improving', 'gross margin improving', 'asset turnover improving']","{'f_score': 4, 'max_score': 9, 'components': [{'name': 'positive net income', 'passed': True}, {'name': 'positive operating cash flow', 'passed': True}, {'name': 'ROA improving', 'passed': False}, {'name': 'OCF > net income', 'passed': True}, {'name': 'leverage declining', 'passed': False}, {'name': 'current ratio improving', 'passed': False}, {'name': 'no share dilution', 'passed': True}, {'name': 'gross margin improving', 'passed': False}, {'name': 'asset turnover improving', 'passed': False}]}"
BBVA.MC,composite_value,Composite Value,False,0.3397,[],"['missing fcf_yield', 'missing ev_ebitda']",
BBVA.MC,earnings_quality,Earnings Quality,False,0.6667,"['OCF/NI=1.42', 'ratio=-0.52%']",['weak free-cash conversion'],
BBVA.MC,financial_health,Financial Health,False,0.4,"['leverage=10.4%', 'insufficient data — skipped']","['high debt to equity', 'weak liquidity', 'weak interest coverage']",
SAN.MC,graham_defensive,Graham Defensive,False,0.5,"['P/E < 15: P/E=14.0', 'Dividend payer: yield=203.00%']","['valuation too rich on P/B or P/E×P/B', 'current ratio < 2']",
SAN.MC,graham_enterprising,Graham Enterprising,False,0.6,"['P/E < 25: P/E=14.0', 'P/B < 3: P/B=1.61', 'ROE > 8%: ROE=13.1%']","['excessive leverage', 'negative earnings growth']",
SAN.MC,graham_net_net,Graham Net-Net,False,0.0,[],['missing NCAV (balance sheet data)'],
SAN.MC,schloss,Schloss Low P/B,False,0.0,[],"['P/B too high', 'too much leverage']",
SAN.MC,deep_value,Deep Value,False,0.0,[],"['P/B not below 1.0', 'EV/EBITDA not below 8']",
SAN.MC,earnings_yield,Earnings Yield,False,0.5953,['E/P=7.1% (P/E=14.0)'],['earnings yield 7.1% below 8%'],
SAN.MC,fcf_yield,FCF Yield,False,1.0,['FCF yield=nan%'],['FCF yield nan% below 5%'],
SAN.MC,low_pe_high_yield,Low P/E + High Yield,False,0.5,['yield=203.0%'],['P/E not below 12.0'],
SAN.MC,lynch_peg,Lynch PEG,False,0.0,"['PEG=nan', 'growth=nan%']",[],
SAN.MC,neff_pegy,Neff PEGY,False,0.0,"['PEGY=nan', 'growth=nan%', 'yield=203.0%']",['PEGY nan >= 1.0'],
SAN.MC,quality_value,Quality Value,False,0.6,"['ROE >= 12%: ROE=13.1%', 'Profit margin >= 5%: margin=33.5%', 'P/E < 20: P/E=14.0']","['high leverage', 'FCF yield below 3%']",
SAN.MC,buffett_quality,Buffett Quality,False,0.5,"['margin >= 8%: margin=33.5%', 'P/E < 25.0: P/E=14.0']","['ROE too low', 'too much debt']",
SAN.MC,economic_moat,Economic Moat,False,0.25,['wide margin=33.5%'],"['ROE below 18%', 'ROA below 8%', 'leverage too high']",
SAN.MC,high_dividend,High Dividend Yield,False,0.3958,"['yield=203.0%', 'universe rank 40%']",['not in top quartile for yield'],
SAN.MC,dividend_growth,Dividend Growth,True,0.6667,"['dividend payer: yield=203.0%', 'reasonable P/E: P/E=14.0']",['earnings not growing'],
SAN.MC,magic_formula,Magic Formula,False,0.0,[],['missing EBIT/EV or ROIC inputs'],
SAN.MC,acquirers_multiple,Acquirer's Multiple,False,0.0,[],['could not rank EV/EBIT'],
SAN.MC,dreman_contrarian,Dreman Contrarian,False,0.6228,['low P/B rank 84%'],"['P/E not in bottom quartile', 'dividend yield below median']",
SAN.MC,piotroski_f,Piotroski F-Score,False,0.4444,"['F-Score=4/9', 'positive net income', 'ROA improving', 'leverage declining', 'no share dilution']","['F-Score 4/9 below 7', 'positive operating cash flow', 'OCF > net income', 'current ratio improving', 'gross margin improving', 'asset turnover improving']","{'f_score': 4, 'max_score': 9, 'components': [{'name': 'positive net income', 'passed': True}, {'name': 'positive operating cash flow', 'passed': False}, {'name': 'ROA improving', 'passed': True}, {'name': 'OCF > net income', 'passed': False}, {'name': 'leverage declining', 'passed': True}, {'name': 'current ratio improving', 'passed': False}, {'name': 'no share dilution', 'passed': True}, {'name': 'gross margin improving', 'passed': False}, {'name': 'asset turnover improving', 'passed': False}]}"
SAN.MC,composite_value,Composite Value,False,0.3462,['top-tier on price_to_book (percentile 83%)'],"['missing fcf_yield', 'missing ev_ebitda']",
SAN.MC,earnings_quality,Earnings Quality,False,0.3333,['ratio=1.55%'],"['weak free-cash conversion', 'operating cash below earnings']",
SAN.MC,financial_health,Financial Health,False,0.4,"['leverage=17.5%', 'insufficient data — skipped']","['high debt to equity', 'weak liquidity', 'weak interest coverage']",
BMW.DE,graham_defensive,Graham Defensive,False,0.75,"['P/E < 15: P/E=5.7', 'P/B < 1.5 or P/E×P/B < 22.5: P/B=0.38', 'Dividend payer: yield=742.00%']",['current ratio < 2'],
BMW.DE,graham_enterprising,Graham Enterprising,False,0.4,"['P/E < 25: P/E=5.7', 'P/B < 3: P/B=0.38']","['excessive leverage', 'ROE <= 8%', 'negative earnings growth']",
BMW.DE,graham_net_net,Graham Net-Net,False,0.0,[],['missing NCAV (balance sheet data)'],
BMW.DE,schloss,Schloss Low P/B,False,0.5,['P/B < 1.2: P/B=0.38'],['too much leverage'],
BMW.DE,deep_value,Deep Value,False,0.5,['P/B=0.38'],['EV/EBITDA not below 8'],
BMW.DE,earnings_yield,Earnings Yield,True,1.0,['E/P=17.5% (P/E=5.7)'],[],
BMW.DE,fcf_yield,FCF Yield,False,0.4834,['FCF yield=4.8%'],['FCF yield 4.8% below 5%'],
BMW.DE,low_pe_high_yield,Low P/E + High Yield,True,1.0,"['P/E=5.7', 'yield=742.0%']",[],
BMW.DE,lynch_peg,Lynch PEG,False,0.2,[],['missing or negative earnings growth'],
BMW.DE,neff_pegy,Neff PEGY,True,0.992,"['PEGY=0.01', 'growth=-27.9%', 'yield=742.0%']",[],
BMW.DE,quality_value,Quality Value,False,0.4,"['P/E < 20: P/E=5.7', 'FCF yield >= 3%: FCF yield=4.8%']","['ROE below 12%', 'thin margins', 'high leverage']",
BMW.DE,buffett_quality,Buffett Quality,False,0.25,['P/E < 25.0: P/E=5.7'],"['ROE too low', 'too much debt', 'thin margins']",
BMW.DE,economic_moat,Economic Moat,False,0.0,[],"['ROE below 18%', 'ROA below 8%', 'margins below 12%', 'leverage too high']",
BMW.DE,high_dividend,High Dividend Yield,True,0.9167,"['yield=742.0%', 'universe rank 92%']",[],
BMW.DE,dividend_growth,Dividend Growth,True,0.6667,"['dividend payer: yield=742.0%', 'reasonable P/E: P/E=5.7']",['earnings not growing'],
BMW.DE,magic_formula,Magic Formula,False,0.455,['earnings yield rank 76%'],['below top half on combined Magic Formula rank'],
BMW.DE,acquirers_multiple,Acquirer's Multiple,False,0.7805,"['EV/EBIT=13.9', 'universe rank 78%']",['EV/EBIT 13.9 above 12.0'],
BMW.DE,dreman_contrarian,Dreman Contrarian,True,0.9656,"['low P/E rank 100%', 'low P/B rank 98%', 'dividend rank 92%']",[],
BMW.DE,piotroski_f,Piotroski F-Score,False,0.6667,"['F-Score=6/9', 'positive net income', 'positive operating cash flow', 'ROA improving', 'OCF > net income', 'current ratio improving', 'no share dilution']","['F-Score 6/9 below 7', 'leverage declining', 'gross margin improving', 'asset turnover improving']","{'f_score': 6, 'max_score': 9, 'components': [{'name': 'positive net income', 'passed': True}, {'name': 'positive operating cash flow', 'passed': True}, {'name': 'ROA improving', 'passed': True}, {'name': 'OCF > net income', 'passed': True}, {'name': 'leverage declining', 'passed': False}, {'name': 'current ratio improving', 'passed': True}, {'name': 'no share dilution', 'passed': True}, {'name': 'gross margin improving', 'passed': False}, {'name': 'asset turnover improving', 'passed': False}]}"
BMW.DE,composite_value,Composite Value,True,0.8583,"['top-tier on trailing_pe (percentile 100%)', 'top-tier on price_to_book (percentile 89%)', 'top-tier on dividend_yield (percentile 78%)', 'top-tier on ev_ebitda (percentile 100%)']",[],
BMW.DE,earnings_quality,Earnings Quality,False,0.6667,"['OCF/NI=1.13', 'ratio=-0.35%']",['weak free-cash conversion'],
BMW.DE,financial_health,Financial Health,False,0.6,"['leverage=33.2%', 'CR=1.12', 'coverage=17.8x']","['high debt to equity', 'high net debt/EBITDA']",
BNP.PA,graham_defensive,Graham Defensive,False,0.75,"['P/E < 15: P/E=9.5', 'P/B < 1.5 or P/E×P/B < 22.5: P/B=0.93', 'Dividend payer: yield=907.00%']",['current ratio < 2'],
BNP.PA,graham_enterprising,Graham Enterprising,False,0.6,"['P/E < 25: P/E=9.5', 'P/B < 3: P/B=0.93', 'Positive earnings growth: growth=50.4%']","['excessive leverage', 'ROE <= 8%']",
BNP.PA,graham_net_net,Graham Net-Net,False,0.0,[],['missing NCAV (balance sheet data)'],
BNP.PA,schloss,Schloss Low P/B,False,0.5,['P/B < 1.2: P/B=0.93'],['too much leverage'],
BNP.PA,deep_value,Deep Value,False,0.5,['P/B=0.93'],['EV/EBITDA not below 8'],
BNP.PA,earnings_yield,Earnings Yield,True,0.8785,['E/P=10.5% (P/E=9.5)'],[],
BNP.PA,fcf_yield,FCF Yield,False,1.0,['FCF yield=nan%'],['FCF yield nan% below 5%'],
BNP.PA,low_pe_high_yield,Low P/E + High Yield,True,1.0,"['P/E=9.5', 'yield=907.0%']",[],
BNP.PA,lynch_peg,Lynch PEG,True,0.8118,"['PEG=0.19', 'growth=50.4%']",[],
BNP.PA,neff_pegy,Neff PEGY,True,0.9901,"['PEGY=0.01', 'growth=50.4%', 'yield=907.0%']",[],
BNP.PA,quality_value,Quality Value,False,0.4,"['Profit margin >= 5%: margin=26.9%', 'P/E < 20: P/E=9.5']","['ROE below 12%', 'high leverage', 'FCF yield below 3%']",
BNP.PA,buffett_quality,Buffett Quality,False,0.5,"['margin >= 8%: margin=26.9%', 'P/E < 25.0: P/E=9.5']","['ROE too low', 'too much debt']",
BNP.PA,economic_moat,Economic Moat,False,0.25,['wide margin=26.9%'],"['ROE below 18%', 'ROA below 8%', 'leverage too high']",
BNP.PA,high_dividend,High Dividend Yield,True,0.9792,"['yield=907.0%', 'universe rank 98%']",[],
BNP.PA,dividend_growth,Dividend Growth,True,1.0,"['dividend payer: yield=907.0%', 'earnings growth: growth=50.4%', 'reasonable P/E: P/E=9.5']",[],
BNP.PA,magic_formula,Magic Formula,False,0.0,[],['missing EBIT/EV or ROIC inputs'],
BNP.PA,acquirers_multiple,Acquirer's Multiple,False,0.0,[],['could not rank EV/EBIT'],
BNP.PA,dreman_contrarian,Dreman Contrarian,True,0.9392,"['low P/E rank 92%', 'low P/B rank 92%', 'dividend rank 98%']",[],
BNP.PA,piotroski_f,Piotroski F-Score,False,0.6667,"['F-Score=6/9', 'positive net income', 'positive operating cash flow', 'ROA improving', 'OCF > net income', 'no share dilution', 'asset turnover improving']","['F-Score 6/9 below 7', 'leverage declining', 'current ratio improving', 'gross margin improving']","{'f_score': 6, 'max_score': 9, 'components': [{'name': 'positive net income', 'passed': True}, {'name': 'positive operating cash flow', 'passed': True}, {'name': 'ROA improving', 'passed': True}, {'name': 'OCF > net income', 'passed': True}, {'name': 'leverage declining', 'passed': False}, {'name': 'current ratio improving', 'passed': False}, {'name': 'no share dilution', 'passed': True}, {'name': 'gross margin improving', 'passed': False}, {'name': 'asset turnover improving', 'passed': True}]}"
BNP.PA,composite_value,Composite Value,True,0.9487,"['top-tier on trailing_pe (percentile 100%)', 'top-tier on price_to_book (percentile 92%)', 'top-tier on dividend_yield (percentile 92%)']","['missing fcf_yield', 'missing ev_ebitda']",
BNP.PA,earnings_quality,Earnings Quality,False,0.6667,"['OCF/NI=3.81', 'ratio=-1.23%']",['weak free-cash conversion'],
BNP.PA,financial_health,Financial Health,False,0.4,"['leverage=14.3%', 'insufficient data — skipped']","['high debt to equity', 'weak liquidity', 'weak interest coverage']",
BN.PA,graham_defensive,Graham Defensive,False,0.25,['Dividend payer: yield=333.00%'],"['P/E >= 15', 'valuation too rich on P/B or P/E×P/B', 'current ratio < 2']",
BN.PA,graham_enterprising,Graham Enterprising,True,1.0,"['P/E < 25: P/E=22.4', 'P/B < 3: P/B=2.47', 'Debt/equity < 100%: D/E=99%', 'ROE > 8%: ROE=12.2%', 'Positive earnings growth: growth=12.4%']",[],
BN.PA,graham_net_net,Graham Net-Net,False,0.0,[],['missing NCAV (balance sheet data)'],
BN.PA,schloss,Schloss Low P/B,False,0.0,[],"['P/B too high', 'too much leverage']",
BN.PA,deep_value,Deep Value,False,0.0,[],"['P/B not below 1.0', 'EV/EBITDA not below 8']",
BN.PA,earnings_yield,Earnings Yield,False,0.3727,['E/P=4.5% (P/E=22.4)'],['earnings yield 4.5% below 8%'],
BN.PA,fcf_yield,FCF Yield,False,0.4792,['FCF yield=4.8%'],['FCF yield 4.8% below 5%'],
BN.PA,low_pe_high_yield,Low P/E + High Yield,False,0.5,['yield=333.0%'],['P/E not below 12.0'],
BN.PA,lynch_peg,Lynch PEG,False,0.0,"['PEG=1.80', 'growth=12.4%']",['PEG 1.80 >= 1.0'],
BN.PA,neff_pegy,Neff PEGY,True,0.9353,"['PEGY=0.06', 'growth=12.4%', 'yield=333.0%']",[],
BN.PA,quality_value,Quality Value,False,0.6,"['ROE >= 12%: ROE=12.2%', 'Profit margin >= 5%: margin=7.1%', 'FCF yield >= 3%: FCF yield=4.8%']","['high leverage', 'P/E >= 20']",
BN.PA,buffett_quality,Buffett Quality,False,0.25,['P/E < 25.0: P/E=22.4'],"['ROE too low', 'too much debt', 'thin margins']",
BN.PA,economic_moat,Economic Moat,False,0.0,[],"['ROE below 18%', 'ROA below 8%', 'margins below 12%', 'leverage too high']",
BN.PA,high_dividend,High Dividend Yield,False,0.5417,"['yield=333.0%', 'universe rank 54%']",['not in top quartile for yield'],
BN.PA,dividend_growth,Dividend Growth,True,1.0,"['dividend payer: yield=333.0%', 'earnings growth: growth=12.4%', 'reasonable P/E: P/E=22.4']",[],
BN.PA,magic_formula,Magic Formula,True,0.6614,"['earnings yield rank 71%', 'ROIC rank 62%']",[],
BN.PA,acquirers_multiple,Acquirer's Multiple,False,0.7317,"['EV/EBIT=14.2', 'universe rank 73%']",['EV/EBIT 14.2 above 12.0'],
BN.PA,dreman_contrarian,Dreman Contrarian,False,0.4969,['dividend rank 54%'],"['P/E not in bottom quartile', 'P/B not cheap vs universe']",
BN.PA,piotroski_f,Piotroski F-Score,False,0.6667,"['F-Score=6/9', 'positive net income', 'positive operating cash flow', 'OCF > net income', 'no share dilution', 'gross margin improving', 'asset turnover improving']","['F-Score 6/9 below 7', 'ROA improving', 'leverage declining', 'current ratio improving']","{'f_score': 6, 'max_score': 9, 'components': [{'name': 'positive net income', 'passed': True}, {'name': 'positive operating cash flow', 'passed': True}, {'name': 'ROA improving', 'passed': False}, {'name': 'OCF > net income', 'passed': True}, {'name': 'leverage declining', 'passed': False}, {'name': 'current ratio improving', 'passed': False}, {'name': 'no share dilution', 'passed': True}, {'name': 'gross margin improving', 'passed': True}, {'name': 'asset turnover improving', 'passed': True}]}"
BN.PA,composite_value,Composite Value,False,0.45,[],[],
BN.PA,earnings_quality,Earnings Quality,True,1.0,"['FCF/NI=1.14', 'OCF/NI=2.07', 'ratio=-4.34%']",[],
BN.PA,financial_health,Financial Health,False,0.6,"['leverage=32.0%', 'ratio=2.0', 'coverage=7.5x']","['high debt to equity', 'weak liquidity']",
DBK.DE,graham_defensive,Graham Defensive,False,0.75,"['P/E < 15: P/E=9.7', 'P/B < 1.5 or P/E×P/B < 22.5: P/B=0.76', 'Dividend payer: yield=314.00%']",['current ratio < 2'],
DBK.DE,graham_enterprising,Graham Enterprising,True,0.8,"['P/E < 25: P/E=9.7', 'P/B < 3: P/B=0.76', 'ROE > 8%: ROE=8.9%', 'Positive earnings growth: growth=18.8%']",['excessive leverage'],
DBK.DE,graham_net_net,Graham Net-Net,False,0.0,[],['missing NCAV (balance sheet data)'],
DBK.DE,schloss,Schloss Low P/B,False,0.5,['P/B < 1.2: P/B=0.76'],['too much leverage'],
DBK.DE,deep_value,Deep Value,False,0.5,['P/B=0.76'],['EV/EBITDA not below 8'],
DBK.DE,earnings_yield,Earnings Yield,True,0.8601,['E/P=10.3% (P/E=9.7)'],[],
DBK.DE,fcf_yield,FCF Yield,False,1.0,['FCF yield=nan%'],['FCF yield nan% below 5%'],
DBK.DE,low_pe_high_yield,Low P/E + High Yield,True,1.0,"['P/E=9.7', 'yield=314.0%']",[],
DBK.DE,lynch_peg,Lynch PEG,True,0.4847,"['PEG=0.52', 'growth=18.8%']",[],
DBK.DE,neff_pegy,Neff PEGY,True,0.9709,"['PEGY=0.03', 'growth=18.8%', 'yield=314.0%']",[],
DBK.DE,quality_value,Quality Value,False,0.4,"['Profit margin >= 5%: margin=22.7%', 'P/E < 20: P/E=9.7']","['ROE below 12%', 'high leverage', 'FCF yield below 3%']",
DBK.DE,buffett_quality,Buffett Quality,False,0.5,"['margin >= 8%: margin=22.7%', 'P/E < 25.0: P/E=9.7']","['ROE too low', 'too much debt']",
DBK.DE,economic_moat,Economic Moat,False,0.25,['wide margin=22.7%'],"['ROE below 18%', 'ROA below 8%', 'leverage too high']",
DBK.DE,high_dividend,High Dividend Yield,False,0.4792,"['yield=314.0%', 'universe rank 48%']",['not in top quartile for yield'],
DBK.DE,dividend_growth,Dividend Growth,True,1.0,"['dividend payer: yield=314.0%', 'earnings growth: growth=18.8%', 'reasonable P/E: P/E=9.7']",[],
DBK.DE,magic_formula,Magic Formula,False,0.0,[],['missing EBIT/EV or ROIC inputs'],
DBK.DE,acquirers_multiple,Acquirer's Multiple,False,0.0,[],['could not rank EV/EBIT'],
DBK.DE,dreman_contrarian,Dreman Contrarian,True,0.7724,"['low P/E rank 90%', 'low P/B rank 94%']",['dividend yield below median'],
DBK.DE,piotroski_f,Piotroski F-Score,False,0.6667,"['F-Score=6/9', 'positive net income', 'positive operating cash flow', 'ROA improving', 'OCF > net income', 'no share dilution', 'asset turnover improving']","['F-Score 6/9 below 7', 'leverage declining', 'current ratio improving', 'gross margin improving']","{'f_score': 6, 'max_score': 9, 'components': [{'name': 'positive net income', 'passed': True}, {'name': 'positive operating cash flow', 'passed': True}, {'name': 'ROA improving', 'passed': True}, {'name': 'OCF > net income', 'passed': True}, {'name': 'leverage declining', 'passed': False}, {'name': 'current ratio improving', 'passed': False}, {'name': 'no share dilution', 'passed': True}, {'name': 'gross margin improving', 'passed': False}, {'name': 'asset turnover improving', 'passed': True}]}"
DBK.DE,composite_value,Composite Value,True,0.7115,"['top-tier on trailing_pe (percentile 92%)', 'top-tier on price_to_book (percentile 100%)']","['missing fcf_yield', 'missing ev_ebitda']",
DBK.DE,earnings_quality,Earnings Quality,False,0.6667,"['OCF/NI=6.79', 'ratio=-2.80%']",['weak free-cash conversion'],
DBK.DE,financial_health,Financial Health,False,0.4,"['leverage=11.5%', 'insufficient data — skipped']","['high debt to equity', 'weak liquidity', 'weak interest coverage']",
DB1.DE,graham_defensive,Graham Defensive,False,0.25,['Dividend payer: yield=160.00%'],"['P/E >= 15', 'valuation too rich on P/B or P/E×P/B', 'current ratio < 2']",
DB1.DE,graham_enterprising,Graham Enterprising,False,0.8,"['P/E < 25: P/E=22.6', 'Debt/equity < 100%: D/E=58%', 'ROE > 8%: ROE=20.4%', 'Positive earnings growth: growth=13.7%']",['P/B >= 3'],
DB1.DE,graham_net_net,Graham Net-Net,False,0.0,[],['missing NCAV (balance sheet data)'],
DB1.DE,schloss,Schloss Low P/B,False,0.0,[],"['P/B too high', 'too much leverage']",
DB1.DE,deep_value,Deep Value,False,0.0,[],"['P/B not below 1.0', 'EV/EBITDA not below 8']",
DB1.DE,earnings_yield,Earnings Yield,False,0.3682,['E/P=4.4% (P/E=22.6)'],['earnings yield 4.4% below 8%'],
DB1.DE,fcf_yield,FCF Yield,False,0.4612,['FCF yield=4.6%'],['FCF yield 4.6% below 5%'],
DB1.DE,low_pe_high_yield,Low P/E + High Yield,False,0.5,['yield=160.0%'],['P/E not below 12.0'],
DB1.DE,lynch_peg,Lynch PEG,False,0.0,"['PEG=1.65', 'growth=13.7%']",['PEG 1.65 >= 1.0'],
DB1.DE,neff_pegy,Neff PEGY,True,0.8697,"['PEGY=0.13', 'growth=13.7%', 'yield=160.0%']",[],
DB1.DE,quality_value,Quality Value,True,0.8,"['ROE >= 12%: ROE=20.4%', 'Profit margin >= 5%: margin=27.3%', 'Debt/equity < 80%: D/E=58%', 'FCF yield >= 3%: FCF yield=4.6%']",['P/E >= 20'],
DB1.DE,buffett_quality,Buffett Quality,True,1.0,"['ROE >= 15%: ROE=20.4%', 'D/E < 60.0%: D/E=58%', 'margin >= 8%: margin=27.3%', 'P/E < 25.0: P/E=22.6']",[],
DB1.DE,economic_moat,Economic Moat,False,0.5,"['high ROE=20.4%', 'wide margin=27.3%']","['ROA below 8%', 'leverage too high']",
DB1.DE,high_dividend,High Dividend Yield,False,0.2917,"['yield=160.0%', 'universe rank 29%']",['not in top quartile for yield'],
DB1.DE,dividend_growth,Dividend Growth,True,1.0,"['dividend payer: yield=160.0%', 'earnings growth: growth=13.7%', 'reasonable P/E: P/E=22.6']",[],
DB1.DE,magic_formula,Magic Formula,True,0.5369,"['earnings yield rank 56%', 'ROIC rank 51%']",[],
DB1.DE,acquirers_multiple,Acquirer's Multiple,False,0.5854,"['EV/EBIT=17.5', 'universe rank 59%']","['EV/EBIT 17.5 above 12.0', 'not in top 40% cheapest on EV/EBIT']",
DB1.DE,dreman_contrarian,Dreman Contrarian,False,0.3467,[],"['P/E not in bottom quartile', 'P/B not cheap vs universe', 'dividend yield below median']",
DB1.DE,piotroski_f,Piotroski F-Score,False,0.5556,"['F-Score=5/9', 'positive net income', 'positive operating cash flow', 'OCF > net income', 'leverage declining', 'no share dilution']","['F-Score 5/9 below 7', 'ROA improving', 'current ratio improving', 'gross margin improving', 'asset turnover improving']","{'f_score': 5, 'max_score': 9, 'components': [{'name': 'positive net income', 'passed': True}, {'name': 'positive operating cash flow', 'passed': True}, {'name': 'ROA improving', 'passed': False}, {'name': 'OCF > net income', 'passed': True}, {'name': 'leverage declining', 'passed': True}, {'name': 'current ratio improving', 'passed': False}, {'name': 'no share dilution', 'passed': True}, {'name': 'gross margin improving', 'passed': False}, {'name': 'asset turnover improving', 'passed': False}]}"
DB1.DE,composite_value,Composite Value,False,0.2125,[],[],
DB1.DE,earnings_quality,Earnings Quality,True,1.0,"['FCF/NI=1.09', 'OCF/NI=1.41', 'ratio=-0.27%']",[],
DB1.DE,financial_health,Financial Health,False,0.8,"['D/E=58%', 'leverage=2.7%', 'ratio=1.3', 'coverage=15.5x']",['weak liquidity'],
DHL.DE,graham_defensive,Graham Defensive,False,0.25,['Dividend payer: yield=329.00%'],"['P/E >= 15', 'valuation too rich on P/B or P/E×P/B', 'current ratio < 2']",
DHL.DE,graham_enterprising,Graham Enterprising,True,0.8,"['P/E < 25: P/E=18.7', 'P/B < 3: P/B=2.75', 'ROE > 8%: ROE=15.6%', 'Positive earnings growth: growth=7.2%']",['excessive leverage'],
DHL.DE,graham_net_net,Graham Net-Net,False,0.0,[],['missing NCAV (balance sheet data)'],
DHL.DE,schloss,Schloss Low P/B,False,0.0,[],"['P/B too high', 'too much leverage']",
DHL.DE,deep_value,Deep Value,False,0.0,[],"['P/B not below 1.0', 'EV/EBITDA not below 8']",
DHL.DE,earnings_yield,Earnings Yield,False,0.4458,['E/P=5.3% (P/E=18.7)'],['earnings yield 5.3% below 8%'],
DHL.DE,fcf_yield,FCF Yield,True,0.8034,['FCF yield=8.0%'],[],
DHL.DE,low_pe_high_yield,Low P/E + High Yield,False,0.5,['yield=329.0%'],['P/E not below 12.0'],
DHL.DE,lynch_peg,Lynch PEG,False,0.0,"['PEG=2.60', 'growth=7.2%']",['PEG 2.60 >= 1.0'],
DHL.DE,neff_pegy,Neff PEGY,True,0.9444,"['PEGY=0.06', 'growth=7.2%', 'yield=329.0%']",[],
DHL.DE,quality_value,Quality Value,False,0.6,"['ROE >= 12%: ROE=15.6%', 'P/E < 20: P/E=18.7', 'FCF yield >= 3%: FCF yield=8.0%']","['thin margins', 'high leverage']",
DHL.DE,buffett_quality,Buffett Quality,False,0.5,"['ROE >= 15%: ROE=15.6%', 'P/E < 25.0: P/E=18.7']","['too much debt', 'thin margins']",
DHL.DE,economic_moat,Economic Moat,False,0.0,[],"['ROE below 18%', 'ROA below 8%', 'margins below 12%', 'leverage too high']",
DHL.DE,high_dividend,High Dividend Yield,False,0.5,"['yield=329.0%', 'universe rank 50%']",['not in top quartile for yield'],
DHL.DE,dividend_growth,Dividend Growth,True,1.0,"['dividend payer: yield=329.0%', 'earnings growth: growth=7.2%', 'reasonable P/E: P/E=18.7']",[],
DHL.DE,magic_formula,Magic Formula,True,0.5363,['earnings yield rank 59%'],[],
DHL.DE,acquirers_multiple,Acquirer's Multiple,False,0.6098,"['EV/EBIT=16.2', 'universe rank 61%']",['EV/EBIT 16.2 above 12.0'],
DHL.DE,dreman_contrarian,Dreman Contrarian,False,0.497,['dividend rank 50%'],"['P/E not in bottom quartile', 'P/B not cheap vs universe']",
DHL.DE,piotroski_f,Piotroski F-Score,True,0.7778,"['F-Score=7/9', 'positive net income', 'positive operating cash flow', 'ROA improving', 'OCF > net income', 'current ratio improving', 'no share dilution', 'gross margin improving']","['leverage declining', 'asset turnover improving']","{'f_score': 7, 'max_score': 9, 'components': [{'name': 'positive net income', 'passed': True}, {'name': 'positive operating cash flow', 'passed': True}, {'name': 'ROA improving', 'passed': True}, {'name': 'OCF > net income', 'passed': True}, {'name': 'leverage declining', 'passed': False}, {'name': 'current ratio improving', 'passed': True}, {'name': 'no share dilution', 'passed': True}, {'name': 'gross margin improving', 'passed': True}, {'name': 'asset turnover improving', 'passed': False}]}"
DHL.DE,composite_value,Composite Value,True,0.74,"['top-tier on trailing_pe (percentile 70%)', 'top-tier on price_to_book (percentile 80%)', 'top-tier on dividend_yield (percentile 70%)', 'top-tier on fcf_yield (percentile 80%)', 'top-tier on ev_ebitda (percentile 70%)']",[],
DHL.DE,earnings_quality,Earnings Quality,True,1.0,"['FCF/NI=1.48', 'OCF/NI=2.60', 'ratio=-7.91%']",[],
DHL.DE,financial_health,Financial Health,False,0.6,"['leverage=35.8%', 'ratio=2.7', 'coverage=4.8x']","['high debt to equity', 'weak liquidity']",
DTE.DE,graham_defensive,Graham Defensive,False,0.5,"['P/E < 15: P/E=14.8', 'Dividend payer: yield=374.00%']","['valuation too rich on P/B or P/E×P/B', 'current ratio < 2']",
DTE.DE,graham_enterprising,Graham Enterprising,False,0.6,"['P/E < 25: P/E=14.8', 'P/B < 3: P/B=2.04', 'ROE > 8%: ROE=14.4%']","['excessive leverage', 'negative earnings growth']",
DTE.DE,graham_net_net,Graham Net-Net,False,0.0,[],['missing NCAV (balance sheet data)'],
DTE.DE,schloss,Schloss Low P/B,False,0.0,[],"['P/B too high', 'too much leverage']",
DTE.DE,deep_value,Deep Value,False,0.5,['EV/EBITDA=7.1'],['P/B not below 1.0'],
DTE.DE,earnings_yield,Earnings Yield,False,0.5637,['E/P=6.8% (P/E=14.8)'],['earnings yield 6.8% below 8%'],
DTE.DE,fcf_yield,FCF Yield,True,1.0,['FCF yield=13.9%'],[],
DTE.DE,low_pe_high_yield,Low P/E + High Yield,False,0.5,['yield=374.0%'],['P/E not below 12.0'],
DTE.DE,lynch_peg,Lynch PEG,False,0.2,[],['missing or negative earnings growth'],
DTE.DE,neff_pegy,Neff PEGY,True,0.9574,"['PEGY=0.04', 'growth=-27.2%', 'yield=374.0%']",[],
DTE.DE,quality_value,Quality Value,True,0.8,"['ROE >= 12%: ROE=14.4%', 'Profit margin >= 5%: margin=7.2%', 'P/E < 20: P/E=14.8', 'FCF yield >= 3%: FCF yield=13.9%']",['high leverage'],
DTE.DE,buffett_quality,Buffett Quality,False,0.25,['P/E < 25.0: P/E=14.8'],"['ROE too low', 'too much debt', 'thin margins']",
DTE.DE,economic_moat,Economic Moat,False,0.0,[],"['ROE below 18%', 'ROA below 8%', 'margins below 12%', 'leverage too high']",
DTE.DE,high_dividend,High Dividend Yield,False,0.6042,"['yield=374.0%', 'universe rank 60%']",['not in top quartile for yield'],
DTE.DE,dividend_growth,Dividend Growth,True,0.6667,"['dividend payer: yield=374.0%', 'reasonable P/E: P/E=14.8']",['earnings not growing'],
DTE.DE,magic_formula,Magic Formula,True,0.6332,['earnings yield rank 80%'],[],
DTE.DE,acquirers_multiple,Acquirer's Multiple,True,0.8293,"['EV/EBIT=11.6', 'universe rank 83%']",[],
DTE.DE,dreman_contrarian,Dreman Contrarian,False,0.592,['dividend rank 60%'],"['P/E not in bottom quartile', 'P/B not cheap vs universe']",
DTE.DE,piotroski_f,Piotroski F-Score,False,0.6667,"['F-Score=6/9', 'positive net income', 'positive operating cash flow', 'OCF > net income', 'current ratio improving', 'no share dilution', 'asset turnover improving']","['F-Score 6/9 below 7', 'ROA improving', 'leverage declining', 'gross margin improving']","{'f_score': 6, 'max_score': 9, 'components': [{'name': 'positive net income', 'passed': True}, {'name': 'positive operating cash flow', 'passed': True}, {'name': 'ROA improving', 'passed': False}, {'name': 'OCF > net income', 'passed': True}, {'name': 'leverage declining', 'passed': False}, {'name': 'current ratio improving', 'passed': True}, {'name': 'no share dilution', 'passed': True}, {'name': 'gross margin improving', 'passed': False}, {'name': 'asset turnover improving', 'passed': True}]}"
DTE.DE,composite_value,Composite Value,True,0.7105,"['top-tier on fcf_yield (percentile 90%)', 'top-tier on ev_ebitda (percentile 98%)']",[],
DTE.DE,earnings_quality,Earnings Quality,True,1.0,"['FCF/NI=1.88', 'OCF/NI=4.23', 'ratio=-10.70%']",[],
DTE.DE,financial_health,Financial Health,False,0.8,"['leverage=48.5%', 'CR=1.12', 'ratio=3.3', 'coverage=3.9x']",['high debt to equity'],
ENEL.MI,graham_defensive,Graham Defensive,False,0.25,['Dividend payer: yield=531.00%'],"['P/E >= 15', 'valuation too rich on P/B or P/E×P/B', 'current ratio < 2']",
ENEL.MI,graham_enterprising,Graham Enterprising,False,0.4,"['ROE > 8%: ROE=12.3%', 'Positive earnings growth: growth=31.8%']","['P/E >= 25', 'P/B >= 3', 'excessive leverage']",
ENEL.MI,graham_net_net,Graham Net-Net,False,0.0,[],['missing NCAV (balance sheet data)'],
ENEL.MI,schloss,Schloss Low P/B,False,0.0,[],"['P/B too high', 'too much leverage']",
ENEL.MI,deep_value,Deep Value,False,0.0,[],"['P/B not below 1.0', 'EV/EBITDA not below 8']",
ENEL.MI,earnings_yield,Earnings Yield,False,0.3232,['E/P=3.9% (P/E=25.8)'],['earnings yield 3.9% below 8%'],
ENEL.MI,fcf_yield,FCF Yield,False,0.0,['FCF yield=-2.1%'],['FCF yield -2.1% below 5%'],
ENEL.MI,low_pe_high_yield,Low P/E + High Yield,False,0.5,['yield=531.0%'],['P/E not below 12.0'],
ENEL.MI,lynch_peg,Lynch PEG,True,0.1891,"['PEG=0.81', 'growth=31.8%']",[],
ENEL.MI,neff_pegy,Neff PEGY,True,0.9542,"['PEGY=0.05', 'growth=31.8%', 'yield=531.0%']",[],
ENEL.MI,quality_value,Quality Value,False,0.4,"['ROE >= 12%: ROE=12.3%', 'Profit margin >= 5%: margin=5.7%']","['high leverage', 'P/E >= 20', 'FCF yield below 3%']",
ENEL.MI,buffett_quality,Buffett Quality,False,0.0,[],"['ROE too low', 'too much debt', 'thin margins', 'P/E too high']",
ENEL.MI,economic_moat,Economic Moat,False,0.0,[],"['ROE below 18%', 'ROA below 8%', 'margins below 12%', 'leverage too high']",
ENEL.MI,high_dividend,High Dividend Yield,True,0.8333,"['yield=531.0%', 'universe rank 83%']",[],
ENEL.MI,dividend_growth,Dividend Growth,True,0.6667,"['dividend payer: yield=531.0%', 'earnings growth: growth=31.8%']",['P/E out of range'],
ENEL.MI,magic_formula,Magic Formula,False,0.0629,[],['below top half on combined Magic Formula rank'],
ENEL.MI,acquirers_multiple,Acquirer's Multiple,False,0.0732,"['EV/EBIT=52.0', 'universe rank 7%']","['EV/EBIT 52.0 above 12.0', 'not in top 40% cheapest on EV/EBIT']",
ENEL.MI,dreman_contrarian,Dreman Contrarian,False,0.5269,['dividend rank 83%'],"['P/E not in bottom quartile', 'P/B not cheap vs universe']",
ENEL.MI,piotroski_f,Piotroski F-Score,False,0.5556,"['F-Score=5/9', 'positive net income', 'positive operating cash flow', 'OCF > net income', 'no share dilution', 'asset turnover improving']","['F-Score 5/9 below 7', 'ROA improving', 'leverage declining', 'current ratio improving', 'gross margin improving']","{'f_score': 5, 'max_score': 9, 'components': [{'name': 'positive net income', 'passed': True}, {'name': 'positive operating cash flow', 'passed': True}, {'name': 'ROA improving', 'passed': False}, {'name': 'OCF > net income', 'passed': True}, {'name': 'leverage declining', 'passed': False}, {'name': 'current ratio improving', 'passed': False}, {'name': 'no share dilution', 'passed': True}, {'name': 'gross margin improving', 'passed': False}, {'name': 'asset turnover improving', 'passed': True}]}"
ENEL.MI,composite_value,Composite Value,False,0.4661,"['top-tier on dividend_yield (percentile 83%)', 'top-tier on ev_ebitda (percentile 78%)']",[],
ENEL.MI,earnings_quality,Earnings Quality,False,0.6667,"['OCF/NI=3.30', 'ratio=-5.43%']",['weak free-cash conversion'],
ENEL.MI,financial_health,Financial Health,False,0.4,"['leverage=38.3%', 'ratio=3.3']","['high debt to equity', 'weak liquidity', 'weak interest coverage']",
ENI.MI,graham_defensive,Graham Defensive,False,0.25,['Dividend payer: yield=446.00%'],"['P/E >= 15', 'valuation too rich on P/B or P/E×P/B', 'current ratio < 2']",
ENI.MI,graham_enterprising,Graham Enterprising,True,1.0,"['P/E < 25: P/E=19.5', 'P/B < 3: P/B=1.65', 'Debt/equity < 100%: D/E=65%', 'ROE > 8%: ROE=10.9%', 'Positive earnings growth: growth=580.6%']",[],
ENI.MI,graham_net_net,Graham Net-Net,False,0.0,[],['missing NCAV (balance sheet data)'],
ENI.MI,schloss,Schloss Low P/B,False,0.0,[],"['P/B too high', 'too much leverage']",
ENI.MI,deep_value,Deep Value,False,0.5,['EV/EBITDA=7.3'],['P/B not below 1.0'],
ENI.MI,earnings_yield,Earnings Yield,False,0.4274,['E/P=5.1% (P/E=19.5)'],['earnings yield 5.1% below 8%'],
ENI.MI,fcf_yield,FCF Yield,False,0.0,['FCF yield=-12.9%'],['FCF yield -12.9% below 5%'],
ENI.MI,low_pe_high_yield,Low P/E + High Yield,False,0.5,['yield=446.0%'],['P/E not below 12.0'],
ENI.MI,lynch_peg,Lynch PEG,True,0.9664,"['PEG=0.03', 'growth=580.6%']",[],
ENI.MI,neff_pegy,Neff PEGY,True,0.981,"['PEGY=0.02', 'growth=580.6%', 'yield=446.0%']",[],
ENI.MI,quality_value,Quality Value,False,0.6,"['Profit margin >= 5%: margin=5.9%', 'Debt/equity < 80%: D/E=65%', 'P/E < 20: P/E=19.5']","['ROE below 12%', 'FCF yield below 3%']",
ENI.MI,buffett_quality,Buffett Quality,False,0.25,['P/E < 25.0: P/E=19.5'],"['ROE too low', 'too much debt', 'thin margins']",
ENI.MI,economic_moat,Economic Moat,False,0.0,[],"['ROE below 18%', 'ROA below 8%', 'margins below 12%', 'leverage too high']",
ENI.MI,high_dividend,High Dividend Yield,False,0.7292,"['yield=446.0%', 'universe rank 73%']",['not in top quartile for yield'],
ENI.MI,dividend_growth,Dividend Growth,True,1.0,"['dividend payer: yield=446.0%', 'earnings growth: growth=580.6%', 'reasonable P/E: P/E=19.5']",[],
ENI.MI,magic_formula,Magic Formula,False,0.283,[],['below top half on combined Magic Formula rank'],
ENI.MI,acquirers_multiple,Acquirer's Multiple,False,0.4878,"['EV/EBIT=21.5', 'universe rank 49%']","['EV/EBIT 21.5 above 12.0', 'not in top 40% cheapest on EV/EBIT']",
ENI.MI,dreman_contrarian,Dreman Contrarian,False,0.6733,"['low P/B rank 76%', 'dividend rank 73%']",['P/E not in bottom quartile'],
ENI.MI,piotroski_f,Piotroski F-Score,True,0.7778,"['F-Score=7/9', 'positive net income', 'positive operating cash flow', 'ROA improving', 'OCF > net income', 'leverage declining', 'current ratio improving', 'no share dilution']","['gross margin improving', 'asset turnover improving']","{'f_score': 7, 'max_score': 9, 'components': [{'name': 'positive net income', 'passed': True}, {'name': 'positive operating cash flow', 'passed': True}, {'name': 'ROA improving', 'passed': True}, {'name': 'OCF > net income', 'passed': True}, {'name': 'leverage declining', 'passed': True}, {'name': 'current ratio improving', 'passed': True}, {'name': 'no share dilution', 'passed': True}, {'name': 'gross margin improving', 'passed': False}, {'name': 'asset turnover improving', 'passed': False}]}"
ENI.MI,composite_value,Composite Value,False,0.5744,"['top-tier on price_to_book (percentile 76%)', 'top-tier on dividend_yield (percentile 73%)', 'top-tier on ev_ebitda (percentile 92%)']",[],
ENI.MI,earnings_quality,Earnings Quality,False,0.6667,"['OCF/NI=5.11', 'ratio=-7.82%']",['weak free-cash conversion'],
ENI.MI,financial_health,Financial Health,True,0.8,"['D/E=65%', 'leverage=25.0%', 'CR=1.33', 'ratio=1.7']",['weak interest coverage'],
EL.PA,graham_defensive,Graham Defensive,False,0.25,['Dividend payer: yield=244.00%'],"['P/E >= 15', 'valuation too rich on P/B or P/E×P/B', 'current ratio < 2']",
EL.PA,graham_enterprising,Graham Enterprising,False,0.6,"['P/B < 3: P/B=1.92', 'Debt/equity < 100%: D/E=38%', 'Positive earnings growth: growth=12.3%']","['P/E >= 25', 'ROE <= 8%']",
EL.PA,graham_net_net,Graham Net-Net,False,0.0,[],['missing NCAV (balance sheet data)'],
EL.PA,schloss,Schloss Low P/B,False,0.5,['D/E < 50.0%: D/E=38%'],['P/B too high'],
EL.PA,deep_value,Deep Value,False,0.0,[],"['P/B not below 1.0', 'EV/EBITDA not below 8']",
EL.PA,earnings_yield,Earnings Yield,False,0.2718,['E/P=3.3% (P/E=30.7)'],['earnings yield 3.3% below 8%'],
EL.PA,fcf_yield,FCF Yield,False,0.4358,['FCF yield=4.4%'],['FCF yield 4.4% below 5%'],
EL.PA,low_pe_high_yield,Low P/E + High Yield,False,0.5,['yield=244.0%'],['P/E not below 12.0'],
EL.PA,lynch_peg,Lynch PEG,False,0.0,"['PEG=2.49', 'growth=12.3%']",['PEG 2.49 >= 1.0'],
EL.PA,neff_pegy,Neff PEGY,True,0.8804,"['PEGY=0.12', 'growth=12.3%', 'yield=244.0%']",[],
EL.PA,quality_value,Quality Value,False,0.6,"['Profit margin >= 5%: margin=8.5%', 'Debt/equity < 80%: D/E=38%', 'FCF yield >= 3%: FCF yield=4.4%']","['ROE below 12%', 'P/E >= 20']",
EL.PA,buffett_quality,Buffett Quality,False,0.5,"['D/E < 60.0%: D/E=38%', 'margin >= 8%: margin=8.5%']","['ROE too low', 'P/E too high']",
EL.PA,economic_moat,Economic Moat,False,0.25,['low leverage D/E=38%'],"['ROE below 18%', 'ROA below 8%', 'margins below 12%']",
EL.PA,high_dividend,High Dividend Yield,False,0.4167,"['yield=244.0%', 'universe rank 42%']",['not in top quartile for yield'],
EL.PA,dividend_growth,Dividend Growth,True,0.6667,"['dividend payer: yield=244.0%', 'earnings growth: growth=12.3%']",['P/E out of range'],
EL.PA,magic_formula,Magic Formula,False,0.2361,[],['below top half on combined Magic Formula rank'],
EL.PA,acquirers_multiple,Acquirer's Multiple,False,0.3171,"['EV/EBIT=26.5', 'universe rank 32%']","['EV/EBIT 26.5 above 12.0', 'not in top 40% cheapest on EV/EBIT']",
EL.PA,dreman_contrarian,Dreman Contrarian,False,0.4271,['low P/B rank 64%'],"['P/E not in bottom quartile', 'dividend yield below median']",
EL.PA,piotroski_f,Piotroski F-Score,False,0.4444,"['F-Score=4/9', 'positive net income', 'positive operating cash flow', 'OCF > net income', 'asset turnover improving']","['F-Score 4/9 below 7', 'ROA improving', 'leverage declining', 'current ratio improving', 'no share dilution', 'gross margin improving']","{'f_score': 4, 'max_score': 9, 'components': [{'name': 'positive net income', 'passed': True}, {'name': 'positive operating cash flow', 'passed': True}, {'name': 'ROA improving', 'passed': False}, {'name': 'OCF > net income', 'passed': True}, {'name': 'leverage declining', 'passed': False}, {'name': 'current ratio improving', 'passed': False}, {'name': 'no share dilution', 'passed': False}, {'name': 'gross margin improving', 'passed': False}, {'name': 'asset turnover improving', 'passed': True}]}"
EL.PA,composite_value,Composite Value,False,0.4583,[],[],
EL.PA,earnings_quality,Earnings Quality,True,1.0,"['FCF/NI=1.42', 'OCF/NI=2.29', 'ratio=-4.66%']",[],
EL.PA,financial_health,Financial Health,True,1.0,"['D/E=38%', 'leverage=22.5%', 'CR=1.10', 'ratio=2.3', 'coverage=10.8x']",[],
RACE.MI,graham_defensive,Graham Defensive,False,0.5,"['Current ratio >= 2: CR=2.43', 'Dividend payer: yield=106.00%']","['P/E >= 15', 'valuation too rich on P/B or P/E×P/B']",
RACE.MI,graham_enterprising,Graham Enterprising,False,0.6,"['Debt/equity < 100%: D/E=86%', 'ROE > 8%: ROE=45.4%', 'Positive earnings growth: growth=10.1%']","['P/E >= 25', 'P/B >= 3']",
RACE.MI,graham_net_net,Graham Net-Net,False,0.0,[],['missing NCAV (balance sheet data)'],
RACE.MI,schloss,Schloss Low P/B,False,0.0,[],"['P/B too high', 'too much leverage']",
RACE.MI,deep_value,Deep Value,False,0.0,[],"['P/B not below 1.0', 'EV/EBITDA not below 8']",
RACE.MI,earnings_yield,Earnings Yield,False,0.2274,['E/P=2.7% (P/E=36.6)'],['earnings yield 2.7% below 8%'],
RACE.MI,fcf_yield,FCF Yield,False,0.1675,['FCF yield=1.7%'],['FCF yield 1.7% below 5%'],
RACE.MI,low_pe_high_yield,Low P/E + High Yield,False,0.5,['yield=106.0%'],['P/E not below 12.0'],
RACE.MI,lynch_peg,Lynch PEG,False,0.0,"['PEG=3.63', 'growth=10.1%']",['PEG 3.63 >= 1.0'],
RACE.MI,neff_pegy,Neff PEGY,True,0.6843,"['PEGY=0.32', 'growth=10.1%', 'yield=106.0%']",[],
RACE.MI,quality_value,Quality Value,False,0.4,"['ROE >= 12%: ROE=45.4%', 'Profit margin >= 5%: margin=22.2%']","['high leverage', 'P/E >= 20', 'FCF yield below 3%']",
RACE.MI,buffett_quality,Buffett Quality,False,0.5,"['ROE >= 15%: ROE=45.4%', 'margin >= 8%: margin=22.2%']","['too much debt', 'P/E too high']",
RACE.MI,economic_moat,Economic Moat,True,0.75,"['high ROE=45.4%', 'solid ROA=16.6%', 'wide margin=22.2%']",['leverage too high'],
RACE.MI,high_dividend,High Dividend Yield,False,0.1458,"['yield=106.0%', 'universe rank 15%']",['not in top quartile for yield'],
RACE.MI,dividend_growth,Dividend Growth,True,0.6667,"['dividend payer: yield=106.0%', 'earnings growth: growth=10.1%']",['P/E out of range'],
RACE.MI,magic_formula,Magic Formula,True,0.5578,['ROIC rank 87%'],[],
RACE.MI,acquirers_multiple,Acquirer's Multiple,False,0.2683,"['EV/EBIT=29.4', 'universe rank 27%']","['EV/EBIT 29.4 above 12.0', 'not in top 40% cheapest on EV/EBIT']",
RACE.MI,dreman_contrarian,Dreman Contrarian,False,0.1026,[],"['P/E not in bottom quartile', 'P/B not cheap vs universe', 'dividend yield below median']",
RACE.MI,piotroski_f,Piotroski F-Score,True,1.0,"['F-Score=9/9', 'positive net income', 'positive operating cash flow', 'ROA improving', 'OCF > net income', 'leverage declining', 'current ratio improving', 'no share dilution', 'gross margin improving', 'asset turnover improving']",[],"{'f_score': 9, 'max_score': 9, 'components': [{'name': 'positive net income', 'passed': True}, {'name': 'positive operating cash flow', 'passed': True}, {'name': 'ROA improving', 'passed': True}, {'name': 'OCF > net income', 'passed': True}, {'name': 'leverage declining', 'passed': True}, {'name': 'current ratio improving', 'passed': True}, {'name': 'no share dilution', 'passed': True}, {'name': 'gross margin improving', 'passed': True}, {'name': 'asset turnover improving', 'passed': True}]}"
RACE.MI,composite_value,Composite Value,False,0.1556,[],[],
RACE.MI,earnings_quality,Earnings Quality,True,1.0,"['FCF/NI=0.63', 'OCF/NI=1.47', 'ratio=-7.81%']",[],
RACE.MI,financial_health,Financial Health,False,0.8,"['leverage=30.0%', 'CR=2.02', 'ratio=0.7', 'coverage=50.9x']",['high debt to equity'],
RMS.PA,graham_defensive,Graham Defensive,False,0.5,"['Current ratio >= 2: CR=4.54', 'Dividend payer: yield=118.00%']","['P/E >= 15', 'valuation too rich on P/B or P/E×P/B']",
RMS.PA,graham_enterprising,Graham Enterprising,False,0.4,"['Debt/equity < 100%: D/E=12%', 'ROE > 8%: ROE=25.5%']","['P/E >= 25', 'P/B >= 3', 'negative earnings growth']",
RMS.PA,graham_net_net,Graham Net-Net,False,0.0,[],['missing NCAV (balance sheet data)'],
RMS.PA,schloss,Schloss Low P/B,False,0.5,['D/E < 50.0%: D/E=12%'],['P/B too high'],
RMS.PA,deep_value,Deep Value,False,0.0,[],"['P/B not below 1.0', 'EV/EBITDA not below 8']",
RMS.PA,earnings_yield,Earnings Yield,False,0.2342,['E/P=2.8% (P/E=35.6)'],['earnings yield 2.8% below 8%'],
RMS.PA,fcf_yield,FCF Yield,False,0.3064,['FCF yield=3.1%'],['FCF yield 3.1% below 5%'],
RMS.PA,low_pe_high_yield,Low P/E + High Yield,False,0.5,['yield=118.0%'],['P/E not below 12.0'],
RMS.PA,lynch_peg,Lynch PEG,False,0.2,[],['missing or negative earnings growth'],
RMS.PA,neff_pegy,Neff PEGY,True,0.6977,"['PEGY=0.30', 'growth=-0.3%', 'yield=118.0%']",[],
RMS.PA,quality_value,Quality Value,True,0.8,"['ROE >= 12%: ROE=25.5%', 'Profit margin >= 5%: margin=28.0%', 'Debt/equity < 80%: D/E=12%', 'FCF yield >= 3%: FCF yield=3.1%']",['P/E >= 20'],
RMS.PA,buffett_quality,Buffett Quality,False,0.75,"['ROE >= 15%: ROE=25.5%', 'D/E < 60.0%: D/E=12%', 'margin >= 8%: margin=28.0%']",['P/E too high'],
RMS.PA,economic_moat,Economic Moat,True,1.0,"['high ROE=25.5%', 'solid ROA=18.6%', 'wide margin=28.0%', 'low leverage D/E=12%']",[],
RMS.PA,high_dividend,High Dividend Yield,False,0.1875,"['yield=118.0%', 'universe rank 19%']",['not in top quartile for yield'],
RMS.PA,dividend_growth,Dividend Growth,False,0.3333,['dividend payer: yield=118.0%'],"['earnings not growing', 'P/E out of range']",
RMS.PA,magic_formula,Magic Formula,True,0.6817,['ROIC rank 95%'],[],
RMS.PA,acquirers_multiple,Acquirer's Multiple,False,0.439,"['EV/EBIT=22.5', 'universe rank 44%']","['EV/EBIT 22.5 above 12.0', 'not in top 40% cheapest on EV/EBIT']",
RMS.PA,dreman_contrarian,Dreman Contrarian,False,0.1635,[],"['P/E not in bottom quartile', 'P/B not cheap vs universe', 'dividend yield below median']",
RMS.PA,piotroski_f,Piotroski F-Score,True,0.7778,"['F-Score=7/9', 'positive net income', 'positive operating cash flow', 'OCF > net income', 'current ratio improving', 'no share dilution', 'gross margin improving', 'asset turnover improving']","['ROA improving', 'leverage declining']","{'f_score': 7, 'max_score': 9, 'components': [{'name': 'positive net income', 'passed': True}, {'name': 'positive operating cash flow', 'passed': True}, {'name': 'ROA improving', 'passed': False}, {'name': 'OCF > net income', 'passed': True}, {'name': 'leverage declining', 'passed': False}, {'name': 'current ratio improving', 'passed': True}, {'name': 'no share dilution', 'passed': True}, {'name': 'gross margin improving', 'passed': True}, {'name': 'asset turnover improving', 'passed': True}]}"
RMS.PA,composite_value,Composite Value,False,0.3139,[],[],
RMS.PA,earnings_quality,Earnings Quality,True,1.0,"['FCF/NI=1.09', 'OCF/NI=1.19', 'ratio=-3.49%']",[],
RMS.PA,financial_health,Financial Health,True,1.0,"['D/E=12%', 'leverage=9.6%', 'CR=4.99', 'ratio=-1.4', 'coverage=121.7x']",[],
IBE.MC,graham_defensive,Graham Defensive,False,0.25,['Dividend payer: yield=329.00%'],"['P/E >= 15', 'valuation too rich on P/B or P/E×P/B', 'current ratio < 2']",
IBE.MC,graham_enterprising,Graham Enterprising,False,0.6,"['P/B < 3: P/B=2.67', 'ROE > 8%: ROE=10.0%', 'Positive earnings growth: growth=68.3%']","['P/E >= 25', 'excessive leverage']",
IBE.MC,graham_net_net,Graham Net-Net,False,0.0,[],['missing NCAV (balance sheet data)'],
IBE.MC,schloss,Schloss Low P/B,False,0.0,[],"['P/B too high', 'too much leverage']",
IBE.MC,deep_value,Deep Value,False,0.0,[],"['P/B not below 1.0', 'EV/EBITDA not below 8']",
IBE.MC,earnings_yield,Earnings Yield,False,0.3228,['E/P=3.9% (P/E=25.8)'],['earnings yield 3.9% below 8%'],
IBE.MC,fcf_yield,FCF Yield,False,0.1859,['FCF yield=1.9%'],['FCF yield 1.9% below 5%'],
IBE.MC,low_pe_high_yield,Low P/E + High Yield,False,0.5,['yield=329.0%'],['P/E not below 12.0'],
IBE.MC,lynch_peg,Lynch PEG,True,0.6221,"['PEG=0.38', 'growth=68.3%']",[],
IBE.MC,neff_pegy,Neff PEGY,True,0.935,"['PEGY=0.06', 'growth=68.3%', 'yield=329.0%']",[],
IBE.MC,quality_value,Quality Value,False,0.2,['Profit margin >= 5%: margin=15.9%'],"['ROE below 12%', 'high leverage', 'P/E >= 20', 'FCF yield below 3%']",
IBE.MC,buffett_quality,Buffett Quality,False,0.25,['margin >= 8%: margin=15.9%'],"['ROE too low', 'too much debt', 'P/E too high']",
IBE.MC,economic_moat,Economic Moat,False,0.25,['wide margin=15.9%'],"['ROE below 18%', 'ROA below 8%', 'leverage too high']",
IBE.MC,high_dividend,High Dividend Yield,False,0.5,"['yield=329.0%', 'universe rank 50%']",['not in top quartile for yield'],
IBE.MC,dividend_growth,Dividend Growth,True,0.6667,"['dividend payer: yield=329.0%', 'earnings growth: growth=68.3%']",['P/E out of range'],
IBE.MC,magic_formula,Magic Formula,False,0.3971,['earnings yield rank 51%'],['below top half on combined Magic Formula rank'],
IBE.MC,acquirers_multiple,Acquirer's Multiple,False,0.5366,"['EV/EBIT=19.0', 'universe rank 54%']","['EV/EBIT 19.0 above 12.0', 'not in top 40% cheapest on EV/EBIT']",
IBE.MC,dreman_contrarian,Dreman Contrarian,False,0.4356,['dividend rank 50%'],"['P/E not in bottom quartile', 'P/B not cheap vs universe']",
IBE.MC,piotroski_f,Piotroski F-Score,True,0.8889,"['F-Score=8/9', 'positive net income', 'positive operating cash flow', 'ROA improving', 'OCF > net income', 'leverage declining', 'current ratio improving', 'gross margin improving', 'asset turnover improving']",['no share dilution'],"{'f_score': 8, 'max_score': 9, 'components': [{'name': 'positive net income', 'passed': True}, {'name': 'positive operating cash flow', 'passed': True}, {'name': 'ROA improving', 'passed': True}, {'name': 'OCF > net income', 'passed': True}, {'name': 'leverage declining', 'passed': True}, {'name': 'current ratio improving', 'passed': True}, {'name': 'no share dilution', 'passed': False}, {'name': 'gross margin improving', 'passed': True}, {'name': 'asset turnover improving', 'passed': True}]}"
IBE.MC,composite_value,Composite Value,False,0.4153,[],[],
IBE.MC,earnings_quality,Earnings Quality,False,0.6667,"['OCF/NI=1.85', 'ratio=-3.33%']",['weak free-cash conversion'],
IBE.MC,financial_health,Financial Health,False,0.6,"['leverage=35.6%', 'ratio=3.8', 'coverage=4.9x']","['high debt to equity', 'weak liquidity']",
ITX.MC,graham_defensive,Graham Defensive,False,0.25,['Dividend payer: yield=115.00%'],"['P/E >= 15', 'valuation too rich on P/B or P/E×P/B', 'current ratio < 2']",
ITX.MC,graham_enterprising,Graham Enterprising,False,0.6,"['Debt/equity < 100%: D/E=32%', 'ROE > 8%: ROE=34.0%', 'Positive earnings growth: growth=5.3%']","['P/E >= 25', 'P/B >= 3']",
ITX.MC,graham_net_net,Graham Net-Net,False,0.0,[],['missing NCAV (balance sheet data)'],
ITX.MC,schloss,Schloss Low P/B,False,0.5,['D/E < 50.0%: D/E=32%'],['P/B too high'],
ITX.MC,deep_value,Deep Value,False,0.0,[],"['P/B not below 1.0', 'EV/EBITDA not below 8']",
ITX.MC,earnings_yield,Earnings Yield,False,0.2968,['E/P=3.6% (P/E=28.1)'],['earnings yield 3.6% below 8%'],
ITX.MC,fcf_yield,FCF Yield,False,1.0,['FCF yield=nan%'],['FCF yield nan% below 5%'],
ITX.MC,low_pe_high_yield,Low P/E + High Yield,False,0.5,['yield=115.0%'],['P/E not below 12.0'],
ITX.MC,lynch_peg,Lynch PEG,False,0.0,"['PEG=5.30', 'growth=5.3%']",['PEG 5.30 >= 1.0'],
ITX.MC,neff_pegy,Neff PEGY,True,0.7666,"['PEGY=0.23', 'growth=5.3%', 'yield=115.0%']",[],
ITX.MC,quality_value,Quality Value,False,0.6,"['ROE >= 12%: ROE=34.0%', 'Profit margin >= 5%: margin=15.6%', 'Debt/equity < 80%: D/E=32%']","['P/E >= 20', 'FCF yield below 3%']",
ITX.MC,buffett_quality,Buffett Quality,False,0.75,"['ROE >= 15%: ROE=34.0%', 'D/E < 60.0%: D/E=32%', 'margin >= 8%: margin=15.6%']",['P/E too high'],
ITX.MC,economic_moat,Economic Moat,True,1.0,"['high ROE=34.0%', 'solid ROA=17.5%', 'wide margin=15.6%', 'low leverage D/E=32%']",[],
ITX.MC,high_dividend,High Dividend Yield,False,0.1667,"['yield=115.0%', 'universe rank 17%']",['not in top quartile for yield'],
ITX.MC,dividend_growth,Dividend Growth,True,0.6667,"['dividend payer: yield=115.0%', 'earnings growth: growth=5.3%']",['P/E out of range'],
ITX.MC,magic_formula,Magic Formula,True,0.7054,['ROIC rank 92%'],[],
ITX.MC,acquirers_multiple,Acquirer's Multiple,False,0.5122,"['EV/EBIT=21.2', 'universe rank 51%']","['EV/EBIT 21.2 above 12.0', 'not in top 40% cheapest on EV/EBIT']",
ITX.MC,dreman_contrarian,Dreman Contrarian,False,0.1975,[],"['P/E not in bottom quartile', 'P/B not cheap vs universe', 'dividend yield below median']",
ITX.MC,piotroski_f,Piotroski F-Score,True,0.7778,"['F-Score=7/9', 'positive net income', 'positive operating cash flow', 'ROA improving', 'OCF > net income', 'no share dilution', 'gross margin improving', 'asset turnover improving']","['leverage declining', 'current ratio improving']","{'f_score': 7, 'max_score': 9, 'components': [{'name': 'positive net income', 'passed': True}, {'name': 'positive operating cash flow', 'passed': True}, {'name': 'ROA improving', 'passed': True}, {'name': 'OCF > net income', 'passed': True}, {'name': 'leverage declining', 'passed': False}, {'name': 'current ratio improving', 'passed': False}, {'name': 'no share dilution', 'passed': True}, {'name': 'gross margin improving', 'passed': True}, {'name': 'asset turnover improving', 'passed': True}]}"
ITX.MC,composite_value,Composite Value,False,0.2986,[],['missing fcf_yield'],
ITX.MC,earnings_quality,Earnings Quality,False,0.6667,"['OCF/NI=1.48', 'ratio=-8.45%']",['weak free-cash conversion'],
ITX.MC,financial_health,Financial Health,True,1.0,"['D/E=32%', 'leverage=17.1%', 'CR=1.54', 'ratio=-0.5', 'coverage=21.8x']",[],
IFX.DE,graham_defensive,Graham Defensive,False,0.25,['Dividend payer: yield=57.00%'],"['P/E >= 15', 'valuation too rich on P/B or P/E×P/B', 'current ratio < 2']",
IFX.DE,graham_enterprising,Graham Enterprising,False,0.2,['Debt/equity < 100%: D/E=48%'],"['P/E >= 25', 'P/B >= 3', 'ROE <= 8%', 'negative earnings growth']",
IFX.DE,graham_net_net,Graham Net-Net,False,0.0,[],['missing NCAV (balance sheet data)'],
IFX.DE,schloss,Schloss Low P/B,False,0.5,['D/E < 50.0%: D/E=48%'],['P/B too high'],
IFX.DE,deep_value,Deep Value,False,0.0,[],"['P/B not below 1.0', 'EV/EBITDA not below 8']",
IFX.DE,earnings_yield,Earnings Yield,False,0.1108,['E/P=1.3% (P/E=75.2)'],['earnings yield 1.3% below 8%'],
IFX.DE,fcf_yield,FCF Yield,False,0.1692,['FCF yield=1.7%'],['FCF yield 1.7% below 5%'],
IFX.DE,low_pe_high_yield,Low P/E + High Yield,False,0.5,['yield=57.0%'],['P/E not below 12.0'],
IFX.DE,lynch_peg,Lynch PEG,False,0.0,"['PEG=nan', 'growth=nan%']",[],
IFX.DE,neff_pegy,Neff PEGY,False,0.0,"['PEGY=nan', 'growth=nan%', 'yield=57.0%']",['PEGY nan >= 1.0'],
IFX.DE,quality_value,Quality Value,False,0.4,"['Profit margin >= 5%: margin=7.2%', 'Debt/equity < 80%: D/E=48%']","['ROE below 12%', 'P/E >= 20', 'FCF yield below 3%']",
IFX.DE,buffett_quality,Buffett Quality,False,0.25,['D/E < 60.0%: D/E=48%'],"['ROE too low', 'thin margins', 'P/E too high']",
IFX.DE,economic_moat,Economic Moat,False,0.25,['low leverage D/E=48%'],"['ROE below 18%', 'ROA below 8%', 'margins below 12%']",
IFX.DE,high_dividend,High Dividend Yield,False,0.0625,"['yield=57.0%', 'universe rank 6%']",['not in top quartile for yield'],
IFX.DE,dividend_growth,Dividend Growth,False,0.3333,['dividend payer: yield=57.0%'],"['earnings not growing', 'P/E out of range']",
IFX.DE,magic_formula,Magic Formula,False,0.177,[],['below top half on combined Magic Formula rank'],
IFX.DE,acquirers_multiple,Acquirer's Multiple,False,0.122,"['EV/EBIT=44.4', 'universe rank 12%']","['EV/EBIT 44.4 above 12.0', 'not in top 40% cheapest on EV/EBIT']",
IFX.DE,dreman_contrarian,Dreman Contrarian,False,0.121,[],"['P/E not in bottom quartile', 'P/B not cheap vs universe', 'dividend yield below median']",
IFX.DE,piotroski_f,Piotroski F-Score,False,0.4444,"['F-Score=4/9', 'positive net income', 'positive operating cash flow', 'OCF > net income', 'no share dilution']","['F-Score 4/9 below 7', 'ROA improving', 'leverage declining', 'current ratio improving', 'gross margin improving', 'asset turnover improving']","{'f_score': 4, 'max_score': 9, 'components': [{'name': 'positive net income', 'passed': True}, {'name': 'positive operating cash flow', 'passed': True}, {'name': 'ROA improving', 'passed': False}, {'name': 'OCF > net income', 'passed': True}, {'name': 'leverage declining', 'passed': False}, {'name': 'current ratio improving', 'passed': False}, {'name': 'no share dilution', 'passed': True}, {'name': 'gross margin improving', 'passed': False}, {'name': 'asset turnover improving', 'passed': False}]}"
IFX.DE,composite_value,Composite Value,False,0.4042,['top-tier on price_to_book (percentile 75%)'],[],
IFX.DE,earnings_quality,Earnings Quality,True,1.0,"['FCF/NI=1.34', 'OCF/NI=3.17', 'ratio=-7.23%']",[],
IFX.DE,financial_health,Financial Health,True,1.0,"['D/E=48%', 'leverage=23.7%', 'CR=1.70', 'ratio=1.5', 'coverage=8.8x']",[],
INGA.AS,graham_defensive,Graham Defensive,False,0.5,"['P/E < 15: P/E=13.2', 'Dividend payer: yield=373.00%']","['valuation too rich on P/B or P/E×P/B', 'current ratio < 2']",
INGA.AS,graham_enterprising,Graham Enterprising,True,0.8,"['P/E < 25: P/E=13.2', 'P/B < 3: P/B=1.72', 'ROE > 8%: ROE=17.1%', 'Positive earnings growth: growth=22.1%']",['excessive leverage'],
INGA.AS,graham_net_net,Graham Net-Net,False,0.0,[],['missing NCAV (balance sheet data)'],
INGA.AS,schloss,Schloss Low P/B,False,0.0,[],"['P/B too high', 'too much leverage']",
INGA.AS,deep_value,Deep Value,False,0.0,[],"['P/B not below 1.0', 'EV/EBITDA not below 8']",
INGA.AS,earnings_yield,Earnings Yield,False,0.6324,['E/P=7.6% (P/E=13.2)'],['earnings yield 7.6% below 8%'],
INGA.AS,fcf_yield,FCF Yield,False,1.0,['FCF yield=nan%'],['FCF yield nan% below 5%'],
INGA.AS,low_pe_high_yield,Low P/E + High Yield,False,0.5,['yield=373.0%'],['P/E not below 12.0'],
INGA.AS,lynch_peg,Lynch PEG,True,0.4037,"['PEG=0.60', 'growth=22.1%']",[],
INGA.AS,neff_pegy,Neff PEGY,True,0.9666,"['PEGY=0.03', 'growth=22.1%', 'yield=373.0%']",[],
INGA.AS,quality_value,Quality Value,False,0.6,"['ROE >= 12%: ROE=17.1%', 'Profit margin >= 5%: margin=34.5%', 'P/E < 20: P/E=13.2']","['high leverage', 'FCF yield below 3%']",
INGA.AS,buffett_quality,Buffett Quality,True,0.75,"['ROE >= 15%: ROE=17.1%', 'margin >= 8%: margin=34.5%', 'P/E < 25.0: P/E=13.2']",['too much debt'],
INGA.AS,economic_moat,Economic Moat,False,0.25,['wide margin=34.5%'],"['ROE below 18%', 'ROA below 8%', 'leverage too high']",
INGA.AS,high_dividend,High Dividend Yield,False,0.5833,"['yield=373.0%', 'universe rank 58%']",['not in top quartile for yield'],
INGA.AS,dividend_growth,Dividend Growth,True,1.0,"['dividend payer: yield=373.0%', 'earnings growth: growth=22.1%', 'reasonable P/E: P/E=13.2']",[],
INGA.AS,magic_formula,Magic Formula,False,0.0,[],['missing EBIT/EV or ROIC inputs'],
INGA.AS,acquirers_multiple,Acquirer's Multiple,False,0.0,[],['could not rank EV/EBIT'],
INGA.AS,dreman_contrarian,Dreman Contrarian,True,0.6792,"['low P/B rank 74%', 'dividend rank 58%']",['P/E not in bottom quartile'],
INGA.AS,piotroski_f,Piotroski F-Score,False,0.2222,"['F-Score=2/9', 'positive net income', 'no share dilution']","['F-Score 2/9 below 7', 'positive operating cash flow', 'ROA improving', 'OCF > net income', 'leverage declining', 'current ratio improving', 'gross margin improving', 'asset turnover improving']","{'f_score': 2, 'max_score': 9, 'components': [{'name': 'positive net income', 'passed': True}, {'name': 'positive operating cash flow', 'passed': False}, {'name': 'ROA improving', 'passed': False}, {'name': 'OCF > net income', 'passed': False}, {'name': 'leverage declining', 'passed': False}, {'name': 'current ratio improving', 'passed': False}, {'name': 'no share dilution', 'passed': True}, {'name': 'gross margin improving', 'passed': False}, {'name': 'asset turnover improving', 'passed': False}]}"
INGA.AS,composite_value,Composite Value,False,0.4103,[],"['missing fcf_yield', 'missing ev_ebitda']",
INGA.AS,earnings_quality,Earnings Quality,False,0.3333,['ratio=1.21%'],"['weak free-cash conversion', 'operating cash below earnings']",
INGA.AS,financial_health,Financial Health,False,0.4,"['leverage=17.0%', 'insufficient data — skipped']","['high debt to equity', 'weak liquidity', 'weak interest coverage']",
ISP.MI,graham_defensive,Graham Defensive,False,0.75,"['P/E < 15: P/E=11.7', 'P/B < 1.5 or P/E×P/B < 22.5: P/B=1.65', 'Dividend payer: yield=581.00%']",['current ratio < 2'],
ISP.MI,graham_enterprising,Graham Enterprising,True,0.8,"['P/E < 25: P/E=11.7', 'P/B < 3: P/B=1.65', 'ROE > 8%: ROE=14.3%', 'Positive earnings growth: growth=10.3%']",['excessive leverage'],
ISP.MI,graham_net_net,Graham Net-Net,False,0.0,[],['missing NCAV (balance sheet data)'],
ISP.MI,schloss,Schloss Low P/B,False,0.0,[],"['P/B too high', 'too much leverage']",
ISP.MI,deep_value,Deep Value,False,0.0,[],"['P/B not below 1.0', 'EV/EBITDA not below 8']",
ISP.MI,earnings_yield,Earnings Yield,True,0.7137,['E/P=8.6% (P/E=11.7)'],[],
ISP.MI,fcf_yield,FCF Yield,False,1.0,['FCF yield=nan%'],['FCF yield nan% below 5%'],
ISP.MI,low_pe_high_yield,Low P/E + High Yield,True,1.0,"['P/E=11.7', 'yield=581.0%']",[],
ISP.MI,lynch_peg,Lynch PEG,False,0.0,"['PEG=1.13', 'growth=10.3%']",['PEG 1.13 >= 1.0'],
ISP.MI,neff_pegy,Neff PEGY,True,0.9803,"['PEGY=0.02', 'growth=10.3%', 'yield=581.0%']",[],
ISP.MI,quality_value,Quality Value,False,0.6,"['ROE >= 12%: ROE=14.3%', 'Profit margin >= 5%: margin=37.0%', 'P/E < 20: P/E=11.7']","['high leverage', 'FCF yield below 3%']",
ISP.MI,buffett_quality,Buffett Quality,False,0.5,"['margin >= 8%: margin=37.0%', 'P/E < 25.0: P/E=11.7']","['ROE too low', 'too much debt']",
ISP.MI,economic_moat,Economic Moat,False,0.25,['wide margin=37.0%'],"['ROE below 18%', 'ROA below 8%', 'leverage too high']",
ISP.MI,high_dividend,High Dividend Yield,True,0.875,"['yield=581.0%', 'universe rank 88%']",[],
ISP.MI,dividend_growth,Dividend Growth,True,1.0,"['dividend payer: yield=581.0%', 'earnings growth: growth=10.3%', 'reasonable P/E: P/E=11.7']",[],
ISP.MI,magic_formula,Magic Formula,False,0.0,[],['missing EBIT/EV or ROIC inputs'],
ISP.MI,acquirers_multiple,Acquirer's Multiple,False,0.0,[],['could not rank EV/EBIT'],
ISP.MI,dreman_contrarian,Dreman Contrarian,True,0.8238,"['low P/E rank 82%', 'low P/B rank 78%', 'dividend rank 88%']",[],
ISP.MI,piotroski_f,Piotroski F-Score,False,0.6667,"['F-Score=6/9', 'positive net income', 'positive operating cash flow', 'ROA improving', 'leverage declining', 'no share dilution', 'asset turnover improving']","['F-Score 6/9 below 7', 'OCF > net income', 'current ratio improving', 'gross margin improving']","{'f_score': 6, 'max_score': 9, 'components': [{'name': 'positive net income', 'passed': True}, {'name': 'positive operating cash flow', 'passed': True}, {'name': 'ROA improving', 'passed': True}, {'name': 'OCF > net income', 'passed': False}, {'name': 'leverage declining', 'passed': True}, {'name': 'current ratio improving', 'passed': False}, {'name': 'no share dilution', 'passed': True}, {'name': 'gross margin improving', 'passed': False}, {'name': 'asset turnover improving', 'passed': True}]}"
ISP.MI,composite_value,Composite Value,True,0.7179,"['top-tier on price_to_book (percentile 75%)', 'top-tier on dividend_yield (percentile 75%)']","['missing fcf_yield', 'missing ev_ebitda']",
ISP.MI,earnings_quality,Earnings Quality,False,0.6667,"['OCF/NI=0.88', 'ratio=0.11%']",['weak free-cash conversion'],
ISP.MI,financial_health,Financial Health,False,0.4,"['leverage=14.5%', 'insufficient data — skipped']","['high debt to equity', 'weak liquidity', 'weak interest coverage']",
OR.PA,graham_defensive,Graham Defensive,False,0.25,['Dividend payer: yield=186.00%'],"['P/E >= 15', 'valuation too rich on P/B or P/E×P/B', 'current ratio < 2']",
OR.PA,graham_enterprising,Graham Enterprising,False,0.6,"['Debt/equity < 100%: D/E=49%', 'ROE > 8%: ROE=19.4%', 'Positive earnings growth: growth=5.4%']","['P/E >= 25', 'P/B >= 3']",
OR.PA,graham_net_net,Graham Net-Net,False,0.0,[],['missing NCAV (balance sheet data)'],
OR.PA,schloss,Schloss Low P/B,False,0.5,['D/E < 50.0%: D/E=49%'],['P/B too high'],
OR.PA,deep_value,Deep Value,False,0.0,[],"['P/B not below 1.0', 'EV/EBITDA not below 8']",
OR.PA,earnings_yield,Earnings Yield,False,0.2466,['E/P=3.0% (P/E=33.8)'],['earnings yield 3.0% below 8%'],
OR.PA,fcf_yield,FCF Yield,False,0.3113,['FCF yield=3.1%'],['FCF yield 3.1% below 5%'],
OR.PA,low_pe_high_yield,Low P/E + High Yield,False,0.5,['yield=186.0%'],['P/E not below 12.0'],
OR.PA,lynch_peg,Lynch PEG,False,0.0,"['PEG=6.26', 'growth=5.4%']",['PEG 6.26 >= 1.0'],
OR.PA,neff_pegy,Neff PEGY,True,0.8234,"['PEGY=0.18', 'growth=5.4%', 'yield=186.0%']",[],
OR.PA,quality_value,Quality Value,True,0.8,"['ROE >= 12%: ROE=19.4%', 'Profit margin >= 5%: margin=13.9%', 'Debt/equity < 80%: D/E=49%', 'FCF yield >= 3%: FCF yield=3.1%']",['P/E >= 20'],
OR.PA,buffett_quality,Buffett Quality,False,0.75,"['ROE >= 15%: ROE=19.4%', 'D/E < 60.0%: D/E=49%', 'margin >= 8%: margin=13.9%']",['P/E too high'],
OR.PA,economic_moat,Economic Moat,True,1.0,"['high ROE=19.4%', 'solid ROA=9.9%', 'wide margin=13.9%', 'low leverage D/E=49%']",[],
OR.PA,high_dividend,High Dividend Yield,False,0.3333,"['yield=186.0%', 'universe rank 33%']",['not in top quartile for yield'],
OR.PA,dividend_growth,Dividend Growth,True,0.6667,"['dividend payer: yield=186.0%', 'earnings growth: growth=5.4%']",['P/E out of range'],
OR.PA,magic_formula,Magic Formula,True,0.5675,['ROIC rank 77%'],[],
OR.PA,acquirers_multiple,Acquirer's Multiple,False,0.3902,"['EV/EBIT=24.6', 'universe rank 39%']","['EV/EBIT 24.6 above 12.0', 'not in top 40% cheapest on EV/EBIT']",
OR.PA,dreman_contrarian,Dreman Contrarian,False,0.2523,[],"['P/E not in bottom quartile', 'P/B not cheap vs universe', 'dividend yield below median']",
OR.PA,piotroski_f,Piotroski F-Score,False,0.6667,"['F-Score=6/9', 'positive net income', 'positive operating cash flow', 'OCF > net income', 'current ratio improving', 'no share dilution', 'gross margin improving']","['F-Score 6/9 below 7', 'ROA improving', 'leverage declining', 'asset turnover improving']","{'f_score': 6, 'max_score': 9, 'components': [{'name': 'positive net income', 'passed': True}, {'name': 'positive operating cash flow', 'passed': True}, {'name': 'ROA improving', 'passed': False}, {'name': 'OCF > net income', 'passed': True}, {'name': 'leverage declining', 'passed': False}, {'name': 'current ratio improving', 'passed': True}, {'name': 'no share dilution', 'passed': True}, {'name': 'gross margin improving', 'passed': True}, {'name': 'asset turnover improving', 'passed': False}]}"
OR.PA,composite_value,Composite Value,False,0.2,[],[],
OR.PA,earnings_quality,Earnings Quality,True,1.0,"['FCF/NI=1.05', 'OCF/NI=1.41', 'ratio=-4.09%']",[],
OR.PA,financial_health,Financial Health,True,1.0,"['D/E=49%', 'leverage=19.3%', 'CR=1.44', 'ratio=1.2', 'coverage=23.7x']",[],
MC.PA,graham_defensive,Graham Defensive,False,0.25,['Dividend payer: yield=274.00%'],"['P/E >= 15', 'valuation too rich on P/B or P/E×P/B', 'current ratio < 2']",
MC.PA,graham_enterprising,Graham Enterprising,False,0.8,"['P/E < 25: P/E=21.6', 'Debt/equity < 100%: D/E=53%', 'ROE > 8%: ROE=16.6%', 'Positive earnings growth: growth=0.8%']",['P/B >= 3'],
MC.PA,graham_net_net,Graham Net-Net,False,0.0,[],['missing NCAV (balance sheet data)'],
MC.PA,schloss,Schloss Low P/B,False,0.0,[],"['P/B too high', 'too much leverage']",
MC.PA,deep_value,Deep Value,False,0.0,[],"['P/B not below 1.0', 'EV/EBITDA not below 8']",
MC.PA,earnings_yield,Earnings Yield,False,0.385,['E/P=4.6% (P/E=21.6)'],['earnings yield 4.6% below 8%'],
MC.PA,fcf_yield,FCF Yield,False,0.4924,['FCF yield=4.9%'],['FCF yield 4.9% below 5%'],
MC.PA,low_pe_high_yield,Low P/E + High Yield,False,0.5,['yield=274.0%'],['P/E not below 12.0'],
MC.PA,lynch_peg,Lynch PEG,False,0.0,"['PEG=27.06', 'growth=0.8%']","['growth 0.8% below 5% floor', 'PEG 27.06 >= 1.0']",
MC.PA,neff_pegy,Neff PEGY,True,0.9212,"['PEGY=0.08', 'growth=0.8%', 'yield=274.0%']",[],
MC.PA,quality_value,Quality Value,True,0.8,"['ROE >= 12%: ROE=16.6%', 'Profit margin >= 5%: margin=13.7%', 'Debt/equity < 80%: D/E=53%', 'FCF yield >= 3%: FCF yield=4.9%']",['P/E >= 20'],
MC.PA,buffett_quality,Buffett Quality,True,1.0,"['ROE >= 15%: ROE=16.6%', 'D/E < 60.0%: D/E=53%', 'margin >= 8%: margin=13.7%', 'P/E < 25.0: P/E=21.6']",[],
MC.PA,economic_moat,Economic Moat,False,0.25,['wide margin=13.7%'],"['ROE below 18%', 'ROA below 8%', 'leverage too high']",
MC.PA,high_dividend,High Dividend Yield,False,0.4375,"['yield=274.0%', 'universe rank 44%']",['not in top quartile for yield'],
MC.PA,dividend_growth,Dividend Growth,True,0.6667,"['dividend payer: yield=274.0%', 'reasonable P/E: P/E=21.6']",['earnings not growing'],
MC.PA,magic_formula,Magic Formula,True,0.6748,"['earnings yield rank 68%', 'ROIC rank 67%']",[],
MC.PA,acquirers_multiple,Acquirer's Multiple,False,0.7073,"['EV/EBIT=14.8', 'universe rank 71%']",['EV/EBIT 14.8 above 12.0'],
MC.PA,dreman_contrarian,Dreman Contrarian,False,0.4356,[],"['P/E not in bottom quartile', 'P/B not cheap vs universe', 'dividend yield below median']",
MC.PA,piotroski_f,Piotroski F-Score,True,0.7778,"['F-Score=7/9', 'positive net income', 'positive operating cash flow', 'OCF > net income', 'leverage declining', 'current ratio improving', 'no share dilution', 'asset turnover improving']","['ROA improving', 'gross margin improving']","{'f_score': 7, 'max_score': 9, 'components': [{'name': 'positive net income', 'passed': True}, {'name': 'positive operating cash flow', 'passed': True}, {'name': 'ROA improving', 'passed': False}, {'name': 'OCF > net income', 'passed': True}, {'name': 'leverage declining', 'passed': True}, {'name': 'current ratio improving', 'passed': True}, {'name': 'no share dilution', 'passed': True}, {'name': 'gross margin improving', 'passed': False}, {'name': 'asset turnover improving', 'passed': True}]}"
MC.PA,composite_value,Composite Value,False,0.5833,['top-tier on fcf_yield (percentile 75%)'],[],
MC.PA,earnings_quality,Earnings Quality,True,1.0,"['FCF/NI=1.06', 'OCF/NI=1.74', 'ratio=-5.63%']",[],
MC.PA,financial_health,Financial Health,True,1.0,"['D/E=53%', 'leverage=25.9%', 'CR=1.58', 'ratio=1.2', 'coverage=15.4x']",[],
MBG.DE,graham_defensive,Graham Defensive,False,0.75,"['P/E < 15: P/E=8.9', 'P/B < 1.5 or P/E×P/B < 22.5: P/B=0.47', 'Dividend payer: yield=749.00%']",['current ratio < 2'],
MBG.DE,graham_enterprising,Graham Enterprising,False,0.6,"['P/E < 25: P/E=8.9', 'P/B < 3: P/B=0.47', 'Positive earnings growth: growth=20.0%']","['excessive leverage', 'ROE <= 8%']",
MBG.DE,graham_net_net,Graham Net-Net,False,0.0,[],['missing NCAV (balance sheet data)'],
MBG.DE,schloss,Schloss Low P/B,False,0.5,['P/B < 1.2: P/B=0.47'],['too much leverage'],
MBG.DE,deep_value,Deep Value,False,0.5,['P/B=0.47'],['EV/EBITDA not below 8'],
MBG.DE,earnings_yield,Earnings Yield,True,0.9416,['E/P=11.3% (P/E=8.9)'],[],
MBG.DE,fcf_yield,FCF Yield,False,0.0,['FCF yield=-8.7%'],['FCF yield -8.7% below 5%'],
MBG.DE,low_pe_high_yield,Low P/E + High Yield,True,1.0,"['P/E=8.9', 'yield=749.0%']",[],
MBG.DE,lynch_peg,Lynch PEG,True,0.5575,"['PEG=0.44', 'growth=20.0%']",[],
MBG.DE,neff_pegy,Neff PEGY,True,0.9885,"['PEGY=0.01', 'growth=20.0%', 'yield=749.0%']",[],
MBG.DE,quality_value,Quality Value,False,0.2,['P/E < 20: P/E=8.9'],"['ROE below 12%', 'thin margins', 'high leverage', 'FCF yield below 3%']",
MBG.DE,buffett_quality,Buffett Quality,False,0.25,['P/E < 25.0: P/E=8.9'],"['ROE too low', 'too much debt', 'thin margins']",
MBG.DE,economic_moat,Economic Moat,False,0.0,[],"['ROE below 18%', 'ROA below 8%', 'margins below 12%', 'leverage too high']",
MBG.DE,high_dividend,High Dividend Yield,True,0.9583,"['yield=749.0%', 'universe rank 96%']",[],
MBG.DE,dividend_growth,Dividend Growth,True,1.0,"['dividend payer: yield=749.0%', 'earnings growth: growth=20.0%', 'reasonable P/E: P/E=8.9']",[],
MBG.DE,magic_formula,Magic Formula,False,0.1598,[],['below top half on combined Magic Formula rank'],
MBG.DE,acquirers_multiple,Acquirer's Multiple,False,0.2927,"['EV/EBIT=26.7', 'universe rank 29%']","['EV/EBIT 26.7 above 12.0', 'not in top 40% cheapest on EV/EBIT']",
MBG.DE,dreman_contrarian,Dreman Contrarian,True,0.9524,"['low P/E rank 94%', 'low P/B rank 96%', 'dividend rank 96%']",[],
MBG.DE,piotroski_f,Piotroski F-Score,False,0.6667,"['F-Score=6/9', 'positive net income', 'positive operating cash flow', 'OCF > net income', 'leverage declining', 'current ratio improving', 'no share dilution']","['F-Score 6/9 below 7', 'ROA improving', 'gross margin improving', 'asset turnover improving']","{'f_score': 6, 'max_score': 9, 'components': [{'name': 'positive net income', 'passed': True}, {'name': 'positive operating cash flow', 'passed': True}, {'name': 'ROA improving', 'passed': False}, {'name': 'OCF > net income', 'passed': True}, {'name': 'leverage declining', 'passed': True}, {'name': 'current ratio improving', 'passed': True}, {'name': 'no share dilution', 'passed': True}, {'name': 'gross margin improving', 'passed': False}, {'name': 'asset turnover improving', 'passed': False}]}"
MBG.DE,composite_value,Composite Value,False,0.6333,"['top-tier on price_to_book (percentile 78%)', 'top-tier on dividend_yield (percentile 89%)', 'top-tier on ev_ebitda (percentile 89%)']",[],
MBG.DE,earnings_quality,Earnings Quality,False,0.6667,"['OCF/NI=3.50', 'ratio=-5.04%']",['weak free-cash conversion'],
MBG.DE,financial_health,Financial Health,False,0.6,"['leverage=32.2%', 'CR=1.38', 'coverage=12.2x']","['high debt to equity', 'high net debt/EBITDA']",
MUV2.DE,graham_defensive,Graham Defensive,False,0.75,"['P/E < 15: P/E=10.0', 'P/B < 1.5 or P/E×P/B < 22.5: P/B=1.93', 'Dividend payer: yield=460.00%']",['current ratio < 2'],
MUV2.DE,graham_enterprising,Graham Enterprising,True,1.0,"['P/E < 25: P/E=10.0', 'P/B < 3: P/B=1.93', 'Debt/equity < 100%: D/E=22%', 'ROE > 8%: ROE=19.8%', 'Positive earnings growth: growth=60.8%']",[],
MUV2.DE,graham_net_net,Graham Net-Net,False,0.0,[],['missing NCAV (balance sheet data)'],
MUV2.DE,schloss,Schloss Low P/B,False,0.5,['D/E < 50.0%: D/E=22%'],['P/B too high'],
MUV2.DE,deep_value,Deep Value,False,0.0,[],"['P/B not below 1.0', 'EV/EBITDA not below 8']",
MUV2.DE,earnings_yield,Earnings Yield,True,0.8333,['E/P=10.0% (P/E=10.0)'],[],
MUV2.DE,fcf_yield,FCF Yield,False,1.0,['FCF yield=nan%'],['FCF yield nan% below 5%'],
MUV2.DE,low_pe_high_yield,Low P/E + High Yield,True,1.0,"['P/E=10.0', 'yield=460.0%']",[],
MUV2.DE,lynch_peg,Lynch PEG,True,0.8355,"['PEG=0.16', 'growth=60.8%']",[],
MUV2.DE,neff_pegy,Neff PEGY,True,0.9808,"['PEGY=0.02', 'growth=60.8%', 'yield=460.0%']",[],
MUV2.DE,quality_value,Quality Value,True,0.8,"['ROE >= 12%: ROE=19.8%', 'Profit margin >= 5%: margin=11.0%', 'Debt/equity < 80%: D/E=22%', 'P/E < 20: P/E=10.0']",['FCF yield below 3%'],
MUV2.DE,buffett_quality,Buffett Quality,True,1.0,"['ROE >= 15%: ROE=19.8%', 'D/E < 60.0%: D/E=22%', 'margin >= 8%: margin=11.0%', 'P/E < 25.0: P/E=10.0']",[],
MUV2.DE,economic_moat,Economic Moat,False,0.5,"['high ROE=19.8%', 'low leverage D/E=22%']","['ROA below 8%', 'margins below 12%']",
MUV2.DE,high_dividend,High Dividend Yield,True,0.7708,"['yield=460.0%', 'universe rank 77%']",[],
MUV2.DE,dividend_growth,Dividend Growth,True,1.0,"['dividend payer: yield=460.0%', 'earnings growth: growth=60.8%', 'reasonable P/E: P/E=10.0']",[],
MUV2.DE,magic_formula,Magic Formula,False,0.0,[],['missing EBIT/EV or ROIC inputs'],
MUV2.DE,acquirers_multiple,Acquirer's Multiple,True,1.0,"['EV/EBIT=7.6', 'universe rank 100%']",[],
MUV2.DE,dreman_contrarian,Dreman Contrarian,True,0.7561,"['low P/E rank 88%', 'low P/B rank 62%', 'dividend rank 77%']",[],
MUV2.DE,piotroski_f,Piotroski F-Score,False,0.4444,"['F-Score=4/9', 'positive net income', 'positive operating cash flow', 'ROA improving', 'no share dilution']","['F-Score 4/9 below 7', 'OCF > net income', 'leverage declining', 'current ratio improving', 'gross margin improving', 'asset turnover improving']","{'f_score': 4, 'max_score': 9, 'components': [{'name': 'positive net income', 'passed': True}, {'name': 'positive operating cash flow', 'passed': True}, {'name': 'ROA improving', 'passed': True}, {'name': 'OCF > net income', 'passed': False}, {'name': 'leverage declining', 'passed': False}, {'name': 'current ratio improving', 'passed': False}, {'name': 'no share dilution', 'passed': True}, {'name': 'gross margin improving', 'passed': False}, {'name': 'asset turnover improving', 'passed': False}]}"
MUV2.DE,composite_value,Composite Value,False,0.6282,['top-tier on trailing_pe (percentile 83%)'],"['missing fcf_yield', 'missing ev_ebitda']",
MUV2.DE,earnings_quality,Earnings Quality,False,0.6667,"['OCF/NI=0.80', 'ratio=0.43%']",['weak free-cash conversion'],
MUV2.DE,financial_health,Financial Health,False,0.8,"['D/E=22%', 'leverage=2.7%', 'insufficient data — skipped', 'coverage=24.4x']",['weak liquidity'],
NDA-FI.HE,graham_defensive,Graham Defensive,False,0.5,"['P/E < 15: P/E=12.8', 'Dividend payer: yield=743.00%']","['valuation too rich on P/B or P/E×P/B', 'current ratio < 2']",
NDA-FI.HE,graham_enterprising,Graham Enterprising,True,0.8,"['P/E < 25: P/E=12.8', 'P/B < 3: P/B=1.91', 'ROE > 8%: ROE=15.3%', 'Positive earnings growth: growth=2.9%']",['excessive leverage'],
NDA-FI.HE,graham_net_net,Graham Net-Net,False,0.0,[],['missing NCAV (balance sheet data)'],
NDA-FI.HE,schloss,Schloss Low P/B,False,0.0,[],"['P/B too high', 'too much leverage']",
NDA-FI.HE,deep_value,Deep Value,False,0.0,[],"['P/B not below 1.0', 'EV/EBITDA not below 8']",
NDA-FI.HE,earnings_yield,Earnings Yield,False,0.6524,['E/P=7.8% (P/E=12.8)'],['earnings yield 7.8% below 8%'],
NDA-FI.HE,fcf_yield,FCF Yield,False,1.0,['FCF yield=nan%'],['FCF yield nan% below 5%'],
NDA-FI.HE,low_pe_high_yield,Low P/E + High Yield,False,0.5,['yield=743.0%'],['P/E not below 12.0'],
NDA-FI.HE,lynch_peg,Lynch PEG,False,0.0,"['PEG=4.40', 'growth=2.9%']","['growth 2.9% below 5% floor', 'PEG 4.40 >= 1.0']",
NDA-FI.HE,neff_pegy,Neff PEGY,True,0.9829,"['PEGY=0.02', 'growth=2.9%', 'yield=743.0%']",[],
NDA-FI.HE,quality_value,Quality Value,False,0.6,"['ROE >= 12%: ROE=15.3%', 'Profit margin >= 5%: margin=40.6%', 'P/E < 20: P/E=12.8']","['high leverage', 'FCF yield below 3%']",
NDA-FI.HE,buffett_quality,Buffett Quality,True,0.75,"['ROE >= 15%: ROE=15.3%', 'margin >= 8%: margin=40.6%', 'P/E < 25.0: P/E=12.8']",['too much debt'],
NDA-FI.HE,economic_moat,Economic Moat,False,0.25,['wide margin=40.6%'],"['ROE below 18%', 'ROA below 8%', 'leverage too high']",
NDA-FI.HE,high_dividend,High Dividend Yield,True,0.9375,"['yield=743.0%', 'universe rank 94%']",[],
NDA-FI.HE,dividend_growth,Dividend Growth,True,0.6667,"['dividend payer: yield=743.0%', 'reasonable P/E: P/E=12.8']",['earnings not growing'],
NDA-FI.HE,magic_formula,Magic Formula,False,0.0,[],['missing EBIT/EV or ROIC inputs'],
NDA-FI.HE,acquirers_multiple,Acquirer's Multiple,False,0.0,[],['could not rank EV/EBIT'],
NDA-FI.HE,dreman_contrarian,Dreman Contrarian,True,0.7909,"['low P/E rank 76%', 'low P/B rank 68%', 'dividend rank 94%']",[],
NDA-FI.HE,piotroski_f,Piotroski F-Score,False,0.3333,"['F-Score=3/9', 'positive net income', 'leverage declining', 'no share dilution']","['F-Score 3/9 below 7', 'positive operating cash flow', 'ROA improving', 'OCF > net income', 'current ratio improving', 'gross margin improving', 'asset turnover improving']","{'f_score': 3, 'max_score': 9, 'components': [{'name': 'positive net income', 'passed': True}, {'name': 'positive operating cash flow', 'passed': False}, {'name': 'ROA improving', 'passed': False}, {'name': 'OCF > net income', 'passed': False}, {'name': 'leverage declining', 'passed': True}, {'name': 'current ratio improving', 'passed': False}, {'name': 'no share dilution', 'passed': True}, {'name': 'gross margin improving', 'passed': False}, {'name': 'asset turnover improving', 'passed': False}]}"
NDA-FI.HE,composite_value,Composite Value,False,0.6026,['top-tier on dividend_yield (percentile 83%)'],"['missing fcf_yield', 'missing ev_ebitda']",
NDA-FI.HE,earnings_quality,Earnings Quality,False,0.3333,['ratio=1.22%'],"['weak free-cash conversion', 'operating cash below earnings']",
NDA-FI.HE,financial_health,Financial Health,False,0.4,"['leverage=31.6%', 'insufficient data — skipped']","['high debt to equity', 'weak liquidity', 'weak interest coverage']",
PRX.AS,graham_defensive,Graham Defensive,True,1.0,"['P/E < 15: P/E=8.8', 'P/B < 1.5 or P/E×P/B < 22.5: P/B=1.82', 'Current ratio >= 2: CR=2.43', 'Dividend payer: yield=70.00%']",[],
PRX.AS,graham_enterprising,Graham Enterprising,True,0.8,"['P/E < 25: P/E=8.8', 'P/B < 3: P/B=1.82', 'Debt/equity < 100%: D/E=33%', 'ROE > 8%: ROE=22.2%']",['negative earnings growth'],
PRX.AS,graham_net_net,Graham Net-Net,False,0.0,[],['missing NCAV (balance sheet data)'],
PRX.AS,schloss,Schloss Low P/B,False,0.5,['D/E < 50.0%: D/E=33%'],['P/B too high'],
PRX.AS,deep_value,Deep Value,False,0.0,[],"['P/B not below 1.0', 'EV/EBITDA not below 8']",
PRX.AS,earnings_yield,Earnings Yield,True,0.9467,['E/P=11.4% (P/E=8.8)'],[],
PRX.AS,fcf_yield,FCF Yield,False,0.0994,['FCF yield=1.0%'],['FCF yield 1.0% below 5%'],
PRX.AS,low_pe_high_yield,Low P/E + High Yield,True,1.0,"['P/E=8.8', 'yield=70.0%']",[],
PRX.AS,lynch_peg,Lynch PEG,False,0.0,"['PEG=nan', 'growth=nan%']",[],
PRX.AS,neff_pegy,Neff PEGY,False,0.0,"['PEGY=nan', 'growth=nan%', 'yield=70.0%']",['PEGY nan >= 1.0'],
PRX.AS,quality_value,Quality Value,True,0.8,"['ROE >= 12%: ROE=22.2%', 'Profit margin >= 5%: margin=119.9%', 'Debt/equity < 80%: D/E=33%', 'P/E < 20: P/E=8.8']",['FCF yield below 3%'],
PRX.AS,buffett_quality,Buffett Quality,True,1.0,"['ROE >= 15%: ROE=22.2%', 'D/E < 60.0%: D/E=33%', 'margin >= 8%: margin=119.9%', 'P/E < 25.0: P/E=8.8']",[],
PRX.AS,economic_moat,Economic Moat,True,1.0,"['high ROE=22.2%', 'solid ROA=14.7%', 'wide margin=119.9%', 'low leverage D/E=33%']",[],
PRX.AS,high_dividend,High Dividend Yield,False,0.0833,"['yield=70.0%', 'universe rank 8%']",['not in top quartile for yield'],
PRX.AS,dividend_growth,Dividend Growth,True,0.6667,"['dividend payer: yield=70.0%', 'reasonable P/E: P/E=8.8']",['earnings not growing'],
PRX.AS,magic_formula,Magic Formula,False,0.0,[],['below top half on combined Magic Formula rank'],
PRX.AS,acquirers_multiple,Acquirer's Multiple,False,0.0244,"['EV/EBIT=666.2', 'universe rank 2%']","['EV/EBIT 666.2 above 12.0', 'not in top 40% cheapest on EV/EBIT']",
PRX.AS,dreman_contrarian,Dreman Contrarian,True,0.5808,"['low P/E rank 96%', 'low P/B rank 70%']",['dividend yield below median'],
PRX.AS,piotroski_f,Piotroski F-Score,False,0.6667,"['F-Score=6/9', 'positive net income', 'positive operating cash flow', 'leverage declining', 'no share dilution', 'gross margin improving', 'asset turnover improving']","['F-Score 6/9 below 7', 'ROA improving', 'OCF > net income', 'current ratio improving']","{'f_score': 6, 'max_score': 9, 'components': [{'name': 'positive net income', 'passed': True}, {'name': 'positive operating cash flow', 'passed': True}, {'name': 'ROA improving', 'passed': False}, {'name': 'OCF > net income', 'passed': False}, {'name': 'leverage declining', 'passed': True}, {'name': 'current ratio improving', 'passed': False}, {'name': 'no share dilution', 'passed': True}, {'name': 'gross margin improving', 'passed': True}, {'name': 'asset turnover improving', 'passed': True}]}"
PRX.AS,composite_value,Composite Value,False,0.3694,['top-tier on trailing_pe (percentile 78%)'],[],
PRX.AS,earnings_quality,Earnings Quality,False,0.0,[],"['weak free-cash conversion', 'operating cash below earnings', 'high accruals vs assets']",
PRX.AS,financial_health,Financial Health,True,0.8,"['D/E=33%', 'leverage=22.3%', 'CR=2.43', 'ratio=3.1']",['weak interest coverage'],
RHM.DE,graham_defensive,Graham Defensive,False,0.25,['Dividend payer: yield=101.00%'],"['P/E >= 15', 'valuation too rich on P/B or P/E×P/B', 'current ratio < 2']",
RHM.DE,graham_enterprising,Graham Enterprising,False,0.6,"['Debt/equity < 100%: D/E=36%', 'ROE > 8%: ROE=21.8%', 'Positive earnings growth: growth=25.6%']","['P/E >= 25', 'P/B >= 3']",
RHM.DE,graham_net_net,Graham Net-Net,False,0.0,[],['missing NCAV (balance sheet data)'],
RHM.DE,schloss,Schloss Low P/B,False,0.5,['D/E < 50.0%: D/E=36%'],['P/B too high'],
RHM.DE,deep_value,Deep Value,False,0.0,[],"['P/B not below 1.0', 'EV/EBITDA not below 8']",
RHM.DE,earnings_yield,Earnings Yield,False,0.1659,['E/P=2.0% (P/E=50.2)'],['earnings yield 2.0% below 8%'],
RHM.DE,fcf_yield,FCF Yield,False,0.1556,['FCF yield=1.6%'],['FCF yield 1.6% below 5%'],
RHM.DE,low_pe_high_yield,Low P/E + High Yield,False,0.5,['yield=101.0%'],['P/E not below 12.0'],
RHM.DE,lynch_peg,Lynch PEG,False,0.0,"['PEG=1.96', 'growth=25.6%']",['PEG 1.96 >= 1.0'],
RHM.DE,neff_pegy,Neff PEGY,True,0.6031,"['PEGY=0.40', 'growth=25.6%', 'yield=101.0%']",[],
RHM.DE,quality_value,Quality Value,False,0.6,"['ROE >= 12%: ROE=21.8%', 'Profit margin >= 5%: margin=7.2%', 'Debt/equity < 80%: D/E=36%']","['P/E >= 20', 'FCF yield below 3%']",
RHM.DE,buffett_quality,Buffett Quality,False,0.5,"['ROE >= 15%: ROE=21.8%', 'D/E < 60.0%: D/E=36%']","['thin margins', 'P/E too high']",
RHM.DE,economic_moat,Economic Moat,False,0.5,"['high ROE=21.8%', 'low leverage D/E=36%']","['ROA below 8%', 'margins below 12%']",
RHM.DE,high_dividend,High Dividend Yield,False,0.125,"['yield=101.0%', 'universe rank 12%']",['not in top quartile for yield'],
RHM.DE,dividend_growth,Dividend Growth,True,0.6667,"['dividend payer: yield=101.0%', 'earnings growth: growth=25.6%']",['P/E out of range'],
RHM.DE,magic_formula,Magic Formula,False,0.4834,['ROIC rank 82%'],['below top half on combined Magic Formula rank'],
RHM.DE,acquirers_multiple,Acquirer's Multiple,False,0.1707,"['EV/EBIT=32.1', 'universe rank 17%']","['EV/EBIT 32.1 above 12.0', 'not in top 40% cheapest on EV/EBIT']",
RHM.DE,dreman_contrarian,Dreman Contrarian,False,0.1022,[],"['P/E not in bottom quartile', 'P/B not cheap vs universe', 'dividend yield below median']",
RHM.DE,piotroski_f,Piotroski F-Score,False,0.5556,"['F-Score=5/9', 'positive net income', 'positive operating cash flow', 'OCF > net income', 'leverage declining', 'asset turnover improving']","['F-Score 5/9 below 7', 'ROA improving', 'current ratio improving', 'no share dilution', 'gross margin improving']","{'f_score': 5, 'max_score': 9, 'components': [{'name': 'positive net income', 'passed': True}, {'name': 'positive operating cash flow', 'passed': True}, {'name': 'ROA improving', 'passed': False}, {'name': 'OCF > net income', 'passed': True}, {'name': 'leverage declining', 'passed': True}, {'name': 'current ratio improving', 'passed': False}, {'name': 'no share dilution', 'passed': False}, {'name': 'gross margin improving', 'passed': False}, {'name': 'asset turnover improving', 'passed': True}]}"
RHM.DE,composite_value,Composite Value,False,0.2,[],[],
RHM.DE,earnings_quality,Earnings Quality,True,1.0,"['FCF/NI=1.19', 'OCF/NI=3.29', 'ratio=-9.49%']",[],
RHM.DE,financial_health,Financial Health,True,1.0,"['D/E=36%', 'leverage=7.6%', 'CR=1.20', 'ratio=0.4', 'coverage=14.7x']",[],
SAF.PA,graham_defensive,Graham Defensive,False,0.25,['Dividend payer: yield=99.00%'],"['P/E >= 15', 'valuation too rich on P/B or P/E×P/B', 'current ratio < 2']",
SAF.PA,graham_enterprising,Graham Enterprising,False,0.4,"['Debt/equity < 100%: D/E=34%', 'ROE > 8%: ROE=27.5%']","['P/E >= 25', 'P/B >= 3', 'negative earnings growth']",
SAF.PA,graham_net_net,Graham Net-Net,False,0.0,[],['missing NCAV (balance sheet data)'],
SAF.PA,schloss,Schloss Low P/B,False,0.5,['D/E < 50.0%: D/E=34%'],['P/B too high'],
SAF.PA,deep_value,Deep Value,False,0.0,[],"['P/B not below 1.0', 'EV/EBITDA not below 8']",
SAF.PA,earnings_yield,Earnings Yield,False,0.2293,['E/P=2.8% (P/E=36.3)'],['earnings yield 2.8% below 8%'],
SAF.PA,fcf_yield,FCF Yield,False,0.2541,['FCF yield=2.5%'],['FCF yield 2.5% below 5%'],
SAF.PA,low_pe_high_yield,Low P/E + High Yield,False,0.5,['yield=99.0%'],['P/E not below 12.0'],
SAF.PA,lynch_peg,Lynch PEG,False,0.2,[],['missing or negative earnings growth'],
SAF.PA,neff_pegy,Neff PEGY,False,0.0,"['PEGY=1.07', 'growth=-65.1%', 'yield=99.0%']",['PEGY 1.07 >= 1.0'],
SAF.PA,quality_value,Quality Value,False,0.6,"['ROE >= 12%: ROE=27.5%', 'Profit margin >= 5%: margin=11.6%', 'Debt/equity < 80%: D/E=34%']","['P/E >= 20', 'FCF yield below 3%']",
SAF.PA,buffett_quality,Buffett Quality,False,0.75,"['ROE >= 15%: ROE=27.5%', 'D/E < 60.0%: D/E=34%', 'margin >= 8%: margin=11.6%']",['P/E too high'],
SAF.PA,economic_moat,Economic Moat,True,0.75,"['high ROE=27.5%', 'solid ROA=11.6%', 'low leverage D/E=34%']",['margins below 12%'],
SAF.PA,high_dividend,High Dividend Yield,False,0.1042,"['yield=99.0%', 'universe rank 10%']",['not in top quartile for yield'],
SAF.PA,dividend_growth,Dividend Growth,False,0.3333,['dividend payer: yield=99.0%'],"['earnings not growing', 'P/E out of range']",
SAF.PA,magic_formula,Magic Formula,True,0.5206,['ROIC rank 85%'],[],
SAF.PA,acquirers_multiple,Acquirer's Multiple,False,0.2195,"['EV/EBIT=30.3', 'universe rank 22%']","['EV/EBIT 30.3 above 12.0', 'not in top 40% cheapest on EV/EBIT']",
SAF.PA,dreman_contrarian,Dreman Contrarian,False,0.1155,[],"['P/E not in bottom quartile', 'P/B not cheap vs universe', 'dividend yield below median']",
SAF.PA,piotroski_f,Piotroski F-Score,True,0.7778,"['F-Score=7/9', 'positive net income', 'positive operating cash flow', 'ROA improving', 'leverage declining', 'current ratio improving', 'no share dilution', 'asset turnover improving']","['OCF > net income', 'gross margin improving']","{'f_score': 7, 'max_score': 9, 'components': [{'name': 'positive net income', 'passed': True}, {'name': 'positive operating cash flow', 'passed': True}, {'name': 'ROA improving', 'passed': True}, {'name': 'OCF > net income', 'passed': False}, {'name': 'leverage declining', 'passed': True}, {'name': 'current ratio improving', 'passed': True}, {'name': 'no share dilution', 'passed': True}, {'name': 'gross margin improving', 'passed': False}, {'name': 'asset turnover improving', 'passed': True}]}"
SAF.PA,composite_value,Composite Value,False,0.295,[],[],
SAF.PA,earnings_quality,Earnings Quality,False,0.3333,['ratio=2.36%'],"['weak free-cash conversion', 'operating cash below earnings']",
SAF.PA,financial_health,Financial Health,False,0.8,"['D/E=34%', 'leverage=8.6%', 'ratio=-0.3', 'coverage=34.0x']",['weak liquidity'],
SGO.PA,graham_defensive,Graham Defensive,False,0.5,"['P/E < 15: P/E=14.1', 'Dividend payer: yield=283.00%']","['valuation too rich on P/B or P/E×P/B', 'current ratio < 2']",
SGO.PA,graham_enterprising,Graham Enterprising,True,0.8,"['P/E < 25: P/E=14.1', 'P/B < 3: P/B=1.63', 'Debt/equity < 100%: D/E=66%', 'ROE > 8%: ROE=11.0%']",['negative earnings growth'],
SGO.PA,graham_net_net,Graham Net-Net,False,0.0,[],['missing NCAV (balance sheet data)'],
SGO.PA,schloss,Schloss Low P/B,False,0.0,[],"['P/B too high', 'too much leverage']",
SGO.PA,deep_value,Deep Value,False,0.5,['EV/EBITDA=7.9'],['P/B not below 1.0'],
SGO.PA,earnings_yield,Earnings Yield,False,0.5926,['E/P=7.1% (P/E=14.1)'],['earnings yield 7.1% below 8%'],
SGO.PA,fcf_yield,FCF Yield,True,0.7248,['FCF yield=7.2%'],[],
SGO.PA,low_pe_high_yield,Low P/E + High Yield,False,0.5,['yield=283.0%'],['P/E not below 12.0'],
SGO.PA,lynch_peg,Lynch PEG,False,0.2,[],['missing or negative earnings growth'],
SGO.PA,neff_pegy,Neff PEGY,True,0.9481,"['PEGY=0.05', 'growth=-12.0%', 'yield=283.0%']",[],
SGO.PA,quality_value,Quality Value,False,0.8,"['Profit margin >= 5%: margin=5.8%', 'Debt/equity < 80%: D/E=66%', 'P/E < 20: P/E=14.1', 'FCF yield >= 3%: FCF yield=7.2%']",['ROE below 12%'],
SGO.PA,buffett_quality,Buffett Quality,False,0.25,['P/E < 25.0: P/E=14.1'],"['ROE too low', 'too much debt', 'thin margins']",
SGO.PA,economic_moat,Economic Moat,False,0.0,[],"['ROE below 18%', 'ROA below 8%', 'margins below 12%', 'leverage too high']",
SGO.PA,high_dividend,High Dividend Yield,False,0.4583,"['yield=283.0%', 'universe rank 46%']",['not in top quartile for yield'],
SGO.PA,dividend_growth,Dividend Growth,True,0.6667,"['dividend payer: yield=283.0%', 'reasonable P/E: P/E=14.1']",['earnings not growing'],
SGO.PA,magic_formula,Magic Formula,True,0.7205,"['earnings yield rank 90%', 'ROIC rank 54%']",[],
SGO.PA,acquirers_multiple,Acquirer's Multiple,True,0.9268,"['EV/EBIT=10.5', 'universe rank 93%']",[],
SGO.PA,dreman_contrarian,Dreman Contrarian,False,0.6302,['low P/B rank 82%'],"['P/E not in bottom quartile', 'dividend yield below median']",
SGO.PA,piotroski_f,Piotroski F-Score,True,0.7778,"['F-Score=7/9', 'positive net income', 'positive operating cash flow', 'ROA improving', 'OCF > net income', 'no share dilution', 'gross margin improving', 'asset turnover improving']","['leverage declining', 'current ratio improving']","{'f_score': 7, 'max_score': 9, 'components': [{'name': 'positive net income', 'passed': True}, {'name': 'positive operating cash flow', 'passed': True}, {'name': 'ROA improving', 'passed': True}, {'name': 'OCF > net income', 'passed': True}, {'name': 'leverage declining', 'passed': False}, {'name': 'current ratio improving', 'passed': False}, {'name': 'no share dilution', 'passed': True}, {'name': 'gross margin improving', 'passed': True}, {'name': 'asset turnover improving', 'passed': True}]}"
SGO.PA,composite_value,Composite Value,True,0.795,"['top-tier on trailing_pe (percentile 80%)', 'top-tier on price_to_book (percentile 100%)', 'top-tier on fcf_yield (percentile 70%)', 'top-tier on ev_ebitda (percentile 90%)']",[],
SGO.PA,earnings_quality,Earnings Quality,True,1.0,"['FCF/NI=1.00', 'OCF/NI=1.96', 'ratio=-4.53%']",[],
SGO.PA,financial_health,Financial Health,True,1.0,"['D/E=66%', 'leverage=29.1%', 'CR=1.27', 'ratio=1.8', 'coverage=5.2x']",[],
SAN.PA,graham_defensive,Graham Defensive,False,0.5,"['P/B < 1.5 or P/E×P/B < 22.5: P/B=1.23', 'Dividend payer: yield=553.00%']","['P/E >= 15', 'current ratio < 2']",
SAN.PA,graham_enterprising,Graham Enterprising,False,0.6,"['P/E < 25: P/E=23.0', 'P/B < 3: P/B=1.23', 'Debt/equity < 100%: D/E=27%']","['ROE <= 8%', 'negative earnings growth']",
SAN.PA,graham_net_net,Graham Net-Net,False,0.0,[],['missing NCAV (balance sheet data)'],
SAN.PA,schloss,Schloss Low P/B,False,0.5,['D/E < 50.0%: D/E=27%'],['P/B too high'],
SAN.PA,deep_value,Deep Value,False,0.0,[],"['P/B not below 1.0', 'EV/EBITDA not below 8']",
SAN.PA,earnings_yield,Earnings Yield,False,0.3626,['E/P=4.4% (P/E=23.0)'],['earnings yield 4.4% below 8%'],
SAN.PA,fcf_yield,FCF Yield,True,1.0,['FCF yield=18.7%'],[],
SAN.PA,low_pe_high_yield,Low P/E + High Yield,False,0.5,['yield=553.0%'],['P/E not below 12.0'],
SAN.PA,lynch_peg,Lynch PEG,False,0.2,[],['missing or negative earnings growth'],
SAN.PA,neff_pegy,Neff PEGY,True,0.9575,"['PEGY=0.04', 'growth=-11.7%', 'yield=553.0%']",[],
SAN.PA,quality_value,Quality Value,False,0.6,"['Profit margin >= 5%: margin=16.0%', 'Debt/equity < 80%: D/E=27%', 'FCF yield >= 3%: FCF yield=18.7%']","['ROE below 12%', 'P/E >= 20']",
SAN.PA,buffett_quality,Buffett Quality,False,0.75,"['D/E < 60.0%: D/E=27%', 'margin >= 8%: margin=16.0%', 'P/E < 25.0: P/E=23.0']",['ROE too low'],
SAN.PA,economic_moat,Economic Moat,False,0.5,"['wide margin=16.0%', 'low leverage D/E=27%']","['ROE below 18%', 'ROA below 8%']",
SAN.PA,high_dividend,High Dividend Yield,True,0.8542,"['yield=553.0%', 'universe rank 85%']",[],
SAN.PA,dividend_growth,Dividend Growth,True,0.6667,"['dividend payer: yield=553.0%', 'reasonable P/E: P/E=23.0']",['earnings not growing'],
SAN.PA,magic_formula,Magic Formula,True,0.632,['earnings yield rank 85%'],[],
SAN.PA,acquirers_multiple,Acquirer's Multiple,True,0.878,"['EV/EBIT=10.9', 'universe rank 88%']",[],
SAN.PA,dreman_contrarian,Dreman Contrarian,False,0.7141,"['low P/B rank 88%', 'dividend rank 85%']",['P/E not in bottom quartile'],
SAN.PA,piotroski_f,Piotroski F-Score,True,0.7778,"['F-Score=7/9', 'positive net income', 'positive operating cash flow', 'ROA improving', 'OCF > net income', 'no share dilution', 'gross margin improving', 'asset turnover improving']","['leverage declining', 'current ratio improving']","{'f_score': 7, 'max_score': 9, 'components': [{'name': 'positive net income', 'passed': True}, {'name': 'positive operating cash flow', 'passed': True}, {'name': 'ROA improving', 'passed': True}, {'name': 'OCF > net income', 'passed': True}, {'name': 'leverage declining', 'passed': False}, {'name': 'current ratio improving', 'passed': False}, {'name': 'no share dilution', 'passed': True}, {'name': 'gross margin improving', 'passed': True}, {'name': 'asset turnover improving', 'passed': True}]}"
SAN.PA,composite_value,Composite Value,True,0.8458,"['top-tier on trailing_pe (percentile 100%)', 'top-tier on price_to_book (percentile 100%)', 'top-tier on fcf_yield (percentile 75%)', 'top-tier on ev_ebitda (percentile 75%)']",[],
SAN.PA,earnings_quality,Earnings Quality,True,1.0,"['FCF/NI=2.13', 'OCF/NI=1.38', 'ratio=-2.32%']",[],
SAN.PA,financial_health,Financial Health,False,0.8,"['D/E=27%', 'leverage=16.0%', 'ratio=1.1', 'coverage=15.3x']",['weak liquidity'],
SAP.DE,graham_defensive,Graham Defensive,False,0.25,['Dividend payer: yield=159.00%'],"['P/E >= 15', 'valuation too rich on P/B or P/E×P/B', 'current ratio < 2']",
SAP.DE,graham_enterprising,Graham Enterprising,False,0.8,"['P/E < 25: P/E=23.6', 'Debt/equity < 100%: D/E=22%', 'ROE > 8%: ROE=18.3%', 'Positive earnings growth: growth=30.6%']",['P/B >= 3'],
SAP.DE,graham_net_net,Graham Net-Net,False,0.0,[],['missing NCAV (balance sheet data)'],
SAP.DE,schloss,Schloss Low P/B,False,0.5,['D/E < 50.0%: D/E=22%'],['P/B too high'],
SAP.DE,deep_value,Deep Value,False,0.0,[],"['P/B not below 1.0', 'EV/EBITDA not below 8']",
SAP.DE,earnings_yield,Earnings Yield,False,0.3536,['E/P=4.2% (P/E=23.6)'],['earnings yield 4.2% below 8%'],
SAP.DE,fcf_yield,FCF Yield,False,0.4995,['FCF yield=5.0%'],['FCF yield 5.0% below 5%'],
SAP.DE,low_pe_high_yield,Low P/E + High Yield,False,0.5,['yield=159.0%'],['P/E not below 12.0'],
SAP.DE,lynch_peg,Lynch PEG,True,0.2298,"['PEG=0.77', 'growth=30.6%']",[],
SAP.DE,neff_pegy,Neff PEGY,True,0.8757,"['PEGY=0.12', 'growth=30.6%', 'yield=159.0%']",[],
SAP.DE,quality_value,Quality Value,True,0.8,"['ROE >= 12%: ROE=18.3%', 'Profit margin >= 5%: margin=20.4%', 'Debt/equity < 80%: D/E=22%', 'FCF yield >= 3%: FCF yield=5.0%']",['P/E >= 20'],
SAP.DE,buffett_quality,Buffett Quality,True,1.0,"['ROE >= 15%: ROE=18.3%', 'D/E < 60.0%: D/E=22%', 'margin >= 8%: margin=20.4%', 'P/E < 25.0: P/E=23.6']",[],
SAP.DE,economic_moat,Economic Moat,True,1.0,"['high ROE=18.3%', 'solid ROA=10.2%', 'wide margin=20.4%', 'low leverage D/E=22%']",[],
SAP.DE,high_dividend,High Dividend Yield,False,0.2708,"['yield=159.0%', 'universe rank 27%']",['not in top quartile for yield'],
SAP.DE,dividend_growth,Dividend Growth,True,1.0,"['dividend payer: yield=159.0%', 'earnings growth: growth=30.6%', 'reasonable P/E: P/E=23.6']",[],
SAP.DE,magic_formula,Magic Formula,True,0.6273,"['earnings yield rank 54%', 'ROIC rank 72%']",[],
SAP.DE,acquirers_multiple,Acquirer's Multiple,False,0.561,"['EV/EBIT=18.8', 'universe rank 56%']","['EV/EBIT 18.8 above 12.0', 'not in top 40% cheapest on EV/EBIT']",
SAP.DE,dreman_contrarian,Dreman Contrarian,False,0.3395,[],"['P/E not in bottom quartile', 'P/B not cheap vs universe', 'dividend yield below median']",
SAP.DE,piotroski_f,Piotroski F-Score,True,0.8889,"['F-Score=8/9', 'positive net income', 'positive operating cash flow', 'ROA improving', 'OCF > net income', 'leverage declining', 'current ratio improving', 'no share dilution', 'asset turnover improving']",['gross margin improving'],"{'f_score': 8, 'max_score': 9, 'components': [{'name': 'positive net income', 'passed': True}, {'name': 'positive operating cash flow', 'passed': True}, {'name': 'ROA improving', 'passed': True}, {'name': 'OCF > net income', 'passed': True}, {'name': 'leverage declining', 'passed': True}, {'name': 'current ratio improving', 'passed': True}, {'name': 'no share dilution', 'passed': True}, {'name': 'gross margin improving', 'passed': False}, {'name': 'asset turnover improving', 'passed': True}]}"
SAP.DE,composite_value,Composite Value,True,0.8458,"['top-tier on trailing_pe (percentile 100%)', 'top-tier on price_to_book (percentile 100%)', 'top-tier on fcf_yield (percentile 75%)', 'top-tier on ev_ebitda (percentile 75%)']",[],
SAP.DE,earnings_quality,Earnings Quality,True,1.0,"['FCF/NI=1.27', 'OCF/NI=1.28', 'ratio=-2.84%']",[],
SAP.DE,financial_health,Financial Health,True,1.0,"['D/E=22%', 'leverage=10.6%', 'CR=1.16', 'ratio=-0.1', 'coverage=19.6x']",[],
SU.PA,graham_defensive,Graham Defensive,False,0.25,['Dividend payer: yield=145.00%'],"['P/E >= 15', 'valuation too rich on P/B or P/E×P/B', 'current ratio < 2']",
SU.PA,graham_enterprising,Graham Enterprising,False,0.6,"['Debt/equity < 100%: D/E=84%', 'ROE > 8%: ROE=18.6%', 'Positive earnings growth: growth=29.3%']","['P/E >= 25', 'P/B >= 3']",
SU.PA,graham_net_net,Graham Net-Net,False,0.0,[],['missing NCAV (balance sheet data)'],
SU.PA,schloss,Schloss Low P/B,False,0.0,[],"['P/B too high', 'too much leverage']",
SU.PA,deep_value,Deep Value,False,0.0,[],"['P/B not below 1.0', 'EV/EBITDA not below 8']",
SU.PA,earnings_yield,Earnings Yield,False,0.2443,['E/P=2.9% (P/E=34.1)'],['earnings yield 2.9% below 8%'],
SU.PA,fcf_yield,FCF Yield,False,0.3292,['FCF yield=3.3%'],['FCF yield 3.3% below 5%'],
SU.PA,low_pe_high_yield,Low P/E + High Yield,False,0.5,['yield=145.0%'],['P/E not below 12.0'],
SU.PA,lynch_peg,Lynch PEG,False,0.0,"['PEG=1.16', 'growth=29.3%']",['PEG 1.16 >= 1.0'],
SU.PA,neff_pegy,Neff PEGY,True,0.8043,"['PEGY=0.20', 'growth=29.3%', 'yield=145.0%']",[],
SU.PA,quality_value,Quality Value,False,0.6,"['ROE >= 12%: ROE=18.6%', 'Profit margin >= 5%: margin=11.3%', 'FCF yield >= 3%: FCF yield=3.3%']","['high leverage', 'P/E >= 20']",
SU.PA,buffett_quality,Buffett Quality,False,0.5,"['ROE >= 15%: ROE=18.6%', 'margin >= 8%: margin=11.3%']","['too much debt', 'P/E too high']",
SU.PA,economic_moat,Economic Moat,False,0.25,['high ROE=18.6%'],"['ROA below 8%', 'margins below 12%', 'leverage too high']",
SU.PA,high_dividend,High Dividend Yield,False,0.2083,"['yield=145.0%', 'universe rank 21%']",['not in top quartile for yield'],
SU.PA,dividend_growth,Dividend Growth,True,0.6667,"['dividend payer: yield=145.0%', 'earnings growth: growth=29.3%']",['P/E out of range'],
SU.PA,magic_formula,Magic Formula,True,0.5047,['ROIC rank 69%'],[],
SU.PA,acquirers_multiple,Acquirer's Multiple,False,0.3415,"['EV/EBIT=25.6', 'universe rank 34%']","['EV/EBIT 25.6 above 12.0', 'not in top 40% cheapest on EV/EBIT']",
SU.PA,dreman_contrarian,Dreman Contrarian,False,0.1839,[],"['P/E not in bottom quartile', 'P/B not cheap vs universe', 'dividend yield below median']",
SU.PA,piotroski_f,Piotroski F-Score,False,0.6667,"['F-Score=6/9', 'positive net income', 'positive operating cash flow', 'ROA improving', 'OCF > net income', 'no share dilution', 'asset turnover improving']","['F-Score 6/9 below 7', 'leverage declining', 'current ratio improving', 'gross margin improving']","{'f_score': 6, 'max_score': 9, 'components': [{'name': 'positive net income', 'passed': True}, {'name': 'positive operating cash flow', 'passed': True}, {'name': 'ROA improving', 'passed': True}, {'name': 'OCF > net income', 'passed': True}, {'name': 'leverage declining', 'passed': False}, {'name': 'current ratio improving', 'passed': False}, {'name': 'no share dilution', 'passed': True}, {'name': 'gross margin improving', 'passed': False}, {'name': 'asset turnover improving', 'passed': True}]}"
SU.PA,composite_value,Composite Value,False,0.415,[],[],
SU.PA,earnings_quality,Earnings Quality,True,1.0,"['FCF/NI=1.29', 'OCF/NI=1.47', 'ratio=-3.15%']",[],
SU.PA,financial_health,Financial Health,False,0.8,"['leverage=28.6%', 'CR=1.19', 'ratio=1.9', 'coverage=13.0x']",['high debt to equity'],
SIE.DE,graham_defensive,Graham Defensive,False,0.25,['Dividend payer: yield=189.00%'],"['P/E >= 15', 'valuation too rich on P/B or P/E×P/B', 'current ratio < 2']",
SIE.DE,graham_enterprising,Graham Enterprising,False,0.4,"['Debt/equity < 100%: D/E=76%', 'ROE > 8%: ROE=12.6%']","['P/E >= 25', 'P/B >= 3', 'negative earnings growth']",
SIE.DE,graham_net_net,Graham Net-Net,False,0.0,[],['missing NCAV (balance sheet data)'],
SIE.DE,schloss,Schloss Low P/B,False,0.0,[],"['P/B too high', 'too much leverage']",
SIE.DE,deep_value,Deep Value,False,0.0,[],"['P/B not below 1.0', 'EV/EBITDA not below 8']",
SIE.DE,earnings_yield,Earnings Yield,False,0.2851,['E/P=3.4% (P/E=29.2)'],['earnings yield 3.4% below 8%'],
SIE.DE,fcf_yield,FCF Yield,False,0.0,['FCF yield=-0.1%'],['FCF yield -0.1% below 5%'],
SIE.DE,low_pe_high_yield,Low P/E + High Yield,False,0.5,['yield=189.0%'],['P/E not below 12.0'],
SIE.DE,lynch_peg,Lynch PEG,False,0.2,[],['missing or negative earnings growth'],
SIE.DE,neff_pegy,Neff PEGY,True,0.838,"['PEGY=0.16', 'growth=-8.6%', 'yield=189.0%']",[],
SIE.DE,quality_value,Quality Value,False,0.6,"['ROE >= 12%: ROE=12.6%', 'Profit margin >= 5%: margin=9.7%', 'Debt/equity < 80%: D/E=76%']","['P/E >= 20', 'FCF yield below 3%']",
SIE.DE,buffett_quality,Buffett Quality,False,0.25,['margin >= 8%: margin=9.7%'],"['ROE too low', 'too much debt', 'P/E too high']",
SIE.DE,economic_moat,Economic Moat,False,0.0,[],"['ROE below 18%', 'ROA below 8%', 'margins below 12%', 'leverage too high']",
SIE.DE,high_dividend,High Dividend Yield,False,0.3542,"['yield=189.0%', 'universe rank 35%']",['not in top quartile for yield'],
SIE.DE,dividend_growth,Dividend Growth,False,0.3333,['dividend payer: yield=189.0%'],"['earnings not growing', 'P/E out of range']",
SIE.DE,magic_formula,Magic Formula,False,0.2251,[],['below top half on combined Magic Formula rank'],
SIE.DE,acquirers_multiple,Acquirer's Multiple,False,0.2439,"['EV/EBIT=29.9', 'universe rank 24%']","['EV/EBIT 29.9 above 12.0', 'not in top 40% cheapest on EV/EBIT']",
SIE.DE,dreman_contrarian,Dreman Contrarian,False,0.3465,[],"['P/E not in bottom quartile', 'P/B not cheap vs universe', 'dividend yield below median']",
SIE.DE,piotroski_f,Piotroski F-Score,False,0.5556,"['F-Score=5/9', 'positive net income', 'positive operating cash flow', 'ROA improving', 'OCF > net income', 'no share dilution']","['F-Score 5/9 below 7', 'leverage declining', 'current ratio improving', 'gross margin improving', 'asset turnover improving']","{'f_score': 5, 'max_score': 9, 'components': [{'name': 'positive net income', 'passed': True}, {'name': 'positive operating cash flow', 'passed': True}, {'name': 'ROA improving', 'passed': True}, {'name': 'OCF > net income', 'passed': True}, {'name': 'leverage declining', 'passed': False}, {'name': 'current ratio improving', 'passed': False}, {'name': 'no share dilution', 'passed': True}, {'name': 'gross margin improving', 'passed': False}, {'name': 'asset turnover improving', 'passed': False}]}"
SIE.DE,composite_value,Composite Value,False,0.41,['top-tier on price_to_book (percentile 70%)'],[],
SIE.DE,earnings_quality,Earnings Quality,False,0.6667,"['OCF/NI=1.38', 'ratio=-2.19%']",['weak free-cash conversion'],
SIE.DE,financial_health,Financial Health,True,1.0,"['D/E=76%', 'leverage=33.7%', 'CR=1.37', 'ratio=3.8', 'coverage=5.5x']",[],
ENR.DE,graham_defensive,Graham Defensive,False,0.25,['Dividend payer: yield=47.00%'],"['P/E >= 15', 'valuation too rich on P/B or P/E×P/B', 'current ratio < 2']",
ENR.DE,graham_enterprising,Graham Enterprising,False,0.6,"['Debt/equity < 100%: D/E=34%', 'ROE > 8%: ROE=23.3%', 'Positive earnings growth: growth=80.7%']","['P/E >= 25', 'P/B >= 3']",
ENR.DE,graham_net_net,Graham Net-Net,False,0.0,[],['missing NCAV (balance sheet data)'],
ENR.DE,schloss,Schloss Low P/B,False,0.5,['D/E < 50.0%: D/E=34%'],['P/B too high'],
ENR.DE,deep_value,Deep Value,False,0.0,[],"['P/B not below 1.0', 'EV/EBITDA not below 8']",
ENR.DE,earnings_yield,Earnings Yield,False,0.1436,['E/P=1.7% (P/E=58.0)'],['earnings yield 1.7% below 8%'],
ENR.DE,fcf_yield,FCF Yield,False,0.3725,['FCF yield=3.7%'],['FCF yield 3.7% below 5%'],
ENR.DE,low_pe_high_yield,Low P/E + High Yield,False,0.5,['yield=47.0%'],['P/E not below 12.0'],
ENR.DE,lynch_peg,Lynch PEG,True,0.2807,"['PEG=0.72', 'growth=80.7%']",[],
ENR.DE,neff_pegy,Neff PEGY,True,0.5454,"['PEGY=0.45', 'growth=80.7%', 'yield=47.0%']",[],
ENR.DE,quality_value,Quality Value,True,0.8,"['ROE >= 12%: ROE=23.3%', 'Profit margin >= 5%: margin=5.5%', 'Debt/equity < 80%: D/E=34%', 'FCF yield >= 3%: FCF yield=3.7%']",['P/E >= 20'],
ENR.DE,buffett_quality,Buffett Quality,False,0.5,"['ROE >= 15%: ROE=23.3%', 'D/E < 60.0%: D/E=34%']","['thin margins', 'P/E too high']",
ENR.DE,economic_moat,Economic Moat,False,0.5,"['high ROE=23.3%', 'low leverage D/E=34%']","['ROA below 8%', 'margins below 12%']",
ENR.DE,high_dividend,High Dividend Yield,False,0.0208,"['yield=47.0%', 'universe rank 2%']",['not in top quartile for yield'],
ENR.DE,dividend_growth,Dividend Growth,True,0.6667,"['dividend payer: yield=47.0%', 'earnings growth: growth=80.7%']",['P/E out of range'],
ENR.DE,magic_formula,Magic Formula,False,0.1917,[],['below top half on combined Magic Formula rank'],
ENR.DE,acquirers_multiple,Acquirer's Multiple,False,0.0488,"['EV/EBIT=76.1', 'universe rank 5%']","['EV/EBIT 76.1 above 12.0', 'not in top 40% cheapest on EV/EBIT']",
ENR.DE,dreman_contrarian,Dreman Contrarian,False,0.0472,[],"['P/E not in bottom quartile', 'P/B not cheap vs universe', 'dividend yield below median']",
ENR.DE,piotroski_f,Piotroski F-Score,True,0.7778,"['F-Score=7/9', 'positive net income', 'positive operating cash flow', 'ROA improving', 'OCF > net income', 'leverage declining', 'gross margin improving', 'asset turnover improving']","['current ratio improving', 'no share dilution']","{'f_score': 7, 'max_score': 9, 'components': [{'name': 'positive net income', 'passed': True}, {'name': 'positive operating cash flow', 'passed': True}, {'name': 'ROA improving', 'passed': True}, {'name': 'OCF > net income', 'passed': True}, {'name': 'leverage declining', 'passed': True}, {'name': 'current ratio improving', 'passed': False}, {'name': 'no share dilution', 'passed': False}, {'name': 'gross margin improving', 'passed': True}, {'name': 'asset turnover improving', 'passed': True}]}"
ENR.DE,composite_value,Composite Value,False,0.18,[],[],
ENR.DE,earnings_quality,Earnings Quality,True,1.0,"['FCF/NI=3.30', 'OCF/NI=4.12', 'ratio=-7.78%']",[],
ENR.DE,financial_health,Financial Health,False,0.8,"['D/E=34%', 'leverage=7.0%', 'ratio=-2.2', 'coverage=5.4x']",['weak liquidity'],
TTE.PA,graham_defensive,Graham Defensive,False,0.75,"['P/E < 15: P/E=11.0', 'P/B < 1.5 or P/E×P/B < 22.5: P/B=1.51', 'Dividend payer: yield=471.00%']",['current ratio < 2'],
TTE.PA,graham_enterprising,Graham Enterprising,True,1.0,"['P/E < 25: P/E=11.0', 'P/B < 3: P/B=1.51', 'Debt/equity < 100%: D/E=48%', 'ROE > 8%: ROE=14.5%', 'Positive earnings growth: growth=106.0%']",[],
TTE.PA,graham_net_net,Graham Net-Net,False,0.0,[],['missing NCAV (balance sheet data)'],
TTE.PA,schloss,Schloss Low P/B,False,0.5,['D/E < 50.0%: D/E=48%'],['P/B too high'],
TTE.PA,deep_value,Deep Value,False,0.5,['EV/EBITDA=5.1'],['P/B not below 1.0'],
TTE.PA,earnings_yield,Earnings Yield,True,0.7557,['E/P=9.1% (P/E=11.0)'],[],
TTE.PA,fcf_yield,FCF Yield,True,0.7975,['FCF yield=8.0%'],[],
TTE.PA,low_pe_high_yield,Low P/E + High Yield,True,1.0,"['P/E=11.0', 'yield=471.0%']",[],
TTE.PA,lynch_peg,Lynch PEG,True,0.896,"['PEG=0.10', 'growth=106.0%']",[],
TTE.PA,neff_pegy,Neff PEGY,True,0.9809,"['PEGY=0.02', 'growth=106.0%', 'yield=471.0%']",[],
TTE.PA,quality_value,Quality Value,True,1.0,"['ROE >= 12%: ROE=14.5%', 'Profit margin >= 5%: margin=9.1%', 'Debt/equity < 80%: D/E=48%', 'P/E < 20: P/E=11.0', 'FCF yield >= 3%: FCF yield=8.0%']",[],
TTE.PA,buffett_quality,Buffett Quality,False,0.75,"['D/E < 60.0%: D/E=48%', 'margin >= 8%: margin=9.1%', 'P/E < 25.0: P/E=11.0']",['ROE too low'],
TTE.PA,economic_moat,Economic Moat,False,0.25,['low leverage D/E=48%'],"['ROE below 18%', 'ROA below 8%', 'margins below 12%']",
TTE.PA,high_dividend,High Dividend Yield,True,0.7917,"['yield=471.0%', 'universe rank 79%']",[],
TTE.PA,dividend_growth,Dividend Growth,True,1.0,"['dividend payer: yield=471.0%', 'earnings growth: growth=106.0%', 'reasonable P/E: P/E=11.0']",[],
TTE.PA,magic_formula,Magic Formula,True,0.6814,['earnings yield rank 93%'],[],
TTE.PA,acquirers_multiple,Acquirer's Multiple,True,0.9512,"['EV/EBIT=10.2', 'universe rank 95%']",[],
TTE.PA,dreman_contrarian,Dreman Contrarian,True,0.8363,"['low P/E rank 86%', 'low P/B rank 86%', 'dividend rank 79%']",[],
TTE.PA,piotroski_f,Piotroski F-Score,False,0.5556,"['F-Score=5/9', 'positive net income', 'positive operating cash flow', 'OCF > net income', 'no share dilution', 'gross margin improving']","['F-Score 5/9 below 7', 'ROA improving', 'leverage declining', 'current ratio improving', 'asset turnover improving']","{'f_score': 5, 'max_score': 9, 'components': [{'name': 'positive net income', 'passed': True}, {'name': 'positive operating cash flow', 'passed': True}, {'name': 'ROA improving', 'passed': False}, {'name': 'OCF > net income', 'passed': True}, {'name': 'leverage declining', 'passed': False}, {'name': 'current ratio improving', 'passed': False}, {'name': 'no share dilution', 'passed': True}, {'name': 'gross margin improving', 'passed': True}, {'name': 'asset turnover improving', 'passed': False}]}"
TTE.PA,composite_value,Composite Value,True,0.8536,"['top-tier on trailing_pe (percentile 86%)', 'top-tier on price_to_book (percentile 86%)', 'top-tier on dividend_yield (percentile 79%)', 'top-tier on fcf_yield (percentile 79%)', 'top-tier on ev_ebitda (percentile 100%)']",[],
TTE.PA,earnings_quality,Earnings Quality,True,1.0,"['FCF/NI=1.03', 'OCF/NI=2.08', 'ratio=-4.88%']",[],
TTE.PA,financial_health,Financial Health,False,0.8,"['D/E=48%', 'leverage=20.6%', 'ratio=0.8', 'coverage=7.8x']",['weak liquidity'],
DG.PA,graham_defensive,Graham Defensive,False,0.5,"['P/E < 15: P/E=13.6', 'Dividend payer: yield=408.00%']","['valuation too rich on P/B or P/E×P/B', 'current ratio < 2']",
DG.PA,graham_enterprising,Graham Enterprising,True,0.8,"['P/E < 25: P/E=13.6', 'P/B < 3: P/B=2.22', 'ROE > 8%: ROE=16.3%', 'Positive earnings growth: growth=10.8%']",['excessive leverage'],
DG.PA,graham_net_net,Graham Net-Net,False,0.0,[],['missing NCAV (balance sheet data)'],
DG.PA,schloss,Schloss Low P/B,False,0.0,[],"['P/B too high', 'too much leverage']",
DG.PA,deep_value,Deep Value,False,0.5,['EV/EBITDA=7.6'],['P/B not below 1.0'],
DG.PA,earnings_yield,Earnings Yield,False,0.6127,['E/P=7.4% (P/E=13.6)'],['earnings yield 7.4% below 8%'],
DG.PA,fcf_yield,FCF Yield,True,1.0,['FCF yield=11.9%'],[],
DG.PA,low_pe_high_yield,Low P/E + High Yield,False,0.5,['yield=408.0%'],['P/E not below 12.0'],
DG.PA,lynch_peg,Lynch PEG,False,0.0,"['PEG=1.26', 'growth=10.8%']",['PEG 1.26 >= 1.0'],
DG.PA,neff_pegy,Neff PEGY,True,0.9675,"['PEGY=0.03', 'growth=10.8%', 'yield=408.0%']",[],
DG.PA,quality_value,Quality Value,True,0.8,"['ROE >= 12%: ROE=16.3%', 'Profit margin >= 5%: margin=6.6%', 'P/E < 20: P/E=13.6', 'FCF yield >= 3%: FCF yield=11.9%']",['high leverage'],
DG.PA,buffett_quality,Buffett Quality,False,0.5,"['ROE >= 15%: ROE=16.3%', 'P/E < 25.0: P/E=13.6']","['too much debt', 'thin margins']",
DG.PA,economic_moat,Economic Moat,False,0.0,[],"['ROE below 18%', 'ROA below 8%', 'margins below 12%', 'leverage too high']",
DG.PA,high_dividend,High Dividend Yield,False,0.6875,"['yield=408.0%', 'universe rank 69%']",['not in top quartile for yield'],
DG.PA,dividend_growth,Dividend Growth,True,1.0,"['dividend payer: yield=408.0%', 'earnings growth: growth=10.8%', 'reasonable P/E: P/E=13.6']",[],
DG.PA,magic_formula,Magic Formula,True,0.7211,"['earnings yield rank 88%', 'ROIC rank 56%']",[],
DG.PA,acquirers_multiple,Acquirer's Multiple,True,0.9024,"['EV/EBIT=10.8', 'universe rank 90%']",[],
DG.PA,dreman_contrarian,Dreman Contrarian,False,0.6405,['dividend rank 69%'],"['P/E not in bottom quartile', 'P/B not cheap vs universe']",
DG.PA,piotroski_f,Piotroski F-Score,True,0.7778,"['F-Score=7/9', 'positive net income', 'positive operating cash flow', 'OCF > net income', 'current ratio improving', 'no share dilution', 'gross margin improving', 'asset turnover improving']","['ROA improving', 'leverage declining']","{'f_score': 7, 'max_score': 9, 'components': [{'name': 'positive net income', 'passed': True}, {'name': 'positive operating cash flow', 'passed': True}, {'name': 'ROA improving', 'passed': False}, {'name': 'OCF > net income', 'passed': True}, {'name': 'leverage declining', 'passed': False}, {'name': 'current ratio improving', 'passed': True}, {'name': 'no share dilution', 'passed': True}, {'name': 'gross margin improving', 'passed': True}, {'name': 'asset turnover improving', 'passed': True}]}"
DG.PA,composite_value,Composite Value,True,0.915,"['top-tier on trailing_pe (percentile 90%)', 'top-tier on price_to_book (percentile 90%)', 'top-tier on dividend_yield (percentile 90%)', 'top-tier on fcf_yield (percentile 90%)', 'top-tier on ev_ebitda (percentile 100%)']",[],
DG.PA,earnings_quality,Earnings Quality,True,1.0,"['FCF/NI=1.65', 'OCF/NI=2.42', 'ratio=-5.25%']",[],
DG.PA,financial_health,Financial Health,False,0.6,"['leverage=28.3%', 'ratio=2.0', 'coverage=6.0x']","['high debt to equity', 'weak liquidity']",
UCG.MI,graham_defensive,Graham Defensive,False,0.75,"['P/E < 15: P/E=11.6', 'P/B < 1.5 or P/E×P/B < 22.5: P/B=1.79', 'Dividend payer: yield=386.00%']",['current ratio < 2'],
UCG.MI,graham_enterprising,Graham Enterprising,False,0.6,"['P/E < 25: P/E=11.6', 'P/B < 3: P/B=1.79', 'ROE > 8%: ROE=15.8%']","['excessive leverage', 'negative earnings growth']",
UCG.MI,graham_net_net,Graham Net-Net,False,0.0,[],['missing NCAV (balance sheet data)'],
UCG.MI,schloss,Schloss Low P/B,False,0.0,[],"['P/B too high', 'too much leverage']",
UCG.MI,deep_value,Deep Value,False,0.0,[],"['P/B not below 1.0', 'EV/EBITDA not below 8']",
UCG.MI,earnings_yield,Earnings Yield,True,0.7199,['E/P=8.6% (P/E=11.6)'],[],
UCG.MI,fcf_yield,FCF Yield,False,1.0,['FCF yield=nan%'],['FCF yield nan% below 5%'],
UCG.MI,low_pe_high_yield,Low P/E + High Yield,True,1.0,"['P/E=11.6', 'yield=386.0%']",[],
UCG.MI,lynch_peg,Lynch PEG,False,0.2,[],['missing or negative earnings growth'],
UCG.MI,neff_pegy,Neff PEGY,True,0.9692,"['PEGY=0.03', 'growth=-10.5%', 'yield=386.0%']",[],
UCG.MI,quality_value,Quality Value,False,0.6,"['ROE >= 12%: ROE=15.8%', 'Profit margin >= 5%: margin=44.0%', 'P/E < 20: P/E=11.6']","['high leverage', 'FCF yield below 3%']",
UCG.MI,buffett_quality,Buffett Quality,True,0.75,"['ROE >= 15%: ROE=15.8%', 'margin >= 8%: margin=44.0%', 'P/E < 25.0: P/E=11.6']",['too much debt'],
UCG.MI,economic_moat,Economic Moat,False,0.25,['wide margin=44.0%'],"['ROE below 18%', 'ROA below 8%', 'leverage too high']",
UCG.MI,high_dividend,High Dividend Yield,False,0.6458,"['yield=386.0%', 'universe rank 65%']",['not in top quartile for yield'],
UCG.MI,dividend_growth,Dividend Growth,True,0.6667,"['dividend payer: yield=386.0%', 'reasonable P/E: P/E=11.6']",['earnings not growing'],
UCG.MI,magic_formula,Magic Formula,False,0.0,[],['missing EBIT/EV or ROIC inputs'],
UCG.MI,acquirers_multiple,Acquirer's Multiple,False,0.0,[],['could not rank EV/EBIT'],
UCG.MI,dreman_contrarian,Dreman Contrarian,True,0.7342,"['low P/E rank 84%', 'low P/B rank 72%', 'dividend rank 65%']",[],
UCG.MI,piotroski_f,Piotroski F-Score,False,0.5556,"['F-Score=5/9', 'positive net income', 'positive operating cash flow', 'ROA improving', 'leverage declining', 'no share dilution']","['F-Score 5/9 below 7', 'OCF > net income', 'current ratio improving', 'gross margin improving', 'asset turnover improving']","{'f_score': 5, 'max_score': 9, 'components': [{'name': 'positive net income', 'passed': True}, {'name': 'positive operating cash flow', 'passed': True}, {'name': 'ROA improving', 'passed': True}, {'name': 'OCF > net income', 'passed': False}, {'name': 'leverage declining', 'passed': True}, {'name': 'current ratio improving', 'passed': False}, {'name': 'no share dilution', 'passed': True}, {'name': 'gross margin improving', 'passed': False}, {'name': 'asset turnover improving', 'passed': False}]}"
UCG.MI,composite_value,Composite Value,False,0.5962,['top-tier on trailing_pe (percentile 75%)'],"['missing fcf_yield', 'missing ev_ebitda']",
UCG.MI,earnings_quality,Earnings Quality,False,0.3333,['ratio=0.27%'],"['weak free-cash conversion', 'operating cash below earnings']",
UCG.MI,financial_health,Financial Health,False,0.4,"['leverage=14.9%', 'insufficient data — skipped']","['high debt to equity', 'weak liquidity', 'weak interest coverage']",
VOW.DE,graham_defensive,Graham Defensive,False,0.75,"['P/E < 15: P/E=7.3', 'P/B < 1.5 or P/E×P/B < 22.5: P/B=0.22', 'Dividend payer: yield=686.00%']",['current ratio < 2'],
VOW.DE,graham_enterprising,Graham Enterprising,False,0.4,"['P/E < 25: P/E=7.3', 'P/B < 3: P/B=0.22']","['excessive leverage', 'ROE <= 8%', 'negative earnings growth']",
VOW.DE,graham_net_net,Graham Net-Net,False,0.0,[],['missing NCAV (balance sheet data)'],
VOW.DE,schloss,Schloss Low P/B,False,0.5,['P/B < 1.2: P/B=0.22'],['too much leverage'],
VOW.DE,deep_value,Deep Value,False,0.5,['P/B=0.22'],['EV/EBITDA not below 8'],
VOW.DE,earnings_yield,Earnings Yield,True,1.0,['E/P=13.8% (P/E=7.3)'],[],
VOW.DE,fcf_yield,FCF Yield,True,1.0,['FCF yield=37.1%'],[],
VOW.DE,low_pe_high_yield,Low P/E + High Yield,True,1.0,"['P/E=7.3', 'yield=686.0%']",[],
VOW.DE,lynch_peg,Lynch PEG,False,0.2,[],['missing or negative earnings growth'],
VOW.DE,neff_pegy,Neff PEGY,True,0.9887,"['PEGY=0.01', 'growth=-41.0%', 'yield=686.0%']",[],
VOW.DE,quality_value,Quality Value,False,0.4,"['P/E < 20: P/E=7.3', 'FCF yield >= 3%: FCF yield=37.1%']","['ROE below 12%', 'thin margins', 'high leverage']",
VOW.DE,buffett_quality,Buffett Quality,False,0.25,['P/E < 25.0: P/E=7.3'],"['ROE too low', 'too much debt', 'thin margins']",
VOW.DE,economic_moat,Economic Moat,False,0.0,[],"['ROE below 18%', 'ROA below 8%', 'margins below 12%', 'leverage too high']",
VOW.DE,high_dividend,High Dividend Yield,True,0.8958,"['yield=686.0%', 'universe rank 90%']",[],
VOW.DE,dividend_growth,Dividend Growth,True,0.6667,"['dividend payer: yield=686.0%', 'reasonable P/E: P/E=7.3']",['earnings not growing'],
VOW.DE,magic_formula,Magic Formula,False,0.1836,[],['below top half on combined Magic Formula rank'],
VOW.DE,acquirers_multiple,Acquirer's Multiple,False,0.3659,"['EV/EBIT=24.7', 'universe rank 37%']","['EV/EBIT 24.7 above 12.0', 'not in top 40% cheapest on EV/EBIT']",
VOW.DE,dreman_contrarian,Dreman Contrarian,True,0.9585,"['low P/E rank 98%', 'low P/B rank 100%', 'dividend rank 90%']",[],
VOW.DE,piotroski_f,Piotroski F-Score,False,0.5556,"['F-Score=5/9', 'positive net income', 'positive operating cash flow', 'OCF > net income', 'leverage declining', 'no share dilution']","['F-Score 5/9 below 7', 'ROA improving', 'current ratio improving', 'gross margin improving', 'asset turnover improving']","{'f_score': 5, 'max_score': 9, 'components': [{'name': 'positive net income', 'passed': True}, {'name': 'positive operating cash flow', 'passed': True}, {'name': 'ROA improving', 'passed': False}, {'name': 'OCF > net income', 'passed': True}, {'name': 'leverage declining', 'passed': True}, {'name': 'current ratio improving', 'passed': False}, {'name': 'no share dilution', 'passed': True}, {'name': 'gross margin improving', 'passed': False}, {'name': 'asset turnover improving', 'passed': False}]}"
VOW.DE,composite_value,Composite Value,True,0.8139,"['top-tier on trailing_pe (percentile 89%)', 'top-tier on price_to_book (percentile 100%)', 'top-tier on fcf_yield (percentile 88%)']",[],
VOW.DE,earnings_quality,Earnings Quality,True,1.0,"['FCF/NI=1.93', 'OCF/NI=2.05', 'ratio=-1.19%']",[],
VOW.DE,financial_health,Financial Health,False,0.4,"['leverage=30.5%', 'coverage=3.3x']","['high debt to equity', 'weak liquidity', 'high net debt/EBITDA']",
WKL.AS,graham_defensive,Graham Defensive,False,0.5,"['P/E < 15: P/E=12.0', 'Dividend payer: yield=371.00%']","['valuation too rich on P/B or P/E×P/B', 'current ratio < 2']",
WKL.AS,graham_enterprising,Graham Enterprising,False,0.6,"['P/E < 25: P/E=12.0', 'ROE > 8%: ROE=111.7%', 'Positive earnings growth: growth=36.9%']","['P/B >= 3', 'excessive leverage']",
WKL.AS,graham_net_net,Graham Net-Net,False,0.0,[],['missing NCAV (balance sheet data)'],
WKL.AS,schloss,Schloss Low P/B,False,0.0,[],"['P/B too high', 'too much leverage']",
WKL.AS,deep_value,Deep Value,False,0.0,[],"['P/B not below 1.0', 'EV/EBITDA not below 8']",
WKL.AS,earnings_yield,Earnings Yield,True,0.6924,['E/P=8.3% (P/E=12.0)'],[],
WKL.AS,fcf_yield,FCF Yield,True,0.6517,['FCF yield=6.5%'],[],
WKL.AS,low_pe_high_yield,Low P/E + High Yield,False,0.5,['yield=371.0%'],['P/E not below 12.0'],
WKL.AS,lynch_peg,Lynch PEG,True,0.6738,"['PEG=0.33', 'growth=36.9%']",[],
WKL.AS,neff_pegy,Neff PEGY,True,0.9705,"['PEGY=0.03', 'growth=36.9%', 'yield=371.0%']",[],
WKL.AS,quality_value,Quality Value,True,0.8,"['ROE >= 12%: ROE=111.7%', 'Profit margin >= 5%: margin=21.4%', 'P/E < 20: P/E=12.0', 'FCF yield >= 3%: FCF yield=6.5%']",['high leverage'],
WKL.AS,buffett_quality,Buffett Quality,True,0.75,"['ROE >= 15%: ROE=111.7%', 'margin >= 8%: margin=21.4%', 'P/E < 25.0: P/E=12.0']",['too much debt'],
WKL.AS,economic_moat,Economic Moat,True,0.75,"['high ROE=111.7%', 'solid ROA=13.6%', 'wide margin=21.4%']",['leverage too high'],
WKL.AS,high_dividend,High Dividend Yield,False,0.5625,"['yield=371.0%', 'universe rank 56%']",['not in top quartile for yield'],
WKL.AS,dividend_growth,Dividend Growth,True,1.0,"['dividend payer: yield=371.0%', 'earnings growth: growth=36.9%', 'reasonable P/E: P/E=12.0']",[],
WKL.AS,magic_formula,Magic Formula,True,0.8634,"['earnings yield rank 83%', 'ROIC rank 90%']",[],
WKL.AS,acquirers_multiple,Acquirer's Multiple,True,0.8537,"['EV/EBIT=11.5', 'universe rank 85%']",[],
WKL.AS,dreman_contrarian,Dreman Contrarian,True,0.4661,"['low P/E rank 80%', 'dividend rank 56%']",['P/B not cheap vs universe'],
WKL.AS,piotroski_f,Piotroski F-Score,True,0.7778,"['F-Score=7/9', 'positive net income', 'positive operating cash flow', 'ROA improving', 'OCF > net income', 'no share dilution', 'gross margin improving', 'asset turnover improving']","['leverage declining', 'current ratio improving']","{'f_score': 7, 'max_score': 9, 'components': [{'name': 'positive net income', 'passed': True}, {'name': 'positive operating cash flow', 'passed': True}, {'name': 'ROA improving', 'passed': True}, {'name': 'OCF > net income', 'passed': True}, {'name': 'leverage declining', 'passed': False}, {'name': 'current ratio improving', 'passed': False}, {'name': 'no share dilution', 'passed': True}, {'name': 'gross margin improving', 'passed': True}, {'name': 'asset turnover improving', 'passed': True}]}"
WKL.AS,composite_value,Composite Value,True,0.67,"['top-tier on trailing_pe (percentile 100%)', 'top-tier on dividend_yield (percentile 80%)', 'top-tier on ev_ebitda (percentile 80%)']",[],
WKL.AS,earnings_quality,Earnings Quality,True,1.0,"['FCF/NI=0.75', 'OCF/NI=1.28', 'ratio=-3.76%']",[],
WKL.AS,financial_health,Financial Health,False,0.6,"['leverage=51.5%', 'ratio=2.1', 'coverage=14.4x']","['high debt to equity', 'weak liquidity']",
