ticker,model_id,model_name,passed,score,reasons,failed_criteria,details
ADS.DE,graham_defensive,Graham Defensive,False,0.25,['Dividend payer: yield=193.00%'],"['P/E >= 15', 'valuation too rich on P/B or P/E×P/B', 'current ratio < 2']",
ADS.DE,graham_enterprising,Graham Enterprising,False,0.6,"['P/E < 25: P/E=18.8', 'Debt/equity < 100%: D/E=94%', 'ROE > 8%: ROE=24.3%']","['P/B >= 3', 'negative earnings growth']",
ADS.DE,graham_net_net,Graham Net-Net,False,0.0,[],['missing NCAV (balance sheet data)'],
ADS.DE,schloss,Schloss Low P/B,False,0.0,[],"['P/B too high', 'too much leverage']",
ADS.DE,deep_value,Deep Value,False,0.0,[],"['P/B not below 1.0', 'EV/EBITDA not below 8']",
ADS.DE,earnings_yield,Earnings Yield,False,0.4425,['E/P=5.3% (P/E=18.8)'],['earnings yield 5.3% below 8%'],
ADS.DE,fcf_yield,FCF Yield,False,0.3703,['FCF yield=3.7%'],['FCF yield 3.7% below 5%'],
ADS.DE,low_pe_high_yield,Low P/E + High Yield,False,0.5,['yield=193.0%'],['P/E not below 12.0'],
ADS.DE,lynch_peg,Lynch PEG,False,0.2,[],['missing or negative earnings growth'],
ADS.DE,neff_pegy,Neff PEGY,True,0.9012,"['PEGY=0.10', 'growth=-2.4%', 'yield=193.0%']",[],
ADS.DE,quality_value,Quality Value,True,0.8,"['ROE >= 12%: ROE=24.3%', 'Profit margin >= 5%: margin=5.3%', 'P/E < 20: P/E=18.8', 'FCF yield >= 3%: FCF yield=3.7%']",['high leverage'],
ADS.DE,buffett_quality,Buffett Quality,False,0.5,"['ROE >= 15%: ROE=24.3%', 'P/E < 25.0: P/E=18.8']","['too much debt', 'thin margins']",
ADS.DE,economic_moat,Economic Moat,False,0.25,['high ROE=24.3%'],"['ROA below 8%', 'margins below 12%', 'leverage too high']",
ADS.DE,high_dividend,High Dividend Yield,False,0.375,"['yield=193.0%', 'universe rank 38%']",['not in top quartile for yield'],
ADS.DE,dividend_growth,Dividend Growth,True,0.6667,"['dividend payer: yield=193.0%', 'reasonable P/E: P/E=18.8']",['earnings not growing'],
ADS.DE,magic_formula,Magic Formula,True,0.7428,"['earnings yield rank 68%', 'ROIC rank 80%']",[],
ADS.DE,acquirers_multiple,Acquirer's Multiple,False,0.6402,"['EV/EBIT=14.7', 'universe rank 64%']",['EV/EBIT 14.7 above 12.0'],
ADS.DE,dreman_contrarian,Dreman Contrarian,False,0.3777,[],"['P/E not in bottom quartile', 'P/B not cheap vs universe', 'dividend yield below median']",
ADS.DE,piotroski_f,Piotroski F-Score,True,0.7778,"['F-Score=7/9', 'positive net income', 'positive operating cash flow', 'ROA improving', 'current ratio improving', 'no share dilution', 'gross margin improving', 'asset turnover improving']","['OCF > net income', 'leverage declining']","{'f_score': 7, 'max_score': 9, 'components': [{'name': 'positive net income', 'passed': True}, {'name': 'positive operating cash flow', 'passed': True}, {'name': 'ROA improving', 'passed': True}, {'name': 'OCF > net income', 'passed': False}, {'name': 'leverage declining', 'passed': False}, {'name': 'current ratio improving', 'passed': True}, {'name': 'no share dilution', 'passed': True}, {'name': 'gross margin improving', 'passed': True}, {'name': 'asset turnover improving', 'passed': True}]}"
ADS.DE,composite_value,Composite Value,False,0.5132,['top-tier on ev_ebitda (percentile 71%)'],[],
ADS.DE,earnings_quality,Earnings Quality,False,0.6667,"['FCF/NI=0.71', 'ratio=2.91%']",['operating cash below earnings'],
ADS.DE,financial_health,Financial Health,False,0.8,"['leverage=27.4%', 'CR=1.32', 'ratio=1.7', 'coverage=9.0x']",['high debt to equity'],
ADYEN.AS,graham_defensive,Graham Defensive,False,0.0,[],"['P/E >= 15', 'valuation too rich on P/B or P/E×P/B', 'current ratio < 2', 'no dividend']",
ADYEN.AS,graham_enterprising,Graham Enterprising,False,0.8,"['P/E < 25: P/E=24.3', 'Debt/equity < 100%: D/E=7%', 'ROE > 8%: ROE=21.3%', 'Positive earnings growth: growth=12.9%']",['P/B >= 3'],
ADYEN.AS,graham_net_net,Graham Net-Net,False,0.0,[],['missing NCAV (balance sheet data)'],
ADYEN.AS,schloss,Schloss Low P/B,False,0.5,['D/E < 50.0%: D/E=7%'],['P/B too high'],
ADYEN.AS,deep_value,Deep Value,False,0.0,[],"['P/B not below 1.0', 'EV/EBITDA not below 8']",
ADYEN.AS,earnings_yield,Earnings Yield,False,0.343,['E/P=4.1% (P/E=24.3)'],['earnings yield 4.1% below 8%'],
ADYEN.AS,fcf_yield,FCF Yield,False,0.0,['FCF yield=-4.4%'],['FCF yield -4.4% below 5%'],
ADYEN.AS,low_pe_high_yield,Low P/E + High Yield,False,0.0,[],"['P/E not below 12.0', 'yield below 4%']",
ADYEN.AS,lynch_peg,Lynch PEG,False,0.0,"['PEG=1.88', 'growth=12.9%']",['PEG 1.88 >= 1.0'],
ADYEN.AS,neff_pegy,Neff PEGY,False,0.0,"['PEGY=1.88', 'growth=12.9%', 'yield=0.0%']",['PEGY 1.88 >= 1.0'],
ADYEN.AS,quality_value,Quality Value,False,0.6,"['ROE >= 12%: ROE=21.3%', 'Profit margin >= 5%: margin=43.6%', 'Debt/equity < 80%: D/E=7%']","['P/E >= 20', 'FCF yield below 3%']",
ADYEN.AS,buffett_quality,Buffett Quality,True,1.0,"['ROE >= 15%: ROE=21.3%', 'D/E < 60.0%: D/E=7%', 'margin >= 8%: margin=43.6%', 'P/E < 25.0: P/E=24.3']",[],
ADYEN.AS,economic_moat,Economic Moat,True,1.0,"['high ROE=21.3%', 'solid ROA=8.7%', 'wide margin=43.6%', 'low leverage D/E=7%']",[],
ADYEN.AS,high_dividend,High Dividend Yield,False,0.0,"['yield=0.0%', 'universe rank 0%']","['yield 0.0% below 3% floor', 'not in top quartile for yield']",
ADYEN.AS,dividend_growth,Dividend Growth,False,0.6667,"['earnings growth: growth=12.9%', 'reasonable P/E: P/E=24.3']",['yield too low'],
ADYEN.AS,magic_formula,Magic Formula,True,0.7808,"['earnings yield rank 72%', 'ROIC rank 84%']",[],
ADYEN.AS,acquirers_multiple,Acquirer's Multiple,False,0.6768,"['EV/EBIT=14.0', 'universe rank 68%']",['EV/EBIT 14.0 above 12.0'],
ADYEN.AS,dreman_contrarian,Dreman Contrarian,False,0.2005,[],"['P/E not in bottom quartile', 'P/B not cheap vs universe', 'dividend yield below median']",
ADYEN.AS,piotroski_f,Piotroski F-Score,False,0.6667,"['F-Score=6/9', 'positive net income', 'positive operating cash flow', 'ROA improving', 'current ratio improving', 'no share dilution', 'asset turnover improving']","['F-Score 6/9 below 7', 'OCF > net income', 'leverage declining', 'gross margin improving']","{'f_score': 6, 'max_score': 9, 'components': [{'name': 'positive net income', 'passed': True}, {'name': 'positive operating cash flow', 'passed': True}, {'name': 'ROA improving', 'passed': True}, {'name': 'OCF > net income', 'passed': False}, {'name': 'leverage declining', 'passed': False}, {'name': 'current ratio improving', 'passed': True}, {'name': 'no share dilution', 'passed': True}, {'name': 'gross margin improving', 'passed': False}, {'name': 'asset turnover improving', 'passed': True}]}"
ADYEN.AS,composite_value,Composite Value,False,0.4792,"['top-tier on trailing_pe (percentile 75%)', 'top-tier on price_to_book (percentile 83%)', 'top-tier on ev_ebitda (percentile 83%)']",[],
ADYEN.AS,earnings_quality,Earnings Quality,False,0.6667,"['OCF/NI=0.97', 'ratio=0.26%']",['weak free-cash conversion'],
ADYEN.AS,financial_health,Financial Health,True,1.0,"['D/E=7%', 'leverage=2.1%', 'CR=1.72', 'ratio=-9.3', 'coverage=55.6x']",[],
AD.AS,graham_defensive,Graham Defensive,False,0.5,"['P/E < 15: P/E=12.7', 'Dividend payer: yield=393.00%']","['valuation too rich on P/B or P/E×P/B', 'current ratio < 2']",
AD.AS,graham_enterprising,Graham Enterprising,False,0.6,"['P/E < 25: P/E=12.7', 'P/B < 3: P/B=1.93', 'ROE > 8%: ROE=15.7%']","['excessive leverage', 'negative earnings growth']",
AD.AS,graham_net_net,Graham Net-Net,False,0.0,[],['missing NCAV (balance sheet data)'],
AD.AS,schloss,Schloss Low P/B,False,0.0,[],"['P/B too high', 'too much leverage']",
AD.AS,deep_value,Deep Value,False,0.0,[],"['P/B not below 1.0', 'EV/EBITDA not below 8']",
AD.AS,earnings_yield,Earnings Yield,False,0.6583,['E/P=7.9% (P/E=12.7)'],['earnings yield 7.9% below 8%'],
AD.AS,fcf_yield,FCF Yield,True,1.0,['FCF yield=10.4%'],[],
AD.AS,low_pe_high_yield,Low P/E + High Yield,False,0.5,['yield=393.0%'],['P/E not below 12.0'],
AD.AS,lynch_peg,Lynch PEG,False,0.2,[],['missing or negative earnings growth'],
AD.AS,neff_pegy,Neff PEGY,True,0.9678,"['PEGY=0.03', 'growth=-0.2%', 'yield=393.0%']",[],
AD.AS,quality_value,Quality Value,False,0.6,"['ROE >= 12%: ROE=15.7%', 'P/E < 20: P/E=12.7', 'FCF yield >= 3%: FCF yield=10.4%']","['thin margins', 'high leverage']",
AD.AS,buffett_quality,Buffett Quality,False,0.5,"['ROE >= 15%: ROE=15.7%', 'P/E < 25.0: P/E=12.7']","['too much debt', 'thin margins']",
AD.AS,economic_moat,Economic Moat,False,0.0,[],"['ROE below 18%', 'ROA below 8%', 'margins below 12%', 'leverage too high']",
AD.AS,high_dividend,High Dividend Yield,False,0.6979,"['yield=393.0%', 'universe rank 70%']",['not in top quartile for yield'],
AD.AS,dividend_growth,Dividend Growth,True,0.6667,"['dividend payer: yield=393.0%', 'reasonable P/E: P/E=12.7']",['earnings not growing'],
AD.AS,magic_formula,Magic Formula,True,0.5771,['earnings yield rank 71%'],[],
AD.AS,acquirers_multiple,Acquirer's Multiple,False,0.6707,"['EV/EBIT=14.2', 'universe rank 67%']",['EV/EBIT 14.2 above 12.0'],
AD.AS,dreman_contrarian,Dreman Contrarian,False,0.6602,['dividend rank 70%'],"['P/E not in bottom quartile', 'P/B not cheap vs universe']",
AD.AS,piotroski_f,Piotroski F-Score,True,0.7778,"['F-Score=7/9', 'positive net income', 'positive operating cash flow', 'ROA improving', 'OCF > net income', 'leverage declining', 'no share dilution', 'asset turnover improving']","['current ratio improving', 'gross margin improving']","{'f_score': 7, 'max_score': 9, 'components': [{'name': 'positive net income', 'passed': True}, {'name': 'positive operating cash flow', 'passed': True}, {'name': 'ROA improving', 'passed': True}, {'name': 'OCF > net income', 'passed': True}, {'name': 'leverage declining', 'passed': True}, {'name': 'current ratio improving', 'passed': False}, {'name': 'no share dilution', 'passed': True}, {'name': 'gross margin improving', 'passed': False}, {'name': 'asset turnover improving', 'passed': True}]}"
AD.AS,composite_value,Composite Value,True,0.8451,"['top-tier on trailing_pe (percentile 92%)', 'top-tier on price_to_book (percentile 71%)', 'top-tier on dividend_yield (percentile 86%)', 'top-tier on fcf_yield (percentile 86%)', 'top-tier on ev_ebitda (percentile 86%)']",[],
AD.AS,earnings_quality,Earnings Quality,True,1.0,"['FCF/NI=1.29', 'OCF/NI=3.09', 'ratio=-9.63%']",[],
AD.AS,financial_health,Financial Health,False,0.6,"['leverage=37.5%', 'ratio=3.0', 'coverage=3.7x']","['high debt to equity', 'weak liquidity']",
AI.PA,graham_defensive,Graham Defensive,False,0.25,['Dividend payer: yield=199.00%'],"['P/E >= 15', 'valuation too rich on P/B or P/E×P/B', 'current ratio < 2']",
AI.PA,graham_enterprising,Graham Enterprising,False,0.6,"['Debt/equity < 100%: D/E=63%', 'ROE > 8%: ROE=14.0%', 'Positive earnings growth: growth=0.7%']","['P/E >= 25', 'P/B >= 3']",
AI.PA,graham_net_net,Graham Net-Net,False,0.0,[],['missing NCAV (balance sheet data)'],
AI.PA,schloss,Schloss Low P/B,False,0.0,[],"['P/B too high', 'too much leverage']",
AI.PA,deep_value,Deep Value,False,0.0,[],"['P/B not below 1.0', 'EV/EBITDA not below 8']",
AI.PA,earnings_yield,Earnings Yield,False,0.2746,['E/P=3.3% (P/E=30.3)'],['earnings yield 3.3% below 8%'],
AI.PA,fcf_yield,FCF Yield,False,0.0226,['FCF yield=0.2%'],['FCF yield 0.2% below 5%'],
AI.PA,low_pe_high_yield,Low P/E + High Yield,False,0.5,['yield=199.0%'],['P/E not below 12.0'],
AI.PA,lynch_peg,Lynch PEG,False,0.0,"['PEG=43.36', 'growth=0.7%']","['growth 0.7% below 5% floor', 'PEG 43.36 >= 1.0']",
AI.PA,neff_pegy,Neff PEGY,True,0.848,"['PEGY=0.15', 'growth=0.7%', 'yield=199.0%']",[],
AI.PA,quality_value,Quality Value,False,0.6,"['ROE >= 12%: ROE=14.0%', 'Profit margin >= 5%: margin=13.1%', 'Debt/equity < 80%: D/E=63%']","['P/E >= 20', 'FCF yield below 3%']",
AI.PA,buffett_quality,Buffett Quality,False,0.25,['margin >= 8%: margin=13.1%'],"['ROE too low', 'too much debt', 'P/E too high']",
AI.PA,economic_moat,Economic Moat,False,0.25,['wide margin=13.1%'],"['ROE below 18%', 'ROA below 8%', 'leverage too high']",
AI.PA,high_dividend,High Dividend Yield,False,0.3854,"['yield=199.0%', 'universe rank 39%']",['not in top quartile for yield'],
AI.PA,dividend_growth,Dividend Growth,False,0.3333,['dividend payer: yield=199.0%'],"['earnings not growing', 'P/E out of range']",
AI.PA,magic_formula,Magic Formula,False,0.4661,['ROIC rank 57%'],['below top half on combined Magic Formula rank'],
AI.PA,acquirers_multiple,Acquirer's Multiple,False,0.3171,"['EV/EBIT=23.6', 'universe rank 32%']","['EV/EBIT 23.6 above 12.0', 'not in top 40% cheapest on EV/EBIT']",
AI.PA,dreman_contrarian,Dreman Contrarian,False,0.2992,[],"['P/E not in bottom quartile', 'P/B not cheap vs universe', 'dividend yield below median']",
AI.PA,piotroski_f,Piotroski F-Score,True,0.7778,"['F-Score=7/9', 'positive net income', 'positive operating cash flow', 'ROA improving', 'OCF > net income', 'current ratio improving', 'no share dilution', 'gross margin improving']","['leverage declining', 'asset turnover improving']","{'f_score': 7, 'max_score': 9, 'components': [{'name': 'positive net income', 'passed': True}, {'name': 'positive operating cash flow', 'passed': True}, {'name': 'ROA improving', 'passed': True}, {'name': 'OCF > net income', 'passed': True}, {'name': 'leverage declining', 'passed': False}, {'name': 'current ratio improving', 'passed': True}, {'name': 'no share dilution', 'passed': True}, {'name': 'gross margin improving', 'passed': True}, {'name': 'asset turnover improving', 'passed': False}]}"
AI.PA,composite_value,Composite Value,False,0.2384,[],[],
AI.PA,earnings_quality,Earnings Quality,False,0.6667,"['OCF/NI=1.85', 'ratio=-5.78%']",['weak free-cash conversion'],
AI.PA,financial_health,Financial Health,True,1.0,"['D/E=63%', 'leverage=26.2%', 'CR=1.17', 'ratio=2.0', 'coverage=63.3x']",[],
AIR.PA,graham_defensive,Graham Defensive,False,0.25,['Dividend payer: yield=170.00%'],"['P/E >= 15', 'valuation too rich on P/B or P/E×P/B', 'current ratio < 2']",
AIR.PA,graham_enterprising,Graham Enterprising,False,0.8,"['P/E < 25: P/E=25.0', 'Debt/equity < 100%: D/E=55%', 'ROE > 8%: ROE=23.2%', 'Positive earnings growth: growth=125.8%']",['P/B >= 3'],
AIR.PA,graham_net_net,Graham Net-Net,False,0.0,[],['missing NCAV (balance sheet data)'],
AIR.PA,schloss,Schloss Low P/B,False,0.0,[],"['P/B too high', 'too much leverage']",
AIR.PA,deep_value,Deep Value,False,0.0,[],"['P/B not below 1.0', 'EV/EBITDA not below 8']",
AIR.PA,earnings_yield,Earnings Yield,False,0.3334,['E/P=4.0% (P/E=25.0)'],['earnings yield 4.0% below 8%'],
AIR.PA,fcf_yield,FCF Yield,False,0.2106,['FCF yield=2.1%'],['FCF yield 2.1% below 5%'],
AIR.PA,low_pe_high_yield,Low P/E + High Yield,False,0.5,['yield=170.0%'],['P/E not below 12.0'],
AIR.PA,lynch_peg,Lynch PEG,True,0.8013,"['PEG=0.20', 'growth=125.8%']",[],
AIR.PA,neff_pegy,Neff PEGY,True,0.9155,"['PEGY=0.08', 'growth=125.8%', 'yield=170.0%']",[],
AIR.PA,quality_value,Quality Value,False,0.6,"['ROE >= 12%: ROE=23.2%', 'Profit margin >= 5%: margin=7.7%', 'Debt/equity < 80%: D/E=55%']","['P/E >= 20', 'FCF yield below 3%']",
AIR.PA,buffett_quality,Buffett Quality,True,0.75,"['ROE >= 15%: ROE=23.2%', 'D/E < 60.0%: D/E=55%', 'P/E < 25.0: P/E=25.0']",['thin margins'],
AIR.PA,economic_moat,Economic Moat,False,0.25,['high ROE=23.2%'],"['ROA below 8%', 'margins below 12%', 'leverage too high']",
AIR.PA,high_dividend,High Dividend Yield,False,0.3177,"['yield=170.0%', 'universe rank 32%']",['not in top quartile for yield'],
AIR.PA,dividend_growth,Dividend Growth,True,1.0,"['dividend payer: yield=170.0%', 'earnings growth: growth=125.8%', 'reasonable P/E: P/E=25.0']",[],
AIR.PA,magic_formula,Magic Formula,False,0.2728,[],['below top half on combined Magic Formula rank'],
AIR.PA,acquirers_multiple,Acquirer's Multiple,False,0.2134,"['EV/EBIT=28.7', 'universe rank 21%']","['EV/EBIT 28.7 above 12.0', 'not in top 40% cheapest on EV/EBIT']",
AIR.PA,dreman_contrarian,Dreman Contrarian,False,0.2925,[],"['P/E not in bottom quartile', 'P/B not cheap vs universe', 'dividend yield below median']",
AIR.PA,piotroski_f,Piotroski F-Score,True,0.8889,"['F-Score=8/9', 'positive net income', 'positive operating cash flow', 'ROA improving', 'OCF > net income', 'leverage declining', 'current ratio improving', 'no share dilution', 'asset turnover improving']",['gross margin improving'],"{'f_score': 8, 'max_score': 9, 'components': [{'name': 'positive net income', 'passed': True}, {'name': 'positive operating cash flow', 'passed': True}, {'name': 'ROA improving', 'passed': True}, {'name': 'OCF > net income', 'passed': True}, {'name': 'leverage declining', 'passed': True}, {'name': 'current ratio improving', 'passed': True}, {'name': 'no share dilution', 'passed': True}, {'name': 'gross margin improving', 'passed': False}, {'name': 'asset turnover improving', 'passed': True}]}"
AIR.PA,composite_value,Composite Value,False,0.4,[],[],
AIR.PA,earnings_quality,Earnings Quality,False,0.6667,"['OCF/NI=1.53', 'ratio=-2.06%']",['weak free-cash conversion'],
AIR.PA,financial_health,Financial Health,True,1.0,"['D/E=55%', 'leverage=8.2%', 'CR=1.16', 'ratio=0.1', 'coverage=6.8x']",[],
ALV.DE,graham_defensive,Graham Defensive,False,0.5,"['P/E < 15: P/E=13.6', 'Dividend payer: yield=406.00%']","['valuation too rich on P/B or P/E×P/B', 'current ratio < 2']",
ALV.DE,graham_enterprising,Graham Enterprising,True,0.8,"['P/E < 25: P/E=13.6', 'P/B < 3: P/B=2.50', 'Debt/equity < 100%: D/E=51%', 'ROE > 8%: ROE=19.6%']",['negative earnings growth'],
ALV.DE,graham_net_net,Graham Net-Net,False,0.0,[],['missing NCAV (balance sheet data)'],
ALV.DE,schloss,Schloss Low P/B,False,0.0,[],"['P/B too high', 'too much leverage']",
ALV.DE,deep_value,Deep Value,False,0.5,['EV/EBITDA=2.8'],['P/B not below 1.0'],
ALV.DE,earnings_yield,Earnings Yield,False,0.6108,['E/P=7.3% (P/E=13.6)'],['earnings yield 7.3% below 8%'],
ALV.DE,fcf_yield,FCF Yield,True,0.5897,['FCF yield=5.9%'],[],
ALV.DE,low_pe_high_yield,Low P/E + High Yield,False,0.5,['yield=406.0%'],['P/E not below 12.0'],
ALV.DE,lynch_peg,Lynch PEG,False,0.2,[],['missing or negative earnings growth'],
ALV.DE,neff_pegy,Neff PEGY,True,0.9657,"['PEGY=0.03', 'growth=-8.0%', 'yield=406.0%']",[],
ALV.DE,quality_value,Quality Value,True,1.0,"['ROE >= 12%: ROE=19.6%', 'Profit margin >= 5%: margin=9.9%', 'Debt/equity < 80%: D/E=51%', 'P/E < 20: P/E=13.6', 'FCF yield >= 3%: FCF yield=5.9%']",[],
ALV.DE,buffett_quality,Buffett Quality,True,1.0,"['ROE >= 15%: ROE=19.6%', 'D/E < 60.0%: D/E=51%', 'margin >= 8%: margin=9.9%', 'P/E < 25.0: P/E=13.6']",[],
ALV.DE,economic_moat,Economic Moat,False,0.25,['high ROE=19.6%'],"['ROA below 8%', 'margins below 12%', 'leverage too high']",
ALV.DE,high_dividend,High Dividend Yield,False,0.7135,"['yield=406.0%', 'universe rank 71%']",['not in top quartile for yield'],
ALV.DE,dividend_growth,Dividend Growth,True,0.6667,"['dividend payer: yield=406.0%', 'reasonable P/E: P/E=13.6']",['earnings not growing'],
ALV.DE,magic_formula,Magic Formula,False,0.0,[],['missing EBIT/EV or ROIC inputs'],
ALV.DE,acquirers_multiple,Acquirer's Multiple,True,0.9512,"['EV/EBIT=3.7', 'universe rank 95%']",[],
ALV.DE,dreman_contrarian,Dreman Contrarian,False,0.6093,['dividend rank 71%'],"['P/E not in bottom quartile', 'P/B not cheap vs universe']",
ALV.DE,piotroski_f,Piotroski F-Score,False,0.6667,"['F-Score=6/9', 'positive net income', 'positive operating cash flow', 'ROA improving', 'OCF > net income', 'no share dilution', 'asset turnover improving']","['F-Score 6/9 below 7', 'leverage declining', 'current ratio improving', 'gross margin improving']","{'f_score': 6, 'max_score': 9, 'components': [{'name': 'positive net income', 'passed': True}, {'name': 'positive operating cash flow', 'passed': True}, {'name': 'ROA improving', 'passed': True}, {'name': 'OCF > net income', 'passed': True}, {'name': 'leverage declining', 'passed': False}, {'name': 'current ratio improving', 'passed': False}, {'name': 'no share dilution', 'passed': True}, {'name': 'gross margin improving', 'passed': False}, {'name': 'asset turnover improving', 'passed': True}]}"
ALV.DE,composite_value,Composite Value,False,0.4552,[],[],
ALV.DE,earnings_quality,Earnings Quality,True,1.0,"['FCF/NI=0.86', 'OCF/NI=3.08', 'ratio=-2.19%']",[],
ALV.DE,financial_health,Financial Health,False,0.8,"['D/E=51%', 'leverage=3.4%', 'ratio=-4.8', 'coverage=21.4x']",['weak liquidity'],
ABI.BR,graham_defensive,Graham Defensive,False,0.25,['Dividend payer: yield=170.00%'],"['P/E >= 15', 'valuation too rich on P/B or P/E×P/B', 'current ratio < 2']",
ABI.BR,graham_enterprising,Graham Enterprising,True,1.0,"['P/E < 25: P/E=16.9', 'P/B < 3: P/B=1.59', 'Debt/equity < 100%: D/E=72%', 'ROE > 8%: ROE=11.4%', 'Positive earnings growth: growth=124.9%']",[],
ABI.BR,graham_net_net,Graham Net-Net,False,0.0,[],['missing NCAV (balance sheet data)'],
ABI.BR,schloss,Schloss Low P/B,False,0.0,[],"['P/B too high', 'too much leverage']",
ABI.BR,deep_value,Deep Value,False,0.0,[],"['P/B not below 1.0', 'EV/EBITDA not below 8']",
ABI.BR,earnings_yield,Earnings Yield,False,0.4921,['E/P=5.9% (P/E=16.9)'],['earnings yield 5.9% below 8%'],
ABI.BR,fcf_yield,FCF Yield,True,0.8057,['FCF yield=8.1%'],[],
ABI.BR,low_pe_high_yield,Low P/E + High Yield,False,0.5,['yield=170.0%'],['P/E not below 12.0'],
ABI.BR,lynch_peg,Lynch PEG,True,0.8644,"['PEG=0.14', 'growth=124.9%']",[],
ABI.BR,neff_pegy,Neff PEGY,True,0.9426,"['PEGY=0.06', 'growth=124.9%', 'yield=170.0%']",[],
ABI.BR,quality_value,Quality Value,False,0.8,"['Profit margin >= 5%: margin=14.9%', 'Debt/equity < 80%: D/E=72%', 'P/E < 20: P/E=16.9', 'FCF yield >= 3%: FCF yield=8.1%']",['ROE below 12%'],
ABI.BR,buffett_quality,Buffett Quality,False,0.5,"['margin >= 8%: margin=14.9%', 'P/E < 25.0: P/E=16.9']","['ROE too low', 'too much debt']",
ABI.BR,economic_moat,Economic Moat,False,0.25,['wide margin=14.9%'],"['ROE below 18%', 'ROA below 8%', 'leverage too high']",
ABI.BR,high_dividend,High Dividend Yield,False,0.3177,"['yield=170.0%', 'universe rank 32%']",['not in top quartile for yield'],
ABI.BR,dividend_growth,Dividend Growth,True,1.0,"['dividend payer: yield=170.0%', 'earnings growth: growth=124.9%', 'reasonable P/E: P/E=16.9']",[],
ABI.BR,magic_formula,Magic Formula,True,0.5627,['earnings yield rank 74%'],[],
ABI.BR,acquirers_multiple,Acquirer's Multiple,False,0.7012,"['EV/EBIT=13.1', 'universe rank 70%']",['EV/EBIT 13.1 above 12.0'],
ABI.BR,dreman_contrarian,Dreman Contrarian,False,0.5064,['low P/B rank 66%'],"['P/E not in bottom quartile', 'dividend yield below median']",
ABI.BR,piotroski_f,Piotroski F-Score,True,0.8889,"['F-Score=8/9', 'positive net income', 'positive operating cash flow', 'ROA improving', 'OCF > net income', 'leverage declining', 'current ratio improving', 'no share dilution', 'gross margin improving']",['asset turnover improving'],"{'f_score': 8, 'max_score': 9, 'components': [{'name': 'positive net income', 'passed': True}, {'name': 'positive operating cash flow', 'passed': True}, {'name': 'ROA improving', 'passed': True}, {'name': 'OCF > net income', 'passed': True}, {'name': 'leverage declining', 'passed': True}, {'name': 'current ratio improving', 'passed': True}, {'name': 'no share dilution', 'passed': True}, {'name': 'gross margin improving', 'passed': True}, {'name': 'asset turnover improving', 'passed': False}]}"
ABI.BR,composite_value,Composite Value,False,0.6181,"['top-tier on price_to_book (percentile 86%)', 'top-tier on fcf_yield (percentile 71%)', 'top-tier on ev_ebitda (percentile 71%)']",[],
ABI.BR,earnings_quality,Earnings Quality,True,1.0,"['FCF/NI=1.56', 'OCF/NI=2.18', 'ratio=-3.68%']",[],
ABI.BR,financial_health,Financial Health,False,0.8,"['D/E=72%', 'leverage=33.4%', 'ratio=3.3', 'coverage=4.1x']",['weak liquidity'],
ARGX.BR,graham_defensive,Graham Defensive,False,0.25,['Current ratio >= 2: CR=5.12'],"['P/E >= 15', 'valuation too rich on P/B or P/E×P/B', 'no dividend']",
ARGX.BR,graham_enterprising,Graham Enterprising,False,0.6,"['Debt/equity < 100%: D/E=1%', 'ROE > 8%: ROE=23.6%', 'Positive earnings growth: growth=95.2%']","['P/E >= 25', 'P/B >= 3']",
ARGX.BR,graham_net_net,Graham Net-Net,False,0.0,[],['missing NCAV (balance sheet data)'],
ARGX.BR,schloss,Schloss Low P/B,False,0.5,['D/E < 50.0%: D/E=1%'],['P/B too high'],
ARGX.BR,deep_value,Deep Value,False,0.0,[],"['P/B not below 1.0', 'EV/EBITDA not below 8']",
ARGX.BR,earnings_yield,Earnings Yield,False,0.224,['E/P=2.7% (P/E=37.2)'],['earnings yield 2.7% below 8%'],
ARGX.BR,fcf_yield,FCF Yield,False,0.1464,['FCF yield=1.5%'],['FCF yield 1.5% below 5%'],
ARGX.BR,low_pe_high_yield,Low P/E + High Yield,False,0.0,[],"['P/E not below 12.0', 'yield below 4%']",
ARGX.BR,lynch_peg,Lynch PEG,True,0.6093,"['PEG=0.39', 'growth=95.2%']",[],
ARGX.BR,neff_pegy,Neff PEGY,True,0.6093,"['PEGY=0.39', 'growth=95.2%', 'yield=0.0%']",[],
ARGX.BR,quality_value,Quality Value,False,0.6,"['ROE >= 12%: ROE=23.6%', 'Profit margin >= 5%: margin=32.3%', 'Debt/equity < 80%: D/E=1%']","['P/E >= 20', 'FCF yield below 3%']",
ARGX.BR,buffett_quality,Buffett Quality,False,0.75,"['ROE >= 15%: ROE=23.6%', 'D/E < 60.0%: D/E=1%', 'margin >= 8%: margin=32.3%']",['P/E too high'],
ARGX.BR,economic_moat,Economic Moat,True,1.0,"['high ROE=23.6%', 'solid ROA=14.9%', 'wide margin=32.3%', 'low leverage D/E=1%']",[],
ARGX.BR,high_dividend,High Dividend Yield,False,0.0,"['yield=0.0%', 'universe rank 0%']","['yield 0.0% below 3% floor', 'not in top quartile for yield']",
ARGX.BR,dividend_growth,Dividend Growth,False,0.3333,['earnings growth: growth=95.2%'],"['yield too low', 'P/E out of range']",
ARGX.BR,magic_formula,Magic Formula,False,0.4016,['ROIC rank 64%'],['below top half on combined Magic Formula rank'],
ARGX.BR,acquirers_multiple,Acquirer's Multiple,False,0.1159,"['EV/EBIT=44.6', 'universe rank 12%']","['EV/EBIT 44.6 above 12.0', 'not in top 40% cheapest on EV/EBIT']",
ARGX.BR,dreman_contrarian,Dreman Contrarian,False,0.1041,[],"['P/E not in bottom quartile', 'P/B not cheap vs universe', 'dividend yield below median']",
ARGX.BR,piotroski_f,Piotroski F-Score,False,0.5556,"['F-Score=5/9', 'positive net income', 'positive operating cash flow', 'ROA improving', 'leverage declining', 'asset turnover improving']","['F-Score 5/9 below 7', 'OCF > net income', 'current ratio improving', 'no share dilution', 'gross margin improving']","{'f_score': 5, 'max_score': 9, 'components': [{'name': 'positive net income', 'passed': True}, {'name': 'positive operating cash flow', 'passed': True}, {'name': 'ROA improving', 'passed': True}, {'name': 'OCF > net income', 'passed': False}, {'name': 'leverage declining', 'passed': True}, {'name': 'current ratio improving', 'passed': False}, {'name': 'no share dilution', 'passed': False}, {'name': 'gross margin improving', 'passed': False}, {'name': 'asset turnover improving', 'passed': True}]}"
ARGX.BR,composite_value,Composite Value,False,0.2219,[],[],
ARGX.BR,earnings_quality,Earnings Quality,False,0.3333,['ratio=6.99%'],"['weak free-cash conversion', 'operating cash below earnings']",
ARGX.BR,financial_health,Financial Health,True,1.0,"['D/E=1%', 'leverage=0.5%', 'CR=5.23', 'ratio=-3.2', 'coverage=258.4x']",[],
ASML.AS,graham_defensive,Graham Defensive,False,0.25,['Dividend payer: yield=48.00%'],"['P/E >= 15', 'valuation too rich on P/B or P/E×P/B', 'current ratio < 2']",
ASML.AS,graham_enterprising,Graham Enterprising,False,0.6,"['Debt/equity < 100%: D/E=9%', 'ROE > 8%: ROE=53.9%', 'Positive earnings growth: growth=28.5%']","['P/E >= 25', 'P/B >= 3']",
ASML.AS,graham_net_net,Graham Net-Net,False,0.0,[],['missing NCAV (balance sheet data)'],
ASML.AS,schloss,Schloss Low P/B,False,0.5,['D/E < 50.0%: D/E=9%'],['P/B too high'],
ASML.AS,deep_value,Deep Value,False,0.0,[],"['P/B not below 1.0', 'EV/EBITDA not below 8']",
ASML.AS,earnings_yield,Earnings Yield,False,0.1368,['E/P=1.6% (P/E=60.9)'],['earnings yield 1.6% below 8%'],
ASML.AS,fcf_yield,FCF Yield,False,0.1366,['FCF yield=1.4%'],['FCF yield 1.4% below 5%'],
ASML.AS,low_pe_high_yield,Low P/E + High Yield,False,0.5,['yield=48.0%'],['P/E not below 12.0'],
ASML.AS,lynch_peg,Lynch PEG,False,0.0,"['PEG=2.14', 'growth=28.5%']",['PEG 2.14 >= 1.0'],
ASML.AS,neff_pegy,Neff PEGY,True,0.2039,"['PEGY=0.80', 'growth=28.5%', 'yield=48.0%']",[],
ASML.AS,quality_value,Quality Value,False,0.6,"['ROE >= 12%: ROE=53.9%', 'Profit margin >= 5%: margin=30.1%', 'Debt/equity < 80%: D/E=9%']","['P/E >= 20', 'FCF yield below 3%']",
ASML.AS,buffett_quality,Buffett Quality,False,0.75,"['ROE >= 15%: ROE=53.9%', 'D/E < 60.0%: D/E=9%', 'margin >= 8%: margin=30.1%']",['P/E too high'],
ASML.AS,economic_moat,Economic Moat,True,1.0,"['high ROE=53.9%', 'solid ROA=19.0%', 'wide margin=30.1%', 'low leverage D/E=9%']",[],
ASML.AS,high_dividend,High Dividend Yield,False,0.0885,"['yield=48.0%', 'universe rank 9%']",['not in top quartile for yield'],
ASML.AS,dividend_growth,Dividend Growth,True,0.6667,"['dividend payer: yield=48.0%', 'earnings growth: growth=28.5%']",['P/E out of range'],
ASML.AS,magic_formula,Magic Formula,True,0.5577,['ROIC rank 99%'],[],
ASML.AS,acquirers_multiple,Acquirer's Multiple,False,0.0793,"['EV/EBIT=55.1', 'universe rank 8%']","['EV/EBIT 55.1 above 12.0', 'not in top 40% cheapest on EV/EBIT']",
ASML.AS,dreman_contrarian,Dreman Contrarian,False,0.0633,[],"['P/E not in bottom quartile', 'P/B not cheap vs universe', 'dividend yield below median']",
ASML.AS,piotroski_f,Piotroski F-Score,True,0.8889,"['F-Score=8/9', 'positive net income', 'positive operating cash flow', 'ROA improving', 'OCF > net income', 'leverage declining', 'no share dilution', 'gross margin improving', 'asset turnover improving']",['current ratio improving'],"{'f_score': 8, 'max_score': 9, 'components': [{'name': 'positive net income', 'passed': True}, {'name': 'positive operating cash flow', 'passed': True}, {'name': 'ROA improving', 'passed': True}, {'name': 'OCF > net income', 'passed': True}, {'name': 'leverage declining', 'passed': True}, {'name': 'current ratio improving', 'passed': False}, {'name': 'no share dilution', 'passed': True}, {'name': 'gross margin improving', 'passed': True}, {'name': 'asset turnover improving', 'passed': True}]}"
ASML.AS,composite_value,Composite Value,False,0.3042,[],[],
ASML.AS,earnings_quality,Earnings Quality,True,1.0,"['FCF/NI=0.88', 'OCF/NI=1.32', 'ratio=-6.03%']",[],
ASML.AS,financial_health,Financial Health,True,1.0,"['D/E=9%', 'leverage=8.7%', 'CR=1.26', 'ratio=-0.4', 'coverage=95.5x']",[],
CS.PA,graham_defensive,Graham Defensive,True,1.0,"['P/E < 15: P/E=11.3', 'P/B < 1.5 or P/E×P/B < 22.5: P/B=1.90', 'Current ratio >= 2: CR=11.53', 'Dividend payer: yield=542.00%']",[],
CS.PA,graham_enterprising,Graham Enterprising,True,0.8,"['P/E < 25: P/E=11.3', 'P/B < 3: P/B=1.90', 'ROE > 8%: ROE=14.9%', 'Positive earnings growth: growth=13.2%']",['excessive leverage'],
CS.PA,graham_net_net,Graham Net-Net,False,0.0,[],['missing NCAV (balance sheet data)'],
CS.PA,schloss,Schloss Low P/B,False,0.0,[],"['P/B too high', 'too much leverage']",
CS.PA,deep_value,Deep Value,False,0.0,[],"['P/B not below 1.0', 'EV/EBITDA not below 8']",
CS.PA,earnings_yield,Earnings Yield,True,0.7358,['E/P=8.8% (P/E=11.3)'],[],
CS.PA,fcf_yield,FCF Yield,False,0.0,['FCF yield=-30.0%'],['FCF yield -30.0% below 5%'],
CS.PA,low_pe_high_yield,Low P/E + High Yield,True,1.0,"['P/E=11.3', 'yield=542.0%']",[],
CS.PA,lynch_peg,Lynch PEG,True,0.142,"['PEG=0.86', 'growth=13.2%']",[],
CS.PA,neff_pegy,Neff PEGY,True,0.9796,"['PEGY=0.02', 'growth=13.2%', 'yield=542.0%']",[],
CS.PA,quality_value,Quality Value,False,0.6,"['ROE >= 12%: ROE=14.9%', 'Profit margin >= 5%: margin=10.4%', 'P/E < 20: P/E=11.3']","['high leverage', 'FCF yield below 3%']",
CS.PA,buffett_quality,Buffett Quality,False,0.5,"['margin >= 8%: margin=10.4%', 'P/E < 25.0: P/E=11.3']","['ROE too low', 'too much debt']",
CS.PA,economic_moat,Economic Moat,False,0.0,[],"['ROE below 18%', 'ROA below 8%', 'margins below 12%', 'leverage too high']",
CS.PA,high_dividend,High Dividend Yield,True,0.8698,"['yield=542.0%', 'universe rank 87%']",[],
CS.PA,dividend_growth,Dividend Growth,True,1.0,"['dividend payer: yield=542.0%', 'earnings growth: growth=13.2%', 'reasonable P/E: P/E=11.3']",[],
CS.PA,magic_formula,Magic Formula,False,0.0,[],['missing EBIT/EV or ROIC inputs'],
CS.PA,acquirers_multiple,Acquirer's Multiple,False,0.0,[],['could not rank EV/EBIT'],
CS.PA,dreman_contrarian,Dreman Contrarian,True,0.7498,"['low P/E rank 81%', 'dividend rank 87%']",['P/B not cheap vs universe'],
CS.PA,piotroski_f,Piotroski F-Score,True,0.7778,"['F-Score=7/9', 'positive net income', 'positive operating cash flow', 'ROA improving', 'OCF > net income', 'leverage declining', 'no share dilution', 'asset turnover improving']","['current ratio improving', 'gross margin improving']","{'f_score': 7, 'max_score': 9, 'components': [{'name': 'positive net income', 'passed': True}, {'name': 'positive operating cash flow', 'passed': True}, {'name': 'ROA improving', 'passed': True}, {'name': 'OCF > net income', 'passed': True}, {'name': 'leverage declining', 'passed': True}, {'name': 'current ratio improving', 'passed': False}, {'name': 'no share dilution', 'passed': True}, {'name': 'gross margin improving', 'passed': False}, {'name': 'asset turnover improving', 'passed': True}]}"
CS.PA,composite_value,Composite Value,False,0.4753,['top-tier on dividend_yield (percentile 77%)'],['missing ev_ebitda'],
CS.PA,earnings_quality,Earnings Quality,False,0.6667,"['OCF/NI=2.28', 'ratio=-1.98%']",['weak free-cash conversion'],
CS.PA,financial_health,Financial Health,False,0.4,"['leverage=9.5%', 'insufficient data — skipped']","['high debt to equity', 'weak liquidity', 'weak interest coverage']",
BAS.DE,graham_defensive,Graham Defensive,False,0.5,"['P/B < 1.5 or P/E×P/B < 22.5: P/B=1.22', 'Dividend payer: yield=440.00%']","['P/E >= 15', 'current ratio < 2']",
BAS.DE,graham_enterprising,Graham Enterprising,False,0.8,"['P/E < 25: P/E=21.3', 'P/B < 3: P/B=1.22', 'Debt/equity < 100%: D/E=71%', 'Positive earnings growth: growth=5298.9%']",['ROE <= 8%'],
BAS.DE,graham_net_net,Graham Net-Net,False,0.0,[],['missing NCAV (balance sheet data)'],
BAS.DE,schloss,Schloss Low P/B,False,0.0,[],"['P/B too high', 'too much leverage']",
BAS.DE,deep_value,Deep Value,False,0.0,[],"['P/B not below 1.0', 'EV/EBITDA not below 8']",
BAS.DE,earnings_yield,Earnings Yield,False,0.3909,['E/P=4.7% (P/E=21.3)'],['earnings yield 4.7% below 8%'],
BAS.DE,fcf_yield,FCF Yield,False,0.2395,['FCF yield=2.4%'],['FCF yield 2.4% below 5%'],
BAS.DE,low_pe_high_yield,Low P/E + High Yield,False,0.5,['yield=440.0%'],['P/E not below 12.0'],
BAS.DE,lynch_peg,Lynch PEG,True,0.996,"['PEG=0.00', 'growth=5298.9%']",[],
BAS.DE,neff_pegy,Neff PEGY,True,0.9963,"['PEGY=0.00', 'growth=5298.9%', 'yield=440.0%']",[],
BAS.DE,quality_value,Quality Value,False,0.4,"['Profit margin >= 5%: margin=9.4%', 'Debt/equity < 80%: D/E=71%']","['ROE below 12%', 'P/E >= 20', 'FCF yield below 3%']",
BAS.DE,buffett_quality,Buffett Quality,False,0.5,"['margin >= 8%: margin=9.4%', 'P/E < 25.0: P/E=21.3']","['ROE too low', 'too much debt']",
BAS.DE,economic_moat,Economic Moat,False,0.0,[],"['ROE below 18%', 'ROA below 8%', 'margins below 12%', 'leverage too high']",
BAS.DE,high_dividend,High Dividend Yield,True,0.7552,"['yield=440.0%', 'universe rank 76%']",[],
BAS.DE,dividend_growth,Dividend Growth,True,1.0,"['dividend payer: yield=440.0%', 'earnings growth: growth=5298.9%', 'reasonable P/E: P/E=21.3']",[],
BAS.DE,magic_formula,Magic Formula,False,0.2898,[],['below top half on combined Magic Formula rank'],
BAS.DE,acquirers_multiple,Acquirer's Multiple,False,0.3659,"['EV/EBIT=22.4', 'universe rank 37%']","['EV/EBIT 22.4 above 12.0', 'not in top 40% cheapest on EV/EBIT']",
BAS.DE,dreman_contrarian,Dreman Contrarian,False,0.6552,"['low P/B rank 81%', 'dividend rank 76%']",['P/E not in bottom quartile'],
BAS.DE,piotroski_f,Piotroski F-Score,True,0.7778,"['F-Score=7/9', 'positive net income', 'positive operating cash flow', 'ROA improving', 'OCF > net income', 'current ratio improving', 'no share dilution', 'asset turnover improving']","['leverage declining', 'gross margin improving']","{'f_score': 7, 'max_score': 9, 'components': [{'name': 'positive net income', 'passed': True}, {'name': 'positive operating cash flow', 'passed': True}, {'name': 'ROA improving', 'passed': True}, {'name': 'OCF > net income', 'passed': True}, {'name': 'leverage declining', 'passed': False}, {'name': 'current ratio improving', 'passed': True}, {'name': 'no share dilution', 'passed': True}, {'name': 'gross margin improving', 'passed': False}, {'name': 'asset turnover improving', 'passed': True}]}"
BAS.DE,composite_value,Composite Value,False,0.6117,"['top-tier on trailing_pe (percentile 71%)', 'top-tier on dividend_yield (percentile 71%)']",[],
BAS.DE,earnings_quality,Earnings Quality,True,1.0,"['FCF/NI=0.65', 'OCF/NI=3.47', 'ratio=-5.24%']",[],
BAS.DE,financial_health,Financial Health,True,1.0,"['D/E=71%', 'leverage=30.5%', 'CR=1.93', 'ratio=2.9', 'coverage=2.9x']",[],
BAYN.DE,graham_defensive,Graham Defensive,False,0.5,"['P/B < 1.5 or P/E×P/B < 22.5: P/B=1.46', 'Dividend payer: yield=25.00%']","['no positive trailing P/E', 'current ratio < 2']",
BAYN.DE,graham_enterprising,Graham Enterprising,False,0.2,['P/B < 3: P/B=1.46'],"['missing P/E', 'excessive leverage', 'ROE <= 8%', 'negative earnings growth']",
BAYN.DE,graham_net_net,Graham Net-Net,False,0.0,[],['missing NCAV (balance sheet data)'],
BAYN.DE,schloss,Schloss Low P/B,False,0.0,[],"['P/B too high', 'too much leverage']",
BAYN.DE,deep_value,Deep Value,False,0.5,['EV/EBITDA=7.6'],['P/B not below 1.0'],
BAYN.DE,earnings_yield,Earnings Yield,False,1.0,['E/P=nan% (P/E=nan)'],['earnings yield nan% below 8%'],
BAYN.DE,fcf_yield,FCF Yield,True,1.0,['FCF yield=15.2%'],[],
BAYN.DE,low_pe_high_yield,Low P/E + High Yield,False,0.5,['yield=25.0%'],['P/E not below 12.0'],
BAYN.DE,lynch_peg,Lynch PEG,False,0.0,"['PEG=nan', 'growth=nan%']",[],
BAYN.DE,neff_pegy,Neff PEGY,False,0.0,"['PEGY=nan', 'growth=nan%', 'yield=25.0%']",['PEGY nan >= 1.0'],
BAYN.DE,quality_value,Quality Value,False,0.2,['FCF yield >= 3%: FCF yield=15.2%'],"['ROE below 12%', 'thin margins', 'high leverage', 'missing P/E']",
BAYN.DE,buffett_quality,Buffett Quality,False,0.0,[],"['ROE too low', 'too much debt', 'thin margins', 'missing P/E']",
BAYN.DE,economic_moat,Economic Moat,False,0.0,[],"['ROE below 18%', 'ROA below 8%', 'margins below 12%', 'leverage too high']",
BAYN.DE,high_dividend,High Dividend Yield,False,0.0677,"['yield=25.0%', 'universe rank 7%']","['not in top quartile for yield', 'no positive earnings']",
BAYN.DE,dividend_growth,Dividend Growth,False,0.3333,['dividend payer: yield=25.0%'],"['earnings not growing', 'P/E out of range']",
BAYN.DE,magic_formula,Magic Formula,True,0.5879,['earnings yield rank 77%'],[],
BAYN.DE,acquirers_multiple,Acquirer's Multiple,False,0.7317,"['EV/EBIT=12.6', 'universe rank 73%']",['EV/EBIT 12.6 above 12.0'],
BAYN.DE,dreman_contrarian,Dreman Contrarian,False,0.3965,['low P/B rank 73%'],['dividend yield below median'],
BAYN.DE,piotroski_f,Piotroski F-Score,False,0.6667,"['F-Score=6/9', 'positive operating cash flow', 'OCF > net income', 'leverage declining', 'no share dilution', 'gross margin improving', 'asset turnover improving']","['F-Score 6/9 below 7', 'positive net income', 'ROA improving', 'current ratio improving']","{'f_score': 6, 'max_score': 9, 'components': [{'name': 'positive net income', 'passed': False}, {'name': 'positive operating cash flow', 'passed': True}, {'name': 'ROA improving', 'passed': False}, {'name': 'OCF > net income', 'passed': True}, {'name': 'leverage declining', 'passed': True}, {'name': 'current ratio improving', 'passed': False}, {'name': 'no share dilution', 'passed': True}, {'name': 'gross margin improving', 'passed': True}, {'name': 'asset turnover improving', 'passed': True}]}"
BAYN.DE,composite_value,Composite Value,True,0.7013,"['top-tier on price_to_book (percentile 80%)', 'top-tier on fcf_yield (percentile 93%)', 'top-tier on ev_ebitda (percentile 93%)']",['missing trailing_pe'],
BAYN.DE,earnings_quality,Earnings Quality,False,0.5,['ratio=-9.14%'],['negative net income'],
BAYN.DE,financial_health,Financial Health,False,0.6,"['leverage=34.9%', 'ratio=3.3', 'coverage=2.7x']","['high debt to equity', 'weak liquidity']",
BBVA.MC,graham_defensive,Graham Defensive,False,0.5,"['P/E < 15: P/E=12.4', 'Dividend payer: yield=379.00%']","['valuation too rich on P/B or P/E×P/B', 'current ratio < 2']",
BBVA.MC,graham_enterprising,Graham Enterprising,True,0.8,"['P/E < 25: P/E=12.4', 'P/B < 3: P/B=2.29', 'ROE > 8%: ROE=18.9%', 'Positive earnings growth: growth=15.2%']",['excessive leverage'],
BBVA.MC,graham_net_net,Graham Net-Net,False,0.0,[],['missing NCAV (balance sheet data)'],
BBVA.MC,schloss,Schloss Low P/B,False,0.0,[],"['P/B too high', 'too much leverage']",
BBVA.MC,deep_value,Deep Value,False,0.0,[],"['P/B not below 1.0', 'EV/EBITDA not below 8']",
BBVA.MC,earnings_yield,Earnings Yield,True,0.6701,['E/P=8.0% (P/E=12.4)'],[],
BBVA.MC,fcf_yield,FCF Yield,False,1.0,['FCF yield=nan%'],['FCF yield nan% below 5%'],
BBVA.MC,low_pe_high_yield,Low P/E + High Yield,False,0.5,['yield=379.0%'],['P/E not below 12.0'],
BBVA.MC,lynch_peg,Lynch PEG,True,0.1818,"['PEG=0.82', 'growth=15.2%']",[],
BBVA.MC,neff_pegy,Neff PEGY,True,0.9685,"['PEGY=0.03', 'growth=15.2%', 'yield=379.0%']",[],
BBVA.MC,quality_value,Quality Value,False,0.6,"['ROE >= 12%: ROE=18.9%', 'Profit margin >= 5%: margin=32.6%', 'P/E < 20: P/E=12.4']","['high leverage', 'FCF yield below 3%']",
BBVA.MC,buffett_quality,Buffett Quality,True,0.75,"['ROE >= 15%: ROE=18.9%', 'margin >= 8%: margin=32.6%', 'P/E < 25.0: P/E=12.4']",['too much debt'],
BBVA.MC,economic_moat,Economic Moat,False,0.5,"['high ROE=18.9%', 'wide margin=32.6%']","['ROA below 8%', 'leverage too high']",
BBVA.MC,high_dividend,High Dividend Yield,False,0.6615,"['yield=379.0%', 'universe rank 66%']",['not in top quartile for yield'],
BBVA.MC,dividend_growth,Dividend Growth,True,1.0,"['dividend payer: yield=379.0%', 'earnings growth: growth=15.2%', 'reasonable P/E: P/E=12.4']",[],
BBVA.MC,magic_formula,Magic Formula,False,0.0,[],['missing EBIT/EV or ROIC inputs'],
BBVA.MC,acquirers_multiple,Acquirer's Multiple,False,0.0,[],['could not rank EV/EBIT'],
BBVA.MC,dreman_contrarian,Dreman Contrarian,True,0.626,"['low P/E rank 76%', 'dividend rank 66%']",['P/B not cheap vs universe'],
BBVA.MC,piotroski_f,Piotroski F-Score,False,0.4444,"['F-Score=4/9', 'positive net income', 'positive operating cash flow', 'OCF > net income', 'no share dilution']","['F-Score 4/9 below 7', 'ROA improving', 'leverage declining', 'current ratio improving', 'gross margin improving', 'asset turnover improving']","{'f_score': 4, 'max_score': 9, 'components': [{'name': 'positive net income', 'passed': True}, {'name': 'positive operating cash flow', 'passed': True}, {'name': 'ROA improving', 'passed': False}, {'name': 'OCF > net income', 'passed': True}, {'name': 'leverage declining', 'passed': False}, {'name': 'current ratio improving', 'passed': False}, {'name': 'no share dilution', 'passed': True}, {'name': 'gross margin improving', 'passed': False}, {'name': 'asset turnover improving', 'passed': False}]}"
BBVA.MC,composite_value,Composite Value,False,0.3928,[],"['missing fcf_yield', 'missing ev_ebitda']",
BBVA.MC,earnings_quality,Earnings Quality,False,0.6667,"['OCF/NI=1.42', 'ratio=-0.52%']",['weak free-cash conversion'],
BBVA.MC,financial_health,Financial Health,False,0.4,"['leverage=10.4%', 'insufficient data — skipped']","['high debt to equity', 'weak liquidity', 'weak interest coverage']",
SAN.MC,graham_defensive,Graham Defensive,False,0.75,"['P/E < 15: P/E=13.9', 'P/B < 1.5 or P/E×P/B < 22.5: P/B=1.60', 'Dividend payer: yield=203.00%']",['current ratio < 2'],
SAN.MC,graham_enterprising,Graham Enterprising,True,0.8,"['P/E < 25: P/E=13.9', 'P/B < 3: P/B=1.60', 'ROE > 8%: ROE=13.1%', 'Positive earnings growth: growth=8.7%']",['excessive leverage'],
SAN.MC,graham_net_net,Graham Net-Net,False,0.0,[],['missing NCAV (balance sheet data)'],
SAN.MC,schloss,Schloss Low P/B,False,0.0,[],"['P/B too high', 'too much leverage']",
SAN.MC,deep_value,Deep Value,False,0.0,[],"['P/B not below 1.0', 'EV/EBITDA not below 8']",
SAN.MC,earnings_yield,Earnings Yield,False,0.5989,['E/P=7.2% (P/E=13.9)'],['earnings yield 7.2% below 8%'],
SAN.MC,fcf_yield,FCF Yield,False,1.0,['FCF yield=nan%'],['FCF yield nan% below 5%'],
SAN.MC,low_pe_high_yield,Low P/E + High Yield,False,0.5,['yield=203.0%'],['P/E not below 12.0'],
SAN.MC,lynch_peg,Lynch PEG,False,0.0,"['PEG=1.60', 'growth=8.7%']",['PEG 1.60 >= 1.0'],
SAN.MC,neff_pegy,Neff PEGY,True,0.9343,"['PEGY=0.07', 'growth=8.7%', 'yield=203.0%']",[],
SAN.MC,quality_value,Quality Value,False,0.6,"['ROE >= 12%: ROE=13.1%', 'Profit margin >= 5%: margin=33.5%', 'P/E < 20: P/E=13.9']","['high leverage', 'FCF yield below 3%']",
SAN.MC,buffett_quality,Buffett Quality,False,0.5,"['margin >= 8%: margin=33.5%', 'P/E < 25.0: P/E=13.9']","['ROE too low', 'too much debt']",
SAN.MC,economic_moat,Economic Moat,False,0.25,['wide margin=33.5%'],"['ROE below 18%', 'ROA below 8%', 'leverage too high']",
SAN.MC,high_dividend,High Dividend Yield,False,0.3906,"['yield=203.0%', 'universe rank 39%']",['not in top quartile for yield'],
SAN.MC,dividend_growth,Dividend Growth,True,1.0,"['dividend payer: yield=203.0%', 'earnings growth: growth=8.7%', 'reasonable P/E: P/E=13.9']",[],
SAN.MC,magic_formula,Magic Formula,False,0.0,[],['missing EBIT/EV or ROIC inputs'],
SAN.MC,acquirers_multiple,Acquirer's Multiple,False,0.0,[],['could not rank EV/EBIT'],
SAN.MC,dreman_contrarian,Dreman Contrarian,False,0.5671,['low P/B rank 65%'],"['P/E not in bottom quartile', 'dividend yield below median']",
SAN.MC,piotroski_f,Piotroski F-Score,False,0.4444,"['F-Score=4/9', 'positive net income', 'ROA improving', 'leverage declining', 'no share dilution']","['F-Score 4/9 below 7', 'positive operating cash flow', 'OCF > net income', 'current ratio improving', 'gross margin improving', 'asset turnover improving']","{'f_score': 4, 'max_score': 9, 'components': [{'name': 'positive net income', 'passed': True}, {'name': 'positive operating cash flow', 'passed': False}, {'name': 'ROA improving', 'passed': True}, {'name': 'OCF > net income', 'passed': False}, {'name': 'leverage declining', 'passed': True}, {'name': 'current ratio improving', 'passed': False}, {'name': 'no share dilution', 'passed': True}, {'name': 'gross margin improving', 'passed': False}, {'name': 'asset turnover improving', 'passed': False}]}"
SAN.MC,composite_value,Composite Value,False,0.3527,[],"['missing fcf_yield', 'missing ev_ebitda']",
SAN.MC,earnings_quality,Earnings Quality,False,0.3333,['ratio=1.55%'],"['weak free-cash conversion', 'operating cash below earnings']",
SAN.MC,financial_health,Financial Health,False,0.4,"['leverage=17.5%', 'insufficient data — skipped']","['high debt to equity', 'weak liquidity', 'weak interest coverage']",
BMW.DE,graham_defensive,Graham Defensive,False,0.75,"['P/E < 15: P/E=5.2', 'P/B < 1.5 or P/E×P/B < 22.5: P/B=0.34', 'Dividend payer: yield=805.00%']",['current ratio < 2'],
BMW.DE,graham_enterprising,Graham Enterprising,False,0.4,"['P/E < 25: P/E=5.2', 'P/B < 3: P/B=0.34']","['excessive leverage', 'ROE <= 8%', 'negative earnings growth']",
BMW.DE,graham_net_net,Graham Net-Net,False,0.0,[],['missing NCAV (balance sheet data)'],
BMW.DE,schloss,Schloss Low P/B,False,0.5,['P/B < 1.2: P/B=0.34'],['too much leverage'],
BMW.DE,deep_value,Deep Value,False,0.5,['P/B=0.34'],['EV/EBITDA not below 8'],
BMW.DE,earnings_yield,Earnings Yield,True,1.0,['E/P=19.4% (P/E=5.2)'],[],
BMW.DE,fcf_yield,FCF Yield,True,0.5337,['FCF yield=5.3%'],[],
BMW.DE,low_pe_high_yield,Low P/E + High Yield,True,1.0,"['P/E=5.2', 'yield=805.0%']",[],
BMW.DE,lynch_peg,Lynch PEG,False,0.2,[],['missing or negative earnings growth'],
BMW.DE,neff_pegy,Neff PEGY,True,0.9934,"['PEGY=0.01', 'growth=-27.9%', 'yield=805.0%']",[],
BMW.DE,quality_value,Quality Value,False,0.4,"['P/E < 20: P/E=5.2', 'FCF yield >= 3%: FCF yield=5.3%']","['ROE below 12%', 'thin margins', 'high leverage']",
BMW.DE,buffett_quality,Buffett Quality,False,0.25,['P/E < 25.0: P/E=5.2'],"['ROE too low', 'too much debt', 'thin margins']",
BMW.DE,economic_moat,Economic Moat,False,0.0,[],"['ROE below 18%', 'ROA below 8%', 'margins below 12%', 'leverage too high']",
BMW.DE,high_dividend,High Dividend Yield,True,0.9792,"['yield=805.0%', 'universe rank 98%']",[],
BMW.DE,dividend_growth,Dividend Growth,True,0.6667,"['dividend payer: yield=805.0%', 'reasonable P/E: P/E=5.2']",['earnings not growing'],
BMW.DE,magic_formula,Magic Formula,False,0.4714,['earnings yield rank 73%'],['below top half on combined Magic Formula rank'],
BMW.DE,acquirers_multiple,Acquirer's Multiple,False,0.6829,"['EV/EBIT=13.6', 'universe rank 68%']",['EV/EBIT 13.6 above 12.0'],
BMW.DE,dreman_contrarian,Dreman Contrarian,True,0.9877,"['low P/E rank 99%', 'low P/B rank 99%', 'dividend rank 98%']",[],
BMW.DE,piotroski_f,Piotroski F-Score,False,0.6667,"['F-Score=6/9', 'positive net income', 'positive operating cash flow', 'ROA improving', 'OCF > net income', 'current ratio improving', 'no share dilution']","['F-Score 6/9 below 7', 'leverage declining', 'gross margin improving', 'asset turnover improving']","{'f_score': 6, 'max_score': 9, 'components': [{'name': 'positive net income', 'passed': True}, {'name': 'positive operating cash flow', 'passed': True}, {'name': 'ROA improving', 'passed': True}, {'name': 'OCF > net income', 'passed': True}, {'name': 'leverage declining', 'passed': False}, {'name': 'current ratio improving', 'passed': True}, {'name': 'no share dilution', 'passed': True}, {'name': 'gross margin improving', 'passed': False}, {'name': 'asset turnover improving', 'passed': False}]}"
BMW.DE,composite_value,Composite Value,True,0.8529,"['top-tier on trailing_pe (percentile 100%)', 'top-tier on price_to_book (percentile 94%)', 'top-tier on dividend_yield (percentile 88%)', 'top-tier on ev_ebitda (percentile 88%)']",[],
BMW.DE,earnings_quality,Earnings Quality,False,0.6667,"['OCF/NI=1.13', 'ratio=-0.35%']",['weak free-cash conversion'],
BMW.DE,financial_health,Financial Health,False,0.6,"['leverage=33.2%', 'CR=1.12', 'coverage=17.8x']","['high debt to equity', 'high net debt/EBITDA']",
BNP.PA,graham_defensive,Graham Defensive,False,0.75,"['P/E < 15: P/E=8.1', 'P/B < 1.5 or P/E×P/B < 22.5: P/B=0.83', 'Dividend payer: yield=679.00%']",['current ratio < 2'],
BNP.PA,graham_enterprising,Graham Enterprising,True,0.8,"['P/E < 25: P/E=8.1', 'P/B < 3: P/B=0.83', 'ROE > 8%: ROE=10.5%', 'Positive earnings growth: growth=37.4%']",['excessive leverage'],
BNP.PA,graham_net_net,Graham Net-Net,False,0.0,[],['missing NCAV (balance sheet data)'],
BNP.PA,schloss,Schloss Low P/B,False,0.5,['P/B < 1.2: P/B=0.83'],['too much leverage'],
BNP.PA,deep_value,Deep Value,False,0.5,['P/B=0.83'],['EV/EBITDA not below 8'],
BNP.PA,earnings_yield,Earnings Yield,True,1.0,['E/P=12.3% (P/E=8.1)'],[],
BNP.PA,fcf_yield,FCF Yield,False,1.0,['FCF yield=nan%'],['FCF yield nan% below 5%'],
BNP.PA,low_pe_high_yield,Low P/E + High Yield,True,1.0,"['P/E=8.1', 'yield=679.0%']",[],
BNP.PA,lynch_peg,Lynch PEG,True,0.7829,"['PEG=0.22', 'growth=37.4%']",[],
BNP.PA,neff_pegy,Neff PEGY,True,0.9887,"['PEGY=0.01', 'growth=37.4%', 'yield=679.0%']",[],
BNP.PA,quality_value,Quality Value,False,0.4,"['Profit margin >= 5%: margin=26.5%', 'P/E < 20: P/E=8.1']","['ROE below 12%', 'high leverage', 'FCF yield below 3%']",
BNP.PA,buffett_quality,Buffett Quality,False,0.5,"['margin >= 8%: margin=26.5%', 'P/E < 25.0: P/E=8.1']","['ROE too low', 'too much debt']",
BNP.PA,economic_moat,Economic Moat,False,0.25,['wide margin=26.5%'],"['ROE below 18%', 'ROA below 8%', 'leverage too high']",
BNP.PA,high_dividend,High Dividend Yield,True,0.9427,"['yield=679.0%', 'universe rank 94%']",[],
BNP.PA,dividend_growth,Dividend Growth,True,1.0,"['dividend payer: yield=679.0%', 'earnings growth: growth=37.4%', 'reasonable P/E: P/E=8.1']",[],
BNP.PA,magic_formula,Magic Formula,False,0.0,[],['missing EBIT/EV or ROIC inputs'],
BNP.PA,acquirers_multiple,Acquirer's Multiple,False,0.0,[],['could not rank EV/EBIT'],
BNP.PA,dreman_contrarian,Dreman Contrarian,True,0.9264,"['low P/E rank 94%', 'low P/B rank 90%', 'dividend rank 94%']",[],
BNP.PA,piotroski_f,Piotroski F-Score,False,0.6667,"['F-Score=6/9', 'positive net income', 'positive operating cash flow', 'ROA improving', 'OCF > net income', 'no share dilution', 'asset turnover improving']","['F-Score 6/9 below 7', 'leverage declining', 'current ratio improving', 'gross margin improving']","{'f_score': 6, 'max_score': 9, 'components': [{'name': 'positive net income', 'passed': True}, {'name': 'positive operating cash flow', 'passed': True}, {'name': 'ROA improving', 'passed': True}, {'name': 'OCF > net income', 'passed': True}, {'name': 'leverage declining', 'passed': False}, {'name': 'current ratio improving', 'passed': False}, {'name': 'no share dilution', 'passed': True}, {'name': 'gross margin improving', 'passed': False}, {'name': 'asset turnover improving', 'passed': True}]}"
BNP.PA,composite_value,Composite Value,True,0.8668,"['top-tier on trailing_pe (percentile 85%)', 'top-tier on price_to_book (percentile 86%)', 'top-tier on dividend_yield (percentile 89%)']","['missing fcf_yield', 'missing ev_ebitda']",
BNP.PA,earnings_quality,Earnings Quality,False,0.6667,"['OCF/NI=3.81', 'ratio=-1.23%']",['weak free-cash conversion'],
BNP.PA,financial_health,Financial Health,False,0.4,"['leverage=14.3%', 'insufficient data — skipped']","['high debt to equity', 'weak liquidity', 'weak interest coverage']",
BN.PA,graham_defensive,Graham Defensive,False,0.25,['Dividend payer: yield=383.00%'],"['P/E >= 15', 'valuation too rich on P/B or P/E×P/B', 'current ratio < 2']",
BN.PA,graham_enterprising,Graham Enterprising,True,1.0,"['P/E < 25: P/E=19.5', 'P/B < 3: P/B=2.15', 'Debt/equity < 100%: D/E=99%', 'ROE > 8%: ROE=12.2%', 'Positive earnings growth: growth=12.4%']",[],
BN.PA,graham_net_net,Graham Net-Net,False,0.0,[],['missing NCAV (balance sheet data)'],
BN.PA,schloss,Schloss Low P/B,False,0.0,[],"['P/B too high', 'too much leverage']",
BN.PA,deep_value,Deep Value,False,0.0,[],"['P/B not below 1.0', 'EV/EBITDA not below 8']",
BN.PA,earnings_yield,Earnings Yield,False,0.4279,['E/P=5.1% (P/E=19.5)'],['earnings yield 5.1% below 8%'],
BN.PA,fcf_yield,FCF Yield,True,0.5484,['FCF yield=5.5%'],[],
BN.PA,low_pe_high_yield,Low P/E + High Yield,False,0.5,['yield=383.0%'],['P/E not below 12.0'],
BN.PA,lynch_peg,Lynch PEG,False,0.0,"['PEG=1.57', 'growth=12.4%']",['PEG 1.57 >= 1.0'],
BN.PA,neff_pegy,Neff PEGY,True,0.9507,"['PEGY=0.05', 'growth=12.4%', 'yield=383.0%']",[],
BN.PA,quality_value,Quality Value,True,0.8,"['ROE >= 12%: ROE=12.2%', 'Profit margin >= 5%: margin=7.1%', 'P/E < 20: P/E=19.5', 'FCF yield >= 3%: FCF yield=5.5%']",['high leverage'],
BN.PA,buffett_quality,Buffett Quality,False,0.25,['P/E < 25.0: P/E=19.5'],"['ROE too low', 'too much debt', 'thin margins']",
BN.PA,economic_moat,Economic Moat,False,0.0,[],"['ROE below 18%', 'ROA below 8%', 'margins below 12%', 'leverage too high']",
BN.PA,high_dividend,High Dividend Yield,False,0.6719,"['yield=383.0%', 'universe rank 67%']",['not in top quartile for yield'],
BN.PA,dividend_growth,Dividend Growth,True,1.0,"['dividend payer: yield=383.0%', 'earnings growth: growth=12.4%', 'reasonable P/E: P/E=19.5']",[],
BN.PA,magic_formula,Magic Formula,True,0.6739,"['earnings yield rank 76%', 'ROIC rank 59%']",[],
BN.PA,acquirers_multiple,Acquirer's Multiple,False,0.7195,"['EV/EBIT=12.6', 'universe rank 72%']",['EV/EBIT 12.6 above 12.0'],
BN.PA,dreman_contrarian,Dreman Contrarian,False,0.5437,['dividend rank 67%'],"['P/E not in bottom quartile', 'P/B not cheap vs universe']",
BN.PA,piotroski_f,Piotroski F-Score,False,0.6667,"['F-Score=6/9', 'positive net income', 'positive operating cash flow', 'OCF > net income', 'no share dilution', 'gross margin improving', 'asset turnover improving']","['F-Score 6/9 below 7', 'ROA improving', 'leverage declining', 'current ratio improving']","{'f_score': 6, 'max_score': 9, 'components': [{'name': 'positive net income', 'passed': True}, {'name': 'positive operating cash flow', 'passed': True}, {'name': 'ROA improving', 'passed': False}, {'name': 'OCF > net income', 'passed': True}, {'name': 'leverage declining', 'passed': False}, {'name': 'current ratio improving', 'passed': False}, {'name': 'no share dilution', 'passed': True}, {'name': 'gross margin improving', 'passed': True}, {'name': 'asset turnover improving', 'passed': True}]}"
BN.PA,composite_value,Composite Value,False,0.5404,['top-tier on dividend_yield (percentile 71%)'],[],
BN.PA,earnings_quality,Earnings Quality,True,1.0,"['FCF/NI=1.14', 'OCF/NI=2.07', 'ratio=-4.34%']",[],
BN.PA,financial_health,Financial Health,False,0.6,"['leverage=32.0%', 'ratio=2.0', 'coverage=7.5x']","['high debt to equity', 'weak liquidity']",
DBK.DE,graham_defensive,Graham Defensive,False,0.75,"['P/E < 15: P/E=9.1', 'P/B < 1.5 or P/E×P/B < 22.5: P/B=0.71', 'Dividend payer: yield=318.00%']",['current ratio < 2'],
DBK.DE,graham_enterprising,Graham Enterprising,True,0.8,"['P/E < 25: P/E=9.1', 'P/B < 3: P/B=0.71', 'ROE > 8%: ROE=8.9%', 'Positive earnings growth: growth=18.8%']",['excessive leverage'],
DBK.DE,graham_net_net,Graham Net-Net,False,0.0,[],['missing NCAV (balance sheet data)'],
DBK.DE,schloss,Schloss Low P/B,False,0.5,['P/B < 1.2: P/B=0.71'],['too much leverage'],
DBK.DE,deep_value,Deep Value,False,0.5,['P/B=0.71'],['EV/EBITDA not below 8'],
DBK.DE,earnings_yield,Earnings Yield,True,0.9191,['E/P=11.0% (P/E=9.1)'],[],
DBK.DE,fcf_yield,FCF Yield,False,1.0,['FCF yield=nan%'],['FCF yield nan% below 5%'],
DBK.DE,low_pe_high_yield,Low P/E + High Yield,True,1.0,"['P/E=9.1', 'yield=318.0%']",[],
DBK.DE,lynch_peg,Lynch PEG,True,0.5177,"['PEG=0.48', 'growth=18.8%']",[],
DBK.DE,neff_pegy,Neff PEGY,True,0.9731,"['PEGY=0.03', 'growth=18.8%', 'yield=318.0%']",[],
DBK.DE,quality_value,Quality Value,False,0.4,"['Profit margin >= 5%: margin=22.7%', 'P/E < 20: P/E=9.1']","['ROE below 12%', 'high leverage', 'FCF yield below 3%']",
DBK.DE,buffett_quality,Buffett Quality,False,0.5,"['margin >= 8%: margin=22.7%', 'P/E < 25.0: P/E=9.1']","['ROE too low', 'too much debt']",
DBK.DE,economic_moat,Economic Moat,False,0.25,['wide margin=22.7%'],"['ROE below 18%', 'ROA below 8%', 'leverage too high']",
DBK.DE,high_dividend,High Dividend Yield,False,0.5469,"['yield=318.0%', 'universe rank 55%']",['not in top quartile for yield'],
DBK.DE,dividend_growth,Dividend Growth,True,1.0,"['dividend payer: yield=318.0%', 'earnings growth: growth=18.8%', 'reasonable P/E: P/E=9.1']",[],
DBK.DE,magic_formula,Magic Formula,False,0.0,[],['missing EBIT/EV or ROIC inputs'],
DBK.DE,acquirers_multiple,Acquirer's Multiple,False,0.0,[],['could not rank EV/EBIT'],
DBK.DE,dreman_contrarian,Dreman Contrarian,True,0.808,"['low P/E rank 92%', 'low P/B rank 96%', 'dividend rank 55%']",[],
DBK.DE,piotroski_f,Piotroski F-Score,False,0.6667,"['F-Score=6/9', 'positive net income', 'positive operating cash flow', 'ROA improving', 'OCF > net income', 'no share dilution', 'asset turnover improving']","['F-Score 6/9 below 7', 'leverage declining', 'current ratio improving', 'gross margin improving']","{'f_score': 6, 'max_score': 9, 'components': [{'name': 'positive net income', 'passed': True}, {'name': 'positive operating cash flow', 'passed': True}, {'name': 'ROA improving', 'passed': True}, {'name': 'OCF > net income', 'passed': True}, {'name': 'leverage declining', 'passed': False}, {'name': 'current ratio improving', 'passed': False}, {'name': 'no share dilution', 'passed': True}, {'name': 'gross margin improving', 'passed': False}, {'name': 'asset turnover improving', 'passed': True}]}"
DBK.DE,composite_value,Composite Value,True,0.7176,"['top-tier on trailing_pe (percentile 83%)', 'top-tier on price_to_book (percentile 98%)']","['missing fcf_yield', 'missing ev_ebitda']",
DBK.DE,earnings_quality,Earnings Quality,False,0.6667,"['OCF/NI=6.79', 'ratio=-2.80%']",['weak free-cash conversion'],
DBK.DE,financial_health,Financial Health,False,0.4,"['leverage=11.5%', 'insufficient data — skipped']","['high debt to equity', 'weak liquidity', 'weak interest coverage']",
DB1.DE,graham_defensive,Graham Defensive,False,0.25,['Dividend payer: yield=142.00%'],"['P/E >= 15', 'valuation too rich on P/B or P/E×P/B', 'current ratio < 2']",
DB1.DE,graham_enterprising,Graham Enterprising,False,0.6,"['Debt/equity < 100%: D/E=58%', 'ROE > 8%: ROE=20.4%', 'Positive earnings growth: growth=13.7%']","['P/E >= 25', 'P/B >= 3']",
DB1.DE,graham_net_net,Graham Net-Net,False,0.0,[],['missing NCAV (balance sheet data)'],
DB1.DE,schloss,Schloss Low P/B,False,0.0,[],"['P/B too high', 'too much leverage']",
DB1.DE,deep_value,Deep Value,False,0.0,[],"['P/B not below 1.0', 'EV/EBITDA not below 8']",
DB1.DE,earnings_yield,Earnings Yield,False,0.3309,['E/P=4.0% (P/E=25.2)'],['earnings yield 4.0% below 8%'],
DB1.DE,fcf_yield,FCF Yield,False,0.4142,['FCF yield=4.1%'],['FCF yield 4.1% below 5%'],
DB1.DE,low_pe_high_yield,Low P/E + High Yield,False,0.5,['yield=142.0%'],['P/E not below 12.0'],
DB1.DE,lynch_peg,Lynch PEG,False,0.0,"['PEG=1.84', 'growth=13.7%']",['PEG 1.84 >= 1.0'],
DB1.DE,neff_pegy,Neff PEGY,True,0.8383,"['PEGY=0.16', 'growth=13.7%', 'yield=142.0%']",[],
DB1.DE,quality_value,Quality Value,True,0.8,"['ROE >= 12%: ROE=20.4%', 'Profit margin >= 5%: margin=27.3%', 'Debt/equity < 80%: D/E=58%', 'FCF yield >= 3%: FCF yield=4.1%']",['P/E >= 20'],
DB1.DE,buffett_quality,Buffett Quality,False,0.75,"['ROE >= 15%: ROE=20.4%', 'D/E < 60.0%: D/E=58%', 'margin >= 8%: margin=27.3%']",['P/E too high'],
DB1.DE,economic_moat,Economic Moat,False,0.5,"['high ROE=20.4%', 'wide margin=27.3%']","['ROA below 8%', 'leverage too high']",
DB1.DE,high_dividend,High Dividend Yield,False,0.2552,"['yield=142.0%', 'universe rank 26%']",['not in top quartile for yield'],
DB1.DE,dividend_growth,Dividend Growth,True,0.6667,"['dividend payer: yield=142.0%', 'earnings growth: growth=13.7%']",['P/E out of range'],
DB1.DE,magic_formula,Magic Formula,True,0.535,"['earnings yield rank 53%', 'ROIC rank 54%']",[],
DB1.DE,acquirers_multiple,Acquirer's Multiple,False,0.4878,"['EV/EBIT=19.5', 'universe rank 49%']","['EV/EBIT 19.5 above 12.0', 'not in top 40% cheapest on EV/EBIT']",
DB1.DE,dreman_contrarian,Dreman Contrarian,False,0.275,[],"['P/E not in bottom quartile', 'P/B not cheap vs universe', 'dividend yield below median']",
DB1.DE,piotroski_f,Piotroski F-Score,False,0.5556,"['F-Score=5/9', 'positive net income', 'positive operating cash flow', 'OCF > net income', 'leverage declining', 'no share dilution']","['F-Score 5/9 below 7', 'ROA improving', 'current ratio improving', 'gross margin improving', 'asset turnover improving']","{'f_score': 5, 'max_score': 9, 'components': [{'name': 'positive net income', 'passed': True}, {'name': 'positive operating cash flow', 'passed': True}, {'name': 'ROA improving', 'passed': False}, {'name': 'OCF > net income', 'passed': True}, {'name': 'leverage declining', 'passed': True}, {'name': 'current ratio improving', 'passed': False}, {'name': 'no share dilution', 'passed': True}, {'name': 'gross margin improving', 'passed': False}, {'name': 'asset turnover improving', 'passed': False}]}"
DB1.DE,composite_value,Composite Value,False,0.1889,[],[],
DB1.DE,earnings_quality,Earnings Quality,True,1.0,"['FCF/NI=1.09', 'OCF/NI=1.41', 'ratio=-0.27%']",[],
DB1.DE,financial_health,Financial Health,False,0.8,"['D/E=58%', 'leverage=2.7%', 'ratio=1.3', 'coverage=15.5x']",['weak liquidity'],
DHL.DE,graham_defensive,Graham Defensive,False,0.25,['Dividend payer: yield=338.00%'],"['P/E >= 15', 'valuation too rich on P/B or P/E×P/B', 'current ratio < 2']",
DHL.DE,graham_enterprising,Graham Enterprising,True,0.8,"['P/E < 25: P/E=17.0', 'P/B < 3: P/B=2.77', 'ROE > 8%: ROE=18.1%', 'Positive earnings growth: growth=28.6%']",['excessive leverage'],
DHL.DE,graham_net_net,Graham Net-Net,False,0.0,[],['missing NCAV (balance sheet data)'],
DHL.DE,schloss,Schloss Low P/B,False,0.0,[],"['P/B too high', 'too much leverage']",
DHL.DE,deep_value,Deep Value,False,0.0,[],"['P/B not below 1.0', 'EV/EBITDA not below 8']",
DHL.DE,earnings_yield,Earnings Yield,False,0.489,['E/P=5.9% (P/E=17.0)'],['earnings yield 5.9% below 8%'],
DHL.DE,fcf_yield,FCF Yield,True,0.8797,['FCF yield=8.8%'],[],
DHL.DE,low_pe_high_yield,Low P/E + High Yield,False,0.5,['yield=338.0%'],['P/E not below 12.0'],
DHL.DE,lynch_peg,Lynch PEG,True,0.4041,"['PEG=0.60', 'growth=28.6%']",[],
DHL.DE,neff_pegy,Neff PEGY,True,0.9535,"['PEGY=0.05', 'growth=28.6%', 'yield=338.0%']",[],
DHL.DE,quality_value,Quality Value,False,0.6,"['ROE >= 12%: ROE=18.1%', 'P/E < 20: P/E=17.0', 'FCF yield >= 3%: FCF yield=8.8%']","['thin margins', 'high leverage']",
DHL.DE,buffett_quality,Buffett Quality,False,0.5,"['ROE >= 15%: ROE=18.1%', 'P/E < 25.0: P/E=17.0']","['too much debt', 'thin margins']",
DHL.DE,economic_moat,Economic Moat,False,0.25,['high ROE=18.1%'],"['ROA below 8%', 'margins below 12%', 'leverage too high']",
DHL.DE,high_dividend,High Dividend Yield,False,0.6042,"['yield=338.0%', 'universe rank 60%']",['not in top quartile for yield'],
DHL.DE,dividend_growth,Dividend Growth,True,1.0,"['dividend payer: yield=338.0%', 'earnings growth: growth=28.6%', 'reasonable P/E: P/E=17.0']",[],
DHL.DE,magic_formula,Magic Formula,True,0.58,"['earnings yield rank 64%', 'ROIC rank 52%']",[],
DHL.DE,acquirers_multiple,Acquirer's Multiple,False,0.5976,"['EV/EBIT=16.3', 'universe rank 60%']","['EV/EBIT 16.3 above 12.0', 'not in top 40% cheapest on EV/EBIT']",
DHL.DE,dreman_contrarian,Dreman Contrarian,False,0.5172,['dividend rank 60%'],"['P/E not in bottom quartile', 'P/B not cheap vs universe']",
DHL.DE,piotroski_f,Piotroski F-Score,True,0.7778,"['F-Score=7/9', 'positive net income', 'positive operating cash flow', 'ROA improving', 'OCF > net income', 'current ratio improving', 'no share dilution', 'gross margin improving']","['leverage declining', 'asset turnover improving']","{'f_score': 7, 'max_score': 9, 'components': [{'name': 'positive net income', 'passed': True}, {'name': 'positive operating cash flow', 'passed': True}, {'name': 'ROA improving', 'passed': True}, {'name': 'OCF > net income', 'passed': True}, {'name': 'leverage declining', 'passed': False}, {'name': 'current ratio improving', 'passed': True}, {'name': 'no share dilution', 'passed': True}, {'name': 'gross margin improving', 'passed': True}, {'name': 'asset turnover improving', 'passed': False}]}"
DHL.DE,composite_value,Composite Value,True,0.7525,"['top-tier on trailing_pe (percentile 72%)', 'top-tier on price_to_book (percentile 70%)', 'top-tier on dividend_yield (percentile 80%)', 'top-tier on fcf_yield (percentile 85%)']",[],
DHL.DE,earnings_quality,Earnings Quality,True,1.0,"['FCF/NI=1.55', 'OCF/NI=2.60', 'ratio=-7.91%']",[],
DHL.DE,financial_health,Financial Health,False,0.6,"['leverage=35.8%', 'ratio=2.8', 'coverage=4.8x']","['high debt to equity', 'weak liquidity']",
DTE.DE,graham_defensive,Graham Defensive,False,0.25,['Dividend payer: yield=379.00%'],"['P/E >= 15', 'valuation too rich on P/B or P/E×P/B', 'current ratio < 2']",
DTE.DE,graham_enterprising,Graham Enterprising,False,0.6,"['P/E < 25: P/E=15.2', 'P/B < 3: P/B=2.16', 'ROE > 8%: ROE=15.1%']","['excessive leverage', 'negative earnings growth']",
DTE.DE,graham_net_net,Graham Net-Net,False,0.0,[],['missing NCAV (balance sheet data)'],
DTE.DE,schloss,Schloss Low P/B,False,0.0,[],"['P/B too high', 'too much leverage']",
DTE.DE,deep_value,Deep Value,False,0.5,['EV/EBITDA=7.0'],['P/B not below 1.0'],
DTE.DE,earnings_yield,Earnings Yield,False,0.5494,['E/P=6.6% (P/E=15.2)'],['earnings yield 6.6% below 8%'],
DTE.DE,fcf_yield,FCF Yield,True,1.0,['FCF yield=13.5%'],[],
DTE.DE,low_pe_high_yield,Low P/E + High Yield,False,0.5,['yield=379.0%'],['P/E not below 12.0'],
DTE.DE,lynch_peg,Lynch PEG,False,0.2,[],['missing or negative earnings growth'],
DTE.DE,neff_pegy,Neff PEGY,True,0.9594,"['PEGY=0.04', 'growth=-5.0%', 'yield=379.0%']",[],
DTE.DE,quality_value,Quality Value,True,0.8,"['ROE >= 12%: ROE=15.1%', 'Profit margin >= 5%: margin=7.0%', 'P/E < 20: P/E=15.2', 'FCF yield >= 3%: FCF yield=13.5%']",['high leverage'],
DTE.DE,buffett_quality,Buffett Quality,False,0.5,"['ROE >= 15%: ROE=15.1%', 'P/E < 25.0: P/E=15.2']","['too much debt', 'thin margins']",
DTE.DE,economic_moat,Economic Moat,False,0.0,[],"['ROE below 18%', 'ROA below 8%', 'margins below 12%', 'leverage too high']",
DTE.DE,high_dividend,High Dividend Yield,False,0.6615,"['yield=379.0%', 'universe rank 66%']",['not in top quartile for yield'],
DTE.DE,dividend_growth,Dividend Growth,True,0.6667,"['dividend payer: yield=379.0%', 'reasonable P/E: P/E=15.2']",['earnings not growing'],
DTE.DE,magic_formula,Magic Formula,True,0.652,['earnings yield rank 82%'],[],
DTE.DE,acquirers_multiple,Acquirer's Multiple,True,0.7744,"['EV/EBIT=11.6', 'universe rank 77%']",[],
DTE.DE,dreman_contrarian,Dreman Contrarian,False,0.5874,['dividend rank 66%'],"['P/E not in bottom quartile', 'P/B not cheap vs universe']",
DTE.DE,piotroski_f,Piotroski F-Score,False,0.6667,"['F-Score=6/9', 'positive net income', 'positive operating cash flow', 'OCF > net income', 'current ratio improving', 'no share dilution', 'asset turnover improving']","['F-Score 6/9 below 7', 'ROA improving', 'leverage declining', 'gross margin improving']","{'f_score': 6, 'max_score': 9, 'components': [{'name': 'positive net income', 'passed': True}, {'name': 'positive operating cash flow', 'passed': True}, {'name': 'ROA improving', 'passed': False}, {'name': 'OCF > net income', 'passed': True}, {'name': 'leverage declining', 'passed': False}, {'name': 'current ratio improving', 'passed': True}, {'name': 'no share dilution', 'passed': True}, {'name': 'gross margin improving', 'passed': False}, {'name': 'asset turnover improving', 'passed': True}]}"
DTE.DE,composite_value,Composite Value,True,0.6917,"['top-tier on price_to_book (percentile 100%)', 'top-tier on fcf_yield (percentile 83%)', 'top-tier on ev_ebitda (percentile 83%)']",[],
DTE.DE,earnings_quality,Earnings Quality,True,1.0,"['FCF/NI=1.81', 'OCF/NI=4.23', 'ratio=-10.70%']",[],
DTE.DE,financial_health,Financial Health,False,0.8,"['leverage=48.5%', 'CR=1.12', 'ratio=3.3', 'coverage=3.9x']",['high debt to equity'],
ENEL.MI,graham_defensive,Graham Defensive,False,0.25,['Dividend payer: yield=589.00%'],"['P/E >= 15', 'valuation too rich on P/B or P/E×P/B', 'current ratio < 2']",
ENEL.MI,graham_enterprising,Graham Enterprising,False,0.6,"['P/E < 25: P/E=20.7', 'ROE > 8%: ROE=12.3%', 'Positive earnings growth: growth=31.8%']","['P/B >= 3', 'excessive leverage']",
ENEL.MI,graham_net_net,Graham Net-Net,False,0.0,[],['missing NCAV (balance sheet data)'],
ENEL.MI,schloss,Schloss Low P/B,False,0.0,[],"['P/B too high', 'too much leverage']",
ENEL.MI,deep_value,Deep Value,False,0.0,[],"['P/B not below 1.0', 'EV/EBITDA not below 8']",
ENEL.MI,earnings_yield,Earnings Yield,False,0.4026,['E/P=4.8% (P/E=20.7)'],['earnings yield 4.8% below 8%'],
ENEL.MI,fcf_yield,FCF Yield,False,0.0,['FCF yield=-0.8%'],['FCF yield -0.8% below 5%'],
ENEL.MI,low_pe_high_yield,Low P/E + High Yield,False,0.5,['yield=589.0%'],['P/E not below 12.0'],
ENEL.MI,lynch_peg,Lynch PEG,True,0.3491,"['PEG=0.65', 'growth=31.8%']",[],
ENEL.MI,neff_pegy,Neff PEGY,True,0.9667,"['PEGY=0.03', 'growth=31.8%', 'yield=589.0%']",[],
ENEL.MI,quality_value,Quality Value,False,0.4,"['ROE >= 12%: ROE=12.3%', 'Profit margin >= 5%: margin=5.7%']","['high leverage', 'P/E >= 20', 'FCF yield below 3%']",
ENEL.MI,buffett_quality,Buffett Quality,False,0.25,['P/E < 25.0: P/E=20.7'],"['ROE too low', 'too much debt', 'thin margins']",
ENEL.MI,economic_moat,Economic Moat,False,0.0,[],"['ROE below 18%', 'ROA below 8%', 'margins below 12%', 'leverage too high']",
ENEL.MI,high_dividend,High Dividend Yield,True,0.901,"['yield=589.0%', 'universe rank 90%']",[],
ENEL.MI,dividend_growth,Dividend Growth,True,1.0,"['dividend payer: yield=589.0%', 'earnings growth: growth=31.8%', 'reasonable P/E: P/E=20.7']",[],
ENEL.MI,magic_formula,Magic Formula,False,0.1098,[],['below top half on combined Magic Formula rank'],
ENEL.MI,acquirers_multiple,Acquirer's Multiple,False,0.0915,"['EV/EBIT=47.9', 'universe rank 9%']","['EV/EBIT 47.9 above 12.0', 'not in top 40% cheapest on EV/EBIT']",
ENEL.MI,dreman_contrarian,Dreman Contrarian,False,0.5537,['dividend rank 90%'],"['P/E not in bottom quartile', 'P/B not cheap vs universe']",
ENEL.MI,piotroski_f,Piotroski F-Score,False,0.5556,"['F-Score=5/9', 'positive net income', 'positive operating cash flow', 'OCF > net income', 'no share dilution', 'asset turnover improving']","['F-Score 5/9 below 7', 'ROA improving', 'leverage declining', 'current ratio improving', 'gross margin improving']","{'f_score': 5, 'max_score': 9, 'components': [{'name': 'positive net income', 'passed': True}, {'name': 'positive operating cash flow', 'passed': True}, {'name': 'ROA improving', 'passed': False}, {'name': 'OCF > net income', 'passed': True}, {'name': 'leverage declining', 'passed': False}, {'name': 'current ratio improving', 'passed': False}, {'name': 'no share dilution', 'passed': True}, {'name': 'gross margin improving', 'passed': False}, {'name': 'asset turnover improving', 'passed': True}]}"
ENEL.MI,composite_value,Composite Value,False,0.5188,"['top-tier on dividend_yield (percentile 88%)', 'top-tier on ev_ebitda (percentile 100%)']",[],
ENEL.MI,earnings_quality,Earnings Quality,False,0.6667,"['OCF/NI=3.30', 'ratio=-5.43%']",['weak free-cash conversion'],
ENEL.MI,financial_health,Financial Health,False,0.4,"['leverage=38.3%', 'ratio=3.3']","['high debt to equity', 'weak liquidity', 'weak interest coverage']",
ENI.MI,graham_defensive,Graham Defensive,False,0.25,['Dividend payer: yield=447.00%'],"['P/E >= 15', 'valuation too rich on P/B or P/E×P/B', 'current ratio < 2']",
ENI.MI,graham_enterprising,Graham Enterprising,True,1.0,"['P/E < 25: P/E=19.7', 'P/B < 3: P/B=1.53', 'Debt/equity < 100%: D/E=65%', 'ROE > 8%: ROE=10.9%', 'Positive earnings growth: growth=580.6%']",[],
ENI.MI,graham_net_net,Graham Net-Net,False,0.0,[],['missing NCAV (balance sheet data)'],
ENI.MI,schloss,Schloss Low P/B,False,0.0,[],"['P/B too high', 'too much leverage']",
ENI.MI,deep_value,Deep Value,False,0.5,['EV/EBITDA=7.3'],['P/B not below 1.0'],
ENI.MI,earnings_yield,Earnings Yield,False,0.4236,['E/P=5.1% (P/E=19.7)'],['earnings yield 5.1% below 8%'],
ENI.MI,fcf_yield,FCF Yield,False,0.0,['FCF yield=-12.9%'],['FCF yield -12.9% below 5%'],
ENI.MI,low_pe_high_yield,Low P/E + High Yield,False,0.5,['yield=447.0%'],['P/E not below 12.0'],
ENI.MI,lynch_peg,Lynch PEG,True,0.9661,"['PEG=0.03', 'growth=580.6%']",[],
ENI.MI,neff_pegy,Neff PEGY,True,0.9809,"['PEGY=0.02', 'growth=580.6%', 'yield=447.0%']",[],
ENI.MI,quality_value,Quality Value,False,0.6,"['Profit margin >= 5%: margin=5.9%', 'Debt/equity < 80%: D/E=65%', 'P/E < 20: P/E=19.7']","['ROE below 12%', 'FCF yield below 3%']",
ENI.MI,buffett_quality,Buffett Quality,False,0.25,['P/E < 25.0: P/E=19.7'],"['ROE too low', 'too much debt', 'thin margins']",
ENI.MI,economic_moat,Economic Moat,False,0.0,[],"['ROE below 18%', 'ROA below 8%', 'margins below 12%', 'leverage too high']",
ENI.MI,high_dividend,High Dividend Yield,True,0.776,"['yield=447.0%', 'universe rank 78%']",[],
ENI.MI,dividend_growth,Dividend Growth,True,1.0,"['dividend payer: yield=447.0%', 'earnings growth: growth=580.6%', 'reasonable P/E: P/E=19.7']",[],
ENI.MI,magic_formula,Magic Formula,False,0.2952,[],['below top half on combined Magic Formula rank'],
ENI.MI,acquirers_multiple,Acquirer's Multiple,False,0.3963,"['EV/EBIT=21.6', 'universe rank 40%']","['EV/EBIT 21.6 above 12.0', 'not in top 40% cheapest on EV/EBIT']",
ENI.MI,dreman_contrarian,Dreman Contrarian,False,0.6386,"['low P/B rank 70%', 'dividend rank 78%']",['P/E not in bottom quartile'],
ENI.MI,piotroski_f,Piotroski F-Score,True,0.7778,"['F-Score=7/9', 'positive net income', 'positive operating cash flow', 'ROA improving', 'OCF > net income', 'leverage declining', 'current ratio improving', 'no share dilution']","['gross margin improving', 'asset turnover improving']","{'f_score': 7, 'max_score': 9, 'components': [{'name': 'positive net income', 'passed': True}, {'name': 'positive operating cash flow', 'passed': True}, {'name': 'ROA improving', 'passed': True}, {'name': 'OCF > net income', 'passed': True}, {'name': 'leverage declining', 'passed': True}, {'name': 'current ratio improving', 'passed': True}, {'name': 'no share dilution', 'passed': True}, {'name': 'gross margin improving', 'passed': False}, {'name': 'asset turnover improving', 'passed': False}]}"
ENI.MI,composite_value,Composite Value,False,0.3667,[],[],
ENI.MI,earnings_quality,Earnings Quality,False,0.6667,"['OCF/NI=5.11', 'ratio=-7.82%']",['weak free-cash conversion'],
ENI.MI,financial_health,Financial Health,True,0.8,"['D/E=65%', 'leverage=25.0%', 'CR=1.33', 'ratio=1.7']",['weak interest coverage'],
EL.PA,graham_defensive,Graham Defensive,False,0.25,['Dividend payer: yield=273.00%'],"['P/E >= 15', 'valuation too rich on P/B or P/E×P/B', 'current ratio < 2']",
EL.PA,graham_enterprising,Graham Enterprising,False,0.6,"['P/B < 3: P/B=1.71', 'Debt/equity < 100%: D/E=38%', 'Positive earnings growth: growth=12.3%']","['P/E >= 25', 'ROE <= 8%']",
EL.PA,graham_net_net,Graham Net-Net,False,0.0,[],['missing NCAV (balance sheet data)'],
EL.PA,schloss,Schloss Low P/B,False,0.5,['D/E < 50.0%: D/E=38%'],['P/B too high'],
EL.PA,deep_value,Deep Value,False,0.0,[],"['P/B not below 1.0', 'EV/EBITDA not below 8']",
EL.PA,earnings_yield,Earnings Yield,False,0.3064,['E/P=3.7% (P/E=27.2)'],['earnings yield 3.7% below 8%'],
EL.PA,fcf_yield,FCF Yield,False,0.4923,['FCF yield=4.9%'],['FCF yield 4.9% below 5%'],
EL.PA,low_pe_high_yield,Low P/E + High Yield,False,0.5,['yield=273.0%'],['P/E not below 12.0'],
EL.PA,lynch_peg,Lynch PEG,False,0.0,"['PEG=2.21', 'growth=12.3%']",['PEG 2.21 >= 1.0'],
EL.PA,neff_pegy,Neff PEGY,True,0.9047,"['PEGY=0.10', 'growth=12.3%', 'yield=273.0%']",[],
EL.PA,quality_value,Quality Value,False,0.6,"['Profit margin >= 5%: margin=8.5%', 'Debt/equity < 80%: D/E=38%', 'FCF yield >= 3%: FCF yield=4.9%']","['ROE below 12%', 'P/E >= 20']",
EL.PA,buffett_quality,Buffett Quality,False,0.5,"['D/E < 60.0%: D/E=38%', 'margin >= 8%: margin=8.5%']","['ROE too low', 'P/E too high']",
EL.PA,economic_moat,Economic Moat,False,0.25,['low leverage D/E=38%'],"['ROE below 18%', 'ROA below 8%', 'margins below 12%']",
EL.PA,high_dividend,High Dividend Yield,False,0.4896,"['yield=273.0%', 'universe rank 49%']",['not in top quartile for yield'],
EL.PA,dividend_growth,Dividend Growth,True,0.6667,"['dividend payer: yield=273.0%', 'earnings growth: growth=12.3%']",['P/E out of range'],
EL.PA,magic_formula,Magic Formula,False,0.2927,[],['below top half on combined Magic Formula rank'],
EL.PA,acquirers_multiple,Acquirer's Multiple,False,0.2927,"['EV/EBIT=24.1', 'universe rank 29%']","['EV/EBIT 24.1 above 12.0', 'not in top 40% cheapest on EV/EBIT']",
EL.PA,dreman_contrarian,Dreman Contrarian,False,0.454,['low P/B rank 61%'],"['P/E not in bottom quartile', 'dividend yield below median']",
EL.PA,piotroski_f,Piotroski F-Score,False,0.4444,"['F-Score=4/9', 'positive net income', 'positive operating cash flow', 'OCF > net income', 'asset turnover improving']","['F-Score 4/9 below 7', 'ROA improving', 'leverage declining', 'current ratio improving', 'no share dilution', 'gross margin improving']","{'f_score': 4, 'max_score': 9, 'components': [{'name': 'positive net income', 'passed': True}, {'name': 'positive operating cash flow', 'passed': True}, {'name': 'ROA improving', 'passed': False}, {'name': 'OCF > net income', 'passed': True}, {'name': 'leverage declining', 'passed': False}, {'name': 'current ratio improving', 'passed': False}, {'name': 'no share dilution', 'passed': False}, {'name': 'gross margin improving', 'passed': False}, {'name': 'asset turnover improving', 'passed': True}]}"
EL.PA,composite_value,Composite Value,False,0.5893,['top-tier on price_to_book (percentile 73%)'],[],
EL.PA,earnings_quality,Earnings Quality,True,1.0,"['FCF/NI=1.42', 'OCF/NI=2.29', 'ratio=-4.66%']",[],
EL.PA,financial_health,Financial Health,True,1.0,"['D/E=38%', 'leverage=22.5%', 'CR=1.10', 'ratio=2.3', 'coverage=10.8x']",[],
RACE.MI,graham_defensive,Graham Defensive,False,0.5,"['Current ratio >= 2: CR=2.43', 'Dividend payer: yield=105.00%']","['P/E >= 15', 'valuation too rich on P/B or P/E×P/B']",
RACE.MI,graham_enterprising,Graham Enterprising,False,0.6,"['Debt/equity < 100%: D/E=86%', 'ROE > 8%: ROE=45.4%', 'Positive earnings growth: growth=10.1%']","['P/E >= 25', 'P/B >= 3']",
RACE.MI,graham_net_net,Graham Net-Net,False,0.0,[],['missing NCAV (balance sheet data)'],
RACE.MI,schloss,Schloss Low P/B,False,0.0,[],"['P/B too high', 'too much leverage']",
RACE.MI,deep_value,Deep Value,False,0.0,[],"['P/B not below 1.0', 'EV/EBITDA not below 8']",
RACE.MI,earnings_yield,Earnings Yield,False,0.2232,['E/P=2.7% (P/E=37.3)'],['earnings yield 2.7% below 8%'],
RACE.MI,fcf_yield,FCF Yield,False,0.1657,['FCF yield=1.7%'],['FCF yield 1.7% below 5%'],
RACE.MI,low_pe_high_yield,Low P/E + High Yield,False,0.5,['yield=105.0%'],['P/E not below 12.0'],
RACE.MI,lynch_peg,Lynch PEG,False,0.0,"['PEG=3.70', 'growth=10.1%']",['PEG 3.70 >= 1.0'],
RACE.MI,neff_pegy,Neff PEGY,True,0.6756,"['PEGY=0.32', 'growth=10.1%', 'yield=105.0%']",[],
RACE.MI,quality_value,Quality Value,False,0.4,"['ROE >= 12%: ROE=45.4%', 'Profit margin >= 5%: margin=22.2%']","['high leverage', 'P/E >= 20', 'FCF yield below 3%']",
RACE.MI,buffett_quality,Buffett Quality,False,0.5,"['ROE >= 15%: ROE=45.4%', 'margin >= 8%: margin=22.2%']","['too much debt', 'P/E too high']",
RACE.MI,economic_moat,Economic Moat,True,0.75,"['high ROE=45.4%', 'solid ROA=16.6%', 'wide margin=22.2%']",['leverage too high'],
RACE.MI,high_dividend,High Dividend Yield,False,0.1875,"['yield=105.0%', 'universe rank 19%']",['not in top quartile for yield'],
RACE.MI,dividend_growth,Dividend Growth,True,0.6667,"['dividend payer: yield=105.0%', 'earnings growth: growth=10.1%']",['P/E out of range'],
RACE.MI,magic_formula,Magic Formula,True,0.5926,['ROIC rank 95%'],[],
RACE.MI,acquirers_multiple,Acquirer's Multiple,False,0.1951,"['EV/EBIT=29.8', 'universe rank 20%']","['EV/EBIT 29.8 above 12.0', 'not in top 40% cheapest on EV/EBIT']",
RACE.MI,dreman_contrarian,Dreman Contrarian,False,0.1249,[],"['P/E not in bottom quartile', 'P/B not cheap vs universe', 'dividend yield below median']",
RACE.MI,piotroski_f,Piotroski F-Score,True,1.0,"['F-Score=9/9', 'positive net income', 'positive operating cash flow', 'ROA improving', 'OCF > net income', 'leverage declining', 'current ratio improving', 'no share dilution', 'gross margin improving', 'asset turnover improving']",[],"{'f_score': 9, 'max_score': 9, 'components': [{'name': 'positive net income', 'passed': True}, {'name': 'positive operating cash flow', 'passed': True}, {'name': 'ROA improving', 'passed': True}, {'name': 'OCF > net income', 'passed': True}, {'name': 'leverage declining', 'passed': True}, {'name': 'current ratio improving', 'passed': True}, {'name': 'no share dilution', 'passed': True}, {'name': 'gross margin improving', 'passed': True}, {'name': 'asset turnover improving', 'passed': True}]}"
RACE.MI,composite_value,Composite Value,False,0.1715,[],[],
RACE.MI,earnings_quality,Earnings Quality,True,1.0,"['FCF/NI=0.63', 'OCF/NI=1.47', 'ratio=-7.81%']",[],
RACE.MI,financial_health,Financial Health,False,0.8,"['leverage=30.0%', 'CR=2.02', 'ratio=0.7', 'coverage=50.9x']",['high debt to equity'],
RMS.PA,graham_defensive,Graham Defensive,False,0.5,"['Current ratio >= 2: CR=4.54', 'Dividend payer: yield=140.00%']","['P/E >= 15', 'valuation too rich on P/B or P/E×P/B']",
RMS.PA,graham_enterprising,Graham Enterprising,False,0.4,"['Debt/equity < 100%: D/E=12%', 'ROE > 8%: ROE=25.5%']","['P/E >= 25', 'P/B >= 3', 'negative earnings growth']",
RMS.PA,graham_net_net,Graham Net-Net,False,0.0,[],['missing NCAV (balance sheet data)'],
RMS.PA,schloss,Schloss Low P/B,False,0.5,['D/E < 50.0%: D/E=12%'],['P/B too high'],
RMS.PA,deep_value,Deep Value,False,0.0,[],"['P/B not below 1.0', 'EV/EBITDA not below 8']",
RMS.PA,earnings_yield,Earnings Yield,False,0.2814,['E/P=3.4% (P/E=29.6)'],['earnings yield 3.4% below 8%'],
RMS.PA,fcf_yield,FCF Yield,False,0.3684,['FCF yield=3.7%'],['FCF yield 3.7% below 5%'],
RMS.PA,low_pe_high_yield,Low P/E + High Yield,False,0.5,['yield=140.0%'],['P/E not below 12.0'],
RMS.PA,lynch_peg,Lynch PEG,False,0.2,[],['missing or negative earnings growth'],
RMS.PA,neff_pegy,Neff PEGY,True,0.788,"['PEGY=0.21', 'growth=-0.3%', 'yield=140.0%']",[],
RMS.PA,quality_value,Quality Value,True,0.8,"['ROE >= 12%: ROE=25.5%', 'Profit margin >= 5%: margin=28.0%', 'Debt/equity < 80%: D/E=12%', 'FCF yield >= 3%: FCF yield=3.7%']",['P/E >= 20'],
RMS.PA,buffett_quality,Buffett Quality,False,0.75,"['ROE >= 15%: ROE=25.5%', 'D/E < 60.0%: D/E=12%', 'margin >= 8%: margin=28.0%']",['P/E too high'],
RMS.PA,economic_moat,Economic Moat,True,1.0,"['high ROE=25.5%', 'solid ROA=18.6%', 'wide margin=28.0%', 'low leverage D/E=12%']",[],
RMS.PA,high_dividend,High Dividend Yield,False,0.2396,"['yield=140.0%', 'universe rank 24%']",['not in top quartile for yield'],
RMS.PA,dividend_growth,Dividend Growth,False,0.3333,['dividend payer: yield=140.0%'],"['earnings not growing', 'P/E out of range']",
RMS.PA,magic_formula,Magic Formula,True,0.7673,"['earnings yield rank 56%', 'ROIC rank 97%']",[],
RMS.PA,acquirers_multiple,Acquirer's Multiple,False,0.5183,"['EV/EBIT=18.6', 'universe rank 52%']","['EV/EBIT 18.6 above 12.0', 'not in top 40% cheapest on EV/EBIT']",
RMS.PA,dreman_contrarian,Dreman Contrarian,False,0.2094,[],"['P/E not in bottom quartile', 'P/B not cheap vs universe', 'dividend yield below median']",
RMS.PA,piotroski_f,Piotroski F-Score,True,0.7778,"['F-Score=7/9', 'positive net income', 'positive operating cash flow', 'OCF > net income', 'current ratio improving', 'no share dilution', 'gross margin improving', 'asset turnover improving']","['ROA improving', 'leverage declining']","{'f_score': 7, 'max_score': 9, 'components': [{'name': 'positive net income', 'passed': True}, {'name': 'positive operating cash flow', 'passed': True}, {'name': 'ROA improving', 'passed': False}, {'name': 'OCF > net income', 'passed': True}, {'name': 'leverage declining', 'passed': False}, {'name': 'current ratio improving', 'passed': True}, {'name': 'no share dilution', 'passed': True}, {'name': 'gross margin improving', 'passed': True}, {'name': 'asset turnover improving', 'passed': True}]}"
RMS.PA,composite_value,Composite Value,False,0.3272,[],[],
RMS.PA,earnings_quality,Earnings Quality,True,1.0,"['FCF/NI=1.09', 'OCF/NI=1.19', 'ratio=-3.49%']",[],
RMS.PA,financial_health,Financial Health,True,1.0,"['D/E=12%', 'leverage=9.6%', 'CR=4.99', 'ratio=-1.4', 'coverage=121.7x']",[],
IBE.MC,graham_defensive,Graham Defensive,False,0.25,['Dividend payer: yield=324.00%'],"['P/E >= 15', 'valuation too rich on P/B or P/E×P/B', 'current ratio < 2']",
IBE.MC,graham_enterprising,Graham Enterprising,False,0.6,"['P/B < 3: P/B=2.69', 'ROE > 8%: ROE=10.0%', 'Positive earnings growth: growth=68.3%']","['P/E >= 25', 'excessive leverage']",
IBE.MC,graham_net_net,Graham Net-Net,False,0.0,[],['missing NCAV (balance sheet data)'],
IBE.MC,schloss,Schloss Low P/B,False,0.0,[],"['P/B too high', 'too much leverage']",
IBE.MC,deep_value,Deep Value,False,0.0,[],"['P/B not below 1.0', 'EV/EBITDA not below 8']",
IBE.MC,earnings_yield,Earnings Yield,False,0.3039,['E/P=3.6% (P/E=27.4)'],['earnings yield 3.6% below 8%'],
IBE.MC,fcf_yield,FCF Yield,False,0.1842,['FCF yield=1.8%'],['FCF yield 1.8% below 5%'],
IBE.MC,low_pe_high_yield,Low P/E + High Yield,False,0.5,['yield=324.0%'],['P/E not below 12.0'],
IBE.MC,lynch_peg,Lynch PEG,True,0.5985,"['PEG=0.40', 'growth=68.3%']",[],
IBE.MC,neff_pegy,Neff PEGY,True,0.9301,"['PEGY=0.07', 'growth=68.3%', 'yield=324.0%']",[],
IBE.MC,quality_value,Quality Value,False,0.2,['Profit margin >= 5%: margin=15.9%'],"['ROE below 12%', 'high leverage', 'P/E >= 20', 'FCF yield below 3%']",
IBE.MC,buffett_quality,Buffett Quality,False,0.25,['margin >= 8%: margin=15.9%'],"['ROE too low', 'too much debt', 'P/E too high']",
IBE.MC,economic_moat,Economic Moat,False,0.25,['wide margin=15.9%'],"['ROE below 18%', 'ROA below 8%', 'leverage too high']",
IBE.MC,high_dividend,High Dividend Yield,False,0.5729,"['yield=324.0%', 'universe rank 57%']",['not in top quartile for yield'],
IBE.MC,dividend_growth,Dividend Growth,True,0.6667,"['dividend payer: yield=324.0%', 'earnings growth: growth=68.3%']",['P/E out of range'],
IBE.MC,magic_formula,Magic Formula,False,0.4487,['earnings yield rank 55%'],['below top half on combined Magic Formula rank'],
IBE.MC,acquirers_multiple,Acquirer's Multiple,False,0.5061,"['EV/EBIT=19.2', 'universe rank 51%']","['EV/EBIT 19.2 above 12.0', 'not in top 40% cheapest on EV/EBIT']",
IBE.MC,dreman_contrarian,Dreman Contrarian,False,0.416,['dividend rank 57%'],"['P/E not in bottom quartile', 'P/B not cheap vs universe']",
IBE.MC,piotroski_f,Piotroski F-Score,True,0.8889,"['F-Score=8/9', 'positive net income', 'positive operating cash flow', 'ROA improving', 'OCF > net income', 'leverage declining', 'current ratio improving', 'gross margin improving', 'asset turnover improving']",['no share dilution'],"{'f_score': 8, 'max_score': 9, 'components': [{'name': 'positive net income', 'passed': True}, {'name': 'positive operating cash flow', 'passed': True}, {'name': 'ROA improving', 'passed': True}, {'name': 'OCF > net income', 'passed': True}, {'name': 'leverage declining', 'passed': True}, {'name': 'current ratio improving', 'passed': True}, {'name': 'no share dilution', 'passed': False}, {'name': 'gross margin improving', 'passed': True}, {'name': 'asset turnover improving', 'passed': True}]}"
IBE.MC,composite_value,Composite Value,False,0.425,['top-tier on fcf_yield (percentile 88%)'],[],
IBE.MC,earnings_quality,Earnings Quality,False,0.6667,"['OCF/NI=1.85', 'ratio=-3.33%']",['weak free-cash conversion'],
IBE.MC,financial_health,Financial Health,False,0.6,"['leverage=35.6%', 'ratio=3.8', 'coverage=4.9x']","['high debt to equity', 'weak liquidity']",
ITX.MC,graham_defensive,Graham Defensive,False,0.25,['Dividend payer: yield=121.00%'],"['P/E >= 15', 'valuation too rich on P/B or P/E×P/B', 'current ratio < 2']",
ITX.MC,graham_enterprising,Graham Enterprising,False,0.6,"['Debt/equity < 100%: D/E=35%', 'ROE > 8%: ROE=36.8%', 'Positive earnings growth: growth=8.0%']","['P/E >= 25', 'P/B >= 3']",
ITX.MC,graham_net_net,Graham Net-Net,False,0.0,[],['missing NCAV (balance sheet data)'],
ITX.MC,schloss,Schloss Low P/B,False,0.5,['D/E < 50.0%: D/E=35%'],['P/B too high'],
ITX.MC,deep_value,Deep Value,False,0.0,[],"['P/B not below 1.0', 'EV/EBITDA not below 8']",
ITX.MC,earnings_yield,Earnings Yield,False,0.3156,['E/P=3.8% (P/E=26.4)'],['earnings yield 3.8% below 8%'],
ITX.MC,fcf_yield,FCF Yield,False,0.3905,['FCF yield=3.9%'],['FCF yield 3.9% below 5%'],
ITX.MC,low_pe_high_yield,Low P/E + High Yield,False,0.5,['yield=121.0%'],['P/E not below 12.0'],
ITX.MC,lynch_peg,Lynch PEG,False,0.0,"['PEG=3.30', 'growth=8.0%']",['PEG 3.30 >= 1.0'],
ITX.MC,neff_pegy,Neff PEGY,True,0.7953,"['PEGY=0.20', 'growth=8.0%', 'yield=121.0%']",[],
ITX.MC,quality_value,Quality Value,True,0.8,"['ROE >= 12%: ROE=36.8%', 'Profit margin >= 5%: margin=15.5%', 'Debt/equity < 80%: D/E=35%', 'FCF yield >= 3%: FCF yield=3.9%']",['P/E >= 20'],
ITX.MC,buffett_quality,Buffett Quality,False,0.75,"['ROE >= 15%: ROE=36.8%', 'D/E < 60.0%: D/E=35%', 'margin >= 8%: margin=15.5%']",['P/E too high'],
ITX.MC,economic_moat,Economic Moat,True,1.0,"['high ROE=36.8%', 'solid ROA=17.5%', 'wide margin=15.5%', 'low leverage D/E=35%']",[],
ITX.MC,high_dividend,High Dividend Yield,False,0.2083,"['yield=121.0%', 'universe rank 21%']",['not in top quartile for yield'],
ITX.MC,dividend_growth,Dividend Growth,True,0.6667,"['dividend payer: yield=121.0%', 'earnings growth: growth=8.0%']",['P/E out of range'],
ITX.MC,magic_formula,Magic Formula,True,0.7244,['ROIC rank 97%'],[],
ITX.MC,acquirers_multiple,Acquirer's Multiple,False,0.439,"['EV/EBIT=20.3', 'universe rank 44%']","['EV/EBIT 20.3 above 12.0', 'not in top 40% cheapest on EV/EBIT']",
ITX.MC,dreman_contrarian,Dreman Contrarian,False,0.2053,[],"['P/E not in bottom quartile', 'P/B not cheap vs universe', 'dividend yield below median']",
ITX.MC,piotroski_f,Piotroski F-Score,True,0.7778,"['F-Score=7/9', 'positive net income', 'positive operating cash flow', 'ROA improving', 'OCF > net income', 'no share dilution', 'gross margin improving', 'asset turnover improving']","['leverage declining', 'current ratio improving']","{'f_score': 7, 'max_score': 9, 'components': [{'name': 'positive net income', 'passed': True}, {'name': 'positive operating cash flow', 'passed': True}, {'name': 'ROA improving', 'passed': True}, {'name': 'OCF > net income', 'passed': True}, {'name': 'leverage declining', 'passed': False}, {'name': 'current ratio improving', 'passed': False}, {'name': 'no share dilution', 'passed': True}, {'name': 'gross margin improving', 'passed': True}, {'name': 'asset turnover improving', 'passed': True}]}"
ITX.MC,composite_value,Composite Value,False,0.3399,[],[],
ITX.MC,earnings_quality,Earnings Quality,True,1.0,"['FCF/NI=1.04', 'OCF/NI=1.48', 'ratio=-8.45%']",[],
ITX.MC,financial_health,Financial Health,True,1.0,"['D/E=35%', 'leverage=17.1%', 'CR=1.54', 'ratio=-0.4', 'coverage=21.8x']",[],
IFX.DE,graham_defensive,Graham Defensive,False,0.25,['Dividend payer: yield=54.00%'],"['P/E >= 15', 'valuation too rich on P/B or P/E×P/B', 'current ratio < 2']",
IFX.DE,graham_enterprising,Graham Enterprising,False,0.4,"['Debt/equity < 100%: D/E=40%', 'Positive earnings growth: growth=39.6%']","['P/E >= 25', 'P/B >= 3', 'ROE <= 8%']",
IFX.DE,graham_net_net,Graham Net-Net,False,0.0,[],['missing NCAV (balance sheet data)'],
IFX.DE,schloss,Schloss Low P/B,False,0.5,['D/E < 50.0%: D/E=40%'],['P/B too high'],
IFX.DE,deep_value,Deep Value,False,0.0,[],"['P/B not below 1.0', 'EV/EBITDA not below 8']",
IFX.DE,earnings_yield,Earnings Yield,False,0.1264,['E/P=1.5% (P/E=65.9)'],['earnings yield 1.5% below 8%'],
IFX.DE,fcf_yield,FCF Yield,False,0.2213,['FCF yield=2.2%'],['FCF yield 2.2% below 5%'],
IFX.DE,low_pe_high_yield,Low P/E + High Yield,False,0.5,['yield=54.0%'],['P/E not below 12.0'],
IFX.DE,lynch_peg,Lynch PEG,False,0.0,"['PEG=1.66', 'growth=39.6%']",['PEG 1.66 >= 1.0'],
IFX.DE,neff_pegy,Neff PEGY,True,0.2958,"['PEGY=0.70', 'growth=39.6%', 'yield=54.0%']",[],
IFX.DE,quality_value,Quality Value,False,0.4,"['Profit margin >= 5%: margin=7.8%', 'Debt/equity < 80%: D/E=40%']","['ROE below 12%', 'P/E >= 20', 'FCF yield below 3%']",
IFX.DE,buffett_quality,Buffett Quality,False,0.25,['D/E < 60.0%: D/E=40%'],"['ROE too low', 'thin margins', 'P/E too high']",
IFX.DE,economic_moat,Economic Moat,False,0.25,['low leverage D/E=40%'],"['ROE below 18%', 'ROA below 8%', 'margins below 12%']",
IFX.DE,high_dividend,High Dividend Yield,False,0.1042,"['yield=54.0%', 'universe rank 10%']",['not in top quartile for yield'],
IFX.DE,dividend_growth,Dividend Growth,True,0.6667,"['dividend payer: yield=54.0%', 'earnings growth: growth=39.6%']",['P/E out of range'],
IFX.DE,magic_formula,Magic Formula,False,0.2376,[],['below top half on combined Magic Formula rank'],
IFX.DE,acquirers_multiple,Acquirer's Multiple,False,0.1037,"['EV/EBIT=46.3', 'universe rank 10%']","['EV/EBIT 46.3 above 12.0', 'not in top 40% cheapest on EV/EBIT']",
IFX.DE,dreman_contrarian,Dreman Contrarian,False,0.1426,[],"['P/E not in bottom quartile', 'P/B not cheap vs universe', 'dividend yield below median']",
IFX.DE,piotroski_f,Piotroski F-Score,False,0.4444,"['F-Score=4/9', 'positive net income', 'positive operating cash flow', 'OCF > net income', 'no share dilution']","['F-Score 4/9 below 7', 'ROA improving', 'leverage declining', 'current ratio improving', 'gross margin improving', 'asset turnover improving']","{'f_score': 4, 'max_score': 9, 'components': [{'name': 'positive net income', 'passed': True}, {'name': 'positive operating cash flow', 'passed': True}, {'name': 'ROA improving', 'passed': False}, {'name': 'OCF > net income', 'passed': True}, {'name': 'leverage declining', 'passed': False}, {'name': 'current ratio improving', 'passed': False}, {'name': 'no share dilution', 'passed': True}, {'name': 'gross margin improving', 'passed': False}, {'name': 'asset turnover improving', 'passed': False}]}"
IFX.DE,composite_value,Composite Value,False,0.5042,['top-tier on price_to_book (percentile 92%)'],[],
IFX.DE,earnings_quality,Earnings Quality,True,1.0,"['FCF/NI=1.72', 'OCF/NI=3.17', 'ratio=-7.23%']",[],
IFX.DE,financial_health,Financial Health,True,1.0,"['D/E=40%', 'leverage=23.7%', 'CR=1.70', 'ratio=1.3', 'coverage=8.8x']",[],
INGA.AS,graham_defensive,Graham Defensive,False,0.5,"['P/E < 15: P/E=13.2', 'Dividend payer: yield=365.00%']","['valuation too rich on P/B or P/E×P/B', 'current ratio < 2']",
INGA.AS,graham_enterprising,Graham Enterprising,True,0.8,"['P/E < 25: P/E=13.2', 'P/B < 3: P/B=1.72', 'ROE > 8%: ROE=17.1%', 'Positive earnings growth: growth=22.1%']",['excessive leverage'],
INGA.AS,graham_net_net,Graham Net-Net,False,0.0,[],['missing NCAV (balance sheet data)'],
INGA.AS,schloss,Schloss Low P/B,False,0.0,[],"['P/B too high', 'too much leverage']",
INGA.AS,deep_value,Deep Value,False,0.0,[],"['P/B not below 1.0', 'EV/EBITDA not below 8']",
INGA.AS,earnings_yield,Earnings Yield,False,0.6307,['E/P=7.6% (P/E=13.2)'],['earnings yield 7.6% below 8%'],
INGA.AS,fcf_yield,FCF Yield,False,1.0,['FCF yield=nan%'],['FCF yield nan% below 5%'],
INGA.AS,low_pe_high_yield,Low P/E + High Yield,False,0.5,['yield=365.0%'],['P/E not below 12.0'],
INGA.AS,lynch_peg,Lynch PEG,True,0.4022,"['PEG=0.60', 'growth=22.1%']",[],
INGA.AS,neff_pegy,Neff PEGY,True,0.9659,"['PEGY=0.03', 'growth=22.1%', 'yield=365.0%']",[],
INGA.AS,quality_value,Quality Value,False,0.6,"['ROE >= 12%: ROE=17.1%', 'Profit margin >= 5%: margin=34.5%', 'P/E < 20: P/E=13.2']","['high leverage', 'FCF yield below 3%']",
INGA.AS,buffett_quality,Buffett Quality,True,0.75,"['ROE >= 15%: ROE=17.1%', 'margin >= 8%: margin=34.5%', 'P/E < 25.0: P/E=13.2']",['too much debt'],
INGA.AS,economic_moat,Economic Moat,False,0.25,['wide margin=34.5%'],"['ROE below 18%', 'ROA below 8%', 'leverage too high']",
INGA.AS,high_dividend,High Dividend Yield,False,0.6458,"['yield=365.0%', 'universe rank 65%']",['not in top quartile for yield'],
INGA.AS,dividend_growth,Dividend Growth,True,1.0,"['dividend payer: yield=365.0%', 'earnings growth: growth=22.1%', 'reasonable P/E: P/E=13.2']",[],
INGA.AS,magic_formula,Magic Formula,False,0.0,[],['missing EBIT/EV or ROIC inputs'],
INGA.AS,acquirers_multiple,Acquirer's Multiple,False,0.0,[],['could not rank EV/EBIT'],
INGA.AS,dreman_contrarian,Dreman Contrarian,True,0.6475,"['low P/B rank 60%', 'dividend rank 65%']",['P/E not in bottom quartile'],
INGA.AS,piotroski_f,Piotroski F-Score,False,0.2222,"['F-Score=2/9', 'positive net income', 'no share dilution']","['F-Score 2/9 below 7', 'positive operating cash flow', 'ROA improving', 'OCF > net income', 'leverage declining', 'current ratio improving', 'gross margin improving', 'asset turnover improving']","{'f_score': 2, 'max_score': 9, 'components': [{'name': 'positive net income', 'passed': True}, {'name': 'positive operating cash flow', 'passed': False}, {'name': 'ROA improving', 'passed': False}, {'name': 'OCF > net income', 'passed': False}, {'name': 'leverage declining', 'passed': False}, {'name': 'current ratio improving', 'passed': False}, {'name': 'no share dilution', 'passed': True}, {'name': 'gross margin improving', 'passed': False}, {'name': 'asset turnover improving', 'passed': False}]}"
INGA.AS,composite_value,Composite Value,False,0.4018,[],"['missing fcf_yield', 'missing ev_ebitda']",
INGA.AS,earnings_quality,Earnings Quality,False,0.3333,['ratio=1.21%'],"['weak free-cash conversion', 'operating cash below earnings']",
INGA.AS,financial_health,Financial Health,False,0.4,"['leverage=17.0%', 'insufficient data — skipped']","['high debt to equity', 'weak liquidity', 'weak interest coverage']",
ISP.MI,graham_defensive,Graham Defensive,False,0.75,"['P/E < 15: P/E=11.1', 'P/B < 1.5 or P/E×P/B < 22.5: P/B=1.60', 'Dividend payer: yield=584.00%']",['current ratio < 2'],
ISP.MI,graham_enterprising,Graham Enterprising,True,0.8,"['P/E < 25: P/E=11.1', 'P/B < 3: P/B=1.60', 'ROE > 8%: ROE=14.3%', 'Positive earnings growth: growth=13.9%']",['excessive leverage'],
ISP.MI,graham_net_net,Graham Net-Net,False,0.0,[],['missing NCAV (balance sheet data)'],
ISP.MI,schloss,Schloss Low P/B,False,0.0,[],"['P/B too high', 'too much leverage']",
ISP.MI,deep_value,Deep Value,False,0.0,[],"['P/B not below 1.0', 'EV/EBITDA not below 8']",
ISP.MI,earnings_yield,Earnings Yield,True,0.7479,['E/P=9.0% (P/E=11.1)'],[],
ISP.MI,fcf_yield,FCF Yield,False,1.0,['FCF yield=nan%'],['FCF yield nan% below 5%'],
ISP.MI,low_pe_high_yield,Low P/E + High Yield,True,1.0,"['P/E=11.1', 'yield=584.0%']",[],
ISP.MI,lynch_peg,Lynch PEG,True,0.1984,"['PEG=0.80', 'growth=13.9%']",[],
ISP.MI,neff_pegy,Neff PEGY,True,0.9814,"['PEGY=0.02', 'growth=13.9%', 'yield=584.0%']",[],
ISP.MI,quality_value,Quality Value,False,0.6,"['ROE >= 12%: ROE=14.3%', 'Profit margin >= 5%: margin=37.0%', 'P/E < 20: P/E=11.1']","['high leverage', 'FCF yield below 3%']",
ISP.MI,buffett_quality,Buffett Quality,False,0.5,"['margin >= 8%: margin=37.0%', 'P/E < 25.0: P/E=11.1']","['ROE too low', 'too much debt']",
ISP.MI,economic_moat,Economic Moat,False,0.25,['wide margin=37.0%'],"['ROE below 18%', 'ROA below 8%', 'leverage too high']",
ISP.MI,high_dividend,High Dividend Yield,True,0.8958,"['yield=584.0%', 'universe rank 90%']",[],
ISP.MI,dividend_growth,Dividend Growth,True,1.0,"['dividend payer: yield=584.0%', 'earnings growth: growth=13.9%', 'reasonable P/E: P/E=11.1']",[],
ISP.MI,magic_formula,Magic Formula,False,0.0,[],['missing EBIT/EV or ROIC inputs'],
ISP.MI,acquirers_multiple,Acquirer's Multiple,False,0.0,[],['could not rank EV/EBIT'],
ISP.MI,dreman_contrarian,Dreman Contrarian,True,0.7898,"['low P/E rank 82%', 'low P/B rank 65%', 'dividend rank 90%']",[],
ISP.MI,piotroski_f,Piotroski F-Score,False,0.6667,"['F-Score=6/9', 'positive net income', 'positive operating cash flow', 'ROA improving', 'leverage declining', 'no share dilution', 'asset turnover improving']","['F-Score 6/9 below 7', 'OCF > net income', 'current ratio improving', 'gross margin improving']","{'f_score': 6, 'max_score': 9, 'components': [{'name': 'positive net income', 'passed': True}, {'name': 'positive operating cash flow', 'passed': True}, {'name': 'ROA improving', 'passed': True}, {'name': 'OCF > net income', 'passed': False}, {'name': 'leverage declining', 'passed': True}, {'name': 'current ratio improving', 'passed': False}, {'name': 'no share dilution', 'passed': True}, {'name': 'gross margin improving', 'passed': False}, {'name': 'asset turnover improving', 'passed': True}]}"
ISP.MI,composite_value,Composite Value,True,0.6962,['top-tier on dividend_yield (percentile 84%)'],"['missing fcf_yield', 'missing ev_ebitda']",
ISP.MI,earnings_quality,Earnings Quality,False,0.6667,"['OCF/NI=0.88', 'ratio=0.11%']",['weak free-cash conversion'],
ISP.MI,financial_health,Financial Health,False,0.4,"['leverage=14.5%', 'insufficient data — skipped']","['high debt to equity', 'weak liquidity', 'weak interest coverage']",
OR.PA,graham_defensive,Graham Defensive,False,0.25,['Dividend payer: yield=193.00%'],"['P/E >= 15', 'valuation too rich on P/B or P/E×P/B', 'current ratio < 2']",
OR.PA,graham_enterprising,Graham Enterprising,False,0.6,"['Debt/equity < 100%: D/E=49%', 'ROE > 8%: ROE=19.4%', 'Positive earnings growth: growth=5.4%']","['P/E >= 25', 'P/B >= 3']",
OR.PA,graham_net_net,Graham Net-Net,False,0.0,[],['missing NCAV (balance sheet data)'],
OR.PA,schloss,Schloss Low P/B,False,0.5,['D/E < 50.0%: D/E=49%'],['P/B too high'],
OR.PA,deep_value,Deep Value,False,0.0,[],"['P/B not below 1.0', 'EV/EBITDA not below 8']",
OR.PA,earnings_yield,Earnings Yield,False,0.2625,['E/P=3.2% (P/E=31.7)'],['earnings yield 3.2% below 8%'],
OR.PA,fcf_yield,FCF Yield,False,0.3213,['FCF yield=3.2%'],['FCF yield 3.2% below 5%'],
OR.PA,low_pe_high_yield,Low P/E + High Yield,False,0.5,['yield=193.0%'],['P/E not below 12.0'],
OR.PA,lynch_peg,Lynch PEG,False,0.0,"['PEG=5.88', 'growth=5.4%']",['PEG 5.88 >= 1.0'],
OR.PA,neff_pegy,Neff PEGY,True,0.84,"['PEGY=0.16', 'growth=5.4%', 'yield=193.0%']",[],
OR.PA,quality_value,Quality Value,True,0.8,"['ROE >= 12%: ROE=19.4%', 'Profit margin >= 5%: margin=13.9%', 'Debt/equity < 80%: D/E=49%', 'FCF yield >= 3%: FCF yield=3.2%']",['P/E >= 20'],
OR.PA,buffett_quality,Buffett Quality,False,0.75,"['ROE >= 15%: ROE=19.4%', 'D/E < 60.0%: D/E=49%', 'margin >= 8%: margin=13.9%']",['P/E too high'],
OR.PA,economic_moat,Economic Moat,True,1.0,"['high ROE=19.4%', 'solid ROA=9.9%', 'wide margin=13.9%', 'low leverage D/E=49%']",[],
OR.PA,high_dividend,High Dividend Yield,False,0.375,"['yield=193.0%', 'universe rank 38%']",['not in top quartile for yield'],
OR.PA,dividend_growth,Dividend Growth,True,0.6667,"['dividend payer: yield=193.0%', 'earnings growth: growth=5.4%']",['P/E out of range'],
OR.PA,magic_formula,Magic Formula,True,0.5847,['ROIC rank 82%'],[],
OR.PA,acquirers_multiple,Acquirer's Multiple,False,0.311,"['EV/EBIT=23.8', 'universe rank 31%']","['EV/EBIT 23.8 above 12.0', 'not in top 40% cheapest on EV/EBIT']",
OR.PA,dreman_contrarian,Dreman Contrarian,False,0.261,[],"['P/E not in bottom quartile', 'P/B not cheap vs universe', 'dividend yield below median']",
OR.PA,piotroski_f,Piotroski F-Score,False,0.6667,"['F-Score=6/9', 'positive net income', 'positive operating cash flow', 'OCF > net income', 'current ratio improving', 'no share dilution', 'gross margin improving']","['F-Score 6/9 below 7', 'ROA improving', 'leverage declining', 'asset turnover improving']","{'f_score': 6, 'max_score': 9, 'components': [{'name': 'positive net income', 'passed': True}, {'name': 'positive operating cash flow', 'passed': True}, {'name': 'ROA improving', 'passed': False}, {'name': 'OCF > net income', 'passed': True}, {'name': 'leverage declining', 'passed': False}, {'name': 'current ratio improving', 'passed': True}, {'name': 'no share dilution', 'passed': True}, {'name': 'gross margin improving', 'passed': True}, {'name': 'asset turnover improving', 'passed': False}]}"
OR.PA,composite_value,Composite Value,False,0.217,[],[],
OR.PA,earnings_quality,Earnings Quality,True,1.0,"['FCF/NI=1.04', 'OCF/NI=1.41', 'ratio=-4.09%']",[],
OR.PA,financial_health,Financial Health,True,1.0,"['D/E=49%', 'leverage=19.3%', 'CR=1.44', 'ratio=1.2', 'coverage=23.7x']",[],
MC.PA,graham_defensive,Graham Defensive,False,0.25,['Dividend payer: yield=337.00%'],"['P/E >= 15', 'valuation too rich on P/B or P/E×P/B', 'current ratio < 2']",
MC.PA,graham_enterprising,Graham Enterprising,True,1.0,"['P/E < 25: P/E=17.7', 'P/B < 3: P/B=2.81', 'Debt/equity < 100%: D/E=53%', 'ROE > 8%: ROE=16.6%', 'Positive earnings growth: growth=0.8%']",[],
MC.PA,graham_net_net,Graham Net-Net,False,0.0,[],['missing NCAV (balance sheet data)'],
MC.PA,schloss,Schloss Low P/B,False,0.0,[],"['P/B too high', 'too much leverage']",
MC.PA,deep_value,Deep Value,False,0.0,[],"['P/B not below 1.0', 'EV/EBITDA not below 8']",
MC.PA,earnings_yield,Earnings Yield,False,0.4716,['E/P=5.7% (P/E=17.7)'],['earnings yield 5.7% below 8%'],
MC.PA,fcf_yield,FCF Yield,True,0.6037,['FCF yield=6.0%'],[],
MC.PA,low_pe_high_yield,Low P/E + High Yield,False,0.5,['yield=337.0%'],['P/E not below 12.0'],
MC.PA,lynch_peg,Lynch PEG,False,0.0,"['PEG=22.09', 'growth=0.8%']","['growth 0.8% below 5% floor', 'PEG 22.09 >= 1.0']",
MC.PA,neff_pegy,Neff PEGY,True,0.9477,"['PEGY=0.05', 'growth=0.8%', 'yield=337.0%']",[],
MC.PA,quality_value,Quality Value,True,1.0,"['ROE >= 12%: ROE=16.6%', 'Profit margin >= 5%: margin=13.7%', 'Debt/equity < 80%: D/E=53%', 'P/E < 20: P/E=17.7', 'FCF yield >= 3%: FCF yield=6.0%']",[],
MC.PA,buffett_quality,Buffett Quality,True,1.0,"['ROE >= 15%: ROE=16.6%', 'D/E < 60.0%: D/E=53%', 'margin >= 8%: margin=13.7%', 'P/E < 25.0: P/E=17.7']",[],
MC.PA,economic_moat,Economic Moat,False,0.25,['wide margin=13.7%'],"['ROE below 18%', 'ROA below 8%', 'leverage too high']",
MC.PA,high_dividend,High Dividend Yield,False,0.5938,"['yield=337.0%', 'universe rank 59%']",['not in top quartile for yield'],
MC.PA,dividend_growth,Dividend Growth,True,0.6667,"['dividend payer: yield=337.0%', 'reasonable P/E: P/E=17.7']",['earnings not growing'],
MC.PA,magic_formula,Magic Formula,True,0.761,"['earnings yield rank 80%', 'ROIC rank 72%']",[],
MC.PA,acquirers_multiple,Acquirer's Multiple,False,0.7622,"['EV/EBIT=12.3', 'universe rank 76%']",['EV/EBIT 12.3 above 12.0'],
MC.PA,dreman_contrarian,Dreman Contrarian,False,0.503,['dividend rank 59%'],"['P/E not in bottom quartile', 'P/B not cheap vs universe']",
MC.PA,piotroski_f,Piotroski F-Score,True,0.7778,"['F-Score=7/9', 'positive net income', 'positive operating cash flow', 'OCF > net income', 'leverage declining', 'current ratio improving', 'no share dilution', 'asset turnover improving']","['ROA improving', 'gross margin improving']","{'f_score': 7, 'max_score': 9, 'components': [{'name': 'positive net income', 'passed': True}, {'name': 'positive operating cash flow', 'passed': True}, {'name': 'ROA improving', 'passed': False}, {'name': 'OCF > net income', 'passed': True}, {'name': 'leverage declining', 'passed': True}, {'name': 'current ratio improving', 'passed': True}, {'name': 'no share dilution', 'passed': True}, {'name': 'gross margin improving', 'passed': False}, {'name': 'asset turnover improving', 'passed': True}]}"
MC.PA,composite_value,Composite Value,False,0.5965,['top-tier on ev_ebitda (percentile 76%)'],[],
MC.PA,earnings_quality,Earnings Quality,True,1.0,"['FCF/NI=1.06', 'OCF/NI=1.74', 'ratio=-5.63%']",[],
MC.PA,financial_health,Financial Health,True,1.0,"['D/E=53%', 'leverage=25.9%', 'CR=1.58', 'ratio=1.2', 'coverage=15.4x']",[],
MBG.DE,graham_defensive,Graham Defensive,False,0.75,"['P/E < 15: P/E=7.6', 'P/B < 1.5 or P/E×P/B < 22.5: P/B=0.40', 'Dividend payer: yield=860.00%']",['current ratio < 2'],
MBG.DE,graham_enterprising,Graham Enterprising,False,0.6,"['P/E < 25: P/E=7.6', 'P/B < 3: P/B=0.40', 'Positive earnings growth: growth=20.0%']","['excessive leverage', 'ROE <= 8%']",
MBG.DE,graham_net_net,Graham Net-Net,False,0.0,[],['missing NCAV (balance sheet data)'],
MBG.DE,schloss,Schloss Low P/B,False,0.5,['P/B < 1.2: P/B=0.40'],['too much leverage'],
MBG.DE,deep_value,Deep Value,False,0.5,['P/B=0.40'],['EV/EBITDA not below 8'],
MBG.DE,earnings_yield,Earnings Yield,True,1.0,['E/P=13.1% (P/E=7.6)'],[],
MBG.DE,fcf_yield,FCF Yield,False,0.0,['FCF yield=-10.3%'],['FCF yield -10.3% below 5%'],
MBG.DE,low_pe_high_yield,Low P/E + High Yield,True,1.0,"['P/E=7.6', 'yield=860.0%']",[],
MBG.DE,lynch_peg,Lynch PEG,True,0.6183,"['PEG=0.38', 'growth=20.0%']",[],
MBG.DE,neff_pegy,Neff PEGY,True,0.9913,"['PEGY=0.01', 'growth=20.0%', 'yield=860.0%']",[],
MBG.DE,quality_value,Quality Value,False,0.2,['P/E < 20: P/E=7.6'],"['ROE below 12%', 'thin margins', 'high leverage', 'FCF yield below 3%']",
MBG.DE,buffett_quality,Buffett Quality,False,0.25,['P/E < 25.0: P/E=7.6'],"['ROE too low', 'too much debt', 'thin margins']",
MBG.DE,economic_moat,Economic Moat,False,0.0,[],"['ROE below 18%', 'ROA below 8%', 'margins below 12%', 'leverage too high']",
MBG.DE,high_dividend,High Dividend Yield,True,0.9896,"['yield=860.0%', 'universe rank 99%']",[],
MBG.DE,dividend_growth,Dividend Growth,True,1.0,"['dividend payer: yield=860.0%', 'earnings growth: growth=20.0%', 'reasonable P/E: P/E=7.6']",[],
MBG.DE,magic_formula,Magic Formula,False,0.195,[],['below top half on combined Magic Formula rank'],
MBG.DE,acquirers_multiple,Acquirer's Multiple,False,0.2683,"['EV/EBIT=25.5', 'universe rank 27%']","['EV/EBIT 25.5 above 12.0', 'not in top 40% cheapest on EV/EBIT']",
MBG.DE,dreman_contrarian,Dreman Contrarian,True,0.9769,"['low P/E rank 96%', 'low P/B rank 98%', 'dividend rank 99%']",[],
MBG.DE,piotroski_f,Piotroski F-Score,False,0.6667,"['F-Score=6/9', 'positive net income', 'positive operating cash flow', 'OCF > net income', 'leverage declining', 'current ratio improving', 'no share dilution']","['F-Score 6/9 below 7', 'ROA improving', 'gross margin improving', 'asset turnover improving']","{'f_score': 6, 'max_score': 9, 'components': [{'name': 'positive net income', 'passed': True}, {'name': 'positive operating cash flow', 'passed': True}, {'name': 'ROA improving', 'passed': False}, {'name': 'OCF > net income', 'passed': True}, {'name': 'leverage declining', 'passed': True}, {'name': 'current ratio improving', 'passed': True}, {'name': 'no share dilution', 'passed': True}, {'name': 'gross margin improving', 'passed': False}, {'name': 'asset turnover improving', 'passed': False}]}"
MBG.DE,composite_value,Composite Value,True,0.7188,"['top-tier on trailing_pe (percentile 88%)', 'top-tier on price_to_book (percentile 88%)', 'top-tier on dividend_yield (percentile 94%)', 'top-tier on ev_ebitda (percentile 82%)']",[],
MBG.DE,earnings_quality,Earnings Quality,False,0.6667,"['OCF/NI=3.50', 'ratio=-5.04%']",['weak free-cash conversion'],
MBG.DE,financial_health,Financial Health,False,0.6,"['leverage=32.2%', 'CR=1.38', 'coverage=12.2x']","['high debt to equity', 'high net debt/EBITDA']",
MUV2.DE,graham_defensive,Graham Defensive,False,0.75,"['P/E < 15: P/E=9.7', 'P/B < 1.5 or P/E×P/B < 22.5: P/B=1.94', 'Dividend payer: yield=469.00%']",['current ratio < 2'],
MUV2.DE,graham_enterprising,Graham Enterprising,True,1.0,"['P/E < 25: P/E=9.7', 'P/B < 3: P/B=1.94', 'Debt/equity < 100%: D/E=24%', 'ROE > 8%: ROE=21.3%', 'Positive earnings growth: growth=9.8%']",[],
MUV2.DE,graham_net_net,Graham Net-Net,False,0.0,[],['missing NCAV (balance sheet data)'],
MUV2.DE,schloss,Schloss Low P/B,False,0.5,['D/E < 50.0%: D/E=24%'],['P/B too high'],
MUV2.DE,deep_value,Deep Value,False,0.0,[],"['P/B not below 1.0', 'EV/EBITDA not below 8']",
MUV2.DE,earnings_yield,Earnings Yield,True,0.86,['E/P=10.3% (P/E=9.7)'],[],
MUV2.DE,fcf_yield,FCF Yield,True,1.0,['FCF yield=10.6%'],[],
MUV2.DE,low_pe_high_yield,Low P/E + High Yield,True,1.0,"['P/E=9.7', 'yield=469.0%']",[],
MUV2.DE,lynch_peg,Lynch PEG,True,0.0112,"['PEG=0.99', 'growth=9.8%']",[],
MUV2.DE,neff_pegy,Neff PEGY,True,0.9798,"['PEGY=0.02', 'growth=9.8%', 'yield=469.0%']",[],
MUV2.DE,quality_value,Quality Value,True,1.0,"['ROE >= 12%: ROE=21.3%', 'Profit margin >= 5%: margin=11.2%', 'Debt/equity < 80%: D/E=24%', 'P/E < 20: P/E=9.7', 'FCF yield >= 3%: FCF yield=10.6%']",[],
MUV2.DE,buffett_quality,Buffett Quality,True,1.0,"['ROE >= 15%: ROE=21.3%', 'D/E < 60.0%: D/E=24%', 'margin >= 8%: margin=11.2%', 'P/E < 25.0: P/E=9.7']",[],
MUV2.DE,economic_moat,Economic Moat,False,0.5,"['high ROE=21.3%', 'low leverage D/E=24%']","['ROA below 8%', 'margins below 12%']",
MUV2.DE,high_dividend,High Dividend Yield,True,0.7969,"['yield=469.0%', 'universe rank 80%']",[],
MUV2.DE,dividend_growth,Dividend Growth,True,1.0,"['dividend payer: yield=469.0%', 'earnings growth: growth=9.8%', 'reasonable P/E: P/E=9.7']",[],
MUV2.DE,magic_formula,Magic Formula,False,0.0,[],['missing EBIT/EV or ROIC inputs'],
MUV2.DE,acquirers_multiple,Acquirer's Multiple,True,0.9146,"['EV/EBIT=7.4', 'universe rank 91%']",[],
MUV2.DE,dreman_contrarian,Dreman Contrarian,True,0.7476,"['low P/E rank 90%', 'dividend rank 80%']",['P/B not cheap vs universe'],
MUV2.DE,piotroski_f,Piotroski F-Score,False,0.4444,"['F-Score=4/9', 'positive net income', 'positive operating cash flow', 'ROA improving', 'no share dilution']","['F-Score 4/9 below 7', 'OCF > net income', 'leverage declining', 'current ratio improving', 'gross margin improving', 'asset turnover improving']","{'f_score': 4, 'max_score': 9, 'components': [{'name': 'positive net income', 'passed': True}, {'name': 'positive operating cash flow', 'passed': True}, {'name': 'ROA improving', 'passed': True}, {'name': 'OCF > net income', 'passed': False}, {'name': 'leverage declining', 'passed': False}, {'name': 'current ratio improving', 'passed': False}, {'name': 'no share dilution', 'passed': True}, {'name': 'gross margin improving', 'passed': False}, {'name': 'asset turnover improving', 'passed': False}]}"
MUV2.DE,composite_value,Composite Value,False,0.6271,"['top-tier on trailing_pe (percentile 80%)', 'top-tier on fcf_yield (percentile 73%)']",['missing ev_ebitda'],
MUV2.DE,earnings_quality,Earnings Quality,True,1.0,"['FCF/NI=1.13', 'OCF/NI=0.80', 'ratio=0.43%']",[],
MUV2.DE,financial_health,Financial Health,False,0.8,"['D/E=24%', 'leverage=2.7%', 'insufficient data — skipped', 'coverage=24.4x']",['weak liquidity'],
NDA-FI.HE,graham_defensive,Graham Defensive,False,0.75,"['P/E < 15: P/E=12.2', 'P/B < 1.5 or P/E×P/B < 22.5: P/B=1.83', 'Dividend payer: yield=762.00%']",['current ratio < 2'],
NDA-FI.HE,graham_enterprising,Graham Enterprising,True,0.8,"['P/E < 25: P/E=12.2', 'P/B < 3: P/B=1.83', 'ROE > 8%: ROE=15.3%', 'Positive earnings growth: growth=2.9%']",['excessive leverage'],
NDA-FI.HE,graham_net_net,Graham Net-Net,False,0.0,[],['missing NCAV (balance sheet data)'],
NDA-FI.HE,schloss,Schloss Low P/B,False,0.0,[],"['P/B too high', 'too much leverage']",
NDA-FI.HE,deep_value,Deep Value,False,0.0,[],"['P/B not below 1.0', 'EV/EBITDA not below 8']",
NDA-FI.HE,earnings_yield,Earnings Yield,True,0.6835,['E/P=8.2% (P/E=12.2)'],[],
NDA-FI.HE,fcf_yield,FCF Yield,False,1.0,['FCF yield=nan%'],['FCF yield nan% below 5%'],
NDA-FI.HE,low_pe_high_yield,Low P/E + High Yield,False,0.5,['yield=762.0%'],['P/E not below 12.0'],
NDA-FI.HE,lynch_peg,Lynch PEG,False,0.0,"['PEG=4.20', 'growth=2.9%']","['growth 2.9% below 5% floor', 'PEG 4.20 >= 1.0']",
NDA-FI.HE,neff_pegy,Neff PEGY,True,0.9841,"['PEGY=0.02', 'growth=2.9%', 'yield=762.0%']",[],
NDA-FI.HE,quality_value,Quality Value,False,0.6,"['ROE >= 12%: ROE=15.3%', 'Profit margin >= 5%: margin=40.6%', 'P/E < 20: P/E=12.2']","['high leverage', 'FCF yield below 3%']",
NDA-FI.HE,buffett_quality,Buffett Quality,True,0.75,"['ROE >= 15%: ROE=15.3%', 'margin >= 8%: margin=40.6%', 'P/E < 25.0: P/E=12.2']",['too much debt'],
NDA-FI.HE,economic_moat,Economic Moat,False,0.25,['wide margin=40.6%'],"['ROE below 18%', 'ROA below 8%', 'leverage too high']",
NDA-FI.HE,high_dividend,High Dividend Yield,True,0.974,"['yield=762.0%', 'universe rank 97%']",[],
NDA-FI.HE,dividend_growth,Dividend Growth,True,0.6667,"['dividend payer: yield=762.0%', 'reasonable P/E: P/E=12.2']",['earnings not growing'],
NDA-FI.HE,magic_formula,Magic Formula,False,0.0,[],['missing EBIT/EV or ROIC inputs'],
NDA-FI.HE,acquirers_multiple,Acquirer's Multiple,False,0.0,[],['could not rank EV/EBIT'],
NDA-FI.HE,dreman_contrarian,Dreman Contrarian,True,0.7753,"['low P/E rank 77%', 'dividend rank 97%']",['P/B not cheap vs universe'],
NDA-FI.HE,piotroski_f,Piotroski F-Score,False,0.3333,"['F-Score=3/9', 'positive net income', 'leverage declining', 'no share dilution']","['F-Score 3/9 below 7', 'positive operating cash flow', 'ROA improving', 'OCF > net income', 'current ratio improving', 'gross margin improving', 'asset turnover improving']","{'f_score': 3, 'max_score': 9, 'components': [{'name': 'positive net income', 'passed': True}, {'name': 'positive operating cash flow', 'passed': False}, {'name': 'ROA improving', 'passed': False}, {'name': 'OCF > net income', 'passed': False}, {'name': 'leverage declining', 'passed': True}, {'name': 'current ratio improving', 'passed': False}, {'name': 'no share dilution', 'passed': True}, {'name': 'gross margin improving', 'passed': False}, {'name': 'asset turnover improving', 'passed': False}]}"
NDA-FI.HE,composite_value,Composite Value,False,0.626,['top-tier on dividend_yield (percentile 98%)'],"['missing fcf_yield', 'missing ev_ebitda']",
NDA-FI.HE,earnings_quality,Earnings Quality,False,0.3333,['ratio=1.22%'],"['weak free-cash conversion', 'operating cash below earnings']",
NDA-FI.HE,financial_health,Financial Health,False,0.4,"['leverage=31.6%', 'insufficient data — skipped']","['high debt to equity', 'weak liquidity', 'weak interest coverage']",
PRX.AS,graham_defensive,Graham Defensive,True,1.0,"['P/E < 15: P/E=7.8', 'P/B < 1.5 or P/E×P/B < 22.5: P/B=1.64', 'Current ratio >= 2: CR=2.43', 'Dividend payer: yield=79.00%']",[],
PRX.AS,graham_enterprising,Graham Enterprising,True,0.8,"['P/E < 25: P/E=7.8', 'P/B < 3: P/B=1.64', 'Debt/equity < 100%: D/E=33%', 'ROE > 8%: ROE=22.2%']",['negative earnings growth'],
PRX.AS,graham_net_net,Graham Net-Net,False,0.0,[],['missing NCAV (balance sheet data)'],
PRX.AS,schloss,Schloss Low P/B,False,0.5,['D/E < 50.0%: D/E=33%'],['P/B too high'],
PRX.AS,deep_value,Deep Value,False,0.0,[],"['P/B not below 1.0', 'EV/EBITDA not below 8']",
PRX.AS,earnings_yield,Earnings Yield,True,1.0,['E/P=12.8% (P/E=7.8)'],[],
PRX.AS,fcf_yield,FCF Yield,False,0.115,['FCF yield=1.1%'],['FCF yield 1.1% below 5%'],
PRX.AS,low_pe_high_yield,Low P/E + High Yield,True,1.0,"['P/E=7.8', 'yield=79.0%']",[],
PRX.AS,lynch_peg,Lynch PEG,False,0.0,"['PEG=nan', 'growth=nan%']",[],
PRX.AS,neff_pegy,Neff PEGY,False,0.0,"['PEGY=nan', 'growth=nan%', 'yield=79.0%']",['PEGY nan >= 1.0'],
PRX.AS,quality_value,Quality Value,True,0.8,"['ROE >= 12%: ROE=22.2%', 'Profit margin >= 5%: margin=119.9%', 'Debt/equity < 80%: D/E=33%', 'P/E < 20: P/E=7.8']",['FCF yield below 3%'],
PRX.AS,buffett_quality,Buffett Quality,True,1.0,"['ROE >= 15%: ROE=22.2%', 'D/E < 60.0%: D/E=33%', 'margin >= 8%: margin=119.9%', 'P/E < 25.0: P/E=7.8']",[],
PRX.AS,economic_moat,Economic Moat,True,1.0,"['high ROE=22.2%', 'solid ROA=14.7%', 'wide margin=119.9%', 'low leverage D/E=33%']",[],
PRX.AS,high_dividend,High Dividend Yield,False,0.1458,"['yield=79.0%', 'universe rank 15%']",['not in top quartile for yield'],
PRX.AS,dividend_growth,Dividend Growth,True,0.6667,"['dividend payer: yield=79.0%', 'reasonable P/E: P/E=7.8']",['earnings not growing'],
PRX.AS,magic_formula,Magic Formula,False,0.0408,[],['below top half on combined Magic Formula rank'],
PRX.AS,acquirers_multiple,Acquirer's Multiple,False,0.0061,"['EV/EBIT=593.6', 'universe rank 1%']","['EV/EBIT 593.6 above 12.0', 'not in top 40% cheapest on EV/EBIT']",
PRX.AS,dreman_contrarian,Dreman Contrarian,True,0.5729,"['low P/E rank 95%', 'low P/B rank 62%']",['dividend yield below median'],
PRX.AS,piotroski_f,Piotroski F-Score,False,0.6667,"['F-Score=6/9', 'positive net income', 'positive operating cash flow', 'leverage declining', 'no share dilution', 'gross margin improving', 'asset turnover improving']","['F-Score 6/9 below 7', 'ROA improving', 'OCF > net income', 'current ratio improving']","{'f_score': 6, 'max_score': 9, 'components': [{'name': 'positive net income', 'passed': True}, {'name': 'positive operating cash flow', 'passed': True}, {'name': 'ROA improving', 'passed': False}, {'name': 'OCF > net income', 'passed': False}, {'name': 'leverage declining', 'passed': True}, {'name': 'current ratio improving', 'passed': False}, {'name': 'no share dilution', 'passed': True}, {'name': 'gross margin improving', 'passed': True}, {'name': 'asset turnover improving', 'passed': True}]}"
PRX.AS,composite_value,Composite Value,False,0.4119,['top-tier on trailing_pe (percentile 81%)'],[],
PRX.AS,earnings_quality,Earnings Quality,False,0.0,[],"['weak free-cash conversion', 'operating cash below earnings', 'high accruals vs assets']",
PRX.AS,financial_health,Financial Health,True,0.8,"['D/E=33%', 'leverage=22.3%', 'CR=2.43', 'ratio=3.1']",['weak interest coverage'],
RHM.DE,graham_defensive,Graham Defensive,False,0.25,['Dividend payer: yield=121.00%'],"['P/E >= 15', 'valuation too rich on P/B or P/E×P/B', 'current ratio < 2']",
RHM.DE,graham_enterprising,Graham Enterprising,False,0.4,"['Debt/equity < 100%: D/E=52%', 'ROE > 8%: ROE=25.7%']","['P/E >= 25', 'P/B >= 3', 'negative earnings growth']",
RHM.DE,graham_net_net,Graham Net-Net,False,0.0,[],['missing NCAV (balance sheet data)'],
RHM.DE,schloss,Schloss Low P/B,False,0.0,[],"['P/B too high', 'too much leverage']",
RHM.DE,deep_value,Deep Value,False,0.0,[],"['P/B not below 1.0', 'EV/EBITDA not below 8']",
RHM.DE,earnings_yield,Earnings Yield,False,0.2313,['E/P=2.8% (P/E=36.0)'],['earnings yield 2.8% below 8%'],
RHM.DE,fcf_yield,FCF Yield,False,0.1485,['FCF yield=1.5%'],['FCF yield 1.5% below 5%'],
RHM.DE,low_pe_high_yield,Low P/E + High Yield,False,0.5,['yield=121.0%'],['P/E not below 12.0'],
RHM.DE,lynch_peg,Lynch PEG,False,0.2,[],['missing or negative earnings growth'],
RHM.DE,neff_pegy,Neff PEGY,True,0.6876,"['PEGY=0.31', 'growth=-5.7%', 'yield=121.0%']",[],
RHM.DE,quality_value,Quality Value,False,0.6,"['ROE >= 12%: ROE=25.7%', 'Profit margin >= 5%: margin=6.3%', 'Debt/equity < 80%: D/E=52%']","['P/E >= 20', 'FCF yield below 3%']",
RHM.DE,buffett_quality,Buffett Quality,False,0.5,"['ROE >= 15%: ROE=25.7%', 'D/E < 60.0%: D/E=52%']","['thin margins', 'P/E too high']",
RHM.DE,economic_moat,Economic Moat,False,0.25,['high ROE=25.7%'],"['ROA below 8%', 'margins below 12%', 'leverage too high']",
RHM.DE,high_dividend,High Dividend Yield,False,0.2083,"['yield=121.0%', 'universe rank 21%']",['not in top quartile for yield'],
RHM.DE,dividend_growth,Dividend Growth,False,0.3333,['dividend payer: yield=121.0%'],"['earnings not growing', 'P/E out of range']",
RHM.DE,magic_formula,Magic Formula,True,0.5818,['ROIC rank 90%'],[],
RHM.DE,acquirers_multiple,Acquirer's Multiple,False,0.2195,"['EV/EBIT=28.2', 'universe rank 22%']","['EV/EBIT 28.2 above 12.0', 'not in top 40% cheapest on EV/EBIT']",
RHM.DE,dreman_contrarian,Dreman Contrarian,False,0.1652,[],"['P/E not in bottom quartile', 'P/B not cheap vs universe', 'dividend yield below median']",
RHM.DE,piotroski_f,Piotroski F-Score,False,0.5556,"['F-Score=5/9', 'positive net income', 'positive operating cash flow', 'OCF > net income', 'leverage declining', 'asset turnover improving']","['F-Score 5/9 below 7', 'ROA improving', 'current ratio improving', 'no share dilution', 'gross margin improving']","{'f_score': 5, 'max_score': 9, 'components': [{'name': 'positive net income', 'passed': True}, {'name': 'positive operating cash flow', 'passed': True}, {'name': 'ROA improving', 'passed': False}, {'name': 'OCF > net income', 'passed': True}, {'name': 'leverage declining', 'passed': True}, {'name': 'current ratio improving', 'passed': False}, {'name': 'no share dilution', 'passed': False}, {'name': 'gross margin improving', 'passed': False}, {'name': 'asset turnover improving', 'passed': True}]}"
RHM.DE,composite_value,Composite Value,False,0.2112,[],[],
RHM.DE,earnings_quality,Earnings Quality,True,1.0,"['FCF/NI=0.92', 'OCF/NI=3.29', 'ratio=-9.49%']",[],
RHM.DE,financial_health,Financial Health,True,1.0,"['D/E=52%', 'leverage=7.6%', 'CR=1.20', 'ratio=1.2', 'coverage=14.7x']",[],
SAF.PA,graham_defensive,Graham Defensive,False,0.25,['Dividend payer: yield=102.00%'],"['P/E >= 15', 'valuation too rich on P/B or P/E×P/B', 'current ratio < 2']",
SAF.PA,graham_enterprising,Graham Enterprising,False,0.4,"['Debt/equity < 100%: D/E=34%', 'ROE > 8%: ROE=27.5%']","['P/E >= 25', 'P/B >= 3', 'negative earnings growth']",
SAF.PA,graham_net_net,Graham Net-Net,False,0.0,[],['missing NCAV (balance sheet data)'],
SAF.PA,schloss,Schloss Low P/B,False,0.5,['D/E < 50.0%: D/E=34%'],['P/B too high'],
SAF.PA,deep_value,Deep Value,False,0.0,[],"['P/B not below 1.0', 'EV/EBITDA not below 8']",
SAF.PA,earnings_yield,Earnings Yield,False,0.2432,['E/P=2.9% (P/E=34.3)'],['earnings yield 2.9% below 8%'],
SAF.PA,fcf_yield,FCF Yield,False,0.2695,['FCF yield=2.7%'],['FCF yield 2.7% below 5%'],
SAF.PA,low_pe_high_yield,Low P/E + High Yield,False,0.5,['yield=102.0%'],['P/E not below 12.0'],
SAF.PA,lynch_peg,Lynch PEG,False,0.2,[],['missing or negative earnings growth'],
SAF.PA,neff_pegy,Neff PEGY,True,0.0714,"['PEGY=0.93', 'growth=-65.1%', 'yield=102.0%']",[],
SAF.PA,quality_value,Quality Value,False,0.6,"['ROE >= 12%: ROE=27.5%', 'Profit margin >= 5%: margin=11.6%', 'Debt/equity < 80%: D/E=34%']","['P/E >= 20', 'FCF yield below 3%']",
SAF.PA,buffett_quality,Buffett Quality,False,0.75,"['ROE >= 15%: ROE=27.5%', 'D/E < 60.0%: D/E=34%', 'margin >= 8%: margin=11.6%']",['P/E too high'],
SAF.PA,economic_moat,Economic Moat,True,0.75,"['high ROE=27.5%', 'solid ROA=11.6%', 'low leverage D/E=34%']",['margins below 12%'],
SAF.PA,high_dividend,High Dividend Yield,False,0.1771,"['yield=102.0%', 'universe rank 18%']",['not in top quartile for yield'],
SAF.PA,dividend_growth,Dividend Growth,False,0.3333,['dividend payer: yield=102.0%'],"['earnings not growing', 'P/E out of range']",
SAF.PA,magic_formula,Magic Formula,True,0.5759,['ROIC rank 91%'],[],
SAF.PA,acquirers_multiple,Acquirer's Multiple,False,0.2012,"['EV/EBIT=29.5', 'universe rank 20%']","['EV/EBIT 29.5 above 12.0', 'not in top 40% cheapest on EV/EBIT']",
SAF.PA,dreman_contrarian,Dreman Contrarian,False,0.1585,[],"['P/E not in bottom quartile', 'P/B not cheap vs universe', 'dividend yield below median']",
SAF.PA,piotroski_f,Piotroski F-Score,True,0.7778,"['F-Score=7/9', 'positive net income', 'positive operating cash flow', 'ROA improving', 'leverage declining', 'current ratio improving', 'no share dilution', 'asset turnover improving']","['OCF > net income', 'gross margin improving']","{'f_score': 7, 'max_score': 9, 'components': [{'name': 'positive net income', 'passed': True}, {'name': 'positive operating cash flow', 'passed': True}, {'name': 'ROA improving', 'passed': True}, {'name': 'OCF > net income', 'passed': False}, {'name': 'leverage declining', 'passed': True}, {'name': 'current ratio improving', 'passed': True}, {'name': 'no share dilution', 'passed': True}, {'name': 'gross margin improving', 'passed': False}, {'name': 'asset turnover improving', 'passed': True}]}"
SAF.PA,composite_value,Composite Value,False,0.2275,[],[],
SAF.PA,earnings_quality,Earnings Quality,False,0.3333,['ratio=2.36%'],"['weak free-cash conversion', 'operating cash below earnings']",
SAF.PA,financial_health,Financial Health,False,0.8,"['D/E=34%', 'leverage=8.6%', 'ratio=-0.3', 'coverage=34.0x']",['weak liquidity'],
SGO.PA,graham_defensive,Graham Defensive,False,0.75,"['P/E < 15: P/E=12.0', 'P/B < 1.5 or P/E×P/B < 22.5: P/B=1.25', 'Dividend payer: yield=343.00%']",['current ratio < 2'],
SGO.PA,graham_enterprising,Graham Enterprising,True,0.8,"['P/E < 25: P/E=12.0', 'P/B < 3: P/B=1.25', 'Debt/equity < 100%: D/E=66%', 'ROE > 8%: ROE=11.0%']",['negative earnings growth'],
SGO.PA,graham_net_net,Graham Net-Net,False,0.0,[],['missing NCAV (balance sheet data)'],
SGO.PA,schloss,Schloss Low P/B,False,0.0,[],"['P/B too high', 'too much leverage']",
SGO.PA,deep_value,Deep Value,False,0.5,['EV/EBITDA=6.8'],['P/B not below 1.0'],
SGO.PA,earnings_yield,Earnings Yield,True,0.6936,['E/P=8.3% (P/E=12.0)'],[],
SGO.PA,fcf_yield,FCF Yield,True,0.9807,['FCF yield=9.8%'],[],
SGO.PA,low_pe_high_yield,Low P/E + High Yield,False,0.5,['yield=343.0%'],['P/E not below 12.0'],
SGO.PA,lynch_peg,Lynch PEG,False,0.2,[],['missing or negative earnings growth'],
SGO.PA,neff_pegy,Neff PEGY,True,0.9637,"['PEGY=0.04', 'growth=-12.0%', 'yield=343.0%']",[],
SGO.PA,quality_value,Quality Value,False,0.8,"['Profit margin >= 5%: margin=5.8%', 'Debt/equity < 80%: D/E=66%', 'P/E < 20: P/E=12.0', 'FCF yield >= 3%: FCF yield=9.8%']",['ROE below 12%'],
SGO.PA,buffett_quality,Buffett Quality,False,0.25,['P/E < 25.0: P/E=12.0'],"['ROE too low', 'too much debt', 'thin margins']",
SGO.PA,economic_moat,Economic Moat,False,0.0,[],"['ROE below 18%', 'ROA below 8%', 'margins below 12%', 'leverage too high']",
SGO.PA,high_dividend,High Dividend Yield,False,0.6094,"['yield=343.0%', 'universe rank 61%']",['not in top quartile for yield'],
SGO.PA,dividend_growth,Dividend Growth,True,0.6667,"['dividend payer: yield=343.0%', 'reasonable P/E: P/E=12.0']",['earnings not growing'],
SGO.PA,magic_formula,Magic Formula,True,0.7364,"['earnings yield rank 93%', 'ROIC rank 55%']",[],
SGO.PA,acquirers_multiple,Acquirer's Multiple,True,0.8841,"['EV/EBIT=9.1', 'universe rank 88%']",[],
SGO.PA,dreman_contrarian,Dreman Contrarian,True,0.7248,"['low P/E rank 78%', 'low P/B rank 78%', 'dividend rank 61%']",[],
SGO.PA,piotroski_f,Piotroski F-Score,True,0.7778,"['F-Score=7/9', 'positive net income', 'positive operating cash flow', 'ROA improving', 'OCF > net income', 'no share dilution', 'gross margin improving', 'asset turnover improving']","['leverage declining', 'current ratio improving']","{'f_score': 7, 'max_score': 9, 'components': [{'name': 'positive net income', 'passed': True}, {'name': 'positive operating cash flow', 'passed': True}, {'name': 'ROA improving', 'passed': True}, {'name': 'OCF > net income', 'passed': True}, {'name': 'leverage declining', 'passed': False}, {'name': 'current ratio improving', 'passed': False}, {'name': 'no share dilution', 'passed': True}, {'name': 'gross margin improving', 'passed': True}, {'name': 'asset turnover improving', 'passed': True}]}"
SGO.PA,composite_value,Composite Value,True,0.8963,"['top-tier on trailing_pe (percentile 90%)', 'top-tier on price_to_book (percentile 98%)', 'top-tier on dividend_yield (percentile 82%)', 'top-tier on fcf_yield (percentile 90%)', 'top-tier on ev_ebitda (percentile 88%)']",[],
SGO.PA,earnings_quality,Earnings Quality,True,1.0,"['FCF/NI=1.08', 'OCF/NI=1.96', 'ratio=-4.53%']",[],
SGO.PA,financial_health,Financial Health,True,1.0,"['D/E=66%', 'leverage=29.1%', 'CR=1.27', 'ratio=1.8', 'coverage=5.2x']",[],
SAN.PA,graham_defensive,Graham Defensive,False,0.5,"['P/B < 1.5 or P/E×P/B < 22.5: P/B=1.24', 'Dividend payer: yield=583.00%']","['P/E >= 15', 'current ratio < 2']",
SAN.PA,graham_enterprising,Graham Enterprising,False,0.6,"['P/E < 25: P/E=22.1', 'P/B < 3: P/B=1.24', 'Debt/equity < 100%: D/E=34%']","['ROE <= 8%', 'negative earnings growth']",
SAN.PA,graham_net_net,Graham Net-Net,False,0.0,[],['missing NCAV (balance sheet data)'],
SAN.PA,schloss,Schloss Low P/B,False,0.5,['D/E < 50.0%: D/E=34%'],['P/B too high'],
SAN.PA,deep_value,Deep Value,False,0.5,['EV/EBITDA=7.5'],['P/B not below 1.0'],
SAN.PA,earnings_yield,Earnings Yield,False,0.3772,['E/P=4.5% (P/E=22.1)'],['earnings yield 4.5% below 8%'],
SAN.PA,fcf_yield,FCF Yield,True,0.7322,['FCF yield=7.3%'],[],
SAN.PA,low_pe_high_yield,Low P/E + High Yield,False,0.5,['yield=583.0%'],['P/E not below 12.0'],
SAN.PA,lynch_peg,Lynch PEG,False,0.2,[],['missing or negative earnings growth'],
SAN.PA,neff_pegy,Neff PEGY,True,0.9551,"['PEGY=0.04', 'growth=-91.2%', 'yield=583.0%']",[],
SAN.PA,quality_value,Quality Value,False,0.6,"['Profit margin >= 5%: margin=8.1%', 'Debt/equity < 80%: D/E=34%', 'FCF yield >= 3%: FCF yield=7.3%']","['ROE below 12%', 'P/E >= 20']",
SAN.PA,buffett_quality,Buffett Quality,False,0.75,"['D/E < 60.0%: D/E=34%', 'margin >= 8%: margin=8.1%', 'P/E < 25.0: P/E=22.1']",['ROE too low'],
SAN.PA,economic_moat,Economic Moat,False,0.25,['low leverage D/E=34%'],"['ROE below 18%', 'ROA below 8%', 'margins below 12%']",
SAN.PA,high_dividend,High Dividend Yield,True,0.8906,"['yield=583.0%', 'universe rank 89%']",[],
SAN.PA,dividend_growth,Dividend Growth,True,0.6667,"['dividend payer: yield=583.0%', 'reasonable P/E: P/E=22.1']",['earnings not growing'],
SAN.PA,magic_formula,Magic Formula,True,0.6629,['earnings yield rank 87%'],[],
SAN.PA,acquirers_multiple,Acquirer's Multiple,True,0.8293,"['EV/EBIT=10.6', 'universe rank 83%']",[],
SAN.PA,dreman_contrarian,Dreman Contrarian,False,0.6916,"['low P/B rank 79%', 'dividend rank 89%']",['P/E not in bottom quartile'],
SAN.PA,piotroski_f,Piotroski F-Score,True,0.7778,"['F-Score=7/9', 'positive net income', 'positive operating cash flow', 'ROA improving', 'OCF > net income', 'no share dilution', 'gross margin improving', 'asset turnover improving']","['leverage declining', 'current ratio improving']","{'f_score': 7, 'max_score': 9, 'components': [{'name': 'positive net income', 'passed': True}, {'name': 'positive operating cash flow', 'passed': True}, {'name': 'ROA improving', 'passed': True}, {'name': 'OCF > net income', 'passed': True}, {'name': 'leverage declining', 'passed': False}, {'name': 'current ratio improving', 'passed': False}, {'name': 'no share dilution', 'passed': True}, {'name': 'gross margin improving', 'passed': True}, {'name': 'asset turnover improving', 'passed': True}]}"
SAN.PA,composite_value,Composite Value,True,0.8931,"['top-tier on trailing_pe (percentile 79%)', 'top-tier on price_to_book (percentile 93%)', 'top-tier on dividend_yield (percentile 93%)', 'top-tier on fcf_yield (percentile 87%)', 'top-tier on ev_ebitda (percentile 100%)']",[],
SAN.PA,earnings_quality,Earnings Quality,True,1.0,"['FCF/NI=0.81', 'OCF/NI=1.38', 'ratio=-2.32%']",[],
SAN.PA,financial_health,Financial Health,False,0.8,"['D/E=34%', 'leverage=16.0%', 'ratio=1.3', 'coverage=15.3x']",['weak liquidity'],
SAP.DE,graham_defensive,Graham Defensive,False,0.25,['Dividend payer: yield=133.00%'],"['P/E >= 15', 'valuation too rich on P/B or P/E×P/B', 'current ratio < 2']",
SAP.DE,graham_enterprising,Graham Enterprising,False,0.6,"['Debt/equity < 100%: D/E=22%', 'ROE > 8%: ROE=18.3%', 'Positive earnings growth: growth=30.6%']","['P/E >= 25', 'P/B >= 3']",
SAP.DE,graham_net_net,Graham Net-Net,False,0.0,[],['missing NCAV (balance sheet data)'],
SAP.DE,schloss,Schloss Low P/B,False,0.5,['D/E < 50.0%: D/E=22%'],['P/B too high'],
SAP.DE,deep_value,Deep Value,False,0.0,[],"['P/B not below 1.0', 'EV/EBITDA not below 8']",
SAP.DE,earnings_yield,Earnings Yield,False,0.2974,['E/P=3.6% (P/E=28.0)'],['earnings yield 3.6% below 8%'],
SAP.DE,fcf_yield,FCF Yield,False,0.4208,['FCF yield=4.2%'],['FCF yield 4.2% below 5%'],
SAP.DE,low_pe_high_yield,Low P/E + High Yield,False,0.5,['yield=133.0%'],['P/E not below 12.0'],
SAP.DE,lynch_peg,Lynch PEG,True,0.0844,"['PEG=0.92', 'growth=30.6%']",[],
SAP.DE,neff_pegy,Neff PEGY,True,0.8287,"['PEGY=0.17', 'growth=30.6%', 'yield=133.0%']",[],
SAP.DE,quality_value,Quality Value,True,0.8,"['ROE >= 12%: ROE=18.3%', 'Profit margin >= 5%: margin=20.4%', 'Debt/equity < 80%: D/E=22%', 'FCF yield >= 3%: FCF yield=4.2%']",['P/E >= 20'],
SAP.DE,buffett_quality,Buffett Quality,False,0.75,"['ROE >= 15%: ROE=18.3%', 'D/E < 60.0%: D/E=22%', 'margin >= 8%: margin=20.4%']",['P/E too high'],
SAP.DE,economic_moat,Economic Moat,True,1.0,"['high ROE=18.3%', 'solid ROA=10.2%', 'wide margin=20.4%', 'low leverage D/E=22%']",[],
SAP.DE,high_dividend,High Dividend Yield,False,0.2292,"['yield=133.0%', 'universe rank 23%']",['not in top quartile for yield'],
SAP.DE,dividend_growth,Dividend Growth,True,0.6667,"['dividend payer: yield=133.0%', 'earnings growth: growth=30.6%']",['P/E out of range'],
SAP.DE,magic_formula,Magic Formula,True,0.596,['ROIC rank 79%'],[],
SAP.DE,acquirers_multiple,Acquirer's Multiple,False,0.3598,"['EV/EBIT=22.5', 'universe rank 36%']","['EV/EBIT 22.5 above 12.0', 'not in top 40% cheapest on EV/EBIT']",
SAP.DE,dreman_contrarian,Dreman Contrarian,False,0.2407,[],"['P/E not in bottom quartile', 'P/B not cheap vs universe', 'dividend yield below median']",
SAP.DE,piotroski_f,Piotroski F-Score,True,0.8889,"['F-Score=8/9', 'positive net income', 'positive operating cash flow', 'ROA improving', 'OCF > net income', 'leverage declining', 'current ratio improving', 'no share dilution', 'asset turnover improving']",['gross margin improving'],"{'f_score': 8, 'max_score': 9, 'components': [{'name': 'positive net income', 'passed': True}, {'name': 'positive operating cash flow', 'passed': True}, {'name': 'ROA improving', 'passed': True}, {'name': 'OCF > net income', 'passed': True}, {'name': 'leverage declining', 'passed': True}, {'name': 'current ratio improving', 'passed': True}, {'name': 'no share dilution', 'passed': True}, {'name': 'gross margin improving', 'passed': False}, {'name': 'asset turnover improving', 'passed': True}]}"
SAP.DE,composite_value,Composite Value,False,0.6458,['top-tier on price_to_book (percentile 75%)'],[],
SAP.DE,earnings_quality,Earnings Quality,True,1.0,"['FCF/NI=1.27', 'OCF/NI=1.28', 'ratio=-2.84%']",[],
SAP.DE,financial_health,Financial Health,True,1.0,"['D/E=22%', 'leverage=10.6%', 'CR=1.16', 'ratio=-0.1', 'coverage=19.6x']",[],
SU.PA,graham_defensive,Graham Defensive,False,0.25,['Dividend payer: yield=161.00%'],"['P/E >= 15', 'valuation too rich on P/B or P/E×P/B', 'current ratio < 2']",
SU.PA,graham_enterprising,Graham Enterprising,False,0.6,"['Debt/equity < 100%: D/E=84%', 'ROE > 8%: ROE=18.6%', 'Positive earnings growth: growth=29.3%']","['P/E >= 25', 'P/B >= 3']",
SU.PA,graham_net_net,Graham Net-Net,False,0.0,[],['missing NCAV (balance sheet data)'],
SU.PA,schloss,Schloss Low P/B,False,0.0,[],"['P/B too high', 'too much leverage']",
SU.PA,deep_value,Deep Value,False,0.0,[],"['P/B not below 1.0', 'EV/EBITDA not below 8']",
SU.PA,earnings_yield,Earnings Yield,False,0.2753,['E/P=3.3% (P/E=30.3)'],['earnings yield 3.3% below 8%'],
SU.PA,fcf_yield,FCF Yield,False,0.3789,['FCF yield=3.8%'],['FCF yield 3.8% below 5%'],
SU.PA,low_pe_high_yield,Low P/E + High Yield,False,0.5,['yield=161.0%'],['P/E not below 12.0'],
SU.PA,lynch_peg,Lynch PEG,False,0.0,"['PEG=1.03', 'growth=29.3%']",['PEG 1.03 >= 1.0'],
SU.PA,neff_pegy,Neff PEGY,True,0.8409,"['PEGY=0.16', 'growth=29.3%', 'yield=161.0%']",[],
SU.PA,quality_value,Quality Value,False,0.6,"['ROE >= 12%: ROE=18.6%', 'Profit margin >= 5%: margin=11.3%', 'FCF yield >= 3%: FCF yield=3.8%']","['high leverage', 'P/E >= 20']",
SU.PA,buffett_quality,Buffett Quality,False,0.5,"['ROE >= 15%: ROE=18.6%', 'margin >= 8%: margin=11.3%']","['too much debt', 'P/E too high']",
SU.PA,economic_moat,Economic Moat,False,0.25,['high ROE=18.6%'],"['ROA below 8%', 'margins below 12%', 'leverage too high']",
SU.PA,high_dividend,High Dividend Yield,False,0.2865,"['yield=161.0%', 'universe rank 29%']",['not in top quartile for yield'],
SU.PA,dividend_growth,Dividend Growth,True,0.6667,"['dividend payer: yield=161.0%', 'earnings growth: growth=29.3%']",['P/E out of range'],
SU.PA,magic_formula,Magic Formula,True,0.5448,['ROIC rank 72%'],[],
SU.PA,acquirers_multiple,Acquirer's Multiple,False,0.3232,"['EV/EBIT=23.3', 'universe rank 32%']","['EV/EBIT 23.3 above 12.0', 'not in top 40% cheapest on EV/EBIT']",
SU.PA,dreman_contrarian,Dreman Contrarian,False,0.2387,[],"['P/E not in bottom quartile', 'P/B not cheap vs universe', 'dividend yield below median']",
SU.PA,piotroski_f,Piotroski F-Score,False,0.6667,"['F-Score=6/9', 'positive net income', 'positive operating cash flow', 'ROA improving', 'OCF > net income', 'no share dilution', 'asset turnover improving']","['F-Score 6/9 below 7', 'leverage declining', 'current ratio improving', 'gross margin improving']","{'f_score': 6, 'max_score': 9, 'components': [{'name': 'positive net income', 'passed': True}, {'name': 'positive operating cash flow', 'passed': True}, {'name': 'ROA improving', 'passed': True}, {'name': 'OCF > net income', 'passed': True}, {'name': 'leverage declining', 'passed': False}, {'name': 'current ratio improving', 'passed': False}, {'name': 'no share dilution', 'passed': True}, {'name': 'gross margin improving', 'passed': False}, {'name': 'asset turnover improving', 'passed': True}]}"
SU.PA,composite_value,Composite Value,False,0.3925,[],[],
SU.PA,earnings_quality,Earnings Quality,True,1.0,"['FCF/NI=1.29', 'OCF/NI=1.47', 'ratio=-3.15%']",[],
SU.PA,financial_health,Financial Health,False,0.8,"['leverage=28.6%', 'CR=1.19', 'ratio=1.9', 'coverage=13.0x']",['high debt to equity'],
SIE.DE,graham_defensive,Graham Defensive,False,0.25,['Dividend payer: yield=192.00%'],"['P/E >= 15', 'valuation too rich on P/B or P/E×P/B', 'current ratio < 2']",
SIE.DE,graham_enterprising,Graham Enterprising,False,0.6,"['Debt/equity < 100%: D/E=66%', 'ROE > 8%: ROE=12.5%', 'Positive earnings growth: growth=12.8%']","['P/E >= 25', 'P/B >= 3']",
SIE.DE,graham_net_net,Graham Net-Net,False,0.0,[],['missing NCAV (balance sheet data)'],
SIE.DE,schloss,Schloss Low P/B,False,0.0,[],"['P/B too high', 'too much leverage']",
SIE.DE,deep_value,Deep Value,False,0.0,[],"['P/B not below 1.0', 'EV/EBITDA not below 8']",
SIE.DE,earnings_yield,Earnings Yield,False,0.3084,['E/P=3.7% (P/E=27.0)'],['earnings yield 3.7% below 8%'],
SIE.DE,fcf_yield,FCF Yield,False,0.3145,['FCF yield=3.1%'],['FCF yield 3.1% below 5%'],
SIE.DE,low_pe_high_yield,Low P/E + High Yield,False,0.5,['yield=192.0%'],['P/E not below 12.0'],
SIE.DE,lynch_peg,Lynch PEG,False,0.0,"['PEG=2.11', 'growth=12.8%']",['PEG 2.11 >= 1.0'],
SIE.DE,neff_pegy,Neff PEGY,True,0.8681,"['PEGY=0.13', 'growth=12.8%', 'yield=192.0%']",[],
SIE.DE,quality_value,Quality Value,True,0.8,"['ROE >= 12%: ROE=12.5%', 'Profit margin >= 5%: margin=9.8%', 'Debt/equity < 80%: D/E=66%', 'FCF yield >= 3%: FCF yield=3.1%']",['P/E >= 20'],
SIE.DE,buffett_quality,Buffett Quality,False,0.25,['margin >= 8%: margin=9.8%'],"['ROE too low', 'too much debt', 'P/E too high']",
SIE.DE,economic_moat,Economic Moat,False,0.0,[],"['ROE below 18%', 'ROA below 8%', 'margins below 12%', 'leverage too high']",
SIE.DE,high_dividend,High Dividend Yield,False,0.3698,"['yield=192.0%', 'universe rank 37%']",['not in top quartile for yield'],
SIE.DE,dividend_growth,Dividend Growth,True,0.6667,"['dividend payer: yield=192.0%', 'earnings growth: growth=12.8%']",['P/E out of range'],
SIE.DE,magic_formula,Magic Formula,False,0.2796,[],['below top half on combined Magic Formula rank'],
SIE.DE,acquirers_multiple,Acquirer's Multiple,False,0.2073,"['EV/EBIT=28.8', 'universe rank 21%']","['EV/EBIT 28.8 above 12.0', 'not in top 40% cheapest on EV/EBIT']",
SIE.DE,dreman_contrarian,Dreman Contrarian,False,0.3417,[],"['P/E not in bottom quartile', 'P/B not cheap vs universe', 'dividend yield below median']",
SIE.DE,piotroski_f,Piotroski F-Score,False,0.5556,"['F-Score=5/9', 'positive net income', 'positive operating cash flow', 'ROA improving', 'OCF > net income', 'no share dilution']","['F-Score 5/9 below 7', 'leverage declining', 'current ratio improving', 'gross margin improving', 'asset turnover improving']","{'f_score': 5, 'max_score': 9, 'components': [{'name': 'positive net income', 'passed': True}, {'name': 'positive operating cash flow', 'passed': True}, {'name': 'ROA improving', 'passed': True}, {'name': 'OCF > net income', 'passed': True}, {'name': 'leverage declining', 'passed': False}, {'name': 'current ratio improving', 'passed': False}, {'name': 'no share dilution', 'passed': True}, {'name': 'gross margin improving', 'passed': False}, {'name': 'asset turnover improving', 'passed': False}]}"
SIE.DE,composite_value,Composite Value,False,0.4675,[],[],
SIE.DE,earnings_quality,Earnings Quality,True,1.0,"['FCF/NI=0.68', 'OCF/NI=1.38', 'ratio=-2.19%']",[],
SIE.DE,financial_health,Financial Health,True,1.0,"['D/E=66%', 'leverage=33.7%', 'CR=1.37', 'ratio=3.1', 'coverage=5.5x']",[],
ENR.DE,graham_defensive,Graham Defensive,False,0.25,['Dividend payer: yield=47.00%'],"['P/E >= 15', 'valuation too rich on P/B or P/E×P/B', 'current ratio < 2']",
ENR.DE,graham_enterprising,Graham Enterprising,False,0.6,"['Debt/equity < 100%: D/E=26%', 'ROE > 8%: ROE=27.7%', 'Positive earnings growth: growth=80.0%']","['P/E >= 25', 'P/B >= 3']",
ENR.DE,graham_net_net,Graham Net-Net,False,0.0,[],['missing NCAV (balance sheet data)'],
ENR.DE,schloss,Schloss Low P/B,False,0.5,['D/E < 50.0%: D/E=26%'],['P/B too high'],
ENR.DE,deep_value,Deep Value,False,0.0,[],"['P/B not below 1.0', 'EV/EBITDA not below 8']",
ENR.DE,earnings_yield,Earnings Yield,False,0.1813,['E/P=2.2% (P/E=46.0)'],['earnings yield 2.2% below 8%'],
ENR.DE,fcf_yield,FCF Yield,True,0.5117,['FCF yield=5.1%'],[],
ENR.DE,low_pe_high_yield,Low P/E + High Yield,False,0.5,['yield=47.0%'],['P/E not below 12.0'],
ENR.DE,lynch_peg,Lynch PEG,True,0.4253,"['PEG=0.57', 'growth=80.0%']",[],
ENR.DE,neff_pegy,Neff PEGY,True,0.638,"['PEGY=0.36', 'growth=80.0%', 'yield=47.0%']",[],
ENR.DE,quality_value,Quality Value,True,0.8,"['ROE >= 12%: ROE=27.7%', 'Profit margin >= 5%: margin=6.4%', 'Debt/equity < 80%: D/E=26%', 'FCF yield >= 3%: FCF yield=5.1%']",['P/E >= 20'],
ENR.DE,buffett_quality,Buffett Quality,False,0.5,"['ROE >= 15%: ROE=27.7%', 'D/E < 60.0%: D/E=26%']","['thin margins', 'P/E too high']",
ENR.DE,economic_moat,Economic Moat,False,0.5,"['high ROE=27.7%', 'low leverage D/E=26%']","['ROA below 8%', 'margins below 12%']",
ENR.DE,high_dividend,High Dividend Yield,False,0.0833,"['yield=47.0%', 'universe rank 8%']",['not in top quartile for yield'],
ENR.DE,dividend_growth,Dividend Growth,True,0.6667,"['dividend payer: yield=47.0%', 'earnings growth: growth=80.0%']",['P/E out of range'],
ENR.DE,magic_formula,Magic Formula,False,0.2619,[],['below top half on combined Magic Formula rank'],
ENR.DE,acquirers_multiple,Acquirer's Multiple,False,0.0732,"['EV/EBIT=74.9', 'universe rank 7%']","['EV/EBIT 74.9 above 12.0', 'not in top 40% cheapest on EV/EBIT']",
ENR.DE,dreman_contrarian,Dreman Contrarian,False,0.0809,[],"['P/E not in bottom quartile', 'P/B not cheap vs universe', 'dividend yield below median']",
ENR.DE,piotroski_f,Piotroski F-Score,True,0.7778,"['F-Score=7/9', 'positive net income', 'positive operating cash flow', 'ROA improving', 'OCF > net income', 'leverage declining', 'gross margin improving', 'asset turnover improving']","['current ratio improving', 'no share dilution']","{'f_score': 7, 'max_score': 9, 'components': [{'name': 'positive net income', 'passed': True}, {'name': 'positive operating cash flow', 'passed': True}, {'name': 'ROA improving', 'passed': True}, {'name': 'OCF > net income', 'passed': True}, {'name': 'leverage declining', 'passed': True}, {'name': 'current ratio improving', 'passed': False}, {'name': 'no share dilution', 'passed': False}, {'name': 'gross margin improving', 'passed': True}, {'name': 'asset turnover improving', 'passed': True}]}"
ENR.DE,composite_value,Composite Value,False,0.1862,[],[],
ENR.DE,earnings_quality,Earnings Quality,True,1.0,"['FCF/NI=4.39', 'OCF/NI=4.12', 'ratio=-7.78%']",[],
ENR.DE,financial_health,Financial Health,False,0.8,"['D/E=26%', 'leverage=7.0%', 'ratio=-1.8', 'coverage=5.4x']",['weak liquidity'],
TTE.PA,graham_defensive,Graham Defensive,False,0.75,"['P/E < 15: P/E=11.0', 'P/B < 1.5 or P/E×P/B < 22.5: P/B=1.47', 'Dividend payer: yield=475.00%']",['current ratio < 2'],
TTE.PA,graham_enterprising,Graham Enterprising,True,1.0,"['P/E < 25: P/E=11.0', 'P/B < 3: P/B=1.47', 'Debt/equity < 100%: D/E=48%', 'ROE > 8%: ROE=14.5%', 'Positive earnings growth: growth=106.0%']",[],
TTE.PA,graham_net_net,Graham Net-Net,False,0.0,[],['missing NCAV (balance sheet data)'],
TTE.PA,schloss,Schloss Low P/B,False,0.5,['D/E < 50.0%: D/E=48%'],['P/B too high'],
TTE.PA,deep_value,Deep Value,False,0.5,['EV/EBITDA=5.1'],['P/B not below 1.0'],
TTE.PA,earnings_yield,Earnings Yield,True,0.7569,['E/P=9.1% (P/E=11.0)'],[],
TTE.PA,fcf_yield,FCF Yield,True,0.8128,['FCF yield=8.1%'],[],
TTE.PA,low_pe_high_yield,Low P/E + High Yield,True,1.0,"['P/E=11.0', 'yield=475.0%']",[],
TTE.PA,lynch_peg,Lynch PEG,True,0.8961,"['PEG=0.10', 'growth=106.0%']",[],
TTE.PA,neff_pegy,Neff PEGY,True,0.981,"['PEGY=0.02', 'growth=106.0%', 'yield=475.0%']",[],
TTE.PA,quality_value,Quality Value,True,1.0,"['ROE >= 12%: ROE=14.5%', 'Profit margin >= 5%: margin=9.1%', 'Debt/equity < 80%: D/E=48%', 'P/E < 20: P/E=11.0', 'FCF yield >= 3%: FCF yield=8.1%']",[],
TTE.PA,buffett_quality,Buffett Quality,False,0.75,"['D/E < 60.0%: D/E=48%', 'margin >= 8%: margin=9.1%', 'P/E < 25.0: P/E=11.0']",['ROE too low'],
TTE.PA,economic_moat,Economic Moat,False,0.25,['low leverage D/E=48%'],"['ROE below 18%', 'ROA below 8%', 'margins below 12%']",
TTE.PA,high_dividend,High Dividend Yield,True,0.8021,"['yield=475.0%', 'universe rank 80%']",[],
TTE.PA,dividend_growth,Dividend Growth,True,1.0,"['dividend payer: yield=475.0%', 'earnings growth: growth=106.0%', 'reasonable P/E: P/E=11.0']",[],
TTE.PA,magic_formula,Magic Formula,True,0.685,['earnings yield rank 90%'],[],
TTE.PA,acquirers_multiple,Acquirer's Multiple,True,0.8537,"['EV/EBIT=10.1', 'universe rank 85%']",[],
TTE.PA,dreman_contrarian,Dreman Contrarian,True,0.7919,"['low P/E rank 85%', 'low P/B rank 72%', 'dividend rank 80%']",[],
TTE.PA,piotroski_f,Piotroski F-Score,False,0.5556,"['F-Score=5/9', 'positive net income', 'positive operating cash flow', 'OCF > net income', 'no share dilution', 'gross margin improving']","['F-Score 5/9 below 7', 'ROA improving', 'leverage declining', 'current ratio improving', 'asset turnover improving']","{'f_score': 5, 'max_score': 9, 'components': [{'name': 'positive net income', 'passed': True}, {'name': 'positive operating cash flow', 'passed': True}, {'name': 'ROA improving', 'passed': False}, {'name': 'OCF > net income', 'passed': True}, {'name': 'leverage declining', 'passed': False}, {'name': 'current ratio improving', 'passed': False}, {'name': 'no share dilution', 'passed': True}, {'name': 'gross margin improving', 'passed': True}, {'name': 'asset turnover improving', 'passed': False}]}"
TTE.PA,composite_value,Composite Value,True,0.775,"['top-tier on trailing_pe (percentile 100%)', 'top-tier on price_to_book (percentile 83%)', 'top-tier on dividend_yield (percentile 83%)', 'top-tier on ev_ebitda (percentile 83%)']",[],
TTE.PA,earnings_quality,Earnings Quality,True,1.0,"['FCF/NI=1.03', 'OCF/NI=2.08', 'ratio=-4.88%']",[],
TTE.PA,financial_health,Financial Health,False,0.8,"['D/E=48%', 'leverage=20.6%', 'ratio=0.8', 'coverage=7.8x']",['weak liquidity'],
DG.PA,graham_defensive,Graham Defensive,False,0.5,"['P/E < 15: P/E=12.0', 'Dividend payer: yield=458.00%']","['valuation too rich on P/B or P/E×P/B', 'current ratio < 2']",
DG.PA,graham_enterprising,Graham Enterprising,True,0.8,"['P/E < 25: P/E=12.0', 'P/B < 3: P/B=1.96', 'ROE > 8%: ROE=16.3%', 'Positive earnings growth: growth=10.8%']",['excessive leverage'],
DG.PA,graham_net_net,Graham Net-Net,False,0.0,[],['missing NCAV (balance sheet data)'],
DG.PA,schloss,Schloss Low P/B,False,0.0,[],"['P/B too high', 'too much leverage']",
DG.PA,deep_value,Deep Value,False,0.5,['EV/EBITDA=7.0'],['P/B not below 1.0'],
DG.PA,earnings_yield,Earnings Yield,True,0.6952,['E/P=8.3% (P/E=12.0)'],[],
DG.PA,fcf_yield,FCF Yield,True,1.0,['FCF yield=13.5%'],[],
DG.PA,low_pe_high_yield,Low P/E + High Yield,True,1.0,"['P/E=12.0', 'yield=458.0%']",[],
DG.PA,lynch_peg,Lynch PEG,False,0.0,"['PEG=1.11', 'growth=10.8%']",['PEG 1.11 >= 1.0'],
DG.PA,neff_pegy,Neff PEGY,True,0.9744,"['PEGY=0.03', 'growth=10.8%', 'yield=458.0%']",[],
DG.PA,quality_value,Quality Value,True,0.8,"['ROE >= 12%: ROE=16.3%', 'Profit margin >= 5%: margin=6.7%', 'P/E < 20: P/E=12.0', 'FCF yield >= 3%: FCF yield=13.5%']",['high leverage'],
DG.PA,buffett_quality,Buffett Quality,False,0.5,"['ROE >= 15%: ROE=16.3%', 'P/E < 25.0: P/E=12.0']","['too much debt', 'thin margins']",
DG.PA,economic_moat,Economic Moat,False,0.0,[],"['ROE below 18%', 'ROA below 8%', 'margins below 12%', 'leverage too high']",
DG.PA,high_dividend,High Dividend Yield,True,0.7865,"['yield=458.0%', 'universe rank 79%']",[],
DG.PA,dividend_growth,Dividend Growth,True,1.0,"['dividend payer: yield=458.0%', 'earnings growth: growth=10.8%', 'reasonable P/E: P/E=12.0']",[],
DG.PA,magic_formula,Magic Formula,True,0.7341,"['earnings yield rank 90%', 'ROIC rank 57%']",[],
DG.PA,acquirers_multiple,Acquirer's Multiple,True,0.8598,"['EV/EBIT=10.0', 'universe rank 86%']",[],
DG.PA,dreman_contrarian,Dreman Contrarian,True,0.7027,"['low P/E rank 79%', 'dividend rank 79%']",['P/B not cheap vs universe'],
DG.PA,piotroski_f,Piotroski F-Score,True,0.7778,"['F-Score=7/9', 'positive net income', 'positive operating cash flow', 'OCF > net income', 'current ratio improving', 'no share dilution', 'gross margin improving', 'asset turnover improving']","['ROA improving', 'leverage declining']","{'f_score': 7, 'max_score': 9, 'components': [{'name': 'positive net income', 'passed': True}, {'name': 'positive operating cash flow', 'passed': True}, {'name': 'ROA improving', 'passed': False}, {'name': 'OCF > net income', 'passed': True}, {'name': 'leverage declining', 'passed': False}, {'name': 'current ratio improving', 'passed': True}, {'name': 'no share dilution', 'passed': True}, {'name': 'gross margin improving', 'passed': True}, {'name': 'asset turnover improving', 'passed': True}]}"
DG.PA,composite_value,Composite Value,True,0.9088,"['top-tier on trailing_pe (percentile 92%)', 'top-tier on price_to_book (percentile 85%)', 'top-tier on dividend_yield (percentile 92%)', 'top-tier on fcf_yield (percentile 98%)', 'top-tier on ev_ebitda (percentile 85%)']",[],
DG.PA,earnings_quality,Earnings Quality,True,1.0,"['FCF/NI=1.65', 'OCF/NI=2.42', 'ratio=-5.25%']",[],
DG.PA,financial_health,Financial Health,False,0.6,"['leverage=28.3%', 'ratio=2.0', 'coverage=6.0x']","['high debt to equity', 'weak liquidity']",
UCG.MI,graham_defensive,Graham Defensive,False,0.75,"['P/E < 15: P/E=11.1', 'P/B < 1.5 or P/E×P/B < 22.5: P/B=1.65', 'Dividend payer: yield=388.00%']",['current ratio < 2'],
UCG.MI,graham_enterprising,Graham Enterprising,False,0.6,"['P/E < 25: P/E=11.1', 'P/B < 3: P/B=1.65', 'ROE > 8%: ROE=15.8%']","['excessive leverage', 'negative earnings growth']",
UCG.MI,graham_net_net,Graham Net-Net,False,0.0,[],['missing NCAV (balance sheet data)'],
UCG.MI,schloss,Schloss Low P/B,False,0.0,[],"['P/B too high', 'too much leverage']",
UCG.MI,deep_value,Deep Value,False,0.0,[],"['P/B not below 1.0', 'EV/EBITDA not below 8']",
UCG.MI,earnings_yield,Earnings Yield,True,0.7501,['E/P=9.0% (P/E=11.1)'],[],
UCG.MI,fcf_yield,FCF Yield,False,1.0,['FCF yield=nan%'],['FCF yield nan% below 5%'],
UCG.MI,low_pe_high_yield,Low P/E + High Yield,True,1.0,"['P/E=11.1', 'yield=388.0%']",[],
UCG.MI,lynch_peg,Lynch PEG,False,0.2,[],['missing or negative earnings growth'],
UCG.MI,neff_pegy,Neff PEGY,True,0.9706,"['PEGY=0.03', 'growth=-10.5%', 'yield=388.0%']",[],
UCG.MI,quality_value,Quality Value,False,0.6,"['ROE >= 12%: ROE=15.8%', 'Profit margin >= 5%: margin=44.0%', 'P/E < 20: P/E=11.1']","['high leverage', 'FCF yield below 3%']",
UCG.MI,buffett_quality,Buffett Quality,True,0.75,"['ROE >= 15%: ROE=15.8%', 'margin >= 8%: margin=44.0%', 'P/E < 25.0: P/E=11.1']",['too much debt'],
UCG.MI,economic_moat,Economic Moat,False,0.25,['wide margin=44.0%'],"['ROE below 18%', 'ROA below 8%', 'leverage too high']",
UCG.MI,high_dividend,High Dividend Yield,False,0.6927,"['yield=388.0%', 'universe rank 69%']",['not in top quartile for yield'],
UCG.MI,dividend_growth,Dividend Growth,True,0.6667,"['dividend payer: yield=388.0%', 'reasonable P/E: P/E=11.1']",['earnings not growing'],
UCG.MI,magic_formula,Magic Formula,False,0.0,[],['missing EBIT/EV or ROIC inputs'],
UCG.MI,acquirers_multiple,Acquirer's Multiple,False,0.0,[],['could not rank EV/EBIT'],
UCG.MI,dreman_contrarian,Dreman Contrarian,True,0.7136,"['low P/E rank 83%', 'low P/B rank 62%', 'dividend rank 69%']",[],
UCG.MI,piotroski_f,Piotroski F-Score,False,0.5556,"['F-Score=5/9', 'positive net income', 'positive operating cash flow', 'ROA improving', 'leverage declining', 'no share dilution']","['F-Score 5/9 below 7', 'OCF > net income', 'current ratio improving', 'gross margin improving', 'asset turnover improving']","{'f_score': 5, 'max_score': 9, 'components': [{'name': 'positive net income', 'passed': True}, {'name': 'positive operating cash flow', 'passed': True}, {'name': 'ROA improving', 'passed': True}, {'name': 'OCF > net income', 'passed': False}, {'name': 'leverage declining', 'passed': True}, {'name': 'current ratio improving', 'passed': False}, {'name': 'no share dilution', 'passed': True}, {'name': 'gross margin improving', 'passed': False}, {'name': 'asset turnover improving', 'passed': False}]}"
UCG.MI,composite_value,Composite Value,False,0.5588,['top-tier on trailing_pe (percentile 71%)'],"['missing fcf_yield', 'missing ev_ebitda']",
UCG.MI,earnings_quality,Earnings Quality,False,0.3333,['ratio=0.27%'],"['weak free-cash conversion', 'operating cash below earnings']",
UCG.MI,financial_health,Financial Health,False,0.4,"['leverage=14.9%', 'insufficient data — skipped']","['high debt to equity', 'weak liquidity', 'weak interest coverage']",
VOW.DE,graham_defensive,Graham Defensive,False,0.75,"['P/E < 15: P/E=6.7', 'P/B < 1.5 or P/E×P/B < 22.5: P/B=0.20', 'Dividend payer: yield=754.00%']",['current ratio < 2'],
VOW.DE,graham_enterprising,Graham Enterprising,False,0.4,"['P/E < 25: P/E=6.7', 'P/B < 3: P/B=0.20']","['excessive leverage', 'ROE <= 8%', 'negative earnings growth']",
VOW.DE,graham_net_net,Graham Net-Net,False,0.0,[],['missing NCAV (balance sheet data)'],
VOW.DE,schloss,Schloss Low P/B,False,0.5,['P/B < 1.2: P/B=0.20'],['too much leverage'],
VOW.DE,deep_value,Deep Value,False,0.5,['P/B=0.20'],['EV/EBITDA not below 8'],
VOW.DE,earnings_yield,Earnings Yield,True,1.0,['E/P=14.9% (P/E=6.7)'],[],
VOW.DE,fcf_yield,FCF Yield,True,1.0,['FCF yield=40.2%'],[],
VOW.DE,low_pe_high_yield,Low P/E + High Yield,True,1.0,"['P/E=6.7', 'yield=754.0%']",[],
VOW.DE,lynch_peg,Lynch PEG,False,0.2,[],['missing or negative earnings growth'],
VOW.DE,neff_pegy,Neff PEGY,True,0.9906,"['PEGY=0.01', 'growth=-41.0%', 'yield=754.0%']",[],
VOW.DE,quality_value,Quality Value,False,0.4,"['P/E < 20: P/E=6.7', 'FCF yield >= 3%: FCF yield=40.2%']","['ROE below 12%', 'thin margins', 'high leverage']",
VOW.DE,buffett_quality,Buffett Quality,False,0.25,['P/E < 25.0: P/E=6.7'],"['ROE too low', 'too much debt', 'thin margins']",
VOW.DE,economic_moat,Economic Moat,False,0.0,[],"['ROE below 18%', 'ROA below 8%', 'margins below 12%', 'leverage too high']",
VOW.DE,high_dividend,High Dividend Yield,True,0.9635,"['yield=754.0%', 'universe rank 96%']",[],
VOW.DE,dividend_growth,Dividend Growth,True,0.6667,"['dividend payer: yield=754.0%', 'reasonable P/E: P/E=6.7']",['earnings not growing'],
VOW.DE,magic_formula,Magic Formula,False,0.1945,[],['below top half on combined Magic Formula rank'],
VOW.DE,acquirers_multiple,Acquirer's Multiple,False,0.2805,"['EV/EBIT=24.4', 'universe rank 28%']","['EV/EBIT 24.4 above 12.0', 'not in top 40% cheapest on EV/EBIT']",
VOW.DE,dreman_contrarian,Dreman Contrarian,True,0.977,"['low P/E rank 97%', 'low P/B rank 100%', 'dividend rank 96%']",[],
VOW.DE,piotroski_f,Piotroski F-Score,False,0.5556,"['F-Score=5/9', 'positive net income', 'positive operating cash flow', 'OCF > net income', 'leverage declining', 'no share dilution']","['F-Score 5/9 below 7', 'ROA improving', 'current ratio improving', 'gross margin improving', 'asset turnover improving']","{'f_score': 5, 'max_score': 9, 'components': [{'name': 'positive net income', 'passed': True}, {'name': 'positive operating cash flow', 'passed': True}, {'name': 'ROA improving', 'passed': False}, {'name': 'OCF > net income', 'passed': True}, {'name': 'leverage declining', 'passed': True}, {'name': 'current ratio improving', 'passed': False}, {'name': 'no share dilution', 'passed': True}, {'name': 'gross margin improving', 'passed': False}, {'name': 'asset turnover improving', 'passed': False}]}"
VOW.DE,composite_value,Composite Value,True,0.8667,"['top-tier on trailing_pe (percentile 94%)', 'top-tier on price_to_book (percentile 100%)', 'top-tier on dividend_yield (percentile 82%)', 'top-tier on fcf_yield (percentile 94%)']",[],
VOW.DE,earnings_quality,Earnings Quality,True,1.0,"['FCF/NI=1.93', 'OCF/NI=2.05', 'ratio=-1.19%']",[],
VOW.DE,financial_health,Financial Health,False,0.4,"['leverage=30.5%', 'coverage=3.3x']","['high debt to equity', 'weak liquidity', 'high net debt/EBITDA']",
WKL.AS,graham_defensive,Graham Defensive,False,0.5,"['P/E < 15: P/E=12.1', 'Dividend payer: yield=375.00%']","['valuation too rich on P/B or P/E×P/B', 'current ratio < 2']",
WKL.AS,graham_enterprising,Graham Enterprising,False,0.6,"['P/E < 25: P/E=12.1', 'ROE > 8%: ROE=146.1%', 'Positive earnings growth: growth=8.9%']","['P/B >= 3', 'excessive leverage']",
WKL.AS,graham_net_net,Graham Net-Net,False,0.0,[],['missing NCAV (balance sheet data)'],
WKL.AS,schloss,Schloss Low P/B,False,0.0,[],"['P/B too high', 'too much leverage']",
WKL.AS,deep_value,Deep Value,False,0.0,[],"['P/B not below 1.0', 'EV/EBITDA not below 8']",
WKL.AS,earnings_yield,Earnings Yield,True,0.6891,['E/P=8.3% (P/E=12.1)'],[],
WKL.AS,fcf_yield,FCF Yield,True,0.793,['FCF yield=7.9%'],[],
WKL.AS,low_pe_high_yield,Low P/E + High Yield,False,0.5,['yield=375.0%'],['P/E not below 12.0'],
WKL.AS,lynch_peg,Lynch PEG,False,0.0,"['PEG=1.36', 'growth=8.9%']",['PEG 1.36 >= 1.0'],
WKL.AS,neff_pegy,Neff PEGY,True,0.9685,"['PEGY=0.03', 'growth=8.9%', 'yield=375.0%']",[],
WKL.AS,quality_value,Quality Value,True,0.8,"['ROE >= 12%: ROE=146.1%', 'Profit margin >= 5%: margin=21.9%', 'P/E < 20: P/E=12.1', 'FCF yield >= 3%: FCF yield=7.9%']",['high leverage'],
WKL.AS,buffett_quality,Buffett Quality,True,0.75,"['ROE >= 15%: ROE=146.1%', 'margin >= 8%: margin=21.9%', 'P/E < 25.0: P/E=12.1']",['too much debt'],
WKL.AS,economic_moat,Economic Moat,True,0.75,"['high ROE=146.1%', 'solid ROA=13.6%', 'wide margin=21.9%']",['leverage too high'],
WKL.AS,high_dividend,High Dividend Yield,False,0.6562,"['yield=375.0%', 'universe rank 66%']",['not in top quartile for yield'],
WKL.AS,dividend_growth,Dividend Growth,True,1.0,"['dividend payer: yield=375.0%', 'earnings growth: growth=8.9%', 'reasonable P/E: P/E=12.1']",[],
WKL.AS,magic_formula,Magic Formula,True,0.8886,"['earnings yield rank 82%', 'ROIC rank 95%']",[],
WKL.AS,acquirers_multiple,Acquirer's Multiple,True,0.7805,"['EV/EBIT=11.6', 'universe rank 78%']",[],
WKL.AS,dreman_contrarian,Dreman Contrarian,True,0.495,"['low P/E rank 77%', 'dividend rank 66%']",['P/B not cheap vs universe'],
WKL.AS,piotroski_f,Piotroski F-Score,True,0.7778,"['F-Score=7/9', 'positive net income', 'positive operating cash flow', 'ROA improving', 'OCF > net income', 'no share dilution', 'gross margin improving', 'asset turnover improving']","['leverage declining', 'current ratio improving']","{'f_score': 7, 'max_score': 9, 'components': [{'name': 'positive net income', 'passed': True}, {'name': 'positive operating cash flow', 'passed': True}, {'name': 'ROA improving', 'passed': True}, {'name': 'OCF > net income', 'passed': True}, {'name': 'leverage declining', 'passed': False}, {'name': 'current ratio improving', 'passed': False}, {'name': 'no share dilution', 'passed': True}, {'name': 'gross margin improving', 'passed': True}, {'name': 'asset turnover improving', 'passed': True}]}"
WKL.AS,composite_value,Composite Value,True,0.6825,"['top-tier on trailing_pe (percentile 88%)', 'top-tier on dividend_yield (percentile 90%)', 'top-tier on fcf_yield (percentile 80%)', 'top-tier on ev_ebitda (percentile 72%)']",[],
WKL.AS,earnings_quality,Earnings Quality,True,1.0,"['FCF/NI=0.95', 'OCF/NI=1.28', 'ratio=-3.76%']",[],
WKL.AS,financial_health,Financial Health,False,0.6,"['leverage=51.5%', 'ratio=2.1', 'coverage=14.4x']","['high debt to equity', 'weak liquidity']",
ABN.AS,graham_defensive,Graham Defensive,False,0.75,"['P/E < 15: P/E=14.6', 'P/B < 1.5 or P/E×P/B < 22.5: P/B=1.21', 'Dividend payer: yield=326.00%']",['current ratio < 2'],
ABN.AS,graham_enterprising,Graham Enterprising,True,0.8,"['P/E < 25: P/E=14.6', 'P/B < 3: P/B=1.21', 'ROE > 8%: ROE=9.1%', 'Positive earnings growth: growth=32.3%']",['excessive leverage'],
ABN.AS,graham_net_net,Graham Net-Net,False,0.0,[],['missing NCAV (balance sheet data)'],
ABN.AS,schloss,Schloss Low P/B,False,0.0,[],"['P/B too high', 'too much leverage']",
ABN.AS,deep_value,Deep Value,False,0.0,[],"['P/B not below 1.0', 'EV/EBITDA not below 8']",
ABN.AS,earnings_yield,Earnings Yield,False,0.5692,['E/P=6.8% (P/E=14.6)'],['earnings yield 6.8% below 8%'],
ABN.AS,fcf_yield,FCF Yield,False,1.0,['FCF yield=nan%'],['FCF yield nan% below 5%'],
ABN.AS,low_pe_high_yield,Low P/E + High Yield,False,0.5,['yield=326.0%'],['P/E not below 12.0'],
ABN.AS,lynch_peg,Lynch PEG,True,0.5467,"['PEG=0.45', 'growth=32.3%']",[],
ABN.AS,neff_pegy,Neff PEGY,True,0.9591,"['PEGY=0.04', 'growth=32.3%', 'yield=326.0%']",[],
ABN.AS,quality_value,Quality Value,False,0.4,"['Profit margin >= 5%: margin=27.7%', 'P/E < 20: P/E=14.6']","['ROE below 12%', 'high leverage', 'FCF yield below 3%']",
ABN.AS,buffett_quality,Buffett Quality,False,0.5,"['margin >= 8%: margin=27.7%', 'P/E < 25.0: P/E=14.6']","['ROE too low', 'too much debt']",
ABN.AS,economic_moat,Economic Moat,False,0.25,['wide margin=27.7%'],"['ROE below 18%', 'ROA below 8%', 'leverage too high']",
ABN.AS,high_dividend,High Dividend Yield,False,0.5833,"['yield=326.0%', 'universe rank 58%']",['not in top quartile for yield'],
ABN.AS,dividend_growth,Dividend Growth,True,1.0,"['dividend payer: yield=326.0%', 'earnings growth: growth=32.3%', 'reasonable P/E: P/E=14.6']",[],
ABN.AS,magic_formula,Magic Formula,False,0.0,[],['missing EBIT/EV or ROIC inputs'],
ABN.AS,acquirers_multiple,Acquirer's Multiple,False,0.0,[],['could not rank EV/EBIT'],
ABN.AS,dreman_contrarian,Dreman Contrarian,True,0.6776,"['low P/B rank 81%', 'dividend rank 58%']",['P/E not in bottom quartile'],
ABN.AS,piotroski_f,Piotroski F-Score,False,0.4444,"['F-Score=4/9', 'positive net income', 'positive operating cash flow', 'leverage declining', 'no share dilution']","['F-Score 4/9 below 7', 'ROA improving', 'OCF > net income', 'current ratio improving', 'gross margin improving', 'asset turnover improving']","{'f_score': 4, 'max_score': 9, 'components': [{'name': 'positive net income', 'passed': True}, {'name': 'positive operating cash flow', 'passed': True}, {'name': 'ROA improving', 'passed': False}, {'name': 'OCF > net income', 'passed': False}, {'name': 'leverage declining', 'passed': True}, {'name': 'current ratio improving', 'passed': False}, {'name': 'no share dilution', 'passed': True}, {'name': 'gross margin improving', 'passed': False}, {'name': 'asset turnover improving', 'passed': False}]}"
ABN.AS,composite_value,Composite Value,False,0.4037,['top-tier on price_to_book (percentile 73%)'],"['missing fcf_yield', 'missing ev_ebitda']",
ABN.AS,earnings_quality,Earnings Quality,False,0.6667,"['OCF/NI=0.99', 'ratio=0.00%']",['weak free-cash conversion'],
ABN.AS,financial_health,Financial Health,False,0.4,"['leverage=19.2%', 'insufficient data — skipped']","['high debt to equity', 'weak liquidity', 'weak interest coverage']",
AGN.AS,graham_defensive,Graham Defensive,False,0.75,"['P/E < 15: P/E=12.7', 'P/B < 1.5 or P/E×P/B < 22.5: P/B=1.25', 'Dividend payer: yield=550.00%']",['current ratio < 2'],
AGN.AS,graham_enterprising,Graham Enterprising,True,1.0,"['P/E < 25: P/E=12.7', 'P/B < 3: P/B=1.25', 'Debt/equity < 100%: D/E=43%', 'ROE > 8%: ROE=11.1%', 'Positive earnings growth: growth=7.9%']",[],
AGN.AS,graham_net_net,Graham Net-Net,False,0.0,[],['missing NCAV (balance sheet data)'],
AGN.AS,schloss,Schloss Low P/B,False,0.5,['D/E < 50.0%: D/E=43%'],['P/B too high'],
AGN.AS,deep_value,Deep Value,False,0.0,[],"['P/B not below 1.0', 'EV/EBITDA not below 8']",
AGN.AS,earnings_yield,Earnings Yield,False,0.6543,['E/P=7.9% (P/E=12.7)'],['earnings yield 7.9% below 8%'],
AGN.AS,fcf_yield,FCF Yield,False,0.0,['FCF yield=-38.8%'],['FCF yield -38.8% below 5%'],
AGN.AS,low_pe_high_yield,Low P/E + High Yield,False,0.5,['yield=550.0%'],['P/E not below 12.0'],
AGN.AS,lynch_peg,Lynch PEG,False,0.0,"['PEG=1.61', 'growth=7.9%']",['PEG 1.61 >= 1.0'],
AGN.AS,neff_pegy,Neff PEGY,True,0.9772,"['PEGY=0.02', 'growth=7.9%', 'yield=550.0%']",[],
AGN.AS,quality_value,Quality Value,False,0.6,"['Profit margin >= 5%: margin=8.6%', 'Debt/equity < 80%: D/E=43%', 'P/E < 20: P/E=12.7']","['ROE below 12%', 'FCF yield below 3%']",
AGN.AS,buffett_quality,Buffett Quality,False,0.75,"['D/E < 60.0%: D/E=43%', 'margin >= 8%: margin=8.6%', 'P/E < 25.0: P/E=12.7']",['ROE too low'],
AGN.AS,economic_moat,Economic Moat,False,0.25,['low leverage D/E=43%'],"['ROE below 18%', 'ROA below 8%', 'margins below 12%']",
AGN.AS,high_dividend,High Dividend Yield,True,0.875,"['yield=550.0%', 'universe rank 88%']",[],
AGN.AS,dividend_growth,Dividend Growth,True,1.0,"['dividend payer: yield=550.0%', 'earnings growth: growth=7.9%', 'reasonable P/E: P/E=12.7']",[],
AGN.AS,magic_formula,Magic Formula,False,0.0,[],['missing EBIT/EV or ROIC inputs'],
AGN.AS,acquirers_multiple,Acquirer's Multiple,True,0.811,"['EV/EBIT=11.2', 'universe rank 81%']",[],
AGN.AS,dreman_contrarian,Dreman Contrarian,True,0.7899,"['low P/B rank 77%', 'dividend rank 88%']",['P/E not in bottom quartile'],
AGN.AS,piotroski_f,Piotroski F-Score,False,0.6667,"['F-Score=6/9', 'positive net income', 'positive operating cash flow', 'ROA improving', 'leverage declining', 'no share dilution', 'asset turnover improving']","['F-Score 6/9 below 7', 'OCF > net income', 'current ratio improving', 'gross margin improving']","{'f_score': 6, 'max_score': 9, 'components': [{'name': 'positive net income', 'passed': True}, {'name': 'positive operating cash flow', 'passed': True}, {'name': 'ROA improving', 'passed': True}, {'name': 'OCF > net income', 'passed': False}, {'name': 'leverage declining', 'passed': True}, {'name': 'current ratio improving', 'passed': False}, {'name': 'no share dilution', 'passed': True}, {'name': 'gross margin improving', 'passed': False}, {'name': 'asset turnover improving', 'passed': True}]}"
AGN.AS,composite_value,Composite Value,False,0.4928,"['top-tier on price_to_book (percentile 70%)', 'top-tier on dividend_yield (percentile 80%)']",['missing ev_ebitda'],
AGN.AS,earnings_quality,Earnings Quality,False,0.3333,['ratio=0.17%'],"['weak free-cash conversion', 'operating cash below earnings']",
AGN.AS,financial_health,Financial Health,False,0.8,"['D/E=43%', 'leverage=1.2%', 'insufficient data — skipped', 'coverage=175.2x']",['weak liquidity'],
AKZA.AS,graham_defensive,Graham Defensive,False,0.25,['Dividend payer: yield=337.00%'],"['P/E >= 15', 'valuation too rich on P/B or P/E×P/B', 'current ratio < 2']",
AKZA.AS,graham_enterprising,Graham Enterprising,True,0.8,"['P/E < 25: P/E=15.6', 'P/B < 3: P/B=2.04', 'ROE > 8%: ROE=14.1%', 'Positive earnings growth: growth=12.5%']",['excessive leverage'],
AKZA.AS,graham_net_net,Graham Net-Net,False,0.0,[],['missing NCAV (balance sheet data)'],
AKZA.AS,schloss,Schloss Low P/B,False,0.0,[],"['P/B too high', 'too much leverage']",
AKZA.AS,deep_value,Deep Value,False,0.0,[],"['P/B not below 1.0', 'EV/EBITDA not below 8']",
AKZA.AS,earnings_yield,Earnings Yield,False,0.5345,['E/P=6.4% (P/E=15.6)'],['earnings yield 6.4% below 8%'],
AKZA.AS,fcf_yield,FCF Yield,True,0.8318,['FCF yield=8.3%'],[],
AKZA.AS,low_pe_high_yield,Low P/E + High Yield,False,0.5,['yield=337.0%'],['P/E not below 12.0'],
AKZA.AS,lynch_peg,Lynch PEG,False,0.0,"['PEG=1.25', 'growth=12.5%']",['PEG 1.25 >= 1.0'],
AKZA.AS,neff_pegy,Neff PEGY,True,0.9554,"['PEGY=0.04', 'growth=12.5%', 'yield=337.0%']",[],
AKZA.AS,quality_value,Quality Value,True,0.8,"['ROE >= 12%: ROE=14.1%', 'Profit margin >= 5%: margin=6.4%', 'P/E < 20: P/E=15.6', 'FCF yield >= 3%: FCF yield=8.3%']",['high leverage'],
AKZA.AS,buffett_quality,Buffett Quality,False,0.25,['P/E < 25.0: P/E=15.6'],"['ROE too low', 'too much debt', 'thin margins']",
AKZA.AS,economic_moat,Economic Moat,False,0.0,[],"['ROE below 18%', 'ROA below 8%', 'margins below 12%', 'leverage too high']",
AKZA.AS,high_dividend,High Dividend Yield,False,0.5938,"['yield=337.0%', 'universe rank 59%']",['not in top quartile for yield'],
AKZA.AS,dividend_growth,Dividend Growth,True,1.0,"['dividend payer: yield=337.0%', 'earnings growth: growth=12.5%', 'reasonable P/E: P/E=15.6']",[],
AKZA.AS,magic_formula,Magic Formula,True,0.6942,"['earnings yield rank 83%', 'ROIC rank 56%']",[],
AKZA.AS,acquirers_multiple,Acquirer's Multiple,True,0.7866,"['EV/EBIT=11.5', 'universe rank 79%']",[],
AKZA.AS,dreman_contrarian,Dreman Contrarian,False,0.5698,['dividend rank 59%'],"['P/E not in bottom quartile', 'P/B not cheap vs universe']",
AKZA.AS,piotroski_f,Piotroski F-Score,True,0.7778,"['F-Score=7/9', 'positive net income', 'positive operating cash flow', 'ROA improving', 'OCF > net income', 'leverage declining', 'current ratio improving', 'no share dilution']","['gross margin improving', 'asset turnover improving']","{'f_score': 7, 'max_score': 9, 'components': [{'name': 'positive net income', 'passed': True}, {'name': 'positive operating cash flow', 'passed': True}, {'name': 'ROA improving', 'passed': True}, {'name': 'OCF > net income', 'passed': True}, {'name': 'leverage declining', 'passed': True}, {'name': 'current ratio improving', 'passed': True}, {'name': 'no share dilution', 'passed': True}, {'name': 'gross margin improving', 'passed': False}, {'name': 'asset turnover improving', 'passed': False}]}"
AKZA.AS,composite_value,Composite Value,False,0.6292,"['top-tier on trailing_pe (percentile 86%)', 'top-tier on fcf_yield (percentile 77%)']",[],
AKZA.AS,earnings_quality,Earnings Quality,True,1.0,"['FCF/NI=1.30', 'OCF/NI=1.44', 'ratio=-2.01%']",[],
AKZA.AS,financial_health,Financial Health,False,0.8,"['leverage=34.8%', 'CR=1.44', 'ratio=2.9', 'coverage=5.5x']",['high debt to equity'],
MT.AS,graham_defensive,Graham Defensive,False,0.5,"['P/B < 1.5 or P/E×P/B < 22.5: P/B=0.89', 'Dividend payer: yield=92.00%']","['P/E >= 15', 'current ratio < 2']",
MT.AS,graham_enterprising,Graham Enterprising,False,0.4,"['P/B < 3: P/B=0.89', 'Debt/equity < 100%: D/E=25%']","['P/E >= 25', 'ROE <= 8%', 'negative earnings growth']",
MT.AS,graham_net_net,Graham Net-Net,False,0.0,[],['missing NCAV (balance sheet data)'],
MT.AS,schloss,Schloss Low P/B,True,1.0,"['P/B < 1.2: P/B=0.89', 'D/E < 50.0%: D/E=25%']",[],
MT.AS,deep_value,Deep Value,False,0.5,['P/B=0.89'],['EV/EBITDA not below 8'],
MT.AS,earnings_yield,Earnings Yield,False,0.3045,['E/P=3.7% (P/E=27.4)'],['earnings yield 3.7% below 8%'],
MT.AS,fcf_yield,FCF Yield,False,0.0,['FCF yield=-1.9%'],['FCF yield -1.9% below 5%'],
MT.AS,low_pe_high_yield,Low P/E + High Yield,False,0.5,['yield=92.0%'],['P/E not below 12.0'],
MT.AS,lynch_peg,Lynch PEG,False,0.2,[],['missing or negative earnings growth'],
MT.AS,neff_pegy,Neff PEGY,True,0.0967,"['PEGY=0.90', 'growth=-61.7%', 'yield=92.0%']",[],
MT.AS,quality_value,Quality Value,False,0.2,['Debt/equity < 80%: D/E=25%'],"['ROE below 12%', 'thin margins', 'P/E >= 20', 'FCF yield below 3%']",
MT.AS,buffett_quality,Buffett Quality,False,0.25,['D/E < 60.0%: D/E=25%'],"['ROE too low', 'thin margins', 'P/E too high']",
MT.AS,economic_moat,Economic Moat,False,0.25,['low leverage D/E=25%'],"['ROE below 18%', 'ROA below 8%', 'margins below 12%']",
MT.AS,high_dividend,High Dividend Yield,False,0.1667,"['yield=92.0%', 'universe rank 17%']",['not in top quartile for yield'],
MT.AS,dividend_growth,Dividend Growth,False,0.3333,['dividend payer: yield=92.0%'],"['earnings not growing', 'P/E out of range']",
MT.AS,magic_formula,Magic Formula,False,0.1178,[],['below top half on combined Magic Formula rank'],
MT.AS,acquirers_multiple,Acquirer's Multiple,False,0.1402,"['EV/EBIT=38.0', 'universe rank 14%']","['EV/EBIT 38.0 above 12.0', 'not in top 40% cheapest on EV/EBIT']",
MT.AS,dreman_contrarian,Dreman Contrarian,False,0.4344,['low P/B rank 88%'],"['P/E not in bottom quartile', 'dividend yield below median']",
MT.AS,piotroski_f,Piotroski F-Score,False,0.6667,"['F-Score=6/9', 'positive net income', 'positive operating cash flow', 'ROA improving', 'OCF > net income', 'current ratio improving', 'no share dilution']","['F-Score 6/9 below 7', 'leverage declining', 'gross margin improving', 'asset turnover improving']","{'f_score': 6, 'max_score': 9, 'components': [{'name': 'positive net income', 'passed': True}, {'name': 'positive operating cash flow', 'passed': True}, {'name': 'ROA improving', 'passed': True}, {'name': 'OCF > net income', 'passed': True}, {'name': 'leverage declining', 'passed': False}, {'name': 'current ratio improving', 'passed': True}, {'name': 'no share dilution', 'passed': True}, {'name': 'gross margin improving', 'passed': False}, {'name': 'asset turnover improving', 'passed': False}]}"
MT.AS,composite_value,Composite Value,False,0.3704,['top-tier on price_to_book (percentile 75%)'],[],
MT.AS,earnings_quality,Earnings Quality,False,0.6667,"['OCF/NI=1.53', 'ratio=-1.69%']",['weak free-cash conversion'],
MT.AS,financial_health,Financial Health,True,1.0,"['D/E=25%', 'leverage=13.7%', 'CR=1.36', 'ratio=1.8', 'coverage=2.5x']",[],
ASM.AS,graham_defensive,Graham Defensive,False,0.5,"['Current ratio >= 2: CR=2.17', 'Dividend payer: yield=34.00%']","['P/E >= 15', 'valuation too rich on P/B or P/E×P/B']",
ASM.AS,graham_enterprising,Graham Enterprising,False,0.6,"['Debt/equity < 100%: D/E=2%', 'ROE > 8%: ROE=26.8%', 'Positive earnings growth: growth=41.5%']","['P/E >= 25', 'P/B >= 3']",
ASM.AS,graham_net_net,Graham Net-Net,False,0.0,[],['missing NCAV (balance sheet data)'],
ASM.AS,schloss,Schloss Low P/B,False,0.5,['D/E < 50.0%: D/E=2%'],['P/B too high'],
ASM.AS,deep_value,Deep Value,False,0.0,[],"['P/B not below 1.0', 'EV/EBITDA not below 8']",
ASM.AS,earnings_yield,Earnings Yield,False,0.2029,['E/P=2.4% (P/E=41.1)'],['earnings yield 2.4% below 8%'],
ASM.AS,fcf_yield,FCF Yield,False,0.0537,['FCF yield=0.5%'],['FCF yield 0.5% below 5%'],
ASM.AS,low_pe_high_yield,Low P/E + High Yield,False,0.5,['yield=34.0%'],['P/E not below 12.0'],
ASM.AS,lynch_peg,Lynch PEG,True,0.0104,"['PEG=0.99', 'growth=41.5%']",[],
ASM.AS,neff_pegy,Neff PEGY,True,0.456,"['PEGY=0.54', 'growth=41.5%', 'yield=34.0%']",[],
ASM.AS,quality_value,Quality Value,False,0.6,"['ROE >= 12%: ROE=26.8%', 'Profit margin >= 5%: margin=31.9%', 'Debt/equity < 80%: D/E=2%']","['P/E >= 20', 'FCF yield below 3%']",
ASM.AS,buffett_quality,Buffett Quality,False,0.75,"['ROE >= 15%: ROE=26.8%', 'D/E < 60.0%: D/E=2%', 'margin >= 8%: margin=31.9%']",['P/E too high'],
ASM.AS,economic_moat,Economic Moat,True,1.0,"['high ROE=26.8%', 'solid ROA=13.6%', 'wide margin=31.9%', 'low leverage D/E=2%']",[],
ASM.AS,high_dividend,High Dividend Yield,False,0.0729,"['yield=34.0%', 'universe rank 7%']",['not in top quartile for yield'],
ASM.AS,dividend_growth,Dividend Growth,True,0.6667,"['dividend payer: yield=34.0%', 'earnings growth: growth=41.5%']",['P/E out of range'],
ASM.AS,magic_formula,Magic Formula,True,0.5114,['ROIC rank 89%'],[],
ASM.AS,acquirers_multiple,Acquirer's Multiple,False,0.0854,"['EV/EBIT=48.3', 'universe rank 9%']","['EV/EBIT 48.3 above 12.0', 'not in top 40% cheapest on EV/EBIT']",
ASM.AS,dreman_contrarian,Dreman Contrarian,False,0.0915,[],"['P/E not in bottom quartile', 'P/B not cheap vs universe', 'dividend yield below median']",
ASM.AS,piotroski_f,Piotroski F-Score,True,0.8889,"['F-Score=8/9', 'positive net income', 'positive operating cash flow', 'ROA improving', 'OCF > net income', 'current ratio improving', 'no share dilution', 'gross margin improving', 'asset turnover improving']",['leverage declining'],"{'f_score': 8, 'max_score': 9, 'components': [{'name': 'positive net income', 'passed': True}, {'name': 'positive operating cash flow', 'passed': True}, {'name': 'ROA improving', 'passed': True}, {'name': 'OCF > net income', 'passed': True}, {'name': 'leverage declining', 'passed': False}, {'name': 'current ratio improving', 'passed': True}, {'name': 'no share dilution', 'passed': True}, {'name': 'gross margin improving', 'passed': True}, {'name': 'asset turnover improving', 'passed': True}]}"
ASM.AS,composite_value,Composite Value,False,0.3208,[],[],
ASM.AS,earnings_quality,Earnings Quality,False,0.6667,"['OCF/NI=1.47', 'ratio=-6.32%']",['weak free-cash conversion'],
ASM.AS,financial_health,Financial Health,True,1.0,"['D/E=2%', 'leverage=0.3%', 'CR=2.25', 'ratio=-1.0', 'coverage=1042.3x']",[],
ASRNL.AS,graham_defensive,Graham Defensive,True,1.0,"['P/E < 15: P/E=14.1', 'P/B < 1.5 or P/E×P/B < 22.5: P/B=1.39', 'Current ratio >= 2: CR=6.69', 'Dividend payer: yield=486.00%']",[],
ASRNL.AS,graham_enterprising,Graham Enterprising,True,0.8,"['P/E < 25: P/E=14.1', 'P/B < 3: P/B=1.39', 'ROE > 8%: ROE=12.2%', 'Positive earnings growth: growth=647.8%']",['excessive leverage'],
ASRNL.AS,graham_net_net,Graham Net-Net,False,0.0,[],['missing NCAV (balance sheet data)'],
ASRNL.AS,schloss,Schloss Low P/B,False,0.0,[],"['P/B too high', 'too much leverage']",
ASRNL.AS,deep_value,Deep Value,False,0.5,['EV/EBITDA=-7.5'],['P/B not below 1.0'],
ASRNL.AS,earnings_yield,Earnings Yield,False,0.5919,['E/P=7.1% (P/E=14.1)'],['earnings yield 7.1% below 8%'],
ASRNL.AS,fcf_yield,FCF Yield,True,1.0,['FCF yield=40.8%'],[],
ASRNL.AS,low_pe_high_yield,Low P/E + High Yield,False,0.5,['yield=486.0%'],['P/E not below 12.0'],
ASRNL.AS,lynch_peg,Lynch PEG,True,0.9783,"['PEG=0.02', 'growth=647.8%']",[],
ASRNL.AS,neff_pegy,Neff PEGY,True,0.9876,"['PEGY=0.01', 'growth=647.8%', 'yield=486.0%']",[],
ASRNL.AS,quality_value,Quality Value,True,0.8,"['ROE >= 12%: ROE=12.2%', 'Profit margin >= 5%: margin=6.6%', 'P/E < 20: P/E=14.1', 'FCF yield >= 3%: FCF yield=40.8%']",['high leverage'],
ASRNL.AS,buffett_quality,Buffett Quality,False,0.25,['P/E < 25.0: P/E=14.1'],"['ROE too low', 'too much debt', 'thin margins']",
ASRNL.AS,economic_moat,Economic Moat,False,0.0,[],"['ROE below 18%', 'ROA below 8%', 'margins below 12%', 'leverage too high']",
ASRNL.AS,high_dividend,High Dividend Yield,True,0.8125,"['yield=486.0%', 'universe rank 81%']",[],
ASRNL.AS,dividend_growth,Dividend Growth,True,1.0,"['dividend payer: yield=486.0%', 'earnings growth: growth=647.8%', 'reasonable P/E: P/E=14.1']",[],
ASRNL.AS,magic_formula,Magic Formula,False,0.0,[],['missing EBIT/EV or ROIC inputs'],
ASRNL.AS,acquirers_multiple,Acquirer's Multiple,True,0.9817,"['EV/EBIT=-8.7', 'universe rank 98%']",[],
ASRNL.AS,dreman_contrarian,Dreman Contrarian,True,0.7387,"['low P/B rank 75%', 'dividend rank 81%']",['P/E not in bottom quartile'],
ASRNL.AS,piotroski_f,Piotroski F-Score,False,0.3333,"['F-Score=3/9', 'positive net income', 'leverage declining', 'no share dilution']","['F-Score 3/9 below 7', 'positive operating cash flow', 'ROA improving', 'OCF > net income', 'current ratio improving', 'gross margin improving', 'asset turnover improving']","{'f_score': 3, 'max_score': 9, 'components': [{'name': 'positive net income', 'passed': True}, {'name': 'positive operating cash flow', 'passed': False}, {'name': 'ROA improving', 'passed': False}, {'name': 'OCF > net income', 'passed': False}, {'name': 'leverage declining', 'passed': True}, {'name': 'current ratio improving', 'passed': False}, {'name': 'no share dilution', 'passed': True}, {'name': 'gross margin improving', 'passed': False}, {'name': 'asset turnover improving', 'passed': False}]}"
ASRNL.AS,composite_value,Composite Value,False,0.6403,"['top-tier on fcf_yield (percentile 91%)', 'top-tier on ev_ebitda (percentile 88%)']",[],
ASRNL.AS,earnings_quality,Earnings Quality,False,0.6667,"['FCF/NI=10.83', 'ratio=0.79%']",['operating cash below earnings'],
ASRNL.AS,financial_health,Financial Health,False,0.4,"['leverage=6.3%', 'ratio=-9.5']","['high debt to equity', 'weak liquidity', 'weak interest coverage']",
BESI.AS,graham_defensive,Graham Defensive,False,0.5,"['Current ratio >= 2: CR=4.28', 'Dividend payer: yield=82.00%']","['P/E >= 15', 'valuation too rich on P/B or P/E×P/B']",
BESI.AS,graham_enterprising,Graham Enterprising,False,0.6,"['Debt/equity < 100%: D/E=62%', 'ROE > 8%: ROE=44.9%', 'Positive earnings growth: growth=178.0%']","['P/E >= 25', 'P/B >= 3']",
BESI.AS,graham_net_net,Graham Net-Net,False,0.0,[],['missing NCAV (balance sheet data)'],
BESI.AS,schloss,Schloss Low P/B,False,0.0,[],"['P/B too high', 'too much leverage']",
BESI.AS,deep_value,Deep Value,False,0.0,[],"['P/B not below 1.0', 'EV/EBITDA not below 8']",
BESI.AS,earnings_yield,Earnings Yield,False,0.1256,['E/P=1.5% (P/E=66.4)'],['earnings yield 1.5% below 8%'],
BESI.AS,fcf_yield,FCF Yield,False,0.1252,['FCF yield=1.3%'],['FCF yield 1.3% below 5%'],
BESI.AS,low_pe_high_yield,Low P/E + High Yield,False,0.5,['yield=82.0%'],['P/E not below 12.0'],
BESI.AS,lynch_peg,Lynch PEG,True,0.6272,"['PEG=0.37', 'growth=178.0%']",[],
BESI.AS,neff_pegy,Neff PEGY,True,0.7448,"['PEGY=0.26', 'growth=178.0%', 'yield=82.0%']",[],
BESI.AS,quality_value,Quality Value,False,0.6,"['ROE >= 12%: ROE=44.9%', 'Profit margin >= 5%: margin=28.4%', 'Debt/equity < 80%: D/E=62%']","['P/E >= 20', 'FCF yield below 3%']",
BESI.AS,buffett_quality,Buffett Quality,False,0.5,"['ROE >= 15%: ROE=44.9%', 'margin >= 8%: margin=28.4%']","['too much debt', 'P/E too high']",
BESI.AS,economic_moat,Economic Moat,True,0.75,"['high ROE=44.9%', 'solid ROA=11.8%', 'wide margin=28.4%']",['leverage too high'],
BESI.AS,high_dividend,High Dividend Yield,False,0.151,"['yield=82.0%', 'universe rank 15%']",['not in top quartile for yield'],
BESI.AS,dividend_growth,Dividend Growth,True,0.6667,"['dividend payer: yield=82.0%', 'earnings growth: growth=178.0%']",['P/E out of range'],
BESI.AS,magic_formula,Magic Formula,False,0.44,['ROIC rank 78%'],['below top half on combined Magic Formula rank'],
BESI.AS,acquirers_multiple,Acquirer's Multiple,False,0.061,"['EV/EBIT=88.8', 'universe rank 6%']","['EV/EBIT 88.8 above 12.0', 'not in top 40% cheapest on EV/EBIT']",
BESI.AS,dreman_contrarian,Dreman Contrarian,False,0.0822,[],"['P/E not in bottom quartile', 'P/B not cheap vs universe', 'dividend yield below median']",
BESI.AS,piotroski_f,Piotroski F-Score,False,0.5556,"['F-Score=5/9', 'positive net income', 'positive operating cash flow', 'OCF > net income', 'no share dilution', 'asset turnover improving']","['F-Score 5/9 below 7', 'ROA improving', 'leverage declining', 'current ratio improving', 'gross margin improving']","{'f_score': 5, 'max_score': 9, 'components': [{'name': 'positive net income', 'passed': True}, {'name': 'positive operating cash flow', 'passed': True}, {'name': 'ROA improving', 'passed': False}, {'name': 'OCF > net income', 'passed': True}, {'name': 'leverage declining', 'passed': False}, {'name': 'current ratio improving', 'passed': False}, {'name': 'no share dilution', 'passed': True}, {'name': 'gross margin improving', 'passed': False}, {'name': 'asset turnover improving', 'passed': True}]}"
BESI.AS,composite_value,Composite Value,False,0.2667,[],[],
BESI.AS,earnings_quality,Earnings Quality,True,1.0,"['FCF/NI=1.31', 'OCF/NI=1.35', 'ratio=-4.18%']",[],
BESI.AS,financial_health,Financial Health,True,1.0,"['D/E=62%', 'leverage=46.8%', 'CR=5.55', 'ratio=-0.5', 'coverage=6.9x']",[],
DSFIR.AS,graham_defensive,Graham Defensive,False,0.5,"['P/B < 1.5 or P/E×P/B < 22.5: P/B=1.40', 'Dividend payer: yield=251.00%']","['no positive trailing P/E', 'current ratio < 2']",
DSFIR.AS,graham_enterprising,Graham Enterprising,False,0.4,"['P/B < 3: P/B=1.40', 'Debt/equity < 100%: D/E=38%']","['missing P/E', 'ROE <= 8%', 'negative earnings growth']",
DSFIR.AS,graham_net_net,Graham Net-Net,False,0.0,[],['missing NCAV (balance sheet data)'],
DSFIR.AS,schloss,Schloss Low P/B,False,0.5,['D/E < 50.0%: D/E=38%'],['P/B too high'],
DSFIR.AS,deep_value,Deep Value,False,0.0,[],"['P/B not below 1.0', 'EV/EBITDA not below 8']",
DSFIR.AS,earnings_yield,Earnings Yield,False,1.0,['E/P=nan% (P/E=nan)'],['earnings yield nan% below 8%'],
DSFIR.AS,fcf_yield,FCF Yield,False,0.0,['FCF yield=-0.6%'],['FCF yield -0.6% below 5%'],
DSFIR.AS,low_pe_high_yield,Low P/E + High Yield,False,0.5,['yield=251.0%'],['P/E not below 12.0'],
DSFIR.AS,lynch_peg,Lynch PEG,False,0.2,[],['missing or negative earnings growth'],
DSFIR.AS,neff_pegy,Neff PEGY,False,0.0,"['PEGY=nan', 'growth=-56.2%', 'yield=251.0%']",['PEGY nan >= 1.0'],
DSFIR.AS,quality_value,Quality Value,False,0.2,['Debt/equity < 80%: D/E=38%'],"['ROE below 12%', 'thin margins', 'missing P/E', 'FCF yield below 3%']",
DSFIR.AS,buffett_quality,Buffett Quality,False,0.25,['D/E < 60.0%: D/E=38%'],"['ROE too low', 'thin margins', 'missing P/E']",
DSFIR.AS,economic_moat,Economic Moat,False,0.25,['low leverage D/E=38%'],"['ROE below 18%', 'ROA below 8%', 'margins below 12%']",
DSFIR.AS,high_dividend,High Dividend Yield,False,0.4479,"['yield=251.0%', 'universe rank 45%']","['not in top quartile for yield', 'no positive earnings']",
DSFIR.AS,dividend_growth,Dividend Growth,False,0.3333,['dividend payer: yield=251.0%'],"['earnings not growing', 'P/E out of range']",
DSFIR.AS,magic_formula,Magic Formula,False,0.1063,[],['below top half on combined Magic Formula rank'],
DSFIR.AS,acquirers_multiple,Acquirer's Multiple,False,0.0976,"['EV/EBIT=46.7', 'universe rank 10%']","['EV/EBIT 46.7 above 12.0', 'not in top 40% cheapest on EV/EBIT']",
DSFIR.AS,dreman_contrarian,Dreman Contrarian,False,0.597,['low P/B rank 75%'],['dividend yield below median'],
DSFIR.AS,piotroski_f,Piotroski F-Score,False,0.4444,"['F-Score=4/9', 'positive operating cash flow', 'OCF > net income', 'no share dilution', 'asset turnover improving']","['F-Score 4/9 below 7', 'positive net income', 'ROA improving', 'leverage declining', 'current ratio improving', 'gross margin improving']","{'f_score': 4, 'max_score': 9, 'components': [{'name': 'positive net income', 'passed': False}, {'name': 'positive operating cash flow', 'passed': True}, {'name': 'ROA improving', 'passed': False}, {'name': 'OCF > net income', 'passed': True}, {'name': 'leverage declining', 'passed': False}, {'name': 'current ratio improving', 'passed': False}, {'name': 'no share dilution', 'passed': True}, {'name': 'gross margin improving', 'passed': False}, {'name': 'asset turnover improving', 'passed': True}]}"
DSFIR.AS,composite_value,Composite Value,False,0.3336,[],['missing trailing_pe'],
DSFIR.AS,earnings_quality,Earnings Quality,False,0.5,['ratio=-8.61%'],['negative net income'],
DSFIR.AS,financial_health,Financial Health,True,1.0,"['D/E=38%', 'leverage=18.0%', 'CR=1.59', 'ratio=3.4', 'coverage=4.0x']",[],
EXO.AS,graham_defensive,Graham Defensive,False,0.75,"['P/B < 1.5 or P/E×P/B < 22.5: P/B=0.42', 'Current ratio >= 2: CR=27.68', 'Dividend payer: yield=70.00%']",['no positive trailing P/E'],
EXO.AS,graham_enterprising,Graham Enterprising,False,0.4,"['P/B < 3: P/B=0.42', 'Debt/equity < 100%: D/E=12%']","['missing P/E', 'ROE <= 8%', 'negative earnings growth']",
EXO.AS,graham_net_net,Graham Net-Net,False,0.0,[],['missing NCAV (balance sheet data)'],
EXO.AS,schloss,Schloss Low P/B,True,1.0,"['P/B < 1.2: P/B=0.42', 'D/E < 50.0%: D/E=12%']",[],
EXO.AS,deep_value,Deep Value,False,0.5,['P/B=0.42'],['EV/EBITDA not below 8'],
EXO.AS,earnings_yield,Earnings Yield,False,1.0,['E/P=nan% (P/E=nan)'],['earnings yield nan% below 8%'],
EXO.AS,fcf_yield,FCF Yield,False,0.0,['FCF yield=-11.5%'],['FCF yield -11.5% below 5%'],
EXO.AS,low_pe_high_yield,Low P/E + High Yield,False,0.5,['yield=70.0%'],['P/E not below 12.0'],
EXO.AS,lynch_peg,Lynch PEG,False,0.0,"['PEG=nan', 'growth=nan%']",[],
EXO.AS,neff_pegy,Neff PEGY,False,0.0,"['PEGY=nan', 'growth=nan%', 'yield=70.0%']",['PEGY nan >= 1.0'],
EXO.AS,quality_value,Quality Value,False,0.2,['Debt/equity < 80%: D/E=12%'],"['ROE below 12%', 'thin margins', 'missing P/E', 'FCF yield below 3%']",
EXO.AS,buffett_quality,Buffett Quality,False,0.25,['D/E < 60.0%: D/E=12%'],"['ROE too low', 'thin margins', 'missing P/E']",
EXO.AS,economic_moat,Economic Moat,False,0.25,['low leverage D/E=12%'],"['ROE below 18%', 'ROA below 8%', 'margins below 12%']",
EXO.AS,high_dividend,High Dividend Yield,False,0.125,"['yield=70.0%', 'universe rank 12%']","['not in top quartile for yield', 'no positive earnings']",
EXO.AS,dividend_growth,Dividend Growth,False,0.3333,['dividend payer: yield=70.0%'],"['earnings not growing', 'P/E out of range']",
EXO.AS,magic_formula,Magic Formula,False,0.0,[],['missing EBIT/EV or ROIC inputs'],
EXO.AS,acquirers_multiple,Acquirer's Multiple,False,0.0,[],['could not rank EV/EBIT'],
EXO.AS,dreman_contrarian,Dreman Contrarian,False,0.5521,['low P/B rank 98%'],['dividend yield below median'],
EXO.AS,piotroski_f,Piotroski F-Score,False,0.3333,"['F-Score=3/9', 'positive operating cash flow', 'OCF > net income', 'no share dilution']","['F-Score 3/9 below 7', 'positive net income', 'ROA improving', 'leverage declining', 'current ratio improving', 'gross margin improving', 'asset turnover improving']","{'f_score': 3, 'max_score': 9, 'components': [{'name': 'positive net income', 'passed': False}, {'name': 'positive operating cash flow', 'passed': True}, {'name': 'ROA improving', 'passed': False}, {'name': 'OCF > net income', 'passed': True}, {'name': 'leverage declining', 'passed': False}, {'name': 'current ratio improving', 'passed': False}, {'name': 'no share dilution', 'passed': True}, {'name': 'gross margin improving', 'passed': False}, {'name': 'asset turnover improving', 'passed': False}]}"
EXO.AS,composite_value,Composite Value,False,0.4318,['top-tier on price_to_book (percentile 100%)'],"['missing trailing_pe', 'missing ev_ebitda']",
EXO.AS,earnings_quality,Earnings Quality,False,0.5,['ratio=-17.93%'],['negative net income'],
EXO.AS,financial_health,Financial Health,False,0.6,"['D/E=12%', 'leverage=9.9%', 'insufficient data — skipped']","['weak liquidity', 'weak interest coverage']",
HEIA.AS,graham_defensive,Graham Defensive,False,0.25,['Dividend payer: yield=273.00%'],"['P/E >= 15', 'valuation too rich on P/B or P/E×P/B', 'current ratio < 2']",
HEIA.AS,graham_enterprising,Graham Enterprising,True,1.0,"['P/E < 25: P/E=17.2', 'P/B < 3: P/B=2.02', 'Debt/equity < 100%: D/E=95%', 'ROE > 8%: ROE=12.1%', 'Positive earnings growth: growth=54.1%']",[],
HEIA.AS,graham_net_net,Graham Net-Net,False,0.0,[],['missing NCAV (balance sheet data)'],
HEIA.AS,schloss,Schloss Low P/B,False,0.0,[],"['P/B too high', 'too much leverage']",
HEIA.AS,deep_value,Deep Value,False,0.0,[],"['P/B not below 1.0', 'EV/EBITDA not below 8']",
HEIA.AS,earnings_yield,Earnings Yield,False,0.4839,['E/P=5.8% (P/E=17.2)'],['earnings yield 5.8% below 8%'],
HEIA.AS,fcf_yield,FCF Yield,True,0.7686,['FCF yield=7.7%'],[],
HEIA.AS,low_pe_high_yield,Low P/E + High Yield,False,0.5,['yield=273.0%'],['P/E not below 12.0'],
HEIA.AS,lynch_peg,Lynch PEG,True,0.6817,"['PEG=0.32', 'growth=54.1%']",[],
HEIA.AS,neff_pegy,Neff PEGY,True,0.9474,"['PEGY=0.05', 'growth=54.1%', 'yield=273.0%']",[],
HEIA.AS,quality_value,Quality Value,True,0.8,"['ROE >= 12%: ROE=12.1%', 'Profit margin >= 5%: margin=7.7%', 'P/E < 20: P/E=17.2', 'FCF yield >= 3%: FCF yield=7.7%']",['high leverage'],
HEIA.AS,buffett_quality,Buffett Quality,False,0.25,['P/E < 25.0: P/E=17.2'],"['ROE too low', 'too much debt', 'thin margins']",
HEIA.AS,economic_moat,Economic Moat,False,0.0,[],"['ROE below 18%', 'ROA below 8%', 'margins below 12%', 'leverage too high']",
HEIA.AS,high_dividend,High Dividend Yield,False,0.4896,"['yield=273.0%', 'universe rank 49%']",['not in top quartile for yield'],
HEIA.AS,dividend_growth,Dividend Growth,True,1.0,"['dividend payer: yield=273.0%', 'earnings growth: growth=54.1%', 'reasonable P/E: P/E=17.2']",[],
HEIA.AS,magic_formula,Magic Formula,False,0.4769,['earnings yield rank 59%'],['below top half on combined Magic Formula rank'],
HEIA.AS,acquirers_multiple,Acquirer's Multiple,False,0.5427,"['EV/EBIT=17.7', 'universe rank 54%']","['EV/EBIT 17.7 above 12.0', 'not in top 40% cheapest on EV/EBIT']",
HEIA.AS,dreman_contrarian,Dreman Contrarian,False,0.5151,[],"['P/E not in bottom quartile', 'P/B not cheap vs universe', 'dividend yield below median']",
HEIA.AS,piotroski_f,Piotroski F-Score,True,0.7778,"['F-Score=7/9', 'positive net income', 'positive operating cash flow', 'ROA improving', 'OCF > net income', 'current ratio improving', 'no share dilution', 'gross margin improving']","['leverage declining', 'asset turnover improving']","{'f_score': 7, 'max_score': 9, 'components': [{'name': 'positive net income', 'passed': True}, {'name': 'positive operating cash flow', 'passed': True}, {'name': 'ROA improving', 'passed': True}, {'name': 'OCF > net income', 'passed': True}, {'name': 'leverage declining', 'passed': False}, {'name': 'current ratio improving', 'passed': True}, {'name': 'no share dilution', 'passed': True}, {'name': 'gross margin improving', 'passed': True}, {'name': 'asset turnover improving', 'passed': False}]}"
HEIA.AS,composite_value,Composite Value,False,0.5632,[],[],
HEIA.AS,earnings_quality,Earnings Quality,True,1.0,"['FCF/NI=1.59', 'OCF/NI=2.66', 'ratio=-5.82%']",[],
HEIA.AS,financial_health,Financial Health,False,0.6,"['leverage=35.9%', 'ratio=3.2', 'coverage=5.2x']","['high debt to equity', 'weak liquidity']",
IMCD.AS,graham_defensive,Graham Defensive,False,0.25,['Dividend payer: yield=184.00%'],"['P/E >= 15', 'valuation too rich on P/B or P/E×P/B', 'current ratio < 2']",
IMCD.AS,graham_enterprising,Graham Enterprising,False,0.8,"['P/B < 3: P/B=2.74', 'Debt/equity < 100%: D/E=85%', 'ROE > 8%: ROE=11.2%', 'Positive earnings growth: growth=10.0%']",['P/E >= 25'],
IMCD.AS,graham_net_net,Graham Net-Net,False,0.0,[],['missing NCAV (balance sheet data)'],
IMCD.AS,schloss,Schloss Low P/B,False,0.0,[],"['P/B too high', 'too much leverage']",
IMCD.AS,deep_value,Deep Value,False,0.0,[],"['P/B not below 1.0', 'EV/EBITDA not below 8']",
IMCD.AS,earnings_yield,Earnings Yield,False,0.3294,['E/P=4.0% (P/E=25.3)'],['earnings yield 4.0% below 8%'],
IMCD.AS,fcf_yield,FCF Yield,False,0.4594,['FCF yield=4.6%'],['FCF yield 4.6% below 5%'],
IMCD.AS,low_pe_high_yield,Low P/E + High Yield,False,0.5,['yield=184.0%'],['P/E not below 12.0'],
IMCD.AS,lynch_peg,Lynch PEG,False,0.0,"['PEG=2.53', 'growth=10.0%']",['PEG 2.53 >= 1.0'],
IMCD.AS,neff_pegy,Neff PEGY,True,0.8696,"['PEGY=0.13', 'growth=10.0%', 'yield=184.0%']",[],
IMCD.AS,quality_value,Quality Value,False,0.2,['FCF yield >= 3%: FCF yield=4.6%'],"['ROE below 12%', 'thin margins', 'high leverage', 'P/E >= 20']",
IMCD.AS,buffett_quality,Buffett Quality,False,0.0,[],"['ROE too low', 'too much debt', 'thin margins', 'P/E too high']",
IMCD.AS,economic_moat,Economic Moat,False,0.0,[],"['ROE below 18%', 'ROA below 8%', 'margins below 12%', 'leverage too high']",
IMCD.AS,high_dividend,High Dividend Yield,False,0.349,"['yield=184.0%', 'universe rank 35%']",['not in top quartile for yield'],
IMCD.AS,dividend_growth,Dividend Growth,True,0.6667,"['dividend payer: yield=184.0%', 'earnings growth: growth=10.0%']",['P/E out of range'],
IMCD.AS,magic_formula,Magic Formula,True,0.5094,"['earnings yield rank 51%', 'ROIC rank 51%']",[],
IMCD.AS,acquirers_multiple,Acquirer's Multiple,False,0.4695,"['EV/EBIT=19.8', 'universe rank 47%']","['EV/EBIT 19.8 above 12.0', 'not in top 40% cheapest on EV/EBIT']",
IMCD.AS,dreman_contrarian,Dreman Contrarian,False,0.3632,[],"['P/E not in bottom quartile', 'P/B not cheap vs universe', 'dividend yield below median']",
IMCD.AS,piotroski_f,Piotroski F-Score,False,0.5556,"['F-Score=5/9', 'positive net income', 'positive operating cash flow', 'OCF > net income', 'no share dilution', 'asset turnover improving']","['F-Score 5/9 below 7', 'ROA improving', 'leverage declining', 'current ratio improving', 'gross margin improving']","{'f_score': 5, 'max_score': 9, 'components': [{'name': 'positive net income', 'passed': True}, {'name': 'positive operating cash flow', 'passed': True}, {'name': 'ROA improving', 'passed': False}, {'name': 'OCF > net income', 'passed': True}, {'name': 'leverage declining', 'passed': False}, {'name': 'current ratio improving', 'passed': False}, {'name': 'no share dilution', 'passed': True}, {'name': 'gross margin improving', 'passed': False}, {'name': 'asset turnover improving', 'passed': True}]}"
IMCD.AS,composite_value,Composite Value,False,0.3658,[],[],
IMCD.AS,earnings_quality,Earnings Quality,True,1.0,"['FCF/NI=1.23', 'OCF/NI=1.48', 'ratio=-2.26%']",[],
IMCD.AS,financial_health,Financial Health,False,0.8,"['leverage=37.1%', 'CR=1.73', 'ratio=3.0', 'coverage=5.3x']",['high debt to equity'],
KPN.AS,graham_defensive,Graham Defensive,False,0.25,['Dividend payer: yield=486.00%'],"['P/E >= 15', 'valuation too rich on P/B or P/E×P/B', 'current ratio < 2']",
KPN.AS,graham_enterprising,Graham Enterprising,False,0.4,"['P/E < 25: P/E=18.0', 'ROE > 8%: ROE=26.1%']","['P/B >= 3', 'excessive leverage', 'negative earnings growth']",
KPN.AS,graham_net_net,Graham Net-Net,False,0.0,[],['missing NCAV (balance sheet data)'],
KPN.AS,schloss,Schloss Low P/B,False,0.0,[],"['P/B too high', 'too much leverage']",
KPN.AS,deep_value,Deep Value,False,0.0,[],"['P/B not below 1.0', 'EV/EBITDA not below 8']",
KPN.AS,earnings_yield,Earnings Yield,False,0.4623,['E/P=5.5% (P/E=18.0)'],['earnings yield 5.5% below 8%'],
KPN.AS,fcf_yield,FCF Yield,True,0.5311,['FCF yield=5.3%'],[],
KPN.AS,low_pe_high_yield,Low P/E + High Yield,False,0.5,['yield=486.0%'],['P/E not below 12.0'],
KPN.AS,lynch_peg,Lynch PEG,False,0.2,[],['missing or negative earnings growth'],
KPN.AS,neff_pegy,Neff PEGY,True,0.9629,"['PEGY=0.04', 'growth=0.0%', 'yield=486.0%']",[],
KPN.AS,quality_value,Quality Value,True,0.8,"['ROE >= 12%: ROE=26.1%', 'Profit margin >= 5%: margin=15.2%', 'P/E < 20: P/E=18.0', 'FCF yield >= 3%: FCF yield=5.3%']",['high leverage'],
KPN.AS,buffett_quality,Buffett Quality,True,0.75,"['ROE >= 15%: ROE=26.1%', 'margin >= 8%: margin=15.2%', 'P/E < 25.0: P/E=18.0']",['too much debt'],
KPN.AS,economic_moat,Economic Moat,False,0.5,"['high ROE=26.1%', 'wide margin=15.2%']","['ROA below 8%', 'leverage too high']",
KPN.AS,high_dividend,High Dividend Yield,True,0.8125,"['yield=486.0%', 'universe rank 81%']",[],
KPN.AS,dividend_growth,Dividend Growth,True,0.6667,"['dividend payer: yield=486.0%', 'reasonable P/E: P/E=18.0']",['earnings not growing'],
KPN.AS,magic_formula,Magic Formula,True,0.6415,"['earnings yield rank 66%', 'ROIC rank 62%']",[],
KPN.AS,acquirers_multiple,Acquirer's Multiple,False,0.622,"['EV/EBIT=15.0', 'universe rank 62%']",['EV/EBIT 15.0 above 12.0'],
KPN.AS,dreman_contrarian,Dreman Contrarian,False,0.5014,['dividend rank 81%'],"['P/E not in bottom quartile', 'P/B not cheap vs universe']",
KPN.AS,piotroski_f,Piotroski F-Score,True,0.7778,"['F-Score=7/9', 'positive net income', 'positive operating cash flow', 'OCF > net income', 'leverage declining', 'current ratio improving', 'no share dilution', 'asset turnover improving']","['ROA improving', 'gross margin improving']","{'f_score': 7, 'max_score': 9, 'components': [{'name': 'positive net income', 'passed': True}, {'name': 'positive operating cash flow', 'passed': True}, {'name': 'ROA improving', 'passed': False}, {'name': 'OCF > net income', 'passed': True}, {'name': 'leverage declining', 'passed': True}, {'name': 'current ratio improving', 'passed': True}, {'name': 'no share dilution', 'passed': True}, {'name': 'gross margin improving', 'passed': False}, {'name': 'asset turnover improving', 'passed': True}]}"
KPN.AS,composite_value,Composite Value,False,0.3917,[],[],
KPN.AS,earnings_quality,Earnings Quality,True,1.0,"['FCF/NI=0.93', 'OCF/NI=2.70', 'ratio=-11.44%']",[],
KPN.AS,financial_health,Financial Health,False,0.4,"['ratio=2.9', 'coverage=5.4x']","['high debt to equity', 'high leverage', 'weak liquidity']",
NN.AS,graham_defensive,Graham Defensive,True,1.0,"['P/E < 15: P/E=11.3', 'P/B < 1.5 or P/E×P/B < 22.5: P/B=0.95', 'Current ratio >= 2: CR=70.58', 'Dividend payer: yield=522.00%']",[],
NN.AS,graham_enterprising,Graham Enterprising,True,1.0,"['P/E < 25: P/E=11.3', 'P/B < 3: P/B=0.95', 'Debt/equity < 100%: D/E=62%', 'ROE > 8%: ROE=8.8%', 'Positive earnings growth: growth=199.7%']",[],
NN.AS,graham_net_net,Graham Net-Net,False,0.0,[],['missing NCAV (balance sheet data)'],
NN.AS,schloss,Schloss Low P/B,False,0.5,['P/B < 1.2: P/B=0.95'],['too much leverage'],
NN.AS,deep_value,Deep Value,True,1.0,"['P/B=0.95', 'EV/EBITDA=-6.6']",[],
NN.AS,earnings_yield,Earnings Yield,True,0.7403,['E/P=8.9% (P/E=11.3)'],[],
NN.AS,fcf_yield,FCF Yield,False,0.0,['FCF yield=-16.4%'],['FCF yield -16.4% below 5%'],
NN.AS,low_pe_high_yield,Low P/E + High Yield,True,1.0,"['P/E=11.3', 'yield=522.0%']",[],
NN.AS,lynch_peg,Lynch PEG,True,0.9436,"['PEG=0.06', 'growth=199.7%']",[],
NN.AS,neff_pegy,Neff PEGY,True,0.9844,"['PEGY=0.02', 'growth=199.7%', 'yield=522.0%']",[],
NN.AS,quality_value,Quality Value,False,0.6,"['Profit margin >= 5%: margin=13.3%', 'Debt/equity < 80%: D/E=62%', 'P/E < 20: P/E=11.3']","['ROE below 12%', 'FCF yield below 3%']",
NN.AS,buffett_quality,Buffett Quality,False,0.5,"['margin >= 8%: margin=13.3%', 'P/E < 25.0: P/E=11.3']","['ROE too low', 'too much debt']",
NN.AS,economic_moat,Economic Moat,False,0.25,['wide margin=13.3%'],"['ROE below 18%', 'ROA below 8%', 'leverage too high']",
NN.AS,high_dividend,High Dividend Yield,True,0.849,"['yield=522.0%', 'universe rank 85%']",[],
NN.AS,dividend_growth,Dividend Growth,True,1.0,"['dividend payer: yield=522.0%', 'earnings growth: growth=199.7%', 'reasonable P/E: P/E=11.3']",[],
NN.AS,magic_formula,Magic Formula,False,0.0,[],['missing EBIT/EV or ROIC inputs'],
NN.AS,acquirers_multiple,Acquirer's Multiple,True,0.9878,"['EV/EBIT=-12.3', 'universe rank 99%']",[],
NN.AS,dreman_contrarian,Dreman Contrarian,True,0.8397,"['low P/E rank 82%', 'low P/B rank 85%', 'dividend rank 85%']",[],
NN.AS,piotroski_f,Piotroski F-Score,False,0.2222,"['F-Score=2/9', 'positive net income', 'no share dilution']","['F-Score 2/9 below 7', 'positive operating cash flow', 'ROA improving', 'OCF > net income', 'leverage declining', 'current ratio improving', 'gross margin improving', 'asset turnover improving']","{'f_score': 2, 'max_score': 9, 'components': [{'name': 'positive net income', 'passed': True}, {'name': 'positive operating cash flow', 'passed': False}, {'name': 'ROA improving', 'passed': False}, {'name': 'OCF > net income', 'passed': False}, {'name': 'leverage declining', 'passed': False}, {'name': 'current ratio improving', 'passed': False}, {'name': 'no share dilution', 'passed': True}, {'name': 'gross margin improving', 'passed': False}, {'name': 'asset turnover improving', 'passed': False}]}"
NN.AS,composite_value,Composite Value,False,0.62,"['top-tier on price_to_book (percentile 82%)', 'top-tier on dividend_yield (percentile 70%)', 'top-tier on ev_ebitda (percentile 82%)']",[],
NN.AS,earnings_quality,Earnings Quality,False,0.3333,['ratio=1.72%'],"['weak free-cash conversion', 'operating cash below earnings']",
NN.AS,financial_health,Financial Health,False,0.6,"['D/E=62%', 'leverage=6.7%', 'ratio=-10.7']","['weak liquidity', 'weak interest coverage']",
PHIA.AS,graham_defensive,Graham Defensive,False,0.25,['Dividend payer: yield=394.00%'],"['P/E >= 15', 'valuation too rich on P/B or P/E×P/B', 'current ratio < 2']",
PHIA.AS,graham_enterprising,Graham Enterprising,True,1.0,"['P/E < 25: P/E=18.7', 'P/B < 3: P/B=1.84', 'Debt/equity < 100%: D/E=65%', 'ROE > 8%: ROE=10.2%', 'Positive earnings growth: growth=61.4%']",[],
PHIA.AS,graham_net_net,Graham Net-Net,False,0.0,[],['missing NCAV (balance sheet data)'],
PHIA.AS,schloss,Schloss Low P/B,False,0.0,[],"['P/B too high', 'too much leverage']",
PHIA.AS,deep_value,Deep Value,False,0.0,[],"['P/B not below 1.0', 'EV/EBITDA not below 8']",
PHIA.AS,earnings_yield,Earnings Yield,False,0.4451,['E/P=5.3% (P/E=18.7)'],['earnings yield 5.3% below 8%'],
PHIA.AS,fcf_yield,FCF Yield,True,0.7259,['FCF yield=7.3%'],[],
PHIA.AS,low_pe_high_yield,Low P/E + High Yield,False,0.5,['yield=394.0%'],['P/E not below 12.0'],
PHIA.AS,lynch_peg,Lynch PEG,True,0.6951,"['PEG=0.30', 'growth=61.4%']",[],
PHIA.AS,neff_pegy,Neff PEGY,True,0.9589,"['PEGY=0.04', 'growth=61.4%', 'yield=394.0%']",[],
PHIA.AS,quality_value,Quality Value,False,0.8,"['Profit margin >= 5%: margin=6.3%', 'Debt/equity < 80%: D/E=65%', 'P/E < 20: P/E=18.7', 'FCF yield >= 3%: FCF yield=7.3%']",['ROE below 12%'],
PHIA.AS,buffett_quality,Buffett Quality,False,0.25,['P/E < 25.0: P/E=18.7'],"['ROE too low', 'too much debt', 'thin margins']",
PHIA.AS,economic_moat,Economic Moat,False,0.0,[],"['ROE below 18%', 'ROA below 8%', 'margins below 12%', 'leverage too high']",
PHIA.AS,high_dividend,High Dividend Yield,False,0.7031,"['yield=394.0%', 'universe rank 70%']",['not in top quartile for yield'],
PHIA.AS,dividend_growth,Dividend Growth,True,1.0,"['dividend payer: yield=394.0%', 'earnings growth: growth=61.4%', 'reasonable P/E: P/E=18.7']",[],
PHIA.AS,magic_formula,Magic Formula,False,0.4349,['earnings yield rank 57%'],['below top half on combined Magic Formula rank'],
PHIA.AS,acquirers_multiple,Acquirer's Multiple,False,0.5244,"['EV/EBIT=18.5', 'universe rank 52%']","['EV/EBIT 18.5 above 12.0', 'not in top 40% cheapest on EV/EBIT']",
PHIA.AS,dreman_contrarian,Dreman Contrarian,False,0.589,['dividend rank 70%'],"['P/E not in bottom quartile', 'P/B not cheap vs universe']",
PHIA.AS,piotroski_f,Piotroski F-Score,True,0.7778,"['F-Score=7/9', 'positive net income', 'positive operating cash flow', 'ROA improving', 'OCF > net income', 'current ratio improving', 'gross margin improving', 'asset turnover improving']","['leverage declining', 'no share dilution']","{'f_score': 7, 'max_score': 9, 'components': [{'name': 'positive net income', 'passed': True}, {'name': 'positive operating cash flow', 'passed': True}, {'name': 'ROA improving', 'passed': True}, {'name': 'OCF > net income', 'passed': True}, {'name': 'leverage declining', 'passed': False}, {'name': 'current ratio improving', 'passed': True}, {'name': 'no share dilution', 'passed': False}, {'name': 'gross margin improving', 'passed': True}, {'name': 'asset turnover improving', 'passed': True}]}"
PHIA.AS,composite_value,Composite Value,True,0.8274,"['top-tier on trailing_pe (percentile 93%)', 'top-tier on dividend_yield (percentile 87%)', 'top-tier on fcf_yield (percentile 80%)', 'top-tier on ev_ebitda (percentile 86%)']",[],
PHIA.AS,earnings_quality,Earnings Quality,True,1.0,"['FCF/NI=1.71', 'OCF/NI=1.31', 'ratio=-1.03%']",[],
PHIA.AS,financial_health,Financial Health,True,1.0,"['D/E=65%', 'leverage=29.0%', 'CR=1.32', 'ratio=2.3', 'coverage=4.9x']",[],
RAND.AS,graham_defensive,Graham Defensive,False,0.25,['Dividend payer: yield=459.00%'],"['P/E >= 15', 'valuation too rich on P/B or P/E×P/B', 'current ratio < 2']",
RAND.AS,graham_enterprising,Graham Enterprising,True,1.0,"['P/E < 25: P/E=19.9', 'P/B < 3: P/B=1.56', 'Debt/equity < 100%: D/E=53%', 'ROE > 8%: ROE=8.3%', 'Positive earnings growth: growth=81.9%']",[],
RAND.AS,graham_net_net,Graham Net-Net,False,0.0,[],['missing NCAV (balance sheet data)'],
RAND.AS,schloss,Schloss Low P/B,False,0.0,[],"['P/B too high', 'too much leverage']",
RAND.AS,deep_value,Deep Value,False,0.0,[],"['P/B not below 1.0', 'EV/EBITDA not below 8']",
RAND.AS,earnings_yield,Earnings Yield,False,0.4198,['E/P=5.0% (P/E=19.9)'],['earnings yield 5.0% below 8%'],
RAND.AS,fcf_yield,FCF Yield,True,0.5915,['FCF yield=5.9%'],[],
RAND.AS,low_pe_high_yield,Low P/E + High Yield,False,0.5,['yield=459.0%'],['P/E not below 12.0'],
RAND.AS,lynch_peg,Lynch PEG,True,0.7576,"['PEG=0.24', 'growth=81.9%']",[],
RAND.AS,neff_pegy,Neff PEGY,True,0.9633,"['PEGY=0.04', 'growth=81.9%', 'yield=459.0%']",[],
RAND.AS,quality_value,Quality Value,False,0.6,"['Debt/equity < 80%: D/E=53%', 'P/E < 20: P/E=19.9', 'FCF yield >= 3%: FCF yield=5.9%']","['ROE below 12%', 'thin margins']",
RAND.AS,buffett_quality,Buffett Quality,False,0.5,"['D/E < 60.0%: D/E=53%', 'P/E < 25.0: P/E=19.9']","['ROE too low', 'thin margins']",
RAND.AS,economic_moat,Economic Moat,False,0.0,[],"['ROE below 18%', 'ROA below 8%', 'margins below 12%', 'leverage too high']",
RAND.AS,high_dividend,High Dividend Yield,True,0.7917,"['yield=459.0%', 'universe rank 79%']",[],
RAND.AS,dividend_growth,Dividend Growth,True,1.0,"['dividend payer: yield=459.0%', 'earnings growth: growth=81.9%', 'reasonable P/E: P/E=19.9']",[],
RAND.AS,magic_formula,Magic Formula,True,0.5614,['earnings yield rank 70%'],[],
RAND.AS,acquirers_multiple,Acquirer's Multiple,False,0.6524,"['EV/EBIT=14.5', 'universe rank 65%']",['EV/EBIT 14.5 above 12.0'],
RAND.AS,dreman_contrarian,Dreman Contrarian,False,0.6351,"['low P/B rank 68%', 'dividend rank 79%']",['P/E not in bottom quartile'],
RAND.AS,piotroski_f,Piotroski F-Score,True,0.7778,"['F-Score=7/9', 'positive net income', 'positive operating cash flow', 'ROA improving', 'OCF > net income', 'leverage declining', 'no share dilution', 'asset turnover improving']","['current ratio improving', 'gross margin improving']","{'f_score': 7, 'max_score': 9, 'components': [{'name': 'positive net income', 'passed': True}, {'name': 'positive operating cash flow', 'passed': True}, {'name': 'ROA improving', 'passed': True}, {'name': 'OCF > net income', 'passed': True}, {'name': 'leverage declining', 'passed': True}, {'name': 'current ratio improving', 'passed': False}, {'name': 'no share dilution', 'passed': True}, {'name': 'gross margin improving', 'passed': False}, {'name': 'asset turnover improving', 'passed': True}]}"
RAND.AS,composite_value,Composite Value,True,0.7463,"['top-tier on price_to_book (percentile 90%)', 'top-tier on dividend_yield (percentile 95%)', 'top-tier on fcf_yield (percentile 70%)']",[],
RAND.AS,earnings_quality,Earnings Quality,True,1.0,"['FCF/NI=1.21', 'OCF/NI=2.92', 'ratio=-5.36%']",[],
RAND.AS,financial_health,Financial Health,True,1.0,"['D/E=53%', 'leverage=17.9%', 'CR=1.21', 'ratio=2.9', 'coverage=5.8x']",[],
REN.AS,graham_defensive,Graham Defensive,False,0.25,['Dividend payer: yield=262.00%'],"['P/E >= 15', 'valuation too rich on P/B or P/E×P/B', 'current ratio < 2']",
REN.AS,graham_enterprising,Graham Enterprising,False,0.6,"['P/E < 25: P/E=21.3', 'ROE > 8%: ROE=131.9%', 'Positive earnings growth: growth=24.3%']","['P/B >= 3', 'excessive leverage']",
REN.AS,graham_net_net,Graham Net-Net,False,0.0,[],['missing NCAV (balance sheet data)'],
REN.AS,schloss,Schloss Low P/B,False,0.0,[],"['P/B too high', 'too much leverage']",
REN.AS,deep_value,Deep Value,False,0.0,[],"['P/B not below 1.0', 'EV/EBITDA not below 8']",
REN.AS,earnings_yield,Earnings Yield,False,0.3916,['E/P=4.7% (P/E=21.3)'],['earnings yield 4.7% below 8%'],
REN.AS,fcf_yield,FCF Yield,False,0.4193,['FCF yield=4.2%'],['FCF yield 4.2% below 5%'],
REN.AS,low_pe_high_yield,Low P/E + High Yield,False,0.5,['yield=262.0%'],['P/E not below 12.0'],
REN.AS,lynch_peg,Lynch PEG,True,0.1244,"['PEG=0.88', 'growth=24.3%']",[],
REN.AS,neff_pegy,Neff PEGY,True,0.9257,"['PEGY=0.07', 'growth=24.3%', 'yield=262.0%']",[],
REN.AS,quality_value,Quality Value,False,0.6,"['ROE >= 12%: ROE=131.9%', 'Profit margin >= 5%: margin=23.3%', 'FCF yield >= 3%: FCF yield=4.2%']","['high leverage', 'P/E >= 20']",
REN.AS,buffett_quality,Buffett Quality,True,0.75,"['ROE >= 15%: ROE=131.9%', 'margin >= 8%: margin=23.3%', 'P/E < 25.0: P/E=21.3']",['too much debt'],
REN.AS,economic_moat,Economic Moat,True,0.75,"['high ROE=131.9%', 'solid ROA=14.0%', 'wide margin=23.3%']",['leverage too high'],
REN.AS,high_dividend,High Dividend Yield,False,0.4688,"['yield=262.0%', 'universe rank 47%']",['not in top quartile for yield'],
REN.AS,dividend_growth,Dividend Growth,True,1.0,"['dividend payer: yield=262.0%', 'earnings growth: growth=24.3%', 'reasonable P/E: P/E=21.3']",[],
REN.AS,magic_formula,Magic Formula,True,0.7218,['ROIC rank 98%'],[],
REN.AS,acquirers_multiple,Acquirer's Multiple,False,0.4207,"['EV/EBIT=20.8', 'universe rank 42%']","['EV/EBIT 20.8 above 12.0', 'not in top 40% cheapest on EV/EBIT']",
REN.AS,dreman_contrarian,Dreman Contrarian,False,0.3025,[],"['P/E not in bottom quartile', 'P/B not cheap vs universe', 'dividend yield below median']",
REN.AS,piotroski_f,Piotroski F-Score,True,0.7778,"['F-Score=7/9', 'positive net income', 'positive operating cash flow', 'ROA improving', 'OCF > net income', 'no share dilution', 'gross margin improving', 'asset turnover improving']","['leverage declining', 'current ratio improving']","{'f_score': 7, 'max_score': 9, 'components': [{'name': 'positive net income', 'passed': True}, {'name': 'positive operating cash flow', 'passed': True}, {'name': 'ROA improving', 'passed': True}, {'name': 'OCF > net income', 'passed': True}, {'name': 'leverage declining', 'passed': False}, {'name': 'current ratio improving', 'passed': False}, {'name': 'no share dilution', 'passed': True}, {'name': 'gross margin improving', 'passed': True}, {'name': 'asset turnover improving', 'passed': True}]}"
REN.AS,composite_value,Composite Value,False,0.465,[],[],
REN.AS,earnings_quality,Earnings Quality,True,1.0,"['FCF/NI=1.08', 'OCF/NI=1.37', 'ratio=-5.22%']",[],
REN.AS,financial_health,Financial Health,False,0.6,"['leverage=49.2%', 'ratio=2.6', 'coverage=10.9x']","['high debt to equity', 'weak liquidity']",
SHELL.AS,graham_defensive,Graham Defensive,False,0.75,"['P/E < 15: P/E=11.1', 'P/B < 1.5 or P/E×P/B < 22.5: P/B=1.50', 'Dividend payer: yield=315.00%']",['current ratio < 2'],
SHELL.AS,graham_enterprising,Graham Enterprising,True,1.0,"['P/E < 25: P/E=11.1', 'P/B < 3: P/B=1.50', 'Debt/equity < 100%: D/E=40%', 'ROE > 8%: ROE=14.3%', 'Positive earnings growth: growth=220.0%']",[],
SHELL.AS,graham_net_net,Graham Net-Net,False,0.0,[],['missing NCAV (balance sheet data)'],
SHELL.AS,schloss,Schloss Low P/B,False,0.5,['D/E < 50.0%: D/E=40%'],['P/B too high'],
SHELL.AS,deep_value,Deep Value,False,0.5,['EV/EBITDA=4.9'],['P/B not below 1.0'],
SHELL.AS,earnings_yield,Earnings Yield,True,0.7485,['E/P=9.0% (P/E=11.1)'],[],
SHELL.AS,fcf_yield,FCF Yield,True,0.8723,['FCF yield=8.7%'],[],
SHELL.AS,low_pe_high_yield,Low P/E + High Yield,True,1.0,"['P/E=11.1', 'yield=315.0%']",[],
SHELL.AS,lynch_peg,Lynch PEG,True,0.9494,"['PEG=0.05', 'growth=220.0%']",[],
SHELL.AS,neff_pegy,Neff PEGY,True,0.9792,"['PEGY=0.02', 'growth=220.0%', 'yield=315.0%']",[],
SHELL.AS,quality_value,Quality Value,True,1.0,"['ROE >= 12%: ROE=14.3%', 'Profit margin >= 5%: margin=8.8%', 'Debt/equity < 80%: D/E=40%', 'P/E < 20: P/E=11.1', 'FCF yield >= 3%: FCF yield=8.7%']",[],
SHELL.AS,buffett_quality,Buffett Quality,False,0.75,"['D/E < 60.0%: D/E=40%', 'margin >= 8%: margin=8.8%', 'P/E < 25.0: P/E=11.1']",['ROE too low'],
SHELL.AS,economic_moat,Economic Moat,False,0.25,['low leverage D/E=40%'],"['ROE below 18%', 'ROA below 8%', 'margins below 12%']",
SHELL.AS,high_dividend,High Dividend Yield,False,0.5312,"['yield=315.0%', 'universe rank 53%']",['not in top quartile for yield'],
SHELL.AS,dividend_growth,Dividend Growth,True,1.0,"['dividend payer: yield=315.0%', 'earnings growth: growth=220.0%', 'reasonable P/E: P/E=11.1']",[],
SHELL.AS,magic_formula,Magic Formula,True,0.6627,['earnings yield rank 88%'],[],
SHELL.AS,acquirers_multiple,Acquirer's Multiple,True,0.8354,"['EV/EBIT=10.3', 'universe rank 84%']",[],
SHELL.AS,dreman_contrarian,Dreman Contrarian,True,0.6891,"['low P/E rank 83%', 'low P/B rank 71%', 'dividend rank 53%']",[],
SHELL.AS,piotroski_f,Piotroski F-Score,False,0.5556,"['F-Score=5/9', 'positive net income', 'positive operating cash flow', 'ROA improving', 'OCF > net income', 'no share dilution']","['F-Score 5/9 below 7', 'leverage declining', 'current ratio improving', 'gross margin improving', 'asset turnover improving']","{'f_score': 5, 'max_score': 9, 'components': [{'name': 'positive net income', 'passed': True}, {'name': 'positive operating cash flow', 'passed': True}, {'name': 'ROA improving', 'passed': True}, {'name': 'OCF > net income', 'passed': True}, {'name': 'leverage declining', 'passed': False}, {'name': 'current ratio improving', 'passed': False}, {'name': 'no share dilution', 'passed': True}, {'name': 'gross margin improving', 'passed': False}, {'name': 'asset turnover improving', 'passed': False}]}"
SHELL.AS,composite_value,Composite Value,True,0.6583,"['top-tier on trailing_pe (percentile 83%)', 'top-tier on ev_ebitda (percentile 100%)']",[],
SHELL.AS,earnings_quality,Earnings Quality,True,1.0,"['FCF/NI=1.20', 'OCF/NI=2.40', 'ratio=-6.76%']",[],
SHELL.AS,financial_health,Financial Health,True,1.0,"['D/E=40%', 'leverage=20.4%', 'CR=1.30', 'ratio=0.7', 'coverage=5.8x']",[],
UMG.AS,graham_defensive,Graham Defensive,False,0.25,['Dividend payer: yield=364.00%'],"['P/E >= 15', 'valuation too rich on P/B or P/E×P/B', 'current ratio < 2']",
UMG.AS,graham_enterprising,Graham Enterprising,False,0.0,[],"['P/E >= 25', 'P/B >= 3', 'excessive leverage', 'ROE <= 8%', 'negative earnings growth']",
UMG.AS,graham_net_net,Graham Net-Net,False,0.0,[],['missing NCAV (balance sheet data)'],
UMG.AS,schloss,Schloss Low P/B,False,0.0,[],"['P/B too high', 'too much leverage']",
UMG.AS,deep_value,Deep Value,False,0.0,[],"['P/B not below 1.0', 'EV/EBITDA not below 8']",
UMG.AS,earnings_yield,Earnings Yield,False,0.1049,['E/P=1.3% (P/E=79.4)'],['earnings yield 1.3% below 8%'],
UMG.AS,fcf_yield,FCF Yield,True,0.6969,['FCF yield=7.0%'],[],
UMG.AS,low_pe_high_yield,Low P/E + High Yield,False,0.5,['yield=364.0%'],['P/E not below 12.0'],
UMG.AS,lynch_peg,Lynch PEG,False,0.2,[],['missing or negative earnings growth'],
UMG.AS,neff_pegy,Neff PEGY,True,0.716,"['PEGY=0.28', 'growth=-84.4%', 'yield=364.0%']",[],
UMG.AS,quality_value,Quality Value,False,0.2,['FCF yield >= 3%: FCF yield=7.0%'],"['ROE below 12%', 'thin margins', 'high leverage', 'P/E >= 20']",
UMG.AS,buffett_quality,Buffett Quality,False,0.0,[],"['ROE too low', 'too much debt', 'thin margins', 'P/E too high']",
UMG.AS,economic_moat,Economic Moat,False,0.25,['solid ROA=8.8%'],"['ROE below 18%', 'margins below 12%', 'leverage too high']",
UMG.AS,high_dividend,High Dividend Yield,False,0.6354,"['yield=364.0%', 'universe rank 64%']",['not in top quartile for yield'],
UMG.AS,dividend_growth,Dividend Growth,False,0.3333,['dividend payer: yield=364.0%'],"['earnings not growing', 'P/E out of range']",
UMG.AS,magic_formula,Magic Formula,True,0.7881,"['earnings yield rank 70%', 'ROIC rank 88%']",[],
UMG.AS,acquirers_multiple,Acquirer's Multiple,False,0.6585,"['EV/EBIT=14.4', 'universe rank 66%']",['EV/EBIT 14.4 above 12.0'],
UMG.AS,dreman_contrarian,Dreman Contrarian,False,0.2728,['dividend rank 64%'],"['P/E not in bottom quartile', 'P/B not cheap vs universe']",
UMG.AS,piotroski_f,Piotroski F-Score,False,0.6667,"['F-Score=6/9', 'positive net income', 'positive operating cash flow', 'OCF > net income', 'current ratio improving', 'no share dilution', 'asset turnover improving']","['F-Score 6/9 below 7', 'ROA improving', 'leverage declining', 'gross margin improving']","{'f_score': 6, 'max_score': 9, 'components': [{'name': 'positive net income', 'passed': True}, {'name': 'positive operating cash flow', 'passed': True}, {'name': 'ROA improving', 'passed': False}, {'name': 'OCF > net income', 'passed': True}, {'name': 'leverage declining', 'passed': False}, {'name': 'current ratio improving', 'passed': True}, {'name': 'no share dilution', 'passed': True}, {'name': 'gross margin improving', 'passed': False}, {'name': 'asset turnover improving', 'passed': True}]}"
UMG.AS,composite_value,Composite Value,False,0.1667,[],[],
UMG.AS,earnings_quality,Earnings Quality,True,1.0,"['FCF/NI=1.17', 'OCF/NI=1.13', 'ratio=-1.18%']",[],
UMG.AS,financial_health,Financial Health,False,0.6,"['leverage=19.5%', 'ratio=2.3', 'coverage=15.6x']","['high debt to equity', 'weak liquidity']",
UNA.AS,graham_defensive,Graham Defensive,False,0.5,"['P/E < 15: P/E=12.8', 'Dividend payer: yield=354.00%']","['valuation too rich on P/B or P/E×P/B', 'current ratio < 2']",
UNA.AS,graham_enterprising,Graham Enterprising,False,0.4,"['P/E < 25: P/E=12.8', 'ROE > 8%: ROE=31.9%']","['P/B >= 3', 'excessive leverage', 'negative earnings growth']",
UNA.AS,graham_net_net,Graham Net-Net,False,0.0,[],['missing NCAV (balance sheet data)'],
UNA.AS,schloss,Schloss Low P/B,False,0.0,[],"['P/B too high', 'too much leverage']",
UNA.AS,deep_value,Deep Value,False,0.0,[],"['P/B not below 1.0', 'EV/EBITDA not below 8']",
UNA.AS,earnings_yield,Earnings Yield,False,0.6487,['E/P=7.8% (P/E=12.8)'],['earnings yield 7.8% below 8%'],
UNA.AS,fcf_yield,FCF Yield,True,0.574,['FCF yield=5.7%'],[],
UNA.AS,low_pe_high_yield,Low P/E + High Yield,False,0.5,['yield=354.0%'],['P/E not below 12.0'],
UNA.AS,lynch_peg,Lynch PEG,False,0.2,[],['missing or negative earnings growth'],
UNA.AS,neff_pegy,Neff PEGY,True,0.9631,"['PEGY=0.04', 'growth=-5.6%', 'yield=354.0%']",[],
UNA.AS,quality_value,Quality Value,True,0.8,"['ROE >= 12%: ROE=31.9%', 'Profit margin >= 5%: margin=18.3%', 'P/E < 20: P/E=12.8', 'FCF yield >= 3%: FCF yield=5.7%']",['high leverage'],
UNA.AS,buffett_quality,Buffett Quality,True,0.75,"['ROE >= 15%: ROE=31.9%', 'margin >= 8%: margin=18.3%', 'P/E < 25.0: P/E=12.8']",['too much debt'],
UNA.AS,economic_moat,Economic Moat,True,0.75,"['high ROE=31.9%', 'solid ROA=13.4%', 'wide margin=18.3%']",['leverage too high'],
UNA.AS,high_dividend,High Dividend Yield,False,0.625,"['yield=354.0%', 'universe rank 62%']",['not in top quartile for yield'],
UNA.AS,dividend_growth,Dividend Growth,True,0.6667,"['dividend payer: yield=354.0%', 'reasonable P/E: P/E=12.8']",['earnings not growing'],
UNA.AS,magic_formula,Magic Formula,True,0.7879,"['earnings yield rank 71%', 'ROIC rank 87%']",[],
UNA.AS,acquirers_multiple,Acquirer's Multiple,False,0.6646,"['EV/EBIT=14.3', 'universe rank 66%']",['EV/EBIT 14.3 above 12.0'],
UNA.AS,dreman_contrarian,Dreman Contrarian,False,0.4923,['dividend rank 62%'],"['P/E not in bottom quartile', 'P/B not cheap vs universe']",
UNA.AS,piotroski_f,Piotroski F-Score,True,0.7778,"['F-Score=7/9', 'positive net income', 'positive operating cash flow', 'ROA improving', 'current ratio improving', 'no share dilution', 'gross margin improving', 'asset turnover improving']","['OCF > net income', 'leverage declining']","{'f_score': 7, 'max_score': 9, 'components': [{'name': 'positive net income', 'passed': True}, {'name': 'positive operating cash flow', 'passed': True}, {'name': 'ROA improving', 'passed': True}, {'name': 'OCF > net income', 'passed': False}, {'name': 'leverage declining', 'passed': False}, {'name': 'current ratio improving', 'passed': True}, {'name': 'no share dilution', 'passed': True}, {'name': 'gross margin improving', 'passed': True}, {'name': 'asset turnover improving', 'passed': True}]}"
UNA.AS,composite_value,Composite Value,False,0.508,['top-tier on trailing_pe (percentile 85%)'],[],
UNA.AS,earnings_quality,Earnings Quality,True,1.0,"['FCF/NI=0.71', 'OCF/NI=0.88', 'ratio=1.59%']",[],
UNA.AS,financial_health,Financial Health,False,0.6,"['leverage=39.2%', 'ratio=2.4', 'coverage=9.2x']","['high debt to equity', 'weak liquidity']",
ACKB.BR,graham_defensive,Graham Defensive,False,0.75,"['P/E < 15: P/E=12.7', 'P/B < 1.5 or P/E×P/B < 22.5: P/B=1.42', 'Dividend payer: yield=176.00%']",['current ratio < 2'],
ACKB.BR,graham_enterprising,Graham Enterprising,True,1.0,"['P/E < 25: P/E=12.7', 'P/B < 3: P/B=1.42', 'Debt/equity < 100%: D/E=27%', 'ROE > 8%: ROE=11.8%', 'Positive earnings growth: growth=24.1%']",[],
ACKB.BR,graham_net_net,Graham Net-Net,False,0.0,[],['missing NCAV (balance sheet data)'],
ACKB.BR,schloss,Schloss Low P/B,False,0.5,['D/E < 50.0%: D/E=27%'],['P/B too high'],
ACKB.BR,deep_value,Deep Value,False,0.0,[],"['P/B not below 1.0', 'EV/EBITDA not below 8']",
ACKB.BR,earnings_yield,Earnings Yield,False,0.6541,['E/P=7.8% (P/E=12.7)'],['earnings yield 7.8% below 8%'],
ACKB.BR,fcf_yield,FCF Yield,True,0.6073,['FCF yield=6.1%'],[],
ACKB.BR,low_pe_high_yield,Low P/E + High Yield,False,0.5,['yield=176.0%'],['P/E not below 12.0'],
ACKB.BR,lynch_peg,Lynch PEG,True,0.4714,"['PEG=0.53', 'growth=24.1%']",[],
ACKB.BR,neff_pegy,Neff PEGY,True,0.9363,"['PEGY=0.06', 'growth=24.1%', 'yield=176.0%']",[],
ACKB.BR,quality_value,Quality Value,False,0.8,"['Profit margin >= 5%: margin=11.1%', 'Debt/equity < 80%: D/E=27%', 'P/E < 20: P/E=12.7', 'FCF yield >= 3%: FCF yield=6.1%']",['ROE below 12%'],
ACKB.BR,buffett_quality,Buffett Quality,False,0.75,"['D/E < 60.0%: D/E=27%', 'margin >= 8%: margin=11.1%', 'P/E < 25.0: P/E=12.7']",['ROE too low'],
ACKB.BR,economic_moat,Economic Moat,False,0.25,['low leverage D/E=27%'],"['ROE below 18%', 'ROA below 8%', 'margins below 12%']",
ACKB.BR,high_dividend,High Dividend Yield,False,0.3385,"['yield=176.0%', 'universe rank 34%']",['not in top quartile for yield'],
ACKB.BR,dividend_growth,Dividend Growth,True,1.0,"['dividend payer: yield=176.0%', 'earnings growth: growth=24.1%', 'reasonable P/E: P/E=12.7']",[],
ACKB.BR,magic_formula,Magic Formula,False,0.4416,['earnings yield rank 65%'],['below top half on combined Magic Formula rank'],
ACKB.BR,acquirers_multiple,Acquirer's Multiple,False,0.6037,"['EV/EBIT=16.1', 'universe rank 60%']",['EV/EBIT 16.1 above 12.0'],
ACKB.BR,dreman_contrarian,Dreman Contrarian,False,0.5972,['low P/B rank 74%'],"['P/E not in bottom quartile', 'dividend yield below median']",
ACKB.BR,piotroski_f,Piotroski F-Score,True,0.7778,"['F-Score=7/9', 'positive net income', 'positive operating cash flow', 'ROA improving', 'OCF > net income', 'current ratio improving', 'no share dilution', 'gross margin improving']","['leverage declining', 'asset turnover improving']","{'f_score': 7, 'max_score': 9, 'components': [{'name': 'positive net income', 'passed': True}, {'name': 'positive operating cash flow', 'passed': True}, {'name': 'ROA improving', 'passed': True}, {'name': 'OCF > net income', 'passed': True}, {'name': 'leverage declining', 'passed': False}, {'name': 'current ratio improving', 'passed': True}, {'name': 'no share dilution', 'passed': True}, {'name': 'gross margin improving', 'passed': True}, {'name': 'asset turnover improving', 'passed': False}]}"
ACKB.BR,composite_value,Composite Value,True,0.7562,"['top-tier on trailing_pe (percentile 82%)', 'top-tier on price_to_book (percentile 95%)', 'top-tier on fcf_yield (percentile 72%)', 'top-tier on ev_ebitda (percentile 80%)']",[],
ACKB.BR,earnings_quality,Earnings Quality,True,1.0,"['FCF/NI=0.86', 'OCF/NI=1.70', 'ratio=-1.94%']",[],
ACKB.BR,financial_health,Financial Health,False,0.8,"['D/E=27%', 'leverage=49.1%', 'ratio=-0.2', 'coverage=10.8x']",['weak liquidity'],
AED.BR,graham_defensive,Graham Defensive,False,0.75,"['P/E < 15: P/E=6.1', 'P/B < 1.5 or P/E×P/B < 22.5: P/B=0.80', 'Dividend payer: yield=644.00%']",['current ratio < 2'],
AED.BR,graham_enterprising,Graham Enterprising,True,0.8,"['P/E < 25: P/E=6.1', 'P/B < 3: P/B=0.80', 'Debt/equity < 100%: D/E=75%', 'ROE > 8%: ROE=12.2%']",['negative earnings growth'],
AED.BR,graham_net_net,Graham Net-Net,False,0.0,[],['missing NCAV (balance sheet data)'],
AED.BR,schloss,Schloss Low P/B,False,0.5,['P/B < 1.2: P/B=0.80'],['too much leverage'],
AED.BR,deep_value,Deep Value,False,0.5,['P/B=0.80'],['EV/EBITDA not below 8'],
AED.BR,earnings_yield,Earnings Yield,True,1.0,['E/P=16.3% (P/E=6.1)'],[],
AED.BR,fcf_yield,FCF Yield,True,0.5821,['FCF yield=5.8%'],[],
AED.BR,low_pe_high_yield,Low P/E + High Yield,True,1.0,"['P/E=6.1', 'yield=644.0%']",[],
AED.BR,lynch_peg,Lynch PEG,False,0.2,[],['missing or negative earnings growth'],
AED.BR,neff_pegy,Neff PEGY,True,0.9903,"['PEGY=0.01', 'growth=-12.7%', 'yield=644.0%']",[],
AED.BR,quality_value,Quality Value,True,1.0,"['ROE >= 12%: ROE=12.2%', 'Profit margin >= 5%: margin=132.0%', 'Debt/equity < 80%: D/E=75%', 'P/E < 20: P/E=6.1', 'FCF yield >= 3%: FCF yield=5.8%']",[],
AED.BR,buffett_quality,Buffett Quality,False,0.5,"['margin >= 8%: margin=132.0%', 'P/E < 25.0: P/E=6.1']","['ROE too low', 'too much debt']",
AED.BR,economic_moat,Economic Moat,False,0.25,['wide margin=132.0%'],"['ROE below 18%', 'ROA below 8%', 'leverage too high']",
AED.BR,high_dividend,High Dividend Yield,True,0.9323,"['yield=644.0%', 'universe rank 93%']",[],
AED.BR,dividend_growth,Dividend Growth,True,0.6667,"['dividend payer: yield=644.0%', 'reasonable P/E: P/E=6.1']",['earnings not growing'],
AED.BR,magic_formula,Magic Formula,False,0.1995,[],['below top half on combined Magic Formula rank'],
AED.BR,acquirers_multiple,Acquirer's Multiple,False,0.1524,"['EV/EBIT=36.3', 'universe rank 15%']","['EV/EBIT 36.3 above 12.0', 'not in top 40% cheapest on EV/EBIT']",
AED.BR,dreman_contrarian,Dreman Contrarian,True,0.9426,"['low P/E rank 98%', 'low P/B rank 92%', 'dividend rank 93%']",[],
AED.BR,piotroski_f,Piotroski F-Score,True,0.8889,"['F-Score=8/9', 'positive net income', 'positive operating cash flow', 'ROA improving', 'OCF > net income', 'leverage declining', 'no share dilution', 'gross margin improving', 'asset turnover improving']",['current ratio improving'],"{'f_score': 8, 'max_score': 9, 'components': [{'name': 'positive net income', 'passed': True}, {'name': 'positive operating cash flow', 'passed': True}, {'name': 'ROA improving', 'passed': True}, {'name': 'OCF > net income', 'passed': True}, {'name': 'leverage declining', 'passed': True}, {'name': 'current ratio improving', 'passed': False}, {'name': 'no share dilution', 'passed': True}, {'name': 'gross margin improving', 'passed': True}, {'name': 'asset turnover improving', 'passed': True}]}"
AED.BR,composite_value,Composite Value,True,0.7417,"['top-tier on trailing_pe (percentile 100%)', 'top-tier on price_to_book (percentile 83%)', 'top-tier on dividend_yield (percentile 83%)']",[],
AED.BR,earnings_quality,Earnings Quality,True,1.0,"['FCF/NI=1.22', 'OCF/NI=1.30', 'ratio=-1.13%']",[],
AED.BR,financial_health,Financial Health,False,0.6,"['D/E=75%', 'leverage=39.7%', 'coverage=4.7x']","['weak liquidity', 'high net debt/EBITDA']",
AGS.BR,graham_defensive,Graham Defensive,True,1.0,"['P/E < 15: P/E=7.4', 'P/B < 1.5 or P/E×P/B < 22.5: P/B=1.48', 'Current ratio >= 2: CR=6.02', 'Dividend payer: yield=612.00%']",[],
AGS.BR,graham_enterprising,Graham Enterprising,True,1.0,"['P/E < 25: P/E=7.4', 'P/B < 3: P/B=1.48', 'Debt/equity < 100%: D/E=78%', 'ROE > 8%: ROE=19.7%', 'Positive earnings growth: growth=17.3%']",[],
AGS.BR,graham_net_net,Graham Net-Net,False,0.0,[],['missing NCAV (balance sheet data)'],
AGS.BR,schloss,Schloss Low P/B,False,0.0,[],"['P/B too high', 'too much leverage']",
AGS.BR,deep_value,Deep Value,False,0.5,['EV/EBITDA=-1.4'],['P/B not below 1.0'],
AGS.BR,earnings_yield,Earnings Yield,True,1.0,['E/P=13.5% (P/E=7.4)'],[],
AGS.BR,fcf_yield,FCF Yield,False,0.0,['FCF yield=-14.5%'],['FCF yield -14.5% below 5%'],
AGS.BR,low_pe_high_yield,Low P/E + High Yield,True,1.0,"['P/E=7.4', 'yield=612.0%']",[],
AGS.BR,lynch_peg,Lynch PEG,True,0.5709,"['PEG=0.43', 'growth=17.3%']",[],
AGS.BR,neff_pegy,Neff PEGY,True,0.9882,"['PEGY=0.01', 'growth=17.3%', 'yield=612.0%']",[],
AGS.BR,quality_value,Quality Value,True,0.8,"['ROE >= 12%: ROE=19.7%', 'Profit margin >= 5%: margin=17.7%', 'Debt/equity < 80%: D/E=78%', 'P/E < 20: P/E=7.4']",['FCF yield below 3%'],
AGS.BR,buffett_quality,Buffett Quality,True,0.75,"['ROE >= 15%: ROE=19.7%', 'margin >= 8%: margin=17.7%', 'P/E < 25.0: P/E=7.4']",['too much debt'],
AGS.BR,economic_moat,Economic Moat,False,0.5,"['high ROE=19.7%', 'wide margin=17.7%']","['ROA below 8%', 'leverage too high']",
AGS.BR,high_dividend,High Dividend Yield,True,0.9167,"['yield=612.0%', 'universe rank 92%']",[],
AGS.BR,dividend_growth,Dividend Growth,True,1.0,"['dividend payer: yield=612.0%', 'earnings growth: growth=17.3%', 'reasonable P/E: P/E=7.4']",[],
AGS.BR,magic_formula,Magic Formula,False,0.0,[],['missing EBIT/EV or ROIC inputs'],
AGS.BR,acquirers_multiple,Acquirer's Multiple,True,0.9573,"['EV/EBIT=-0.7', 'universe rank 96%']",[],
AGS.BR,dreman_contrarian,Dreman Contrarian,True,0.8645,"['low P/E rank 96%', 'low P/B rank 72%', 'dividend rank 92%']",[],
AGS.BR,piotroski_f,Piotroski F-Score,False,0.4444,"['F-Score=4/9', 'positive net income', 'positive operating cash flow', 'ROA improving', 'OCF > net income']","['F-Score 4/9 below 7', 'leverage declining', 'current ratio improving', 'no share dilution', 'gross margin improving', 'asset turnover improving']","{'f_score': 4, 'max_score': 9, 'components': [{'name': 'positive net income', 'passed': True}, {'name': 'positive operating cash flow', 'passed': True}, {'name': 'ROA improving', 'passed': True}, {'name': 'OCF > net income', 'passed': True}, {'name': 'leverage declining', 'passed': False}, {'name': 'current ratio improving', 'passed': False}, {'name': 'no share dilution', 'passed': False}, {'name': 'gross margin improving', 'passed': False}, {'name': 'asset turnover improving', 'passed': False}]}"
AGS.BR,composite_value,Composite Value,True,0.6633,"['top-tier on trailing_pe (percentile 90%)', 'top-tier on dividend_yield (percentile 86%)', 'top-tier on ev_ebitda (percentile 71%)']",[],
AGS.BR,earnings_quality,Earnings Quality,False,0.6667,"['OCF/NI=1.69', 'ratio=-1.11%']",['weak free-cash conversion'],
AGS.BR,financial_health,Financial Health,False,0.8,"['D/E=78%', 'leverage=6.7%', 'ratio=-14.7', 'coverage=8.5x']",['weak liquidity'],
APAM.AS,graham_defensive,Graham Defensive,False,0.5,"['P/B < 1.5 or P/E×P/B < 22.5: P/B=0.85', 'Dividend payer: yield=492.00%']","['P/E >= 15', 'current ratio < 2']",
APAM.AS,graham_enterprising,Graham Enterprising,False,0.8,"['P/E < 25: P/E=22.0', 'P/B < 3: P/B=0.85', 'Debt/equity < 100%: D/E=40%', 'Positive earnings growth: growth=536.3%']",['ROE <= 8%'],
APAM.AS,graham_net_net,Graham Net-Net,False,0.0,[],['missing NCAV (balance sheet data)'],
APAM.AS,schloss,Schloss Low P/B,True,1.0,"['P/B < 1.2: P/B=0.85', 'D/E < 50.0%: D/E=40%']",[],
APAM.AS,deep_value,Deep Value,False,0.5,['P/B=0.85'],['EV/EBITDA not below 8'],
APAM.AS,earnings_yield,Earnings Yield,False,0.3784,['E/P=4.5% (P/E=22.0)'],['earnings yield 4.5% below 8%'],
APAM.AS,fcf_yield,FCF Yield,True,1.0,['FCF yield=11.7%'],[],
APAM.AS,low_pe_high_yield,Low P/E + High Yield,False,0.5,['yield=492.0%'],['P/E not below 12.0'],
APAM.AS,lynch_peg,Lynch PEG,True,0.9589,"['PEG=0.04', 'growth=536.3%']",[],
APAM.AS,neff_pegy,Neff PEGY,True,0.9786,"['PEGY=0.02', 'growth=536.3%', 'yield=492.0%']",[],
APAM.AS,quality_value,Quality Value,False,0.4,"['Debt/equity < 80%: D/E=40%', 'FCF yield >= 3%: FCF yield=11.7%']","['ROE below 12%', 'thin margins', 'P/E >= 20']",
APAM.AS,buffett_quality,Buffett Quality,False,0.5,"['D/E < 60.0%: D/E=40%', 'P/E < 25.0: P/E=22.0']","['ROE too low', 'thin margins']",
APAM.AS,economic_moat,Economic Moat,False,0.25,['low leverage D/E=40%'],"['ROE below 18%', 'ROA below 8%', 'margins below 12%']",
APAM.AS,high_dividend,High Dividend Yield,True,0.8229,"['yield=492.0%', 'universe rank 82%']",[],
APAM.AS,dividend_growth,Dividend Growth,True,1.0,"['dividend payer: yield=492.0%', 'earnings growth: growth=536.3%', 'reasonable P/E: P/E=22.0']",[],
APAM.AS,magic_formula,Magic Formula,False,0.0528,[],['below top half on combined Magic Formula rank'],
APAM.AS,acquirers_multiple,Acquirer's Multiple,False,0.0366,"['EV/EBIT=247.1', 'universe rank 4%']","['EV/EBIT 247.1 above 12.0', 'not in top 40% cheapest on EV/EBIT']",
APAM.AS,dreman_contrarian,Dreman Contrarian,False,0.7036,"['low P/B rank 89%', 'dividend rank 82%']",['P/E not in bottom quartile'],
APAM.AS,piotroski_f,Piotroski F-Score,False,0.5556,"['F-Score=5/9', 'positive net income', 'positive operating cash flow', 'OCF > net income', 'current ratio improving', 'no share dilution']","['F-Score 5/9 below 7', 'ROA improving', 'leverage declining', 'gross margin improving', 'asset turnover improving']","{'f_score': 5, 'max_score': 9, 'components': [{'name': 'positive net income', 'passed': True}, {'name': 'positive operating cash flow', 'passed': True}, {'name': 'ROA improving', 'passed': False}, {'name': 'OCF > net income', 'passed': True}, {'name': 'leverage declining', 'passed': False}, {'name': 'current ratio improving', 'passed': True}, {'name': 'no share dilution', 'passed': True}, {'name': 'gross margin improving', 'passed': False}, {'name': 'asset turnover improving', 'passed': False}]}"
APAM.AS,composite_value,Composite Value,True,0.736,"['top-tier on price_to_book (percentile 83%)', 'top-tier on dividend_yield (percentile 79%)', 'top-tier on fcf_yield (percentile 91%)']",[],
APAM.AS,earnings_quality,Earnings Quality,True,1.0,"['FCF/NI=36.42', 'OCF/NI=46.89', 'ratio=-6.66%']",[],
APAM.AS,financial_health,Financial Health,True,0.8,"['D/E=40%', 'leverage=21.0%', 'CR=1.80', 'ratio=3.5']",['weak interest coverage'],
AZE.BR,graham_defensive,Graham Defensive,False,0.5,"['P/B < 1.5 or P/E×P/B < 22.5: P/B=1.03', 'Dividend payer: yield=187.00%']","['P/E >= 15', 'current ratio < 2']",
AZE.BR,graham_enterprising,Graham Enterprising,False,0.6,"['P/B < 3: P/B=1.03', 'Debt/equity < 100%: D/E=65%', 'Positive earnings growth: growth=2.9%']","['P/E >= 25', 'ROE <= 8%']",
AZE.BR,graham_net_net,Graham Net-Net,False,0.0,[],['missing NCAV (balance sheet data)'],
AZE.BR,schloss,Schloss Low P/B,False,0.5,['P/B < 1.2: P/B=1.03'],['too much leverage'],
AZE.BR,deep_value,Deep Value,False,0.0,[],"['P/B not below 1.0', 'EV/EBITDA not below 8']",
AZE.BR,earnings_yield,Earnings Yield,False,0.3261,['E/P=3.9% (P/E=25.6)'],['earnings yield 3.9% below 8%'],
AZE.BR,fcf_yield,FCF Yield,True,0.7676,['FCF yield=7.7%'],[],
AZE.BR,low_pe_high_yield,Low P/E + High Yield,False,0.5,['yield=187.0%'],['P/E not below 12.0'],
AZE.BR,lynch_peg,Lynch PEG,False,0.0,"['PEG=8.81', 'growth=2.9%']","['growth 2.9% below 5% floor', 'PEG 8.81 >= 1.0']",
AZE.BR,neff_pegy,Neff PEGY,True,0.8654,"['PEGY=0.13', 'growth=2.9%', 'yield=187.0%']",[],
AZE.BR,quality_value,Quality Value,False,0.4,"['Debt/equity < 80%: D/E=65%', 'FCF yield >= 3%: FCF yield=7.7%']","['ROE below 12%', 'thin margins', 'P/E >= 20']",
AZE.BR,buffett_quality,Buffett Quality,False,0.0,[],"['ROE too low', 'too much debt', 'thin margins', 'P/E too high']",
AZE.BR,economic_moat,Economic Moat,False,0.0,[],"['ROE below 18%', 'ROA below 8%', 'margins below 12%', 'leverage too high']",
AZE.BR,high_dividend,High Dividend Yield,False,0.3542,"['yield=187.0%', 'universe rank 35%']",['not in top quartile for yield'],
AZE.BR,dividend_growth,Dividend Growth,False,0.3333,['dividend payer: yield=187.0%'],"['earnings not growing', 'P/E out of range']",
AZE.BR,magic_formula,Magic Formula,False,0.4794,['earnings yield rank 69%'],['below top half on combined Magic Formula rank'],
AZE.BR,acquirers_multiple,Acquirer's Multiple,False,0.6463,"['EV/EBIT=14.6', 'universe rank 65%']",['EV/EBIT 14.6 above 12.0'],
AZE.BR,dreman_contrarian,Dreman Contrarian,False,0.5047,['low P/B rank 84%'],"['P/E not in bottom quartile', 'dividend yield below median']",
AZE.BR,piotroski_f,Piotroski F-Score,False,0.6667,"['F-Score=6/9', 'positive net income', 'positive operating cash flow', 'OCF > net income', 'current ratio improving', 'no share dilution', 'asset turnover improving']","['F-Score 6/9 below 7', 'ROA improving', 'leverage declining', 'gross margin improving']","{'f_score': 6, 'max_score': 9, 'components': [{'name': 'positive net income', 'passed': True}, {'name': 'positive operating cash flow', 'passed': True}, {'name': 'ROA improving', 'passed': False}, {'name': 'OCF > net income', 'passed': True}, {'name': 'leverage declining', 'passed': False}, {'name': 'current ratio improving', 'passed': True}, {'name': 'no share dilution', 'passed': True}, {'name': 'gross margin improving', 'passed': False}, {'name': 'asset turnover improving', 'passed': True}]}"
AZE.BR,composite_value,Composite Value,False,0.5264,['top-tier on fcf_yield (percentile 73%)'],[],
AZE.BR,earnings_quality,Earnings Quality,True,1.0,"['FCF/NI=2.02', 'OCF/NI=3.79', 'ratio=-5.74%']",[],
AZE.BR,financial_health,Financial Health,True,1.0,"['D/E=65%', 'leverage=34.7%', 'CR=1.95', 'ratio=3.9', 'coverage=3.3x']",[],
DIE.BR,graham_defensive,Graham Defensive,False,0.25,['Dividend payer: yield=123.00%'],"['P/E >= 15', 'valuation too rich on P/B or P/E×P/B', 'current ratio < 2']",
DIE.BR,graham_enterprising,Graham Enterprising,False,0.4,"['P/E < 25: P/E=19.9', 'Positive earnings growth: growth=6.4%']","['P/B >= 3', 'excessive leverage', 'ROE <= 8%']",
DIE.BR,graham_net_net,Graham Net-Net,False,0.0,[],['missing NCAV (balance sheet data)'],
DIE.BR,schloss,Schloss Low P/B,False,0.0,[],"['P/B too high', 'too much leverage']",
DIE.BR,deep_value,Deep Value,False,0.0,[],"['P/B not below 1.0', 'EV/EBITDA not below 8']",
DIE.BR,earnings_yield,Earnings Yield,False,0.4192,['E/P=5.0% (P/E=19.9)'],['earnings yield 5.0% below 8%'],
DIE.BR,fcf_yield,FCF Yield,True,0.7178,['FCF yield=7.2%'],[],
DIE.BR,low_pe_high_yield,Low P/E + High Yield,False,0.5,['yield=123.0%'],['P/E not below 12.0'],
DIE.BR,lynch_peg,Lynch PEG,False,0.0,"['PEG=3.11', 'growth=6.4%']",['PEG 3.11 >= 1.0'],
DIE.BR,neff_pegy,Neff PEGY,True,0.8464,"['PEGY=0.15', 'growth=6.4%', 'yield=123.0%']",[],
DIE.BR,quality_value,Quality Value,False,0.6,"['Profit margin >= 5%: margin=5.5%', 'P/E < 20: P/E=19.9', 'FCF yield >= 3%: FCF yield=7.2%']","['ROE below 12%', 'high leverage']",
DIE.BR,buffett_quality,Buffett Quality,False,0.25,['P/E < 25.0: P/E=19.9'],"['ROE too low', 'too much debt', 'thin margins']",
DIE.BR,economic_moat,Economic Moat,False,0.0,[],"['ROE below 18%', 'ROA below 8%', 'margins below 12%', 'leverage too high']",
DIE.BR,high_dividend,High Dividend Yield,False,0.2188,"['yield=123.0%', 'universe rank 22%']",['not in top quartile for yield'],
DIE.BR,dividend_growth,Dividend Growth,True,1.0,"['dividend payer: yield=123.0%', 'earnings growth: growth=6.4%', 'reasonable P/E: P/E=19.9']",[],
DIE.BR,magic_formula,Magic Formula,False,0.2517,[],['below top half on combined Magic Formula rank'],
DIE.BR,acquirers_multiple,Acquirer's Multiple,False,0.1646,"['EV/EBIT=33.7', 'universe rank 16%']","['EV/EBIT 33.7 above 12.0', 'not in top 40% cheapest on EV/EBIT']",
DIE.BR,dreman_contrarian,Dreman Contrarian,False,0.2195,[],"['P/E not in bottom quartile', 'P/B not cheap vs universe', 'dividend yield below median']",
DIE.BR,piotroski_f,Piotroski F-Score,True,0.8889,"['F-Score=8/9', 'positive net income', 'positive operating cash flow', 'ROA improving', 'OCF > net income', 'leverage declining', 'no share dilution', 'gross margin improving', 'asset turnover improving']",['current ratio improving'],"{'f_score': 8, 'max_score': 9, 'components': [{'name': 'positive net income', 'passed': True}, {'name': 'positive operating cash flow', 'passed': True}, {'name': 'ROA improving', 'passed': True}, {'name': 'OCF > net income', 'passed': True}, {'name': 'leverage declining', 'passed': True}, {'name': 'current ratio improving', 'passed': False}, {'name': 'no share dilution', 'passed': True}, {'name': 'gross margin improving', 'passed': True}, {'name': 'asset turnover improving', 'passed': True}]}"
DIE.BR,composite_value,Composite Value,False,0.3408,[],[],
DIE.BR,earnings_quality,Earnings Quality,True,1.0,"['FCF/NI=1.44', 'OCF/NI=1.30', 'ratio=-2.05%']",[],
DIE.BR,financial_health,Financial Health,False,0.6,"['leverage=36.2%', 'CR=1.27', 'coverage=2.7x']","['high debt to equity', 'high net debt/EBITDA']",
ELI.BR,graham_defensive,Graham Defensive,False,0.25,['Dividend payer: yield=174.00%'],"['P/E >= 15', 'valuation too rich on P/B or P/E×P/B', 'current ratio < 2']",
ELI.BR,graham_enterprising,Graham Enterprising,True,0.8,"['P/E < 25: P/E=19.9', 'P/B < 3: P/B=1.61', 'ROE > 8%: ROE=8.4%', 'Positive earnings growth: growth=10.0%']",['excessive leverage'],
ELI.BR,graham_net_net,Graham Net-Net,False,0.0,[],['missing NCAV (balance sheet data)'],
ELI.BR,schloss,Schloss Low P/B,False,0.0,[],"['P/B too high', 'too much leverage']",
ELI.BR,deep_value,Deep Value,False,0.0,[],"['P/B not below 1.0', 'EV/EBITDA not below 8']",
ELI.BR,earnings_yield,Earnings Yield,False,0.4181,['E/P=5.0% (P/E=19.9)'],['earnings yield 5.0% below 8%'],
ELI.BR,fcf_yield,FCF Yield,False,0.0,['FCF yield=-30.7%'],['FCF yield -30.7% below 5%'],
ELI.BR,low_pe_high_yield,Low P/E + High Yield,False,0.5,['yield=174.0%'],['P/E not below 12.0'],
ELI.BR,lynch_peg,Lynch PEG,False,0.0,"['PEG=1.99', 'growth=10.0%']",['PEG 1.99 >= 1.0'],
ELI.BR,neff_pegy,Neff PEGY,True,0.8917,"['PEGY=0.11', 'growth=10.0%', 'yield=174.0%']",[],
ELI.BR,quality_value,Quality Value,False,0.4,"['Profit margin >= 5%: margin=13.9%', 'P/E < 20: P/E=19.9']","['ROE below 12%', 'high leverage', 'FCF yield below 3%']",
ELI.BR,buffett_quality,Buffett Quality,False,0.5,"['margin >= 8%: margin=13.9%', 'P/E < 25.0: P/E=19.9']","['ROE too low', 'too much debt']",
ELI.BR,economic_moat,Economic Moat,False,0.25,['wide margin=13.9%'],"['ROE below 18%', 'ROA below 8%', 'leverage too high']",
ELI.BR,high_dividend,High Dividend Yield,False,0.3333,"['yield=174.0%', 'universe rank 33%']",['not in top quartile for yield'],
ELI.BR,dividend_growth,Dividend Growth,True,1.0,"['dividend payer: yield=174.0%', 'earnings growth: growth=10.0%', 'reasonable P/E: P/E=19.9']",[],
ELI.BR,magic_formula,Magic Formula,False,0.2121,[],['below top half on combined Magic Formula rank'],
ELI.BR,acquirers_multiple,Acquirer's Multiple,False,0.25,"['EV/EBIT=26.7', 'universe rank 25%']","['EV/EBIT 26.7 above 12.0', 'not in top 40% cheapest on EV/EBIT']",
ELI.BR,dreman_contrarian,Dreman Contrarian,False,0.4666,['low P/B rank 64%'],"['P/E not in bottom quartile', 'dividend yield below median']",
ELI.BR,piotroski_f,Piotroski F-Score,True,0.7778,"['F-Score=7/9', 'positive net income', 'positive operating cash flow', 'ROA improving', 'OCF > net income', 'leverage declining', 'current ratio improving', 'gross margin improving']","['no share dilution', 'asset turnover improving']","{'f_score': 7, 'max_score': 9, 'components': [{'name': 'positive net income', 'passed': True}, {'name': 'positive operating cash flow', 'passed': True}, {'name': 'ROA improving', 'passed': True}, {'name': 'OCF > net income', 'passed': True}, {'name': 'leverage declining', 'passed': True}, {'name': 'current ratio improving', 'passed': True}, {'name': 'no share dilution', 'passed': False}, {'name': 'gross margin improving', 'passed': True}, {'name': 'asset turnover improving', 'passed': False}]}"
ELI.BR,composite_value,Composite Value,False,0.3688,[],[],
ELI.BR,earnings_quality,Earnings Quality,False,0.6667,"['OCF/NI=3.57', 'ratio=-4.68%']",['weak free-cash conversion'],
ELI.BR,financial_health,Financial Health,False,0.4,"['CR=1.22', 'coverage=3.6x']","['high debt to equity', 'high leverage', 'high net debt/EBITDA']",
GBLB.BR,graham_defensive,Graham Defensive,False,0.75,"['P/B < 1.5 or P/E×P/B < 22.5: P/B=0.76', 'Current ratio >= 2: CR=2.45', 'Dividend payer: yield=741.00%']",['no positive trailing P/E'],
GBLB.BR,graham_enterprising,Graham Enterprising,False,0.4,"['P/B < 3: P/B=0.76', 'Debt/equity < 100%: D/E=63%']","['missing P/E', 'ROE <= 8%', 'negative earnings growth']",
GBLB.BR,graham_net_net,Graham Net-Net,False,0.0,[],['missing NCAV (balance sheet data)'],
GBLB.BR,schloss,Schloss Low P/B,False,0.5,['P/B < 1.2: P/B=0.76'],['too much leverage'],
GBLB.BR,deep_value,Deep Value,False,0.5,['P/B=0.76'],['EV/EBITDA not below 8'],
GBLB.BR,earnings_yield,Earnings Yield,False,1.0,['E/P=nan% (P/E=nan)'],['earnings yield nan% below 8%'],
GBLB.BR,fcf_yield,FCF Yield,False,0.0133,['FCF yield=0.1%'],['FCF yield 0.1% below 5%'],
GBLB.BR,low_pe_high_yield,Low P/E + High Yield,False,0.5,['yield=741.0%'],['P/E not below 12.0'],
GBLB.BR,lynch_peg,Lynch PEG,False,0.0,"['PEG=nan', 'growth=nan%']",[],
GBLB.BR,neff_pegy,Neff PEGY,False,0.0,"['PEGY=nan', 'growth=nan%', 'yield=741.0%']",['PEGY nan >= 1.0'],
GBLB.BR,quality_value,Quality Value,False,0.2,['Debt/equity < 80%: D/E=63%'],"['ROE below 12%', 'thin margins', 'missing P/E', 'FCF yield below 3%']",
GBLB.BR,buffett_quality,Buffett Quality,False,0.0,[],"['ROE too low', 'too much debt', 'thin margins', 'missing P/E']",
GBLB.BR,economic_moat,Economic Moat,False,0.0,[],"['ROE below 18%', 'ROA below 8%', 'margins below 12%', 'leverage too high']",
GBLB.BR,high_dividend,High Dividend Yield,False,0.9531,"['yield=741.0%', 'universe rank 95%']",['no positive earnings'],
GBLB.BR,dividend_growth,Dividend Growth,False,0.3333,['dividend payer: yield=741.0%'],"['earnings not growing', 'P/E out of range']",
GBLB.BR,magic_formula,Magic Formula,False,0.1236,[],['below top half on combined Magic Formula rank'],
GBLB.BR,acquirers_multiple,Acquirer's Multiple,False,0.1585,"['EV/EBIT=35.5', 'universe rank 16%']","['EV/EBIT 35.5 above 12.0', 'not in top 40% cheapest on EV/EBIT']",
GBLB.BR,dreman_contrarian,Dreman Contrarian,False,0.9455,"['low P/B rank 94%', 'dividend rank 95%']",[],
GBLB.BR,piotroski_f,Piotroski F-Score,False,0.6667,"['F-Score=6/9', 'positive operating cash flow', 'OCF > net income', 'current ratio improving', 'no share dilution', 'gross margin improving', 'asset turnover improving']","['F-Score 6/9 below 7', 'positive net income', 'ROA improving', 'leverage declining']","{'f_score': 6, 'max_score': 9, 'components': [{'name': 'positive net income', 'passed': False}, {'name': 'positive operating cash flow', 'passed': True}, {'name': 'ROA improving', 'passed': False}, {'name': 'OCF > net income', 'passed': True}, {'name': 'leverage declining', 'passed': False}, {'name': 'current ratio improving', 'passed': True}, {'name': 'no share dilution', 'passed': True}, {'name': 'gross margin improving', 'passed': True}, {'name': 'asset turnover improving', 'passed': True}]}"
GBLB.BR,composite_value,Composite Value,False,0.6414,"['top-tier on price_to_book (percentile 91%)', 'top-tier on dividend_yield (percentile 91%)']",['missing trailing_pe'],
GBLB.BR,earnings_quality,Earnings Quality,False,0.5,['ratio=-5.54%'],['negative net income'],
GBLB.BR,financial_health,Financial Health,False,0.6,"['D/E=63%', 'leverage=33.0%', 'CR=2.66']","['high net debt/EBITDA', 'weak interest coverage']",
KBC.BR,graham_defensive,Graham Defensive,False,0.5,"['P/E < 15: P/E=13.6', 'Dividend payer: yield=403.00%']","['valuation too rich on P/B or P/E×P/B', 'current ratio < 2']",
KBC.BR,graham_enterprising,Graham Enterprising,True,0.8,"['P/E < 25: P/E=13.6', 'P/B < 3: P/B=1.91', 'ROE > 8%: ROE=13.7%', 'Positive earnings growth: growth=13.2%']",['excessive leverage'],
KBC.BR,graham_net_net,Graham Net-Net,False,0.0,[],['missing NCAV (balance sheet data)'],
KBC.BR,schloss,Schloss Low P/B,False,0.0,[],"['P/B too high', 'too much leverage']",
KBC.BR,deep_value,Deep Value,False,0.0,[],"['P/B not below 1.0', 'EV/EBITDA not below 8']",
KBC.BR,earnings_yield,Earnings Yield,False,0.6125,['E/P=7.4% (P/E=13.6)'],['earnings yield 7.4% below 8%'],
KBC.BR,fcf_yield,FCF Yield,False,1.0,['FCF yield=nan%'],['FCF yield nan% below 5%'],
KBC.BR,low_pe_high_yield,Low P/E + High Yield,False,0.5,['yield=403.0%'],['P/E not below 12.0'],
KBC.BR,lynch_peg,Lynch PEG,False,0.0,"['PEG=1.03', 'growth=13.2%']",['PEG 1.03 >= 1.0'],
KBC.BR,neff_pegy,Neff PEGY,True,0.9673,"['PEGY=0.03', 'growth=13.2%', 'yield=403.0%']",[],
KBC.BR,quality_value,Quality Value,False,0.6,"['ROE >= 12%: ROE=13.7%', 'Profit margin >= 5%: margin=29.6%', 'P/E < 20: P/E=13.6']","['high leverage', 'FCF yield below 3%']",
KBC.BR,buffett_quality,Buffett Quality,False,0.5,"['margin >= 8%: margin=29.6%', 'P/E < 25.0: P/E=13.6']","['ROE too low', 'too much debt']",
KBC.BR,economic_moat,Economic Moat,False,0.25,['wide margin=29.6%'],"['ROE below 18%', 'ROA below 8%', 'leverage too high']",
KBC.BR,high_dividend,High Dividend Yield,False,0.7083,"['yield=403.0%', 'universe rank 71%']",['not in top quartile for yield'],
KBC.BR,dividend_growth,Dividend Growth,True,1.0,"['dividend payer: yield=403.0%', 'earnings growth: growth=13.2%', 'reasonable P/E: P/E=13.6']",[],
KBC.BR,magic_formula,Magic Formula,False,0.0,[],['missing EBIT/EV or ROIC inputs'],
KBC.BR,acquirers_multiple,Acquirer's Multiple,False,0.0,[],['could not rank EV/EBIT'],
KBC.BR,dreman_contrarian,Dreman Contrarian,False,0.6508,['dividend rank 71%'],"['P/E not in bottom quartile', 'P/B not cheap vs universe']",
KBC.BR,piotroski_f,Piotroski F-Score,False,0.6667,"['F-Score=6/9', 'positive net income', 'positive operating cash flow', 'OCF > net income', 'leverage declining', 'no share dilution', 'asset turnover improving']","['F-Score 6/9 below 7', 'ROA improving', 'current ratio improving', 'gross margin improving']","{'f_score': 6, 'max_score': 9, 'components': [{'name': 'positive net income', 'passed': True}, {'name': 'positive operating cash flow', 'passed': True}, {'name': 'ROA improving', 'passed': False}, {'name': 'OCF > net income', 'passed': True}, {'name': 'leverage declining', 'passed': True}, {'name': 'current ratio improving', 'passed': False}, {'name': 'no share dilution', 'passed': True}, {'name': 'gross margin improving', 'passed': False}, {'name': 'asset turnover improving', 'passed': True}]}"
KBC.BR,composite_value,Composite Value,False,0.3925,[],"['missing fcf_yield', 'missing ev_ebitda']",
KBC.BR,earnings_quality,Earnings Quality,False,0.6667,"['OCF/NI=1.18', 'ratio=-0.16%']",['weak free-cash conversion'],
KBC.BR,financial_health,Financial Health,False,0.4,"['leverage=6.9%', 'insufficient data — skipped']","['high debt to equity', 'weak liquidity', 'weak interest coverage']",
LOTB.BR,graham_defensive,Graham Defensive,False,0.25,['Dividend payer: yield=73.00%'],"['P/E >= 15', 'valuation too rich on P/B or P/E×P/B', 'current ratio < 2']",
LOTB.BR,graham_enterprising,Graham Enterprising,False,0.6,"['Debt/equity < 100%: D/E=46%', 'ROE > 8%: ROE=23.0%', 'Positive earnings growth: growth=23.4%']","['P/E >= 25', 'P/B >= 3']",
LOTB.BR,graham_net_net,Graham Net-Net,False,0.0,[],['missing NCAV (balance sheet data)'],
LOTB.BR,schloss,Schloss Low P/B,False,0.5,['D/E < 50.0%: D/E=46%'],['P/B too high'],
LOTB.BR,deep_value,Deep Value,False,0.0,[],"['P/B not below 1.0', 'EV/EBITDA not below 8']",
LOTB.BR,earnings_yield,Earnings Yield,False,0.1581,['E/P=1.9% (P/E=52.7)'],['earnings yield 1.9% below 8%'],
LOTB.BR,fcf_yield,FCF Yield,False,0.119,['FCF yield=1.2%'],['FCF yield 1.2% below 5%'],
LOTB.BR,low_pe_high_yield,Low P/E + High Yield,False,0.5,['yield=73.0%'],['P/E not below 12.0'],
LOTB.BR,lynch_peg,Lynch PEG,False,0.0,"['PEG=2.25', 'growth=23.4%']",['PEG 2.25 >= 1.0'],
LOTB.BR,neff_pegy,Neff PEGY,True,0.4531,"['PEGY=0.55', 'growth=23.4%', 'yield=73.0%']",[],
LOTB.BR,quality_value,Quality Value,False,0.6,"['ROE >= 12%: ROE=23.0%', 'Profit margin >= 5%: margin=13.2%', 'Debt/equity < 80%: D/E=46%']","['P/E >= 20', 'FCF yield below 3%']",
LOTB.BR,buffett_quality,Buffett Quality,False,0.75,"['ROE >= 15%: ROE=23.0%', 'D/E < 60.0%: D/E=46%', 'margin >= 8%: margin=13.2%']",['P/E too high'],
LOTB.BR,economic_moat,Economic Moat,True,1.0,"['high ROE=23.0%', 'solid ROA=11.2%', 'wide margin=13.2%', 'low leverage D/E=46%']",[],
LOTB.BR,high_dividend,High Dividend Yield,False,0.1354,"['yield=73.0%', 'universe rank 14%']",['not in top quartile for yield'],
LOTB.BR,dividend_growth,Dividend Growth,True,0.6667,"['dividend payer: yield=73.0%', 'earnings growth: growth=23.4%']",['P/E out of range'],
LOTB.BR,magic_formula,Magic Formula,False,0.4935,['ROIC rank 82%'],['below top half on combined Magic Formula rank'],
LOTB.BR,acquirers_multiple,Acquirer's Multiple,False,0.122,"['EV/EBIT=43.5', 'universe rank 12%']","['EV/EBIT 43.5 above 12.0', 'not in top 40% cheapest on EV/EBIT']",
LOTB.BR,dreman_contrarian,Dreman Contrarian,False,0.0964,[],"['P/E not in bottom quartile', 'P/B not cheap vs universe', 'dividend yield below median']",
LOTB.BR,piotroski_f,Piotroski F-Score,True,0.7778,"['F-Score=7/9', 'positive net income', 'positive operating cash flow', 'ROA improving', 'OCF > net income', 'current ratio improving', 'no share dilution', 'gross margin improving']","['leverage declining', 'asset turnover improving']","{'f_score': 7, 'max_score': 9, 'components': [{'name': 'positive net income', 'passed': True}, {'name': 'positive operating cash flow', 'passed': True}, {'name': 'ROA improving', 'passed': True}, {'name': 'OCF > net income', 'passed': True}, {'name': 'leverage declining', 'passed': False}, {'name': 'current ratio improving', 'passed': True}, {'name': 'no share dilution', 'passed': True}, {'name': 'gross margin improving', 'passed': True}, {'name': 'asset turnover improving', 'passed': False}]}"
LOTB.BR,composite_value,Composite Value,False,0.0585,[],[],
LOTB.BR,earnings_quality,Earnings Quality,True,1.0,"['FCF/NI=0.70', 'OCF/NI=1.20', 'ratio=-2.19%']",[],
LOTB.BR,financial_health,Financial Health,True,1.0,"['D/E=46%', 'leverage=20.3%', 'CR=1.49', 'ratio=0.5', 'coverage=70.7x']",[],
MELE.BR,graham_defensive,Graham Defensive,False,0.5,"['Current ratio >= 2: CR=5.87', 'Dividend payer: yield=534.00%']","['P/E >= 15', 'valuation too rich on P/B or P/E×P/B']",
MELE.BR,graham_enterprising,Graham Enterprising,False,0.4,"['Debt/equity < 100%: D/E=69%', 'ROE > 8%: ROE=22.0%']","['P/E >= 25', 'P/B >= 3', 'negative earnings growth']",
MELE.BR,graham_net_net,Graham Net-Net,False,0.0,[],['missing NCAV (balance sheet data)'],
MELE.BR,schloss,Schloss Low P/B,False,0.0,[],"['P/B too high', 'too much leverage']",
MELE.BR,deep_value,Deep Value,False,0.0,[],"['P/B not below 1.0', 'EV/EBITDA not below 8']",
MELE.BR,earnings_yield,Earnings Yield,False,0.3178,['E/P=3.8% (P/E=26.2)'],['earnings yield 3.8% below 8%'],
MELE.BR,fcf_yield,FCF Yield,False,0.404,['FCF yield=4.0%'],['FCF yield 4.0% below 5%'],
MELE.BR,low_pe_high_yield,Low P/E + High Yield,False,0.5,['yield=534.0%'],['P/E not below 12.0'],
MELE.BR,lynch_peg,Lynch PEG,False,0.2,[],['missing or negative earnings growth'],
MELE.BR,neff_pegy,Neff PEGY,True,0.9491,"['PEGY=0.05', 'growth=-19.2%', 'yield=534.0%']",[],
MELE.BR,quality_value,Quality Value,True,0.8,"['ROE >= 12%: ROE=22.0%', 'Profit margin >= 5%: margin=12.2%', 'Debt/equity < 80%: D/E=69%', 'FCF yield >= 3%: FCF yield=4.0%']",['P/E >= 20'],
MELE.BR,buffett_quality,Buffett Quality,False,0.5,"['ROE >= 15%: ROE=22.0%', 'margin >= 8%: margin=12.2%']","['too much debt', 'P/E too high']",
MELE.BR,economic_moat,Economic Moat,True,0.75,"['high ROE=22.0%', 'solid ROA=12.5%', 'wide margin=12.2%']",['leverage too high'],
MELE.BR,high_dividend,High Dividend Yield,True,0.8646,"['yield=534.0%', 'universe rank 86%']",[],
MELE.BR,dividend_growth,Dividend Growth,False,0.3333,['dividend payer: yield=534.0%'],"['earnings not growing', 'P/E out of range']",
MELE.BR,magic_formula,Magic Formula,True,0.564,['ROIC rank 75%'],[],
MELE.BR,acquirers_multiple,Acquirer's Multiple,False,0.3354,"['EV/EBIT=22.9', 'universe rank 34%']","['EV/EBIT 22.9 above 12.0', 'not in top 40% cheapest on EV/EBIT']",
MELE.BR,dreman_contrarian,Dreman Contrarian,False,0.4587,['dividend rank 86%'],"['P/E not in bottom quartile', 'P/B not cheap vs universe']",
MELE.BR,piotroski_f,Piotroski F-Score,False,0.5556,"['F-Score=5/9', 'positive net income', 'positive operating cash flow', 'OCF > net income', 'current ratio improving', 'no share dilution']","['F-Score 5/9 below 7', 'ROA improving', 'leverage declining', 'gross margin improving', 'asset turnover improving']","{'f_score': 5, 'max_score': 9, 'components': [{'name': 'positive net income', 'passed': True}, {'name': 'positive operating cash flow', 'passed': True}, {'name': 'ROA improving', 'passed': False}, {'name': 'OCF > net income', 'passed': True}, {'name': 'leverage declining', 'passed': False}, {'name': 'current ratio improving', 'passed': True}, {'name': 'no share dilution', 'passed': True}, {'name': 'gross margin improving', 'passed': False}, {'name': 'asset turnover improving', 'passed': False}]}"
MELE.BR,composite_value,Composite Value,True,0.7125,"['top-tier on dividend_yield (percentile 92%)', 'top-tier on ev_ebitda (percentile 75%)']",[],
MELE.BR,earnings_quality,Earnings Quality,True,1.0,"['FCF/NI=0.95', 'OCF/NI=1.12', 'ratio=-1.53%']",[],
MELE.BR,financial_health,Financial Health,True,1.0,"['D/E=69%', 'leverage=35.7%', 'CR=5.46', 'ratio=1.4', 'coverage=13.9x']",[],
MONT.BR,graham_defensive,Graham Defensive,False,0.75,"['P/E < 15: P/E=8.9', 'P/B < 1.5 or P/E×P/B < 22.5: P/B=0.75', 'Dividend payer: yield=627.00%']",['current ratio < 2'],
MONT.BR,graham_enterprising,Graham Enterprising,False,0.6,"['P/E < 25: P/E=8.9', 'P/B < 3: P/B=0.75', 'Debt/equity < 100%: D/E=72%']","['ROE <= 8%', 'negative earnings growth']",
MONT.BR,graham_net_net,Graham Net-Net,False,0.0,[],['missing NCAV (balance sheet data)'],
MONT.BR,schloss,Schloss Low P/B,False,0.5,['P/B < 1.2: P/B=0.75'],['too much leverage'],
MONT.BR,deep_value,Deep Value,False,0.5,['P/B=0.75'],['EV/EBITDA not below 8'],
MONT.BR,earnings_yield,Earnings Yield,True,0.9345,['E/P=11.2% (P/E=8.9)'],[],
MONT.BR,fcf_yield,FCF Yield,False,0.49,['FCF yield=4.9%'],['FCF yield 4.9% below 5%'],
MONT.BR,low_pe_high_yield,Low P/E + High Yield,True,1.0,"['P/E=8.9', 'yield=627.0%']",[],
MONT.BR,lynch_peg,Lynch PEG,False,0.2,[],['missing or negative earnings growth'],
MONT.BR,neff_pegy,Neff PEGY,True,0.9849,"['PEGY=0.02', 'growth=-37.8%', 'yield=627.0%']",[],
MONT.BR,quality_value,Quality Value,False,0.8,"['Profit margin >= 5%: margin=80.0%', 'Debt/equity < 80%: D/E=72%', 'P/E < 20: P/E=8.9', 'FCF yield >= 3%: FCF yield=4.9%']",['ROE below 12%'],
MONT.BR,buffett_quality,Buffett Quality,False,0.5,"['margin >= 8%: margin=80.0%', 'P/E < 25.0: P/E=8.9']","['ROE too low', 'too much debt']",
MONT.BR,economic_moat,Economic Moat,False,0.25,['wide margin=80.0%'],"['ROE below 18%', 'ROA below 8%', 'leverage too high']",
MONT.BR,high_dividend,High Dividend Yield,True,0.9219,"['yield=627.0%', 'universe rank 92%']",[],
MONT.BR,dividend_growth,Dividend Growth,True,0.6667,"['dividend payer: yield=627.0%', 'reasonable P/E: P/E=8.9']",['earnings not growing'],
MONT.BR,magic_formula,Magic Formula,False,0.2977,[],['below top half on combined Magic Formula rank'],
MONT.BR,acquirers_multiple,Acquirer's Multiple,False,0.4146,"['EV/EBIT=21.1', 'universe rank 41%']","['EV/EBIT 21.1 above 12.0', 'not in top 40% cheapest on EV/EBIT']",
MONT.BR,dreman_contrarian,Dreman Contrarian,True,0.9313,"['low P/E rank 92%', 'low P/B rank 95%', 'dividend rank 92%']",[],
MONT.BR,piotroski_f,Piotroski F-Score,False,0.4444,"['F-Score=4/9', 'positive net income', 'positive operating cash flow', 'current ratio improving', 'asset turnover improving']","['F-Score 4/9 below 7', 'ROA improving', 'OCF > net income', 'leverage declining', 'no share dilution', 'gross margin improving']","{'f_score': 4, 'max_score': 9, 'components': [{'name': 'positive net income', 'passed': True}, {'name': 'positive operating cash flow', 'passed': True}, {'name': 'ROA improving', 'passed': False}, {'name': 'OCF > net income', 'passed': False}, {'name': 'leverage declining', 'passed': False}, {'name': 'current ratio improving', 'passed': True}, {'name': 'no share dilution', 'passed': False}, {'name': 'gross margin improving', 'passed': False}, {'name': 'asset turnover improving', 'passed': True}]}"
MONT.BR,composite_value,Composite Value,False,0.625,['top-tier on price_to_book (percentile 100%)'],[],
MONT.BR,earnings_quality,Earnings Quality,False,0.3333,['ratio=1.33%'],"['weak free-cash conversion', 'operating cash below earnings']",
MONT.BR,financial_health,Financial Health,False,0.6,"['D/E=72%', 'leverage=35.8%', 'coverage=5.2x']","['weak liquidity', 'high net debt/EBITDA']",
SOF.BR,graham_defensive,Graham Defensive,True,1.0,"['P/E < 15: P/E=6.5', 'P/B < 1.5 or P/E×P/B < 22.5: P/B=0.75', 'Current ratio >= 2: CR=21.98', 'Dividend payer: yield=149.00%']",[],
SOF.BR,graham_enterprising,Graham Enterprising,True,0.8,"['P/E < 25: P/E=6.5', 'P/B < 3: P/B=0.75', 'Debt/equity < 100%: D/E=11%', 'ROE > 8%: ROE=12.8%']",['negative earnings growth'],
SOF.BR,graham_net_net,Graham Net-Net,False,0.0,[],['missing NCAV (balance sheet data)'],
SOF.BR,schloss,Schloss Low P/B,True,1.0,"['P/B < 1.2: P/B=0.75', 'D/E < 50.0%: D/E=11%']",[],
SOF.BR,deep_value,Deep Value,False,0.5,['P/B=0.75'],['EV/EBITDA not below 8'],
SOF.BR,earnings_yield,Earnings Yield,True,1.0,['E/P=15.4% (P/E=6.5)'],[],
SOF.BR,fcf_yield,FCF Yield,True,0.5245,['FCF yield=5.2%'],[],
SOF.BR,low_pe_high_yield,Low P/E + High Yield,True,1.0,"['P/E=6.5', 'yield=149.0%']",[],
SOF.BR,lynch_peg,Lynch PEG,False,0.0,"['PEG=nan', 'growth=nan%']",[],
SOF.BR,neff_pegy,Neff PEGY,False,0.0,"['PEGY=nan', 'growth=nan%', 'yield=149.0%']",['PEGY nan >= 1.0'],
SOF.BR,quality_value,Quality Value,True,1.0,"['ROE >= 12%: ROE=12.8%', 'Profit margin >= 5%: margin=93.9%', 'Debt/equity < 80%: D/E=11%', 'P/E < 20: P/E=6.5', 'FCF yield >= 3%: FCF yield=5.2%']",[],
SOF.BR,buffett_quality,Buffett Quality,False,0.75,"['D/E < 60.0%: D/E=11%', 'margin >= 8%: margin=93.9%', 'P/E < 25.0: P/E=6.5']",['ROE too low'],
SOF.BR,economic_moat,Economic Moat,False,0.5,"['wide margin=93.9%', 'low leverage D/E=11%']","['ROE below 18%', 'ROA below 8%']",
SOF.BR,high_dividend,High Dividend Yield,False,0.2708,"['yield=149.0%', 'universe rank 27%']",['not in top quartile for yield'],
SOF.BR,dividend_growth,Dividend Growth,True,0.6667,"['dividend payer: yield=149.0%', 'reasonable P/E: P/E=6.5']",['earnings not growing'],
SOF.BR,magic_formula,Magic Formula,False,0.0,[],['missing EBIT/EV or ROIC inputs'],
SOF.BR,acquirers_multiple,Acquirer's Multiple,False,0.0,[],['could not rank EV/EBIT'],
SOF.BR,dreman_contrarian,Dreman Contrarian,True,0.7289,"['low P/E rank 97%', 'low P/B rank 94%']",['dividend yield below median'],
SOF.BR,piotroski_f,Piotroski F-Score,False,0.1111,"['F-Score=1/9', 'positive net income']","['F-Score 1/9 below 7', 'positive operating cash flow', 'ROA improving', 'OCF > net income', 'leverage declining', 'current ratio improving', 'no share dilution', 'gross margin improving', 'asset turnover improving']","{'f_score': 1, 'max_score': 9, 'components': [{'name': 'positive net income', 'passed': True}, {'name': 'positive operating cash flow', 'passed': False}, {'name': 'ROA improving', 'passed': False}, {'name': 'OCF > net income', 'passed': False}, {'name': 'leverage declining', 'passed': False}, {'name': 'current ratio improving', 'passed': False}, {'name': 'no share dilution', 'passed': False}, {'name': 'gross margin improving', 'passed': False}, {'name': 'asset turnover improving', 'passed': False}]}"
SOF.BR,composite_value,Composite Value,True,0.6737,"['top-tier on trailing_pe (percentile 93%)', 'top-tier on price_to_book (percentile 93%)']",['missing ev_ebitda'],
SOF.BR,earnings_quality,Earnings Quality,False,0.3333,['FCF/NI=4.02'],"['operating cash below earnings', 'high accruals vs assets']",
SOF.BR,financial_health,Financial Health,False,0.6,"['D/E=11%', 'leverage=10.7%', 'insufficient data — skipped']","['weak liquidity', 'weak interest coverage']",
SOLB.BR,graham_defensive,Graham Defensive,False,0.25,['Dividend payer: yield=977.00%'],"['P/E >= 15', 'valuation too rich on P/B or P/E×P/B', 'current ratio < 2']",
SOLB.BR,graham_enterprising,Graham Enterprising,False,0.4,"['P/B < 3: P/B=2.51', 'Positive earnings growth: growth=317.8%']","['P/E >= 25', 'excessive leverage', 'ROE <= 8%']",
SOLB.BR,graham_net_net,Graham Net-Net,False,0.0,[],['missing NCAV (balance sheet data)'],
SOLB.BR,schloss,Schloss Low P/B,False,0.0,[],"['P/B too high', 'too much leverage']",
SOLB.BR,deep_value,Deep Value,False,0.5,['EV/EBITDA=7.7'],['P/B not below 1.0'],
SOLB.BR,earnings_yield,Earnings Yield,False,0.01,['E/P=0.1% (P/E=836.0)'],['earnings yield 0.1% below 8%'],
SOLB.BR,fcf_yield,FCF Yield,True,1.0,['FCF yield=11.6%'],[],
SOLB.BR,low_pe_high_yield,Low P/E + High Yield,False,0.5,['yield=977.0%'],['P/E not below 12.0'],
SOLB.BR,lynch_peg,Lynch PEG,False,0.0,"['PEG=2.63', 'growth=317.8%']",['PEG 2.63 >= 1.0'],
SOLB.BR,neff_pegy,Neff PEGY,True,0.3543,"['PEGY=0.65', 'growth=317.8%', 'yield=977.0%']",[],
SOLB.BR,quality_value,Quality Value,False,0.2,['FCF yield >= 3%: FCF yield=11.6%'],"['ROE below 12%', 'thin margins', 'high leverage', 'P/E >= 20']",
SOLB.BR,buffett_quality,Buffett Quality,False,0.0,[],"['ROE too low', 'too much debt', 'thin margins', 'P/E too high']",
SOLB.BR,economic_moat,Economic Moat,False,0.0,[],"['ROE below 18%', 'ROA below 8%', 'margins below 12%', 'leverage too high']",
SOLB.BR,high_dividend,High Dividend Yield,True,0.9948,"['yield=977.0%', 'universe rank 99%']",[],
SOLB.BR,dividend_growth,Dividend Growth,True,0.6667,"['dividend payer: yield=977.0%', 'earnings growth: growth=317.8%']",['P/E out of range'],
SOLB.BR,magic_formula,Magic Formula,True,0.7238,"['earnings yield rank 91%', 'ROIC rank 53%']",[],
SOLB.BR,acquirers_multiple,Acquirer's Multiple,True,0.872,"['EV/EBIT=9.5', 'universe rank 87%']",[],
SOLB.BR,dreman_contrarian,Dreman Contrarian,False,0.4803,['dividend rank 99%'],"['P/E not in bottom quartile', 'P/B not cheap vs universe']",
SOLB.BR,piotroski_f,Piotroski F-Score,False,0.5556,"['F-Score=5/9', 'positive net income', 'positive operating cash flow', 'OCF > net income', 'no share dilution', 'asset turnover improving']","['F-Score 5/9 below 7', 'ROA improving', 'leverage declining', 'current ratio improving', 'gross margin improving']","{'f_score': 5, 'max_score': 9, 'components': [{'name': 'positive net income', 'passed': True}, {'name': 'positive operating cash flow', 'passed': True}, {'name': 'ROA improving', 'passed': False}, {'name': 'OCF > net income', 'passed': True}, {'name': 'leverage declining', 'passed': False}, {'name': 'current ratio improving', 'passed': False}, {'name': 'no share dilution', 'passed': True}, {'name': 'gross margin improving', 'passed': False}, {'name': 'asset turnover improving', 'passed': True}]}"
SOLB.BR,composite_value,Composite Value,False,0.5367,"['top-tier on dividend_yield (percentile 96%)', 'top-tier on fcf_yield (percentile 86%)', 'top-tier on ev_ebitda (percentile 79%)']",[],
SOLB.BR,earnings_quality,Earnings Quality,True,1.0,"['FCF/NI=10.13', 'OCF/NI=22.73', 'ratio=-10.60%']",[],
SOLB.BR,financial_health,Financial Health,False,0.8,"['leverage=34.6%', 'CR=1.17', 'ratio=3.2', 'coverage=3.8x']",['high debt to equity'],
SYENS.BR,graham_defensive,Graham Defensive,False,0.5,"['P/B < 1.5 or P/E×P/B < 22.5: P/B=1.34', 'Dividend payer: yield=204.00%']","['no positive trailing P/E', 'current ratio < 2']",
SYENS.BR,graham_enterprising,Graham Enterprising,False,0.4,"['P/B < 3: P/B=1.34', 'Debt/equity < 100%: D/E=46%']","['missing P/E', 'ROE <= 8%', 'negative earnings growth']",
SYENS.BR,graham_net_net,Graham Net-Net,False,0.0,[],['missing NCAV (balance sheet data)'],
SYENS.BR,schloss,Schloss Low P/B,False,0.5,['D/E < 50.0%: D/E=46%'],['P/B too high'],
SYENS.BR,deep_value,Deep Value,False,0.0,[],"['P/B not below 1.0', 'EV/EBITDA not below 8']",
SYENS.BR,earnings_yield,Earnings Yield,False,1.0,['E/P=nan% (P/E=nan)'],['earnings yield nan% below 8%'],
SYENS.BR,fcf_yield,FCF Yield,True,0.6574,['FCF yield=6.6%'],[],
SYENS.BR,low_pe_high_yield,Low P/E + High Yield,False,0.5,['yield=204.0%'],['P/E not below 12.0'],
SYENS.BR,lynch_peg,Lynch PEG,False,0.2,[],['missing or negative earnings growth'],
SYENS.BR,neff_pegy,Neff PEGY,False,0.0,"['PEGY=nan', 'growth=-52.4%', 'yield=204.0%']",['PEGY nan >= 1.0'],
SYENS.BR,quality_value,Quality Value,False,0.4,"['Debt/equity < 80%: D/E=46%', 'FCF yield >= 3%: FCF yield=6.6%']","['ROE below 12%', 'thin margins', 'missing P/E']",
SYENS.BR,buffett_quality,Buffett Quality,False,0.25,['D/E < 60.0%: D/E=46%'],"['ROE too low', 'thin margins', 'missing P/E']",
SYENS.BR,economic_moat,Economic Moat,False,0.25,['low leverage D/E=46%'],"['ROE below 18%', 'ROA below 8%', 'margins below 12%']",
SYENS.BR,high_dividend,High Dividend Yield,False,0.3958,"['yield=204.0%', 'universe rank 40%']","['not in top quartile for yield', 'no positive earnings']",
SYENS.BR,dividend_growth,Dividend Growth,False,0.3333,['dividend payer: yield=204.0%'],"['earnings not growing', 'P/E out of range']",
SYENS.BR,magic_formula,Magic Formula,False,0.3484,['earnings yield rank 51%'],['below top half on combined Magic Formula rank'],
SYENS.BR,acquirers_multiple,Acquirer's Multiple,False,0.4634,"['EV/EBIT=20.0', 'universe rank 46%']","['EV/EBIT 20.0 above 12.0', 'not in top 40% cheapest on EV/EBIT']",
SYENS.BR,dreman_contrarian,Dreman Contrarian,False,0.5813,['low P/B rank 77%'],['dividend yield below median'],
SYENS.BR,piotroski_f,Piotroski F-Score,False,0.4444,"['F-Score=4/9', 'positive operating cash flow', 'OCF > net income', 'current ratio improving', 'no share dilution']","['F-Score 4/9 below 7', 'positive net income', 'ROA improving', 'leverage declining', 'gross margin improving', 'asset turnover improving']","{'f_score': 4, 'max_score': 9, 'components': [{'name': 'positive net income', 'passed': False}, {'name': 'positive operating cash flow', 'passed': True}, {'name': 'ROA improving', 'passed': False}, {'name': 'OCF > net income', 'passed': True}, {'name': 'leverage declining', 'passed': False}, {'name': 'current ratio improving', 'passed': True}, {'name': 'no share dilution', 'passed': True}, {'name': 'gross margin improving', 'passed': False}, {'name': 'asset turnover improving', 'passed': False}]}"
SYENS.BR,composite_value,Composite Value,False,0.5131,[],['missing trailing_pe'],
SYENS.BR,earnings_quality,Earnings Quality,False,0.5,['ratio=-7.31%'],['negative net income'],
SYENS.BR,financial_health,Financial Health,True,1.0,"['D/E=46%', 'leverage=25.7%', 'CR=2.09', 'ratio=1.8', 'coverage=3.3x']",[],
UCB.BR,graham_defensive,Graham Defensive,False,0.25,['Dividend payer: yield=72.00%'],"['P/E >= 15', 'valuation too rich on P/B or P/E×P/B', 'current ratio < 2']",
UCB.BR,graham_enterprising,Graham Enterprising,False,0.8,"['P/E < 25: P/E=18.0', 'Debt/equity < 100%: D/E=31%', 'ROE > 8%: ROE=20.6%', 'Positive earnings growth: growth=134.8%']",['P/B >= 3'],
UCB.BR,graham_net_net,Graham Net-Net,False,0.0,[],['missing NCAV (balance sheet data)'],
UCB.BR,schloss,Schloss Low P/B,False,0.5,['D/E < 50.0%: D/E=31%'],['P/B too high'],
UCB.BR,deep_value,Deep Value,False,0.0,[],"['P/B not below 1.0', 'EV/EBITDA not below 8']",
UCB.BR,earnings_yield,Earnings Yield,False,0.4631,['E/P=5.6% (P/E=18.0)'],['earnings yield 5.6% below 8%'],
UCB.BR,fcf_yield,FCF Yield,False,0.2499,['FCF yield=2.5%'],['FCF yield 2.5% below 5%'],
UCB.BR,low_pe_high_yield,Low P/E + High Yield,False,0.5,['yield=72.0%'],['P/E not below 12.0'],
UCB.BR,lynch_peg,Lynch PEG,True,0.8665,"['PEG=0.13', 'growth=134.8%']",[],
UCB.BR,neff_pegy,Neff PEGY,True,0.913,"['PEGY=0.09', 'growth=134.8%', 'yield=72.0%']",[],
UCB.BR,quality_value,Quality Value,True,0.8,"['ROE >= 12%: ROE=20.6%', 'Profit margin >= 5%: margin=25.7%', 'Debt/equity < 80%: D/E=31%', 'P/E < 20: P/E=18.0']",['FCF yield below 3%'],
UCB.BR,buffett_quality,Buffett Quality,True,1.0,"['ROE >= 15%: ROE=20.6%', 'D/E < 60.0%: D/E=31%', 'margin >= 8%: margin=25.7%', 'P/E < 25.0: P/E=18.0']",[],
UCB.BR,economic_moat,Economic Moat,True,1.0,"['high ROE=20.6%', 'solid ROA=8.6%', 'wide margin=25.7%', 'low leverage D/E=31%']",[],
UCB.BR,high_dividend,High Dividend Yield,False,0.1302,"['yield=72.0%', 'universe rank 13%']",['not in top quartile for yield'],
UCB.BR,dividend_growth,Dividend Growth,True,1.0,"['dividend payer: yield=72.0%', 'earnings growth: growth=134.8%', 'reasonable P/E: P/E=18.0']",[],
UCB.BR,magic_formula,Magic Formula,True,0.567,['ROIC rank 66%'],[],
UCB.BR,acquirers_multiple,Acquirer's Multiple,False,0.4268,"['EV/EBIT=20.7', 'universe rank 43%']","['EV/EBIT 20.7 above 12.0', 'not in top 40% cheapest on EV/EBIT']",
UCB.BR,dreman_contrarian,Dreman Contrarian,False,0.3345,[],"['P/E not in bottom quartile', 'P/B not cheap vs universe', 'dividend yield below median']",
UCB.BR,piotroski_f,Piotroski F-Score,True,1.0,"['F-Score=9/9', 'positive net income', 'positive operating cash flow', 'ROA improving', 'OCF > net income', 'leverage declining', 'current ratio improving', 'no share dilution', 'gross margin improving', 'asset turnover improving']",[],"{'f_score': 9, 'max_score': 9, 'components': [{'name': 'positive net income', 'passed': True}, {'name': 'positive operating cash flow', 'passed': True}, {'name': 'ROA improving', 'passed': True}, {'name': 'OCF > net income', 'passed': True}, {'name': 'leverage declining', 'passed': True}, {'name': 'current ratio improving', 'passed': True}, {'name': 'no share dilution', 'passed': True}, {'name': 'gross margin improving', 'passed': True}, {'name': 'asset turnover improving', 'passed': True}]}"
UCB.BR,composite_value,Composite Value,False,0.6024,['top-tier on trailing_pe (percentile 100%)'],[],
UCB.BR,earnings_quality,Earnings Quality,True,1.0,"['FCF/NI=0.62', 'OCF/NI=1.47', 'ratio=-4.04%']",[],
UCB.BR,financial_health,Financial Health,True,1.0,"['D/E=31%', 'leverage=12.4%', 'CR=1.38', 'ratio=0.9', 'coverage=15.7x']",[],
UMI.BR,graham_defensive,Graham Defensive,False,0.75,"['P/E < 15: P/E=10.1', 'P/B < 1.5 or P/E×P/B < 22.5: P/B=2.07', 'Dividend payer: yield=237.00%']",['current ratio < 2'],
UMI.BR,graham_enterprising,Graham Enterprising,True,0.8,"['P/E < 25: P/E=10.1', 'P/B < 3: P/B=2.07', 'ROE > 8%: ROE=22.9%', 'Positive earnings growth: growth=74.2%']",['excessive leverage'],
UMI.BR,graham_net_net,Graham Net-Net,False,0.0,[],['missing NCAV (balance sheet data)'],
UMI.BR,schloss,Schloss Low P/B,False,0.0,[],"['P/B too high', 'too much leverage']",
UMI.BR,deep_value,Deep Value,False,0.5,['EV/EBITDA=4.8'],['P/B not below 1.0'],
UMI.BR,earnings_yield,Earnings Yield,True,0.8277,['E/P=9.9% (P/E=10.1)'],[],
UMI.BR,fcf_yield,FCF Yield,True,1.0,['FCF yield=10.7%'],[],
UMI.BR,low_pe_high_yield,Low P/E + High Yield,True,1.0,"['P/E=10.1', 'yield=237.0%']",[],
UMI.BR,lynch_peg,Lynch PEG,True,0.8643,"['PEG=0.14', 'growth=74.2%']",[],
UMI.BR,neff_pegy,Neff PEGY,True,0.9676,"['PEGY=0.03', 'growth=74.2%', 'yield=237.0%']",[],
UMI.BR,quality_value,Quality Value,False,0.6,"['ROE >= 12%: ROE=22.9%', 'P/E < 20: P/E=10.1', 'FCF yield >= 3%: FCF yield=10.7%']","['thin margins', 'high leverage']",
UMI.BR,buffett_quality,Buffett Quality,False,0.5,"['ROE >= 15%: ROE=22.9%', 'P/E < 25.0: P/E=10.1']","['too much debt', 'thin margins']",
UMI.BR,economic_moat,Economic Moat,False,0.25,['high ROE=22.9%'],"['ROA below 8%', 'margins below 12%', 'leverage too high']",
UMI.BR,high_dividend,High Dividend Yield,False,0.4375,"['yield=237.0%', 'universe rank 44%']",['not in top quartile for yield'],
UMI.BR,dividend_growth,Dividend Growth,True,1.0,"['dividend payer: yield=237.0%', 'earnings growth: growth=74.2%', 'reasonable P/E: P/E=10.1']",[],
UMI.BR,magic_formula,Magic Formula,True,0.9056,"['earnings yield rank 98%', 'ROIC rank 84%']",[],
UMI.BR,acquirers_multiple,Acquirer's Multiple,True,0.9329,"['EV/EBIT=6.3', 'universe rank 93%']",[],
UMI.BR,dreman_contrarian,Dreman Contrarian,False,0.6138,['low P/E rank 89%'],"['P/B not cheap vs universe', 'dividend yield below median']",
UMI.BR,piotroski_f,Piotroski F-Score,True,1.0,"['F-Score=9/9', 'positive net income', 'positive operating cash flow', 'ROA improving', 'OCF > net income', 'leverage declining', 'current ratio improving', 'no share dilution', 'gross margin improving', 'asset turnover improving']",[],"{'f_score': 9, 'max_score': 9, 'components': [{'name': 'positive net income', 'passed': True}, {'name': 'positive operating cash flow', 'passed': True}, {'name': 'ROA improving', 'passed': True}, {'name': 'OCF > net income', 'passed': True}, {'name': 'leverage declining', 'passed': True}, {'name': 'current ratio improving', 'passed': True}, {'name': 'no share dilution', 'passed': True}, {'name': 'gross margin improving', 'passed': True}, {'name': 'asset turnover improving', 'passed': True}]}"
UMI.BR,composite_value,Composite Value,True,0.8538,"['top-tier on trailing_pe (percentile 95%)', 'top-tier on price_to_book (percentile 82%)', 'top-tier on fcf_yield (percentile 92%)', 'top-tier on ev_ebitda (percentile 98%)']",[],
UMI.BR,earnings_quality,Earnings Quality,True,1.0,"['FCF/NI=1.39', 'OCF/NI=1.85', 'ratio=-3.45%']",[],
UMI.BR,financial_health,Financial Health,False,0.8,"['leverage=30.2%', 'CR=1.36', 'ratio=1.1', 'coverage=7.9x']",['high debt to equity'],
WDP.BR,graham_defensive,Graham Defensive,False,0.75,"['P/E < 15: P/E=11.1', 'P/B < 1.5 or P/E×P/B < 22.5: P/B=0.91', 'Dividend payer: yield=637.00%']",['current ratio < 2'],
WDP.BR,graham_enterprising,Graham Enterprising,True,1.0,"['P/E < 25: P/E=11.1', 'P/B < 3: P/B=0.91', 'Debt/equity < 100%: D/E=76%', 'ROE > 8%: ROE=8.2%', 'Positive earnings growth: growth=22.7%']",[],
WDP.BR,graham_net_net,Graham Net-Net,False,0.0,[],['missing NCAV (balance sheet data)'],
WDP.BR,schloss,Schloss Low P/B,False,0.5,['P/B < 1.2: P/B=0.91'],['too much leverage'],
WDP.BR,deep_value,Deep Value,False,0.5,['P/B=0.91'],['EV/EBITDA not below 8'],
WDP.BR,earnings_yield,Earnings Yield,True,0.7528,['E/P=9.0% (P/E=11.1)'],[],
WDP.BR,fcf_yield,FCF Yield,False,0.4161,['FCF yield=4.2%'],['FCF yield 4.2% below 5%'],
WDP.BR,low_pe_high_yield,Low P/E + High Yield,True,1.0,"['P/E=11.1', 'yield=637.0%']",[],
WDP.BR,lynch_peg,Lynch PEG,True,0.5123,"['PEG=0.49', 'growth=22.7%']",[],
WDP.BR,neff_pegy,Neff PEGY,True,0.9832,"['PEGY=0.02', 'growth=22.7%', 'yield=637.0%']",[],
WDP.BR,quality_value,Quality Value,False,0.8,"['Profit margin >= 5%: margin=70.8%', 'Debt/equity < 80%: D/E=76%', 'P/E < 20: P/E=11.1', 'FCF yield >= 3%: FCF yield=4.2%']",['ROE below 12%'],
WDP.BR,buffett_quality,Buffett Quality,False,0.5,"['margin >= 8%: margin=70.8%', 'P/E < 25.0: P/E=11.1']","['ROE too low', 'too much debt']",
WDP.BR,economic_moat,Economic Moat,False,0.25,['wide margin=70.8%'],"['ROE below 18%', 'ROA below 8%', 'leverage too high']",
WDP.BR,high_dividend,High Dividend Yield,True,0.9271,"['yield=637.0%', 'universe rank 93%']",[],
WDP.BR,dividend_growth,Dividend Growth,True,1.0,"['dividend payer: yield=637.0%', 'earnings growth: growth=22.7%', 'reasonable P/E: P/E=11.1']",[],
WDP.BR,magic_formula,Magic Formula,False,0.3266,[],['below top half on combined Magic Formula rank'],
WDP.BR,acquirers_multiple,Acquirer's Multiple,False,0.4329,"['EV/EBIT=20.4', 'universe rank 43%']","['EV/EBIT 20.4 above 12.0', 'not in top 40% cheapest on EV/EBIT']",
WDP.BR,dreman_contrarian,Dreman Contrarian,True,0.8782,"['low P/E rank 84%', 'low P/B rank 87%', 'dividend rank 93%']",[],
WDP.BR,piotroski_f,Piotroski F-Score,False,0.5556,"['F-Score=5/9', 'positive net income', 'positive operating cash flow', 'OCF > net income', 'gross margin improving', 'asset turnover improving']","['F-Score 5/9 below 7', 'ROA improving', 'leverage declining', 'current ratio improving', 'no share dilution']","{'f_score': 5, 'max_score': 9, 'components': [{'name': 'positive net income', 'passed': True}, {'name': 'positive operating cash flow', 'passed': True}, {'name': 'ROA improving', 'passed': False}, {'name': 'OCF > net income', 'passed': True}, {'name': 'leverage declining', 'passed': False}, {'name': 'current ratio improving', 'passed': False}, {'name': 'no share dilution', 'passed': False}, {'name': 'gross margin improving', 'passed': True}, {'name': 'asset turnover improving', 'passed': True}]}"
WDP.BR,composite_value,Composite Value,False,0.5,['top-tier on ev_ebitda (percentile 100%)'],[],
WDP.BR,earnings_quality,Earnings Quality,False,0.6667,"['OCF/NI=1.12', 'ratio=-0.49%']",['weak free-cash conversion'],
WDP.BR,financial_health,Financial Health,False,0.6,"['D/E=76%', 'leverage=39.3%', 'coverage=5.3x']","['weak liquidity', 'high net debt/EBITDA']",
NOVN.SW,graham_defensive,Graham Defensive,False,0.25,['Dividend payer: yield=316.00%'],"['P/E >= 15', 'valuation too rich on P/B or P/E×P/B', 'current ratio < 2']",
NOVN.SW,graham_enterprising,Graham Enterprising,False,0.4,"['P/E < 25: P/E=22.8', 'ROE > 8%: ROE=30.3%']","['P/B >= 3', 'excessive leverage', 'negative earnings growth']",
NOVN.SW,graham_net_net,Graham Net-Net,False,0.0,[],['missing NCAV (balance sheet data)'],
NOVN.SW,schloss,Schloss Low P/B,False,0.0,[],"['P/B too high', 'too much leverage']",
NOVN.SW,deep_value,Deep Value,False,0.0,[],"['P/B not below 1.0', 'EV/EBITDA not below 8']",
NOVN.SW,earnings_yield,Earnings Yield,False,0.3654,['E/P=4.4% (P/E=22.8)'],['earnings yield 4.4% below 8%'],
NOVN.SW,fcf_yield,FCF Yield,True,0.523,['FCF yield=5.2%'],[],
NOVN.SW,low_pe_high_yield,Low P/E + High Yield,False,0.5,['yield=316.0%'],['P/E not below 12.0'],
NOVN.SW,lynch_peg,Lynch PEG,False,0.2,[],['missing or negative earnings growth'],
NOVN.SW,neff_pegy,Neff PEGY,True,0.9237,"['PEGY=0.08', 'growth=-17.0%', 'yield=316.0%']",[],
NOVN.SW,quality_value,Quality Value,False,0.6,"['ROE >= 12%: ROE=30.3%', 'Profit margin >= 5%: margin=22.5%', 'FCF yield >= 3%: FCF yield=5.2%']","['high leverage', 'P/E >= 20']",
NOVN.SW,buffett_quality,Buffett Quality,True,0.75,"['ROE >= 15%: ROE=30.3%', 'margin >= 8%: margin=22.5%', 'P/E < 25.0: P/E=22.8']",['too much debt'],
NOVN.SW,economic_moat,Economic Moat,True,0.75,"['high ROE=30.3%', 'solid ROA=12.6%', 'wide margin=22.5%']",['leverage too high'],
NOVN.SW,high_dividend,High Dividend Yield,False,0.5417,"['yield=316.0%', 'universe rank 54%']",['not in top quartile for yield'],
NOVN.SW,dividend_growth,Dividend Growth,True,0.6667,"['dividend payer: yield=316.0%', 'reasonable P/E: P/E=22.8']",['earnings not growing'],
NOVN.SW,magic_formula,Magic Formula,True,0.7762,"['earnings yield rank 67%', 'ROIC rank 88%']",[],
NOVN.SW,acquirers_multiple,Acquirer's Multiple,False,0.628,"['EV/EBIT=15.0', 'universe rank 63%']",['EV/EBIT 15.0 above 12.0'],
NOVN.SW,dreman_contrarian,Dreman Contrarian,False,0.3643,['dividend rank 54%'],"['P/E not in bottom quartile', 'P/B not cheap vs universe']",
NOVN.SW,piotroski_f,Piotroski F-Score,True,0.8889,"['F-Score=8/9', 'positive net income', 'positive operating cash flow', 'ROA improving', 'OCF > net income', 'current ratio improving', 'no share dilution', 'gross margin improving', 'asset turnover improving']",['leverage declining'],"{'f_score': 8, 'max_score': 9, 'components': [{'name': 'positive net income', 'passed': True}, {'name': 'positive operating cash flow', 'passed': True}, {'name': 'ROA improving', 'passed': True}, {'name': 'OCF > net income', 'passed': True}, {'name': 'leverage declining', 'passed': False}, {'name': 'current ratio improving', 'passed': True}, {'name': 'no share dilution', 'passed': True}, {'name': 'gross margin improving', 'passed': True}, {'name': 'asset turnover improving', 'passed': True}]}"
NOVN.SW,composite_value,Composite Value,True,0.6564,"['top-tier on trailing_pe (percentile 71%)', 'top-tier on dividend_yield (percentile 80%)', 'top-tier on fcf_yield (percentile 73%)', 'top-tier on ev_ebitda (percentile 79%)']",[],
NOVN.SW,earnings_quality,Earnings Quality,True,1.0,"['FCF/NI=0.85', 'OCF/NI=1.37', 'ratio=-4.65%']",[],
NOVN.SW,financial_health,Financial Health,False,0.8,"['leverage=31.9%', 'CR=1.12', 'ratio=1.8', 'coverage=15.4x']",['high debt to equity'],
RO.SW,graham_defensive,Graham Defensive,False,0.25,['Dividend payer: yield=273.00%'],"['P/E >= 15', 'valuation too rich on P/B or P/E×P/B', 'current ratio < 2']",
RO.SW,graham_enterprising,Graham Enterprising,False,0.6,"['P/E < 25: P/E=24.0', 'Debt/equity < 100%: D/E=91%', 'ROE > 8%: ROE=38.1%']","['P/B >= 3', 'negative earnings growth']",
RO.SW,graham_net_net,Graham Net-Net,False,0.0,[],['missing NCAV (balance sheet data)'],
RO.SW,schloss,Schloss Low P/B,False,0.0,[],"['P/B too high', 'too much leverage']",
RO.SW,deep_value,Deep Value,False,0.0,[],"['P/B not below 1.0', 'EV/EBITDA not below 8']",
RO.SW,earnings_yield,Earnings Yield,False,0.3466,['E/P=4.2% (P/E=24.0)'],['earnings yield 4.2% below 8%'],
RO.SW,fcf_yield,FCF Yield,False,0.3513,['FCF yield=3.5%'],['FCF yield 3.5% below 5%'],
RO.SW,low_pe_high_yield,Low P/E + High Yield,False,0.5,['yield=273.0%'],['P/E not below 12.0'],
RO.SW,lynch_peg,Lynch PEG,False,0.2,[],['missing or negative earnings growth'],
RO.SW,neff_pegy,Neff PEGY,True,0.9094,"['PEGY=0.09', 'growth=-7.7%', 'yield=273.0%']",[],
RO.SW,quality_value,Quality Value,False,0.6,"['ROE >= 12%: ROE=38.1%', 'Profit margin >= 5%: margin=19.6%', 'FCF yield >= 3%: FCF yield=3.5%']","['high leverage', 'P/E >= 20']",
RO.SW,buffett_quality,Buffett Quality,True,0.75,"['ROE >= 15%: ROE=38.1%', 'margin >= 8%: margin=19.6%', 'P/E < 25.0: P/E=24.0']",['too much debt'],
RO.SW,economic_moat,Economic Moat,True,0.75,"['high ROE=38.1%', 'solid ROA=12.8%', 'wide margin=19.6%']",['leverage too high'],
RO.SW,high_dividend,High Dividend Yield,False,0.4896,"['yield=273.0%', 'universe rank 49%']",['not in top quartile for yield'],
RO.SW,dividend_growth,Dividend Growth,True,0.6667,"['dividend payer: yield=273.0%', 'reasonable P/E: P/E=24.0']",['earnings not growing'],
RO.SW,magic_formula,Magic Formula,True,0.7685,"['earnings yield rank 62%', 'ROIC rank 92%']",[],
RO.SW,acquirers_multiple,Acquirer's Multiple,False,0.5732,"['EV/EBIT=17.0', 'universe rank 57%']","['EV/EBIT 17.0 above 12.0', 'not in top 40% cheapest on EV/EBIT']",
RO.SW,dreman_contrarian,Dreman Contrarian,False,0.3206,[],"['P/E not in bottom quartile', 'P/B not cheap vs universe', 'dividend yield below median']",
RO.SW,piotroski_f,Piotroski F-Score,True,0.7778,"['F-Score=7/9', 'positive net income', 'positive operating cash flow', 'ROA improving', 'OCF > net income', 'leverage declining', 'no share dilution', 'asset turnover improving']","['current ratio improving', 'gross margin improving']","{'f_score': 7, 'max_score': 9, 'components': [{'name': 'positive net income', 'passed': True}, {'name': 'positive operating cash flow', 'passed': True}, {'name': 'ROA improving', 'passed': True}, {'name': 'OCF > net income', 'passed': True}, {'name': 'leverage declining', 'passed': True}, {'name': 'current ratio improving', 'passed': False}, {'name': 'no share dilution', 'passed': True}, {'name': 'gross margin improving', 'passed': False}, {'name': 'asset turnover improving', 'passed': True}]}"
RO.SW,composite_value,Composite Value,False,0.5105,[],[],
RO.SW,earnings_quality,Earnings Quality,True,1.0,"['FCF/NI=0.80', 'OCF/NI=1.46', 'ratio=-5.93%']",[],
RO.SW,financial_health,Financial Health,False,0.8,"['leverage=33.0%', 'CR=1.38', 'ratio=1.0', 'coverage=13.7x']",['high debt to equity'],
NESN.SW,graham_defensive,Graham Defensive,False,0.25,['Dividend payer: yield=412.00%'],"['P/E >= 15', 'valuation too rich on P/B or P/E×P/B', 'current ratio < 2']",
NESN.SW,graham_enterprising,Graham Enterprising,False,0.2,['ROE > 8%: ROE=26.2%'],"['P/E >= 25', 'P/B >= 3', 'excessive leverage', 'negative earnings growth']",
NESN.SW,graham_net_net,Graham Net-Net,False,0.0,[],['missing NCAV (balance sheet data)'],
NESN.SW,schloss,Schloss Low P/B,False,0.0,[],"['P/B too high', 'too much leverage']",
NESN.SW,deep_value,Deep Value,False,0.0,[],"['P/B not below 1.0', 'EV/EBITDA not below 8']",
NESN.SW,earnings_yield,Earnings Yield,False,0.3197,['E/P=3.8% (P/E=26.1)'],['earnings yield 3.8% below 8%'],
NESN.SW,fcf_yield,FCF Yield,False,0.2257,['FCF yield=2.3%'],['FCF yield 2.3% below 5%'],
NESN.SW,low_pe_high_yield,Low P/E + High Yield,False,0.5,['yield=412.0%'],['P/E not below 12.0'],
NESN.SW,lynch_peg,Lynch PEG,False,0.2,[],['missing or negative earnings growth'],
NESN.SW,neff_pegy,Neff PEGY,True,0.9315,"['PEGY=0.07', 'growth=-31.5%', 'yield=412.0%']",[],
NESN.SW,quality_value,Quality Value,False,0.4,"['ROE >= 12%: ROE=26.2%', 'Profit margin >= 5%: margin=8.4%']","['high leverage', 'P/E >= 20', 'FCF yield below 3%']",
NESN.SW,buffett_quality,Buffett Quality,False,0.5,"['ROE >= 15%: ROE=26.2%', 'margin >= 8%: margin=8.4%']","['too much debt', 'P/E too high']",
NESN.SW,economic_moat,Economic Moat,False,0.25,['high ROE=26.2%'],"['ROA below 8%', 'margins below 12%', 'leverage too high']",
NESN.SW,high_dividend,High Dividend Yield,False,0.7292,"['yield=412.0%', 'universe rank 73%']",['not in top quartile for yield'],
NESN.SW,dividend_growth,Dividend Growth,False,0.3333,['dividend payer: yield=412.0%'],"['earnings not growing', 'P/E out of range']",
NESN.SW,magic_formula,Magic Formula,True,0.6583,"['earnings yield rank 57%', 'ROIC rank 74%']",[],
NESN.SW,acquirers_multiple,Acquirer's Multiple,False,0.5305,"['EV/EBIT=17.9', 'universe rank 53%']","['EV/EBIT 17.9 above 12.0', 'not in top 40% cheapest on EV/EBIT']",
NESN.SW,dreman_contrarian,Dreman Contrarian,False,0.4068,['dividend rank 73%'],"['P/E not in bottom quartile', 'P/B not cheap vs universe']",
NESN.SW,piotroski_f,Piotroski F-Score,False,0.6667,"['F-Score=6/9', 'positive net income', 'positive operating cash flow', 'OCF > net income', 'leverage declining', 'no share dilution', 'asset turnover improving']","['F-Score 6/9 below 7', 'ROA improving', 'current ratio improving', 'gross margin improving']","{'f_score': 6, 'max_score': 9, 'components': [{'name': 'positive net income', 'passed': True}, {'name': 'positive operating cash flow', 'passed': True}, {'name': 'ROA improving', 'passed': False}, {'name': 'OCF > net income', 'passed': True}, {'name': 'leverage declining', 'passed': True}, {'name': 'current ratio improving', 'passed': False}, {'name': 'no share dilution', 'passed': True}, {'name': 'gross margin improving', 'passed': False}, {'name': 'asset turnover improving', 'passed': True}]}"
NESN.SW,composite_value,Composite Value,False,0.347,['top-tier on dividend_yield (percentile 93%)'],[],
NESN.SW,earnings_quality,Earnings Quality,False,0.6667,"['OCF/NI=1.76', 'ratio=-5.40%']",['weak free-cash conversion'],
NESN.SW,financial_health,Financial Health,False,0.6,"['leverage=45.5%', 'ratio=3.4', 'coverage=7.7x']","['high debt to equity', 'weak liquidity']",
ABBN.SW,graham_defensive,Graham Defensive,False,0.25,['Dividend payer: yield=114.00%'],"['P/E >= 15', 'valuation too rich on P/B or P/E×P/B', 'current ratio < 2']",
ABBN.SW,graham_enterprising,Graham Enterprising,False,0.6,"['Debt/equity < 100%: D/E=56%', 'ROE > 8%: ROE=32.6%', 'Positive earnings growth: growth=8.2%']","['P/E >= 25', 'P/B >= 3']",
ABBN.SW,graham_net_net,Graham Net-Net,False,0.0,[],['missing NCAV (balance sheet data)'],
ABBN.SW,schloss,Schloss Low P/B,False,0.0,[],"['P/B too high', 'too much leverage']",
ABBN.SW,deep_value,Deep Value,False,0.0,[],"['P/B not below 1.0', 'EV/EBITDA not below 8']",
ABBN.SW,earnings_yield,Earnings Yield,False,0.2273,['E/P=2.7% (P/E=36.7)'],['earnings yield 2.7% below 8%'],
ABBN.SW,fcf_yield,FCF Yield,False,0.1086,['FCF yield=1.1%'],['FCF yield 1.1% below 5%'],
ABBN.SW,low_pe_high_yield,Low P/E + High Yield,False,0.5,['yield=114.0%'],['P/E not below 12.0'],
ABBN.SW,lynch_peg,Lynch PEG,False,0.0,"['PEG=4.47', 'growth=8.2%']",['PEG 4.47 >= 1.0'],
ABBN.SW,neff_pegy,Neff PEGY,True,0.6999,"['PEGY=0.30', 'growth=8.2%', 'yield=114.0%']",[],
ABBN.SW,quality_value,Quality Value,False,0.6,"['ROE >= 12%: ROE=32.6%', 'Profit margin >= 5%: margin=14.1%', 'Debt/equity < 80%: D/E=56%']","['P/E >= 20', 'FCF yield below 3%']",
ABBN.SW,buffett_quality,Buffett Quality,False,0.75,"['ROE >= 15%: ROE=32.6%', 'D/E < 60.0%: D/E=56%', 'margin >= 8%: margin=14.1%']",['P/E too high'],
ABBN.SW,economic_moat,Economic Moat,True,0.75,"['high ROE=32.6%', 'solid ROA=10.5%', 'wide margin=14.1%']",['leverage too high'],
ABBN.SW,high_dividend,High Dividend Yield,False,0.1979,"['yield=114.0%', 'universe rank 20%']",['not in top quartile for yield'],
ABBN.SW,dividend_growth,Dividend Growth,True,0.6667,"['dividend payer: yield=114.0%', 'earnings growth: growth=8.2%']",['P/E out of range'],
ABBN.SW,magic_formula,Magic Formula,True,0.5676,['ROIC rank 85%'],[],
ABBN.SW,acquirers_multiple,Acquirer's Multiple,False,0.2439,"['EV/EBIT=26.8', 'universe rank 24%']","['EV/EBIT 26.8 above 12.0', 'not in top 40% cheapest on EV/EBIT']",
ABBN.SW,dreman_contrarian,Dreman Contrarian,False,0.1442,[],"['P/E not in bottom quartile', 'P/B not cheap vs universe', 'dividend yield below median']",
ABBN.SW,piotroski_f,Piotroski F-Score,True,0.7778,"['F-Score=7/9', 'positive net income', 'positive operating cash flow', 'ROA improving', 'OCF > net income', 'current ratio improving', 'no share dilution', 'gross margin improving']","['leverage declining', 'asset turnover improving']","{'f_score': 7, 'max_score': 9, 'components': [{'name': 'positive net income', 'passed': True}, {'name': 'positive operating cash flow', 'passed': True}, {'name': 'ROA improving', 'passed': True}, {'name': 'OCF > net income', 'passed': True}, {'name': 'leverage declining', 'passed': False}, {'name': 'current ratio improving', 'passed': True}, {'name': 'no share dilution', 'passed': True}, {'name': 'gross margin improving', 'passed': True}, {'name': 'asset turnover improving', 'passed': False}]}"
ABBN.SW,composite_value,Composite Value,False,0.1675,[],[],
ABBN.SW,earnings_quality,Earnings Quality,False,0.6667,"['OCF/NI=1.16', 'ratio=-1.64%']",['weak free-cash conversion'],
ABBN.SW,financial_health,Financial Health,True,1.0,"['D/E=56%', 'leverage=20.3%', 'CR=1.56', 'ratio=0.5', 'coverage=66.6x']",[],
UBSG.SW,graham_defensive,Graham Defensive,False,0.25,['Dividend payer: yield=213.00%'],"['P/E >= 15', 'valuation too rich on P/B or P/E×P/B', 'current ratio < 2']",
UBSG.SW,graham_enterprising,Graham Enterprising,True,0.8,"['P/E < 25: P/E=16.9', 'P/B < 3: P/B=1.62', 'ROE > 8%: ROE=10.7%', 'Positive earnings growth: growth=20.6%']",['excessive leverage'],
UBSG.SW,graham_net_net,Graham Net-Net,False,0.0,[],['missing NCAV (balance sheet data)'],
UBSG.SW,schloss,Schloss Low P/B,False,0.0,[],"['P/B too high', 'too much leverage']",
UBSG.SW,deep_value,Deep Value,False,0.0,[],"['P/B not below 1.0', 'EV/EBITDA not below 8']",
UBSG.SW,earnings_yield,Earnings Yield,False,0.4937,['E/P=5.9% (P/E=16.9)'],['earnings yield 5.9% below 8%'],
UBSG.SW,fcf_yield,FCF Yield,False,1.0,['FCF yield=nan%'],['FCF yield nan% below 5%'],
UBSG.SW,low_pe_high_yield,Low P/E + High Yield,False,0.5,['yield=213.0%'],['P/E not below 12.0'],
UBSG.SW,lynch_peg,Lynch PEG,True,0.1806,"['PEG=0.82', 'growth=20.6%']",[],
UBSG.SW,neff_pegy,Neff PEGY,True,0.9277,"['PEGY=0.07', 'growth=20.6%', 'yield=213.0%']",[],
UBSG.SW,quality_value,Quality Value,False,0.4,"['Profit margin >= 5%: margin=17.9%', 'P/E < 20: P/E=16.9']","['ROE below 12%', 'high leverage', 'FCF yield below 3%']",
UBSG.SW,buffett_quality,Buffett Quality,False,0.5,"['margin >= 8%: margin=17.9%', 'P/E < 25.0: P/E=16.9']","['ROE too low', 'too much debt']",
UBSG.SW,economic_moat,Economic Moat,False,0.25,['wide margin=17.9%'],"['ROE below 18%', 'ROA below 8%', 'leverage too high']",
UBSG.SW,high_dividend,High Dividend Yield,False,0.4219,"['yield=213.0%', 'universe rank 42%']",['not in top quartile for yield'],
UBSG.SW,dividend_growth,Dividend Growth,True,1.0,"['dividend payer: yield=213.0%', 'earnings growth: growth=20.6%', 'reasonable P/E: P/E=16.9']",[],
UBSG.SW,magic_formula,Magic Formula,False,0.0,[],['missing EBIT/EV or ROIC inputs'],
UBSG.SW,acquirers_multiple,Acquirer's Multiple,False,0.0,[],['could not rank EV/EBIT'],
UBSG.SW,dreman_contrarian,Dreman Contrarian,False,0.5361,['low P/B rank 63%'],"['P/E not in bottom quartile', 'dividend yield below median']",
UBSG.SW,piotroski_f,Piotroski F-Score,True,0.7778,"['F-Score=7/9', 'positive net income', 'positive operating cash flow', 'ROA improving', 'OCF > net income', 'leverage declining', 'no share dilution', 'asset turnover improving']","['current ratio improving', 'gross margin improving']","{'f_score': 7, 'max_score': 9, 'components': [{'name': 'positive net income', 'passed': True}, {'name': 'positive operating cash flow', 'passed': True}, {'name': 'ROA improving', 'passed': True}, {'name': 'OCF > net income', 'passed': True}, {'name': 'leverage declining', 'passed': True}, {'name': 'current ratio improving', 'passed': False}, {'name': 'no share dilution', 'passed': True}, {'name': 'gross margin improving', 'passed': False}, {'name': 'asset turnover improving', 'passed': True}]}"
UBSG.SW,composite_value,Composite Value,False,0.2613,[],"['missing fcf_yield', 'missing ev_ebitda']",
UBSG.SW,earnings_quality,Earnings Quality,False,0.6667,"['OCF/NI=2.81', 'ratio=-0.87%']",['weak free-cash conversion'],
UBSG.SW,financial_health,Financial Health,False,0.4,"['leverage=20.8%', 'insufficient data — skipped']","['high debt to equity', 'weak liquidity', 'weak interest coverage']",
CFR.SW,graham_defensive,Graham Defensive,False,0.5,"['Current ratio >= 2: CR=3.10', 'Dividend payer: yield=189.00%']","['P/E >= 15', 'valuation too rich on P/B or P/E×P/B']",
CFR.SW,graham_enterprising,Graham Enterprising,False,0.4,"['Debt/equity < 100%: D/E=56%', 'ROE > 8%: ROE=15.0%']","['P/E >= 25', 'P/B >= 3', 'negative earnings growth']",
CFR.SW,graham_net_net,Graham Net-Net,False,0.0,[],['missing NCAV (balance sheet data)'],
CFR.SW,schloss,Schloss Low P/B,False,0.0,[],"['P/B too high', 'too much leverage']",
CFR.SW,deep_value,Deep Value,False,0.0,[],"['P/B not below 1.0', 'EV/EBITDA not below 8']",
CFR.SW,earnings_yield,Earnings Yield,False,0.2628,['E/P=3.2% (P/E=31.7)'],['earnings yield 3.2% below 8%'],
CFR.SW,fcf_yield,FCF Yield,False,0.2542,['FCF yield=2.5%'],['FCF yield 2.5% below 5%'],
CFR.SW,low_pe_high_yield,Low P/E + High Yield,False,0.5,['yield=189.0%'],['P/E not below 12.0'],
CFR.SW,lynch_peg,Lynch PEG,False,0.2,[],['missing or negative earnings growth'],
CFR.SW,neff_pegy,Neff PEGY,True,0.804,"['PEGY=0.20', 'growth=-27.2%', 'yield=189.0%']",[],
CFR.SW,quality_value,Quality Value,False,0.6,"['ROE >= 12%: ROE=15.0%', 'Profit margin >= 5%: margin=15.5%', 'Debt/equity < 80%: D/E=56%']","['P/E >= 20', 'FCF yield below 3%']",
CFR.SW,buffett_quality,Buffett Quality,False,0.5,"['D/E < 60.0%: D/E=56%', 'margin >= 8%: margin=15.5%']","['ROE too low', 'P/E too high']",
CFR.SW,economic_moat,Economic Moat,False,0.5,"['solid ROA=8.2%', 'wide margin=15.5%']","['ROE below 18%', 'leverage too high']",
CFR.SW,high_dividend,High Dividend Yield,False,0.3594,"['yield=189.0%', 'universe rank 36%']",['not in top quartile for yield'],
CFR.SW,dividend_growth,Dividend Growth,False,0.3333,['dividend payer: yield=189.0%'],"['earnings not growing', 'P/E out of range']",
CFR.SW,magic_formula,Magic Formula,True,0.5381,['ROIC rank 62%'],[],
CFR.SW,acquirers_multiple,Acquirer's Multiple,False,0.4085,"['EV/EBIT=21.4', 'universe rank 41%']","['EV/EBIT 21.4 above 12.0', 'not in top 40% cheapest on EV/EBIT']",
CFR.SW,dreman_contrarian,Dreman Contrarian,False,0.2749,[],"['P/E not in bottom quartile', 'P/B not cheap vs universe', 'dividend yield below median']",
CFR.SW,piotroski_f,Piotroski F-Score,True,0.8889,"['F-Score=8/9', 'positive net income', 'positive operating cash flow', 'ROA improving', 'OCF > net income', 'leverage declining', 'current ratio improving', 'no share dilution', 'asset turnover improving']",['gross margin improving'],"{'f_score': 8, 'max_score': 9, 'components': [{'name': 'positive net income', 'passed': True}, {'name': 'positive operating cash flow', 'passed': True}, {'name': 'ROA improving', 'passed': True}, {'name': 'OCF > net income', 'passed': True}, {'name': 'leverage declining', 'passed': True}, {'name': 'current ratio improving', 'passed': True}, {'name': 'no share dilution', 'passed': True}, {'name': 'gross margin improving', 'passed': False}, {'name': 'asset turnover improving', 'passed': True}]}"
CFR.SW,composite_value,Composite Value,False,0.3107,[],[],
CFR.SW,earnings_quality,Earnings Quality,True,1.0,"['FCF/NI=0.74', 'OCF/NI=1.40', 'ratio=-3.28%']",[],
CFR.SW,financial_health,Financial Health,True,1.0,"['D/E=56%', 'leverage=31.7%', 'CR=3.10', 'ratio=-0.7', 'coverage=15.2x']",[],
ZURN.SW,graham_defensive,Graham Defensive,False,0.75,"['P/E < 15: P/E=14.6', 'Current ratio >= 2: CR=27.19', 'Dividend payer: yield=520.00%']",['valuation too rich on P/B or P/E×P/B'],
ZURN.SW,graham_enterprising,Graham Enterprising,False,0.8,"['P/E < 25: P/E=14.6', 'Debt/equity < 100%: D/E=46%', 'ROE > 8%: ROE=25.7%', 'Positive earnings growth: growth=10.2%']",['P/B >= 3'],
ZURN.SW,graham_net_net,Graham Net-Net,False,0.0,[],['missing NCAV (balance sheet data)'],
ZURN.SW,schloss,Schloss Low P/B,False,0.5,['D/E < 50.0%: D/E=46%'],['P/B too high'],
ZURN.SW,deep_value,Deep Value,False,0.5,['EV/EBITDA=6.1'],['P/B not below 1.0'],
ZURN.SW,earnings_yield,Earnings Yield,False,0.569,['E/P=6.8% (P/E=14.6)'],['earnings yield 6.8% below 8%'],
ZURN.SW,fcf_yield,FCF Yield,False,0.0,['FCF yield=-0.5%'],['FCF yield -0.5% below 5%'],
ZURN.SW,low_pe_high_yield,Low P/E + High Yield,False,0.5,['yield=520.0%'],['P/E not below 12.0'],
ZURN.SW,lynch_peg,Lynch PEG,False,0.0,"['PEG=1.44', 'growth=10.2%']",['PEG 1.44 >= 1.0'],
ZURN.SW,neff_pegy,Neff PEGY,True,0.9724,"['PEGY=0.03', 'growth=10.2%', 'yield=520.0%']",[],
ZURN.SW,quality_value,Quality Value,True,0.8,"['ROE >= 12%: ROE=25.7%', 'Profit margin >= 5%: margin=9.4%', 'Debt/equity < 80%: D/E=46%', 'P/E < 20: P/E=14.6']",['FCF yield below 3%'],
ZURN.SW,buffett_quality,Buffett Quality,True,1.0,"['ROE >= 15%: ROE=25.7%', 'D/E < 60.0%: D/E=46%', 'margin >= 8%: margin=9.4%', 'P/E < 25.0: P/E=14.6']",[],
ZURN.SW,economic_moat,Economic Moat,False,0.5,"['high ROE=25.7%', 'low leverage D/E=46%']","['ROA below 8%', 'margins below 12%']",
ZURN.SW,high_dividend,High Dividend Yield,True,0.8385,"['yield=520.0%', 'universe rank 84%']",[],
ZURN.SW,dividend_growth,Dividend Growth,True,1.0,"['dividend payer: yield=520.0%', 'earnings growth: growth=10.2%', 'reasonable P/E: P/E=14.6']",[],
ZURN.SW,magic_formula,Magic Formula,False,0.0,[],['missing EBIT/EV or ROIC inputs'],
ZURN.SW,acquirers_multiple,Acquirer's Multiple,True,0.9268,"['EV/EBIT=6.6', 'universe rank 93%']",[],
ZURN.SW,dreman_contrarian,Dreman Contrarian,False,0.6019,['dividend rank 84%'],"['P/E not in bottom quartile', 'P/B not cheap vs universe']",
ZURN.SW,piotroski_f,Piotroski F-Score,False,0.5556,"['F-Score=5/9', 'positive net income', 'positive operating cash flow', 'ROA improving', 'leverage declining', 'no share dilution']","['F-Score 5/9 below 7', 'OCF > net income', 'current ratio improving', 'gross margin improving', 'asset turnover improving']","{'f_score': 5, 'max_score': 9, 'components': [{'name': 'positive net income', 'passed': True}, {'name': 'positive operating cash flow', 'passed': True}, {'name': 'ROA improving', 'passed': True}, {'name': 'OCF > net income', 'passed': False}, {'name': 'leverage declining', 'passed': True}, {'name': 'current ratio improving', 'passed': False}, {'name': 'no share dilution', 'passed': True}, {'name': 'gross margin improving', 'passed': False}, {'name': 'asset turnover improving', 'passed': False}]}"
ZURN.SW,composite_value,Composite Value,False,0.3499,[],[],
ZURN.SW,earnings_quality,Earnings Quality,False,0.6667,"['OCF/NI=0.87', 'ratio=0.22%']",['weak free-cash conversion'],
ZURN.SW,financial_health,Financial Health,False,0.8,"['D/E=46%', 'leverage=3.9%', 'ratio=-1.5', 'coverage=22.8x']",['weak liquidity'],
HOLN.SW,graham_defensive,Graham Defensive,False,0.25,['Dividend payer: yield=258.00%'],"['P/E >= 15', 'valuation too rich on P/B or P/E×P/B', 'current ratio < 2']",
HOLN.SW,graham_enterprising,Graham Enterprising,False,0.4,"['P/B < 3: P/B=2.25', 'Debt/equity < 100%: D/E=66%']","['P/E >= 25', 'ROE <= 8%', 'negative earnings growth']",
HOLN.SW,graham_net_net,Graham Net-Net,False,0.0,[],['missing NCAV (balance sheet data)'],
HOLN.SW,schloss,Schloss Low P/B,False,0.0,[],"['P/B too high', 'too much leverage']",
HOLN.SW,deep_value,Deep Value,False,0.0,[],"['P/B not below 1.0', 'EV/EBITDA not below 8']",
HOLN.SW,earnings_yield,Earnings Yield,False,0.091,['E/P=1.1% (P/E=91.6)'],['earnings yield 1.1% below 8%'],
HOLN.SW,fcf_yield,FCF Yield,False,0.3007,['FCF yield=3.0%'],['FCF yield 3.0% below 5%'],
HOLN.SW,low_pe_high_yield,Low P/E + High Yield,False,0.5,['yield=258.0%'],['P/E not below 12.0'],
HOLN.SW,lynch_peg,Lynch PEG,False,0.2,[],['missing or negative earnings growth'],
HOLN.SW,neff_pegy,Neff PEGY,True,0.4454,"['PEGY=0.55', 'growth=-92.9%', 'yield=258.0%']",[],
HOLN.SW,quality_value,Quality Value,False,0.4,"['Debt/equity < 80%: D/E=66%', 'FCF yield >= 3%: FCF yield=3.0%']","['ROE below 12%', 'thin margins', 'P/E >= 20']",
HOLN.SW,buffett_quality,Buffett Quality,False,0.0,[],"['ROE too low', 'too much debt', 'thin margins', 'P/E too high']",
HOLN.SW,economic_moat,Economic Moat,False,0.25,['solid ROA=39.2%'],"['ROE below 18%', 'margins below 12%', 'leverage too high']",
HOLN.SW,high_dividend,High Dividend Yield,False,0.4583,"['yield=258.0%', 'universe rank 46%']",['not in top quartile for yield'],
HOLN.SW,dividend_growth,Dividend Growth,False,0.3333,['dividend payer: yield=258.0%'],"['earnings not growing', 'P/E out of range']",
HOLN.SW,magic_formula,Magic Formula,False,0.441,[],['below top half on combined Magic Formula rank'],
HOLN.SW,acquirers_multiple,Acquirer's Multiple,False,0.4512,"['EV/EBIT=20.0', 'universe rank 45%']","['EV/EBIT 20.0 above 12.0', 'not in top 40% cheapest on EV/EBIT']",
HOLN.SW,dreman_contrarian,Dreman Contrarian,False,0.3225,[],"['P/E not in bottom quartile', 'P/B not cheap vs universe', 'dividend yield below median']",
HOLN.SW,piotroski_f,Piotroski F-Score,False,0.6667,"['F-Score=6/9', 'positive net income', 'positive operating cash flow', 'ROA improving', 'current ratio improving', 'no share dilution', 'asset turnover improving']","['F-Score 6/9 below 7', 'OCF > net income', 'leverage declining', 'gross margin improving']","{'f_score': 6, 'max_score': 9, 'components': [{'name': 'positive net income', 'passed': True}, {'name': 'positive operating cash flow', 'passed': True}, {'name': 'ROA improving', 'passed': True}, {'name': 'OCF > net income', 'passed': False}, {'name': 'leverage declining', 'passed': False}, {'name': 'current ratio improving', 'passed': True}, {'name': 'no share dilution', 'passed': True}, {'name': 'gross margin improving', 'passed': False}, {'name': 'asset turnover improving', 'passed': True}]}"
HOLN.SW,composite_value,Composite Value,False,0.3342,[],[],
HOLN.SW,earnings_quality,Earnings Quality,False,0.0,[],"['weak free-cash conversion', 'operating cash below earnings', 'high accruals vs assets']",
HOLN.SW,financial_health,Financial Health,True,1.0,"['D/E=66%', 'leverage=26.0%', 'CR=1.32', 'ratio=2.5', 'coverage=6.3x']",[],
SREN.SW,graham_defensive,Graham Defensive,False,0.75,"['P/E < 15: P/E=11.0', 'Current ratio >= 2: CR=3.19', 'Dividend payer: yield=437.00%']",['valuation too rich on P/B or P/E×P/B'],
SREN.SW,graham_enterprising,Graham Enterprising,True,1.0,"['P/E < 25: P/E=11.0', 'P/B < 3: P/B=2.09', 'Debt/equity < 100%: D/E=38%', 'ROE > 8%: ROE=20.4%', 'Positive earnings growth: growth=1.0%']",[],
SREN.SW,graham_net_net,Graham Net-Net,False,0.0,[],['missing NCAV (balance sheet data)'],
SREN.SW,schloss,Schloss Low P/B,False,0.5,['D/E < 50.0%: D/E=38%'],['P/B too high'],
SREN.SW,deep_value,Deep Value,False,0.5,['EV/EBITDA=6.5'],['P/B not below 1.0'],
SREN.SW,earnings_yield,Earnings Yield,True,0.7543,['E/P=9.1% (P/E=11.0)'],[],
SREN.SW,fcf_yield,FCF Yield,False,0.4101,['FCF yield=4.1%'],['FCF yield 4.1% below 5%'],
SREN.SW,low_pe_high_yield,Low P/E + High Yield,True,1.0,"['P/E=11.0', 'yield=437.0%']",[],
SREN.SW,lynch_peg,Lynch PEG,False,0.0,"['PEG=11.05', 'growth=1.0%']","['growth 1.0% below 5% floor', 'PEG 11.05 >= 1.0']",
SREN.SW,neff_pegy,Neff PEGY,True,0.9748,"['PEGY=0.03', 'growth=1.0%', 'yield=437.0%']",[],
SREN.SW,quality_value,Quality Value,True,1.0,"['ROE >= 12%: ROE=20.4%', 'Profit margin >= 5%: margin=11.9%', 'Debt/equity < 80%: D/E=38%', 'P/E < 20: P/E=11.0', 'FCF yield >= 3%: FCF yield=4.1%']",[],
SREN.SW,buffett_quality,Buffett Quality,True,1.0,"['ROE >= 15%: ROE=20.4%', 'D/E < 60.0%: D/E=38%', 'margin >= 8%: margin=11.9%', 'P/E < 25.0: P/E=11.0']",[],
SREN.SW,economic_moat,Economic Moat,False,0.5,"['high ROE=20.4%', 'low leverage D/E=38%']","['ROA below 8%', 'margins below 12%']",
SREN.SW,high_dividend,High Dividend Yield,True,0.75,"['yield=437.0%', 'universe rank 75%']",[],
SREN.SW,dividend_growth,Dividend Growth,True,0.6667,"['dividend payer: yield=437.0%', 'reasonable P/E: P/E=11.0']",['earnings not growing'],
SREN.SW,magic_formula,Magic Formula,False,0.0,[],['missing EBIT/EV or ROIC inputs'],
SREN.SW,acquirers_multiple,Acquirer's Multiple,True,0.9207,"['EV/EBIT=6.8', 'universe rank 92%']",[],
SREN.SW,dreman_contrarian,Dreman Contrarian,True,0.7018,"['low P/E rank 84%', 'dividend rank 75%']",['P/B not cheap vs universe'],
SREN.SW,piotroski_f,Piotroski F-Score,False,0.4444,"['F-Score=4/9', 'positive net income', 'positive operating cash flow', 'ROA improving', 'no share dilution']","['F-Score 4/9 below 7', 'OCF > net income', 'leverage declining', 'current ratio improving', 'gross margin improving', 'asset turnover improving']","{'f_score': 4, 'max_score': 9, 'components': [{'name': 'positive net income', 'passed': True}, {'name': 'positive operating cash flow', 'passed': True}, {'name': 'ROA improving', 'passed': True}, {'name': 'OCF > net income', 'passed': False}, {'name': 'leverage declining', 'passed': False}, {'name': 'current ratio improving', 'passed': False}, {'name': 'no share dilution', 'passed': True}, {'name': 'gross margin improving', 'passed': False}, {'name': 'asset turnover improving', 'passed': False}]}"
SREN.SW,composite_value,Composite Value,False,0.5177,['top-tier on trailing_pe (percentile 73%)'],[],
SREN.SW,earnings_quality,Earnings Quality,False,0.3333,['ratio=1.25%'],"['weak free-cash conversion', 'operating cash below earnings']",
SREN.SW,financial_health,Financial Health,False,0.8,"['D/E=38%', 'leverage=6.4%', 'ratio=0.3', 'coverage=15.0x']",['weak liquidity'],
LONN.SW,graham_defensive,Graham Defensive,False,0.25,['Dividend payer: yield=87.00%'],"['P/E >= 15', 'valuation too rich on P/B or P/E×P/B', 'current ratio < 2']",
LONN.SW,graham_enterprising,Graham Enterprising,False,0.6,"['Debt/equity < 100%: D/E=51%', 'ROE > 8%: ROE=12.9%', 'Positive earnings growth: growth=39.2%']","['P/E >= 25', 'P/B >= 3']",
LONN.SW,graham_net_net,Graham Net-Net,False,0.0,[],['missing NCAV (balance sheet data)'],
LONN.SW,schloss,Schloss Low P/B,False,0.0,[],"['P/B too high', 'too much leverage']",
LONN.SW,deep_value,Deep Value,False,0.0,[],"['P/B not below 1.0', 'EV/EBITDA not below 8']",
LONN.SW,earnings_yield,Earnings Yield,False,0.2186,['E/P=2.6% (P/E=38.1)'],['earnings yield 2.6% below 8%'],
LONN.SW,fcf_yield,FCF Yield,False,0.0,['FCF yield=-3.9%'],['FCF yield -3.9% below 5%'],
LONN.SW,low_pe_high_yield,Low P/E + High Yield,False,0.5,['yield=87.0%'],['P/E not below 12.0'],
LONN.SW,lynch_peg,Lynch PEG,True,0.0276,"['PEG=0.97', 'growth=39.2%']",[],
LONN.SW,neff_pegy,Neff PEGY,True,0.698,"['PEGY=0.30', 'growth=39.2%', 'yield=87.0%']",[],
LONN.SW,quality_value,Quality Value,False,0.4,"['ROE >= 12%: ROE=12.9%', 'Debt/equity < 80%: D/E=51%']","['thin margins', 'P/E >= 20', 'FCF yield below 3%']",
LONN.SW,buffett_quality,Buffett Quality,False,0.25,['D/E < 60.0%: D/E=51%'],"['ROE too low', 'thin margins', 'P/E too high']",
LONN.SW,economic_moat,Economic Moat,False,0.0,[],"['ROE below 18%', 'ROA below 8%', 'margins below 12%', 'leverage too high']",
LONN.SW,high_dividend,High Dividend Yield,False,0.1615,"['yield=87.0%', 'universe rank 16%']",['not in top quartile for yield'],
LONN.SW,dividend_growth,Dividend Growth,True,0.6667,"['dividend payer: yield=87.0%', 'earnings growth: growth=39.2%']",['P/E out of range'],
LONN.SW,magic_formula,Magic Formula,False,0.3269,[],['below top half on combined Magic Formula rank'],
LONN.SW,acquirers_multiple,Acquirer's Multiple,False,0.1768,"['EV/EBIT=32.3', 'universe rank 18%']","['EV/EBIT 32.3 above 12.0', 'not in top 40% cheapest on EV/EBIT']",
LONN.SW,dreman_contrarian,Dreman Contrarian,False,0.1712,[],"['P/E not in bottom quartile', 'P/B not cheap vs universe', 'dividend yield below median']",
LONN.SW,piotroski_f,Piotroski F-Score,True,0.7778,"['F-Score=7/9', 'positive operating cash flow', 'OCF > net income', 'leverage declining', 'current ratio improving', 'no share dilution', 'gross margin improving', 'asset turnover improving']","['positive net income', 'ROA improving']","{'f_score': 7, 'max_score': 9, 'components': [{'name': 'positive net income', 'passed': False}, {'name': 'positive operating cash flow', 'passed': True}, {'name': 'ROA improving', 'passed': False}, {'name': 'OCF > net income', 'passed': True}, {'name': 'leverage declining', 'passed': True}, {'name': 'current ratio improving', 'passed': True}, {'name': 'no share dilution', 'passed': True}, {'name': 'gross margin improving', 'passed': True}, {'name': 'asset turnover improving', 'passed': True}]}"
LONN.SW,composite_value,Composite Value,False,0.3295,[],[],
LONN.SW,earnings_quality,Earnings Quality,False,0.5,['ratio=-7.99%'],['negative net income'],
LONN.SW,financial_health,Financial Health,True,1.0,"['D/E=51%', 'leverage=25.4%', 'CR=1.89', 'ratio=1.5', 'coverage=8.3x']",[],
SDZ.SW,graham_defensive,Graham Defensive,False,0.25,['Dividend payer: yield=115.00%'],"['P/E >= 15', 'valuation too rich on P/B or P/E×P/B', 'current ratio < 2']",
SDZ.SW,graham_enterprising,Graham Enterprising,False,0.2,['Debt/equity < 100%: D/E=69%'],"['P/E >= 25', 'P/B >= 3', 'ROE <= 8%', 'negative earnings growth']",
SDZ.SW,graham_net_net,Graham Net-Net,False,0.0,[],['missing NCAV (balance sheet data)'],
SDZ.SW,schloss,Schloss Low P/B,False,0.0,[],"['P/B too high', 'too much leverage']",
SDZ.SW,deep_value,Deep Value,False,0.0,[],"['P/B not below 1.0', 'EV/EBITDA not below 8']",
SDZ.SW,earnings_yield,Earnings Yield,False,0.1379,['E/P=1.7% (P/E=60.4)'],['earnings yield 1.7% below 8%'],
SDZ.SW,fcf_yield,FCF Yield,False,0.4474,['FCF yield=4.5%'],['FCF yield 4.5% below 5%'],
SDZ.SW,low_pe_high_yield,Low P/E + High Yield,False,0.5,['yield=115.0%'],['P/E not below 12.0'],
SDZ.SW,lynch_peg,Lynch PEG,False,0.2,[],['missing or negative earnings growth'],
SDZ.SW,neff_pegy,Neff PEGY,False,0.0,"['PEGY=1.38', 'growth=-71.3%', 'yield=115.0%']",['PEGY 1.38 >= 1.0'],
SDZ.SW,quality_value,Quality Value,False,0.6,"['Profit margin >= 5%: margin=5.5%', 'Debt/equity < 80%: D/E=69%', 'FCF yield >= 3%: FCF yield=4.5%']","['ROE below 12%', 'P/E >= 20']",
SDZ.SW,buffett_quality,Buffett Quality,False,0.0,[],"['ROE too low', 'too much debt', 'thin margins', 'P/E too high']",
SDZ.SW,economic_moat,Economic Moat,False,0.0,[],"['ROE below 18%', 'ROA below 8%', 'margins below 12%', 'leverage too high']",
SDZ.SW,high_dividend,High Dividend Yield,False,0.2031,"['yield=115.0%', 'universe rank 20%']",['not in top quartile for yield'],
SDZ.SW,dividend_growth,Dividend Growth,False,0.3333,['dividend payer: yield=115.0%'],"['earnings not growing', 'P/E out of range']",
SDZ.SW,magic_formula,Magic Formula,False,0.3813,[],['below top half on combined Magic Formula rank'],
SDZ.SW,acquirers_multiple,Acquirer's Multiple,False,0.2988,"['EV/EBIT=24.1', 'universe rank 30%']","['EV/EBIT 24.1 above 12.0', 'not in top 40% cheapest on EV/EBIT']",
SDZ.SW,dreman_contrarian,Dreman Contrarian,False,0.1844,[],"['P/E not in bottom quartile', 'P/B not cheap vs universe', 'dividend yield below median']",
SDZ.SW,piotroski_f,Piotroski F-Score,False,0.5556,"['F-Score=5/9', 'positive net income', 'positive operating cash flow', 'ROA improving', 'OCF > net income', 'no share dilution']","['F-Score 5/9 below 7', 'leverage declining', 'current ratio improving', 'gross margin improving', 'asset turnover improving']","{'f_score': 5, 'max_score': 9, 'components': [{'name': 'positive net income', 'passed': True}, {'name': 'positive operating cash flow', 'passed': True}, {'name': 'ROA improving', 'passed': True}, {'name': 'OCF > net income', 'passed': True}, {'name': 'leverage declining', 'passed': False}, {'name': 'current ratio improving', 'passed': False}, {'name': 'no share dilution', 'passed': True}, {'name': 'gross margin improving', 'passed': False}, {'name': 'asset turnover improving', 'passed': False}]}"
SDZ.SW,composite_value,Composite Value,False,0.3852,[],[],
SDZ.SW,earnings_quality,Earnings Quality,True,1.0,"['FCF/NI=1.50', 'OCF/NI=1.74', 'ratio=-3.09%']",[],
SDZ.SW,financial_health,Financial Health,True,1.0,"['D/E=69%', 'leverage=25.8%', 'CR=1.18', 'ratio=2.5', 'coverage=6.5x']",[],
GIVN.SW,graham_defensive,Graham Defensive,False,0.25,['Dividend payer: yield=212.00%'],"['P/E >= 15', 'valuation too rich on P/B or P/E×P/B', 'current ratio < 2']",
GIVN.SW,graham_enterprising,Graham Enterprising,False,0.2,['ROE > 8%: ROE=22.3%'],"['P/E >= 25', 'P/B >= 3', 'excessive leverage', 'negative earnings growth']",
GIVN.SW,graham_net_net,Graham Net-Net,False,0.0,[],['missing NCAV (balance sheet data)'],
GIVN.SW,schloss,Schloss Low P/B,False,0.0,[],"['P/B too high', 'too much leverage']",
GIVN.SW,deep_value,Deep Value,False,0.0,[],"['P/B not below 1.0', 'EV/EBITDA not below 8']",
GIVN.SW,earnings_yield,Earnings Yield,False,0.2515,['E/P=3.0% (P/E=33.1)'],['earnings yield 3.0% below 8%'],
GIVN.SW,fcf_yield,FCF Yield,False,0.1928,['FCF yield=1.9%'],['FCF yield 1.9% below 5%'],
GIVN.SW,low_pe_high_yield,Low P/E + High Yield,False,0.5,['yield=212.0%'],['P/E not below 12.0'],
GIVN.SW,lynch_peg,Lynch PEG,False,0.2,[],['missing or negative earnings growth'],
GIVN.SW,neff_pegy,Neff PEGY,True,0.8274,"['PEGY=0.17', 'growth=-20.0%', 'yield=212.0%']",[],
GIVN.SW,quality_value,Quality Value,False,0.4,"['ROE >= 12%: ROE=22.3%', 'Profit margin >= 5%: margin=12.9%']","['high leverage', 'P/E >= 20', 'FCF yield below 3%']",
GIVN.SW,buffett_quality,Buffett Quality,False,0.5,"['ROE >= 15%: ROE=22.3%', 'margin >= 8%: margin=12.9%']","['too much debt', 'P/E too high']",
GIVN.SW,economic_moat,Economic Moat,True,0.75,"['high ROE=22.3%', 'solid ROA=9.0%', 'wide margin=12.9%']",['leverage too high'],
GIVN.SW,high_dividend,High Dividend Yield,False,0.4167,"['yield=212.0%', 'universe rank 42%']",['not in top quartile for yield'],
GIVN.SW,dividend_growth,Dividend Growth,False,0.3333,['dividend payer: yield=212.0%'],"['earnings not growing', 'P/E out of range']",
GIVN.SW,magic_formula,Magic Formula,False,0.4783,['ROIC rank 66%'],['below top half on combined Magic Formula rank'],
GIVN.SW,acquirers_multiple,Acquirer's Multiple,False,0.2561,"['EV/EBIT=26.2', 'universe rank 26%']","['EV/EBIT 26.2 above 12.0', 'not in top 40% cheapest on EV/EBIT']",
GIVN.SW,dreman_contrarian,Dreman Contrarian,False,0.2524,[],"['P/E not in bottom quartile', 'P/B not cheap vs universe', 'dividend yield below median']",
GIVN.SW,piotroski_f,Piotroski F-Score,True,0.8889,"['F-Score=8/9', 'positive net income', 'positive operating cash flow', 'ROA improving', 'OCF > net income', 'leverage declining', 'current ratio improving', 'no share dilution', 'asset turnover improving']",['gross margin improving'],"{'f_score': 8, 'max_score': 9, 'components': [{'name': 'positive net income', 'passed': True}, {'name': 'positive operating cash flow', 'passed': True}, {'name': 'ROA improving', 'passed': True}, {'name': 'OCF > net income', 'passed': True}, {'name': 'leverage declining', 'passed': True}, {'name': 'current ratio improving', 'passed': True}, {'name': 'no share dilution', 'passed': True}, {'name': 'gross margin improving', 'passed': False}, {'name': 'asset turnover improving', 'passed': True}]}"
GIVN.SW,composite_value,Composite Value,False,0.2517,[],[],
GIVN.SW,earnings_quality,Earnings Quality,False,0.6667,"['OCF/NI=1.41', 'ratio=-3.72%']",['weak free-cash conversion'],
GIVN.SW,financial_health,Financial Health,False,0.8,"['leverage=37.2%', 'CR=1.74', 'ratio=2.9', 'coverage=12.2x']",['high debt to equity'],
ALC.SW,graham_defensive,Graham Defensive,False,0.75,"['P/B < 1.5 or P/E×P/B < 22.5: P/B=1.42', 'Current ratio >= 2: CR=2.09', 'Dividend payer: yield=53.00%']",['P/E >= 15'],
ALC.SW,graham_enterprising,Graham Enterprising,False,0.4,"['P/B < 3: P/B=1.42', 'Debt/equity < 100%: D/E=25%']","['P/E >= 25', 'ROE <= 8%', 'negative earnings growth']",
ALC.SW,graham_net_net,Graham Net-Net,False,0.0,[],['missing NCAV (balance sheet data)'],
ALC.SW,schloss,Schloss Low P/B,False,0.5,['D/E < 50.0%: D/E=25%'],['P/B too high'],
ALC.SW,deep_value,Deep Value,False,0.0,[],"['P/B not below 1.0', 'EV/EBITDA not below 8']",
ALC.SW,earnings_yield,Earnings Yield,False,0.166,['E/P=2.0% (P/E=50.2)'],['earnings yield 2.0% below 8%'],
ALC.SW,fcf_yield,FCF Yield,False,0.4996,['FCF yield=5.0%'],['FCF yield 5.0% below 5%'],
ALC.SW,low_pe_high_yield,Low P/E + High Yield,False,0.5,['yield=53.0%'],['P/E not below 12.0'],
ALC.SW,lynch_peg,Lynch PEG,False,0.0,"['PEG=nan', 'growth=nan%']",[],
ALC.SW,neff_pegy,Neff PEGY,False,0.0,"['PEGY=nan', 'growth=nan%', 'yield=53.0%']",['PEGY nan >= 1.0'],
ALC.SW,quality_value,Quality Value,False,0.6,"['Profit margin >= 5%: margin=5.9%', 'Debt/equity < 80%: D/E=25%', 'FCF yield >= 3%: FCF yield=5.0%']","['ROE below 12%', 'P/E >= 20']",
ALC.SW,buffett_quality,Buffett Quality,False,0.25,['D/E < 60.0%: D/E=25%'],"['ROE too low', 'thin margins', 'P/E too high']",
ALC.SW,economic_moat,Economic Moat,False,0.25,['low leverage D/E=25%'],"['ROE below 18%', 'ROA below 8%', 'margins below 12%']",
ALC.SW,high_dividend,High Dividend Yield,False,0.099,"['yield=53.0%', 'universe rank 10%']",['not in top quartile for yield'],
ALC.SW,dividend_growth,Dividend Growth,False,0.3333,['dividend payer: yield=53.0%'],"['earnings not growing', 'P/E out of range']",
ALC.SW,magic_formula,Magic Formula,False,0.3048,[],['below top half on combined Magic Formula rank'],
ALC.SW,acquirers_multiple,Acquirer's Multiple,False,0.4024,"['EV/EBIT=21.6', 'universe rank 40%']","['EV/EBIT 21.6 above 12.0', 'not in top 40% cheapest on EV/EBIT']",
ALC.SW,dreman_contrarian,Dreman Contrarian,False,0.3037,['low P/B rank 73%'],"['P/E not in bottom quartile', 'dividend yield below median']",
ALC.SW,piotroski_f,Piotroski F-Score,False,0.6667,"['F-Score=6/9', 'positive net income', 'positive operating cash flow', 'OCF > net income', 'leverage declining', 'no share dilution', 'asset turnover improving']","['F-Score 6/9 below 7', 'ROA improving', 'current ratio improving', 'gross margin improving']","{'f_score': 6, 'max_score': 9, 'components': [{'name': 'positive net income', 'passed': True}, {'name': 'positive operating cash flow', 'passed': True}, {'name': 'ROA improving', 'passed': False}, {'name': 'OCF > net income', 'passed': True}, {'name': 'leverage declining', 'passed': True}, {'name': 'current ratio improving', 'passed': False}, {'name': 'no share dilution', 'passed': True}, {'name': 'gross margin improving', 'passed': False}, {'name': 'asset turnover improving', 'passed': True}]}"
ALC.SW,composite_value,Composite Value,False,0.5519,"['top-tier on price_to_book (percentile 87%)', 'top-tier on ev_ebitda (percentile 71%)']",[],
ALC.SW,earnings_quality,Earnings Quality,True,1.0,"['FCF/NI=1.30', 'OCF/NI=2.32', 'ratio=-4.09%']",[],
ALC.SW,financial_health,Financial Health,True,1.0,"['D/E=25%', 'leverage=1.6%', 'CR=2.12', 'ratio=1.6', 'coverage=6.7x']",[],
SIKA.SW,graham_defensive,Graham Defensive,False,0.25,['Dividend payer: yield=211.00%'],"['P/E >= 15', 'valuation too rich on P/B or P/E×P/B', 'current ratio < 2']",
SIKA.SW,graham_enterprising,Graham Enterprising,False,0.4,"['Debt/equity < 100%: D/E=89%', 'ROE > 8%: ROE=16.0%']","['P/E >= 25', 'P/B >= 3', 'negative earnings growth']",
SIKA.SW,graham_net_net,Graham Net-Net,False,0.0,[],['missing NCAV (balance sheet data)'],
SIKA.SW,schloss,Schloss Low P/B,False,0.0,[],"['P/B too high', 'too much leverage']",
SIKA.SW,deep_value,Deep Value,False,0.0,[],"['P/B not below 1.0', 'EV/EBITDA not below 8']",
SIKA.SW,earnings_yield,Earnings Yield,False,0.3107,['E/P=3.7% (P/E=26.8)'],['earnings yield 3.7% below 8%'],
SIKA.SW,fcf_yield,FCF Yield,False,0.3673,['FCF yield=3.7%'],['FCF yield 3.7% below 5%'],
SIKA.SW,low_pe_high_yield,Low P/E + High Yield,False,0.5,['yield=211.0%'],['P/E not below 12.0'],
SIKA.SW,lynch_peg,Lynch PEG,False,0.2,[],['missing or negative earnings growth'],
SIKA.SW,neff_pegy,Neff PEGY,True,0.8725,"['PEGY=0.13', 'growth=-0.6%', 'yield=211.0%']",[],
SIKA.SW,quality_value,Quality Value,False,0.6,"['ROE >= 12%: ROE=16.0%', 'Profit margin >= 5%: margin=9.4%', 'FCF yield >= 3%: FCF yield=3.7%']","['high leverage', 'P/E >= 20']",
SIKA.SW,buffett_quality,Buffett Quality,False,0.5,"['ROE >= 15%: ROE=16.0%', 'margin >= 8%: margin=9.4%']","['too much debt', 'P/E too high']",
SIKA.SW,economic_moat,Economic Moat,False,0.0,[],"['ROE below 18%', 'ROA below 8%', 'margins below 12%', 'leverage too high']",
SIKA.SW,high_dividend,High Dividend Yield,False,0.4115,"['yield=211.0%', 'universe rank 41%']",['not in top quartile for yield'],
SIKA.SW,dividend_growth,Dividend Growth,False,0.3333,['dividend payer: yield=211.0%'],"['earnings not growing', 'P/E out of range']",
SIKA.SW,magic_formula,Magic Formula,True,0.5163,['ROIC rank 61%'],[],
SIKA.SW,acquirers_multiple,Acquirer's Multiple,False,0.378,"['EV/EBIT=22.1', 'universe rank 38%']","['EV/EBIT 22.1 above 12.0', 'not in top 40% cheapest on EV/EBIT']",
SIKA.SW,dreman_contrarian,Dreman Contrarian,False,0.3315,[],"['P/E not in bottom quartile', 'P/B not cheap vs universe', 'dividend yield below median']",
SIKA.SW,piotroski_f,Piotroski F-Score,False,0.6667,"['F-Score=6/9', 'positive net income', 'positive operating cash flow', 'OCF > net income', 'no share dilution', 'gross margin improving', 'asset turnover improving']","['F-Score 6/9 below 7', 'ROA improving', 'leverage declining', 'current ratio improving']","{'f_score': 6, 'max_score': 9, 'components': [{'name': 'positive net income', 'passed': True}, {'name': 'positive operating cash flow', 'passed': True}, {'name': 'ROA improving', 'passed': False}, {'name': 'OCF > net income', 'passed': True}, {'name': 'leverage declining', 'passed': False}, {'name': 'current ratio improving', 'passed': False}, {'name': 'no share dilution', 'passed': True}, {'name': 'gross margin improving', 'passed': True}, {'name': 'asset turnover improving', 'passed': True}]}"
SIKA.SW,composite_value,Composite Value,False,0.3391,[],[],
SIKA.SW,earnings_quality,Earnings Quality,True,1.0,"['FCF/NI=0.98', 'OCF/NI=1.64', 'ratio=-4.38%']",[],
SIKA.SW,financial_health,Financial Health,False,0.8,"['leverage=36.4%', 'CR=1.25', 'ratio=2.8', 'coverage=9.6x']",['high debt to equity'],
AMRZ.SW,graham_defensive,Graham Defensive,False,0.0,[],"['P/E >= 15', 'valuation too rich on P/B or P/E×P/B', 'current ratio < 2', 'no dividend']",
AMRZ.SW,graham_enterprising,Graham Enterprising,True,1.0,"['P/E < 25: P/E=17.4', 'P/B < 3: P/B=1.56', 'Debt/equity < 100%: D/E=55%', 'ROE > 8%: ROE=9.7%', 'Positive earnings growth: growth=14.7%']",[],
AMRZ.SW,graham_net_net,Graham Net-Net,False,0.0,[],['missing NCAV (balance sheet data)'],
AMRZ.SW,schloss,Schloss Low P/B,False,0.0,[],"['P/B too high', 'too much leverage']",
AMRZ.SW,deep_value,Deep Value,False,0.0,[],"['P/B not below 1.0', 'EV/EBITDA not below 8']",
AMRZ.SW,earnings_yield,Earnings Yield,False,0.4781,['E/P=5.7% (P/E=17.4)'],['earnings yield 5.7% below 8%'],
AMRZ.SW,fcf_yield,FCF Yield,True,0.6836,['FCF yield=6.8%'],[],
AMRZ.SW,low_pe_high_yield,Low P/E + High Yield,False,0.0,[],"['P/E not below 12.0', 'yield below 4%']",
AMRZ.SW,lynch_peg,Lynch PEG,False,0.0,"['PEG=1.19', 'growth=14.7%']",['PEG 1.19 >= 1.0'],
AMRZ.SW,neff_pegy,Neff PEGY,False,0.0,"['PEGY=1.19', 'growth=14.7%', 'yield=0.0%']",['PEGY 1.19 >= 1.0'],
AMRZ.SW,quality_value,Quality Value,False,0.8,"['Profit margin >= 5%: margin=10.1%', 'Debt/equity < 80%: D/E=55%', 'P/E < 20: P/E=17.4', 'FCF yield >= 3%: FCF yield=6.8%']",['ROE below 12%'],
AMRZ.SW,buffett_quality,Buffett Quality,False,0.75,"['D/E < 60.0%: D/E=55%', 'margin >= 8%: margin=10.1%', 'P/E < 25.0: P/E=17.4']",['ROE too low'],
AMRZ.SW,economic_moat,Economic Moat,False,0.0,[],"['ROE below 18%', 'ROA below 8%', 'margins below 12%', 'leverage too high']",
AMRZ.SW,high_dividend,High Dividend Yield,False,0.0,"['yield=0.0%', 'universe rank 0%']","['yield 0.0% below 3% floor', 'not in top quartile for yield']",
AMRZ.SW,dividend_growth,Dividend Growth,False,0.6667,"['earnings growth: growth=14.7%', 'reasonable P/E: P/E=17.4']",['yield too low'],
AMRZ.SW,magic_formula,Magic Formula,True,0.6066,['earnings yield rank 80%'],[],
AMRZ.SW,acquirers_multiple,Acquirer's Multiple,False,0.7561,"['EV/EBIT=12.3', 'universe rank 76%']",['EV/EBIT 12.3 above 12.0'],
AMRZ.SW,dreman_contrarian,Dreman Contrarian,False,0.4019,['low P/B rank 68%'],"['P/E not in bottom quartile', 'dividend yield below median']",
AMRZ.SW,piotroski_f,Piotroski F-Score,False,0.5556,"['F-Score=5/9', 'positive net income', 'positive operating cash flow', 'OCF > net income', 'leverage declining', 'no share dilution']","['F-Score 5/9 below 7', 'ROA improving', 'current ratio improving', 'gross margin improving', 'asset turnover improving']","{'f_score': 5, 'max_score': 9, 'components': [{'name': 'positive net income', 'passed': True}, {'name': 'positive operating cash flow', 'passed': True}, {'name': 'ROA improving', 'passed': False}, {'name': 'OCF > net income', 'passed': True}, {'name': 'leverage declining', 'passed': True}, {'name': 'current ratio improving', 'passed': False}, {'name': 'no share dilution', 'passed': True}, {'name': 'gross margin improving', 'passed': False}, {'name': 'asset turnover improving', 'passed': False}]}"
AMRZ.SW,composite_value,Composite Value,False,0.5255,"['top-tier on trailing_pe (percentile 81%)', 'top-tier on ev_ebitda (percentile 75%)']",[],
AMRZ.SW,earnings_quality,Earnings Quality,True,1.0,"['FCF/NI=0.96', 'OCF/NI=1.86', 'ratio=-4.22%']",[],
AMRZ.SW,financial_health,Financial Health,True,1.0,"['D/E=55%', 'leverage=26.2%', 'CR=1.64', 'ratio=2.2', 'coverage=4.6x']",[],
SLHN.SW,graham_defensive,Graham Defensive,False,0.5,"['Current ratio >= 2: CR=14.46', 'Dividend payer: yield=406.00%']","['P/E >= 15', 'valuation too rich on P/B or P/E×P/B']",
SLHN.SW,graham_enterprising,Graham Enterprising,False,0.6,"['P/E < 25: P/E=19.4', 'ROE > 8%: ROE=19.4%', 'Positive earnings growth: growth=11.9%']","['P/B >= 3', 'excessive leverage']",
SLHN.SW,graham_net_net,Graham Net-Net,False,0.0,[],['missing NCAV (balance sheet data)'],
SLHN.SW,schloss,Schloss Low P/B,False,0.0,[],"['P/B too high', 'too much leverage']",
SLHN.SW,deep_value,Deep Value,False,0.5,['EV/EBITDA=-23.6'],['P/B not below 1.0'],
SLHN.SW,earnings_yield,Earnings Yield,False,0.4289,['E/P=5.1% (P/E=19.4)'],['earnings yield 5.1% below 8%'],
SLHN.SW,fcf_yield,FCF Yield,False,0.0,['FCF yield=-39.6%'],['FCF yield -39.6% below 5%'],
SLHN.SW,low_pe_high_yield,Low P/E + High Yield,False,0.5,['yield=406.0%'],['P/E not below 12.0'],
SLHN.SW,lynch_peg,Lynch PEG,False,0.0,"['PEG=1.63', 'growth=11.9%']",['PEG 1.63 >= 1.0'],
SLHN.SW,neff_pegy,Neff PEGY,True,0.9535,"['PEGY=0.05', 'growth=11.9%', 'yield=406.0%']",[],
SLHN.SW,quality_value,Quality Value,False,0.6,"['ROE >= 12%: ROE=19.4%', 'Profit margin >= 5%: margin=10.9%', 'P/E < 20: P/E=19.4']","['high leverage', 'FCF yield below 3%']",
SLHN.SW,buffett_quality,Buffett Quality,True,0.75,"['ROE >= 15%: ROE=19.4%', 'margin >= 8%: margin=10.9%', 'P/E < 25.0: P/E=19.4']",['too much debt'],
SLHN.SW,economic_moat,Economic Moat,False,0.25,['high ROE=19.4%'],"['ROA below 8%', 'margins below 12%', 'leverage too high']",
SLHN.SW,high_dividend,High Dividend Yield,False,0.7135,"['yield=406.0%', 'universe rank 71%']",['not in top quartile for yield'],
SLHN.SW,dividend_growth,Dividend Growth,True,1.0,"['dividend payer: yield=406.0%', 'earnings growth: growth=11.9%', 'reasonable P/E: P/E=19.4']",[],
SLHN.SW,magic_formula,Magic Formula,False,0.0,[],['missing EBIT/EV or ROIC inputs'],
SLHN.SW,acquirers_multiple,Acquirer's Multiple,True,1.0,"['EV/EBIT=-23.7', 'universe rank 100%']",[],
SLHN.SW,dreman_contrarian,Dreman Contrarian,False,0.4972,['dividend rank 71%'],"['P/E not in bottom quartile', 'P/B not cheap vs universe']",
SLHN.SW,piotroski_f,Piotroski F-Score,False,0.3333,"['F-Score=3/9', 'positive net income', 'ROA improving', 'no share dilution']","['F-Score 3/9 below 7', 'positive operating cash flow', 'OCF > net income', 'leverage declining', 'current ratio improving', 'gross margin improving', 'asset turnover improving']","{'f_score': 3, 'max_score': 9, 'components': [{'name': 'positive net income', 'passed': True}, {'name': 'positive operating cash flow', 'passed': False}, {'name': 'ROA improving', 'passed': True}, {'name': 'OCF > net income', 'passed': False}, {'name': 'leverage declining', 'passed': False}, {'name': 'current ratio improving', 'passed': False}, {'name': 'no share dilution', 'passed': True}, {'name': 'gross margin improving', 'passed': False}, {'name': 'asset turnover improving', 'passed': False}]}"
SLHN.SW,composite_value,Composite Value,False,0.2822,['top-tier on ev_ebitda (percentile 94%)'],[],
SLHN.SW,earnings_quality,Earnings Quality,False,0.0,[],"['weak free-cash conversion', 'operating cash below earnings', 'high accruals vs assets']",
SLHN.SW,financial_health,Financial Health,False,0.6,"['leverage=4.5%', 'ratio=-36.2', 'coverage=6.0x']","['high debt to equity', 'weak liquidity']",
GALD.SW,graham_defensive,Graham Defensive,False,0.25,['Dividend payer: yield=22.00%'],"['P/E >= 15', 'valuation too rich on P/B or P/E×P/B', 'current ratio < 2']",
GALD.SW,graham_enterprising,Graham Enterprising,False,0.6,"['Debt/equity < 100%: D/E=33%', 'ROE > 8%: ROE=10.8%', 'Positive earnings growth: growth=130.7%']","['P/E >= 25', 'P/B >= 3']",
GALD.SW,graham_net_net,Graham Net-Net,False,0.0,[],['missing NCAV (balance sheet data)'],
GALD.SW,schloss,Schloss Low P/B,False,0.5,['D/E < 50.0%: D/E=33%'],['P/B too high'],
GALD.SW,deep_value,Deep Value,False,0.0,[],"['P/B not below 1.0', 'EV/EBITDA not below 8']",
GALD.SW,earnings_yield,Earnings Yield,False,0.1486,['E/P=1.8% (P/E=56.1)'],['earnings yield 1.8% below 8%'],
GALD.SW,fcf_yield,FCF Yield,False,0.2307,['FCF yield=2.3%'],['FCF yield 2.3% below 5%'],
GALD.SW,low_pe_high_yield,Low P/E + High Yield,False,0.5,['yield=22.0%'],['P/E not below 12.0'],
GALD.SW,lynch_peg,Lynch PEG,True,0.571,"['PEG=0.43', 'growth=130.7%']",[],
GALD.SW,neff_pegy,Neff PEGY,True,0.6328,"['PEGY=0.37', 'growth=130.7%', 'yield=22.0%']",[],
GALD.SW,quality_value,Quality Value,False,0.4,"['Profit margin >= 5%: margin=14.6%', 'Debt/equity < 80%: D/E=33%']","['ROE below 12%', 'P/E >= 20', 'FCF yield below 3%']",
GALD.SW,buffett_quality,Buffett Quality,False,0.5,"['D/E < 60.0%: D/E=33%', 'margin >= 8%: margin=14.6%']","['ROE too low', 'P/E too high']",
GALD.SW,economic_moat,Economic Moat,False,0.5,"['wide margin=14.6%', 'low leverage D/E=33%']","['ROE below 18%', 'ROA below 8%']",
GALD.SW,high_dividend,High Dividend Yield,False,0.0625,"['yield=22.0%', 'universe rank 6%']",['not in top quartile for yield'],
GALD.SW,dividend_growth,Dividend Growth,True,0.6667,"['dividend payer: yield=22.0%', 'earnings growth: growth=130.7%']",['P/E out of range'],
GALD.SW,magic_formula,Magic Formula,False,0.2374,[],['below top half on combined Magic Formula rank'],
GALD.SW,acquirers_multiple,Acquirer's Multiple,False,0.1098,"['EV/EBIT=45.1', 'universe rank 11%']","['EV/EBIT 45.1 above 12.0', 'not in top 40% cheapest on EV/EBIT']",
GALD.SW,dreman_contrarian,Dreman Contrarian,False,0.1204,[],"['P/E not in bottom quartile', 'P/B not cheap vs universe', 'dividend yield below median']",
GALD.SW,piotroski_f,Piotroski F-Score,True,0.7778,"['F-Score=7/9', 'positive net income', 'positive operating cash flow', 'ROA improving', 'OCF > net income', 'leverage declining', 'no share dilution', 'asset turnover improving']","['current ratio improving', 'gross margin improving']","{'f_score': 7, 'max_score': 9, 'components': [{'name': 'positive net income', 'passed': True}, {'name': 'positive operating cash flow', 'passed': True}, {'name': 'ROA improving', 'passed': True}, {'name': 'OCF > net income', 'passed': True}, {'name': 'leverage declining', 'passed': True}, {'name': 'current ratio improving', 'passed': False}, {'name': 'no share dilution', 'passed': True}, {'name': 'gross margin improving', 'passed': False}, {'name': 'asset turnover improving', 'passed': True}]}"
GALD.SW,composite_value,Composite Value,False,0.2457,[],[],
GALD.SW,earnings_quality,Earnings Quality,True,1.0,"['FCF/NI=1.43', 'OCF/NI=1.93', 'ratio=-4.27%']",[],
GALD.SW,financial_health,Financial Health,True,1.0,"['D/E=33%', 'leverage=20.6%', 'CR=1.19', 'ratio=1.4', 'coverage=5.0x']",[],
GEBN.SW,graham_defensive,Graham Defensive,False,0.25,['Dividend payer: yield=241.00%'],"['P/E >= 15', 'valuation too rich on P/B or P/E×P/B', 'current ratio < 2']",
GEBN.SW,graham_enterprising,Graham Enterprising,False,0.4,"['ROE > 8%: ROE=54.1%', 'Positive earnings growth: growth=12.4%']","['P/E >= 25', 'P/B >= 3', 'excessive leverage']",
GEBN.SW,graham_net_net,Graham Net-Net,False,0.0,[],['missing NCAV (balance sheet data)'],
GEBN.SW,schloss,Schloss Low P/B,False,0.0,[],"['P/B too high', 'too much leverage']",
GEBN.SW,deep_value,Deep Value,False,0.0,[],"['P/B not below 1.0', 'EV/EBITDA not below 8']",
GEBN.SW,earnings_yield,Earnings Yield,False,0.298,['E/P=3.6% (P/E=28.0)'],['earnings yield 3.6% below 8%'],
GEBN.SW,fcf_yield,FCF Yield,False,0.2826,['FCF yield=2.8%'],['FCF yield 2.8% below 5%'],
GEBN.SW,low_pe_high_yield,Low P/E + High Yield,False,0.5,['yield=241.0%'],['P/E not below 12.0'],
GEBN.SW,lynch_peg,Lynch PEG,False,0.0,"['PEG=2.26', 'growth=12.4%']",['PEG 2.26 >= 1.0'],
GEBN.SW,neff_pegy,Neff PEGY,True,0.8896,"['PEGY=0.11', 'growth=12.4%', 'yield=241.0%']",[],
GEBN.SW,quality_value,Quality Value,False,0.4,"['ROE >= 12%: ROE=54.1%', 'Profit margin >= 5%: margin=19.4%']","['high leverage', 'P/E >= 20', 'FCF yield below 3%']",
GEBN.SW,buffett_quality,Buffett Quality,False,0.5,"['ROE >= 15%: ROE=54.1%', 'margin >= 8%: margin=19.4%']","['too much debt', 'P/E too high']",
GEBN.SW,economic_moat,Economic Moat,True,0.75,"['high ROE=54.1%', 'solid ROA=15.5%', 'wide margin=19.4%']",['leverage too high'],
GEBN.SW,high_dividend,High Dividend Yield,False,0.4427,"['yield=241.0%', 'universe rank 44%']",['not in top quartile for yield'],
GEBN.SW,dividend_growth,Dividend Growth,True,0.6667,"['dividend payer: yield=241.0%', 'earnings growth: growth=12.4%']",['P/E out of range'],
GEBN.SW,magic_formula,Magic Formula,True,0.6284,['ROIC rank 93%'],[],
GEBN.SW,acquirers_multiple,Acquirer's Multiple,False,0.2866,"['EV/EBIT=24.4', 'universe rank 29%']","['EV/EBIT 24.4 above 12.0', 'not in top 40% cheapest on EV/EBIT']",
GEBN.SW,dreman_contrarian,Dreman Contrarian,False,0.2515,[],"['P/E not in bottom quartile', 'P/B not cheap vs universe', 'dividend yield below median']",
GEBN.SW,piotroski_f,Piotroski F-Score,True,0.7778,"['F-Score=7/9', 'positive net income', 'positive operating cash flow', 'OCF > net income', 'leverage declining', 'current ratio improving', 'no share dilution', 'gross margin improving']","['ROA improving', 'asset turnover improving']","{'f_score': 7, 'max_score': 9, 'components': [{'name': 'positive net income', 'passed': True}, {'name': 'positive operating cash flow', 'passed': True}, {'name': 'ROA improving', 'passed': False}, {'name': 'OCF > net income', 'passed': True}, {'name': 'leverage declining', 'passed': True}, {'name': 'current ratio improving', 'passed': True}, {'name': 'no share dilution', 'passed': True}, {'name': 'gross margin improving', 'passed': True}, {'name': 'asset turnover improving', 'passed': False}]}"
GEBN.SW,composite_value,Composite Value,False,0.3525,[],[],
GEBN.SW,earnings_quality,Earnings Quality,True,1.0,"['FCF/NI=0.81', 'OCF/NI=1.45', 'ratio=-6.98%']",[],
GEBN.SW,financial_health,Financial Health,False,0.8,"['leverage=35.1%', 'CR=1.54', 'ratio=1.4', 'coverage=27.5x']",['high debt to equity'],
PGHN.SW,graham_defensive,Graham Defensive,False,0.5,"['P/E < 15: P/E=12.9', 'Dividend payer: yield=755.00%']","['valuation too rich on P/B or P/E×P/B', 'current ratio < 2']",
PGHN.SW,graham_enterprising,Graham Enterprising,False,0.4,"['P/E < 25: P/E=12.9', 'ROE > 8%: ROE=75.4%']","['P/B >= 3', 'excessive leverage', 'negative earnings growth']",
PGHN.SW,graham_net_net,Graham Net-Net,False,0.0,[],['missing NCAV (balance sheet data)'],
PGHN.SW,schloss,Schloss Low P/B,False,0.0,[],"['P/B too high', 'too much leverage']",
PGHN.SW,deep_value,Deep Value,False,0.0,[],"['P/B not below 1.0', 'EV/EBITDA not below 8']",
PGHN.SW,earnings_yield,Earnings Yield,False,0.6436,['E/P=7.7% (P/E=12.9)'],['earnings yield 7.7% below 8%'],
PGHN.SW,fcf_yield,FCF Yield,True,1.0,['FCF yield=11.0%'],[],
PGHN.SW,low_pe_high_yield,Low P/E + High Yield,False,0.5,['yield=755.0%'],['P/E not below 12.0'],
PGHN.SW,lynch_peg,Lynch PEG,False,0.2,[],['missing or negative earnings growth'],
PGHN.SW,neff_pegy,Neff PEGY,True,0.9826,"['PEGY=0.02', 'growth=-12.0%', 'yield=755.0%']",[],
PGHN.SW,quality_value,Quality Value,True,0.8,"['ROE >= 12%: ROE=75.4%', 'Profit margin >= 5%: margin=48.0%', 'P/E < 20: P/E=12.9', 'FCF yield >= 3%: FCF yield=11.0%']",['high leverage'],
PGHN.SW,buffett_quality,Buffett Quality,True,0.75,"['ROE >= 15%: ROE=75.4%', 'margin >= 8%: margin=48.0%', 'P/E < 25.0: P/E=12.9']",['too much debt'],
PGHN.SW,economic_moat,Economic Moat,True,0.75,"['high ROE=75.4%', 'solid ROA=19.7%', 'wide margin=48.0%']",['leverage too high'],
PGHN.SW,high_dividend,High Dividend Yield,True,0.9688,"['yield=755.0%', 'universe rank 97%']",[],
PGHN.SW,dividend_growth,Dividend Growth,True,0.6667,"['dividend payer: yield=755.0%', 'reasonable P/E: P/E=12.9']",['earnings not growing'],
PGHN.SW,magic_formula,Magic Formula,True,0.8989,"['earnings yield rank 81%', 'ROIC rank 99%']",[],
PGHN.SW,acquirers_multiple,Acquirer's Multiple,True,0.7683,"['EV/EBIT=11.9', 'universe rank 77%']",[],
PGHN.SW,dreman_contrarian,Dreman Contrarian,False,0.5877,['dividend rank 97%'],"['P/E not in bottom quartile', 'P/B not cheap vs universe']",
PGHN.SW,piotroski_f,Piotroski F-Score,False,0.6667,"['F-Score=6/9', 'positive net income', 'positive operating cash flow', 'OCF > net income', 'no share dilution', 'gross margin improving', 'asset turnover improving']","['F-Score 6/9 below 7', 'ROA improving', 'leverage declining', 'current ratio improving']","{'f_score': 6, 'max_score': 9, 'components': [{'name': 'positive net income', 'passed': True}, {'name': 'positive operating cash flow', 'passed': True}, {'name': 'ROA improving', 'passed': False}, {'name': 'OCF > net income', 'passed': True}, {'name': 'leverage declining', 'passed': False}, {'name': 'current ratio improving', 'passed': False}, {'name': 'no share dilution', 'passed': True}, {'name': 'gross margin improving', 'passed': True}, {'name': 'asset turnover improving', 'passed': True}]}"
PGHN.SW,composite_value,Composite Value,False,0.498,"['top-tier on dividend_yield (percentile 95%)', 'top-tier on fcf_yield (percentile 77%)']",[],
PGHN.SW,earnings_quality,Earnings Quality,True,1.0,"['FCF/NI=1.34', 'OCF/NI=1.20', 'ratio=-3.98%']",[],
PGHN.SW,financial_health,Financial Health,False,0.8,"['leverage=38.9%', 'CR=1.67', 'ratio=1.8', 'coverage=34.4x']",['high debt to equity'],
LOGN.SW,graham_defensive,Graham Defensive,False,0.5,"['Current ratio >= 2: CR=2.31', 'Dividend payer: yield=160.00%']","['P/E >= 15', 'valuation too rich on P/B or P/E×P/B']",
LOGN.SW,graham_enterprising,Graham Enterprising,False,0.8,"['P/E < 25: P/E=19.6', 'Debt/equity < 100%: D/E=4%', 'ROE > 8%: ROE=35.3%', 'Positive earnings growth: growth=66.3%']",['P/B >= 3'],
LOGN.SW,graham_net_net,Graham Net-Net,False,0.0,[],['missing NCAV (balance sheet data)'],
LOGN.SW,schloss,Schloss Low P/B,False,0.5,['D/E < 50.0%: D/E=4%'],['P/B too high'],
LOGN.SW,deep_value,Deep Value,False,0.0,[],"['P/B not below 1.0', 'EV/EBITDA not below 8']",
LOGN.SW,earnings_yield,Earnings Yield,False,0.4243,['E/P=5.1% (P/E=19.6)'],['earnings yield 5.1% below 8%'],
LOGN.SW,fcf_yield,FCF Yield,True,0.5941,['FCF yield=5.9%'],[],
LOGN.SW,low_pe_high_yield,Low P/E + High Yield,False,0.5,['yield=160.0%'],['P/E not below 12.0'],
LOGN.SW,lynch_peg,Lynch PEG,True,0.7038,"['PEG=0.30', 'growth=66.3%']",[],
LOGN.SW,neff_pegy,Neff PEGY,True,0.9132,"['PEGY=0.09', 'growth=66.3%', 'yield=160.0%']",[],
LOGN.SW,quality_value,Quality Value,True,1.0,"['ROE >= 12%: ROE=35.3%', 'Profit margin >= 5%: margin=16.3%', 'Debt/equity < 80%: D/E=4%', 'P/E < 20: P/E=19.6', 'FCF yield >= 3%: FCF yield=5.9%']",[],
LOGN.SW,buffett_quality,Buffett Quality,True,1.0,"['ROE >= 15%: ROE=35.3%', 'D/E < 60.0%: D/E=4%', 'margin >= 8%: margin=16.3%', 'P/E < 25.0: P/E=19.6']",[],
LOGN.SW,economic_moat,Economic Moat,True,1.0,"['high ROE=35.3%', 'solid ROA=18.5%', 'wide margin=16.3%', 'low leverage D/E=4%']",[],
LOGN.SW,high_dividend,High Dividend Yield,False,0.2812,"['yield=160.0%', 'universe rank 28%']",['not in top quartile for yield'],
LOGN.SW,dividend_growth,Dividend Growth,True,1.0,"['dividend payer: yield=160.0%', 'earnings growth: growth=66.3%', 'reasonable P/E: P/E=19.6']",[],
LOGN.SW,magic_formula,Magic Formula,True,0.8461,"['earnings yield rank 73%', 'ROIC rank 96%']",[],
LOGN.SW,acquirers_multiple,Acquirer's Multiple,False,0.689,"['EV/EBIT=13.4', 'universe rank 69%']",['EV/EBIT 13.4 above 12.0'],
LOGN.SW,dreman_contrarian,Dreman Contrarian,False,0.3097,[],"['P/E not in bottom quartile', 'P/B not cheap vs universe', 'dividend yield below median']",
LOGN.SW,piotroski_f,Piotroski F-Score,True,0.7778,"['F-Score=7/9', 'positive net income', 'positive operating cash flow', 'ROA improving', 'OCF > net income', 'leverage declining', 'no share dilution', 'gross margin improving']","['current ratio improving', 'asset turnover improving']","{'f_score': 7, 'max_score': 9, 'components': [{'name': 'positive net income', 'passed': True}, {'name': 'positive operating cash flow', 'passed': True}, {'name': 'ROA improving', 'passed': True}, {'name': 'OCF > net income', 'passed': True}, {'name': 'leverage declining', 'passed': True}, {'name': 'current ratio improving', 'passed': False}, {'name': 'no share dilution', 'passed': True}, {'name': 'gross margin improving', 'passed': True}, {'name': 'asset turnover improving', 'passed': False}]}"
LOGN.SW,composite_value,Composite Value,True,0.7625,"['top-tier on trailing_pe (percentile 83%)', 'top-tier on dividend_yield (percentile 75%)', 'top-tier on fcf_yield (percentile 75%)', 'top-tier on ev_ebitda (percentile 92%)']",[],
LOGN.SW,earnings_quality,Earnings Quality,True,1.0,"['FCF/NI=1.02', 'OCF/NI=1.46', 'ratio=-8.47%']",[],
LOGN.SW,financial_health,Financial Health,True,1.0,"['D/E=4%', 'leverage=2.3%', 'CR=2.22', 'ratio=-1.7', 'insufficient data — skipped']",[],
ABB.ST,graham_defensive,Graham Defensive,False,0.25,['Dividend payer: yield=112.00%'],"['P/E >= 15', 'valuation too rich on P/B or P/E×P/B', 'current ratio < 2']",
ABB.ST,graham_enterprising,Graham Enterprising,False,0.6,"['Debt/equity < 100%: D/E=56%', 'ROE > 8%: ROE=32.6%', 'Positive earnings growth: growth=8.2%']","['P/E >= 25', 'P/B >= 3']",
ABB.ST,graham_net_net,Graham Net-Net,False,0.0,[],['missing NCAV (balance sheet data)'],
ABB.ST,schloss,Schloss Low P/B,False,0.0,[],"['P/B too high', 'too much leverage']",
ABB.ST,deep_value,Deep Value,False,0.0,[],"['P/B not below 1.0', 'EV/EBITDA not below 8']",
ABB.ST,earnings_yield,Earnings Yield,False,0.2233,['E/P=2.7% (P/E=37.3)'],['earnings yield 2.7% below 8%'],
ABB.ST,fcf_yield,FCF Yield,False,0.009,['FCF yield=0.1%'],['FCF yield 0.1% below 5%'],
ABB.ST,low_pe_high_yield,Low P/E + High Yield,False,0.5,['yield=112.0%'],['P/E not below 12.0'],
ABB.ST,lynch_peg,Lynch PEG,False,0.0,"['PEG=4.55', 'growth=8.2%']",['PEG 4.55 >= 1.0'],
ABB.ST,neff_pegy,Neff PEGY,True,0.6895,"['PEGY=0.31', 'growth=8.2%', 'yield=112.0%']",[],
ABB.ST,quality_value,Quality Value,False,0.6,"['ROE >= 12%: ROE=32.6%', 'Profit margin >= 5%: margin=14.1%', 'Debt/equity < 80%: D/E=56%']","['P/E >= 20', 'FCF yield below 3%']",
ABB.ST,buffett_quality,Buffett Quality,False,0.75,"['ROE >= 15%: ROE=32.6%', 'D/E < 60.0%: D/E=56%', 'margin >= 8%: margin=14.1%']",['P/E too high'],
ABB.ST,economic_moat,Economic Moat,True,0.75,"['high ROE=32.6%', 'solid ROA=10.5%', 'wide margin=14.1%']",['leverage too high'],
ABB.ST,high_dividend,High Dividend Yield,False,0.1927,"['yield=112.0%', 'universe rank 19%']",['not in top quartile for yield'],
ABB.ST,dividend_growth,Dividend Growth,True,0.6667,"['dividend payer: yield=112.0%', 'earnings growth: growth=8.2%']",['P/E out of range'],
ABB.ST,magic_formula,Magic Formula,False,0.4579,['ROIC rank 85%'],['below top half on combined Magic Formula rank'],
ABB.ST,acquirers_multiple,Acquirer's Multiple,False,0.0244,"['EV/EBIT=315.8', 'universe rank 2%']","['EV/EBIT 315.8 above 12.0', 'not in top 40% cheapest on EV/EBIT']",
ABB.ST,dreman_contrarian,Dreman Contrarian,False,0.1094,[],"['P/E not in bottom quartile', 'P/B not cheap vs universe', 'dividend yield below median']",
ABB.ST,piotroski_f,Piotroski F-Score,True,0.7778,"['F-Score=7/9', 'positive net income', 'positive operating cash flow', 'ROA improving', 'OCF > net income', 'current ratio improving', 'no share dilution', 'gross margin improving']","['leverage declining', 'asset turnover improving']","{'f_score': 7, 'max_score': 9, 'components': [{'name': 'positive net income', 'passed': True}, {'name': 'positive operating cash flow', 'passed': True}, {'name': 'ROA improving', 'passed': True}, {'name': 'OCF > net income', 'passed': True}, {'name': 'leverage declining', 'passed': False}, {'name': 'current ratio improving', 'passed': True}, {'name': 'no share dilution', 'passed': True}, {'name': 'gross margin improving', 'passed': True}, {'name': 'asset turnover improving', 'passed': False}]}"
ABB.ST,composite_value,Composite Value,False,0.09,[],[],
ABB.ST,earnings_quality,Earnings Quality,False,0.6667,"['OCF/NI=1.16', 'ratio=-1.64%']",['weak free-cash conversion'],
ABB.ST,financial_health,Financial Health,True,1.0,"['D/E=56%', 'leverage=20.3%', 'CR=1.56', 'ratio=0.5', 'coverage=66.6x']",[],
ADDT-B.ST,graham_defensive,Graham Defensive,False,0.25,['Dividend payer: yield=104.00%'],"['P/E >= 15', 'valuation too rich on P/B or P/E×P/B', 'current ratio < 2']",
ADDT-B.ST,graham_enterprising,Graham Enterprising,False,0.6,"['Debt/equity < 100%: D/E=75%', 'ROE > 8%: ROE=26.9%', 'Positive earnings growth: growth=14.8%']","['P/E >= 25', 'P/B >= 3']",
ADDT-B.ST,graham_net_net,Graham Net-Net,False,0.0,[],['missing NCAV (balance sheet data)'],
ADDT-B.ST,schloss,Schloss Low P/B,False,0.0,[],"['P/B too high', 'too much leverage']",
ADDT-B.ST,deep_value,Deep Value,False,0.0,[],"['P/B not below 1.0', 'EV/EBITDA not below 8']",
ADDT-B.ST,earnings_yield,Earnings Yield,False,0.2147,['E/P=2.6% (P/E=38.8)'],['earnings yield 2.6% below 8%'],
ADDT-B.ST,fcf_yield,FCF Yield,False,0.2994,['FCF yield=3.0%'],['FCF yield 3.0% below 5%'],
ADDT-B.ST,low_pe_high_yield,Low P/E + High Yield,False,0.5,['yield=104.0%'],['P/E not below 12.0'],
ADDT-B.ST,lynch_peg,Lynch PEG,False,0.0,"['PEG=2.62', 'growth=14.8%']",['PEG 2.62 >= 1.0'],
ADDT-B.ST,neff_pegy,Neff PEGY,True,0.6733,"['PEGY=0.33', 'growth=14.8%', 'yield=104.0%']",[],
ADDT-B.ST,quality_value,Quality Value,False,0.6,"['ROE >= 12%: ROE=26.9%', 'Profit margin >= 5%: margin=9.6%', 'Debt/equity < 80%: D/E=75%']","['P/E >= 20', 'FCF yield below 3%']",
ADDT-B.ST,buffett_quality,Buffett Quality,False,0.5,"['ROE >= 15%: ROE=26.9%', 'margin >= 8%: margin=9.6%']","['too much debt', 'P/E too high']",
ADDT-B.ST,economic_moat,Economic Moat,False,0.5,"['high ROE=26.9%', 'solid ROA=10.1%']","['margins below 12%', 'leverage too high']",
ADDT-B.ST,high_dividend,High Dividend Yield,False,0.1823,"['yield=104.0%', 'universe rank 18%']",['not in top quartile for yield'],
ADDT-B.ST,dividend_growth,Dividend Growth,True,0.6667,"['dividend payer: yield=104.0%', 'earnings growth: growth=14.8%']",['P/E out of range'],
ADDT-B.ST,magic_formula,Magic Formula,True,0.5212,['ROIC rank 83%'],[],
ADDT-B.ST,acquirers_multiple,Acquirer's Multiple,False,0.1707,"['EV/EBIT=33.1', 'universe rank 17%']","['EV/EBIT 33.1 above 12.0', 'not in top 40% cheapest on EV/EBIT']",
ADDT-B.ST,dreman_contrarian,Dreman Contrarian,False,0.128,[],"['P/E not in bottom quartile', 'P/B not cheap vs universe', 'dividend yield below median']",
ADDT-B.ST,piotroski_f,Piotroski F-Score,False,0.4444,"['F-Score=4/9', 'positive net income', 'positive operating cash flow', 'OCF > net income', 'no share dilution']","['F-Score 4/9 below 7', 'ROA improving', 'leverage declining', 'current ratio improving', 'gross margin improving', 'asset turnover improving']","{'f_score': 4, 'max_score': 9, 'components': [{'name': 'positive net income', 'passed': True}, {'name': 'positive operating cash flow', 'passed': True}, {'name': 'ROA improving', 'passed': False}, {'name': 'OCF > net income', 'passed': True}, {'name': 'leverage declining', 'passed': False}, {'name': 'current ratio improving', 'passed': False}, {'name': 'no share dilution', 'passed': True}, {'name': 'gross margin improving', 'passed': False}, {'name': 'asset turnover improving', 'passed': False}]}"
ADDT-B.ST,composite_value,Composite Value,False,0.185,[],[],
ADDT-B.ST,earnings_quality,Earnings Quality,True,1.0,"['FCF/NI=1.21', 'OCF/NI=1.40', 'ratio=-3.98%']",[],
ADDT-B.ST,financial_health,Financial Health,True,1.0,"['D/E=75%', 'leverage=33.5%', 'CR=1.49', 'ratio=1.4', 'coverage=14.8x']",[],
ALFA.ST,graham_defensive,Graham Defensive,False,0.25,['Dividend payer: yield=156.00%'],"['P/E >= 15', 'valuation too rich on P/B or P/E×P/B', 'current ratio < 2']",
ALFA.ST,graham_enterprising,Graham Enterprising,False,0.6,"['Debt/equity < 100%: D/E=46%', 'ROE > 8%: ROE=19.1%', 'Positive earnings growth: growth=0.7%']","['P/E >= 25', 'P/B >= 3']",
ALFA.ST,graham_net_net,Graham Net-Net,False,0.0,[],['missing NCAV (balance sheet data)'],
ALFA.ST,schloss,Schloss Low P/B,False,0.5,['D/E < 50.0%: D/E=46%'],['P/B too high'],
ALFA.ST,deep_value,Deep Value,False,0.0,[],"['P/B not below 1.0', 'EV/EBITDA not below 8']",
ALFA.ST,earnings_yield,Earnings Yield,False,0.2913,['E/P=3.5% (P/E=28.6)'],['earnings yield 3.5% below 8%'],
ALFA.ST,fcf_yield,FCF Yield,False,0.2083,['FCF yield=2.1%'],['FCF yield 2.1% below 5%'],
ALFA.ST,low_pe_high_yield,Low P/E + High Yield,False,0.5,['yield=156.0%'],['P/E not below 12.0'],
ALFA.ST,lynch_peg,Lynch PEG,False,0.0,"['PEG=40.87', 'growth=0.7%']","['growth 0.7% below 5% floor', 'PEG 40.87 >= 1.0']",
ALFA.ST,neff_pegy,Neff PEGY,True,0.8174,"['PEGY=0.18', 'growth=0.7%', 'yield=156.0%']",[],
ALFA.ST,quality_value,Quality Value,False,0.6,"['ROE >= 12%: ROE=19.1%', 'Profit margin >= 5%: margin=11.6%', 'Debt/equity < 80%: D/E=46%']","['P/E >= 20', 'FCF yield below 3%']",
ALFA.ST,buffett_quality,Buffett Quality,False,0.75,"['ROE >= 15%: ROE=19.1%', 'D/E < 60.0%: D/E=46%', 'margin >= 8%: margin=11.6%']",['P/E too high'],
ALFA.ST,economic_moat,Economic Moat,True,0.75,"['high ROE=19.1%', 'solid ROA=8.4%', 'low leverage D/E=46%']",['margins below 12%'],
ALFA.ST,high_dividend,High Dividend Yield,False,0.276,"['yield=156.0%', 'universe rank 28%']",['not in top quartile for yield'],
ALFA.ST,dividend_growth,Dividend Growth,False,0.3333,['dividend payer: yield=156.0%'],"['earnings not growing', 'P/E out of range']",
ALFA.ST,magic_formula,Magic Formula,True,0.618,['ROIC rank 81%'],[],
ALFA.ST,acquirers_multiple,Acquirer's Multiple,False,0.3841,"['EV/EBIT=21.7', 'universe rank 38%']","['EV/EBIT 21.7 above 12.0', 'not in top 40% cheapest on EV/EBIT']",
ALFA.ST,dreman_contrarian,Dreman Contrarian,False,0.2476,[],"['P/E not in bottom quartile', 'P/B not cheap vs universe', 'dividend yield below median']",
ALFA.ST,piotroski_f,Piotroski F-Score,False,0.6667,"['F-Score=6/9', 'positive net income', 'positive operating cash flow', 'ROA improving', 'OCF > net income', 'no share dilution', 'gross margin improving']","['F-Score 6/9 below 7', 'leverage declining', 'current ratio improving', 'asset turnover improving']","{'f_score': 6, 'max_score': 9, 'components': [{'name': 'positive net income', 'passed': True}, {'name': 'positive operating cash flow', 'passed': True}, {'name': 'ROA improving', 'passed': True}, {'name': 'OCF > net income', 'passed': True}, {'name': 'leverage declining', 'passed': False}, {'name': 'current ratio improving', 'passed': False}, {'name': 'no share dilution', 'passed': True}, {'name': 'gross margin improving', 'passed': True}, {'name': 'asset turnover improving', 'passed': False}]}"
ALFA.ST,composite_value,Composite Value,False,0.3312,[],[],
ALFA.ST,earnings_quality,Earnings Quality,False,0.6667,"['OCF/NI=1.11', 'ratio=-0.91%']",['weak free-cash conversion'],
ALFA.ST,financial_health,Financial Health,True,1.0,"['D/E=46%', 'leverage=21.4%', 'CR=1.18', 'ratio=1.2', 'coverage=20.6x']",[],
ASSA-B.ST,graham_defensive,Graham Defensive,False,0.25,['Dividend payer: yield=181.00%'],"['P/E >= 15', 'valuation too rich on P/B or P/E×P/B', 'current ratio < 2']",
ASSA-B.ST,graham_enterprising,Graham Enterprising,False,0.8,"['P/E < 25: P/E=23.1', 'Debt/equity < 100%: D/E=64%', 'ROE > 8%: ROE=15.6%', 'Positive earnings growth: growth=15.9%']",['P/B >= 3'],
ASSA-B.ST,graham_net_net,Graham Net-Net,False,0.0,[],['missing NCAV (balance sheet data)'],
ASSA-B.ST,schloss,Schloss Low P/B,False,0.0,[],"['P/B too high', 'too much leverage']",
ASSA-B.ST,deep_value,Deep Value,False,0.0,[],"['P/B not below 1.0', 'EV/EBITDA not below 8']",
ASSA-B.ST,earnings_yield,Earnings Yield,False,0.3613,['E/P=4.3% (P/E=23.1)'],['earnings yield 4.3% below 8%'],
ASSA-B.ST,fcf_yield,FCF Yield,False,0.4871,['FCF yield=4.9%'],['FCF yield 4.9% below 5%'],
ASSA-B.ST,low_pe_high_yield,Low P/E + High Yield,False,0.5,['yield=181.0%'],['P/E not below 12.0'],
ASSA-B.ST,lynch_peg,Lynch PEG,False,0.0,"['PEG=1.45', 'growth=15.9%']",['PEG 1.45 >= 1.0'],
ASSA-B.ST,neff_pegy,Neff PEGY,True,0.8829,"['PEGY=0.12', 'growth=15.9%', 'yield=181.0%']",[],
ASSA-B.ST,quality_value,Quality Value,True,0.8,"['ROE >= 12%: ROE=15.6%', 'Profit margin >= 5%: margin=10.8%', 'Debt/equity < 80%: D/E=64%', 'FCF yield >= 3%: FCF yield=4.9%']",['P/E >= 20'],
ASSA-B.ST,buffett_quality,Buffett Quality,True,0.75,"['ROE >= 15%: ROE=15.6%', 'margin >= 8%: margin=10.8%', 'P/E < 25.0: P/E=23.1']",['too much debt'],
ASSA-B.ST,economic_moat,Economic Moat,False,0.0,[],"['ROE below 18%', 'ROA below 8%', 'margins below 12%', 'leverage too high']",
ASSA-B.ST,high_dividend,High Dividend Yield,False,0.3438,"['yield=181.0%', 'universe rank 34%']",['not in top quartile for yield'],
ASSA-B.ST,dividend_growth,Dividend Growth,True,1.0,"['dividend payer: yield=181.0%', 'earnings growth: growth=15.9%', 'reasonable P/E: P/E=23.1']",[],
ASSA-B.ST,magic_formula,Magic Formula,True,0.6043,"['earnings yield rank 52%', 'ROIC rank 68%']",[],
ASSA-B.ST,acquirers_multiple,Acquirer's Multiple,False,0.4817,"['EV/EBIT=19.5', 'universe rank 48%']","['EV/EBIT 19.5 above 12.0', 'not in top 40% cheapest on EV/EBIT']",
ASSA-B.ST,dreman_contrarian,Dreman Contrarian,False,0.3552,[],"['P/E not in bottom quartile', 'P/B not cheap vs universe', 'dividend yield below median']",
ASSA-B.ST,piotroski_f,Piotroski F-Score,True,0.8889,"['F-Score=8/9', 'positive net income', 'positive operating cash flow', 'ROA improving', 'OCF > net income', 'leverage declining', 'no share dilution', 'gross margin improving', 'asset turnover improving']",['current ratio improving'],"{'f_score': 8, 'max_score': 9, 'components': [{'name': 'positive net income', 'passed': True}, {'name': 'positive operating cash flow', 'passed': True}, {'name': 'ROA improving', 'passed': True}, {'name': 'OCF > net income', 'passed': True}, {'name': 'leverage declining', 'passed': True}, {'name': 'current ratio improving', 'passed': False}, {'name': 'no share dilution', 'passed': True}, {'name': 'gross margin improving', 'passed': True}, {'name': 'asset turnover improving', 'passed': True}]}"
ASSA-B.ST,composite_value,Composite Value,False,0.5562,[],[],
ASSA-B.ST,earnings_quality,Earnings Quality,True,1.0,"['FCF/NI=1.25', 'OCF/NI=1.46', 'ratio=-3.22%']",[],
ASSA-B.ST,financial_health,Financial Health,False,0.8,"['D/E=64%', 'leverage=31.4%', 'ratio=2.3', 'coverage=7.1x']",['weak liquidity'],
AZN.ST,graham_defensive,Graham Defensive,False,0.25,['Dividend payer: yield=191.00%'],"['P/E >= 15', 'valuation too rich on P/B or P/E×P/B', 'current ratio < 2']",
AZN.ST,graham_enterprising,Graham Enterprising,False,0.6,"['Debt/equity < 100%: D/E=64%', 'ROE > 8%: ROE=22.0%', 'Positive earnings growth: growth=2.5%']","['P/E >= 25', 'P/B >= 3']",
AZN.ST,graham_net_net,Graham Net-Net,False,0.0,[],['missing NCAV (balance sheet data)'],
AZN.ST,schloss,Schloss Low P/B,False,0.0,[],"['P/B too high', 'too much leverage']",
AZN.ST,deep_value,Deep Value,False,0.0,[],"['P/B not below 1.0', 'EV/EBITDA not below 8']",
AZN.ST,earnings_yield,Earnings Yield,False,0.3243,['E/P=3.9% (P/E=25.7)'],['earnings yield 3.9% below 8%'],
AZN.ST,fcf_yield,FCF Yield,False,0.0205,['FCF yield=0.2%'],['FCF yield 0.2% below 5%'],
AZN.ST,low_pe_high_yield,Low P/E + High Yield,False,0.5,['yield=191.0%'],['P/E not below 12.0'],
AZN.ST,lynch_peg,Lynch PEG,False,0.0,"['PEG=10.28', 'growth=2.5%']","['growth 2.5% below 5% floor', 'PEG 10.28 >= 1.0']",
AZN.ST,neff_pegy,Neff PEGY,True,0.8672,"['PEGY=0.13', 'growth=2.5%', 'yield=191.0%']",[],
AZN.ST,quality_value,Quality Value,False,0.6,"['ROE >= 12%: ROE=22.0%', 'Profit margin >= 5%: margin=17.0%', 'Debt/equity < 80%: D/E=64%']","['P/E >= 20', 'FCF yield below 3%']",
AZN.ST,buffett_quality,Buffett Quality,False,0.5,"['ROE >= 15%: ROE=22.0%', 'margin >= 8%: margin=17.0%']","['too much debt', 'P/E too high']",
AZN.ST,economic_moat,Economic Moat,True,0.75,"['high ROE=22.0%', 'solid ROA=9.0%', 'wide margin=17.0%']",['leverage too high'],
AZN.ST,high_dividend,High Dividend Yield,False,0.3646,"['yield=191.0%', 'universe rank 36%']",['not in top quartile for yield'],
AZN.ST,dividend_growth,Dividend Growth,False,0.3333,['dividend payer: yield=191.0%'],"['earnings not growing', 'P/E out of range']",
AZN.ST,magic_formula,Magic Formula,False,0.4111,['ROIC rank 74%'],['below top half on combined Magic Formula rank'],
AZN.ST,acquirers_multiple,Acquirer's Multiple,False,0.0427,"['EV/EBIT=186.3', 'universe rank 4%']","['EV/EBIT 186.3 above 12.0', 'not in top 40% cheapest on EV/EBIT']",
AZN.ST,dreman_contrarian,Dreman Contrarian,False,0.2318,[],"['P/E not in bottom quartile', 'P/B not cheap vs universe', 'dividend yield below median']",
AZN.ST,piotroski_f,Piotroski F-Score,True,0.8889,"['F-Score=8/9', 'positive net income', 'positive operating cash flow', 'ROA improving', 'OCF > net income', 'leverage declining', 'current ratio improving', 'no share dilution', 'gross margin improving']",['asset turnover improving'],"{'f_score': 8, 'max_score': 9, 'components': [{'name': 'positive net income', 'passed': True}, {'name': 'positive operating cash flow', 'passed': True}, {'name': 'ROA improving', 'passed': True}, {'name': 'OCF > net income', 'passed': True}, {'name': 'leverage declining', 'passed': True}, {'name': 'current ratio improving', 'passed': True}, {'name': 'no share dilution', 'passed': True}, {'name': 'gross margin improving', 'passed': True}, {'name': 'asset turnover improving', 'passed': False}]}"
AZN.ST,composite_value,Composite Value,False,0.3269,[],[],
AZN.ST,earnings_quality,Earnings Quality,False,0.6667,"['OCF/NI=1.43', 'ratio=-3.81%']",['weak free-cash conversion'],
AZN.ST,financial_health,Financial Health,False,0.8,"['D/E=64%', 'leverage=25.6%', 'ratio=1.4', 'coverage=8.3x']",['weak liquidity'],
ATCO-A.ST,graham_defensive,Graham Defensive,False,0.25,['Dividend payer: yield=141.00%'],"['P/E >= 15', 'valuation too rich on P/B or P/E×P/B', 'current ratio < 2']",
ATCO-A.ST,graham_enterprising,Graham Enterprising,False,0.6,"['Debt/equity < 100%: D/E=34%', 'ROE > 8%: ROE=25.7%', 'Positive earnings growth: growth=8.0%']","['P/E >= 25', 'P/B >= 3']",
ATCO-A.ST,graham_net_net,Graham Net-Net,False,0.0,[],['missing NCAV (balance sheet data)'],
ATCO-A.ST,schloss,Schloss Low P/B,False,0.5,['D/E < 50.0%: D/E=34%'],['P/B too high'],
ATCO-A.ST,deep_value,Deep Value,False,0.0,[],"['P/B not below 1.0', 'EV/EBITDA not below 8']",
ATCO-A.ST,earnings_yield,Earnings Yield,False,0.2201,['E/P=2.6% (P/E=37.9)'],['earnings yield 2.6% below 8%'],
ATCO-A.ST,fcf_yield,FCF Yield,False,0.2576,['FCF yield=2.6%'],['FCF yield 2.6% below 5%'],
ATCO-A.ST,low_pe_high_yield,Low P/E + High Yield,False,0.5,['yield=141.0%'],['P/E not below 12.0'],
ATCO-A.ST,lynch_peg,Lynch PEG,False,0.0,"['PEG=4.73', 'growth=8.0%']",['PEG 4.73 >= 1.0'],
ATCO-A.ST,neff_pegy,Neff PEGY,True,0.7459,"['PEGY=0.25', 'growth=8.0%', 'yield=141.0%']",[],
ATCO-A.ST,quality_value,Quality Value,False,0.6,"['ROE >= 12%: ROE=25.7%', 'Profit margin >= 5%: margin=15.7%', 'Debt/equity < 80%: D/E=34%']","['P/E >= 20', 'FCF yield below 3%']",
ATCO-A.ST,buffett_quality,Buffett Quality,False,0.75,"['ROE >= 15%: ROE=25.7%', 'D/E < 60.0%: D/E=34%', 'margin >= 8%: margin=15.7%']",['P/E too high'],
ATCO-A.ST,economic_moat,Economic Moat,True,1.0,"['high ROE=25.7%', 'solid ROA=13.0%', 'wide margin=15.7%', 'low leverage D/E=34%']",[],
ATCO-A.ST,high_dividend,High Dividend Yield,False,0.2448,"['yield=141.0%', 'universe rank 24%']",['not in top quartile for yield'],
ATCO-A.ST,dividend_growth,Dividend Growth,True,0.6667,"['dividend payer: yield=141.0%', 'earnings growth: growth=8.0%']",['P/E out of range'],
ATCO-A.ST,magic_formula,Magic Formula,True,0.5731,['ROIC rank 91%'],[],
ATCO-A.ST,acquirers_multiple,Acquirer's Multiple,False,0.189,"['EV/EBIT=30.5', 'universe rank 19%']","['EV/EBIT 30.5 above 12.0', 'not in top 40% cheapest on EV/EBIT']",
ATCO-A.ST,dreman_contrarian,Dreman Contrarian,False,0.1559,[],"['P/E not in bottom quartile', 'P/B not cheap vs universe', 'dividend yield below median']",
ATCO-A.ST,piotroski_f,Piotroski F-Score,False,0.5556,"['F-Score=5/9', 'positive net income', 'positive operating cash flow', 'OCF > net income', 'no share dilution', 'gross margin improving']","['F-Score 5/9 below 7', 'ROA improving', 'leverage declining', 'current ratio improving', 'asset turnover improving']","{'f_score': 5, 'max_score': 9, 'components': [{'name': 'positive net income', 'passed': True}, {'name': 'positive operating cash flow', 'passed': True}, {'name': 'ROA improving', 'passed': False}, {'name': 'OCF > net income', 'passed': True}, {'name': 'leverage declining', 'passed': False}, {'name': 'current ratio improving', 'passed': False}, {'name': 'no share dilution', 'passed': True}, {'name': 'gross margin improving', 'passed': True}, {'name': 'asset turnover improving', 'passed': False}]}"
ATCO-A.ST,composite_value,Composite Value,False,0.1937,[],[],
ATCO-A.ST,earnings_quality,Earnings Quality,True,1.0,"['FCF/NI=0.98', 'OCF/NI=1.23', 'ratio=-3.04%']",[],
ATCO-A.ST,financial_health,Financial Health,True,1.0,"['D/E=34%', 'leverage=17.2%', 'CR=1.55', 'ratio=0.5', 'coverage=39.5x']",[],
BOL.ST,graham_defensive,Graham Defensive,False,0.75,"['P/E < 15: P/E=11.8', 'P/B < 1.5 or P/E×P/B < 22.5: P/B=1.85', 'Dividend payer: yield=209.00%']",['current ratio < 2'],
BOL.ST,graham_enterprising,Graham Enterprising,True,1.0,"['P/E < 25: P/E=11.8', 'P/B < 3: P/B=1.85', 'Debt/equity < 100%: D/E=28%', 'ROE > 8%: ROE=16.8%', 'Positive earnings growth: growth=286.9%']",[],
BOL.ST,graham_net_net,Graham Net-Net,False,0.0,[],['missing NCAV (balance sheet data)'],
BOL.ST,schloss,Schloss Low P/B,False,0.5,['D/E < 50.0%: D/E=28%'],['P/B too high'],
BOL.ST,deep_value,Deep Value,False,0.5,['EV/EBITDA=6.3'],['P/B not below 1.0'],
BOL.ST,earnings_yield,Earnings Yield,True,0.7036,['E/P=8.4% (P/E=11.8)'],[],
BOL.ST,fcf_yield,FCF Yield,False,0.1119,['FCF yield=1.1%'],['FCF yield 1.1% below 5%'],
BOL.ST,low_pe_high_yield,Low P/E + High Yield,True,1.0,"['P/E=11.8', 'yield=209.0%']",[],
BOL.ST,lynch_peg,Lynch PEG,True,0.9587,"['PEG=0.04', 'growth=286.9%']",[],
BOL.ST,neff_pegy,Neff PEGY,True,0.9761,"['PEGY=0.02', 'growth=286.9%', 'yield=209.0%']",[],
BOL.ST,quality_value,Quality Value,True,0.8,"['ROE >= 12%: ROE=16.8%', 'Profit margin >= 5%: margin=12.2%', 'Debt/equity < 80%: D/E=28%', 'P/E < 20: P/E=11.8']",['FCF yield below 3%'],
BOL.ST,buffett_quality,Buffett Quality,True,1.0,"['ROE >= 15%: ROE=16.8%', 'D/E < 60.0%: D/E=28%', 'margin >= 8%: margin=12.2%', 'P/E < 25.0: P/E=11.8']",[],
BOL.ST,economic_moat,Economic Moat,False,0.5,"['wide margin=12.2%', 'low leverage D/E=28%']","['ROE below 18%', 'ROA below 8%']",
BOL.ST,high_dividend,High Dividend Yield,False,0.4062,"['yield=209.0%', 'universe rank 41%']",['not in top quartile for yield'],
BOL.ST,dividend_growth,Dividend Growth,True,1.0,"['dividend payer: yield=209.0%', 'earnings growth: growth=286.9%', 'reasonable P/E: P/E=11.8']",[],
BOL.ST,magic_formula,Magic Formula,True,0.6382,"['earnings yield rank 75%', 'ROIC rank 53%']",[],
BOL.ST,acquirers_multiple,Acquirer's Multiple,False,0.7073,"['EV/EBIT=13.1', 'universe rank 71%']",['EV/EBIT 13.1 above 12.0'],
BOL.ST,dreman_contrarian,Dreman Contrarian,False,0.5916,['low P/E rank 79%'],"['P/B not cheap vs universe', 'dividend yield below median']",
BOL.ST,piotroski_f,Piotroski F-Score,False,0.5556,"['F-Score=5/9', 'positive net income', 'positive operating cash flow', 'OCF > net income', 'current ratio improving', 'gross margin improving']","['F-Score 5/9 below 7', 'ROA improving', 'leverage declining', 'no share dilution', 'asset turnover improving']","{'f_score': 5, 'max_score': 9, 'components': [{'name': 'positive net income', 'passed': True}, {'name': 'positive operating cash flow', 'passed': True}, {'name': 'ROA improving', 'passed': False}, {'name': 'OCF > net income', 'passed': True}, {'name': 'leverage declining', 'passed': False}, {'name': 'current ratio improving', 'passed': True}, {'name': 'no share dilution', 'passed': False}, {'name': 'gross margin improving', 'passed': True}, {'name': 'asset turnover improving', 'passed': False}]}"
BOL.ST,composite_value,Composite Value,False,0.5627,"['top-tier on trailing_pe (percentile 95%)', 'top-tier on ev_ebitda (percentile 92%)']",[],
BOL.ST,earnings_quality,Earnings Quality,False,0.6667,"['OCF/NI=2.20', 'ratio=-7.87%']",['weak free-cash conversion'],
BOL.ST,financial_health,Financial Health,True,1.0,"['D/E=28%', 'leverage=16.6%', 'CR=1.70', 'ratio=0.7', 'coverage=9.3x']",[],
EPI-A.ST,graham_defensive,Graham Defensive,False,0.5,"['Current ratio >= 2: CR=2.13', 'Dividend payer: yield=141.00%']","['P/E >= 15', 'valuation too rich on P/B or P/E×P/B']",
EPI-A.ST,graham_enterprising,Graham Enterprising,False,0.6,"['Debt/equity < 100%: D/E=42%', 'ROE > 8%: ROE=21.2%', 'Positive earnings growth: growth=15.8%']","['P/E >= 25', 'P/B >= 3']",
EPI-A.ST,graham_net_net,Graham Net-Net,False,0.0,[],['missing NCAV (balance sheet data)'],
EPI-A.ST,schloss,Schloss Low P/B,False,0.5,['D/E < 50.0%: D/E=42%'],['P/B too high'],
EPI-A.ST,deep_value,Deep Value,False,0.0,[],"['P/B not below 1.0', 'EV/EBITDA not below 8']",
EPI-A.ST,earnings_yield,Earnings Yield,False,0.233,['E/P=2.8% (P/E=35.8)'],['earnings yield 2.8% below 8%'],
EPI-A.ST,fcf_yield,FCF Yield,False,0.1791,['FCF yield=1.8%'],['FCF yield 1.8% below 5%'],
EPI-A.ST,low_pe_high_yield,Low P/E + High Yield,False,0.5,['yield=141.0%'],['P/E not below 12.0'],
EPI-A.ST,lynch_peg,Lynch PEG,False,0.0,"['PEG=2.26', 'growth=15.8%']",['PEG 2.26 >= 1.0'],
EPI-A.ST,neff_pegy,Neff PEGY,True,0.7719,"['PEGY=0.23', 'growth=15.8%', 'yield=141.0%']",[],
EPI-A.ST,quality_value,Quality Value,False,0.6,"['ROE >= 12%: ROE=21.2%', 'Profit margin >= 5%: margin=14.2%', 'Debt/equity < 80%: D/E=42%']","['P/E >= 20', 'FCF yield below 3%']",
EPI-A.ST,buffett_quality,Buffett Quality,False,0.75,"['ROE >= 15%: ROE=21.2%', 'D/E < 60.0%: D/E=42%', 'margin >= 8%: margin=14.2%']",['P/E too high'],
EPI-A.ST,economic_moat,Economic Moat,True,1.0,"['high ROE=21.2%', 'solid ROA=10.7%', 'wide margin=14.2%', 'low leverage D/E=42%']",[],
EPI-A.ST,high_dividend,High Dividend Yield,False,0.2448,"['yield=141.0%', 'universe rank 24%']",['not in top quartile for yield'],
EPI-A.ST,dividend_growth,Dividend Growth,True,0.6667,"['dividend payer: yield=141.0%', 'earnings growth: growth=15.8%']",['P/E out of range'],
EPI-A.ST,magic_formula,Magic Formula,True,0.5681,['ROIC rank 86%'],[],
EPI-A.ST,acquirers_multiple,Acquirer's Multiple,False,0.2317,"['EV/EBIT=27.0', 'universe rank 23%']","['EV/EBIT 27.0 above 12.0', 'not in top 40% cheapest on EV/EBIT']",
EPI-A.ST,dreman_contrarian,Dreman Contrarian,False,0.1896,[],"['P/E not in bottom quartile', 'P/B not cheap vs universe', 'dividend yield below median']",
EPI-A.ST,piotroski_f,Piotroski F-Score,True,0.8889,"['F-Score=8/9', 'positive net income', 'positive operating cash flow', 'ROA improving', 'OCF > net income', 'leverage declining', 'no share dilution', 'gross margin improving', 'asset turnover improving']",['current ratio improving'],"{'f_score': 8, 'max_score': 9, 'components': [{'name': 'positive net income', 'passed': True}, {'name': 'positive operating cash flow', 'passed': True}, {'name': 'ROA improving', 'passed': True}, {'name': 'OCF > net income', 'passed': True}, {'name': 'leverage declining', 'passed': True}, {'name': 'current ratio improving', 'passed': False}, {'name': 'no share dilution', 'passed': True}, {'name': 'gross margin improving', 'passed': True}, {'name': 'asset turnover improving', 'passed': True}]}"
EPI-A.ST,composite_value,Composite Value,False,0.2188,[],[],
EPI-A.ST,earnings_quality,Earnings Quality,True,1.0,"['FCF/NI=0.66', 'OCF/NI=1.24', 'ratio=-2.58%']",[],
EPI-A.ST,financial_health,Financial Health,True,1.0,"['D/E=42%', 'leverage=25.1%', 'CR=2.38', 'ratio=0.8', 'coverage=15.3x']",[],
EQT.ST,graham_defensive,Graham Defensive,False,0.5,"['Current ratio >= 2: CR=6.39', 'Dividend payer: yield=173.00%']","['P/E >= 15', 'valuation too rich on P/B or P/E×P/B']",
EQT.ST,graham_enterprising,Graham Enterprising,False,0.6,"['Debt/equity < 100%: D/E=34%', 'ROE > 8%: ROE=13.9%', 'Positive earnings growth: growth=93.2%']","['P/E >= 25', 'P/B >= 3']",
EQT.ST,graham_net_net,Graham Net-Net,False,0.0,[],['missing NCAV (balance sheet data)'],
EQT.ST,schloss,Schloss Low P/B,False,0.5,['D/E < 50.0%: D/E=34%'],['P/B too high'],
EQT.ST,deep_value,Deep Value,False,0.0,[],"['P/B not below 1.0', 'EV/EBITDA not below 8']",
EQT.ST,earnings_yield,Earnings Yield,False,0.2901,['E/P=3.5% (P/E=28.7)'],['earnings yield 3.5% below 8%'],
EQT.ST,fcf_yield,FCF Yield,False,0.0402,['FCF yield=0.4%'],['FCF yield 0.4% below 5%'],
EQT.ST,low_pe_high_yield,Low P/E + High Yield,False,0.5,['yield=173.0%'],['P/E not below 12.0'],
EQT.ST,lynch_peg,Lynch PEG,True,0.6918,"['PEG=0.31', 'growth=93.2%']",[],
EQT.ST,neff_pegy,Neff PEGY,True,0.8921,"['PEGY=0.11', 'growth=93.2%', 'yield=173.0%']",[],
EQT.ST,quality_value,Quality Value,False,0.6,"['ROE >= 12%: ROE=13.9%', 'Profit margin >= 5%: margin=35.2%', 'Debt/equity < 80%: D/E=34%']","['P/E >= 20', 'FCF yield below 3%']",
EQT.ST,buffett_quality,Buffett Quality,False,0.5,"['D/E < 60.0%: D/E=34%', 'margin >= 8%: margin=35.2%']","['ROE too low', 'P/E too high']",
EQT.ST,economic_moat,Economic Moat,False,0.5,"['wide margin=35.2%', 'low leverage D/E=34%']","['ROE below 18%', 'ROA below 8%']",
EQT.ST,high_dividend,High Dividend Yield,False,0.3281,"['yield=173.0%', 'universe rank 33%']",['not in top quartile for yield'],
EQT.ST,dividend_growth,Dividend Growth,True,0.6667,"['dividend payer: yield=173.0%', 'earnings growth: growth=93.2%']",['P/E out of range'],
EQT.ST,magic_formula,Magic Formula,False,0.2706,[],['below top half on combined Magic Formula rank'],
EQT.ST,acquirers_multiple,Acquirer's Multiple,False,0.0183,"['EV/EBIT=318.1', 'universe rank 2%']","['EV/EBIT 318.1 above 12.0', 'not in top 40% cheapest on EV/EBIT']",
EQT.ST,dreman_contrarian,Dreman Contrarian,False,0.1941,[],"['P/E not in bottom quartile', 'P/B not cheap vs universe', 'dividend yield below median']",
EQT.ST,piotroski_f,Piotroski F-Score,False,0.4444,"['F-Score=4/9', 'positive net income', 'positive operating cash flow', 'no share dilution', 'asset turnover improving']","['F-Score 4/9 below 7', 'ROA improving', 'OCF > net income', 'leverage declining', 'current ratio improving', 'gross margin improving']","{'f_score': 4, 'max_score': 9, 'components': [{'name': 'positive net income', 'passed': True}, {'name': 'positive operating cash flow', 'passed': True}, {'name': 'ROA improving', 'passed': False}, {'name': 'OCF > net income', 'passed': False}, {'name': 'leverage declining', 'passed': False}, {'name': 'current ratio improving', 'passed': False}, {'name': 'no share dilution', 'passed': True}, {'name': 'gross margin improving', 'passed': False}, {'name': 'asset turnover improving', 'passed': True}]}"
EQT.ST,composite_value,Composite Value,False,0.1558,[],[],
EQT.ST,earnings_quality,Earnings Quality,False,0.6667,"['FCF/NI=1.92', 'ratio=2.62%']",['operating cash below earnings'],
EQT.ST,financial_health,Financial Health,True,1.0,"['D/E=34%', 'leverage=23.3%', 'CR=6.83', 'ratio=-2.3', 'coverage=15.0x']",[],
ERIC-B.ST,graham_defensive,Graham Defensive,False,0.5,"['P/E < 15: P/E=12.9', 'Dividend payer: yield=320.00%']","['valuation too rich on P/B or P/E×P/B', 'current ratio < 2']",
ERIC-B.ST,graham_enterprising,Graham Enterprising,False,0.6,"['P/E < 25: P/E=12.9', 'Debt/equity < 100%: D/E=38%', 'ROE > 8%: ROE=26.1%']","['P/B >= 3', 'negative earnings growth']",
ERIC-B.ST,graham_net_net,Graham Net-Net,False,0.0,[],['missing NCAV (balance sheet data)'],
ERIC-B.ST,schloss,Schloss Low P/B,False,0.5,['D/E < 50.0%: D/E=38%'],['P/B too high'],
ERIC-B.ST,deep_value,Deep Value,False,0.0,[],"['P/B not below 1.0', 'EV/EBITDA not below 8']",
ERIC-B.ST,earnings_yield,Earnings Yield,False,0.6481,['E/P=7.8% (P/E=12.9)'],['earnings yield 7.8% below 8%'],
ERIC-B.ST,fcf_yield,FCF Yield,True,0.9945,['FCF yield=9.9%'],[],
ERIC-B.ST,low_pe_high_yield,Low P/E + High Yield,False,0.5,['yield=320.0%'],['P/E not below 12.0'],
ERIC-B.ST,lynch_peg,Lynch PEG,False,0.2,[],['missing or negative earnings growth'],
ERIC-B.ST,neff_pegy,Neff PEGY,True,0.9584,"['PEGY=0.04', 'growth=-10.9%', 'yield=320.0%']",[],
ERIC-B.ST,quality_value,Quality Value,True,1.0,"['ROE >= 12%: ROE=26.1%', 'Profit margin >= 5%: margin=10.8%', 'Debt/equity < 80%: D/E=38%', 'P/E < 20: P/E=12.9', 'FCF yield >= 3%: FCF yield=9.9%']",[],
ERIC-B.ST,buffett_quality,Buffett Quality,True,1.0,"['ROE >= 15%: ROE=26.1%', 'D/E < 60.0%: D/E=38%', 'margin >= 8%: margin=10.8%', 'P/E < 25.0: P/E=12.9']",[],
ERIC-B.ST,economic_moat,Economic Moat,True,0.75,"['high ROE=26.1%', 'solid ROA=10.2%', 'low leverage D/E=38%']",['margins below 12%'],
ERIC-B.ST,high_dividend,High Dividend Yield,False,0.5521,"['yield=320.0%', 'universe rank 55%']",['not in top quartile for yield'],
ERIC-B.ST,dividend_growth,Dividend Growth,True,0.6667,"['dividend payer: yield=320.0%', 'reasonable P/E: P/E=12.9']",['earnings not growing'],
ERIC-B.ST,magic_formula,Magic Formula,True,0.8457,"['earnings yield rank 91%', 'ROIC rank 78%']",[],
ERIC-B.ST,acquirers_multiple,Acquirer's Multiple,True,0.8659,"['EV/EBIT=9.7', 'universe rank 87%']",[],
ERIC-B.ST,dreman_contrarian,Dreman Contrarian,False,0.5473,['dividend rank 55%'],"['P/E not in bottom quartile', 'P/B not cheap vs universe']",
ERIC-B.ST,piotroski_f,Piotroski F-Score,True,0.8889,"['F-Score=8/9', 'positive net income', 'positive operating cash flow', 'ROA improving', 'OCF > net income', 'leverage declining', 'current ratio improving', 'no share dilution', 'gross margin improving']",['asset turnover improving'],"{'f_score': 8, 'max_score': 9, 'components': [{'name': 'positive net income', 'passed': True}, {'name': 'positive operating cash flow', 'passed': True}, {'name': 'ROA improving', 'passed': True}, {'name': 'OCF > net income', 'passed': True}, {'name': 'leverage declining', 'passed': True}, {'name': 'current ratio improving', 'passed': True}, {'name': 'no share dilution', 'passed': True}, {'name': 'gross margin improving', 'passed': True}, {'name': 'asset turnover improving', 'passed': False}]}"
ERIC-B.ST,composite_value,Composite Value,True,0.9125,"['top-tier on trailing_pe (percentile 92%)', 'top-tier on price_to_book (percentile 100%)', 'top-tier on dividend_yield (percentile 83%)', 'top-tier on fcf_yield (percentile 83%)', 'top-tier on ev_ebitda (percentile 100%)']",[],
ERIC-B.ST,earnings_quality,Earnings Quality,True,1.0,"['FCF/NI=1.08', 'OCF/NI=1.16', 'ratio=-1.62%']",[],
ERIC-B.ST,financial_health,Financial Health,True,1.0,"['D/E=38%', 'leverage=14.4%', 'CR=1.29', 'ratio=-0.4', 'coverage=11.2x']",[],
ESSITY-B.ST,graham_defensive,Graham Defensive,False,0.5,"['P/E < 15: P/E=14.8', 'Dividend payer: yield=336.00%']","['valuation too rich on P/B or P/E×P/B', 'current ratio < 2']",
ESSITY-B.ST,graham_enterprising,Graham Enterprising,True,0.8,"['P/E < 25: P/E=14.8', 'P/B < 3: P/B=1.92', 'Debt/equity < 100%: D/E=46%', 'ROE > 8%: ROE=14.0%']",['negative earnings growth'],
ESSITY-B.ST,graham_net_net,Graham Net-Net,False,0.0,[],['missing NCAV (balance sheet data)'],
ESSITY-B.ST,schloss,Schloss Low P/B,False,0.5,['D/E < 50.0%: D/E=46%'],['P/B too high'],
ESSITY-B.ST,deep_value,Deep Value,False,0.0,[],"['P/B not below 1.0', 'EV/EBITDA not below 8']",
ESSITY-B.ST,earnings_yield,Earnings Yield,False,0.5616,['E/P=6.7% (P/E=14.8)'],['earnings yield 6.7% below 8%'],
ESSITY-B.ST,fcf_yield,FCF Yield,True,0.5061,['FCF yield=5.1%'],[],
ESSITY-B.ST,low_pe_high_yield,Low P/E + High Yield,False,0.5,['yield=336.0%'],['P/E not below 12.0'],
ESSITY-B.ST,lynch_peg,Lynch PEG,False,0.2,[],['missing or negative earnings growth'],
ESSITY-B.ST,neff_pegy,Neff PEGY,True,0.9544,"['PEGY=0.05', 'growth=-10.3%', 'yield=336.0%']",[],
ESSITY-B.ST,quality_value,Quality Value,True,1.0,"['ROE >= 12%: ROE=14.0%', 'Profit margin >= 5%: margin=8.8%', 'Debt/equity < 80%: D/E=46%', 'P/E < 20: P/E=14.8', 'FCF yield >= 3%: FCF yield=5.1%']",[],
ESSITY-B.ST,buffett_quality,Buffett Quality,False,0.75,"['D/E < 60.0%: D/E=46%', 'margin >= 8%: margin=8.8%', 'P/E < 25.0: P/E=14.8']",['ROE too low'],
ESSITY-B.ST,economic_moat,Economic Moat,False,0.25,['low leverage D/E=46%'],"['ROE below 18%', 'ROA below 8%', 'margins below 12%']",
ESSITY-B.ST,high_dividend,High Dividend Yield,False,0.5885,"['yield=336.0%', 'universe rank 59%']",['not in top quartile for yield'],
ESSITY-B.ST,dividend_growth,Dividend Growth,True,0.6667,"['dividend payer: yield=336.0%', 'reasonable P/E: P/E=14.8']",['earnings not growing'],
ESSITY-B.ST,magic_formula,Magic Formula,True,0.7565,"['earnings yield rank 84%', 'ROIC rank 68%']",[],
ESSITY-B.ST,acquirers_multiple,Acquirer's Multiple,True,0.7927,"['EV/EBIT=11.4', 'universe rank 79%']",[],
ESSITY-B.ST,dreman_contrarian,Dreman Contrarian,False,0.5892,['dividend rank 59%'],"['P/E not in bottom quartile', 'P/B not cheap vs universe']",
ESSITY-B.ST,piotroski_f,Piotroski F-Score,True,0.7778,"['F-Score=7/9', 'positive net income', 'positive operating cash flow', 'OCF > net income', 'leverage declining', 'no share dilution', 'gross margin improving', 'asset turnover improving']","['ROA improving', 'current ratio improving']","{'f_score': 7, 'max_score': 9, 'components': [{'name': 'positive net income', 'passed': True}, {'name': 'positive operating cash flow', 'passed': True}, {'name': 'ROA improving', 'passed': False}, {'name': 'OCF > net income', 'passed': True}, {'name': 'leverage declining', 'passed': True}, {'name': 'current ratio improving', 'passed': False}, {'name': 'no share dilution', 'passed': True}, {'name': 'gross margin improving', 'passed': True}, {'name': 'asset turnover improving', 'passed': True}]}"
ESSITY-B.ST,composite_value,Composite Value,False,0.6387,"['top-tier on trailing_pe (percentile 77%)', 'top-tier on price_to_book (percentile 79%)', 'top-tier on ev_ebitda (percentile 79%)']",[],
ESSITY-B.ST,earnings_quality,Earnings Quality,True,1.0,"['FCF/NI=0.71', 'OCF/NI=1.22', 'ratio=-1.68%']",[],
ESSITY-B.ST,financial_health,Financial Health,True,1.0,"['D/E=46%', 'leverage=22.3%', 'CR=1.33', 'ratio=1.5', 'coverage=11.7x']",[],
EVO.ST,graham_defensive,Graham Defensive,False,0.5,"['P/E < 15: P/E=13.9', 'Current ratio >= 2: CR=2.04']","['valuation too rich on P/B or P/E×P/B', 'no dividend']",
EVO.ST,graham_enterprising,Graham Enterprising,False,0.8,"['P/E < 25: P/E=13.9', 'Debt/equity < 100%: D/E=2%', 'ROE > 8%: ROE=26.7%', 'Positive earnings growth: growth=4.3%']",['P/B >= 3'],
EVO.ST,graham_net_net,Graham Net-Net,False,0.0,[],['missing NCAV (balance sheet data)'],
EVO.ST,schloss,Schloss Low P/B,False,0.5,['D/E < 50.0%: D/E=2%'],['P/B too high'],
EVO.ST,deep_value,Deep Value,False,0.0,[],"['P/B not below 1.0', 'EV/EBITDA not below 8']",
EVO.ST,earnings_yield,Earnings Yield,False,0.6016,['E/P=7.2% (P/E=13.9)'],['earnings yield 7.2% below 8%'],
EVO.ST,fcf_yield,FCF Yield,False,0.0623,['FCF yield=0.6%'],['FCF yield 0.6% below 5%'],
EVO.ST,low_pe_high_yield,Low P/E + High Yield,False,0.0,[],"['P/E not below 12.0', 'yield below 4%']",
EVO.ST,lynch_peg,Lynch PEG,False,0.0,"['PEG=3.22', 'growth=4.3%']","['growth 4.3% below 5% floor', 'PEG 3.22 >= 1.0']",
EVO.ST,neff_pegy,Neff PEGY,False,0.0,"['PEGY=3.22', 'growth=4.3%', 'yield=0.0%']",['PEGY 3.22 >= 1.0'],
EVO.ST,quality_value,Quality Value,True,0.8,"['ROE >= 12%: ROE=26.7%', 'Profit margin >= 5%: margin=51.8%', 'Debt/equity < 80%: D/E=2%', 'P/E < 20: P/E=13.9']",['FCF yield below 3%'],
EVO.ST,buffett_quality,Buffett Quality,True,1.0,"['ROE >= 15%: ROE=26.7%', 'D/E < 60.0%: D/E=2%', 'margin >= 8%: margin=51.8%', 'P/E < 25.0: P/E=13.9']",[],
EVO.ST,economic_moat,Economic Moat,True,1.0,"['high ROE=26.7%', 'solid ROA=19.2%', 'wide margin=51.8%', 'low leverage D/E=2%']",[],
EVO.ST,high_dividend,High Dividend Yield,False,0.0,"['yield=0.0%', 'universe rank 0%']","['yield 0.0% below 3% floor', 'not in top quartile for yield']",
EVO.ST,dividend_growth,Dividend Growth,False,0.6667,"['earnings growth: growth=4.3%', 'reasonable P/E: P/E=13.9']",['yield too low'],
EVO.ST,magic_formula,Magic Formula,True,0.5161,['ROIC rank 94%'],[],
EVO.ST,acquirers_multiple,Acquirer's Multiple,False,0.0488,"['EV/EBIT=130.3', 'universe rank 5%']","['EV/EBIT 130.3 above 12.0', 'not in top 40% cheapest on EV/EBIT']",
EVO.ST,dreman_contrarian,Dreman Contrarian,False,0.2349,[],"['P/E not in bottom quartile', 'P/B not cheap vs universe', 'dividend yield below median']",
EVO.ST,piotroski_f,Piotroski F-Score,False,0.6667,"['F-Score=6/9', 'positive net income', 'positive operating cash flow', 'OCF > net income', 'leverage declining', 'no share dilution', 'gross margin improving']","['F-Score 6/9 below 7', 'ROA improving', 'current ratio improving', 'asset turnover improving']","{'f_score': 6, 'max_score': 9, 'components': [{'name': 'positive net income', 'passed': True}, {'name': 'positive operating cash flow', 'passed': True}, {'name': 'ROA improving', 'passed': False}, {'name': 'OCF > net income', 'passed': True}, {'name': 'leverage declining', 'passed': True}, {'name': 'current ratio improving', 'passed': False}, {'name': 'no share dilution', 'passed': True}, {'name': 'gross margin improving', 'passed': True}, {'name': 'asset turnover improving', 'passed': False}]}"
EVO.ST,composite_value,Composite Value,False,0.2366,[],[],
EVO.ST,earnings_quality,Earnings Quality,True,1.0,"['FCF/NI=0.86', 'OCF/NI=1.18', 'ratio=-3.50%']",[],
EVO.ST,financial_health,Financial Health,True,1.0,"['D/E=2%', 'leverage=1.6%', 'CR=1.66', 'ratio=-0.8', 'coverage=217.5x']",[],
SHB-A.ST,graham_defensive,Graham Defensive,False,0.75,"['P/E < 15: P/E=12.6', 'P/B < 1.5 or P/E×P/B < 22.5: P/B=1.62', 'Dividend payer: yield=523.00%']",['current ratio < 2'],
SHB-A.ST,graham_enterprising,Graham Enterprising,False,0.6,"['P/E < 25: P/E=12.6', 'P/B < 3: P/B=1.62', 'ROE > 8%: ROE=12.7%']","['excessive leverage', 'negative earnings growth']",
SHB-A.ST,graham_net_net,Graham Net-Net,False,0.0,[],['missing NCAV (balance sheet data)'],
SHB-A.ST,schloss,Schloss Low P/B,False,0.0,[],"['P/B too high', 'too much leverage']",
SHB-A.ST,deep_value,Deep Value,False,0.0,[],"['P/B not below 1.0', 'EV/EBITDA not below 8']",
SHB-A.ST,earnings_yield,Earnings Yield,False,0.6593,['E/P=7.9% (P/E=12.6)'],['earnings yield 7.9% below 8%'],
SHB-A.ST,fcf_yield,FCF Yield,False,1.0,['FCF yield=nan%'],['FCF yield nan% below 5%'],
SHB-A.ST,low_pe_high_yield,Low P/E + High Yield,False,0.5,['yield=523.0%'],['P/E not below 12.0'],
SHB-A.ST,lynch_peg,Lynch PEG,False,0.2,[],['missing or negative earnings growth'],
SHB-A.ST,neff_pegy,Neff PEGY,True,0.9755,"['PEGY=0.02', 'growth=-6.1%', 'yield=523.0%']",[],
SHB-A.ST,quality_value,Quality Value,False,0.6,"['ROE >= 12%: ROE=12.7%', 'Profit margin >= 5%: margin=42.6%', 'P/E < 20: P/E=12.6']","['high leverage', 'FCF yield below 3%']",
SHB-A.ST,buffett_quality,Buffett Quality,False,0.5,"['margin >= 8%: margin=42.6%', 'P/E < 25.0: P/E=12.6']","['ROE too low', 'too much debt']",
SHB-A.ST,economic_moat,Economic Moat,False,0.25,['wide margin=42.6%'],"['ROE below 18%', 'ROA below 8%', 'leverage too high']",
SHB-A.ST,high_dividend,High Dividend Yield,True,0.8542,"['yield=523.0%', 'universe rank 85%']",[],
SHB-A.ST,dividend_growth,Dividend Growth,True,0.6667,"['dividend payer: yield=523.0%', 'reasonable P/E: P/E=12.6']",['earnings not growing'],
SHB-A.ST,magic_formula,Magic Formula,False,0.0,[],['missing EBIT/EV or ROIC inputs'],
SHB-A.ST,acquirers_multiple,Acquirer's Multiple,False,0.0,[],['could not rank EV/EBIT'],
SHB-A.ST,dreman_contrarian,Dreman Contrarian,True,0.7417,"['low P/B rank 64%', 'dividend rank 85%']",['P/E not in bottom quartile'],
SHB-A.ST,piotroski_f,Piotroski F-Score,False,0.3333,"['F-Score=3/9', 'positive net income', 'leverage declining', 'no share dilution']","['F-Score 3/9 below 7', 'positive operating cash flow', 'ROA improving', 'OCF > net income', 'current ratio improving', 'gross margin improving', 'asset turnover improving']","{'f_score': 3, 'max_score': 9, 'components': [{'name': 'positive net income', 'passed': True}, {'name': 'positive operating cash flow', 'passed': False}, {'name': 'ROA improving', 'passed': False}, {'name': 'OCF > net income', 'passed': False}, {'name': 'leverage declining', 'passed': True}, {'name': 'current ratio improving', 'passed': False}, {'name': 'no share dilution', 'passed': True}, {'name': 'gross margin improving', 'passed': False}, {'name': 'asset turnover improving', 'passed': False}]}"
SHB-A.ST,composite_value,Composite Value,False,0.5629,['top-tier on dividend_yield (percentile 73%)'],"['missing fcf_yield', 'missing ev_ebitda']",
SHB-A.ST,earnings_quality,Earnings Quality,False,0.3333,['ratio=2.07%'],"['weak free-cash conversion', 'operating cash below earnings']",
SHB-A.ST,financial_health,Financial Health,False,0.4,"['leverage=49.8%', 'insufficient data — skipped']","['high debt to equity', 'weak liquidity', 'weak interest coverage']",
HM-B.ST,graham_defensive,Graham Defensive,False,0.25,['Dividend payer: yield=443.00%'],"['P/E >= 15', 'valuation too rich on P/B or P/E×P/B', 'current ratio < 2']",
HM-B.ST,graham_enterprising,Graham Enterprising,False,0.6,"['P/E < 25: P/E=19.7', 'ROE > 8%: ROE=33.3%', 'Positive earnings growth: growth=28.3%']","['P/B >= 3', 'excessive leverage']",
HM-B.ST,graham_net_net,Graham Net-Net,False,0.0,[],['missing NCAV (balance sheet data)'],
HM-B.ST,schloss,Schloss Low P/B,False,0.0,[],"['P/B too high', 'too much leverage']",
HM-B.ST,deep_value,Deep Value,False,0.0,[],"['P/B not below 1.0', 'EV/EBITDA not below 8']",
HM-B.ST,earnings_yield,Earnings Yield,False,0.4239,['E/P=5.1% (P/E=19.7)'],['earnings yield 5.1% below 8%'],
HM-B.ST,fcf_yield,FCF Yield,True,0.7693,['FCF yield=7.7%'],[],
HM-B.ST,low_pe_high_yield,Low P/E + High Yield,False,0.5,['yield=443.0%'],['P/E not below 12.0'],
HM-B.ST,lynch_peg,Lynch PEG,True,0.3053,"['PEG=0.69', 'growth=28.3%']",[],
HM-B.ST,neff_pegy,Neff PEGY,True,0.9583,"['PEGY=0.04', 'growth=28.3%', 'yield=443.0%']",[],
HM-B.ST,quality_value,Quality Value,True,0.8,"['ROE >= 12%: ROE=33.3%', 'Profit margin >= 5%: margin=6.0%', 'P/E < 20: P/E=19.7', 'FCF yield >= 3%: FCF yield=7.7%']",['high leverage'],
HM-B.ST,buffett_quality,Buffett Quality,False,0.5,"['ROE >= 15%: ROE=33.3%', 'P/E < 25.0: P/E=19.7']","['too much debt', 'thin margins']",
HM-B.ST,economic_moat,Economic Moat,False,0.25,['high ROE=33.3%'],"['ROA below 8%', 'margins below 12%', 'leverage too high']",
HM-B.ST,high_dividend,High Dividend Yield,True,0.7656,"['yield=443.0%', 'universe rank 77%']",[],
HM-B.ST,dividend_growth,Dividend Growth,True,1.0,"['dividend payer: yield=443.0%', 'earnings growth: growth=28.3%', 'reasonable P/E: P/E=19.7']",[],
HM-B.ST,magic_formula,Magic Formula,True,0.6893,"['earnings yield rank 62%', 'ROIC rank 76%']",[],
HM-B.ST,acquirers_multiple,Acquirer's Multiple,False,0.5793,"['EV/EBIT=16.7', 'universe rank 58%']","['EV/EBIT 16.7 above 12.0', 'not in top 40% cheapest on EV/EBIT']",
HM-B.ST,dreman_contrarian,Dreman Contrarian,False,0.4659,['dividend rank 77%'],"['P/E not in bottom quartile', 'P/B not cheap vs universe']",
HM-B.ST,piotroski_f,Piotroski F-Score,True,0.7778,"['F-Score=7/9', 'positive net income', 'positive operating cash flow', 'ROA improving', 'OCF > net income', 'current ratio improving', 'no share dilution', 'asset turnover improving']","['leverage declining', 'gross margin improving']","{'f_score': 7, 'max_score': 9, 'components': [{'name': 'positive net income', 'passed': True}, {'name': 'positive operating cash flow', 'passed': True}, {'name': 'ROA improving', 'passed': True}, {'name': 'OCF > net income', 'passed': True}, {'name': 'leverage declining', 'passed': False}, {'name': 'current ratio improving', 'passed': True}, {'name': 'no share dilution', 'passed': True}, {'name': 'gross margin improving', 'passed': False}, {'name': 'asset turnover improving', 'passed': True}]}"
HM-B.ST,composite_value,Composite Value,False,0.5711,"['top-tier on dividend_yield (percentile 71%)', 'top-tier on fcf_yield (percentile 76%)']",[],
HM-B.ST,earnings_quality,Earnings Quality,True,1.0,"['FCF/NI=1.64', 'OCF/NI=2.56', 'ratio=-11.14%']",[],
HM-B.ST,financial_health,Financial Health,False,0.8,"['leverage=45.5%', 'CR=1.18', 'ratio=2.1', 'coverage=7.0x']",['high debt to equity'],
HEXA-B.ST,graham_defensive,Graham Defensive,False,0.5,"['P/E < 15: P/E=12.4', 'Dividend payer: yield=147.00%']","['valuation too rich on P/B or P/E×P/B', 'current ratio < 2']",
HEXA-B.ST,graham_enterprising,Graham Enterprising,False,0.6,"['P/E < 25: P/E=12.4', 'Debt/equity < 100%: D/E=47%', 'ROE > 8%: ROE=27.3%']","['P/B >= 3', 'negative earnings growth']",
HEXA-B.ST,graham_net_net,Graham Net-Net,False,0.0,[],['missing NCAV (balance sheet data)'],
HEXA-B.ST,schloss,Schloss Low P/B,False,0.5,['D/E < 50.0%: D/E=47%'],['P/B too high'],
HEXA-B.ST,deep_value,Deep Value,False,0.0,[],"['P/B not below 1.0', 'EV/EBITDA not below 8']",
HEXA-B.ST,earnings_yield,Earnings Yield,True,0.6729,['E/P=8.1% (P/E=12.4)'],[],
HEXA-B.ST,fcf_yield,FCF Yield,False,0.0252,['FCF yield=0.3%'],['FCF yield 0.3% below 5%'],
HEXA-B.ST,low_pe_high_yield,Low P/E + High Yield,False,0.5,['yield=147.0%'],['P/E not below 12.0'],
HEXA-B.ST,lynch_peg,Lynch PEG,False,0.0,"['PEG=nan', 'growth=nan%']",[],
HEXA-B.ST,neff_pegy,Neff PEGY,False,0.0,"['PEGY=nan', 'growth=nan%', 'yield=147.0%']",['PEGY nan >= 1.0'],
HEXA-B.ST,quality_value,Quality Value,True,0.8,"['ROE >= 12%: ROE=27.3%', 'Profit margin >= 5%: margin=10.0%', 'Debt/equity < 80%: D/E=47%', 'P/E < 20: P/E=12.4']",['FCF yield below 3%'],
HEXA-B.ST,buffett_quality,Buffett Quality,True,1.0,"['ROE >= 15%: ROE=27.3%', 'D/E < 60.0%: D/E=47%', 'margin >= 8%: margin=10.0%', 'P/E < 25.0: P/E=12.4']",[],
HEXA-B.ST,economic_moat,Economic Moat,False,0.5,"['high ROE=27.3%', 'low leverage D/E=47%']","['ROA below 8%', 'margins below 12%']",
HEXA-B.ST,high_dividend,High Dividend Yield,False,0.2656,"['yield=147.0%', 'universe rank 27%']",['not in top quartile for yield'],
HEXA-B.ST,dividend_growth,Dividend Growth,True,0.6667,"['dividend payer: yield=147.0%', 'reasonable P/E: P/E=12.4']",['earnings not growing'],
HEXA-B.ST,magic_formula,Magic Formula,False,0.1945,[],['below top half on combined Magic Formula rank'],
HEXA-B.ST,acquirers_multiple,Acquirer's Multiple,False,0.0305,"['EV/EBIT=274.0', 'universe rank 3%']","['EV/EBIT 274.0 above 12.0', 'not in top 40% cheapest on EV/EBIT']",
HEXA-B.ST,dreman_contrarian,Dreman Contrarian,False,0.3491,['low P/E rank 76%'],"['P/B not cheap vs universe', 'dividend yield below median']",
HEXA-B.ST,piotroski_f,Piotroski F-Score,False,0.5556,"['F-Score=5/9', 'positive net income', 'positive operating cash flow', 'OCF > net income', 'no share dilution', 'asset turnover improving']","['F-Score 5/9 below 7', 'ROA improving', 'leverage declining', 'current ratio improving', 'gross margin improving']","{'f_score': 5, 'max_score': 9, 'components': [{'name': 'positive net income', 'passed': True}, {'name': 'positive operating cash flow', 'passed': True}, {'name': 'ROA improving', 'passed': False}, {'name': 'OCF > net income', 'passed': True}, {'name': 'leverage declining', 'passed': False}, {'name': 'current ratio improving', 'passed': False}, {'name': 'no share dilution', 'passed': True}, {'name': 'gross margin improving', 'passed': False}, {'name': 'asset turnover improving', 'passed': True}]}"
HEXA-B.ST,composite_value,Composite Value,False,0.4292,['top-tier on trailing_pe (percentile 100%)'],[],
HEXA-B.ST,earnings_quality,Earnings Quality,True,1.0,"['FCF/NI=1.11', 'OCF/NI=2.38', 'ratio=-4.97%']",[],
HEXA-B.ST,financial_health,Financial Health,False,0.8,"['D/E=47%', 'leverage=24.0%', 'ratio=0.4', 'coverage=7.4x']",['weak liquidity'],
INDU-C.ST,graham_defensive,Graham Defensive,False,0.75,"['P/E < 15: P/E=3.5', 'P/B < 1.5 or P/E×P/B < 22.5: P/B=0.97', 'Dividend payer: yield=169.00%']",['current ratio < 2'],
INDU-C.ST,graham_enterprising,Graham Enterprising,True,1.0,"['P/E < 25: P/E=3.5', 'P/B < 3: P/B=0.97', 'Debt/equity < 100%: D/E=3%', 'ROE > 8%: ROE=32.3%', 'Positive earnings growth: growth=1235.6%']",[],
INDU-C.ST,graham_net_net,Graham Net-Net,False,0.0,[],['missing NCAV (balance sheet data)'],
INDU-C.ST,schloss,Schloss Low P/B,True,1.0,"['P/B < 1.2: P/B=0.97', 'D/E < 50.0%: D/E=3%']",[],
INDU-C.ST,deep_value,Deep Value,True,1.0,"['P/B=0.97', 'EV/EBITDA=3.6']",[],
INDU-C.ST,earnings_yield,Earnings Yield,True,1.0,['E/P=29.0% (P/E=3.5)'],[],
INDU-C.ST,fcf_yield,FCF Yield,True,1.0,['FCF yield=18.2%'],[],
INDU-C.ST,low_pe_high_yield,Low P/E + High Yield,True,1.0,"['P/E=3.5', 'yield=169.0%']",[],
INDU-C.ST,lynch_peg,Lynch PEG,True,0.9972,"['PEG=0.00', 'growth=1235.6%']",[],
INDU-C.ST,neff_pegy,Neff PEGY,True,0.9975,"['PEGY=0.00', 'growth=1235.6%', 'yield=169.0%']",[],
INDU-C.ST,quality_value,Quality Value,True,1.0,"['ROE >= 12%: ROE=32.3%', 'Profit margin >= 5%: margin=99.3%', 'Debt/equity < 80%: D/E=3%', 'P/E < 20: P/E=3.5', 'FCF yield >= 3%: FCF yield=18.2%']",[],
INDU-C.ST,buffett_quality,Buffett Quality,True,1.0,"['ROE >= 15%: ROE=32.3%', 'D/E < 60.0%: D/E=3%', 'margin >= 8%: margin=99.3%', 'P/E < 25.0: P/E=3.5']",[],
INDU-C.ST,economic_moat,Economic Moat,True,1.0,"['high ROE=32.3%', 'solid ROA=17.8%', 'wide margin=99.3%', 'low leverage D/E=3%']",[],
INDU-C.ST,high_dividend,High Dividend Yield,False,0.3125,"['yield=169.0%', 'universe rank 31%']",['not in top quartile for yield'],
INDU-C.ST,dividend_growth,Dividend Growth,True,1.0,"['dividend payer: yield=169.0%', 'earnings growth: growth=1235.6%', 'reasonable P/E: P/E=3.5']",[],
INDU-C.ST,magic_formula,Magic Formula,False,0.0,[],['missing EBIT/EV or ROIC inputs'],
INDU-C.ST,acquirers_multiple,Acquirer's Multiple,False,0.0,[],['could not rank EV/EBIT'],
INDU-C.ST,dreman_contrarian,Dreman Contrarian,True,0.7207,"['low P/E rank 100%', 'low P/B rank 85%']",['dividend yield below median'],
INDU-C.ST,piotroski_f,Piotroski F-Score,False,0.5556,"['F-Score=5/9', 'positive net income', 'ROA improving', 'leverage declining', 'no share dilution', 'asset turnover improving']","['F-Score 5/9 below 7', 'positive operating cash flow', 'OCF > net income', 'current ratio improving', 'gross margin improving']","{'f_score': 5, 'max_score': 9, 'components': [{'name': 'positive net income', 'passed': True}, {'name': 'positive operating cash flow', 'passed': False}, {'name': 'ROA improving', 'passed': True}, {'name': 'OCF > net income', 'passed': False}, {'name': 'leverage declining', 'passed': True}, {'name': 'current ratio improving', 'passed': False}, {'name': 'no share dilution', 'passed': True}, {'name': 'gross margin improving', 'passed': False}, {'name': 'asset turnover improving', 'passed': True}]}"
INDU-C.ST,composite_value,Composite Value,True,0.7019,"['top-tier on trailing_pe (percentile 100%)', 'top-tier on price_to_book (percentile 80%)', 'top-tier on fcf_yield (percentile 86%)']",[],
INDU-C.ST,earnings_quality,Earnings Quality,False,0.3333,['FCF/NI=1.11'],"['operating cash below earnings', 'high accruals vs assets']",
INDU-C.ST,financial_health,Financial Health,False,0.6,"['D/E=3%', 'leverage=3.7%', 'ratio=0.0']","['weak liquidity', 'weak interest coverage']",
INVE-B.ST,graham_defensive,Graham Defensive,True,1.0,"['P/E < 15: P/E=4.8', 'P/B < 1.5 or P/E×P/B < 22.5: P/B=1.15', 'Current ratio >= 2: CR=2.24', 'Dividend payer: yield=133.00%']",[],
INVE-B.ST,graham_enterprising,Graham Enterprising,True,1.0,"['P/E < 25: P/E=4.8', 'P/B < 3: P/B=1.15', 'Debt/equity < 100%: D/E=12%', 'ROE > 8%: ROE=27.3%', 'Positive earnings growth: growth=158.9%']",[],
INVE-B.ST,graham_net_net,Graham Net-Net,False,0.0,[],['missing NCAV (balance sheet data)'],
INVE-B.ST,schloss,Schloss Low P/B,True,1.0,"['P/B < 1.2: P/B=1.15', 'D/E < 50.0%: D/E=12%']",[],
INVE-B.ST,deep_value,Deep Value,False,0.5,['EV/EBITDA=5.0'],['P/B not below 1.0'],
INVE-B.ST,earnings_yield,Earnings Yield,True,1.0,['E/P=21.0% (P/E=4.8)'],[],
INVE-B.ST,fcf_yield,FCF Yield,True,1.0,['FCF yield=13.3%'],[],
INVE-B.ST,low_pe_high_yield,Low P/E + High Yield,True,1.0,"['P/E=4.8', 'yield=133.0%']",[],
INVE-B.ST,lynch_peg,Lynch PEG,True,0.9701,"['PEG=0.03', 'growth=158.9%']",[],
INVE-B.ST,neff_pegy,Neff PEGY,True,0.9837,"['PEGY=0.02', 'growth=158.9%', 'yield=133.0%']",[],
INVE-B.ST,quality_value,Quality Value,True,1.0,"['ROE >= 12%: ROE=27.3%', 'Profit margin >= 5%: margin=80.1%', 'Debt/equity < 80%: D/E=12%', 'P/E < 20: P/E=4.8', 'FCF yield >= 3%: FCF yield=13.3%']",[],
INVE-B.ST,buffett_quality,Buffett Quality,True,1.0,"['ROE >= 15%: ROE=27.3%', 'D/E < 60.0%: D/E=12%', 'margin >= 8%: margin=80.1%', 'P/E < 25.0: P/E=4.8']",[],
INVE-B.ST,economic_moat,Economic Moat,True,1.0,"['high ROE=27.3%', 'solid ROA=14.3%', 'wide margin=80.1%', 'low leverage D/E=12%']",[],
INVE-B.ST,high_dividend,High Dividend Yield,False,0.2292,"['yield=133.0%', 'universe rank 23%']",['not in top quartile for yield'],
INVE-B.ST,dividend_growth,Dividend Growth,True,1.0,"['dividend payer: yield=133.0%', 'earnings growth: growth=158.9%', 'reasonable P/E: P/E=4.8']",[],
INVE-B.ST,magic_formula,Magic Formula,False,0.0,[],['missing EBIT/EV or ROIC inputs'],
INVE-B.ST,acquirers_multiple,Acquirer's Multiple,False,0.0,[],['could not rank EV/EBIT'],
INVE-B.ST,dreman_contrarian,Dreman Contrarian,True,0.6825,"['low P/E rank 99%', 'low P/B rank 82%']",['dividend yield below median'],
INVE-B.ST,piotroski_f,Piotroski F-Score,False,0.4444,"['F-Score=4/9', 'positive net income', 'ROA improving', 'no share dilution', 'asset turnover improving']","['F-Score 4/9 below 7', 'positive operating cash flow', 'OCF > net income', 'leverage declining', 'current ratio improving', 'gross margin improving']","{'f_score': 4, 'max_score': 9, 'components': [{'name': 'positive net income', 'passed': True}, {'name': 'positive operating cash flow', 'passed': False}, {'name': 'ROA improving', 'passed': True}, {'name': 'OCF > net income', 'passed': False}, {'name': 'leverage declining', 'passed': False}, {'name': 'current ratio improving', 'passed': False}, {'name': 'no share dilution', 'passed': True}, {'name': 'gross margin improving', 'passed': False}, {'name': 'asset turnover improving', 'passed': True}]}"
INVE-B.ST,composite_value,Composite Value,True,0.6509,"['top-tier on trailing_pe (percentile 98%)', 'top-tier on price_to_book (percentile 77%)', 'top-tier on fcf_yield (percentile 82%)']",[],
INVE-B.ST,earnings_quality,Earnings Quality,False,0.3333,['FCF/NI=1.05'],"['operating cash below earnings', 'high accruals vs assets']",
INVE-B.ST,financial_health,Financial Health,False,0.6,"['D/E=12%', 'leverage=10.5%', 'ratio=0.4']","['weak liquidity', 'weak interest coverage']",
LIFCO-B.ST,graham_defensive,Graham Defensive,False,0.25,['Dividend payer: yield=83.00%'],"['P/E >= 15', 'valuation too rich on P/B or P/E×P/B', 'current ratio < 2']",
LIFCO-B.ST,graham_enterprising,Graham Enterprising,False,0.6,"['Debt/equity < 100%: D/E=58%', 'ROE > 8%: ROE=20.2%', 'Positive earnings growth: growth=17.8%']","['P/E >= 25', 'P/B >= 3']",
LIFCO-B.ST,graham_net_net,Graham Net-Net,False,0.0,[],['missing NCAV (balance sheet data)'],
LIFCO-B.ST,schloss,Schloss Low P/B,False,0.0,[],"['P/B too high', 'too much leverage']",
LIFCO-B.ST,deep_value,Deep Value,False,0.0,[],"['P/B not below 1.0', 'EV/EBITDA not below 8']",
LIFCO-B.ST,earnings_yield,Earnings Yield,False,0.2238,['E/P=2.7% (P/E=37.2)'],['earnings yield 2.7% below 8%'],
LIFCO-B.ST,fcf_yield,FCF Yield,False,0.2908,['FCF yield=2.9%'],['FCF yield 2.9% below 5%'],
LIFCO-B.ST,low_pe_high_yield,Low P/E + High Yield,False,0.5,['yield=83.0%'],['P/E not below 12.0'],
LIFCO-B.ST,lynch_peg,Lynch PEG,False,0.0,"['PEG=2.09', 'growth=17.8%']",['PEG 2.09 >= 1.0'],
LIFCO-B.ST,neff_pegy,Neff PEGY,True,0.6306,"['PEGY=0.37', 'growth=17.8%', 'yield=83.0%']",[],
LIFCO-B.ST,quality_value,Quality Value,False,0.6,"['ROE >= 12%: ROE=20.2%', 'Profit margin >= 5%: margin=13.2%', 'Debt/equity < 80%: D/E=58%']","['P/E >= 20', 'FCF yield below 3%']",
LIFCO-B.ST,buffett_quality,Buffett Quality,False,0.75,"['ROE >= 15%: ROE=20.2%', 'D/E < 60.0%: D/E=58%', 'margin >= 8%: margin=13.2%']",['P/E too high'],
LIFCO-B.ST,economic_moat,Economic Moat,True,0.75,"['high ROE=20.2%', 'solid ROA=8.8%', 'wide margin=13.2%']",['leverage too high'],
LIFCO-B.ST,high_dividend,High Dividend Yield,False,0.1562,"['yield=83.0%', 'universe rank 16%']",['not in top quartile for yield'],
LIFCO-B.ST,dividend_growth,Dividend Growth,True,0.6667,"['dividend payer: yield=83.0%', 'earnings growth: growth=17.8%']",['P/E out of range'],
LIFCO-B.ST,magic_formula,Magic Formula,False,0.4944,['ROIC rank 76%'],['below top half on combined Magic Formula rank'],
LIFCO-B.ST,acquirers_multiple,Acquirer's Multiple,False,0.1829,"['EV/EBIT=30.5', 'universe rank 18%']","['EV/EBIT 30.5 above 12.0', 'not in top 40% cheapest on EV/EBIT']",
LIFCO-B.ST,dreman_contrarian,Dreman Contrarian,False,0.1509,[],"['P/E not in bottom quartile', 'P/B not cheap vs universe', 'dividend yield below median']",
LIFCO-B.ST,piotroski_f,Piotroski F-Score,True,0.7778,"['F-Score=7/9', 'positive net income', 'positive operating cash flow', 'ROA improving', 'OCF > net income', 'current ratio improving', 'no share dilution', 'asset turnover improving']","['leverage declining', 'gross margin improving']","{'f_score': 7, 'max_score': 9, 'components': [{'name': 'positive net income', 'passed': True}, {'name': 'positive operating cash flow', 'passed': True}, {'name': 'ROA improving', 'passed': True}, {'name': 'OCF > net income', 'passed': True}, {'name': 'leverage declining', 'passed': False}, {'name': 'current ratio improving', 'passed': True}, {'name': 'no share dilution', 'passed': True}, {'name': 'gross margin improving', 'passed': False}, {'name': 'asset turnover improving', 'passed': True}]}"
LIFCO-B.ST,composite_value,Composite Value,False,0.2288,[],[],
LIFCO-B.ST,earnings_quality,Earnings Quality,True,1.0,"['FCF/NI=1.15', 'OCF/NI=1.41', 'ratio=-3.63%']",[],
LIFCO-B.ST,financial_health,Financial Health,False,0.8,"['D/E=58%', 'leverage=26.7%', 'ratio=1.5', 'coverage=12.7x']",['weak liquidity'],
NIBE-B.ST,graham_defensive,Graham Defensive,False,0.25,['Dividend payer: yield=77.00%'],"['P/E >= 15', 'valuation too rich on P/B or P/E×P/B', 'current ratio < 2']",
NIBE-B.ST,graham_enterprising,Graham Enterprising,False,0.8,"['P/B < 3: P/B=2.94', 'Debt/equity < 100%: D/E=72%', 'ROE > 8%: ROE=8.5%', 'Positive earnings growth: growth=52.6%']",['P/E >= 25'],
NIBE-B.ST,graham_net_net,Graham Net-Net,False,0.0,[],['missing NCAV (balance sheet data)'],
NIBE-B.ST,schloss,Schloss Low P/B,False,0.0,[],"['P/B too high', 'too much leverage']",
NIBE-B.ST,deep_value,Deep Value,False,0.0,[],"['P/B not below 1.0', 'EV/EBITDA not below 8']",
NIBE-B.ST,earnings_yield,Earnings Yield,False,0.2472,['E/P=3.0% (P/E=33.7)'],['earnings yield 3.0% below 8%'],
NIBE-B.ST,fcf_yield,FCF Yield,False,0.37,['FCF yield=3.7%'],['FCF yield 3.7% below 5%'],
NIBE-B.ST,low_pe_high_yield,Low P/E + High Yield,False,0.5,['yield=77.0%'],['P/E not below 12.0'],
NIBE-B.ST,lynch_peg,Lynch PEG,True,0.359,"['PEG=0.64', 'growth=52.6%']",[],
NIBE-B.ST,neff_pegy,Neff PEGY,True,0.7398,"['PEGY=0.26', 'growth=52.6%', 'yield=77.0%']",[],
NIBE-B.ST,quality_value,Quality Value,False,0.6,"['Profit margin >= 5%: margin=6.4%', 'Debt/equity < 80%: D/E=72%', 'FCF yield >= 3%: FCF yield=3.7%']","['ROE below 12%', 'P/E >= 20']",
NIBE-B.ST,buffett_quality,Buffett Quality,False,0.0,[],"['ROE too low', 'too much debt', 'thin margins', 'P/E too high']",
NIBE-B.ST,economic_moat,Economic Moat,False,0.0,[],"['ROE below 18%', 'ROA below 8%', 'margins below 12%', 'leverage too high']",
NIBE-B.ST,high_dividend,High Dividend Yield,False,0.1406,"['yield=77.0%', 'universe rank 14%']",['not in top quartile for yield'],
NIBE-B.ST,dividend_growth,Dividend Growth,True,0.6667,"['dividend payer: yield=77.0%', 'earnings growth: growth=52.6%']",['P/E out of range'],
NIBE-B.ST,magic_formula,Magic Formula,False,0.308,[],['below top half on combined Magic Formula rank'],
NIBE-B.ST,acquirers_multiple,Acquirer's Multiple,False,0.2378,"['EV/EBIT=26.9', 'universe rank 24%']","['EV/EBIT 26.9 above 12.0', 'not in top 40% cheapest on EV/EBIT']",
NIBE-B.ST,dreman_contrarian,Dreman Contrarian,False,0.238,[],"['P/E not in bottom quartile', 'P/B not cheap vs universe', 'dividend yield below median']",
NIBE-B.ST,piotroski_f,Piotroski F-Score,True,1.0,"['F-Score=9/9', 'positive net income', 'positive operating cash flow', 'ROA improving', 'OCF > net income', 'leverage declining', 'current ratio improving', 'no share dilution', 'gross margin improving', 'asset turnover improving']",[],"{'f_score': 9, 'max_score': 9, 'components': [{'name': 'positive net income', 'passed': True}, {'name': 'positive operating cash flow', 'passed': True}, {'name': 'ROA improving', 'passed': True}, {'name': 'OCF > net income', 'passed': True}, {'name': 'leverage declining', 'passed': True}, {'name': 'current ratio improving', 'passed': True}, {'name': 'no share dilution', 'passed': True}, {'name': 'gross margin improving', 'passed': True}, {'name': 'asset turnover improving', 'passed': True}]}"
NIBE-B.ST,composite_value,Composite Value,False,0.3775,[],[],
NIBE-B.ST,earnings_quality,Earnings Quality,True,1.0,"['FCF/NI=1.45', 'OCF/NI=2.15', 'ratio=-4.01%']",[],
NIBE-B.ST,financial_health,Financial Health,True,1.0,"['D/E=72%', 'leverage=33.6%', 'CR=1.55', 'ratio=3.2', 'coverage=3.9x']",[],
NDA-SE.ST,graham_defensive,Graham Defensive,False,0.5,"['P/E < 15: P/E=12.5', 'Dividend payer: yield=742.00%']","['valuation too rich on P/B or P/E×P/B', 'current ratio < 2']",
NDA-SE.ST,graham_enterprising,Graham Enterprising,False,0.6,"['P/E < 25: P/E=12.5', 'ROE > 8%: ROE=15.3%', 'Positive earnings growth: growth=2.9%']","['P/B >= 3', 'excessive leverage']",
NDA-SE.ST,graham_net_net,Graham Net-Net,False,0.0,[],['missing NCAV (balance sheet data)'],
NDA-SE.ST,schloss,Schloss Low P/B,False,0.0,[],"['P/B too high', 'too much leverage']",
NDA-SE.ST,deep_value,Deep Value,False,0.0,[],"['P/B not below 1.0', 'EV/EBITDA not below 8']",
NDA-SE.ST,earnings_yield,Earnings Yield,False,0.6659,['E/P=8.0% (P/E=12.5)'],['earnings yield 8.0% below 8%'],
NDA-SE.ST,fcf_yield,FCF Yield,False,1.0,['FCF yield=nan%'],['FCF yield nan% below 5%'],
NDA-SE.ST,low_pe_high_yield,Low P/E + High Yield,False,0.5,['yield=742.0%'],['P/E not below 12.0'],
NDA-SE.ST,lynch_peg,Lynch PEG,False,0.0,"['PEG=4.32', 'growth=2.9%']","['growth 2.9% below 5% floor', 'PEG 4.32 >= 1.0']",
NDA-SE.ST,neff_pegy,Neff PEGY,True,0.9832,"['PEGY=0.02', 'growth=2.9%', 'yield=742.0%']",[],
NDA-SE.ST,quality_value,Quality Value,False,0.6,"['ROE >= 12%: ROE=15.3%', 'Profit margin >= 5%: margin=40.6%', 'P/E < 20: P/E=12.5']","['high leverage', 'FCF yield below 3%']",
NDA-SE.ST,buffett_quality,Buffett Quality,True,0.75,"['ROE >= 15%: ROE=15.3%', 'margin >= 8%: margin=40.6%', 'P/E < 25.0: P/E=12.5']",['too much debt'],
NDA-SE.ST,economic_moat,Economic Moat,False,0.25,['wide margin=40.6%'],"['ROE below 18%', 'ROA below 8%', 'leverage too high']",
NDA-SE.ST,high_dividend,High Dividend Yield,True,0.9583,"['yield=742.0%', 'universe rank 96%']",[],
NDA-SE.ST,dividend_growth,Dividend Growth,True,0.6667,"['dividend payer: yield=742.0%', 'reasonable P/E: P/E=12.5']",['earnings not growing'],
NDA-SE.ST,magic_formula,Magic Formula,False,0.0,[],['missing EBIT/EV or ROIC inputs'],
NDA-SE.ST,acquirers_multiple,Acquirer's Multiple,False,0.0,[],['could not rank EV/EBIT'],
NDA-SE.ST,dreman_contrarian,Dreman Contrarian,True,0.5867,"['low P/E rank 75%', 'dividend rank 96%']",['P/B not cheap vs universe'],
NDA-SE.ST,piotroski_f,Piotroski F-Score,False,0.3333,"['F-Score=3/9', 'positive net income', 'leverage declining', 'no share dilution']","['F-Score 3/9 below 7', 'positive operating cash flow', 'ROA improving', 'OCF > net income', 'current ratio improving', 'gross margin improving', 'asset turnover improving']","{'f_score': 3, 'max_score': 9, 'components': [{'name': 'positive net income', 'passed': True}, {'name': 'positive operating cash flow', 'passed': False}, {'name': 'ROA improving', 'passed': False}, {'name': 'OCF > net income', 'passed': False}, {'name': 'leverage declining', 'passed': True}, {'name': 'current ratio improving', 'passed': False}, {'name': 'no share dilution', 'passed': True}, {'name': 'gross margin improving', 'passed': False}, {'name': 'asset turnover improving', 'passed': False}]}"
NDA-SE.ST,composite_value,Composite Value,False,0.4883,['top-tier on dividend_yield (percentile 93%)'],"['missing fcf_yield', 'missing ev_ebitda']",
NDA-SE.ST,earnings_quality,Earnings Quality,False,0.3333,['ratio=1.22%'],"['weak free-cash conversion', 'operating cash below earnings']",
NDA-SE.ST,financial_health,Financial Health,False,0.4,"['leverage=31.6%', 'insufficient data — skipped']","['high debt to equity', 'weak liquidity', 'weak interest coverage']",
SAAB-B.ST,graham_defensive,Graham Defensive,False,0.25,['Dividend payer: yield=40.00%'],"['P/E >= 15', 'valuation too rich on P/B or P/E×P/B', 'current ratio < 2']",
SAAB-B.ST,graham_enterprising,Graham Enterprising,False,0.6,"['Debt/equity < 100%: D/E=29%', 'ROE > 8%: ROE=15.9%', 'Positive earnings growth: growth=39.9%']","['P/E >= 25', 'P/B >= 3']",
SAAB-B.ST,graham_net_net,Graham Net-Net,False,0.0,[],['missing NCAV (balance sheet data)'],
SAAB-B.ST,schloss,Schloss Low P/B,False,0.5,['D/E < 50.0%: D/E=29%'],['P/B too high'],
SAAB-B.ST,deep_value,Deep Value,False,0.0,[],"['P/B not below 1.0', 'EV/EBITDA not below 8']",
SAAB-B.ST,earnings_yield,Earnings Yield,False,0.1846,['E/P=2.2% (P/E=45.1)'],['earnings yield 2.2% below 8%'],
SAAB-B.ST,fcf_yield,FCF Yield,False,0.2356,['FCF yield=2.4%'],['FCF yield 2.4% below 5%'],
SAAB-B.ST,low_pe_high_yield,Low P/E + High Yield,False,0.5,['yield=40.0%'],['P/E not below 12.0'],
SAAB-B.ST,lynch_peg,Lynch PEG,False,0.0,"['PEG=1.13', 'growth=39.9%']",['PEG 1.13 >= 1.0'],
SAAB-B.ST,neff_pegy,Neff PEGY,True,0.435,"['PEGY=0.56', 'growth=39.9%', 'yield=40.0%']",[],
SAAB-B.ST,quality_value,Quality Value,False,0.6,"['ROE >= 12%: ROE=15.9%', 'Profit margin >= 5%: margin=8.0%', 'Debt/equity < 80%: D/E=29%']","['P/E >= 20', 'FCF yield below 3%']",
SAAB-B.ST,buffett_quality,Buffett Quality,False,0.75,"['ROE >= 15%: ROE=15.9%', 'D/E < 60.0%: D/E=29%', 'margin >= 8%: margin=8.0%']",['P/E too high'],
SAAB-B.ST,economic_moat,Economic Moat,False,0.25,['low leverage D/E=29%'],"['ROE below 18%', 'ROA below 8%', 'margins below 12%']",
SAAB-B.ST,high_dividend,High Dividend Yield,False,0.0781,"['yield=40.0%', 'universe rank 8%']",['not in top quartile for yield'],
SAAB-B.ST,dividend_growth,Dividend Growth,True,0.6667,"['dividend payer: yield=40.0%', 'earnings growth: growth=39.9%']",['P/E out of range'],
SAAB-B.ST,magic_formula,Magic Formula,False,0.3814,['ROIC rank 59%'],['below top half on combined Magic Formula rank'],
SAAB-B.ST,acquirers_multiple,Acquirer's Multiple,False,0.128,"['EV/EBIT=42.6', 'universe rank 13%']","['EV/EBIT 42.6 above 12.0', 'not in top 40% cheapest on EV/EBIT']",
SAAB-B.ST,dreman_contrarian,Dreman Contrarian,False,0.1242,[],"['P/E not in bottom quartile', 'P/B not cheap vs universe', 'dividend yield below median']",
SAAB-B.ST,piotroski_f,Piotroski F-Score,False,0.6667,"['F-Score=6/9', 'positive net income', 'positive operating cash flow', 'ROA improving', 'OCF > net income', 'no share dilution', 'gross margin improving']","['F-Score 6/9 below 7', 'leverage declining', 'current ratio improving', 'asset turnover improving']","{'f_score': 6, 'max_score': 9, 'components': [{'name': 'positive net income', 'passed': True}, {'name': 'positive operating cash flow', 'passed': True}, {'name': 'ROA improving', 'passed': True}, {'name': 'OCF > net income', 'passed': True}, {'name': 'leverage declining', 'passed': False}, {'name': 'current ratio improving', 'passed': False}, {'name': 'no share dilution', 'passed': True}, {'name': 'gross margin improving', 'passed': True}, {'name': 'asset turnover improving', 'passed': False}]}"
SAAB-B.ST,composite_value,Composite Value,False,0.135,[],[],
SAAB-B.ST,earnings_quality,Earnings Quality,True,1.0,"['FCF/NI=1.19', 'OCF/NI=1.92', 'ratio=-4.64%']",[],
SAAB-B.ST,financial_health,Financial Health,True,1.0,"['D/E=29%', 'leverage=11.8%', 'CR=1.30', 'ratio=0.1', 'coverage=13.4x']",[],
SAND.ST,graham_defensive,Graham Defensive,False,0.25,['Dividend payer: yield=163.00%'],"['P/E >= 15', 'valuation too rich on P/B or P/E×P/B', 'current ratio < 2']",
SAND.ST,graham_enterprising,Graham Enterprising,False,0.6,"['Debt/equity < 100%: D/E=43%', 'ROE > 8%: ROE=17.9%', 'Positive earnings growth: growth=62.9%']","['P/E >= 25', 'P/B >= 3']",
SAND.ST,graham_net_net,Graham Net-Net,False,0.0,[],['missing NCAV (balance sheet data)'],
SAND.ST,schloss,Schloss Low P/B,False,0.5,['D/E < 50.0%: D/E=43%'],['P/B too high'],
SAND.ST,deep_value,Deep Value,False,0.0,[],"['P/B not below 1.0', 'EV/EBITDA not below 8']",
SAND.ST,earnings_yield,Earnings Yield,False,0.3148,['E/P=3.8% (P/E=26.5)'],['earnings yield 3.8% below 8%'],
SAND.ST,fcf_yield,FCF Yield,False,0.3253,['FCF yield=3.3%'],['FCF yield 3.3% below 5%'],
SAND.ST,low_pe_high_yield,Low P/E + High Yield,False,0.5,['yield=163.0%'],['P/E not below 12.0'],
SAND.ST,lynch_peg,Lynch PEG,True,0.5792,"['PEG=0.42', 'growth=62.9%']",[],
SAND.ST,neff_pegy,Neff PEGY,True,0.8828,"['PEGY=0.12', 'growth=62.9%', 'yield=163.0%']",[],
SAND.ST,quality_value,Quality Value,True,0.8,"['ROE >= 12%: ROE=17.9%', 'Profit margin >= 5%: margin=13.1%', 'Debt/equity < 80%: D/E=43%', 'FCF yield >= 3%: FCF yield=3.3%']",['P/E >= 20'],
SAND.ST,buffett_quality,Buffett Quality,False,0.75,"['ROE >= 15%: ROE=17.9%', 'D/E < 60.0%: D/E=43%', 'margin >= 8%: margin=13.1%']",['P/E too high'],
SAND.ST,economic_moat,Economic Moat,True,0.75,"['solid ROA=8.6%', 'wide margin=13.1%', 'low leverage D/E=43%']",['ROE below 18%'],
SAND.ST,high_dividend,High Dividend Yield,False,0.3021,"['yield=163.0%', 'universe rank 30%']",['not in top quartile for yield'],
SAND.ST,dividend_growth,Dividend Growth,True,0.6667,"['dividend payer: yield=163.0%', 'earnings growth: growth=62.9%']",['P/E out of range'],
SAND.ST,magic_formula,Magic Formula,True,0.5225,['ROIC rank 70%'],[],
SAND.ST,acquirers_multiple,Acquirer's Multiple,False,0.3049,"['EV/EBIT=23.9', 'universe rank 30%']","['EV/EBIT 23.9 above 12.0', 'not in top 40% cheapest on EV/EBIT']",
SAND.ST,dreman_contrarian,Dreman Contrarian,False,0.2882,[],"['P/E not in bottom quartile', 'P/B not cheap vs universe', 'dividend yield below median']",
SAND.ST,piotroski_f,Piotroski F-Score,True,1.0,"['F-Score=9/9', 'positive net income', 'positive operating cash flow', 'ROA improving', 'OCF > net income', 'leverage declining', 'current ratio improving', 'no share dilution', 'gross margin improving', 'asset turnover improving']",[],"{'f_score': 9, 'max_score': 9, 'components': [{'name': 'positive net income', 'passed': True}, {'name': 'positive operating cash flow', 'passed': True}, {'name': 'ROA improving', 'passed': True}, {'name': 'OCF > net income', 'passed': True}, {'name': 'leverage declining', 'passed': True}, {'name': 'current ratio improving', 'passed': True}, {'name': 'no share dilution', 'passed': True}, {'name': 'gross margin improving', 'passed': True}, {'name': 'asset turnover improving', 'passed': True}]}"
SAND.ST,composite_value,Composite Value,False,0.4438,[],[],
SAND.ST,earnings_quality,Earnings Quality,True,1.0,"['FCF/NI=0.99', 'OCF/NI=1.31', 'ratio=-2.65%']",[],
SAND.ST,financial_health,Financial Health,True,1.0,"['D/E=43%', 'leverage=21.9%', 'CR=1.94', 'ratio=1.3', 'coverage=11.5x']",[],
SCA-B.ST,graham_defensive,Graham Defensive,False,0.5,"['P/B < 1.5 or P/E×P/B < 22.5: P/B=0.83', 'Dividend payer: yield=252.00%']","['P/E >= 15', 'current ratio < 2']",
SCA-B.ST,graham_enterprising,Graham Enterprising,False,0.4,"['P/B < 3: P/B=0.83', 'Debt/equity < 100%: D/E=15%']","['P/E >= 25', 'ROE <= 8%', 'negative earnings growth']",
SCA-B.ST,graham_net_net,Graham Net-Net,False,0.0,[],['missing NCAV (balance sheet data)'],
SCA-B.ST,schloss,Schloss Low P/B,True,1.0,"['P/B < 1.2: P/B=0.83', 'D/E < 50.0%: D/E=15%']",[],
SCA-B.ST,deep_value,Deep Value,False,0.5,['P/B=0.83'],['EV/EBITDA not below 8'],
SCA-B.ST,earnings_yield,Earnings Yield,False,0.2204,['E/P=2.6% (P/E=37.8)'],['earnings yield 2.6% below 8%'],
SCA-B.ST,fcf_yield,FCF Yield,False,0.1482,['FCF yield=1.5%'],['FCF yield 1.5% below 5%'],
SCA-B.ST,low_pe_high_yield,Low P/E + High Yield,False,0.5,['yield=252.0%'],['P/E not below 12.0'],
SCA-B.ST,lynch_peg,Lynch PEG,False,0.2,[],['missing or negative earnings growth'],
SCA-B.ST,neff_pegy,Neff PEGY,True,0.811,"['PEGY=0.19', 'growth=-51.9%', 'yield=252.0%']",[],
SCA-B.ST,quality_value,Quality Value,False,0.4,"['Profit margin >= 5%: margin=9.7%', 'Debt/equity < 80%: D/E=15%']","['ROE below 12%', 'P/E >= 20', 'FCF yield below 3%']",
SCA-B.ST,buffett_quality,Buffett Quality,False,0.5,"['D/E < 60.0%: D/E=15%', 'margin >= 8%: margin=9.7%']","['ROE too low', 'P/E too high']",
SCA-B.ST,economic_moat,Economic Moat,False,0.25,['low leverage D/E=15%'],"['ROE below 18%', 'ROA below 8%', 'margins below 12%']",
SCA-B.ST,high_dividend,High Dividend Yield,False,0.4531,"['yield=252.0%', 'universe rank 45%']",['not in top quartile for yield'],
SCA-B.ST,dividend_growth,Dividend Growth,False,0.3333,['dividend payer: yield=252.0%'],"['earnings not growing', 'P/E out of range']",
SCA-B.ST,magic_formula,Magic Formula,False,0.2353,[],['below top half on combined Magic Formula rank'],
SCA-B.ST,acquirers_multiple,Acquirer's Multiple,False,0.3293,"['EV/EBIT=23.0', 'universe rank 33%']","['EV/EBIT 23.0 above 12.0', 'not in top 40% cheapest on EV/EBIT']",
SCA-B.ST,dreman_contrarian,Dreman Contrarian,False,0.4914,['low P/B rank 90%'],"['P/E not in bottom quartile', 'dividend yield below median']",
SCA-B.ST,piotroski_f,Piotroski F-Score,False,0.6667,"['F-Score=6/9', 'positive net income', 'positive operating cash flow', 'OCF > net income', 'current ratio improving', 'no share dilution', 'asset turnover improving']","['F-Score 6/9 below 7', 'ROA improving', 'leverage declining', 'gross margin improving']","{'f_score': 6, 'max_score': 9, 'components': [{'name': 'positive net income', 'passed': True}, {'name': 'positive operating cash flow', 'passed': True}, {'name': 'ROA improving', 'passed': False}, {'name': 'OCF > net income', 'passed': True}, {'name': 'leverage declining', 'passed': False}, {'name': 'current ratio improving', 'passed': True}, {'name': 'no share dilution', 'passed': True}, {'name': 'gross margin improving', 'passed': False}, {'name': 'asset turnover improving', 'passed': True}]}"
SCA-B.ST,composite_value,Composite Value,False,0.4016,['top-tier on price_to_book (percentile 88%)'],[],
SCA-B.ST,earnings_quality,Earnings Quality,False,0.6667,"['OCF/NI=1.25', 'ratio=-0.55%']",['weak free-cash conversion'],
SCA-B.ST,financial_health,Financial Health,False,0.8,"['D/E=15%', 'leverage=9.2%', 'CR=1.46', 'coverage=8.9x']",['high net debt/EBITDA'],
SEB-A.ST,graham_defensive,Graham Defensive,False,0.5,"['P/E < 15: P/E=14.4', 'Dividend payer: yield=369.00%']","['valuation too rich on P/B or P/E×P/B', 'current ratio < 2']",
SEB-A.ST,graham_enterprising,Graham Enterprising,True,0.8,"['P/E < 25: P/E=14.4', 'P/B < 3: P/B=1.95', 'ROE > 8%: ROE=14.1%', 'Positive earnings growth: growth=7.6%']",['excessive leverage'],
SEB-A.ST,graham_net_net,Graham Net-Net,False,0.0,[],['missing NCAV (balance sheet data)'],
SEB-A.ST,schloss,Schloss Low P/B,False,0.0,[],"['P/B too high', 'too much leverage']",
SEB-A.ST,deep_value,Deep Value,False,0.0,[],"['P/B not below 1.0', 'EV/EBITDA not below 8']",
SEB-A.ST,earnings_yield,Earnings Yield,False,0.5778,['E/P=6.9% (P/E=14.4)'],['earnings yield 6.9% below 8%'],
SEB-A.ST,fcf_yield,FCF Yield,False,1.0,['FCF yield=nan%'],['FCF yield nan% below 5%'],
SEB-A.ST,low_pe_high_yield,Low P/E + High Yield,False,0.5,['yield=369.0%'],['P/E not below 12.0'],
SEB-A.ST,lynch_peg,Lynch PEG,False,0.0,"['PEG=1.90', 'growth=7.6%']",['PEG 1.90 >= 1.0'],
SEB-A.ST,neff_pegy,Neff PEGY,True,0.9617,"['PEGY=0.04', 'growth=7.6%', 'yield=369.0%']",[],
SEB-A.ST,quality_value,Quality Value,False,0.6,"['ROE >= 12%: ROE=14.1%', 'Profit margin >= 5%: margin=41.8%', 'P/E < 20: P/E=14.4']","['high leverage', 'FCF yield below 3%']",
SEB-A.ST,buffett_quality,Buffett Quality,False,0.5,"['margin >= 8%: margin=41.8%', 'P/E < 25.0: P/E=14.4']","['ROE too low', 'too much debt']",
SEB-A.ST,economic_moat,Economic Moat,False,0.25,['wide margin=41.8%'],"['ROE below 18%', 'ROA below 8%', 'leverage too high']",
SEB-A.ST,high_dividend,High Dividend Yield,False,0.651,"['yield=369.0%', 'universe rank 65%']",['not in top quartile for yield'],
SEB-A.ST,dividend_growth,Dividend Growth,True,1.0,"['dividend payer: yield=369.0%', 'earnings growth: growth=7.6%', 'reasonable P/E: P/E=14.4']",[],
SEB-A.ST,magic_formula,Magic Formula,False,0.0,[],['missing EBIT/EV or ROIC inputs'],
SEB-A.ST,acquirers_multiple,Acquirer's Multiple,False,0.0,[],['could not rank EV/EBIT'],
SEB-A.ST,dreman_contrarian,Dreman Contrarian,False,0.6122,['dividend rank 65%'],"['P/E not in bottom quartile', 'P/B not cheap vs universe']",
SEB-A.ST,piotroski_f,Piotroski F-Score,False,0.5556,"['F-Score=5/9', 'positive net income', 'positive operating cash flow', 'OCF > net income', 'leverage declining', 'no share dilution']","['F-Score 5/9 below 7', 'ROA improving', 'current ratio improving', 'gross margin improving', 'asset turnover improving']","{'f_score': 5, 'max_score': 9, 'components': [{'name': 'positive net income', 'passed': True}, {'name': 'positive operating cash flow', 'passed': True}, {'name': 'ROA improving', 'passed': False}, {'name': 'OCF > net income', 'passed': True}, {'name': 'leverage declining', 'passed': True}, {'name': 'current ratio improving', 'passed': False}, {'name': 'no share dilution', 'passed': True}, {'name': 'gross margin improving', 'passed': False}, {'name': 'asset turnover improving', 'passed': False}]}"
SEB-A.ST,composite_value,Composite Value,False,0.3106,[],"['missing fcf_yield', 'missing ev_ebitda']",
SEB-A.ST,earnings_quality,Earnings Quality,False,0.6667,"['OCF/NI=1.12', 'ratio=-0.10%']",['weak free-cash conversion'],
SEB-A.ST,financial_health,Financial Health,False,0.4,"['leverage=24.3%', 'insufficient data — skipped']","['high debt to equity', 'weak liquidity', 'weak interest coverage']",
SKA-B.ST,graham_defensive,Graham Defensive,False,0.25,['Dividend payer: yield=322.00%'],"['P/E >= 15', 'valuation too rich on P/B or P/E×P/B', 'current ratio < 2']",
SKA-B.ST,graham_enterprising,Graham Enterprising,True,1.0,"['P/E < 25: P/E=16.5', 'P/B < 3: P/B=1.77', 'Debt/equity < 100%: D/E=25%', 'ROE > 8%: ROE=11.1%', 'Positive earnings growth: growth=52.4%']",[],
SKA-B.ST,graham_net_net,Graham Net-Net,False,0.0,[],['missing NCAV (balance sheet data)'],
SKA-B.ST,schloss,Schloss Low P/B,False,0.5,['D/E < 50.0%: D/E=25%'],['P/B too high'],
SKA-B.ST,deep_value,Deep Value,False,0.0,[],"['P/B not below 1.0', 'EV/EBITDA not below 8']",
SKA-B.ST,earnings_yield,Earnings Yield,False,0.5063,['E/P=6.1% (P/E=16.5)'],['earnings yield 6.1% below 8%'],
SKA-B.ST,fcf_yield,FCF Yield,False,0.1865,['FCF yield=1.9%'],['FCF yield 1.9% below 5%'],
SKA-B.ST,low_pe_high_yield,Low P/E + High Yield,False,0.5,['yield=322.0%'],['P/E not below 12.0'],
SKA-B.ST,lynch_peg,Lynch PEG,True,0.6859,"['PEG=0.31', 'growth=52.4%']",[],
SKA-B.ST,neff_pegy,Neff PEGY,True,0.956,"['PEGY=0.04', 'growth=52.4%', 'yield=322.0%']",[],
SKA-B.ST,quality_value,Quality Value,False,0.4,"['Debt/equity < 80%: D/E=25%', 'P/E < 20: P/E=16.5']","['ROE below 12%', 'thin margins', 'FCF yield below 3%']",
SKA-B.ST,buffett_quality,Buffett Quality,False,0.5,"['D/E < 60.0%: D/E=25%', 'P/E < 25.0: P/E=16.5']","['ROE too low', 'thin margins']",
SKA-B.ST,economic_moat,Economic Moat,False,0.25,['low leverage D/E=25%'],"['ROE below 18%', 'ROA below 8%', 'margins below 12%']",
SKA-B.ST,high_dividend,High Dividend Yield,False,0.5677,"['yield=322.0%', 'universe rank 57%']",['not in top quartile for yield'],
SKA-B.ST,dividend_growth,Dividend Growth,True,1.0,"['dividend payer: yield=322.0%', 'earnings growth: growth=52.4%', 'reasonable P/E: P/E=16.5']",[],
SKA-B.ST,magic_formula,Magic Formula,False,0.4734,['earnings yield rank 59%'],['below top half on combined Magic Formula rank'],
SKA-B.ST,acquirers_multiple,Acquirer's Multiple,False,0.5488,"['EV/EBIT=17.5', 'universe rank 55%']","['EV/EBIT 17.5 above 12.0', 'not in top 40% cheapest on EV/EBIT']",
SKA-B.ST,dreman_contrarian,Dreman Contrarian,False,0.5745,['dividend rank 57%'],"['P/E not in bottom quartile', 'P/B not cheap vs universe']",
SKA-B.ST,piotroski_f,Piotroski F-Score,True,0.8889,"['F-Score=8/9', 'positive net income', 'positive operating cash flow', 'ROA improving', 'OCF > net income', 'leverage declining', 'no share dilution', 'gross margin improving', 'asset turnover improving']",['current ratio improving'],"{'f_score': 8, 'max_score': 9, 'components': [{'name': 'positive net income', 'passed': True}, {'name': 'positive operating cash flow', 'passed': True}, {'name': 'ROA improving', 'passed': True}, {'name': 'OCF > net income', 'passed': True}, {'name': 'leverage declining', 'passed': True}, {'name': 'current ratio improving', 'passed': False}, {'name': 'no share dilution', 'passed': True}, {'name': 'gross margin improving', 'passed': True}, {'name': 'asset turnover improving', 'passed': True}]}"
SKA-B.ST,composite_value,Composite Value,False,0.6488,"['top-tier on trailing_pe (percentile 78%)', 'top-tier on price_to_book (percentile 88%)', 'top-tier on dividend_yield (percentile 78%)']",[],
SKA-B.ST,earnings_quality,Earnings Quality,False,0.6667,"['OCF/NI=1.29', 'ratio=-1.05%']",['weak free-cash conversion'],
SKA-B.ST,financial_health,Financial Health,True,1.0,"['D/E=25%', 'leverage=10.0%', 'CR=1.54', 'ratio=-0.1', 'coverage=16.9x']",[],
SKF-B.ST,graham_defensive,Graham Defensive,False,0.5,"['Current ratio >= 2: CR=2.19', 'Dividend payer: yield=143.00%']","['P/E >= 15', 'valuation too rich on P/B or P/E×P/B']",
SKF-B.ST,graham_enterprising,Graham Enterprising,False,0.8,"['P/B < 3: P/B=2.12', 'Debt/equity < 100%: D/E=34%', 'ROE > 8%: ROE=8.3%', 'Positive earnings growth: growth=145.1%']",['P/E >= 25'],
SKF-B.ST,graham_net_net,Graham Net-Net,False,0.0,[],['missing NCAV (balance sheet data)'],
SKF-B.ST,schloss,Schloss Low P/B,False,0.5,['D/E < 50.0%: D/E=34%'],['P/B too high'],
SKF-B.ST,deep_value,Deep Value,False,0.0,[],"['P/B not below 1.0', 'EV/EBITDA not below 8']",
SKF-B.ST,earnings_yield,Earnings Yield,False,0.3076,['E/P=3.7% (P/E=27.1)'],['earnings yield 3.7% below 8%'],
SKF-B.ST,fcf_yield,FCF Yield,False,0.2581,['FCF yield=2.6%'],['FCF yield 2.6% below 5%'],
SKF-B.ST,low_pe_high_yield,Low P/E + High Yield,False,0.5,['yield=143.0%'],['P/E not below 12.0'],
SKF-B.ST,lynch_peg,Lynch PEG,True,0.8133,"['PEG=0.19', 'growth=145.1%']",[],
SKF-B.ST,neff_pegy,Neff PEGY,True,0.906,"['PEGY=0.09', 'growth=145.1%', 'yield=143.0%']",[],
SKF-B.ST,quality_value,Quality Value,False,0.4,"['Profit margin >= 5%: margin=5.0%', 'Debt/equity < 80%: D/E=34%']","['ROE below 12%', 'P/E >= 20', 'FCF yield below 3%']",
SKF-B.ST,buffett_quality,Buffett Quality,False,0.25,['D/E < 60.0%: D/E=34%'],"['ROE too low', 'thin margins', 'P/E too high']",
SKF-B.ST,economic_moat,Economic Moat,False,0.25,['low leverage D/E=34%'],"['ROE below 18%', 'ROA below 8%', 'margins below 12%']",
SKF-B.ST,high_dividend,High Dividend Yield,False,0.2604,"['yield=143.0%', 'universe rank 26%']",['not in top quartile for yield'],
SKF-B.ST,dividend_growth,Dividend Growth,True,0.6667,"['dividend payer: yield=143.0%', 'earnings growth: growth=145.1%']",['P/E out of range'],
SKF-B.ST,magic_formula,Magic Formula,False,0.4413,[],['below top half on combined Magic Formula rank'],
SKF-B.ST,acquirers_multiple,Acquirer's Multiple,False,0.4451,"['EV/EBIT=20.1', 'universe rank 45%']","['EV/EBIT 20.1 above 12.0', 'not in top 40% cheapest on EV/EBIT']",
SKF-B.ST,dreman_contrarian,Dreman Contrarian,False,0.3466,[],"['P/E not in bottom quartile', 'P/B not cheap vs universe', 'dividend yield below median']",
SKF-B.ST,piotroski_f,Piotroski F-Score,True,0.7778,"['F-Score=7/9', 'positive net income', 'positive operating cash flow', 'OCF > net income', 'leverage declining', 'current ratio improving', 'no share dilution', 'asset turnover improving']","['ROA improving', 'gross margin improving']","{'f_score': 7, 'max_score': 9, 'components': [{'name': 'positive net income', 'passed': True}, {'name': 'positive operating cash flow', 'passed': True}, {'name': 'ROA improving', 'passed': False}, {'name': 'OCF > net income', 'passed': True}, {'name': 'leverage declining', 'passed': True}, {'name': 'current ratio improving', 'passed': True}, {'name': 'no share dilution', 'passed': True}, {'name': 'gross margin improving', 'passed': False}, {'name': 'asset turnover improving', 'passed': True}]}"
SKF-B.ST,composite_value,Composite Value,False,0.4613,['top-tier on price_to_book (percentile 80%)'],[],
SKF-B.ST,earnings_quality,Earnings Quality,True,1.0,"['FCF/NI=0.80', 'OCF/NI=2.14', 'ratio=-4.20%']",[],
SKF-B.ST,financial_health,Financial Health,True,1.0,"['D/E=34%', 'leverage=14.1%', 'CR=2.12', 'ratio=0.8', 'coverage=7.6x']",[],
SWED-A.ST,graham_defensive,Graham Defensive,False,0.5,"['P/E < 15: P/E=14.5', 'Dividend payer: yield=499.00%']","['valuation too rich on P/B or P/E×P/B', 'current ratio < 2']",
SWED-A.ST,graham_enterprising,Graham Enterprising,False,0.6,"['P/E < 25: P/E=14.5', 'P/B < 3: P/B=2.17', 'ROE > 8%: ROE=15.0%']","['excessive leverage', 'negative earnings growth']",
SWED-A.ST,graham_net_net,Graham Net-Net,False,0.0,[],['missing NCAV (balance sheet data)'],
SWED-A.ST,schloss,Schloss Low P/B,False,0.0,[],"['P/B too high', 'too much leverage']",
SWED-A.ST,deep_value,Deep Value,False,0.0,[],"['P/B not below 1.0', 'EV/EBITDA not below 8']",
SWED-A.ST,earnings_yield,Earnings Yield,False,0.5752,['E/P=6.9% (P/E=14.5)'],['earnings yield 6.9% below 8%'],
SWED-A.ST,fcf_yield,FCF Yield,False,1.0,['FCF yield=nan%'],['FCF yield nan% below 5%'],
SWED-A.ST,low_pe_high_yield,Low P/E + High Yield,False,0.5,['yield=499.0%'],['P/E not below 12.0'],
SWED-A.ST,lynch_peg,Lynch PEG,False,0.2,[],['missing or negative earnings growth'],
SWED-A.ST,neff_pegy,Neff PEGY,True,0.9704,"['PEGY=0.03', 'growth=-8.9%', 'yield=499.0%']",[],
SWED-A.ST,quality_value,Quality Value,False,0.6,"['ROE >= 12%: ROE=15.0%', 'Profit margin >= 5%: margin=45.1%', 'P/E < 20: P/E=14.5']","['high leverage', 'FCF yield below 3%']",
SWED-A.ST,buffett_quality,Buffett Quality,True,0.75,"['ROE >= 15%: ROE=15.0%', 'margin >= 8%: margin=45.1%', 'P/E < 25.0: P/E=14.5']",['too much debt'],
SWED-A.ST,economic_moat,Economic Moat,False,0.25,['wide margin=45.1%'],"['ROE below 18%', 'ROA below 8%', 'leverage too high']",
SWED-A.ST,high_dividend,High Dividend Yield,True,0.8281,"['yield=499.0%', 'universe rank 83%']",[],
SWED-A.ST,dividend_growth,Dividend Growth,True,0.6667,"['dividend payer: yield=499.0%', 'reasonable P/E: P/E=14.5']",['earnings not growing'],
SWED-A.ST,magic_formula,Magic Formula,False,0.0,[],['missing EBIT/EV or ROIC inputs'],
SWED-A.ST,acquirers_multiple,Acquirer's Multiple,False,0.0,[],['could not rank EV/EBIT'],
SWED-A.ST,dreman_contrarian,Dreman Contrarian,False,0.6522,['dividend rank 83%'],"['P/E not in bottom quartile', 'P/B not cheap vs universe']",
SWED-A.ST,piotroski_f,Piotroski F-Score,False,0.3333,"['F-Score=3/9', 'positive net income', 'leverage declining', 'no share dilution']","['F-Score 3/9 below 7', 'positive operating cash flow', 'ROA improving', 'OCF > net income', 'current ratio improving', 'gross margin improving', 'asset turnover improving']","{'f_score': 3, 'max_score': 9, 'components': [{'name': 'positive net income', 'passed': True}, {'name': 'positive operating cash flow', 'passed': False}, {'name': 'ROA improving', 'passed': False}, {'name': 'OCF > net income', 'passed': False}, {'name': 'leverage declining', 'passed': True}, {'name': 'current ratio improving', 'passed': False}, {'name': 'no share dilution', 'passed': True}, {'name': 'gross margin improving', 'passed': False}, {'name': 'asset turnover improving', 'passed': False}]}"
SWED-A.ST,composite_value,Composite Value,False,0.3641,[],"['missing fcf_yield', 'missing ev_ebitda']",
SWED-A.ST,earnings_quality,Earnings Quality,False,0.3333,['ratio=2.58%'],"['weak free-cash conversion', 'operating cash below earnings']",
SWED-A.ST,financial_health,Financial Health,False,0.4,"['leverage=29.8%', 'insufficient data — skipped']","['high debt to equity', 'weak liquidity', 'weak interest coverage']",
TEL2-B.ST,graham_defensive,Graham Defensive,False,0.5,"['P/E < 15: P/E=11.0', 'Dividend payer: yield=670.00%']","['valuation too rich on P/B or P/E×P/B', 'current ratio < 2']",
TEL2-B.ST,graham_enterprising,Graham Enterprising,False,0.6,"['P/E < 25: P/E=11.0', 'ROE > 8%: ROE=47.6%', 'Positive earnings growth: growth=1.2%']","['P/B >= 3', 'excessive leverage']",
TEL2-B.ST,graham_net_net,Graham Net-Net,False,0.0,[],['missing NCAV (balance sheet data)'],
TEL2-B.ST,schloss,Schloss Low P/B,False,0.0,[],"['P/B too high', 'too much leverage']",
TEL2-B.ST,deep_value,Deep Value,False,0.0,[],"['P/B not below 1.0', 'EV/EBITDA not below 8']",
TEL2-B.ST,earnings_yield,Earnings Yield,True,0.7554,['E/P=9.1% (P/E=11.0)'],[],
TEL2-B.ST,fcf_yield,FCF Yield,True,0.6819,['FCF yield=6.8%'],[],
TEL2-B.ST,low_pe_high_yield,Low P/E + High Yield,True,1.0,"['P/E=11.0', 'yield=670.0%']",[],
TEL2-B.ST,lynch_peg,Lynch PEG,False,0.0,"['PEG=9.19', 'growth=1.2%']","['growth 1.2% below 5% floor', 'PEG 9.19 >= 1.0']",
TEL2-B.ST,neff_pegy,Neff PEGY,True,0.9836,"['PEGY=0.02', 'growth=1.2%', 'yield=670.0%']",[],
TEL2-B.ST,quality_value,Quality Value,True,0.8,"['ROE >= 12%: ROE=47.6%', 'Profit margin >= 5%: margin=33.6%', 'P/E < 20: P/E=11.0', 'FCF yield >= 3%: FCF yield=6.8%']",['high leverage'],
TEL2-B.ST,buffett_quality,Buffett Quality,True,0.75,"['ROE >= 15%: ROE=47.6%', 'margin >= 8%: margin=33.6%', 'P/E < 25.0: P/E=11.0']",['too much debt'],
TEL2-B.ST,economic_moat,Economic Moat,False,0.5,"['high ROE=47.6%', 'wide margin=33.6%']","['ROA below 8%', 'leverage too high']",
TEL2-B.ST,high_dividend,High Dividend Yield,True,0.9375,"['yield=670.0%', 'universe rank 94%']",[],
TEL2-B.ST,dividend_growth,Dividend Growth,True,0.6667,"['dividend payer: yield=670.0%', 'reasonable P/E: P/E=11.0']",['earnings not growing'],
TEL2-B.ST,magic_formula,Magic Formula,True,0.5904,"['earnings yield rank 54%', 'ROIC rank 64%']",[],
TEL2-B.ST,acquirers_multiple,Acquirer's Multiple,False,0.5,"['EV/EBIT=19.3', 'universe rank 50%']","['EV/EBIT 19.3 above 12.0', 'not in top 40% cheapest on EV/EBIT']",
TEL2-B.ST,dreman_contrarian,Dreman Contrarian,True,0.678,"['low P/E rank 85%', 'dividend rank 94%']",['P/B not cheap vs universe'],
TEL2-B.ST,piotroski_f,Piotroski F-Score,True,1.0,"['F-Score=9/9', 'positive net income', 'positive operating cash flow', 'ROA improving', 'OCF > net income', 'leverage declining', 'current ratio improving', 'no share dilution', 'gross margin improving', 'asset turnover improving']",[],"{'f_score': 9, 'max_score': 9, 'components': [{'name': 'positive net income', 'passed': True}, {'name': 'positive operating cash flow', 'passed': True}, {'name': 'ROA improving', 'passed': True}, {'name': 'OCF > net income', 'passed': True}, {'name': 'leverage declining', 'passed': True}, {'name': 'current ratio improving', 'passed': True}, {'name': 'no share dilution', 'passed': True}, {'name': 'gross margin improving', 'passed': True}, {'name': 'asset turnover improving', 'passed': True}]}"
TEL2-B.ST,composite_value,Composite Value,False,0.525,['top-tier on trailing_pe (percentile 83%)'],[],
TEL2-B.ST,earnings_quality,Earnings Quality,True,1.0,"['FCF/NI=1.65', 'OCF/NI=2.47', 'ratio=-10.74%']",[],
TEL2-B.ST,financial_health,Financial Health,False,0.6,"['leverage=45.9%', 'ratio=2.2', 'coverage=7.2x']","['high debt to equity', 'weak liquidity']",
TELIA.ST,graham_defensive,Graham Defensive,False,0.25,['Dividend payer: yield=477.00%'],"['P/E >= 15', 'valuation too rich on P/B or P/E×P/B', 'current ratio < 2']",
TELIA.ST,graham_enterprising,Graham Enterprising,False,0.4,"['ROE > 8%: ROE=10.6%', 'Positive earnings growth: growth=13.2%']","['P/E >= 25', 'P/B >= 3', 'excessive leverage']",
TELIA.ST,graham_net_net,Graham Net-Net,False,0.0,[],['missing NCAV (balance sheet data)'],
TELIA.ST,schloss,Schloss Low P/B,False,0.0,[],"['P/B too high', 'too much leverage']",
TELIA.ST,deep_value,Deep Value,False,0.0,[],"['P/B not below 1.0', 'EV/EBITDA not below 8']",
TELIA.ST,earnings_yield,Earnings Yield,False,0.233,['E/P=2.8% (P/E=35.8)'],['earnings yield 2.8% below 8%'],
TELIA.ST,fcf_yield,FCF Yield,True,1.0,['FCF yield=12.0%'],[],
TELIA.ST,low_pe_high_yield,Low P/E + High Yield,False,0.5,['yield=477.0%'],['P/E not below 12.0'],
TELIA.ST,lynch_peg,Lynch PEG,False,0.0,"['PEG=2.71', 'growth=13.2%']",['PEG 2.71 >= 1.0'],
TELIA.ST,neff_pegy,Neff PEGY,True,0.9271,"['PEGY=0.07', 'growth=13.2%', 'yield=477.0%']",[],
TELIA.ST,quality_value,Quality Value,False,0.4,"['Profit margin >= 5%: margin=6.0%', 'FCF yield >= 3%: FCF yield=12.0%']","['ROE below 12%', 'high leverage', 'P/E >= 20']",
TELIA.ST,buffett_quality,Buffett Quality,False,0.0,[],"['ROE too low', 'too much debt', 'thin margins', 'P/E too high']",
TELIA.ST,economic_moat,Economic Moat,False,0.0,[],"['ROE below 18%', 'ROA below 8%', 'margins below 12%', 'leverage too high']",
TELIA.ST,high_dividend,High Dividend Yield,True,0.8073,"['yield=477.0%', 'universe rank 81%']",[],
TELIA.ST,dividend_growth,Dividend Growth,True,0.6667,"['dividend payer: yield=477.0%', 'earnings growth: growth=13.2%']",['P/E out of range'],
TELIA.ST,magic_formula,Magic Formula,False,0.2901,[],['below top half on combined Magic Formula rank'],
TELIA.ST,acquirers_multiple,Acquirer's Multiple,False,0.2744,"['EV/EBIT=25.1', 'universe rank 27%']","['EV/EBIT 25.1 above 12.0', 'not in top 40% cheapest on EV/EBIT']",
TELIA.ST,dreman_contrarian,Dreman Contrarian,False,0.4374,['dividend rank 81%'],"['P/E not in bottom quartile', 'P/B not cheap vs universe']",
TELIA.ST,piotroski_f,Piotroski F-Score,True,0.7778,"['F-Score=7/9', 'positive net income', 'positive operating cash flow', 'OCF > net income', 'leverage declining', 'current ratio improving', 'no share dilution', 'asset turnover improving']","['ROA improving', 'gross margin improving']","{'f_score': 7, 'max_score': 9, 'components': [{'name': 'positive net income', 'passed': True}, {'name': 'positive operating cash flow', 'passed': True}, {'name': 'ROA improving', 'passed': False}, {'name': 'OCF > net income', 'passed': True}, {'name': 'leverage declining', 'passed': True}, {'name': 'current ratio improving', 'passed': True}, {'name': 'no share dilution', 'passed': True}, {'name': 'gross margin improving', 'passed': False}, {'name': 'asset turnover improving', 'passed': True}]}"
TELIA.ST,composite_value,Composite Value,False,0.4917,[],[],
TELIA.ST,earnings_quality,Earnings Quality,True,1.0,"['FCF/NI=5.97', 'OCF/NI=7.83', 'ratio=-12.72%']",[],
TELIA.ST,financial_health,Financial Health,False,0.6,"['leverage=44.1%', 'ratio=3.0', 'coverage=2.8x']","['high debt to equity', 'weak liquidity']",
VOLV-B.ST,graham_defensive,Graham Defensive,False,0.25,['Dividend payer: yield=270.00%'],"['P/E >= 15', 'valuation too rich on P/B or P/E×P/B', 'current ratio < 2']",
VOLV-B.ST,graham_enterprising,Graham Enterprising,False,0.6,"['P/E < 25: P/E=17.7', 'ROE > 8%: ROE=20.9%', 'Positive earnings growth: growth=40.1%']","['P/B >= 3', 'excessive leverage']",
VOLV-B.ST,graham_net_net,Graham Net-Net,False,0.0,[],['missing NCAV (balance sheet data)'],
VOLV-B.ST,schloss,Schloss Low P/B,False,0.0,[],"['P/B too high', 'too much leverage']",
VOLV-B.ST,deep_value,Deep Value,False,0.0,[],"['P/B not below 1.0', 'EV/EBITDA not below 8']",
VOLV-B.ST,earnings_yield,Earnings Yield,False,0.4703,['E/P=5.6% (P/E=17.7)'],['earnings yield 5.6% below 8%'],
VOLV-B.ST,fcf_yield,FCF Yield,False,0.3781,['FCF yield=3.8%'],['FCF yield 3.8% below 5%'],
VOLV-B.ST,low_pe_high_yield,Low P/E + High Yield,False,0.5,['yield=270.0%'],['P/E not below 12.0'],
VOLV-B.ST,lynch_peg,Lynch PEG,True,0.5581,"['PEG=0.44', 'growth=40.1%']",[],
VOLV-B.ST,neff_pegy,Neff PEGY,True,0.9429,"['PEGY=0.06', 'growth=40.1%', 'yield=270.0%']",[],
VOLV-B.ST,quality_value,Quality Value,True,0.8,"['ROE >= 12%: ROE=20.9%', 'Profit margin >= 5%: margin=7.6%', 'P/E < 20: P/E=17.7', 'FCF yield >= 3%: FCF yield=3.8%']",['high leverage'],
VOLV-B.ST,buffett_quality,Buffett Quality,False,0.5,"['ROE >= 15%: ROE=20.9%', 'P/E < 25.0: P/E=17.7']","['too much debt', 'thin margins']",
VOLV-B.ST,economic_moat,Economic Moat,False,0.25,['high ROE=20.9%'],"['ROA below 8%', 'margins below 12%', 'leverage too high']",
VOLV-B.ST,high_dividend,High Dividend Yield,False,0.4844,"['yield=270.0%', 'universe rank 48%']",['not in top quartile for yield'],
VOLV-B.ST,dividend_growth,Dividend Growth,True,1.0,"['dividend payer: yield=270.0%', 'earnings growth: growth=40.1%', 'reasonable P/E: P/E=17.7']",[],
VOLV-B.ST,magic_formula,Magic Formula,True,0.6045,"['earnings yield rank 60%', 'ROIC rank 61%']",[],
VOLV-B.ST,acquirers_multiple,Acquirer's Multiple,False,0.561,"['EV/EBIT=17.3', 'universe rank 56%']","['EV/EBIT 17.3 above 12.0', 'not in top 40% cheapest on EV/EBIT']",
VOLV-B.ST,dreman_contrarian,Dreman Contrarian,False,0.4423,[],"['P/E not in bottom quartile', 'P/B not cheap vs universe', 'dividend yield below median']",
VOLV-B.ST,piotroski_f,Piotroski F-Score,False,0.5556,"['F-Score=5/9', 'positive net income', 'positive operating cash flow', 'OCF > net income', 'no share dilution', 'asset turnover improving']","['F-Score 5/9 below 7', 'ROA improving', 'leverage declining', 'current ratio improving', 'gross margin improving']","{'f_score': 5, 'max_score': 9, 'components': [{'name': 'positive net income', 'passed': True}, {'name': 'positive operating cash flow', 'passed': True}, {'name': 'ROA improving', 'passed': False}, {'name': 'OCF > net income', 'passed': True}, {'name': 'leverage declining', 'passed': False}, {'name': 'current ratio improving', 'passed': False}, {'name': 'no share dilution', 'passed': True}, {'name': 'gross margin improving', 'passed': False}, {'name': 'asset turnover improving', 'passed': True}]}"
VOLV-B.ST,composite_value,Composite Value,False,0.6125,[],[],
VOLV-B.ST,earnings_quality,Earnings Quality,True,1.0,"['FCF/NI=0.70', 'OCF/NI=1.32', 'ratio=-1.72%']",[],
VOLV-B.ST,financial_health,Financial Health,False,0.8,"['leverage=38.1%', 'CR=1.15', 'ratio=3.8', 'coverage=27.0x']",['high debt to equity'],
EBS.VI,graham_defensive,Graham Defensive,False,0.75,"['P/E < 15: P/E=12.0', 'P/B < 1.5 or P/E×P/B < 22.5: P/B=1.76', 'Dividend payer: yield=64.00%']",['current ratio < 2'],
EBS.VI,graham_enterprising,Graham Enterprising,True,0.8,"['P/E < 25: P/E=12.0', 'P/B < 3: P/B=1.76', 'ROE > 8%: ROE=13.2%', 'Positive earnings growth: growth=17.5%']",['excessive leverage'],
EBS.VI,graham_net_net,Graham Net-Net,False,0.0,[],['missing NCAV (balance sheet data)'],
EBS.VI,schloss,Schloss Low P/B,False,0.0,[],"['P/B too high', 'too much leverage']",
EBS.VI,deep_value,Deep Value,False,0.0,[],"['P/B not below 1.0', 'EV/EBITDA not below 8']",
EBS.VI,earnings_yield,Earnings Yield,True,0.6924,['E/P=8.3% (P/E=12.0)'],[],
EBS.VI,fcf_yield,FCF Yield,False,1.0,['FCF yield=nan%'],['FCF yield nan% below 5%'],
EBS.VI,low_pe_high_yield,Low P/E + High Yield,False,0.5,['yield=64.0%'],['P/E not below 12.0'],
EBS.VI,lynch_peg,Lynch PEG,True,0.3123,"['PEG=0.69', 'growth=17.5%']",[],
EBS.VI,neff_pegy,Neff PEGY,True,0.8523,"['PEGY=0.15', 'growth=17.5%', 'yield=64.0%']",[],
EBS.VI,quality_value,Quality Value,False,0.6,"['ROE >= 12%: ROE=13.2%', 'Profit margin >= 5%: margin=29.1%', 'P/E < 20: P/E=12.0']","['high leverage', 'FCF yield below 3%']",
EBS.VI,buffett_quality,Buffett Quality,False,0.5,"['margin >= 8%: margin=29.1%', 'P/E < 25.0: P/E=12.0']","['ROE too low', 'too much debt']",
EBS.VI,economic_moat,Economic Moat,False,0.25,['wide margin=29.1%'],"['ROE below 18%', 'ROA below 8%', 'leverage too high']",
EBS.VI,high_dividend,High Dividend Yield,False,0.1198,"['yield=64.0%', 'universe rank 12%']",['not in top quartile for yield'],
EBS.VI,dividend_growth,Dividend Growth,True,1.0,"['dividend payer: yield=64.0%', 'earnings growth: growth=17.5%', 'reasonable P/E: P/E=12.0']",[],
EBS.VI,magic_formula,Magic Formula,False,0.0,[],['missing EBIT/EV or ROIC inputs'],
EBS.VI,acquirers_multiple,Acquirer's Multiple,False,0.0,[],['could not rank EV/EBIT'],
EBS.VI,dreman_contrarian,Dreman Contrarian,False,0.4976,['low P/E rank 78%'],"['P/B not cheap vs universe', 'dividend yield below median']",
EBS.VI,piotroski_f,Piotroski F-Score,False,0.6667,"['F-Score=6/9', 'positive net income', 'positive operating cash flow', 'ROA improving', 'OCF > net income', 'no share dilution', 'asset turnover improving']","['F-Score 6/9 below 7', 'leverage declining', 'current ratio improving', 'gross margin improving']","{'f_score': 6, 'max_score': 9, 'components': [{'name': 'positive net income', 'passed': True}, {'name': 'positive operating cash flow', 'passed': True}, {'name': 'ROA improving', 'passed': True}, {'name': 'OCF > net income', 'passed': True}, {'name': 'leverage declining', 'passed': False}, {'name': 'current ratio improving', 'passed': False}, {'name': 'no share dilution', 'passed': True}, {'name': 'gross margin improving', 'passed': False}, {'name': 'asset turnover improving', 'passed': True}]}"
EBS.VI,composite_value,Composite Value,False,0.3556,[],"['missing fcf_yield', 'missing ev_ebitda']",
EBS.VI,earnings_quality,Earnings Quality,False,0.6667,"['OCF/NI=1.15', 'ratio=-0.14%']",['weak free-cash conversion'],
EBS.VI,financial_health,Financial Health,False,0.4,"['leverage=15.1%', 'insufficient data — skipped']","['high debt to equity', 'weak liquidity', 'weak interest coverage']",
VER.VI,graham_defensive,Graham Defensive,False,0.25,['Dividend payer: yield=315.00%'],"['P/E >= 15', 'valuation too rich on P/B or P/E×P/B', 'current ratio < 2']",
VER.VI,graham_enterprising,Graham Enterprising,True,0.8,"['P/E < 25: P/E=18.2', 'P/B < 3: P/B=2.27', 'Debt/equity < 100%: D/E=31%', 'ROE > 8%: ROE=12.8%']",['negative earnings growth'],
VER.VI,graham_net_net,Graham Net-Net,False,0.0,[],['missing NCAV (balance sheet data)'],
VER.VI,schloss,Schloss Low P/B,False,0.5,['D/E < 50.0%: D/E=31%'],['P/B too high'],
VER.VI,deep_value,Deep Value,False,0.0,[],"['P/B not below 1.0', 'EV/EBITDA not below 8']",
VER.VI,earnings_yield,Earnings Yield,False,0.4575,['E/P=5.5% (P/E=18.2)'],['earnings yield 5.5% below 8%'],
VER.VI,fcf_yield,FCF Yield,False,0.0169,['FCF yield=0.2%'],['FCF yield 0.2% below 5%'],
VER.VI,low_pe_high_yield,Low P/E + High Yield,False,0.5,['yield=315.0%'],['P/E not below 12.0'],
VER.VI,lynch_peg,Lynch PEG,False,0.2,[],['missing or negative earnings growth'],
VER.VI,neff_pegy,Neff PEGY,True,0.9339,"['PEGY=0.07', 'growth=-39.3%', 'yield=315.0%']",[],
VER.VI,quality_value,Quality Value,True,0.8,"['ROE >= 12%: ROE=12.8%', 'Profit margin >= 5%: margin=15.9%', 'Debt/equity < 80%: D/E=31%', 'P/E < 20: P/E=18.2']",['FCF yield below 3%'],
VER.VI,buffett_quality,Buffett Quality,False,0.75,"['D/E < 60.0%: D/E=31%', 'margin >= 8%: margin=15.9%', 'P/E < 25.0: P/E=18.2']",['ROE too low'],
VER.VI,economic_moat,Economic Moat,True,0.75,"['solid ROA=8.0%', 'wide margin=15.9%', 'low leverage D/E=31%']",['ROE below 18%'],
VER.VI,high_dividend,High Dividend Yield,False,0.5312,"['yield=315.0%', 'universe rank 53%']",['not in top quartile for yield'],
VER.VI,dividend_growth,Dividend Growth,True,0.6667,"['dividend payer: yield=315.0%', 'reasonable P/E: P/E=18.2']",['earnings not growing'],
VER.VI,magic_formula,Magic Formula,True,0.6957,"['earnings yield rank 79%', 'ROIC rank 60%']",[],
VER.VI,acquirers_multiple,Acquirer's Multiple,False,0.75,"['EV/EBIT=12.3', 'universe rank 75%']",['EV/EBIT 12.3 above 12.0'],
VER.VI,dreman_contrarian,Dreman Contrarian,False,0.5008,['dividend rank 53%'],"['P/E not in bottom quartile', 'P/B not cheap vs universe']",
VER.VI,piotroski_f,Piotroski F-Score,False,0.4444,"['F-Score=4/9', 'positive net income', 'positive operating cash flow', 'OCF > net income', 'no share dilution']","['F-Score 4/9 below 7', 'ROA improving', 'leverage declining', 'current ratio improving', 'gross margin improving', 'asset turnover improving']","{'f_score': 4, 'max_score': 9, 'components': [{'name': 'positive net income', 'passed': True}, {'name': 'positive operating cash flow', 'passed': True}, {'name': 'ROA improving', 'passed': False}, {'name': 'OCF > net income', 'passed': True}, {'name': 'leverage declining', 'passed': False}, {'name': 'current ratio improving', 'passed': False}, {'name': 'no share dilution', 'passed': True}, {'name': 'gross margin improving', 'passed': False}, {'name': 'asset turnover improving', 'passed': False}]}"
VER.VI,composite_value,Composite Value,False,0.4812,[],[],
VER.VI,earnings_quality,Earnings Quality,False,0.6667,"['OCF/NI=1.29', 'ratio=-2.31%']",['weak free-cash conversion'],
VER.VI,financial_health,Financial Health,False,0.8,"['D/E=31%', 'leverage=12.4%', 'ratio=1.4', 'coverage=18.7x']",['weak liquidity'],
OMV.VI,graham_defensive,Graham Defensive,False,0.25,['Dividend payer: yield=442.00%'],"['P/E >= 15', 'valuation too rich on P/B or P/E×P/B', 'current ratio < 2']",
OMV.VI,graham_enterprising,Graham Enterprising,True,1.0,"['P/E < 25: P/E=15.4', 'P/B < 3: P/B=1.57', 'Debt/equity < 100%: D/E=38%', 'ROE > 8%: ROE=8.8%', 'Positive earnings growth: growth=118.9%']",[],
OMV.VI,graham_net_net,Graham Net-Net,False,0.0,[],['missing NCAV (balance sheet data)'],
OMV.VI,schloss,Schloss Low P/B,False,0.5,['D/E < 50.0%: D/E=38%'],['P/B too high'],
OMV.VI,deep_value,Deep Value,False,0.5,['EV/EBITDA=5.2'],['P/B not below 1.0'],
OMV.VI,earnings_yield,Earnings Yield,False,0.5418,['E/P=6.5% (P/E=15.4)'],['earnings yield 6.5% below 8%'],
OMV.VI,fcf_yield,FCF Yield,True,1.0,['FCF yield=31.4%'],[],
OMV.VI,low_pe_high_yield,Low P/E + High Yield,False,0.5,['yield=442.0%'],['P/E not below 12.0'],
OMV.VI,lynch_peg,Lynch PEG,True,0.8706,"['PEG=0.13', 'growth=118.9%']",[],
OMV.VI,neff_pegy,Neff PEGY,True,0.9726,"['PEGY=0.03', 'growth=118.9%', 'yield=442.0%']",[],
OMV.VI,quality_value,Quality Value,False,0.8,"['Profit margin >= 5%: margin=10.6%', 'Debt/equity < 80%: D/E=38%', 'P/E < 20: P/E=15.4', 'FCF yield >= 3%: FCF yield=31.4%']",['ROE below 12%'],
OMV.VI,buffett_quality,Buffett Quality,False,0.75,"['D/E < 60.0%: D/E=38%', 'margin >= 8%: margin=10.6%', 'P/E < 25.0: P/E=15.4']",['ROE too low'],
OMV.VI,economic_moat,Economic Moat,False,0.25,['low leverage D/E=38%'],"['ROE below 18%', 'ROA below 8%', 'margins below 12%']",
OMV.VI,high_dividend,High Dividend Yield,True,0.7604,"['yield=442.0%', 'universe rank 76%']",[],
OMV.VI,dividend_growth,Dividend Growth,True,1.0,"['dividend payer: yield=442.0%', 'earnings growth: growth=118.9%', 'reasonable P/E: P/E=15.4']",[],
OMV.VI,magic_formula,Magic Formula,True,0.7193,['earnings yield rank 95%'],[],
OMV.VI,acquirers_multiple,Acquirer's Multiple,True,0.9024,"['EV/EBIT=8.4', 'universe rank 90%']",[],
OMV.VI,dreman_contrarian,Dreman Contrarian,False,0.6773,"['low P/B rank 67%', 'dividend rank 76%']",['P/E not in bottom quartile'],
OMV.VI,piotroski_f,Piotroski F-Score,False,0.6667,"['F-Score=6/9', 'positive net income', 'positive operating cash flow', 'OCF > net income', 'leverage declining', 'current ratio improving', 'no share dilution']","['F-Score 6/9 below 7', 'ROA improving', 'gross margin improving', 'asset turnover improving']","{'f_score': 6, 'max_score': 9, 'components': [{'name': 'positive net income', 'passed': True}, {'name': 'positive operating cash flow', 'passed': True}, {'name': 'ROA improving', 'passed': False}, {'name': 'OCF > net income', 'passed': True}, {'name': 'leverage declining', 'passed': True}, {'name': 'current ratio improving', 'passed': True}, {'name': 'no share dilution', 'passed': True}, {'name': 'gross margin improving', 'passed': False}, {'name': 'asset turnover improving', 'passed': False}]}"
OMV.VI,composite_value,Composite Value,False,0.5583,['top-tier on fcf_yield (percentile 83%)'],[],
OMV.VI,earnings_quality,Earnings Quality,True,1.0,"['FCF/NI=6.93', 'OCF/NI=4.84', 'ratio=-8.93%']",[],
OMV.VI,financial_health,Financial Health,True,1.0,"['D/E=38%', 'leverage=17.3%', 'CR=1.98', 'ratio=0.6', 'coverage=9.2x']",[],
BG.VI,graham_defensive,Graham Defensive,False,0.5,"['P/E < 15: P/E=14.8', 'Dividend payer: yield=353.00%']","['valuation too rich on P/B or P/E×P/B', 'current ratio < 2']",
BG.VI,graham_enterprising,Graham Enterprising,True,0.8,"['P/E < 25: P/E=14.8', 'P/B < 3: P/B=2.78', 'ROE > 8%: ROE=19.9%', 'Positive earnings growth: growth=29.6%']",['excessive leverage'],
BG.VI,graham_net_net,Graham Net-Net,False,0.0,[],['missing NCAV (balance sheet data)'],
BG.VI,schloss,Schloss Low P/B,False,0.0,[],"['P/B too high', 'too much leverage']",
BG.VI,deep_value,Deep Value,False,0.0,[],"['P/B not below 1.0', 'EV/EBITDA not below 8']",
BG.VI,earnings_yield,Earnings Yield,False,0.5613,['E/P=6.7% (P/E=14.8)'],['earnings yield 6.7% below 8%'],
BG.VI,fcf_yield,FCF Yield,False,1.0,['FCF yield=nan%'],['FCF yield nan% below 5%'],
BG.VI,low_pe_high_yield,Low P/E + High Yield,False,0.5,['yield=353.0%'],['P/E not below 12.0'],
BG.VI,lynch_peg,Lynch PEG,True,0.4984,"['PEG=0.50', 'growth=29.6%']",[],
BG.VI,neff_pegy,Neff PEGY,True,0.9612,"['PEGY=0.04', 'growth=29.6%', 'yield=353.0%']",[],
BG.VI,quality_value,Quality Value,False,0.6,"['ROE >= 12%: ROE=19.9%', 'Profit margin >= 5%: margin=45.1%', 'P/E < 20: P/E=14.8']","['high leverage', 'FCF yield below 3%']",
BG.VI,buffett_quality,Buffett Quality,True,0.75,"['ROE >= 15%: ROE=19.9%', 'margin >= 8%: margin=45.1%', 'P/E < 25.0: P/E=14.8']",['too much debt'],
BG.VI,economic_moat,Economic Moat,False,0.5,"['high ROE=19.9%', 'wide margin=45.1%']","['ROA below 8%', 'leverage too high']",
BG.VI,high_dividend,High Dividend Yield,False,0.6198,"['yield=353.0%', 'universe rank 62%']",['not in top quartile for yield'],
BG.VI,dividend_growth,Dividend Growth,True,1.0,"['dividend payer: yield=353.0%', 'earnings growth: growth=29.6%', 'reasonable P/E: P/E=14.8']",[],
BG.VI,magic_formula,Magic Formula,False,0.0,[],['missing EBIT/EV or ROIC inputs'],
BG.VI,acquirers_multiple,Acquirer's Multiple,False,0.0,[],['could not rank EV/EBIT'],
BG.VI,dreman_contrarian,Dreman Contrarian,False,0.546,['dividend rank 62%'],"['P/E not in bottom quartile', 'P/B not cheap vs universe']",
BG.VI,piotroski_f,Piotroski F-Score,False,0.4444,"['F-Score=4/9', 'positive net income', 'ROA improving', 'no share dilution', 'asset turnover improving']","['F-Score 4/9 below 7', 'positive operating cash flow', 'OCF > net income', 'leverage declining', 'current ratio improving', 'gross margin improving']","{'f_score': 4, 'max_score': 9, 'components': [{'name': 'positive net income', 'passed': True}, {'name': 'positive operating cash flow', 'passed': False}, {'name': 'ROA improving', 'passed': True}, {'name': 'OCF > net income', 'passed': False}, {'name': 'leverage declining', 'passed': False}, {'name': 'current ratio improving', 'passed': False}, {'name': 'no share dilution', 'passed': True}, {'name': 'gross margin improving', 'passed': False}, {'name': 'asset turnover improving', 'passed': True}]}"
BG.VI,composite_value,Composite Value,False,0.2171,[],"['missing fcf_yield', 'missing ev_ebitda']",
BG.VI,earnings_quality,Earnings Quality,False,0.3333,['ratio=5.72%'],"['weak free-cash conversion', 'operating cash below earnings']",
BG.VI,financial_health,Financial Health,False,0.4,"['leverage=24.5%', 'insufficient data — skipped']","['high debt to equity', 'weak liquidity', 'weak interest coverage']",
ANDR.VI,graham_defensive,Graham Defensive,False,0.25,['Dividend payer: yield=320.00%'],"['P/E >= 15', 'valuation too rich on P/B or P/E×P/B', 'current ratio < 2']",
ANDR.VI,graham_enterprising,Graham Enterprising,False,0.8,"['P/E < 25: P/E=17.1', 'Debt/equity < 100%: D/E=25%', 'ROE > 8%: ROE=20.2%', 'Positive earnings growth: growth=6.7%']",['P/B >= 3'],
ANDR.VI,graham_net_net,Graham Net-Net,False,0.0,[],['missing NCAV (balance sheet data)'],
ANDR.VI,schloss,Schloss Low P/B,False,0.5,['D/E < 50.0%: D/E=25%'],['P/B too high'],
ANDR.VI,deep_value,Deep Value,False,0.0,[],"['P/B not below 1.0', 'EV/EBITDA not below 8']",
ANDR.VI,earnings_yield,Earnings Yield,False,0.4883,['E/P=5.9% (P/E=17.1)'],['earnings yield 5.9% below 8%'],
ANDR.VI,fcf_yield,FCF Yield,True,0.7255,['FCF yield=7.3%'],[],
ANDR.VI,low_pe_high_yield,Low P/E + High Yield,False,0.5,['yield=320.0%'],['P/E not below 12.0'],
ANDR.VI,lynch_peg,Lynch PEG,False,0.0,"['PEG=2.55', 'growth=6.7%']",['PEG 2.55 >= 1.0'],
ANDR.VI,neff_pegy,Neff PEGY,True,0.9478,"['PEGY=0.05', 'growth=6.7%', 'yield=320.0%']",[],
ANDR.VI,quality_value,Quality Value,True,1.0,"['ROE >= 12%: ROE=20.2%', 'Profit margin >= 5%: margin=5.8%', 'Debt/equity < 80%: D/E=25%', 'P/E < 20: P/E=17.1', 'FCF yield >= 3%: FCF yield=7.3%']",[],
ANDR.VI,buffett_quality,Buffett Quality,True,0.75,"['ROE >= 15%: ROE=20.2%', 'D/E < 60.0%: D/E=25%', 'P/E < 25.0: P/E=17.1']",['thin margins'],
ANDR.VI,economic_moat,Economic Moat,False,0.5,"['high ROE=20.2%', 'low leverage D/E=25%']","['ROA below 8%', 'margins below 12%']",
ANDR.VI,high_dividend,High Dividend Yield,False,0.5521,"['yield=320.0%', 'universe rank 55%']",['not in top quartile for yield'],
ANDR.VI,dividend_growth,Dividend Growth,True,1.0,"['dividend payer: yield=320.0%', 'earnings growth: growth=6.7%', 'reasonable P/E: P/E=17.1']",[],
ANDR.VI,magic_formula,Magic Formula,True,0.7209,"['earnings yield rank 74%', 'ROIC rank 70%']",[],
ANDR.VI,acquirers_multiple,Acquirer's Multiple,False,0.6951,"['EV/EBIT=13.4', 'universe rank 70%']",['EV/EBIT 13.4 above 12.0'],
ANDR.VI,dreman_contrarian,Dreman Contrarian,False,0.4859,['dividend rank 55%'],"['P/E not in bottom quartile', 'P/B not cheap vs universe']",
ANDR.VI,piotroski_f,Piotroski F-Score,False,0.6667,"['F-Score=6/9', 'positive net income', 'positive operating cash flow', 'OCF > net income', 'leverage declining', 'no share dilution', 'gross margin improving']","['F-Score 6/9 below 7', 'ROA improving', 'current ratio improving', 'asset turnover improving']","{'f_score': 6, 'max_score': 9, 'components': [{'name': 'positive net income', 'passed': True}, {'name': 'positive operating cash flow', 'passed': True}, {'name': 'ROA improving', 'passed': False}, {'name': 'OCF > net income', 'passed': True}, {'name': 'leverage declining', 'passed': True}, {'name': 'current ratio improving', 'passed': False}, {'name': 'no share dilution', 'passed': True}, {'name': 'gross margin improving', 'passed': True}, {'name': 'asset turnover improving', 'passed': False}]}"
ANDR.VI,composite_value,Composite Value,True,0.7,"['top-tier on trailing_pe (percentile 70%)', 'top-tier on dividend_yield (percentile 72%)', 'top-tier on fcf_yield (percentile 75%)', 'top-tier on ev_ebitda (percentile 70%)']",[],
ANDR.VI,earnings_quality,Earnings Quality,True,1.0,"['FCF/NI=1.26', 'OCF/NI=1.43', 'ratio=-2.28%']",[],
ANDR.VI,financial_health,Financial Health,True,1.0,"['D/E=25%', 'leverage=9.6%', 'CR=1.13', 'ratio=-0.6', 'coverage=12.0x']",[],
WIE.VI,graham_defensive,Graham Defensive,False,0.5,"['P/B < 1.5 or P/E×P/B < 22.5: P/B=0.61', 'Dividend payer: yield=592.00%']","['P/E >= 15', 'current ratio < 2']",
WIE.VI,graham_enterprising,Graham Enterprising,False,0.4,"['P/B < 3: P/B=0.61', 'Debt/equity < 100%: D/E=95%']","['P/E >= 25', 'ROE <= 8%', 'negative earnings growth']",
WIE.VI,graham_net_net,Graham Net-Net,False,0.0,[],['missing NCAV (balance sheet data)'],
WIE.VI,schloss,Schloss Low P/B,False,0.5,['P/B < 1.2: P/B=0.61'],['too much leverage'],
WIE.VI,deep_value,Deep Value,False,0.5,['P/B=0.61'],['EV/EBITDA not below 8'],
WIE.VI,earnings_yield,Earnings Yield,False,0.3011,['E/P=3.6% (P/E=27.7)'],['earnings yield 3.6% below 8%'],
WIE.VI,fcf_yield,FCF Yield,True,0.9185,['FCF yield=9.2%'],[],
WIE.VI,low_pe_high_yield,Low P/E + High Yield,False,0.5,['yield=592.0%'],['P/E not below 12.0'],
WIE.VI,lynch_peg,Lynch PEG,False,0.2,[],['missing or negative earnings growth'],
WIE.VI,neff_pegy,Neff PEGY,True,0.9469,"['PEGY=0.05', 'growth=-70.9%', 'yield=592.0%']",[],
WIE.VI,quality_value,Quality Value,False,0.2,['FCF yield >= 3%: FCF yield=9.2%'],"['ROE below 12%', 'thin margins', 'high leverage', 'P/E >= 20']",
WIE.VI,buffett_quality,Buffett Quality,False,0.0,[],"['ROE too low', 'too much debt', 'thin margins', 'P/E too high']",
WIE.VI,economic_moat,Economic Moat,False,0.0,[],"['ROE below 18%', 'ROA below 8%', 'margins below 12%', 'leverage too high']",
WIE.VI,high_dividend,High Dividend Yield,True,0.9062,"['yield=592.0%', 'universe rank 91%']",[],
WIE.VI,dividend_growth,Dividend Growth,False,0.3333,['dividend payer: yield=592.0%'],"['earnings not growing', 'P/E out of range']",
WIE.VI,magic_formula,Magic Formula,True,0.5347,['earnings yield rank 79%'],[],
WIE.VI,acquirers_multiple,Acquirer's Multiple,False,0.7439,"['EV/EBIT=12.3', 'universe rank 74%']",['EV/EBIT 12.3 above 12.0'],
WIE.VI,dreman_contrarian,Dreman Contrarian,False,0.7084,"['low P/B rank 97%', 'dividend rank 91%']",['P/E not in bottom quartile'],
WIE.VI,piotroski_f,Piotroski F-Score,True,0.8889,"['F-Score=8/9', 'positive net income', 'positive operating cash flow', 'ROA improving', 'OCF > net income', 'leverage declining', 'current ratio improving', 'no share dilution', 'asset turnover improving']",['gross margin improving'],"{'f_score': 8, 'max_score': 9, 'components': [{'name': 'positive net income', 'passed': True}, {'name': 'positive operating cash flow', 'passed': True}, {'name': 'ROA improving', 'passed': True}, {'name': 'OCF > net income', 'passed': True}, {'name': 'leverage declining', 'passed': True}, {'name': 'current ratio improving', 'passed': True}, {'name': 'no share dilution', 'passed': True}, {'name': 'gross margin improving', 'passed': False}, {'name': 'asset turnover improving', 'passed': True}]}"
WIE.VI,composite_value,Composite Value,True,0.7401,"['top-tier on price_to_book (percentile 96%)', 'top-tier on dividend_yield (percentile 92%)', 'top-tier on fcf_yield (percentile 82%)', 'top-tier on ev_ebitda (percentile 71%)']",[],
WIE.VI,earnings_quality,Earnings Quality,True,1.0,"['FCF/NI=0.94', 'OCF/NI=3.80', 'ratio=-7.55%']",[],
WIE.VI,financial_health,Financial Health,False,0.6,"['leverage=31.2%', 'CR=1.52', 'coverage=3.1x']","['high debt to equity', 'high net debt/EBITDA']",
VOE.VI,graham_defensive,Graham Defensive,False,0.75,"['P/E < 15: P/E=14.8', 'P/B < 1.5 or P/E×P/B < 22.5: P/B=0.97', 'Dividend payer: yield=168.00%']",['current ratio < 2'],
VOE.VI,graham_enterprising,Graham Enterprising,False,0.8,"['P/E < 25: P/E=14.8', 'P/B < 3: P/B=0.97', 'Debt/equity < 100%: D/E=25%', 'Positive earnings growth: growth=89.7%']",['ROE <= 8%'],
VOE.VI,graham_net_net,Graham Net-Net,False,0.0,[],['missing NCAV (balance sheet data)'],
VOE.VI,schloss,Schloss Low P/B,True,1.0,"['P/B < 1.2: P/B=0.97', 'D/E < 50.0%: D/E=25%']",[],
VOE.VI,deep_value,Deep Value,True,1.0,"['P/B=0.97', 'EV/EBITDA=6.0']",[],
VOE.VI,earnings_yield,Earnings Yield,False,0.5637,['E/P=6.8% (P/E=14.8)'],['earnings yield 6.8% below 8%'],
VOE.VI,fcf_yield,FCF Yield,True,0.7068,['FCF yield=7.1%'],[],
VOE.VI,low_pe_high_yield,Low P/E + High Yield,False,0.5,['yield=168.0%'],['P/E not below 12.0'],
VOE.VI,lynch_peg,Lynch PEG,True,0.8352,"['PEG=0.16', 'growth=89.7%']",[],
VOE.VI,neff_pegy,Neff PEGY,True,0.9426,"['PEGY=0.06', 'growth=89.7%', 'yield=168.0%']",[],
VOE.VI,quality_value,Quality Value,False,0.6,"['Debt/equity < 80%: D/E=25%', 'P/E < 20: P/E=14.8', 'FCF yield >= 3%: FCF yield=7.1%']","['ROE below 12%', 'thin margins']",
VOE.VI,buffett_quality,Buffett Quality,False,0.5,"['D/E < 60.0%: D/E=25%', 'P/E < 25.0: P/E=14.8']","['ROE too low', 'thin margins']",
VOE.VI,economic_moat,Economic Moat,False,0.25,['low leverage D/E=25%'],"['ROE below 18%', 'ROA below 8%', 'margins below 12%']",
VOE.VI,high_dividend,High Dividend Yield,False,0.3073,"['yield=168.0%', 'universe rank 31%']",['not in top quartile for yield'],
VOE.VI,dividend_growth,Dividend Growth,True,1.0,"['dividend payer: yield=168.0%', 'earnings growth: growth=89.7%', 'reasonable P/E: P/E=14.8']",[],
VOE.VI,magic_formula,Magic Formula,True,0.5223,['earnings yield rank 77%'],[],
VOE.VI,acquirers_multiple,Acquirer's Multiple,False,0.7256,"['EV/EBIT=12.6', 'universe rank 73%']",['EV/EBIT 12.6 above 12.0'],
VOE.VI,dreman_contrarian,Dreman Contrarian,False,0.5923,['low P/B rank 84%'],"['P/E not in bottom quartile', 'dividend yield below median']",
VOE.VI,piotroski_f,Piotroski F-Score,True,0.7778,"['F-Score=7/9', 'positive net income', 'positive operating cash flow', 'ROA improving', 'OCF > net income', 'leverage declining', 'no share dilution', 'gross margin improving']","['current ratio improving', 'asset turnover improving']","{'f_score': 7, 'max_score': 9, 'components': [{'name': 'positive net income', 'passed': True}, {'name': 'positive operating cash flow', 'passed': True}, {'name': 'ROA improving', 'passed': True}, {'name': 'OCF > net income', 'passed': True}, {'name': 'leverage declining', 'passed': True}, {'name': 'current ratio improving', 'passed': False}, {'name': 'no share dilution', 'passed': True}, {'name': 'gross margin improving', 'passed': True}, {'name': 'asset turnover improving', 'passed': False}]}"
VOE.VI,composite_value,Composite Value,True,0.673,"['top-tier on trailing_pe (percentile 90%)', 'top-tier on price_to_book (percentile 71%)', 'top-tier on ev_ebitda (percentile 96%)']",[],
VOE.VI,earnings_quality,Earnings Quality,True,1.0,"['FCF/NI=1.23', 'OCF/NI=3.63', 'ratio=-6.97%']",[],
VOE.VI,financial_health,Financial Health,True,1.0,"['D/E=25%', 'leverage=15.1%', 'CR=1.35', 'ratio=0.7', 'coverage=3.7x']",[],
RBI.VI,graham_defensive,Graham Defensive,False,0.75,"['P/E < 15: P/E=7.9', 'P/B < 1.5 or P/E×P/B < 22.5: P/B=0.92', 'Dividend payer: yield=266.00%']",['current ratio < 2'],
RBI.VI,graham_enterprising,Graham Enterprising,False,0.6,"['P/E < 25: P/E=7.9', 'P/B < 3: P/B=0.92', 'ROE > 8%: ROE=12.2%']","['excessive leverage', 'negative earnings growth']",
RBI.VI,graham_net_net,Graham Net-Net,False,0.0,[],['missing NCAV (balance sheet data)'],
RBI.VI,schloss,Schloss Low P/B,False,0.5,['P/B < 1.2: P/B=0.92'],['too much leverage'],
RBI.VI,deep_value,Deep Value,False,0.5,['P/B=0.92'],['EV/EBITDA not below 8'],
RBI.VI,earnings_yield,Earnings Yield,True,1.0,['E/P=12.6% (P/E=7.9)'],[],
RBI.VI,fcf_yield,FCF Yield,False,1.0,['FCF yield=nan%'],['FCF yield nan% below 5%'],
RBI.VI,low_pe_high_yield,Low P/E + High Yield,True,1.0,"['P/E=7.9', 'yield=266.0%']",[],
RBI.VI,lynch_peg,Lynch PEG,False,0.0,"['PEG=nan', 'growth=nan%']",[],
RBI.VI,neff_pegy,Neff PEGY,False,0.0,"['PEGY=nan', 'growth=nan%', 'yield=266.0%']",['PEGY nan >= 1.0'],
RBI.VI,quality_value,Quality Value,False,0.6,"['ROE >= 12%: ROE=12.2%', 'Profit margin >= 5%: margin=27.9%', 'P/E < 20: P/E=7.9']","['high leverage', 'FCF yield below 3%']",
RBI.VI,buffett_quality,Buffett Quality,False,0.5,"['margin >= 8%: margin=27.9%', 'P/E < 25.0: P/E=7.9']","['ROE too low', 'too much debt']",
RBI.VI,economic_moat,Economic Moat,False,0.25,['wide margin=27.9%'],"['ROE below 18%', 'ROA below 8%', 'leverage too high']",
RBI.VI,high_dividend,High Dividend Yield,False,0.4792,"['yield=266.0%', 'universe rank 48%']",['not in top quartile for yield'],
RBI.VI,dividend_growth,Dividend Growth,True,0.6667,"['dividend payer: yield=266.0%', 'reasonable P/E: P/E=7.9']",['earnings not growing'],
RBI.VI,magic_formula,Magic Formula,False,0.0,[],['missing EBIT/EV or ROIC inputs'],
RBI.VI,acquirers_multiple,Acquirer's Multiple,False,0.0,[],['could not rank EV/EBIT'],
RBI.VI,dreman_contrarian,Dreman Contrarian,True,0.7634,"['low P/E rank 95%', 'low P/B rank 87%']",['dividend yield below median'],
RBI.VI,piotroski_f,Piotroski F-Score,False,0.6667,"['F-Score=6/9', 'positive net income', 'positive operating cash flow', 'ROA improving', 'OCF > net income', 'leverage declining', 'no share dilution']","['F-Score 6/9 below 7', 'current ratio improving', 'gross margin improving', 'asset turnover improving']","{'f_score': 6, 'max_score': 9, 'components': [{'name': 'positive net income', 'passed': True}, {'name': 'positive operating cash flow', 'passed': True}, {'name': 'ROA improving', 'passed': True}, {'name': 'OCF > net income', 'passed': True}, {'name': 'leverage declining', 'passed': True}, {'name': 'current ratio improving', 'passed': False}, {'name': 'no share dilution', 'passed': True}, {'name': 'gross margin improving', 'passed': False}, {'name': 'asset turnover improving', 'passed': False}]}"
RBI.VI,composite_value,Composite Value,True,0.6804,"['top-tier on trailing_pe (percentile 88%)', 'top-tier on price_to_book (percentile 84%)']","['missing fcf_yield', 'missing ev_ebitda']",
RBI.VI,earnings_quality,Earnings Quality,False,0.6667,"['OCF/NI=6.62', 'ratio=-3.66%']",['weak free-cash conversion'],
RBI.VI,financial_health,Financial Health,False,0.4,"['leverage=10.5%', 'insufficient data — skipped']","['high debt to equity', 'weak liquidity', 'weak interest coverage']",
POS.VI,graham_defensive,Graham Defensive,False,0.75,"['P/E < 15: P/E=9.4', 'P/B < 1.5 or P/E×P/B < 22.5: P/B=1.54', 'Dividend payer: yield=343.00%']",['current ratio < 2'],
POS.VI,graham_enterprising,Graham Enterprising,True,0.8,"['P/E < 25: P/E=9.4', 'P/B < 3: P/B=1.54', 'Debt/equity < 100%: D/E=70%', 'ROE > 8%: ROE=16.0%']",['negative earnings growth'],
POS.VI,graham_net_net,Graham Net-Net,False,0.0,[],['missing NCAV (balance sheet data)'],
POS.VI,schloss,Schloss Low P/B,False,0.0,[],"['P/B too high', 'too much leverage']",
POS.VI,deep_value,Deep Value,False,0.0,[],"['P/B not below 1.0', 'EV/EBITDA not below 8']",
POS.VI,earnings_yield,Earnings Yield,True,0.888,['E/P=10.7% (P/E=9.4)'],[],
POS.VI,fcf_yield,FCF Yield,False,0.0,['FCF yield=-5.3%'],['FCF yield -5.3% below 5%'],
POS.VI,low_pe_high_yield,Low P/E + High Yield,True,1.0,"['P/E=9.4', 'yield=343.0%']",[],
POS.VI,lynch_peg,Lynch PEG,False,0.2,[],['missing or negative earnings growth'],
POS.VI,neff_pegy,Neff PEGY,True,0.9699,"['PEGY=0.03', 'growth=-31.3%', 'yield=343.0%']",[],
POS.VI,quality_value,Quality Value,False,0.6,"['ROE >= 12%: ROE=16.0%', 'Debt/equity < 80%: D/E=70%', 'P/E < 20: P/E=9.4']","['thin margins', 'FCF yield below 3%']",
POS.VI,buffett_quality,Buffett Quality,False,0.5,"['ROE >= 15%: ROE=16.0%', 'P/E < 25.0: P/E=9.4']","['too much debt', 'thin margins']",
POS.VI,economic_moat,Economic Moat,False,0.0,[],"['ROE below 18%', 'ROA below 8%', 'margins below 12%', 'leverage too high']",
POS.VI,high_dividend,High Dividend Yield,False,0.6094,"['yield=343.0%', 'universe rank 61%']",['not in top quartile for yield'],
POS.VI,dividend_growth,Dividend Growth,True,0.6667,"['dividend payer: yield=343.0%', 'reasonable P/E: P/E=9.4']",['earnings not growing'],
POS.VI,magic_formula,Magic Formula,False,0.4106,['earnings yield rank 60%'],['below top half on combined Magic Formula rank'],
POS.VI,acquirers_multiple,Acquirer's Multiple,False,0.5549,"['EV/EBIT=17.3', 'universe rank 55%']","['EV/EBIT 17.3 above 12.0', 'not in top 40% cheapest on EV/EBIT']",
POS.VI,dreman_contrarian,Dreman Contrarian,True,0.7371,"['low P/E rank 91%', 'low P/B rank 69%', 'dividend rank 61%']",[],
POS.VI,piotroski_f,Piotroski F-Score,False,0.6667,"['F-Score=6/9', 'positive net income', 'positive operating cash flow', 'ROA improving', 'OCF > net income', 'current ratio improving', 'gross margin improving']","['F-Score 6/9 below 7', 'leverage declining', 'no share dilution', 'asset turnover improving']","{'f_score': 6, 'max_score': 9, 'components': [{'name': 'positive net income', 'passed': True}, {'name': 'positive operating cash flow', 'passed': True}, {'name': 'ROA improving', 'passed': True}, {'name': 'OCF > net income', 'passed': True}, {'name': 'leverage declining', 'passed': False}, {'name': 'current ratio improving', 'passed': True}, {'name': 'no share dilution', 'passed': False}, {'name': 'gross margin improving', 'passed': True}, {'name': 'asset turnover improving', 'passed': False}]}"
POS.VI,composite_value,Composite Value,True,0.7288,"['top-tier on trailing_pe (percentile 100%)', 'top-tier on price_to_book (percentile 92%)', 'top-tier on dividend_yield (percentile 82%)', 'top-tier on ev_ebitda (percentile 82%)']",[],
POS.VI,earnings_quality,Earnings Quality,False,0.6667,"['OCF/NI=2.91', 'ratio=-5.42%']",['weak free-cash conversion'],
POS.VI,financial_health,Financial Health,False,0.8,"['D/E=70%', 'leverage=14.3%', 'ratio=2.2', 'coverage=2.6x']",['weak liquidity'],
CAI.VI,graham_defensive,Graham Defensive,False,0.75,"['P/E < 15: P/E=13.5', 'P/B < 1.5 or P/E×P/B < 22.5: P/B=0.80', 'Dividend payer: yield=411.00%']",['current ratio < 2'],
CAI.VI,graham_enterprising,Graham Enterprising,False,0.6,"['P/E < 25: P/E=13.5', 'P/B < 3: P/B=0.80', 'Debt/equity < 100%: D/E=84%']","['ROE <= 8%', 'negative earnings growth']",
CAI.VI,graham_net_net,Graham Net-Net,False,0.0,[],['missing NCAV (balance sheet data)'],
CAI.VI,schloss,Schloss Low P/B,False,0.5,['P/B < 1.2: P/B=0.80'],['too much leverage'],
CAI.VI,deep_value,Deep Value,False,0.5,['P/B=0.80'],['EV/EBITDA not below 8'],
CAI.VI,earnings_yield,Earnings Yield,False,0.6182,['E/P=7.4% (P/E=13.5)'],['earnings yield 7.4% below 8%'],
CAI.VI,fcf_yield,FCF Yield,True,1.0,['FCF yield=19.9%'],[],
CAI.VI,low_pe_high_yield,Low P/E + High Yield,False,0.5,['yield=411.0%'],['P/E not below 12.0'],
CAI.VI,lynch_peg,Lynch PEG,False,0.0,"['PEG=nan', 'growth=nan%']",[],
CAI.VI,neff_pegy,Neff PEGY,False,0.0,"['PEGY=nan', 'growth=nan%', 'yield=411.0%']",['PEGY nan >= 1.0'],
CAI.VI,quality_value,Quality Value,False,0.6,"['Profit margin >= 5%: margin=55.5%', 'P/E < 20: P/E=13.5', 'FCF yield >= 3%: FCF yield=19.9%']","['ROE below 12%', 'high leverage']",
CAI.VI,buffett_quality,Buffett Quality,False,0.5,"['margin >= 8%: margin=55.5%', 'P/E < 25.0: P/E=13.5']","['ROE too low', 'too much debt']",
CAI.VI,economic_moat,Economic Moat,False,0.25,['wide margin=55.5%'],"['ROE below 18%', 'ROA below 8%', 'leverage too high']",
CAI.VI,high_dividend,High Dividend Yield,False,0.724,"['yield=411.0%', 'universe rank 72%']",['not in top quartile for yield'],
CAI.VI,dividend_growth,Dividend Growth,True,0.6667,"['dividend payer: yield=411.0%', 'reasonable P/E: P/E=13.5']",['earnings not growing'],
CAI.VI,magic_formula,Magic Formula,False,0.2691,[],['below top half on combined Magic Formula rank'],
CAI.VI,acquirers_multiple,Acquirer's Multiple,False,0.3902,"['EV/EBIT=21.6', 'universe rank 39%']","['EV/EBIT 21.6 above 12.0', 'not in top 40% cheapest on EV/EBIT']",
CAI.VI,dreman_contrarian,Dreman Contrarian,True,0.7736,"['low P/B rank 91%', 'dividend rank 72%']",['P/E not in bottom quartile'],
CAI.VI,piotroski_f,Piotroski F-Score,True,1.0,"['F-Score=9/9', 'positive net income', 'positive operating cash flow', 'ROA improving', 'OCF > net income', 'leverage declining', 'current ratio improving', 'no share dilution', 'gross margin improving', 'asset turnover improving']",[],"{'f_score': 9, 'max_score': 9, 'components': [{'name': 'positive net income', 'passed': True}, {'name': 'positive operating cash flow', 'passed': True}, {'name': 'ROA improving', 'passed': True}, {'name': 'OCF > net income', 'passed': True}, {'name': 'leverage declining', 'passed': True}, {'name': 'current ratio improving', 'passed': True}, {'name': 'no share dilution', 'passed': True}, {'name': 'gross margin improving', 'passed': True}, {'name': 'asset turnover improving', 'passed': True}]}"
CAI.VI,composite_value,Composite Value,False,0.425,['top-tier on fcf_yield (percentile 83%)'],[],
CAI.VI,earnings_quality,Earnings Quality,True,1.0,"['FCF/NI=2.09', 'OCF/NI=1.13', 'ratio=-0.43%']",[],
CAI.VI,financial_health,Financial Health,False,0.6,"['leverage=41.4%', 'CR=2.51', 'coverage=2.8x']","['high debt to equity', 'high net debt/EBITDA']",
EVN.VI,graham_defensive,Graham Defensive,False,0.75,"['P/E < 15: P/E=10.1', 'P/B < 1.5 or P/E×P/B < 22.5: P/B=0.79', 'Dividend payer: yield=313.00%']",['current ratio < 2'],
EVN.VI,graham_enterprising,Graham Enterprising,True,1.0,"['P/E < 25: P/E=10.1', 'P/B < 3: P/B=0.79', 'Debt/equity < 100%: D/E=18%', 'ROE > 8%: ROE=8.1%', 'Positive earnings growth: growth=15.5%']",[],
EVN.VI,graham_net_net,Graham Net-Net,False,0.0,[],['missing NCAV (balance sheet data)'],
EVN.VI,schloss,Schloss Low P/B,True,1.0,"['P/B < 1.2: P/B=0.79', 'D/E < 50.0%: D/E=18%']",[],
EVN.VI,deep_value,Deep Value,False,0.5,['P/B=0.79'],['EV/EBITDA not below 8'],
EVN.VI,earnings_yield,Earnings Yield,True,0.826,['E/P=9.9% (P/E=10.1)'],[],
EVN.VI,fcf_yield,FCF Yield,False,0.0994,['FCF yield=1.0%'],['FCF yield 1.0% below 5%'],
EVN.VI,low_pe_high_yield,Low P/E + High Yield,True,1.0,"['P/E=10.1', 'yield=313.0%']",[],
EVN.VI,lynch_peg,Lynch PEG,True,0.3491,"['PEG=0.65', 'growth=15.5%']",[],
EVN.VI,neff_pegy,Neff PEGY,True,0.9693,"['PEGY=0.03', 'growth=15.5%', 'yield=313.0%']",[],
EVN.VI,quality_value,Quality Value,False,0.6,"['Profit margin >= 5%: margin=16.9%', 'Debt/equity < 80%: D/E=18%', 'P/E < 20: P/E=10.1']","['ROE below 12%', 'FCF yield below 3%']",
EVN.VI,buffett_quality,Buffett Quality,False,0.75,"['D/E < 60.0%: D/E=18%', 'margin >= 8%: margin=16.9%', 'P/E < 25.0: P/E=10.1']",['ROE too low'],
EVN.VI,economic_moat,Economic Moat,False,0.5,"['wide margin=16.9%', 'low leverage D/E=18%']","['ROE below 18%', 'ROA below 8%']",
EVN.VI,high_dividend,High Dividend Yield,False,0.526,"['yield=313.0%', 'universe rank 53%']",['not in top quartile for yield'],
EVN.VI,dividend_growth,Dividend Growth,True,1.0,"['dividend payer: yield=313.0%', 'earnings growth: growth=15.5%', 'reasonable P/E: P/E=10.1']",[],
EVN.VI,magic_formula,Magic Formula,False,0.3674,['earnings yield rank 61%'],['below top half on combined Magic Formula rank'],
EVN.VI,acquirers_multiple,Acquirer's Multiple,False,0.5671,"['EV/EBIT=17.2', 'universe rank 57%']","['EV/EBIT 17.2 above 12.0', 'not in top 40% cheapest on EV/EBIT']",
EVN.VI,dreman_contrarian,Dreman Contrarian,True,0.778,"['low P/E rank 88%', 'low P/B rank 93%', 'dividend rank 53%']",[],
EVN.VI,piotroski_f,Piotroski F-Score,False,0.6667,"['F-Score=6/9', 'positive net income', 'positive operating cash flow', 'OCF > net income', 'current ratio improving', 'no share dilution', 'asset turnover improving']","['F-Score 6/9 below 7', 'ROA improving', 'leverage declining', 'gross margin improving']","{'f_score': 6, 'max_score': 9, 'components': [{'name': 'positive net income', 'passed': True}, {'name': 'positive operating cash flow', 'passed': True}, {'name': 'ROA improving', 'passed': False}, {'name': 'OCF > net income', 'passed': True}, {'name': 'leverage declining', 'passed': False}, {'name': 'current ratio improving', 'passed': True}, {'name': 'no share dilution', 'passed': True}, {'name': 'gross margin improving', 'passed': False}, {'name': 'asset turnover improving', 'passed': True}]}"
EVN.VI,composite_value,Composite Value,True,0.7812,"['top-tier on trailing_pe (percentile 100%)', 'top-tier on price_to_book (percentile 100%)', 'top-tier on fcf_yield (percentile 75%)', 'top-tier on ev_ebitda (percentile 88%)']",[],
EVN.VI,earnings_quality,Earnings Quality,False,0.6667,"['OCF/NI=2.14', 'ratio=-4.52%']",['weak free-cash conversion'],
EVN.VI,financial_health,Financial Health,True,1.0,"['D/E=18%', 'leverage=11.9%', 'CR=1.15', 'ratio=1.0', 'coverage=6.6x']",[],
ATS.VI,graham_defensive,Graham Defensive,False,0.0,[],"['P/E >= 15', 'valuation too rich on P/B or P/E×P/B', 'current ratio < 2', 'no dividend']",
ATS.VI,graham_enterprising,Graham Enterprising,False,0.0,[],"['P/E >= 25', 'P/B >= 3', 'excessive leverage', 'ROE <= 8%', 'negative earnings growth']",
ATS.VI,graham_net_net,Graham Net-Net,False,0.0,[],['missing NCAV (balance sheet data)'],
ATS.VI,schloss,Schloss Low P/B,False,0.0,[],"['P/B too high', 'too much leverage']",
ATS.VI,deep_value,Deep Value,False,0.0,[],"['P/B not below 1.0', 'EV/EBITDA not below 8']",
ATS.VI,earnings_yield,Earnings Yield,False,0.0525,['E/P=0.6% (P/E=158.8)'],['earnings yield 0.6% below 8%'],
ATS.VI,fcf_yield,FCF Yield,False,0.1271,['FCF yield=1.3%'],['FCF yield 1.3% below 5%'],
ATS.VI,low_pe_high_yield,Low P/E + High Yield,False,0.0,[],"['P/E not below 12.0', 'yield below 4%']",
ATS.VI,lynch_peg,Lynch PEG,False,0.0,"['PEG=nan', 'growth=nan%']",[],
ATS.VI,neff_pegy,Neff PEGY,False,0.0,"['PEGY=nan', 'growth=nan%', 'yield=0.0%']",['PEGY nan >= 1.0'],
ATS.VI,quality_value,Quality Value,False,0.0,[],"['ROE below 12%', 'thin margins', 'high leverage', 'P/E >= 20', 'FCF yield below 3%']",
ATS.VI,buffett_quality,Buffett Quality,False,0.0,[],"['ROE too low', 'too much debt', 'thin margins', 'P/E too high']",
ATS.VI,economic_moat,Economic Moat,False,0.0,[],"['ROE below 18%', 'ROA below 8%', 'margins below 12%', 'leverage too high']",
ATS.VI,high_dividend,High Dividend Yield,False,0.0,"['yield=0.0%', 'universe rank 0%']","['yield 0.0% below 3% floor', 'not in top quartile for yield']",
ATS.VI,dividend_growth,Dividend Growth,False,0.0,[],"['yield too low', 'earnings not growing', 'P/E out of range']",
ATS.VI,magic_formula,Magic Formula,False,0.0948,[],['below top half on combined Magic Formula rank'],
ATS.VI,acquirers_multiple,Acquirer's Multiple,False,0.0549,"['EV/EBIT=101.0', 'universe rank 5%']","['EV/EBIT 101.0 above 12.0', 'not in top 40% cheapest on EV/EBIT']",
ATS.VI,dreman_contrarian,Dreman Contrarian,False,0.0331,[],"['P/E not in bottom quartile', 'P/B not cheap vs universe', 'dividend yield below median']",
ATS.VI,piotroski_f,Piotroski F-Score,False,0.6667,"['F-Score=6/9', 'positive operating cash flow', 'OCF > net income', 'current ratio improving', 'no share dilution', 'gross margin improving', 'asset turnover improving']","['F-Score 6/9 below 7', 'positive net income', 'ROA improving', 'leverage declining']","{'f_score': 6, 'max_score': 9, 'components': [{'name': 'positive net income', 'passed': False}, {'name': 'positive operating cash flow', 'passed': True}, {'name': 'ROA improving', 'passed': False}, {'name': 'OCF > net income', 'passed': True}, {'name': 'leverage declining', 'passed': False}, {'name': 'current ratio improving', 'passed': True}, {'name': 'no share dilution', 'passed': True}, {'name': 'gross margin improving', 'passed': True}, {'name': 'asset turnover improving', 'passed': True}]}"
ATS.VI,composite_value,Composite Value,False,0.2417,[],[],
ATS.VI,earnings_quality,Earnings Quality,False,0.5,['ratio=-9.44%'],['negative net income'],
ATS.VI,financial_health,Financial Health,False,0.6,"['leverage=43.9%', 'CR=1.30', 'ratio=1.9']","['high debt to equity', 'weak interest coverage']",
POST.VI,graham_defensive,Graham Defensive,False,0.25,['Dividend payer: yield=594.00%'],"['P/E >= 15', 'valuation too rich on P/B or P/E×P/B', 'current ratio < 2']",
POST.VI,graham_enterprising,Graham Enterprising,False,0.4,"['P/E < 25: P/E=23.7', 'ROE > 8%: ROE=13.5%']","['P/B >= 3', 'excessive leverage', 'negative earnings growth']",
POST.VI,graham_net_net,Graham Net-Net,False,0.0,[],['missing NCAV (balance sheet data)'],
POST.VI,schloss,Schloss Low P/B,False,0.0,[],"['P/B too high', 'too much leverage']",
POST.VI,deep_value,Deep Value,False,0.0,[],"['P/B not below 1.0', 'EV/EBITDA not below 8']",
POST.VI,earnings_yield,Earnings Yield,False,0.3513,['E/P=4.2% (P/E=23.7)'],['earnings yield 4.2% below 8%'],
POST.VI,fcf_yield,FCF Yield,True,0.7769,['FCF yield=7.8%'],[],
POST.VI,low_pe_high_yield,Low P/E + High Yield,False,0.5,['yield=594.0%'],['P/E not below 12.0'],
POST.VI,lynch_peg,Lynch PEG,False,0.2,[],['missing or negative earnings growth'],
POST.VI,neff_pegy,Neff PEGY,True,0.9542,"['PEGY=0.05', 'growth=-76.1%', 'yield=594.0%']",[],
POST.VI,quality_value,Quality Value,False,0.4,"['ROE >= 12%: ROE=13.5%', 'FCF yield >= 3%: FCF yield=7.8%']","['thin margins', 'high leverage', 'P/E >= 20']",
POST.VI,buffett_quality,Buffett Quality,False,0.25,['P/E < 25.0: P/E=23.7'],"['ROE too low', 'too much debt', 'thin margins']",
POST.VI,economic_moat,Economic Moat,False,0.0,[],"['ROE below 18%', 'ROA below 8%', 'margins below 12%', 'leverage too high']",
POST.VI,high_dividend,High Dividend Yield,True,0.9115,"['yield=594.0%', 'universe rank 91%']",[],
POST.VI,dividend_growth,Dividend Growth,True,0.6667,"['dividend payer: yield=594.0%', 'reasonable P/E: P/E=23.7']",['earnings not growing'],
POST.VI,magic_formula,Magic Formula,True,0.5828,"['earnings yield rank 65%', 'ROIC rank 51%']",[],
POST.VI,acquirers_multiple,Acquirer's Multiple,False,0.6098,"['EV/EBIT=15.6', 'universe rank 61%']",['EV/EBIT 15.6 above 12.0'],
POST.VI,dreman_contrarian,Dreman Contrarian,False,0.5322,['dividend rank 91%'],"['P/E not in bottom quartile', 'P/B not cheap vs universe']",
POST.VI,piotroski_f,Piotroski F-Score,False,0.5556,"['F-Score=5/9', 'positive net income', 'positive operating cash flow', 'OCF > net income', 'current ratio improving', 'no share dilution']","['F-Score 5/9 below 7', 'ROA improving', 'leverage declining', 'gross margin improving', 'asset turnover improving']","{'f_score': 5, 'max_score': 9, 'components': [{'name': 'positive net income', 'passed': True}, {'name': 'positive operating cash flow', 'passed': True}, {'name': 'ROA improving', 'passed': False}, {'name': 'OCF > net income', 'passed': True}, {'name': 'leverage declining', 'passed': False}, {'name': 'current ratio improving', 'passed': True}, {'name': 'no share dilution', 'passed': True}, {'name': 'gross margin improving', 'passed': False}, {'name': 'asset turnover improving', 'passed': False}]}"
POST.VI,composite_value,Composite Value,True,0.6825,"['top-tier on dividend_yield (percentile 98%)', 'top-tier on fcf_yield (percentile 78%)']",[],
POST.VI,earnings_quality,Earnings Quality,True,1.0,"['FCF/NI=1.21', 'OCF/NI=2.74', 'ratio=-3.51%']",[],
POST.VI,financial_health,Financial Health,False,0.6,"['leverage=12.8%', 'ratio=2.9', 'coverage=2.7x']","['high debt to equity', 'weak liquidity']",
VIG.VI,graham_defensive,Graham Defensive,False,0.75,"['P/E < 15: P/E=6.0', 'P/B < 1.5 or P/E×P/B < 22.5: P/B=1.15', 'Dividend payer: yield=264.00%']",['current ratio < 2'],
VIG.VI,graham_enterprising,Graham Enterprising,True,1.0,"['P/E < 25: P/E=6.0', 'P/B < 3: P/B=1.15', 'Debt/equity < 100%: D/E=33%', 'ROE > 8%: ROE=12.9%', 'Positive earnings growth: growth=16.1%']",[],
VIG.VI,graham_net_net,Graham Net-Net,False,0.0,[],['missing NCAV (balance sheet data)'],
VIG.VI,schloss,Schloss Low P/B,True,1.0,"['P/B < 1.2: P/B=1.15', 'D/E < 50.0%: D/E=33%']",[],
VIG.VI,deep_value,Deep Value,False,0.5,['EV/EBITDA=-2.1'],['P/B not below 1.0'],
VIG.VI,earnings_yield,Earnings Yield,True,1.0,['E/P=16.7% (P/E=6.0)'],[],
VIG.VI,fcf_yield,FCF Yield,False,0.0,['FCF yield=-10.9%'],['FCF yield -10.9% below 5%'],
VIG.VI,low_pe_high_yield,Low P/E + High Yield,True,1.0,"['P/E=6.0', 'yield=264.0%']",[],
VIG.VI,lynch_peg,Lynch PEG,True,0.6289,"['PEG=0.37', 'growth=16.1%']",[],
VIG.VI,neff_pegy,Neff PEGY,True,0.9787,"['PEGY=0.02', 'growth=16.1%', 'yield=264.0%']",[],
VIG.VI,quality_value,Quality Value,True,0.8,"['ROE >= 12%: ROE=12.9%', 'Profit margin >= 5%: margin=6.2%', 'Debt/equity < 80%: D/E=33%', 'P/E < 20: P/E=6.0']",['FCF yield below 3%'],
VIG.VI,buffett_quality,Buffett Quality,False,0.5,"['D/E < 60.0%: D/E=33%', 'P/E < 25.0: P/E=6.0']","['ROE too low', 'thin margins']",
VIG.VI,economic_moat,Economic Moat,False,0.25,['low leverage D/E=33%'],"['ROE below 18%', 'ROA below 8%', 'margins below 12%']",
VIG.VI,high_dividend,High Dividend Yield,False,0.474,"['yield=264.0%', 'universe rank 47%']",['not in top quartile for yield'],
VIG.VI,dividend_growth,Dividend Growth,True,1.0,"['dividend payer: yield=264.0%', 'earnings growth: growth=16.1%', 'reasonable P/E: P/E=6.0']",[],
VIG.VI,magic_formula,Magic Formula,False,0.0,[],['missing EBIT/EV or ROIC inputs'],
VIG.VI,acquirers_multiple,Acquirer's Multiple,True,0.9634,"['EV/EBIT=-3.1', 'universe rank 96%']",[],
VIG.VI,dreman_contrarian,Dreman Contrarian,True,0.7588,"['low P/E rank 98%', 'low P/B rank 82%']",['dividend yield below median'],
VIG.VI,piotroski_f,Piotroski F-Score,False,0.5556,"['F-Score=5/9', 'positive net income', 'positive operating cash flow', 'ROA improving', 'OCF > net income', 'no share dilution']","['F-Score 5/9 below 7', 'leverage declining', 'current ratio improving', 'gross margin improving', 'asset turnover improving']","{'f_score': 5, 'max_score': 9, 'components': [{'name': 'positive net income', 'passed': True}, {'name': 'positive operating cash flow', 'passed': True}, {'name': 'ROA improving', 'passed': True}, {'name': 'OCF > net income', 'passed': True}, {'name': 'leverage declining', 'passed': False}, {'name': 'current ratio improving', 'passed': False}, {'name': 'no share dilution', 'passed': True}, {'name': 'gross margin improving', 'passed': False}, {'name': 'asset turnover improving', 'passed': False}]}"
VIG.VI,composite_value,Composite Value,False,0.6071,"['top-tier on trailing_pe (percentile 95%)', 'top-tier on price_to_book (percentile 75%)', 'top-tier on ev_ebitda (percentile 76%)']",[],
VIG.VI,earnings_quality,Earnings Quality,False,0.6667,"['OCF/NI=1.01', 'insufficient data — skipped']",['weak free-cash conversion'],
VIG.VI,financial_health,Financial Health,False,0.6,"['D/E=33%', 'ratio=-6.7', 'coverage=14.7x']","['high leverage', 'weak liquidity']",
LNZ.VI,graham_defensive,Graham Defensive,False,0.25,['P/B < 1.5 or P/E×P/B < 22.5: P/B=1.04'],"['no positive trailing P/E', 'current ratio < 2', 'no dividend']",
LNZ.VI,graham_enterprising,Graham Enterprising,False,0.2,['P/B < 3: P/B=1.04'],"['missing P/E', 'excessive leverage', 'ROE <= 8%', 'negative earnings growth']",
LNZ.VI,graham_net_net,Graham Net-Net,False,0.0,[],['missing NCAV (balance sheet data)'],
LNZ.VI,schloss,Schloss Low P/B,False,0.5,['P/B < 1.2: P/B=1.04'],['too much leverage'],
LNZ.VI,deep_value,Deep Value,False,0.5,['EV/EBITDA=6.5'],['P/B not below 1.0'],
LNZ.VI,earnings_yield,Earnings Yield,False,1.0,['E/P=nan% (P/E=nan)'],['earnings yield nan% below 8%'],
LNZ.VI,fcf_yield,FCF Yield,True,1.0,['FCF yield=39.8%'],[],
LNZ.VI,low_pe_high_yield,Low P/E + High Yield,False,0.0,[],"['P/E not below 12.0', 'yield below 4%']",
LNZ.VI,lynch_peg,Lynch PEG,False,0.0,"['PEG=nan', 'growth=nan%']",[],
LNZ.VI,neff_pegy,Neff PEGY,False,0.0,"['PEGY=nan', 'growth=nan%', 'yield=0.0%']",['PEGY nan >= 1.0'],
LNZ.VI,quality_value,Quality Value,False,0.2,['FCF yield >= 3%: FCF yield=39.8%'],"['ROE below 12%', 'thin margins', 'high leverage', 'missing P/E']",
LNZ.VI,buffett_quality,Buffett Quality,False,0.0,[],"['ROE too low', 'too much debt', 'thin margins', 'missing P/E']",
LNZ.VI,economic_moat,Economic Moat,False,0.0,[],"['ROE below 18%', 'ROA below 8%', 'margins below 12%', 'leverage too high']",
LNZ.VI,high_dividend,High Dividend Yield,False,0.0,"['yield=0.0%', 'universe rank 0%']","['yield 0.0% below 3% floor', 'not in top quartile for yield', 'no positive earnings']",
LNZ.VI,dividend_growth,Dividend Growth,False,0.0,[],"['yield too low', 'earnings not growing', 'P/E out of range']",
LNZ.VI,magic_formula,Magic Formula,False,0.0746,[],['below top half on combined Magic Formula rank'],
LNZ.VI,acquirers_multiple,Acquirer's Multiple,False,0.0671,"['EV/EBIT=84.6', 'universe rank 7%']","['EV/EBIT 84.6 above 12.0', 'not in top 40% cheapest on EV/EBIT']",
LNZ.VI,dreman_contrarian,Dreman Contrarian,False,0.4171,['low P/B rank 83%'],['dividend yield below median'],
LNZ.VI,piotroski_f,Piotroski F-Score,False,0.5556,"['F-Score=5/9', 'positive operating cash flow', 'OCF > net income', 'leverage declining', 'no share dilution', 'asset turnover improving']","['F-Score 5/9 below 7', 'positive net income', 'ROA improving', 'current ratio improving', 'gross margin improving']","{'f_score': 5, 'max_score': 9, 'components': [{'name': 'positive net income', 'passed': False}, {'name': 'positive operating cash flow', 'passed': True}, {'name': 'ROA improving', 'passed': False}, {'name': 'OCF > net income', 'passed': True}, {'name': 'leverage declining', 'passed': True}, {'name': 'current ratio improving', 'passed': False}, {'name': 'no share dilution', 'passed': True}, {'name': 'gross margin improving', 'passed': False}, {'name': 'asset turnover improving', 'passed': True}]}"
LNZ.VI,composite_value,Composite Value,True,0.6549,"['top-tier on price_to_book (percentile 82%)', 'top-tier on fcf_yield (percentile 88%)', 'top-tier on ev_ebitda (percentile 100%)']",['missing trailing_pe'],
LNZ.VI,earnings_quality,Earnings Quality,False,0.5,['ratio=-12.84%'],['negative net income'],
LNZ.VI,financial_health,Financial Health,False,0.4,"['leverage=36.2%', 'CR=1.36']","['high debt to equity', 'high net debt/EBITDA', 'weak interest coverage']",
UQA.VI,graham_defensive,Graham Defensive,True,1.0,"['P/E < 15: P/E=11.6', 'P/B < 1.5 or P/E×P/B < 22.5: P/B=1.59', 'Current ratio >= 2: CR=1029.32', 'Dividend payer: yield=414.00%']",[],
UQA.VI,graham_enterprising,Graham Enterprising,True,1.0,"['P/E < 25: P/E=11.6', 'P/B < 3: P/B=1.59', 'Debt/equity < 100%: D/E=53%', 'ROE > 8%: ROE=13.7%', 'Positive earnings growth: growth=20.9%']",[],
UQA.VI,graham_net_net,Graham Net-Net,False,0.0,[],['missing NCAV (balance sheet data)'],
UQA.VI,schloss,Schloss Low P/B,False,0.0,[],"['P/B too high', 'too much leverage']",
UQA.VI,deep_value,Deep Value,False,0.5,['EV/EBITDA=7.3'],['P/B not below 1.0'],
UQA.VI,earnings_yield,Earnings Yield,True,0.7157,['E/P=8.6% (P/E=11.6)'],[],
UQA.VI,fcf_yield,FCF Yield,False,0.0,['FCF yield=-8.7%'],['FCF yield -8.7% below 5%'],
UQA.VI,low_pe_high_yield,Low P/E + High Yield,True,1.0,"['P/E=11.6', 'yield=414.0%']",[],
UQA.VI,lynch_peg,Lynch PEG,True,0.4429,"['PEG=0.56', 'growth=20.9%']",[],
UQA.VI,neff_pegy,Neff PEGY,True,0.9732,"['PEGY=0.03', 'growth=20.9%', 'yield=414.0%']",[],
UQA.VI,quality_value,Quality Value,True,0.8,"['ROE >= 12%: ROE=13.7%', 'Profit margin >= 5%: margin=5.7%', 'Debt/equity < 80%: D/E=53%', 'P/E < 20: P/E=11.6']",['FCF yield below 3%'],
UQA.VI,buffett_quality,Buffett Quality,False,0.5,"['D/E < 60.0%: D/E=53%', 'P/E < 25.0: P/E=11.6']","['ROE too low', 'thin margins']",
UQA.VI,economic_moat,Economic Moat,False,0.0,[],"['ROE below 18%', 'ROA below 8%', 'margins below 12%', 'leverage too high']",
UQA.VI,high_dividend,High Dividend Yield,False,0.7344,"['yield=414.0%', 'universe rank 73%']",['not in top quartile for yield'],
UQA.VI,dividend_growth,Dividend Growth,True,1.0,"['dividend payer: yield=414.0%', 'earnings growth: growth=20.9%', 'reasonable P/E: P/E=11.6']",[],
UQA.VI,magic_formula,Magic Formula,False,0.0,[],['missing EBIT/EV or ROIC inputs'],
UQA.VI,acquirers_multiple,Acquirer's Multiple,True,0.939,"['EV/EBIT=6.2', 'universe rank 94%']",[],
UQA.VI,dreman_contrarian,Dreman Contrarian,True,0.734,"['low P/E rank 80%', 'low P/B rank 66%', 'dividend rank 73%']",[],
UQA.VI,piotroski_f,Piotroski F-Score,True,0.7778,"['F-Score=7/9', 'positive net income', 'positive operating cash flow', 'ROA improving', 'OCF > net income', 'leverage declining', 'no share dilution', 'asset turnover improving']","['current ratio improving', 'gross margin improving']","{'f_score': 7, 'max_score': 9, 'components': [{'name': 'positive net income', 'passed': True}, {'name': 'positive operating cash flow', 'passed': True}, {'name': 'ROA improving', 'passed': True}, {'name': 'OCF > net income', 'passed': True}, {'name': 'leverage declining', 'passed': True}, {'name': 'current ratio improving', 'passed': False}, {'name': 'no share dilution', 'passed': True}, {'name': 'gross margin improving', 'passed': False}, {'name': 'asset turnover improving', 'passed': True}]}"
UQA.VI,composite_value,Composite Value,False,0.4875,[],[],
UQA.VI,earnings_quality,Earnings Quality,False,0.6667,"['OCF/NI=2.68', 'ratio=-2.45%']",['weak free-cash conversion'],
UQA.VI,financial_health,Financial Health,False,0.8,"['D/E=53%', 'leverage=4.8%', 'ratio=-4.2', 'coverage=12.6x']",['weak liquidity'],
SBO.VI,graham_defensive,Graham Defensive,False,0.75,"['P/B < 1.5 or P/E×P/B < 22.5: P/B=1.06', 'Current ratio >= 2: CR=2.73', 'Dividend payer: yield=260.00%']",['P/E >= 15'],
SBO.VI,graham_enterprising,Graham Enterprising,False,0.4,"['P/B < 3: P/B=1.06', 'Debt/equity < 100%: D/E=87%']","['P/E >= 25', 'ROE <= 8%', 'negative earnings growth']",
SBO.VI,graham_net_net,Graham Net-Net,False,0.0,[],['missing NCAV (balance sheet data)'],
SBO.VI,schloss,Schloss Low P/B,False,0.5,['P/B < 1.2: P/B=1.06'],['too much leverage'],
SBO.VI,deep_value,Deep Value,False,0.0,[],"['P/B not below 1.0', 'EV/EBITDA not below 8']",
SBO.VI,earnings_yield,Earnings Yield,False,0.0957,['E/P=1.1% (P/E=87.1)'],['earnings yield 1.1% below 8%'],
SBO.VI,fcf_yield,FCF Yield,False,0.0,['FCF yield=-2.6%'],['FCF yield -2.6% below 5%'],
SBO.VI,low_pe_high_yield,Low P/E + High Yield,False,0.5,['yield=260.0%'],['P/E not below 12.0'],
SBO.VI,lynch_peg,Lynch PEG,False,0.2,[],['missing or negative earnings growth'],
SBO.VI,neff_pegy,Neff PEGY,True,0.4678,"['PEGY=0.53', 'growth=-96.3%', 'yield=260.0%']",[],
SBO.VI,quality_value,Quality Value,False,0.0,[],"['ROE below 12%', 'thin margins', 'high leverage', 'P/E >= 20', 'FCF yield below 3%']",
SBO.VI,buffett_quality,Buffett Quality,False,0.0,[],"['ROE too low', 'too much debt', 'thin margins', 'P/E too high']",
SBO.VI,economic_moat,Economic Moat,False,0.0,[],"['ROE below 18%', 'ROA below 8%', 'margins below 12%', 'leverage too high']",
SBO.VI,high_dividend,High Dividend Yield,False,0.4635,"['yield=260.0%', 'universe rank 46%']",['not in top quartile for yield'],
SBO.VI,dividend_growth,Dividend Growth,False,0.3333,['dividend payer: yield=260.0%'],"['earnings not growing', 'P/E out of range']",
SBO.VI,magic_formula,Magic Formula,False,0.4214,['earnings yield rank 66%'],['below top half on combined Magic Formula rank'],
SBO.VI,acquirers_multiple,Acquirer's Multiple,False,0.6159,"['EV/EBIT=15.6', 'universe rank 62%']",['EV/EBIT 15.6 above 12.0'],
SBO.VI,dreman_contrarian,Dreman Contrarian,False,0.4417,['low P/B rank 83%'],"['P/E not in bottom quartile', 'dividend yield below median']",
SBO.VI,piotroski_f,Piotroski F-Score,False,0.4444,"['F-Score=4/9', 'positive net income', 'positive operating cash flow', 'OCF > net income', 'no share dilution']","['F-Score 4/9 below 7', 'ROA improving', 'leverage declining', 'current ratio improving', 'gross margin improving', 'asset turnover improving']","{'f_score': 4, 'max_score': 9, 'components': [{'name': 'positive net income', 'passed': True}, {'name': 'positive operating cash flow', 'passed': True}, {'name': 'ROA improving', 'passed': False}, {'name': 'OCF > net income', 'passed': True}, {'name': 'leverage declining', 'passed': False}, {'name': 'current ratio improving', 'passed': False}, {'name': 'no share dilution', 'passed': True}, {'name': 'gross margin improving', 'passed': False}, {'name': 'asset turnover improving', 'passed': False}]}"
SBO.VI,composite_value,Composite Value,False,0.3,['top-tier on price_to_book (percentile 100%)'],[],
SBO.VI,earnings_quality,Earnings Quality,False,0.6667,"['OCF/NI=3.07', 'ratio=-5.47%']",['weak free-cash conversion'],
SBO.VI,financial_health,Financial Health,False,0.8,"['leverage=42.1%', 'CR=3.19', 'ratio=2.5', 'coverage=2.6x']",['high debt to equity'],
STR.VI,graham_defensive,Graham Defensive,False,0.5,"['P/E < 15: P/E=12.5', 'Dividend payer: yield=278.00%']","['valuation too rich on P/B or P/E×P/B', 'current ratio < 2']",
STR.VI,graham_enterprising,Graham Enterprising,True,1.0,"['P/E < 25: P/E=12.5', 'P/B < 3: P/B=2.16', 'Debt/equity < 100%: D/E=17%', 'ROE > 8%: ROE=18.3%', 'Positive earnings growth: growth=25.8%']",[],
STR.VI,graham_net_net,Graham Net-Net,False,0.0,[],['missing NCAV (balance sheet data)'],
STR.VI,schloss,Schloss Low P/B,False,0.5,['D/E < 50.0%: D/E=17%'],['P/B too high'],
STR.VI,deep_value,Deep Value,False,0.5,['EV/EBITDA=5.9'],['P/B not below 1.0'],
STR.VI,earnings_yield,Earnings Yield,False,0.6645,['E/P=8.0% (P/E=12.5)'],['earnings yield 8.0% below 8%'],
STR.VI,fcf_yield,FCF Yield,True,0.9327,['FCF yield=9.3%'],[],
STR.VI,low_pe_high_yield,Low P/E + High Yield,False,0.5,['yield=278.0%'],['P/E not below 12.0'],
STR.VI,lynch_peg,Lynch PEG,True,0.514,"['PEG=0.49', 'growth=25.8%']",[],
STR.VI,neff_pegy,Neff PEGY,True,0.9587,"['PEGY=0.04', 'growth=25.8%', 'yield=278.0%']",[],
STR.VI,quality_value,Quality Value,True,0.8,"['ROE >= 12%: ROE=18.3%', 'Debt/equity < 80%: D/E=17%', 'P/E < 20: P/E=12.5', 'FCF yield >= 3%: FCF yield=9.3%']",['thin margins'],
STR.VI,buffett_quality,Buffett Quality,True,0.75,"['ROE >= 15%: ROE=18.3%', 'D/E < 60.0%: D/E=17%', 'P/E < 25.0: P/E=12.5']",['thin margins'],
STR.VI,economic_moat,Economic Moat,False,0.5,"['high ROE=18.3%', 'low leverage D/E=17%']","['ROA below 8%', 'margins below 12%']",
STR.VI,high_dividend,High Dividend Yield,False,0.5052,"['yield=278.0%', 'universe rank 51%']",['not in top quartile for yield'],
STR.VI,dividend_growth,Dividend Growth,True,1.0,"['dividend payer: yield=278.0%', 'earnings growth: growth=25.8%', 'reasonable P/E: P/E=12.5']",[],
STR.VI,magic_formula,Magic Formula,True,0.7214,"['earnings yield rank 89%', 'ROIC rank 55%']",[],
STR.VI,acquirers_multiple,Acquirer's Multiple,True,0.8476,"['EV/EBIT=10.2', 'universe rank 85%']",[],
STR.VI,dreman_contrarian,Dreman Contrarian,False,0.5807,['dividend rank 51%'],"['P/E not in bottom quartile', 'P/B not cheap vs universe']",
STR.VI,piotroski_f,Piotroski F-Score,True,0.8889,"['F-Score=8/9', 'positive net income', 'positive operating cash flow', 'ROA improving', 'OCF > net income', 'leverage declining', 'current ratio improving', 'no share dilution', 'gross margin improving']",['asset turnover improving'],"{'f_score': 8, 'max_score': 9, 'components': [{'name': 'positive net income', 'passed': True}, {'name': 'positive operating cash flow', 'passed': True}, {'name': 'ROA improving', 'passed': True}, {'name': 'OCF > net income', 'passed': True}, {'name': 'leverage declining', 'passed': True}, {'name': 'current ratio improving', 'passed': True}, {'name': 'no share dilution', 'passed': True}, {'name': 'gross margin improving', 'passed': True}, {'name': 'asset turnover improving', 'passed': False}]}"
STR.VI,composite_value,Composite Value,True,0.825,"['top-tier on trailing_pe (percentile 85%)', 'top-tier on price_to_book (percentile 78%)', 'top-tier on dividend_yield (percentile 70%)', 'top-tier on fcf_yield (percentile 88%)', 'top-tier on ev_ebitda (percentile 95%)']",[],
STR.VI,earnings_quality,Earnings Quality,True,1.0,"['FCF/NI=1.20', 'OCF/NI=1.97', 'ratio=-5.59%']",[],
STR.VI,financial_health,Financial Health,True,1.0,"['D/E=17%', 'leverage=5.2%', 'CR=1.23', 'ratio=-1.5', 'coverage=17.9x']",[],
DOC.VI,graham_defensive,Graham Defensive,False,0.25,['Dividend payer: yield=127.00%'],"['P/E >= 15', 'valuation too rich on P/B or P/E×P/B', 'current ratio < 2']",
DOC.VI,graham_enterprising,Graham Enterprising,False,0.8,"['P/E < 25: P/E=19.3', 'Debt/equity < 100%: D/E=40%', 'ROE > 8%: ROE=25.8%', 'Positive earnings growth: growth=16.3%']",['P/B >= 3'],
DOC.VI,graham_net_net,Graham Net-Net,False,0.0,[],['missing NCAV (balance sheet data)'],
DOC.VI,schloss,Schloss Low P/B,False,0.5,['D/E < 50.0%: D/E=40%'],['P/B too high'],
DOC.VI,deep_value,Deep Value,False,0.0,[],"['P/B not below 1.0', 'EV/EBITDA not below 8']",
DOC.VI,earnings_yield,Earnings Yield,False,0.4317,['E/P=5.2% (P/E=19.3)'],['earnings yield 5.2% below 8%'],
DOC.VI,fcf_yield,FCF Yield,True,0.8603,['FCF yield=8.6%'],[],
DOC.VI,low_pe_high_yield,Low P/E + High Yield,False,0.5,['yield=127.0%'],['P/E not below 12.0'],
DOC.VI,lynch_peg,Lynch PEG,False,0.0,"['PEG=1.18', 'growth=16.3%']",['PEG 1.18 >= 1.0'],
DOC.VI,neff_pegy,Neff PEGY,True,0.8653,"['PEGY=0.13', 'growth=16.3%', 'yield=127.0%']",[],
DOC.VI,quality_value,Quality Value,True,0.8,"['ROE >= 12%: ROE=25.8%', 'Debt/equity < 80%: D/E=40%', 'P/E < 20: P/E=19.3', 'FCF yield >= 3%: FCF yield=8.6%']",['thin margins'],
DOC.VI,buffett_quality,Buffett Quality,True,0.75,"['ROE >= 15%: ROE=25.8%', 'D/E < 60.0%: D/E=40%', 'P/E < 25.0: P/E=19.3']",['thin margins'],
DOC.VI,economic_moat,Economic Moat,True,0.75,"['high ROE=25.8%', 'solid ROA=8.3%', 'low leverage D/E=40%']",['margins below 12%'],
DOC.VI,high_dividend,High Dividend Yield,False,0.224,"['yield=127.0%', 'universe rank 22%']",['not in top quartile for yield'],
DOC.VI,dividend_growth,Dividend Growth,True,1.0,"['dividend payer: yield=127.0%', 'earnings growth: growth=16.3%', 'reasonable P/E: P/E=19.3']",[],
DOC.VI,magic_formula,Magic Formula,True,0.9092,"['earnings yield rank 88%', 'ROIC rank 93%']",[],
DOC.VI,acquirers_multiple,Acquirer's Multiple,True,0.8415,"['EV/EBIT=10.2', 'universe rank 84%']",[],
DOC.VI,dreman_contrarian,Dreman Contrarian,False,0.3289,[],"['P/E not in bottom quartile', 'P/B not cheap vs universe', 'dividend yield below median']",
DOC.VI,piotroski_f,Piotroski F-Score,True,1.0,"['F-Score=9/9', 'positive net income', 'positive operating cash flow', 'ROA improving', 'OCF > net income', 'leverage declining', 'current ratio improving', 'no share dilution', 'gross margin improving', 'asset turnover improving']",[],"{'f_score': 9, 'max_score': 9, 'components': [{'name': 'positive net income', 'passed': True}, {'name': 'positive operating cash flow', 'passed': True}, {'name': 'ROA improving', 'passed': True}, {'name': 'OCF > net income', 'passed': True}, {'name': 'leverage declining', 'passed': True}, {'name': 'current ratio improving', 'passed': True}, {'name': 'no share dilution', 'passed': True}, {'name': 'gross margin improving', 'passed': True}, {'name': 'asset turnover improving', 'passed': True}]}"
DOC.VI,composite_value,Composite Value,False,0.5825,"['top-tier on fcf_yield (percentile 82%)', 'top-tier on ev_ebitda (percentile 78%)']",[],
DOC.VI,earnings_quality,Earnings Quality,True,1.0,"['FCF/NI=1.73', 'OCF/NI=2.31', 'ratio=-10.86%']",[],
DOC.VI,financial_health,Financial Health,True,1.0,"['D/E=40%', 'leverage=20.1%', 'CR=1.44', 'ratio=-0.1', 'coverage=9.5x']",[],
ALTR.LS,graham_defensive,Graham Defensive,False,0.25,['Dividend payer: yield=559.00%'],"['P/E >= 15', 'valuation too rich on P/B or P/E×P/B', 'current ratio < 2']",
ALTR.LS,graham_enterprising,Graham Enterprising,False,0.4,"['P/B < 3: P/B=2.38', 'Positive earnings growth: growth=100.0%']","['P/E >= 25', 'excessive leverage', 'ROE <= 8%']",
ALTR.LS,graham_net_net,Graham Net-Net,False,0.0,[],['missing NCAV (balance sheet data)'],
ALTR.LS,schloss,Schloss Low P/B,False,0.0,[],"['P/B too high', 'too much leverage']",
ALTR.LS,deep_value,Deep Value,False,0.0,[],"['P/B not below 1.0', 'EV/EBITDA not below 8']",
ALTR.LS,earnings_yield,Earnings Yield,False,0.1157,['E/P=1.4% (P/E=72.0)'],['earnings yield 1.4% below 8%'],
ALTR.LS,fcf_yield,FCF Yield,False,0.0,['FCF yield=-1.3%'],['FCF yield -1.3% below 5%'],
ALTR.LS,low_pe_high_yield,Low P/E + High Yield,False,0.5,['yield=559.0%'],['P/E not below 12.0'],
ALTR.LS,lynch_peg,Lynch PEG,True,0.28,"['PEG=0.72', 'growth=100.0%']",[],
ALTR.LS,neff_pegy,Neff PEGY,True,0.8907,"['PEGY=0.11', 'growth=100.0%', 'yield=559.0%']",[],
ALTR.LS,quality_value,Quality Value,False,0.0,[],"['ROE below 12%', 'thin margins', 'high leverage', 'P/E >= 20', 'FCF yield below 3%']",
ALTR.LS,buffett_quality,Buffett Quality,False,0.0,[],"['ROE too low', 'too much debt', 'thin margins', 'P/E too high']",
ALTR.LS,economic_moat,Economic Moat,False,0.0,[],"['ROE below 18%', 'ROA below 8%', 'margins below 12%', 'leverage too high']",
ALTR.LS,high_dividend,High Dividend Yield,True,0.8802,"['yield=559.0%', 'universe rank 88%']",[],
ALTR.LS,dividend_growth,Dividend Growth,True,0.6667,"['dividend payer: yield=559.0%', 'earnings growth: growth=100.0%']",['P/E out of range'],
ALTR.LS,magic_formula,Magic Formula,False,0.1443,[],['below top half on combined Magic Formula rank'],
ALTR.LS,acquirers_multiple,Acquirer's Multiple,False,0.1341,"['EV/EBIT=40.6', 'universe rank 13%']","['EV/EBIT 40.6 above 12.0', 'not in top 40% cheapest on EV/EBIT']",
ALTR.LS,dreman_contrarian,Dreman Contrarian,False,0.4599,['dividend rank 88%'],"['P/E not in bottom quartile', 'P/B not cheap vs universe']",
ALTR.LS,piotroski_f,Piotroski F-Score,False,0.2222,"['F-Score=2/9', 'positive net income', 'no share dilution']","['F-Score 2/9 below 7', 'positive operating cash flow', 'ROA improving', 'OCF > net income', 'leverage declining', 'current ratio improving', 'gross margin improving', 'asset turnover improving']","{'f_score': 2, 'max_score': 9, 'components': [{'name': 'positive net income', 'passed': True}, {'name': 'positive operating cash flow', 'passed': False}, {'name': 'ROA improving', 'passed': False}, {'name': 'OCF > net income', 'passed': False}, {'name': 'leverage declining', 'passed': False}, {'name': 'current ratio improving', 'passed': False}, {'name': 'no share dilution', 'passed': True}, {'name': 'gross margin improving', 'passed': False}, {'name': 'asset turnover improving', 'passed': False}]}"
ALTR.LS,composite_value,Composite Value,False,0.2971,['top-tier on dividend_yield (percentile 88%)'],[],
ALTR.LS,earnings_quality,Earnings Quality,False,0.0,[],"['weak free-cash conversion', 'operating cash below earnings', 'high accruals vs assets']",
ALTR.LS,financial_health,Financial Health,False,0.4,"['leverage=48.4%', 'CR=1.45']","['high debt to equity', 'high net debt/EBITDA', 'weak interest coverage']",
BCP.LS,graham_defensive,Graham Defensive,False,0.5,"['P/E < 15: P/E=10.5', 'Dividend payer: yield=289.00%']","['valuation too rich on P/B or P/E×P/B', 'current ratio < 2']",
BCP.LS,graham_enterprising,Graham Enterprising,True,0.8,"['P/E < 25: P/E=10.5', 'P/B < 3: P/B=2.28', 'ROE > 8%: ROE=13.8%', 'Positive earnings growth: growth=2.2%']",['excessive leverage'],
BCP.LS,graham_net_net,Graham Net-Net,False,0.0,[],['missing NCAV (balance sheet data)'],
BCP.LS,schloss,Schloss Low P/B,False,0.0,[],"['P/B too high', 'too much leverage']",
BCP.LS,deep_value,Deep Value,False,0.0,[],"['P/B not below 1.0', 'EV/EBITDA not below 8']",
BCP.LS,earnings_yield,Earnings Yield,True,0.7909,['E/P=9.5% (P/E=10.5)'],[],
BCP.LS,fcf_yield,FCF Yield,False,1.0,['FCF yield=nan%'],['FCF yield nan% below 5%'],
BCP.LS,low_pe_high_yield,Low P/E + High Yield,True,1.0,"['P/E=10.5', 'yield=289.0%']",[],
BCP.LS,lynch_peg,Lynch PEG,False,0.0,"['PEG=4.79', 'growth=2.2%']","['growth 2.2% below 5% floor', 'PEG 4.79 >= 1.0']",
BCP.LS,neff_pegy,Neff PEGY,True,0.9638,"['PEGY=0.04', 'growth=2.2%', 'yield=289.0%']",[],
BCP.LS,quality_value,Quality Value,False,0.6,"['ROE >= 12%: ROE=13.8%', 'Profit margin >= 5%: margin=29.3%', 'P/E < 20: P/E=10.5']","['high leverage', 'FCF yield below 3%']",
BCP.LS,buffett_quality,Buffett Quality,False,0.5,"['margin >= 8%: margin=29.3%', 'P/E < 25.0: P/E=10.5']","['ROE too low', 'too much debt']",
BCP.LS,economic_moat,Economic Moat,False,0.25,['wide margin=29.3%'],"['ROE below 18%', 'ROA below 8%', 'leverage too high']",
BCP.LS,high_dividend,High Dividend Yield,False,0.5104,"['yield=289.0%', 'universe rank 51%']",['not in top quartile for yield'],
BCP.LS,dividend_growth,Dividend Growth,True,0.6667,"['dividend payer: yield=289.0%', 'reasonable P/E: P/E=10.5']",['earnings not growing'],
BCP.LS,magic_formula,Magic Formula,False,0.0,[],['missing EBIT/EV or ROIC inputs'],
BCP.LS,acquirers_multiple,Acquirer's Multiple,False,0.0,[],['could not rank EV/EBIT'],
BCP.LS,dreman_contrarian,Dreman Contrarian,True,0.6172,"['low P/E rank 87%', 'dividend rank 51%']",['P/B not cheap vs universe'],
BCP.LS,piotroski_f,Piotroski F-Score,False,0.3333,"['F-Score=3/9', 'positive net income', 'ROA improving', 'no share dilution']","['F-Score 3/9 below 7', 'positive operating cash flow', 'OCF > net income', 'leverage declining', 'current ratio improving', 'gross margin improving', 'asset turnover improving']","{'f_score': 3, 'max_score': 9, 'components': [{'name': 'positive net income', 'passed': True}, {'name': 'positive operating cash flow', 'passed': False}, {'name': 'ROA improving', 'passed': True}, {'name': 'OCF > net income', 'passed': False}, {'name': 'leverage declining', 'passed': False}, {'name': 'current ratio improving', 'passed': False}, {'name': 'no share dilution', 'passed': True}, {'name': 'gross margin improving', 'passed': False}, {'name': 'asset turnover improving', 'passed': False}]}"
BCP.LS,composite_value,Composite Value,False,0.4516,['top-tier on trailing_pe (percentile 76%)'],"['missing fcf_yield', 'missing ev_ebitda']",
BCP.LS,earnings_quality,Earnings Quality,False,0.0,[],"['weak free-cash conversion', 'operating cash below earnings', 'high accruals vs assets']",
BCP.LS,financial_health,Financial Health,False,0.4,"['leverage=6.3%', 'insufficient data — skipped']","['high debt to equity', 'weak liquidity', 'weak interest coverage']",
COR.LS,graham_defensive,Graham Defensive,False,0.75,"['P/B < 1.5 or P/E×P/B < 22.5: P/B=1.23', 'Current ratio >= 2: CR=2.36', 'Dividend payer: yield=513.00%']",['P/E >= 15'],
COR.LS,graham_enterprising,Graham Enterprising,False,0.6,"['P/E < 25: P/E=24.0', 'P/B < 3: P/B=1.23', 'Debt/equity < 100%: D/E=16%']","['ROE <= 8%', 'negative earnings growth']",
COR.LS,graham_net_net,Graham Net-Net,False,0.0,[],['missing NCAV (balance sheet data)'],
COR.LS,schloss,Schloss Low P/B,False,0.5,['D/E < 50.0%: D/E=16%'],['P/B too high'],
COR.LS,deep_value,Deep Value,False,0.5,['EV/EBITDA=7.3'],['P/B not below 1.0'],
COR.LS,earnings_yield,Earnings Yield,False,0.3477,['E/P=4.2% (P/E=24.0)'],['earnings yield 4.2% below 8%'],
COR.LS,fcf_yield,FCF Yield,True,1.0,['FCF yield=17.1%'],[],
COR.LS,low_pe_high_yield,Low P/E + High Yield,False,0.5,['yield=513.0%'],['P/E not below 12.0'],
COR.LS,lynch_peg,Lynch PEG,False,0.2,[],['missing or negative earnings growth'],
COR.LS,neff_pegy,Neff PEGY,True,0.9481,"['PEGY=0.05', 'growth=-51.6%', 'yield=513.0%']",[],
COR.LS,quality_value,Quality Value,False,0.6,"['Profit margin >= 5%: margin=5.3%', 'Debt/equity < 80%: D/E=16%', 'FCF yield >= 3%: FCF yield=17.1%']","['ROE below 12%', 'P/E >= 20']",
COR.LS,buffett_quality,Buffett Quality,False,0.5,"['D/E < 60.0%: D/E=16%', 'P/E < 25.0: P/E=24.0']","['ROE too low', 'thin margins']",
COR.LS,economic_moat,Economic Moat,False,0.25,['low leverage D/E=16%'],"['ROE below 18%', 'ROA below 8%', 'margins below 12%']",
COR.LS,high_dividend,High Dividend Yield,True,0.8333,"['yield=513.0%', 'universe rank 83%']",[],
COR.LS,dividend_growth,Dividend Growth,True,0.6667,"['dividend payer: yield=513.0%', 'reasonable P/E: P/E=24.0']",['earnings not growing'],
COR.LS,magic_formula,Magic Formula,True,0.559,['earnings yield rank 76%'],[],
COR.LS,acquirers_multiple,Acquirer's Multiple,False,0.7134,"['EV/EBIT=12.7', 'universe rank 71%']",['EV/EBIT 12.7 above 12.0'],
COR.LS,dreman_contrarian,Dreman Contrarian,False,0.6632,"['low P/B rank 80%', 'dividend rank 83%']",['P/E not in bottom quartile'],
COR.LS,piotroski_f,Piotroski F-Score,False,0.6667,"['F-Score=6/9', 'positive net income', 'leverage declining', 'current ratio improving', 'no share dilution', 'gross margin improving', 'asset turnover improving']","['F-Score 6/9 below 7', 'positive operating cash flow', 'ROA improving', 'OCF > net income']","{'f_score': 6, 'max_score': 9, 'components': [{'name': 'positive net income', 'passed': True}, {'name': 'positive operating cash flow', 'passed': False}, {'name': 'ROA improving', 'passed': False}, {'name': 'OCF > net income', 'passed': False}, {'name': 'leverage declining', 'passed': True}, {'name': 'current ratio improving', 'passed': True}, {'name': 'no share dilution', 'passed': True}, {'name': 'gross margin improving', 'passed': True}, {'name': 'asset turnover improving', 'passed': True}]}"
COR.LS,composite_value,Composite Value,True,0.754,"['top-tier on dividend_yield (percentile 83%)', 'top-tier on fcf_yield (percentile 95%)', 'top-tier on ev_ebitda (percentile 83%)']",[],
COR.LS,earnings_quality,Earnings Quality,False,0.3333,['FCF/NI=2.72'],"['operating cash below earnings', 'high accruals vs assets']",
COR.LS,financial_health,Financial Health,True,1.0,"['D/E=16%', 'leverage=11.6%', 'CR=3.09', 'ratio=0.4', 'coverage=14.1x']",[],
CTT.LS,graham_defensive,Graham Defensive,False,0.25,['Dividend payer: yield=321.00%'],"['P/E >= 15', 'valuation too rich on P/B or P/E×P/B', 'current ratio < 2']",
CTT.LS,graham_enterprising,Graham Enterprising,False,0.6,"['P/E < 25: P/E=18.7', 'P/B < 3: P/B=2.46', 'ROE > 8%: ROE=13.2%']","['excessive leverage', 'negative earnings growth']",
CTT.LS,graham_net_net,Graham Net-Net,False,0.0,[],['missing NCAV (balance sheet data)'],
CTT.LS,schloss,Schloss Low P/B,False,0.0,[],"['P/B too high', 'too much leverage']",
CTT.LS,deep_value,Deep Value,False,0.5,['EV/EBITDA=-7.1'],['P/B not below 1.0'],
CTT.LS,earnings_yield,Earnings Yield,False,0.4454,['E/P=5.3% (P/E=18.7)'],['earnings yield 5.3% below 8%'],
CTT.LS,fcf_yield,FCF Yield,True,1.0,['FCF yield=10.9%'],[],
CTT.LS,low_pe_high_yield,Low P/E + High Yield,False,0.5,['yield=321.0%'],['P/E not below 12.0'],
CTT.LS,lynch_peg,Lynch PEG,False,0.2,[],['missing or negative earnings growth'],
CTT.LS,neff_pegy,Neff PEGY,True,0.931,"['PEGY=0.07', 'growth=-50.0%', 'yield=321.0%']",[],
CTT.LS,quality_value,Quality Value,False,0.6,"['ROE >= 12%: ROE=13.2%', 'P/E < 20: P/E=18.7', 'FCF yield >= 3%: FCF yield=10.9%']","['thin margins', 'high leverage']",
CTT.LS,buffett_quality,Buffett Quality,False,0.25,['P/E < 25.0: P/E=18.7'],"['ROE too low', 'too much debt', 'thin margins']",
CTT.LS,economic_moat,Economic Moat,False,0.0,[],"['ROE below 18%', 'ROA below 8%', 'margins below 12%', 'leverage too high']",
CTT.LS,high_dividend,High Dividend Yield,False,0.5625,"['yield=321.0%', 'universe rank 56%']",['not in top quartile for yield'],
CTT.LS,dividend_growth,Dividend Growth,True,0.6667,"['dividend payer: yield=321.0%', 'reasonable P/E: P/E=18.7']",['earnings not growing'],
CTT.LS,magic_formula,Magic Formula,False,0.1966,[],['below top half on combined Magic Formula rank'],
CTT.LS,acquirers_multiple,Acquirer's Multiple,True,0.9756,"['EV/EBIT=-7.6', 'universe rank 98%']",[],
CTT.LS,dreman_contrarian,Dreman Contrarian,False,0.4991,['dividend rank 56%'],"['P/E not in bottom quartile', 'P/B not cheap vs universe']",
CTT.LS,piotroski_f,Piotroski F-Score,False,0.5556,"['F-Score=5/9', 'positive net income', 'ROA improving', 'no share dilution', 'gross margin improving', 'asset turnover improving']","['F-Score 5/9 below 7', 'positive operating cash flow', 'OCF > net income', 'leverage declining', 'current ratio improving']","{'f_score': 5, 'max_score': 9, 'components': [{'name': 'positive net income', 'passed': True}, {'name': 'positive operating cash flow', 'passed': False}, {'name': 'ROA improving', 'passed': True}, {'name': 'OCF > net income', 'passed': False}, {'name': 'leverage declining', 'passed': False}, {'name': 'current ratio improving', 'passed': False}, {'name': 'no share dilution', 'passed': True}, {'name': 'gross margin improving', 'passed': True}, {'name': 'asset turnover improving', 'passed': True}]}"
CTT.LS,composite_value,Composite Value,True,0.8025,"['top-tier on price_to_book (percentile 75%)', 'top-tier on dividend_yield (percentile 75%)', 'top-tier on fcf_yield (percentile 95%)', 'top-tier on ev_ebitda (percentile 100%)']",[],
CTT.LS,earnings_quality,Earnings Quality,False,0.3333,['FCF/NI=1.63'],"['operating cash below earnings', 'high accruals vs assets']",
CTT.LS,financial_health,Financial Health,False,0.6,"['leverage=9.0%', 'ratio=-14.5', 'coverage=5.5x']","['high debt to equity', 'weak liquidity']",
EDPR.LS,graham_defensive,Graham Defensive,False,0.5,"['P/B < 1.5 or P/E×P/B < 22.5: P/B=1.25', 'Dividend payer: yield=99.00%']","['P/E >= 15', 'current ratio < 2']",
EDPR.LS,graham_enterprising,Graham Enterprising,False,0.4,"['P/B < 3: P/B=1.25', 'Debt/equity < 100%: D/E=82%']","['P/E >= 25', 'ROE <= 8%', 'negative earnings growth']",
EDPR.LS,graham_net_net,Graham Net-Net,False,0.0,[],['missing NCAV (balance sheet data)'],
EDPR.LS,schloss,Schloss Low P/B,False,0.0,[],"['P/B too high', 'too much leverage']",
EDPR.LS,deep_value,Deep Value,False,0.0,[],"['P/B not below 1.0', 'EV/EBITDA not below 8']",
EDPR.LS,earnings_yield,Earnings Yield,False,0.2298,['E/P=2.8% (P/E=36.3)'],['earnings yield 2.8% below 8%'],
EDPR.LS,fcf_yield,FCF Yield,False,0.0,['FCF yield=-24.4%'],['FCF yield -24.4% below 5%'],
EDPR.LS,low_pe_high_yield,Low P/E + High Yield,False,0.5,['yield=99.0%'],['P/E not below 12.0'],
EDPR.LS,lynch_peg,Lynch PEG,False,0.0,"['PEG=nan', 'growth=nan%']",[],
EDPR.LS,neff_pegy,Neff PEGY,False,0.0,"['PEGY=nan', 'growth=nan%', 'yield=99.0%']",['PEGY nan >= 1.0'],
EDPR.LS,quality_value,Quality Value,False,0.2,['Profit margin >= 5%: margin=13.9%'],"['ROE below 12%', 'high leverage', 'P/E >= 20', 'FCF yield below 3%']",
EDPR.LS,buffett_quality,Buffett Quality,False,0.25,['margin >= 8%: margin=13.9%'],"['ROE too low', 'too much debt', 'P/E too high']",
EDPR.LS,economic_moat,Economic Moat,False,0.25,['wide margin=13.9%'],"['ROE below 18%', 'ROA below 8%', 'leverage too high']",
EDPR.LS,high_dividend,High Dividend Yield,False,0.1719,"['yield=99.0%', 'universe rank 17%']",['not in top quartile for yield'],
EDPR.LS,dividend_growth,Dividend Growth,False,0.3333,['dividend payer: yield=99.0%'],"['earnings not growing', 'P/E out of range']",
EDPR.LS,magic_formula,Magic Formula,False,0.1934,[],['below top half on combined Magic Formula rank'],
EDPR.LS,acquirers_multiple,Acquirer's Multiple,False,0.2256,"['EV/EBIT=27.6', 'universe rank 23%']","['EV/EBIT 27.6 above 12.0', 'not in top 40% cheapest on EV/EBIT']",
EDPR.LS,dreman_contrarian,Dreman Contrarian,False,0.3671,['low P/B rank 78%'],"['P/E not in bottom quartile', 'dividend yield below median']",
EDPR.LS,piotroski_f,Piotroski F-Score,False,0.5556,"['F-Score=5/9', 'positive net income', 'ROA improving', 'current ratio improving', 'gross margin improving', 'asset turnover improving']","['F-Score 5/9 below 7', 'positive operating cash flow', 'OCF > net income', 'leverage declining', 'no share dilution']","{'f_score': 5, 'max_score': 9, 'components': [{'name': 'positive net income', 'passed': True}, {'name': 'positive operating cash flow', 'passed': False}, {'name': 'ROA improving', 'passed': True}, {'name': 'OCF > net income', 'passed': False}, {'name': 'leverage declining', 'passed': False}, {'name': 'current ratio improving', 'passed': True}, {'name': 'no share dilution', 'passed': False}, {'name': 'gross margin improving', 'passed': True}, {'name': 'asset turnover improving', 'passed': True}]}"
EDPR.LS,composite_value,Composite Value,False,0.25,['top-tier on price_to_book (percentile 88%)'],[],
EDPR.LS,earnings_quality,Earnings Quality,False,0.0,[],"['weak free-cash conversion', 'operating cash below earnings', 'high accruals vs assets']",
EDPR.LS,financial_health,Financial Health,False,0.2,['leverage=33.8%'],"['high debt to equity', 'weak liquidity', 'high net debt/EBITDA', 'weak interest coverage']",
EDP.LS,graham_defensive,Graham Defensive,False,0.25,['Dividend payer: yield=425.00%'],"['P/E >= 15', 'valuation too rich on P/B or P/E×P/B', 'current ratio < 2']",
EDP.LS,graham_enterprising,Graham Enterprising,True,0.8,"['P/E < 25: P/E=16.4', 'P/B < 3: P/B=1.63', 'ROE > 8%: ROE=8.9%', 'Positive earnings growth: growth=28.6%']",['excessive leverage'],
EDP.LS,graham_net_net,Graham Net-Net,False,0.0,[],['missing NCAV (balance sheet data)'],
EDP.LS,schloss,Schloss Low P/B,False,0.0,[],"['P/B too high', 'too much leverage']",
EDP.LS,deep_value,Deep Value,False,0.0,[],"['P/B not below 1.0', 'EV/EBITDA not below 8']",
EDP.LS,earnings_yield,Earnings Yield,False,0.5071,['E/P=6.1% (P/E=16.4)'],['earnings yield 6.1% below 8%'],
EDP.LS,fcf_yield,FCF Yield,False,0.0,['FCF yield=-4.8%'],['FCF yield -4.8% below 5%'],
EDP.LS,low_pe_high_yield,Low P/E + High Yield,False,0.5,['yield=425.0%'],['P/E not below 12.0'],
EDP.LS,lynch_peg,Lynch PEG,True,0.4254,"['PEG=0.57', 'growth=28.6%']",[],
EDP.LS,neff_pegy,Neff PEGY,True,0.9638,"['PEGY=0.04', 'growth=28.6%', 'yield=425.0%']",[],
EDP.LS,quality_value,Quality Value,False,0.4,"['Profit margin >= 5%: margin=7.5%', 'P/E < 20: P/E=16.4']","['ROE below 12%', 'high leverage', 'FCF yield below 3%']",
EDP.LS,buffett_quality,Buffett Quality,False,0.25,['P/E < 25.0: P/E=16.4'],"['ROE too low', 'too much debt', 'thin margins']",
EDP.LS,economic_moat,Economic Moat,False,0.0,[],"['ROE below 18%', 'ROA below 8%', 'margins below 12%', 'leverage too high']",
EDP.LS,high_dividend,High Dividend Yield,False,0.7396,"['yield=425.0%', 'universe rank 74%']",['not in top quartile for yield'],
EDP.LS,dividend_growth,Dividend Growth,True,1.0,"['dividend payer: yield=425.0%', 'earnings growth: growth=28.6%', 'reasonable P/E: P/E=16.4']",[],
EDP.LS,magic_formula,Magic Formula,False,0.3827,['earnings yield rank 55%'],['below top half on combined Magic Formula rank'],
EDP.LS,acquirers_multiple,Acquirer's Multiple,False,0.5122,"['EV/EBIT=18.7', 'universe rank 51%']","['EV/EBIT 18.7 above 12.0', 'not in top 40% cheapest on EV/EBIT']",
EDP.LS,dreman_contrarian,Dreman Contrarian,False,0.6457,"['low P/B rank 63%', 'dividend rank 74%']",['P/E not in bottom quartile'],
EDP.LS,piotroski_f,Piotroski F-Score,True,0.7778,"['F-Score=7/9', 'positive net income', 'positive operating cash flow', 'ROA improving', 'OCF > net income', 'current ratio improving', 'no share dilution', 'asset turnover improving']","['leverage declining', 'gross margin improving']","{'f_score': 7, 'max_score': 9, 'components': [{'name': 'positive net income', 'passed': True}, {'name': 'positive operating cash flow', 'passed': True}, {'name': 'ROA improving', 'passed': True}, {'name': 'OCF > net income', 'passed': True}, {'name': 'leverage declining', 'passed': False}, {'name': 'current ratio improving', 'passed': True}, {'name': 'no share dilution', 'passed': True}, {'name': 'gross margin improving', 'passed': False}, {'name': 'asset turnover improving', 'passed': True}]}"
EDP.LS,composite_value,Composite Value,False,0.5187,['top-tier on trailing_pe (percentile 75%)'],[],
EDP.LS,earnings_quality,Earnings Quality,False,0.6667,"['OCF/NI=2.84', 'ratio=-3.86%']",['weak free-cash conversion'],
EDP.LS,financial_health,Financial Health,False,0.4,"['leverage=43.0%', 'CR=1.15']","['high debt to equity', 'high net debt/EBITDA', 'weak interest coverage']",
GALP.LS,graham_defensive,Graham Defensive,False,0.5,"['P/E < 15: P/E=14.9', 'Dividend payer: yield=311.00%']","['valuation too rich on P/B or P/E×P/B', 'current ratio < 2']",
GALP.LS,graham_enterprising,Graham Enterprising,False,0.8,"['P/E < 25: P/E=14.9', 'Debt/equity < 100%: D/E=81%', 'ROE > 8%: ROE=24.9%', 'Positive earnings growth: growth=134.6%']",['P/B >= 3'],
GALP.LS,graham_net_net,Graham Net-Net,False,0.0,[],['missing NCAV (balance sheet data)'],
GALP.LS,schloss,Schloss Low P/B,False,0.0,[],"['P/B too high', 'too much leverage']",
GALP.LS,deep_value,Deep Value,False,0.5,['EV/EBITDA=5.7'],['P/B not below 1.0'],
GALP.LS,earnings_yield,Earnings Yield,False,0.5583,['E/P=6.7% (P/E=14.9)'],['earnings yield 6.7% below 8%'],
GALP.LS,fcf_yield,FCF Yield,True,1.0,['FCF yield=12.4%'],[],
GALP.LS,low_pe_high_yield,Low P/E + High Yield,False,0.5,['yield=311.0%'],['P/E not below 12.0'],
GALP.LS,lynch_peg,Lynch PEG,True,0.8891,"['PEG=0.11', 'growth=134.6%']",[],
GALP.LS,neff_pegy,Neff PEGY,True,0.9665,"['PEGY=0.03', 'growth=134.6%', 'yield=311.0%']",[],
GALP.LS,quality_value,Quality Value,True,0.8,"['ROE >= 12%: ROE=24.9%', 'Profit margin >= 5%: margin=5.1%', 'P/E < 20: P/E=14.9', 'FCF yield >= 3%: FCF yield=12.4%']",['high leverage'],
GALP.LS,buffett_quality,Buffett Quality,False,0.5,"['ROE >= 15%: ROE=24.9%', 'P/E < 25.0: P/E=14.9']","['too much debt', 'thin margins']",
GALP.LS,economic_moat,Economic Moat,False,0.25,['high ROE=24.9%'],"['ROA below 8%', 'margins below 12%', 'leverage too high']",
GALP.LS,high_dividend,High Dividend Yield,False,0.5208,"['yield=311.0%', 'universe rank 52%']",['not in top quartile for yield'],
GALP.LS,dividend_growth,Dividend Growth,True,1.0,"['dividend payer: yield=311.0%', 'earnings growth: growth=134.6%', 'reasonable P/E: P/E=14.9']",[],
GALP.LS,magic_formula,Magic Formula,True,0.8675,"['earnings yield rank 94%', 'ROIC rank 80%']",[],
GALP.LS,acquirers_multiple,Acquirer's Multiple,True,0.8963,"['EV/EBIT=8.9', 'universe rank 90%']",[],
GALP.LS,dreman_contrarian,Dreman Contrarian,False,0.4974,['dividend rank 52%'],"['P/E not in bottom quartile', 'P/B not cheap vs universe']",
GALP.LS,piotroski_f,Piotroski F-Score,False,0.6667,"['F-Score=6/9', 'positive net income', 'positive operating cash flow', 'ROA improving', 'OCF > net income', 'no share dilution', 'asset turnover improving']","['F-Score 6/9 below 7', 'leverage declining', 'current ratio improving', 'gross margin improving']","{'f_score': 6, 'max_score': 9, 'components': [{'name': 'positive net income', 'passed': True}, {'name': 'positive operating cash flow', 'passed': True}, {'name': 'ROA improving', 'passed': True}, {'name': 'OCF > net income', 'passed': True}, {'name': 'leverage declining', 'passed': False}, {'name': 'current ratio improving', 'passed': False}, {'name': 'no share dilution', 'passed': True}, {'name': 'gross margin improving', 'passed': False}, {'name': 'asset turnover improving', 'passed': True}]}"
GALP.LS,composite_value,Composite Value,False,0.4417,[],[],
GALP.LS,earnings_quality,Earnings Quality,True,1.0,"['FCF/NI=1.76', 'OCF/NI=1.25', 'ratio=-1.85%']",[],
GALP.LS,financial_health,Financial Health,False,0.8,"['leverage=32.0%', 'CR=1.68', 'ratio=0.7', 'coverage=14.9x']",['high debt to equity'],
IBS.LS,graham_defensive,Graham Defensive,False,0.5,"['P/B < 1.5 or P/E×P/B < 22.5: P/B=1.38', 'Dividend payer: yield=709.00%']","['P/E >= 15', 'current ratio < 2']",
IBS.LS,graham_enterprising,Graham Enterprising,False,0.2,['P/B < 3: P/B=1.38'],"['P/E >= 25', 'excessive leverage', 'ROE <= 8%', 'negative earnings growth']",
IBS.LS,graham_net_net,Graham Net-Net,False,0.0,[],['missing NCAV (balance sheet data)'],
IBS.LS,schloss,Schloss Low P/B,False,0.0,[],"['P/B too high', 'too much leverage']",
IBS.LS,deep_value,Deep Value,False,0.0,[],"['P/B not below 1.0', 'EV/EBITDA not below 8']",
IBS.LS,earnings_yield,Earnings Yield,False,0.2778,['E/P=3.3% (P/E=30.0)'],['earnings yield 3.3% below 8%'],
IBS.LS,fcf_yield,FCF Yield,True,1.0,['FCF yield=21.0%'],[],
IBS.LS,low_pe_high_yield,Low P/E + High Yield,False,0.5,['yield=709.0%'],['P/E not below 12.0'],
IBS.LS,lynch_peg,Lynch PEG,False,0.2,[],['missing or negative earnings growth'],
IBS.LS,neff_pegy,Neff PEGY,True,0.9543,"['PEGY=0.05', 'growth=-52.7%', 'yield=709.0%']",[],
IBS.LS,quality_value,Quality Value,False,0.2,['FCF yield >= 3%: FCF yield=21.0%'],"['ROE below 12%', 'thin margins', 'high leverage', 'P/E >= 20']",
IBS.LS,buffett_quality,Buffett Quality,False,0.0,[],"['ROE too low', 'too much debt', 'thin margins', 'P/E too high']",
IBS.LS,economic_moat,Economic Moat,False,0.0,[],"['ROE below 18%', 'ROA below 8%', 'margins below 12%', 'leverage too high']",
IBS.LS,high_dividend,High Dividend Yield,True,0.9479,"['yield=709.0%', 'universe rank 95%']",[],
IBS.LS,dividend_growth,Dividend Growth,False,0.3333,['dividend payer: yield=709.0%'],"['earnings not growing', 'P/E out of range']",
IBS.LS,magic_formula,Magic Formula,False,0.2676,[],['below top half on combined Magic Formula rank'],
IBS.LS,acquirers_multiple,Acquirer's Multiple,False,0.2622,"['EV/EBIT=25.8', 'universe rank 26%']","['EV/EBIT 25.8 above 12.0', 'not in top 40% cheapest on EV/EBIT']",
IBS.LS,dreman_contrarian,Dreman Contrarian,False,0.6406,"['low P/B rank 76%', 'dividend rank 95%']",['P/E not in bottom quartile'],
IBS.LS,piotroski_f,Piotroski F-Score,False,0.6667,"['F-Score=6/9', 'positive net income', 'ROA improving', 'current ratio improving', 'no share dilution', 'gross margin improving', 'asset turnover improving']","['F-Score 6/9 below 7', 'positive operating cash flow', 'OCF > net income', 'leverage declining']","{'f_score': 6, 'max_score': 9, 'components': [{'name': 'positive net income', 'passed': True}, {'name': 'positive operating cash flow', 'passed': False}, {'name': 'ROA improving', 'passed': True}, {'name': 'OCF > net income', 'passed': False}, {'name': 'leverage declining', 'passed': False}, {'name': 'current ratio improving', 'passed': True}, {'name': 'no share dilution', 'passed': True}, {'name': 'gross margin improving', 'passed': True}, {'name': 'asset turnover improving', 'passed': True}]}"
IBS.LS,composite_value,Composite Value,False,0.6057,"['top-tier on price_to_book (percentile 76%)', 'top-tier on dividend_yield (percentile 76%)', 'top-tier on fcf_yield (percentile 82%)']",[],
IBS.LS,earnings_quality,Earnings Quality,False,0.3333,['FCF/NI=5.42'],"['operating cash below earnings', 'high accruals vs assets']",
IBS.LS,financial_health,Financial Health,False,0.2,['leverage=41.8%'],"['high debt to equity', 'weak liquidity', 'high net debt/EBITDA', 'weak interest coverage']",
JMT.LS,graham_defensive,Graham Defensive,False,0.25,['Dividend payer: yield=384.00%'],"['P/E >= 15', 'valuation too rich on P/B or P/E×P/B', 'current ratio < 2']",
JMT.LS,graham_enterprising,Graham Enterprising,False,0.4,"['P/E < 25: P/E=16.8', 'ROE > 8%: ROE=20.0%']","['P/B >= 3', 'excessive leverage', 'negative earnings growth']",
JMT.LS,graham_net_net,Graham Net-Net,False,0.0,[],['missing NCAV (balance sheet data)'],
JMT.LS,schloss,Schloss Low P/B,False,0.0,[],"['P/B too high', 'too much leverage']",
JMT.LS,deep_value,Deep Value,False,0.5,['EV/EBITDA=7.6'],['P/B not below 1.0'],
JMT.LS,earnings_yield,Earnings Yield,False,0.4974,['E/P=6.0% (P/E=16.8)'],['earnings yield 6.0% below 8%'],
JMT.LS,fcf_yield,FCF Yield,True,0.654,['FCF yield=6.5%'],[],
JMT.LS,low_pe_high_yield,Low P/E + High Yield,False,0.5,['yield=384.0%'],['P/E not below 12.0'],
JMT.LS,lynch_peg,Lynch PEG,False,0.2,[],['missing or negative earnings growth'],
JMT.LS,neff_pegy,Neff PEGY,True,0.9563,"['PEGY=0.04', 'growth=-0.5%', 'yield=384.0%']",[],
JMT.LS,quality_value,Quality Value,False,0.6,"['ROE >= 12%: ROE=20.0%', 'P/E < 20: P/E=16.8', 'FCF yield >= 3%: FCF yield=6.5%']","['thin margins', 'high leverage']",
JMT.LS,buffett_quality,Buffett Quality,False,0.5,"['ROE >= 15%: ROE=20.0%', 'P/E < 25.0: P/E=16.8']","['too much debt', 'thin margins']",
JMT.LS,economic_moat,Economic Moat,False,0.25,['high ROE=20.0%'],"['ROA below 8%', 'margins below 12%', 'leverage too high']",
JMT.LS,high_dividend,High Dividend Yield,False,0.6771,"['yield=384.0%', 'universe rank 68%']",['not in top quartile for yield'],
JMT.LS,dividend_growth,Dividend Growth,True,0.6667,"['dividend payer: yield=384.0%', 'reasonable P/E: P/E=16.8']",['earnings not growing'],
JMT.LS,magic_formula,Magic Formula,True,0.7356,"['earnings yield rank 78%', 'ROIC rank 69%']",[],
JMT.LS,acquirers_multiple,Acquirer's Multiple,False,0.7378,"['EV/EBIT=12.4', 'universe rank 74%']",['EV/EBIT 12.4 above 12.0'],
JMT.LS,dreman_contrarian,Dreman Contrarian,False,0.5315,['dividend rank 68%'],"['P/E not in bottom quartile', 'P/B not cheap vs universe']",
JMT.LS,piotroski_f,Piotroski F-Score,False,0.6667,"['F-Score=6/9', 'positive net income', 'positive operating cash flow', 'OCF > net income', 'current ratio improving', 'no share dilution', 'gross margin improving']","['F-Score 6/9 below 7', 'ROA improving', 'leverage declining', 'asset turnover improving']","{'f_score': 6, 'max_score': 9, 'components': [{'name': 'positive net income', 'passed': True}, {'name': 'positive operating cash flow', 'passed': True}, {'name': 'ROA improving', 'passed': False}, {'name': 'OCF > net income', 'passed': True}, {'name': 'leverage declining', 'passed': False}, {'name': 'current ratio improving', 'passed': True}, {'name': 'no share dilution', 'passed': True}, {'name': 'gross margin improving', 'passed': True}, {'name': 'asset turnover improving', 'passed': False}]}"
JMT.LS,composite_value,Composite Value,False,0.6409,"['top-tier on dividend_yield (percentile 79%)', 'top-tier on ev_ebitda (percentile 93%)']",[],
JMT.LS,earnings_quality,Earnings Quality,True,1.0,"['FCF/NI=1.08', 'OCF/NI=3.75', 'ratio=-10.43%']",[],
JMT.LS,financial_health,Financial Health,False,0.6,"['leverage=32.7%', 'ratio=2.2', 'coverage=3.4x']","['high debt to equity', 'weak liquidity']",
EGL.LS,graham_defensive,Graham Defensive,False,0.5,"['P/E < 15: P/E=9.7', 'Dividend payer: yield=358.00%']","['valuation too rich on P/B or P/E×P/B', 'current ratio < 2']",
EGL.LS,graham_enterprising,Graham Enterprising,False,0.6,"['P/E < 25: P/E=9.7', 'ROE > 8%: ROE=28.9%', 'Positive earnings growth: growth=22.4%']","['P/B >= 3', 'excessive leverage']",
EGL.LS,graham_net_net,Graham Net-Net,False,0.0,[],['missing NCAV (balance sheet data)'],
EGL.LS,schloss,Schloss Low P/B,False,0.0,[],"['P/B too high', 'too much leverage']",
EGL.LS,deep_value,Deep Value,False,0.5,['EV/EBITDA=6.0'],['P/B not below 1.0'],
EGL.LS,earnings_yield,Earnings Yield,True,0.8606,['E/P=10.3% (P/E=9.7)'],[],
EGL.LS,fcf_yield,FCF Yield,False,0.0,['FCF yield=-11.9%'],['FCF yield -11.9% below 5%'],
EGL.LS,low_pe_high_yield,Low P/E + High Yield,True,1.0,"['P/E=9.7', 'yield=358.0%']",[],
EGL.LS,lynch_peg,Lynch PEG,True,0.5677,"['PEG=0.43', 'growth=22.4%']",[],
EGL.LS,neff_pegy,Neff PEGY,True,0.9745,"['PEGY=0.03', 'growth=22.4%', 'yield=358.0%']",[],
EGL.LS,quality_value,Quality Value,False,0.4,"['ROE >= 12%: ROE=28.9%', 'P/E < 20: P/E=9.7']","['thin margins', 'high leverage', 'FCF yield below 3%']",
EGL.LS,buffett_quality,Buffett Quality,False,0.5,"['ROE >= 15%: ROE=28.9%', 'P/E < 25.0: P/E=9.7']","['too much debt', 'thin margins']",
EGL.LS,economic_moat,Economic Moat,False,0.25,['high ROE=28.9%'],"['ROA below 8%', 'margins below 12%', 'leverage too high']",
EGL.LS,high_dividend,High Dividend Yield,False,0.6302,"['yield=358.0%', 'universe rank 63%']",['not in top quartile for yield'],
EGL.LS,dividend_growth,Dividend Growth,True,1.0,"['dividend payer: yield=358.0%', 'earnings growth: growth=22.4%', 'reasonable P/E: P/E=9.7']",[],
EGL.LS,magic_formula,Magic Formula,True,0.8013,"['earnings yield rank 95%', 'ROIC rank 65%']",[],
EGL.LS,acquirers_multiple,Acquirer's Multiple,True,0.9085,"['EV/EBIT=8.3', 'universe rank 91%']",[],
EGL.LS,dreman_contrarian,Dreman Contrarian,True,0.6144,"['low P/E rank 90%', 'dividend rank 63%']",['P/B not cheap vs universe'],
EGL.LS,piotroski_f,Piotroski F-Score,False,0.3333,"['F-Score=3/9', 'positive net income', 'current ratio improving', 'gross margin improving']","['F-Score 3/9 below 7', 'positive operating cash flow', 'ROA improving', 'OCF > net income', 'leverage declining', 'no share dilution', 'asset turnover improving']","{'f_score': 3, 'max_score': 9, 'components': [{'name': 'positive net income', 'passed': True}, {'name': 'positive operating cash flow', 'passed': False}, {'name': 'ROA improving', 'passed': False}, {'name': 'OCF > net income', 'passed': False}, {'name': 'leverage declining', 'passed': False}, {'name': 'current ratio improving', 'passed': True}, {'name': 'no share dilution', 'passed': False}, {'name': 'gross margin improving', 'passed': True}, {'name': 'asset turnover improving', 'passed': False}]}"
EGL.LS,composite_value,Composite Value,True,0.6575,"['top-tier on trailing_pe (percentile 98%)', 'top-tier on dividend_yield (percentile 88%)', 'top-tier on ev_ebitda (percentile 92%)']",[],
EGL.LS,earnings_quality,Earnings Quality,False,0.0,[],"['weak free-cash conversion', 'operating cash below earnings', 'high accruals vs assets']",
EGL.LS,financial_health,Financial Health,False,0.4,"['leverage=36.8%', 'ratio=3.3']","['high debt to equity', 'weak liquidity', 'weak interest coverage']",
NOS.LS,graham_defensive,Graham Defensive,False,0.5,"['P/E < 15: P/E=10.2', 'Dividend payer: yield=833.00%']","['valuation too rich on P/B or P/E×P/B', 'current ratio < 2']",
NOS.LS,graham_enterprising,Graham Enterprising,True,0.8,"['P/E < 25: P/E=10.2', 'P/B < 3: P/B=2.63', 'ROE > 8%: ROE=26.4%', 'Positive earnings growth: growth=36.4%']",['excessive leverage'],
NOS.LS,graham_net_net,Graham Net-Net,False,0.0,[],['missing NCAV (balance sheet data)'],
NOS.LS,schloss,Schloss Low P/B,False,0.0,[],"['P/B too high', 'too much leverage']",
NOS.LS,deep_value,Deep Value,False,0.5,['EV/EBITDA=7.0'],['P/B not below 1.0'],
NOS.LS,earnings_yield,Earnings Yield,True,0.8207,['E/P=9.8% (P/E=10.2)'],[],
NOS.LS,fcf_yield,FCF Yield,True,0.9419,['FCF yield=9.4%'],[],
NOS.LS,low_pe_high_yield,Low P/E + High Yield,True,1.0,"['P/E=10.2', 'yield=833.0%']",[],
NOS.LS,lynch_peg,Lynch PEG,True,0.721,"['PEG=0.28', 'growth=36.4%']",[],
NOS.LS,neff_pegy,Neff PEGY,True,0.9883,"['PEGY=0.01', 'growth=36.4%', 'yield=833.0%']",[],
NOS.LS,quality_value,Quality Value,True,0.8,"['ROE >= 12%: ROE=26.4%', 'Profit margin >= 5%: margin=14.4%', 'P/E < 20: P/E=10.2', 'FCF yield >= 3%: FCF yield=9.4%']",['high leverage'],
NOS.LS,buffett_quality,Buffett Quality,True,0.75,"['ROE >= 15%: ROE=26.4%', 'margin >= 8%: margin=14.4%', 'P/E < 25.0: P/E=10.2']",['too much debt'],
NOS.LS,economic_moat,Economic Moat,False,0.5,"['high ROE=26.4%', 'wide margin=14.4%']","['ROA below 8%', 'leverage too high']",
NOS.LS,high_dividend,High Dividend Yield,True,0.9844,"['yield=833.0%', 'universe rank 98%']",[],
NOS.LS,dividend_growth,Dividend Growth,True,1.0,"['dividend payer: yield=833.0%', 'earnings growth: growth=36.4%', 'reasonable P/E: P/E=10.2']",[],
NOS.LS,magic_formula,Magic Formula,True,0.7882,"['earnings yield rank 87%', 'ROIC rank 71%']",[],
NOS.LS,acquirers_multiple,Acquirer's Multiple,True,0.8232,"['EV/EBIT=10.7', 'universe rank 82%']",[],
NOS.LS,dreman_contrarian,Dreman Contrarian,True,0.7631,"['low P/E rank 88%', 'dividend rank 98%']",['P/B not cheap vs universe'],
NOS.LS,piotroski_f,Piotroski F-Score,False,0.3333,"['F-Score=3/9', 'positive net income', 'no share dilution', 'asset turnover improving']","['F-Score 3/9 below 7', 'positive operating cash flow', 'ROA improving', 'OCF > net income', 'leverage declining', 'current ratio improving', 'gross margin improving']","{'f_score': 3, 'max_score': 9, 'components': [{'name': 'positive net income', 'passed': True}, {'name': 'positive operating cash flow', 'passed': False}, {'name': 'ROA improving', 'passed': False}, {'name': 'OCF > net income', 'passed': False}, {'name': 'leverage declining', 'passed': False}, {'name': 'current ratio improving', 'passed': False}, {'name': 'no share dilution', 'passed': True}, {'name': 'gross margin improving', 'passed': False}, {'name': 'asset turnover improving', 'passed': True}]}"
NOS.LS,composite_value,Composite Value,True,0.8333,"['top-tier on trailing_pe (percentile 100%)', 'top-tier on price_to_book (percentile 83%)', 'top-tier on dividend_yield (percentile 83%)', 'top-tier on ev_ebitda (percentile 100%)']",[],
NOS.LS,earnings_quality,Earnings Quality,False,0.3333,['FCF/NI=1.04'],"['operating cash below earnings', 'high accruals vs assets']",
NOS.LS,financial_health,Financial Health,False,0.6,"['leverage=47.2%', 'ratio=2.6', 'coverage=6.2x']","['high debt to equity', 'weak liquidity']",
NBA.LS,graham_defensive,Graham Defensive,False,0.0,[],"['P/E >= 15', 'valuation too rich on P/B or P/E×P/B', 'current ratio < 2', 'no dividend']",
NBA.LS,graham_enterprising,Graham Enterprising,False,0.4,"['Debt/equity < 100%: D/E=32%', 'ROE > 8%: ROE=21.4%']","['P/E >= 25', 'P/B >= 3', 'negative earnings growth']",
NBA.LS,graham_net_net,Graham Net-Net,False,0.0,[],['missing NCAV (balance sheet data)'],
NBA.LS,schloss,Schloss Low P/B,False,0.5,['D/E < 50.0%: D/E=32%'],['P/B too high'],
NBA.LS,deep_value,Deep Value,False,0.0,[],"['P/B not below 1.0', 'EV/EBITDA not below 8']",
NBA.LS,earnings_yield,Earnings Yield,False,0.2381,['E/P=2.9% (P/E=35.0)'],['earnings yield 2.9% below 8%'],
NBA.LS,fcf_yield,FCF Yield,True,1.0,['FCF yield=12.5%'],[],
NBA.LS,low_pe_high_yield,Low P/E + High Yield,False,0.0,[],"['P/E not below 12.0', 'yield below 4%']",
NBA.LS,lynch_peg,Lynch PEG,False,0.2,[],['missing or negative earnings growth'],
NBA.LS,neff_pegy,Neff PEGY,False,0.0,[],['no growth or dividend yield'],
NBA.LS,quality_value,Quality Value,False,0.6,"['ROE >= 12%: ROE=21.4%', 'Debt/equity < 80%: D/E=32%', 'FCF yield >= 3%: FCF yield=12.5%']","['thin margins', 'P/E >= 20']",
NBA.LS,buffett_quality,Buffett Quality,False,0.5,"['ROE >= 15%: ROE=21.4%', 'D/E < 60.0%: D/E=32%']","['thin margins', 'P/E too high']",
NBA.LS,economic_moat,Economic Moat,False,0.5,"['high ROE=21.4%', 'low leverage D/E=32%']","['ROA below 8%', 'margins below 12%']",
NBA.LS,high_dividend,High Dividend Yield,False,0.0,"['yield=0.0%', 'universe rank 0%']","['yield 0.0% below 3% floor', 'not in top quartile for yield']",
NBA.LS,dividend_growth,Dividend Growth,False,0.0,[],"['yield too low', 'earnings not growing', 'P/E out of range']",
NBA.LS,magic_formula,Magic Formula,True,0.5337,['ROIC rank 67%'],[],
NBA.LS,acquirers_multiple,Acquirer's Multiple,False,0.3537,"['EV/EBIT=22.6', 'universe rank 35%']","['EV/EBIT 22.6 above 12.0', 'not in top 40% cheapest on EV/EBIT']",
NBA.LS,dreman_contrarian,Dreman Contrarian,False,0.1029,[],"['P/E not in bottom quartile', 'P/B not cheap vs universe', 'dividend yield below median']",
NBA.LS,piotroski_f,Piotroski F-Score,False,0.4444,"['F-Score=4/9', 'positive net income', 'ROA improving', 'leverage declining', 'asset turnover improving']","['F-Score 4/9 below 7', 'positive operating cash flow', 'OCF > net income', 'current ratio improving', 'no share dilution', 'gross margin improving']","{'f_score': 4, 'max_score': 9, 'components': [{'name': 'positive net income', 'passed': True}, {'name': 'positive operating cash flow', 'passed': False}, {'name': 'ROA improving', 'passed': True}, {'name': 'OCF > net income', 'passed': False}, {'name': 'leverage declining', 'passed': True}, {'name': 'current ratio improving', 'passed': False}, {'name': 'no share dilution', 'passed': False}, {'name': 'gross margin improving', 'passed': False}, {'name': 'asset turnover improving', 'passed': True}]}"
NBA.LS,composite_value,Composite Value,False,0.4708,['top-tier on fcf_yield (percentile 92%)'],[],
NBA.LS,earnings_quality,Earnings Quality,False,0.3333,['FCF/NI=6.02'],"['operating cash below earnings', 'high accruals vs assets']",
NBA.LS,financial_health,Financial Health,True,1.0,"['D/E=32%', 'leverage=12.0%', 'CR=1.67', 'ratio=-1.9', 'coverage=13.9x']",[],
PHR.LS,graham_defensive,Graham Defensive,False,0.5,"['P/B < 1.5 or P/E×P/B < 22.5: P/B=0.78', 'Current ratio >= 2: CR=6.20']","['no positive trailing P/E', 'no dividend']",
PHR.LS,graham_enterprising,Graham Enterprising,False,0.2,['P/B < 3: P/B=0.78'],"['missing P/E', 'excessive leverage', 'ROE <= 8%', 'negative earnings growth']",
PHR.LS,graham_net_net,Graham Net-Net,False,0.0,[],['missing NCAV (balance sheet data)'],
PHR.LS,schloss,Schloss Low P/B,False,0.5,['P/B < 1.2: P/B=0.78'],['too much leverage'],
PHR.LS,deep_value,Deep Value,True,1.0,"['P/B=0.78', 'EV/EBITDA=-32.4']",[],
PHR.LS,earnings_yield,Earnings Yield,False,1.0,['E/P=nan% (P/E=nan)'],['earnings yield nan% below 8%'],
PHR.LS,fcf_yield,FCF Yield,False,0.0,['FCF yield=-0.8%'],['FCF yield -0.8% below 5%'],
PHR.LS,low_pe_high_yield,Low P/E + High Yield,False,0.0,[],"['P/E not below 12.0', 'yield below 4%']",
PHR.LS,lynch_peg,Lynch PEG,False,0.0,"['PEG=nan', 'growth=nan%']",[],
PHR.LS,neff_pegy,Neff PEGY,False,0.0,"['PEGY=nan', 'growth=nan%', 'yield=0.0%']",['PEGY nan >= 1.0'],
PHR.LS,quality_value,Quality Value,False,0.0,[],"['ROE below 12%', 'thin margins', 'high leverage', 'missing P/E', 'FCF yield below 3%']",
PHR.LS,buffett_quality,Buffett Quality,False,0.0,[],"['ROE too low', 'too much debt', 'thin margins', 'missing P/E']",
PHR.LS,economic_moat,Economic Moat,False,0.0,[],"['ROE below 18%', 'ROA below 8%', 'margins below 12%', 'leverage too high']",
PHR.LS,high_dividend,High Dividend Yield,False,0.0,"['yield=0.0%', 'universe rank 0%']","['yield 0.0% below 3% floor', 'not in top quartile for yield', 'no positive earnings']",
PHR.LS,dividend_growth,Dividend Growth,False,0.0,[],"['yield too low', 'earnings not growing', 'P/E out of range']",
PHR.LS,magic_formula,Magic Formula,False,0.0216,[],['below top half on combined Magic Formula rank'],
PHR.LS,acquirers_multiple,Acquirer's Multiple,False,0.0,[],['missing EV or EBIT'],
PHR.LS,dreman_contrarian,Dreman Contrarian,False,0.4663,['low P/B rank 93%'],['dividend yield below median'],
PHR.LS,piotroski_f,Piotroski F-Score,False,0.4444,"['F-Score=4/9', 'positive net income', 'leverage declining', 'current ratio improving', 'no share dilution']","['F-Score 4/9 below 7', 'positive operating cash flow', 'ROA improving', 'OCF > net income', 'gross margin improving', 'asset turnover improving']","{'f_score': 4, 'max_score': 9, 'components': [{'name': 'positive net income', 'passed': True}, {'name': 'positive operating cash flow', 'passed': False}, {'name': 'ROA improving', 'passed': False}, {'name': 'OCF > net income', 'passed': False}, {'name': 'leverage declining', 'passed': True}, {'name': 'current ratio improving', 'passed': True}, {'name': 'no share dilution', 'passed': True}, {'name': 'gross margin improving', 'passed': False}, {'name': 'asset turnover improving', 'passed': False}]}"
PHR.LS,composite_value,Composite Value,False,0.5333,"['top-tier on price_to_book (percentile 89%)', 'top-tier on ev_ebitda (percentile 100%)']",['missing trailing_pe'],
PHR.LS,earnings_quality,Earnings Quality,False,0.0,[],"['weak free-cash conversion', 'operating cash below earnings', 'high accruals vs assets']",
PHR.LS,financial_health,Financial Health,False,0.8,"['leverage=0.0%', 'CR=8.40', 'insufficient data — skipped', 'insufficient data — skipped']",['high debt to equity'],
RENE.LS,graham_defensive,Graham Defensive,False,0.75,"['P/E < 15: P/E=12.6', 'P/B < 1.5 or P/E×P/B < 22.5: P/B=1.50', 'Dividend payer: yield=452.00%']",['current ratio < 2'],
RENE.LS,graham_enterprising,Graham Enterprising,True,0.8,"['P/E < 25: P/E=12.6', 'P/B < 3: P/B=1.50', 'ROE > 8%: ROE=12.4%', 'Positive earnings growth: growth=12.5%']",['excessive leverage'],
RENE.LS,graham_net_net,Graham Net-Net,False,0.0,[],['missing NCAV (balance sheet data)'],
RENE.LS,schloss,Schloss Low P/B,False,0.0,[],"['P/B too high', 'too much leverage']",
RENE.LS,deep_value,Deep Value,False,0.0,[],"['P/B not below 1.0', 'EV/EBITDA not below 8']",
RENE.LS,earnings_yield,Earnings Yield,False,0.6629,['E/P=8.0% (P/E=12.6)'],['earnings yield 8.0% below 8%'],
RENE.LS,fcf_yield,FCF Yield,False,0.0563,['FCF yield=0.6%'],['FCF yield 0.6% below 5%'],
RENE.LS,low_pe_high_yield,Low P/E + High Yield,False,0.5,['yield=452.0%'],['P/E not below 12.0'],
RENE.LS,lynch_peg,Lynch PEG,False,0.0,"['PEG=1.01', 'growth=12.5%']",['PEG 1.01 >= 1.0'],
RENE.LS,neff_pegy,Neff PEGY,True,0.9729,"['PEGY=0.03', 'growth=12.5%', 'yield=452.0%']",[],
RENE.LS,quality_value,Quality Value,False,0.6,"['ROE >= 12%: ROE=12.4%', 'Profit margin >= 5%: margin=16.8%', 'P/E < 20: P/E=12.6']","['high leverage', 'FCF yield below 3%']",
RENE.LS,buffett_quality,Buffett Quality,False,0.5,"['margin >= 8%: margin=16.8%', 'P/E < 25.0: P/E=12.6']","['ROE too low', 'too much debt']",
RENE.LS,economic_moat,Economic Moat,False,0.25,['wide margin=16.8%'],"['ROE below 18%', 'ROA below 8%', 'leverage too high']",
RENE.LS,high_dividend,High Dividend Yield,True,0.7812,"['yield=452.0%', 'universe rank 78%']",[],
RENE.LS,dividend_growth,Dividend Growth,True,1.0,"['dividend payer: yield=452.0%', 'earnings growth: growth=12.5%', 'reasonable P/E: P/E=12.6']",[],
RENE.LS,magic_formula,Magic Formula,False,0.3809,['earnings yield rank 52%'],['below top half on combined Magic Formula rank'],
RENE.LS,acquirers_multiple,Acquirer's Multiple,False,0.4756,"['EV/EBIT=19.7', 'universe rank 48%']","['EV/EBIT 19.7 above 12.0', 'not in top 40% cheapest on EV/EBIT']",
RENE.LS,dreman_contrarian,Dreman Contrarian,True,0.7417,"['low P/B rank 70%', 'dividend rank 78%']",['P/E not in bottom quartile'],
RENE.LS,piotroski_f,Piotroski F-Score,False,0.5556,"['F-Score=5/9', 'positive net income', 'ROA improving', 'leverage declining', 'no share dilution', 'asset turnover improving']","['F-Score 5/9 below 7', 'positive operating cash flow', 'OCF > net income', 'current ratio improving', 'gross margin improving']","{'f_score': 5, 'max_score': 9, 'components': [{'name': 'positive net income', 'passed': True}, {'name': 'positive operating cash flow', 'passed': False}, {'name': 'ROA improving', 'passed': True}, {'name': 'OCF > net income', 'passed': False}, {'name': 'leverage declining', 'passed': True}, {'name': 'current ratio improving', 'passed': False}, {'name': 'no share dilution', 'passed': True}, {'name': 'gross margin improving', 'passed': False}, {'name': 'asset turnover improving', 'passed': True}]}"
RENE.LS,composite_value,Composite Value,True,0.7563,"['top-tier on trailing_pe (percentile 88%)', 'top-tier on price_to_book (percentile 75%)', 'top-tier on dividend_yield (percentile 75%)', 'top-tier on ev_ebitda (percentile 75%)']",[],
RENE.LS,earnings_quality,Earnings Quality,False,0.0,[],"['weak free-cash conversion', 'operating cash below earnings', 'high accruals vs assets']",
RENE.LS,financial_health,Financial Health,False,0.4,"['leverage=46.9%', 'coverage=3.9x']","['high debt to equity', 'weak liquidity', 'high net debt/EBITDA']",
SEM.LS,graham_defensive,Graham Defensive,False,0.5,"['P/B < 1.5 or P/E×P/B < 22.5: P/B=0.63', 'Dividend payer: yield=325.00%']","['P/E >= 15', 'current ratio < 2']",
SEM.LS,graham_enterprising,Graham Enterprising,False,0.6,"['P/B < 3: P/B=0.63', 'Debt/equity < 100%: D/E=48%', 'Positive earnings growth: growth=13.9%']","['P/E >= 25', 'ROE <= 8%']",
SEM.LS,graham_net_net,Graham Net-Net,False,0.0,[],['missing NCAV (balance sheet data)'],
SEM.LS,schloss,Schloss Low P/B,True,1.0,"['P/B < 1.2: P/B=0.63', 'D/E < 50.0%: D/E=48%']",[],
SEM.LS,deep_value,Deep Value,True,1.0,"['P/B=0.63', 'EV/EBITDA=7.2']",[],
SEM.LS,earnings_yield,Earnings Yield,False,0.0572,['E/P=0.7% (P/E=145.7)'],['earnings yield 0.7% below 8%'],
SEM.LS,fcf_yield,FCF Yield,False,1.0,['FCF yield=nan%'],['FCF yield nan% below 5%'],
SEM.LS,low_pe_high_yield,Low P/E + High Yield,False,0.5,['yield=325.0%'],['P/E not below 12.0'],
SEM.LS,lynch_peg,Lynch PEG,False,0.0,"['PEG=10.48', 'growth=13.9%']",['PEG 10.48 >= 1.0'],
SEM.LS,neff_pegy,Neff PEGY,True,0.5701,"['PEGY=0.43', 'growth=13.9%', 'yield=325.0%']",[],
SEM.LS,quality_value,Quality Value,False,0.4,"['Profit margin >= 5%: margin=31.5%', 'Debt/equity < 80%: D/E=48%']","['ROE below 12%', 'P/E >= 20', 'FCF yield below 3%']",
SEM.LS,buffett_quality,Buffett Quality,False,0.5,"['D/E < 60.0%: D/E=48%', 'margin >= 8%: margin=31.5%']","['ROE too low', 'P/E too high']",
SEM.LS,economic_moat,Economic Moat,False,0.5,"['wide margin=31.5%', 'low leverage D/E=48%']","['ROE below 18%', 'ROA below 8%']",
SEM.LS,high_dividend,High Dividend Yield,False,0.5781,"['yield=325.0%', 'universe rank 58%']",['not in top quartile for yield'],
SEM.LS,dividend_growth,Dividend Growth,True,0.6667,"['dividend payer: yield=325.0%', 'earnings growth: growth=13.9%']",['P/E out of range'],
SEM.LS,magic_formula,Magic Formula,True,0.5286,['earnings yield rank 86%'],[],
SEM.LS,acquirers_multiple,Acquirer's Multiple,True,0.8171,"['EV/EBIT=10.8', 'universe rank 82%']",[],
SEM.LS,dreman_contrarian,Dreman Contrarian,False,0.5212,"['low P/B rank 96%', 'dividend rank 58%']",['P/E not in bottom quartile'],
SEM.LS,piotroski_f,Piotroski F-Score,False,0.3333,"['F-Score=3/9', 'positive net income', 'leverage declining', 'no share dilution']","['F-Score 3/9 below 7', 'positive operating cash flow', 'ROA improving', 'OCF > net income', 'current ratio improving', 'gross margin improving', 'asset turnover improving']","{'f_score': 3, 'max_score': 9, 'components': [{'name': 'positive net income', 'passed': True}, {'name': 'positive operating cash flow', 'passed': False}, {'name': 'ROA improving', 'passed': False}, {'name': 'OCF > net income', 'passed': False}, {'name': 'leverage declining', 'passed': True}, {'name': 'current ratio improving', 'passed': False}, {'name': 'no share dilution', 'passed': True}, {'name': 'gross margin improving', 'passed': False}, {'name': 'asset turnover improving', 'passed': False}]}"
SEM.LS,composite_value,Composite Value,False,0.5688,"['top-tier on price_to_book (percentile 92%)', 'top-tier on ev_ebitda (percentile 88%)']",['missing fcf_yield'],
SEM.LS,earnings_quality,Earnings Quality,False,0.0,[],"['weak free-cash conversion', 'operating cash below earnings', 'high accruals vs assets']",
SEM.LS,financial_health,Financial Health,False,0.8,"['D/E=48%', 'leverage=24.5%', 'ratio=0.3', 'coverage=4.3x']",['weak liquidity'],
SON.LS,graham_defensive,Graham Defensive,False,0.75,"['P/E < 15: P/E=10.8', 'P/B < 1.5 or P/E×P/B < 22.5: P/B=1.24', 'Dividend payer: yield=306.00%']",['current ratio < 2'],
SON.LS,graham_enterprising,Graham Enterprising,True,0.8,"['P/E < 25: P/E=10.8', 'P/B < 3: P/B=1.24', 'ROE > 8%: ROE=8.7%', 'Positive earnings growth: growth=27.6%']",['excessive leverage'],
SON.LS,graham_net_net,Graham Net-Net,False,0.0,[],['missing NCAV (balance sheet data)'],
SON.LS,schloss,Schloss Low P/B,False,0.0,[],"['P/B too high', 'too much leverage']",
SON.LS,deep_value,Deep Value,False,0.0,[],"['P/B not below 1.0', 'EV/EBITDA not below 8']",
SON.LS,earnings_yield,Earnings Yield,True,0.7705,['E/P=9.2% (P/E=10.8)'],[],
SON.LS,fcf_yield,FCF Yield,True,1.0,['FCF yield=10.3%'],[],
SON.LS,low_pe_high_yield,Low P/E + High Yield,True,1.0,"['P/E=10.8', 'yield=306.0%']",[],
SON.LS,lynch_peg,Lynch PEG,True,0.6081,"['PEG=0.39', 'growth=27.6%']",[],
SON.LS,neff_pegy,Neff PEGY,True,0.9676,"['PEGY=0.03', 'growth=27.6%', 'yield=306.0%']",[],
SON.LS,quality_value,Quality Value,False,0.4,"['P/E < 20: P/E=10.8', 'FCF yield >= 3%: FCF yield=10.3%']","['ROE below 12%', 'thin margins', 'high leverage']",
SON.LS,buffett_quality,Buffett Quality,False,0.25,['P/E < 25.0: P/E=10.8'],"['ROE too low', 'too much debt', 'thin margins']",
SON.LS,economic_moat,Economic Moat,False,0.0,[],"['ROE below 18%', 'ROA below 8%', 'margins below 12%', 'leverage too high']",
SON.LS,high_dividend,High Dividend Yield,False,0.5156,"['yield=306.0%', 'universe rank 52%']",['not in top quartile for yield'],
SON.LS,dividend_growth,Dividend Growth,True,1.0,"['dividend payer: yield=306.0%', 'earnings growth: growth=27.6%', 'reasonable P/E: P/E=10.8']",[],
SON.LS,magic_formula,Magic Formula,False,0.2863,[],['below top half on combined Magic Formula rank'],
SON.LS,acquirers_multiple,Acquirer's Multiple,False,0.372,"['EV/EBIT=22.4', 'universe rank 37%']","['EV/EBIT 22.4 above 12.0', 'not in top 40% cheapest on EV/EBIT']",
SON.LS,dreman_contrarian,Dreman Contrarian,True,0.7206,"['low P/E rank 86%', 'low P/B rank 79%', 'dividend rank 52%']",[],
SON.LS,piotroski_f,Piotroski F-Score,False,0.5556,"['F-Score=5/9', 'positive net income', 'leverage declining', 'no share dilution', 'gross margin improving', 'asset turnover improving']","['F-Score 5/9 below 7', 'positive operating cash flow', 'ROA improving', 'OCF > net income', 'current ratio improving']","{'f_score': 5, 'max_score': 9, 'components': [{'name': 'positive net income', 'passed': True}, {'name': 'positive operating cash flow', 'passed': False}, {'name': 'ROA improving', 'passed': False}, {'name': 'OCF > net income', 'passed': False}, {'name': 'leverage declining', 'passed': True}, {'name': 'current ratio improving', 'passed': False}, {'name': 'no share dilution', 'passed': True}, {'name': 'gross margin improving', 'passed': True}, {'name': 'asset turnover improving', 'passed': True}]}"
SON.LS,composite_value,Composite Value,True,0.7571,"['top-tier on trailing_pe (percentile 100%)', 'top-tier on price_to_book (percentile 93%)', 'top-tier on fcf_yield (percentile 79%)']",[],
SON.LS,earnings_quality,Earnings Quality,False,0.3333,['FCF/NI=2.06'],"['operating cash below earnings', 'high accruals vs assets']",
SON.LS,financial_health,Financial Health,False,0.2,['leverage=33.4%'],"['high debt to equity', 'weak liquidity', 'high net debt/EBITDA', 'weak interest coverage']",
NVG.LS,graham_defensive,Graham Defensive,False,0.25,['Dividend payer: yield=364.00%'],"['P/E >= 15', 'valuation too rich on P/B or P/E×P/B', 'current ratio < 2']",
NVG.LS,graham_enterprising,Graham Enterprising,False,0.6,"['P/E < 25: P/E=20.4', 'P/B < 3: P/B=1.56', 'Debt/equity < 100%: D/E=72%']","['ROE <= 8%', 'negative earnings growth']",
NVG.LS,graham_net_net,Graham Net-Net,False,0.0,[],['missing NCAV (balance sheet data)'],
NVG.LS,schloss,Schloss Low P/B,False,0.0,[],"['P/B too high', 'too much leverage']",
NVG.LS,deep_value,Deep Value,False,0.0,[],"['P/B not below 1.0', 'EV/EBITDA not below 8']",
NVG.LS,earnings_yield,Earnings Yield,False,0.4077,['E/P=4.9% (P/E=20.4)'],['earnings yield 4.9% below 8%'],
NVG.LS,fcf_yield,FCF Yield,False,1.0,['FCF yield=nan%'],['FCF yield nan% below 5%'],
NVG.LS,low_pe_high_yield,Low P/E + High Yield,False,0.5,['yield=364.0%'],['P/E not below 12.0'],
NVG.LS,lynch_peg,Lynch PEG,False,0.2,[],['missing or negative earnings growth'],
NVG.LS,neff_pegy,Neff PEGY,True,0.9417,"['PEGY=0.06', 'growth=-13.6%', 'yield=364.0%']",[],
NVG.LS,quality_value,Quality Value,False,0.4,"['Profit margin >= 5%: margin=5.9%', 'Debt/equity < 80%: D/E=72%']","['ROE below 12%', 'P/E >= 20', 'FCF yield below 3%']",
NVG.LS,buffett_quality,Buffett Quality,False,0.25,['P/E < 25.0: P/E=20.4'],"['ROE too low', 'too much debt', 'thin margins']",
NVG.LS,economic_moat,Economic Moat,False,0.0,[],"['ROE below 18%', 'ROA below 8%', 'margins below 12%', 'leverage too high']",
NVG.LS,high_dividend,High Dividend Yield,False,0.6354,"['yield=364.0%', 'universe rank 64%']",['not in top quartile for yield'],
NVG.LS,dividend_growth,Dividend Growth,True,0.6667,"['dividend payer: yield=364.0%', 'reasonable P/E: P/E=20.4']",['earnings not growing'],
NVG.LS,magic_formula,Magic Formula,True,0.5095,['earnings yield rank 68%'],[],
NVG.LS,acquirers_multiple,Acquirer's Multiple,False,0.6341,"['EV/EBIT=14.8', 'universe rank 63%']",['EV/EBIT 14.8 above 12.0'],
NVG.LS,dreman_contrarian,Dreman Contrarian,False,0.581,"['low P/B rank 69%', 'dividend rank 64%']",['P/E not in bottom quartile'],
NVG.LS,piotroski_f,Piotroski F-Score,False,0.3333,"['F-Score=3/9', 'positive net income', 'current ratio improving', 'no share dilution']","['F-Score 3/9 below 7', 'positive operating cash flow', 'ROA improving', 'OCF > net income', 'leverage declining', 'gross margin improving', 'asset turnover improving']","{'f_score': 3, 'max_score': 9, 'components': [{'name': 'positive net income', 'passed': True}, {'name': 'positive operating cash flow', 'passed': False}, {'name': 'ROA improving', 'passed': False}, {'name': 'OCF > net income', 'passed': False}, {'name': 'leverage declining', 'passed': False}, {'name': 'current ratio improving', 'passed': True}, {'name': 'no share dilution', 'passed': True}, {'name': 'gross margin improving', 'passed': False}, {'name': 'asset turnover improving', 'passed': False}]}"
NVG.LS,composite_value,Composite Value,False,0.6209,['top-tier on trailing_pe (percentile 76%)'],['missing fcf_yield'],
NVG.LS,earnings_quality,Earnings Quality,False,0.0,[],"['weak free-cash conversion', 'operating cash below earnings', 'high accruals vs assets']",
NVG.LS,financial_health,Financial Health,True,1.0,"['D/E=72%', 'leverage=30.3%', 'CR=1.41', 'ratio=3.0', 'coverage=6.4x']",[],
A5G.IR,graham_defensive,Graham Defensive,False,0.75,"['P/E < 15: P/E=11.7', 'P/B < 1.5 or P/E×P/B < 22.5: P/B=1.68', 'Dividend payer: yield=578.00%']",['current ratio < 2'],
A5G.IR,graham_enterprising,Graham Enterprising,True,0.8,"['P/E < 25: P/E=11.7', 'P/B < 3: P/B=1.68', 'ROE > 8%: ROE=15.1%', 'Positive earnings growth: growth=8.2%']",['excessive leverage'],
A5G.IR,graham_net_net,Graham Net-Net,False,0.0,[],['missing NCAV (balance sheet data)'],
A5G.IR,schloss,Schloss Low P/B,False,0.0,[],"['P/B too high', 'too much leverage']",
A5G.IR,deep_value,Deep Value,False,0.0,[],"['P/B not below 1.0', 'EV/EBITDA not below 8']",
A5G.IR,earnings_yield,Earnings Yield,True,0.7144,['E/P=8.6% (P/E=11.7)'],[],
A5G.IR,fcf_yield,FCF Yield,False,1.0,['FCF yield=nan%'],['FCF yield nan% below 5%'],
A5G.IR,low_pe_high_yield,Low P/E + High Yield,True,1.0,"['P/E=11.7', 'yield=578.0%']",[],
A5G.IR,lynch_peg,Lynch PEG,False,0.0,"['PEG=1.42', 'growth=8.2%']",['PEG 1.42 >= 1.0'],
A5G.IR,neff_pegy,Neff PEGY,True,0.9801,"['PEGY=0.02', 'growth=8.2%', 'yield=578.0%']",[],
A5G.IR,quality_value,Quality Value,False,0.6,"['ROE >= 12%: ROE=15.1%', 'Profit margin >= 5%: margin=49.1%', 'P/E < 20: P/E=11.7']","['high leverage', 'FCF yield below 3%']",
A5G.IR,buffett_quality,Buffett Quality,True,0.75,"['ROE >= 15%: ROE=15.1%', 'margin >= 8%: margin=49.1%', 'P/E < 25.0: P/E=11.7']",['too much debt'],
A5G.IR,economic_moat,Economic Moat,False,0.25,['wide margin=49.1%'],"['ROE below 18%', 'ROA below 8%', 'leverage too high']",
A5G.IR,high_dividend,High Dividend Yield,True,0.8854,"['yield=578.0%', 'universe rank 89%']",[],
A5G.IR,dividend_growth,Dividend Growth,True,1.0,"['dividend payer: yield=578.0%', 'earnings growth: growth=8.2%', 'reasonable P/E: P/E=11.7']",[],
A5G.IR,magic_formula,Magic Formula,False,0.0,[],['missing EBIT/EV or ROIC inputs'],
A5G.IR,acquirers_multiple,Acquirer's Multiple,False,0.0,[],['could not rank EV/EBIT'],
A5G.IR,dreman_contrarian,Dreman Contrarian,True,0.7652,"['low P/E rank 80%', 'low P/B rank 61%', 'dividend rank 89%']",[],
A5G.IR,piotroski_f,Piotroski F-Score,False,0.5556,"['F-Score=5/9', 'positive net income', 'positive operating cash flow', 'OCF > net income', 'leverage declining', 'no share dilution']","['F-Score 5/9 below 7', 'ROA improving', 'current ratio improving', 'gross margin improving', 'asset turnover improving']","{'f_score': 5, 'max_score': 9, 'components': [{'name': 'positive net income', 'passed': True}, {'name': 'positive operating cash flow', 'passed': True}, {'name': 'ROA improving', 'passed': False}, {'name': 'OCF > net income', 'passed': True}, {'name': 'leverage declining', 'passed': True}, {'name': 'current ratio improving', 'passed': False}, {'name': 'no share dilution', 'passed': True}, {'name': 'gross margin improving', 'passed': False}, {'name': 'asset turnover improving', 'passed': False}]}"
A5G.IR,composite_value,Composite Value,False,0.6167,['top-tier on dividend_yield (percentile 82%)'],"['missing fcf_yield', 'missing ev_ebitda']",
A5G.IR,earnings_quality,Earnings Quality,False,0.6667,"['OCF/NI=4.02', 'ratio=-4.36%']",['weak free-cash conversion'],
A5G.IR,financial_health,Financial Health,False,0.4,"['leverage=7.5%', 'insufficient data — skipped']","['high debt to equity', 'weak liquidity', 'weak interest coverage']",
BIRG.IR,graham_defensive,Graham Defensive,False,0.75,"['P/E < 15: P/E=14.0', 'P/B < 1.5 or P/E×P/B < 22.5: P/B=1.37', 'Dividend payer: yield=436.00%']",['current ratio < 2'],
BIRG.IR,graham_enterprising,Graham Enterprising,True,0.8,"['P/E < 25: P/E=14.0', 'P/B < 3: P/B=1.37', 'ROE > 8%: ROE=10.5%', 'Positive earnings growth: growth=35.6%']",['excessive leverage'],
BIRG.IR,graham_net_net,Graham Net-Net,False,0.0,[],['missing NCAV (balance sheet data)'],
BIRG.IR,schloss,Schloss Low P/B,False,0.0,[],"['P/B too high', 'too much leverage']",
BIRG.IR,deep_value,Deep Value,False,0.0,[],"['P/B not below 1.0', 'EV/EBITDA not below 8']",
BIRG.IR,earnings_yield,Earnings Yield,False,0.5948,['E/P=7.1% (P/E=14.0)'],['earnings yield 7.1% below 8%'],
BIRG.IR,fcf_yield,FCF Yield,False,1.0,['FCF yield=nan%'],['FCF yield nan% below 5%'],
BIRG.IR,low_pe_high_yield,Low P/E + High Yield,False,0.5,['yield=436.0%'],['P/E not below 12.0'],
BIRG.IR,lynch_peg,Lynch PEG,True,0.6064,"['PEG=0.39', 'growth=35.6%']",[],
BIRG.IR,neff_pegy,Neff PEGY,True,0.9703,"['PEGY=0.03', 'growth=35.6%', 'yield=436.0%']",[],
BIRG.IR,quality_value,Quality Value,False,0.4,"['Profit margin >= 5%: margin=32.7%', 'P/E < 20: P/E=14.0']","['ROE below 12%', 'high leverage', 'FCF yield below 3%']",
BIRG.IR,buffett_quality,Buffett Quality,False,0.5,"['margin >= 8%: margin=32.7%', 'P/E < 25.0: P/E=14.0']","['ROE too low', 'too much debt']",
BIRG.IR,economic_moat,Economic Moat,False,0.25,['wide margin=32.7%'],"['ROE below 18%', 'ROA below 8%', 'leverage too high']",
BIRG.IR,high_dividend,High Dividend Yield,False,0.7448,"['yield=436.0%', 'universe rank 74%']",['not in top quartile for yield'],
BIRG.IR,dividend_growth,Dividend Growth,True,1.0,"['dividend payer: yield=436.0%', 'earnings growth: growth=35.6%', 'reasonable P/E: P/E=14.0']",[],
BIRG.IR,magic_formula,Magic Formula,False,0.0,[],['missing EBIT/EV or ROIC inputs'],
BIRG.IR,acquirers_multiple,Acquirer's Multiple,False,0.0,[],['could not rank EV/EBIT'],
BIRG.IR,dreman_contrarian,Dreman Contrarian,True,0.7214,"['low P/B rank 76%', 'dividend rank 74%']",['P/E not in bottom quartile'],
BIRG.IR,piotroski_f,Piotroski F-Score,False,0.5556,"['F-Score=5/9', 'positive net income', 'positive operating cash flow', 'OCF > net income', 'leverage declining', 'no share dilution']","['F-Score 5/9 below 7', 'ROA improving', 'current ratio improving', 'gross margin improving', 'asset turnover improving']","{'f_score': 5, 'max_score': 9, 'components': [{'name': 'positive net income', 'passed': True}, {'name': 'positive operating cash flow', 'passed': True}, {'name': 'ROA improving', 'passed': False}, {'name': 'OCF > net income', 'passed': True}, {'name': 'leverage declining', 'passed': True}, {'name': 'current ratio improving', 'passed': False}, {'name': 'no share dilution', 'passed': True}, {'name': 'gross margin improving', 'passed': False}, {'name': 'asset turnover improving', 'passed': False}]}"
BIRG.IR,composite_value,Composite Value,False,0.4972,[],"['missing fcf_yield', 'missing ev_ebitda']",
BIRG.IR,earnings_quality,Earnings Quality,False,0.6667,"['OCF/NI=3.32', 'ratio=-1.69%']",['weak free-cash conversion'],
BIRG.IR,financial_health,Financial Health,False,0.4,"['leverage=6.4%', 'insufficient data — skipped']","['high debt to equity', 'weak liquidity', 'weak interest coverage']",
C5H.IR,graham_defensive,Graham Defensive,True,1.0,"['P/E < 15: P/E=10.7', 'P/B < 1.5 or P/E×P/B < 22.5: P/B=1.95', 'Current ratio >= 2: CR=5.01', 'Dividend payer: yield=387.00%']",[],
C5H.IR,graham_enterprising,Graham Enterprising,True,1.0,"['P/E < 25: P/E=10.7', 'P/B < 3: P/B=1.95', 'Debt/equity < 100%: D/E=29%', 'ROE > 8%: ROE=19.6%', 'Positive earnings growth: growth=82.8%']",[],
C5H.IR,graham_net_net,Graham Net-Net,False,0.0,[],['missing NCAV (balance sheet data)'],
C5H.IR,schloss,Schloss Low P/B,False,0.5,['D/E < 50.0%: D/E=29%'],['P/B too high'],
C5H.IR,deep_value,Deep Value,False,0.0,[],"['P/B not below 1.0', 'EV/EBITDA not below 8']",
C5H.IR,earnings_yield,Earnings Yield,True,0.7803,['E/P=9.4% (P/E=10.7)'],[],
C5H.IR,fcf_yield,FCF Yield,True,0.7477,['FCF yield=7.5%'],[],
C5H.IR,low_pe_high_yield,Low P/E + High Yield,True,1.0,"['P/E=10.7', 'yield=387.0%']",[],
C5H.IR,lynch_peg,Lynch PEG,True,0.871,"['PEG=0.13', 'growth=82.8%']",[],
C5H.IR,neff_pegy,Neff PEGY,True,0.9773,"['PEGY=0.02', 'growth=82.8%', 'yield=387.0%']",[],
C5H.IR,quality_value,Quality Value,True,1.0,"['ROE >= 12%: ROE=19.6%', 'Profit margin >= 5%: margin=14.3%', 'Debt/equity < 80%: D/E=29%', 'P/E < 20: P/E=10.7', 'FCF yield >= 3%: FCF yield=7.5%']",[],
C5H.IR,buffett_quality,Buffett Quality,True,1.0,"['ROE >= 15%: ROE=19.6%', 'D/E < 60.0%: D/E=29%', 'margin >= 8%: margin=14.3%', 'P/E < 25.0: P/E=10.7']",[],
C5H.IR,economic_moat,Economic Moat,True,1.0,"['high ROE=19.6%', 'solid ROA=10.2%', 'wide margin=14.3%', 'low leverage D/E=29%']",[],
C5H.IR,high_dividend,High Dividend Yield,False,0.6875,"['yield=387.0%', 'universe rank 69%']",['not in top quartile for yield'],
C5H.IR,dividend_growth,Dividend Growth,True,1.0,"['dividend payer: yield=387.0%', 'earnings growth: growth=82.8%', 'reasonable P/E: P/E=10.7']",[],
C5H.IR,magic_formula,Magic Formula,True,0.7889,"['earnings yield rank 85%', 'ROIC rank 73%']",[],
C5H.IR,acquirers_multiple,Acquirer's Multiple,True,0.8049,"['EV/EBIT=11.2', 'universe rank 80%']",[],
C5H.IR,dreman_contrarian,Dreman Contrarian,True,0.6986,"['low P/E rank 86%', 'dividend rank 69%']",['P/B not cheap vs universe'],
C5H.IR,piotroski_f,Piotroski F-Score,False,0.4444,"['F-Score=4/9', 'positive net income', 'positive operating cash flow', 'no share dilution', 'gross margin improving']","['F-Score 4/9 below 7', 'ROA improving', 'OCF > net income', 'leverage declining', 'current ratio improving', 'asset turnover improving']","{'f_score': 4, 'max_score': 9, 'components': [{'name': 'positive net income', 'passed': True}, {'name': 'positive operating cash flow', 'passed': True}, {'name': 'ROA improving', 'passed': False}, {'name': 'OCF > net income', 'passed': False}, {'name': 'leverage declining', 'passed': False}, {'name': 'current ratio improving', 'passed': False}, {'name': 'no share dilution', 'passed': True}, {'name': 'gross margin improving', 'passed': True}, {'name': 'asset turnover improving', 'passed': False}]}"
C5H.IR,composite_value,Composite Value,True,0.7169,"['top-tier on trailing_pe (percentile 75%)', 'top-tier on fcf_yield (percentile 71%)', 'top-tier on ev_ebitda (percentile 94%)']",[],
C5H.IR,earnings_quality,Earnings Quality,False,0.6667,"['FCF/NI=0.93', 'ratio=4.75%']",['operating cash below earnings'],
C5H.IR,financial_health,Financial Health,True,1.0,"['D/E=29%', 'leverage=17.8%', 'CR=5.12', 'ratio=1.0', 'coverage=11.0x']",[],
DQ7A.IR,graham_defensive,Graham Defensive,False,0.5,"['P/B < 1.5 or P/E×P/B < 22.5: P/B=0.56', 'Current ratio >= 2: CR=16.25']","['no positive trailing P/E', 'no dividend']",
DQ7A.IR,graham_enterprising,Graham Enterprising,False,0.4,"['P/B < 3: P/B=0.56', 'Positive earnings growth: growth=210.0%']","['missing P/E', 'excessive leverage', 'ROE <= 8%']",
DQ7A.IR,graham_net_net,Graham Net-Net,False,0.0,[],['missing NCAV (balance sheet data)'],
DQ7A.IR,schloss,Schloss Low P/B,False,0.5,['P/B < 1.2: P/B=0.56'],['too much leverage'],
DQ7A.IR,deep_value,Deep Value,True,1.0,"['P/B=0.56', 'EV/EBITDA=4.9']",[],
DQ7A.IR,earnings_yield,Earnings Yield,False,1.0,['E/P=nan% (P/E=nan)'],['earnings yield nan% below 8%'],
DQ7A.IR,fcf_yield,FCF Yield,True,1.0,['FCF yield=49.8%'],[],
DQ7A.IR,low_pe_high_yield,Low P/E + High Yield,False,0.0,[],"['P/E not below 12.0', 'yield below 4%']",
DQ7A.IR,lynch_peg,Lynch PEG,False,0.0,"['PEG=nan', 'growth=210.0%']",[],
DQ7A.IR,neff_pegy,Neff PEGY,False,0.0,"['PEGY=nan', 'growth=210.0%', 'yield=0.0%']",['PEGY nan >= 1.0'],
DQ7A.IR,quality_value,Quality Value,False,0.2,['FCF yield >= 3%: FCF yield=49.8%'],"['ROE below 12%', 'thin margins', 'high leverage', 'missing P/E']",
DQ7A.IR,buffett_quality,Buffett Quality,False,0.0,[],"['ROE too low', 'too much debt', 'thin margins', 'missing P/E']",
DQ7A.IR,economic_moat,Economic Moat,False,0.0,[],"['ROE below 18%', 'ROA below 8%', 'margins below 12%', 'leverage too high']",
DQ7A.IR,high_dividend,High Dividend Yield,False,0.0,"['yield=0.0%', 'universe rank 0%']","['yield 0.0% below 3% floor', 'not in top quartile for yield', 'no positive earnings']",
DQ7A.IR,dividend_growth,Dividend Growth,False,0.3333,['earnings growth: growth=210.0%'],"['yield too low', 'P/E out of range']",
DQ7A.IR,magic_formula,Magic Formula,False,0.4939,['earnings yield rank 99%'],['below top half on combined Magic Formula rank'],
DQ7A.IR,acquirers_multiple,Acquirer's Multiple,False,0.0,[],['missing EV or EBIT'],
DQ7A.IR,dreman_contrarian,Dreman Contrarian,False,0.487,['low P/B rank 97%'],['dividend yield below median'],
DQ7A.IR,piotroski_f,Piotroski F-Score,False,0.5556,"['F-Score=5/9', 'positive net income', 'positive operating cash flow', 'OCF > net income', 'leverage declining', 'no share dilution']","['F-Score 5/9 below 7', 'ROA improving', 'current ratio improving', 'gross margin improving', 'asset turnover improving']","{'f_score': 5, 'max_score': 9, 'components': [{'name': 'positive net income', 'passed': True}, {'name': 'positive operating cash flow', 'passed': True}, {'name': 'ROA improving', 'passed': False}, {'name': 'OCF > net income', 'passed': True}, {'name': 'leverage declining', 'passed': True}, {'name': 'current ratio improving', 'passed': False}, {'name': 'no share dilution', 'passed': True}, {'name': 'gross margin improving', 'passed': False}, {'name': 'asset turnover improving', 'passed': False}]}"
DQ7A.IR,composite_value,Composite Value,True,0.7143,"['top-tier on price_to_book (percentile 100%)', 'top-tier on fcf_yield (percentile 93%)', 'top-tier on ev_ebitda (percentile 100%)']",['missing trailing_pe'],
DQ7A.IR,earnings_quality,Earnings Quality,True,1.0,"['FCF/NI=47.37', 'OCF/NI=5.27', 'ratio=-2.62%']",[],
DQ7A.IR,financial_health,Financial Health,False,0.6,"['leverage=0.0%', 'CR=3.01', 'insufficient data — skipped']","['high debt to equity', 'weak interest coverage']",
EG7.IR,graham_defensive,Graham Defensive,False,0.75,"['P/E < 15: P/E=9.9', 'P/B < 1.5 or P/E×P/B < 22.5: P/B=1.41', 'Dividend payer: yield=528.00%']",['current ratio < 2'],
EG7.IR,graham_enterprising,Graham Enterprising,True,1.0,"['P/E < 25: P/E=9.9', 'P/B < 3: P/B=1.41', 'Debt/equity < 100%: D/E=11%', 'ROE > 8%: ROE=14.7%', 'Positive earnings growth: growth=157.5%']",[],
EG7.IR,graham_net_net,Graham Net-Net,False,0.0,[],['missing NCAV (balance sheet data)'],
EG7.IR,schloss,Schloss Low P/B,False,0.5,['D/E < 50.0%: D/E=11%'],['P/B too high'],
EG7.IR,deep_value,Deep Value,False,0.5,['EV/EBITDA=3.8'],['P/B not below 1.0'],
EG7.IR,earnings_yield,Earnings Yield,True,0.84,['E/P=10.1% (P/E=9.9)'],[],
EG7.IR,fcf_yield,FCF Yield,True,1.0,['FCF yield=113.9%'],[],
EG7.IR,low_pe_high_yield,Low P/E + High Yield,True,1.0,"['P/E=9.9', 'yield=528.0%']",[],
EG7.IR,lynch_peg,Lynch PEG,True,0.937,"['PEG=0.06', 'growth=157.5%']",[],
EG7.IR,neff_pegy,Neff PEGY,True,0.9855,"['PEGY=0.01', 'growth=157.5%', 'yield=528.0%']",[],
EG7.IR,quality_value,Quality Value,True,1.0,"['ROE >= 12%: ROE=14.7%', 'Profit margin >= 5%: margin=13.3%', 'Debt/equity < 80%: D/E=11%', 'P/E < 20: P/E=9.9', 'FCF yield >= 3%: FCF yield=113.9%']",[],
EG7.IR,buffett_quality,Buffett Quality,False,0.75,"['D/E < 60.0%: D/E=11%', 'margin >= 8%: margin=13.3%', 'P/E < 25.0: P/E=9.9']",['ROE too low'],
EG7.IR,economic_moat,Economic Moat,False,0.5,"['wide margin=13.3%', 'low leverage D/E=11%']","['ROE below 18%', 'ROA below 8%']",
EG7.IR,high_dividend,High Dividend Yield,True,0.8594,"['yield=528.0%', 'universe rank 86%']",[],
EG7.IR,dividend_growth,Dividend Growth,True,1.0,"['dividend payer: yield=528.0%', 'earnings growth: growth=157.5%', 'reasonable P/E: P/E=9.9']",[],
EG7.IR,magic_formula,Magic Formula,False,0.0,[],['missing EBIT/EV or ROIC inputs'],
EG7.IR,acquirers_multiple,Acquirer's Multiple,True,0.8902,"['EV/EBIT=9.0', 'universe rank 89%']",[],
EG7.IR,dreman_contrarian,Dreman Contrarian,True,0.8305,"['low P/E rank 89%', 'low P/B rank 74%', 'dividend rank 86%']",[],
EG7.IR,piotroski_f,Piotroski F-Score,False,0.5556,"['F-Score=5/9', 'positive net income', 'positive operating cash flow', 'OCF > net income', 'no share dilution', 'asset turnover improving']","['F-Score 5/9 below 7', 'ROA improving', 'leverage declining', 'current ratio improving', 'gross margin improving']","{'f_score': 5, 'max_score': 9, 'components': [{'name': 'positive net income', 'passed': True}, {'name': 'positive operating cash flow', 'passed': True}, {'name': 'ROA improving', 'passed': False}, {'name': 'OCF > net income', 'passed': True}, {'name': 'leverage declining', 'passed': False}, {'name': 'current ratio improving', 'passed': False}, {'name': 'no share dilution', 'passed': True}, {'name': 'gross margin improving', 'passed': False}, {'name': 'asset turnover improving', 'passed': True}]}"
EG7.IR,composite_value,Composite Value,True,0.7427,"['top-tier on trailing_pe (percentile 78%)', 'top-tier on dividend_yield (percentile 75%)', 'top-tier on fcf_yield (percentile 95%)']",[],
EG7.IR,earnings_quality,Earnings Quality,True,1.0,"['FCF/NI=16.36', 'OCF/NI=1.39', 'ratio=-1.35%']",[],
EG7.IR,financial_health,Financial Health,False,0.8,"['D/E=11%', 'leverage=3.9%', 'ratio=-1.3', 'coverage=22.1x']",['weak liquidity'],
GL9.IR,graham_defensive,Graham Defensive,False,0.25,['Dividend payer: yield=232.00%'],"['P/E >= 15', 'valuation too rich on P/B or P/E×P/B', 'current ratio < 2']",
GL9.IR,graham_enterprising,Graham Enterprising,True,1.0,"['P/E < 25: P/E=23.1', 'P/B < 3: P/B=2.84', 'Debt/equity < 100%: D/E=64%', 'ROE > 8%: ROE=12.0%', 'Positive earnings growth: growth=63.7%']",[],
GL9.IR,graham_net_net,Graham Net-Net,False,0.0,[],['missing NCAV (balance sheet data)'],
GL9.IR,schloss,Schloss Low P/B,False,0.0,[],"['P/B too high', 'too much leverage']",
GL9.IR,deep_value,Deep Value,False,0.0,[],"['P/B not below 1.0', 'EV/EBITDA not below 8']",
GL9.IR,earnings_yield,Earnings Yield,False,0.3612,['E/P=4.3% (P/E=23.1)'],['earnings yield 4.3% below 8%'],
GL9.IR,fcf_yield,FCF Yield,True,0.725,['FCF yield=7.3%'],[],
GL9.IR,low_pe_high_yield,Low P/E + High Yield,False,0.5,['yield=232.0%'],['P/E not below 12.0'],
GL9.IR,lynch_peg,Lynch PEG,True,0.6378,"['PEG=0.36', 'growth=63.7%']",[],
GL9.IR,neff_pegy,Neff PEGY,True,0.922,"['PEGY=0.08', 'growth=63.7%', 'yield=232.0%']",[],
GL9.IR,quality_value,Quality Value,True,0.8,"['ROE >= 12%: ROE=12.0%', 'Profit margin >= 5%: margin=5.8%', 'Debt/equity < 80%: D/E=64%', 'FCF yield >= 3%: FCF yield=7.3%']",['P/E >= 20'],
GL9.IR,buffett_quality,Buffett Quality,False,0.25,['P/E < 25.0: P/E=23.1'],"['ROE too low', 'too much debt', 'thin margins']",
GL9.IR,economic_moat,Economic Moat,False,0.0,[],"['ROE below 18%', 'ROA below 8%', 'margins below 12%', 'leverage too high']",
GL9.IR,high_dividend,High Dividend Yield,False,0.4323,"['yield=232.0%', 'universe rank 43%']",['not in top quartile for yield'],
GL9.IR,dividend_growth,Dividend Growth,True,1.0,"['dividend payer: yield=232.0%', 'earnings growth: growth=63.7%', 'reasonable P/E: P/E=23.1']",[],
GL9.IR,magic_formula,Magic Formula,False,0.4836,['earnings yield rank 50%'],['below top half on combined Magic Formula rank'],
GL9.IR,acquirers_multiple,Acquirer's Multiple,False,0.4573,"['EV/EBIT=20.0', 'universe rank 46%']","['EV/EBIT 20.0 above 12.0', 'not in top 40% cheapest on EV/EBIT']",
GL9.IR,dreman_contrarian,Dreman Contrarian,False,0.3967,[],"['P/E not in bottom quartile', 'P/B not cheap vs universe', 'dividend yield below median']",
GL9.IR,piotroski_f,Piotroski F-Score,False,0.6667,"['F-Score=6/9', 'positive net income', 'positive operating cash flow', 'ROA improving', 'OCF > net income', 'no share dilution', 'asset turnover improving']","['F-Score 6/9 below 7', 'leverage declining', 'current ratio improving', 'gross margin improving']","{'f_score': 6, 'max_score': 9, 'components': [{'name': 'positive net income', 'passed': True}, {'name': 'positive operating cash flow', 'passed': True}, {'name': 'ROA improving', 'passed': True}, {'name': 'OCF > net income', 'passed': True}, {'name': 'leverage declining', 'passed': False}, {'name': 'current ratio improving', 'passed': False}, {'name': 'no share dilution', 'passed': True}, {'name': 'gross margin improving', 'passed': False}, {'name': 'asset turnover improving', 'passed': True}]}"
GL9.IR,composite_value,Composite Value,False,0.4234,[],[],
GL9.IR,earnings_quality,Earnings Quality,True,1.0,"['FCF/NI=1.83', 'OCF/NI=2.01', 'ratio=-4.66%']",[],
GL9.IR,financial_health,Financial Health,True,1.0,"['D/E=64%', 'leverage=28.3%', 'CR=1.36', 'ratio=1.7', 'coverage=9.4x']",[],
GVR.IR,graham_defensive,Graham Defensive,False,0.25,['Current ratio >= 2: CR=6.08'],"['P/E >= 15', 'valuation too rich on P/B or P/E×P/B', 'no dividend']",
GVR.IR,graham_enterprising,Graham Enterprising,True,0.8,"['P/E < 25: P/E=15.7', 'P/B < 3: P/B=1.57', 'Debt/equity < 100%: D/E=63%', 'ROE > 8%: ROE=10.5%']",['negative earnings growth'],
GVR.IR,graham_net_net,Graham Net-Net,False,0.0,[],['missing NCAV (balance sheet data)'],
GVR.IR,schloss,Schloss Low P/B,False,0.0,[],"['P/B too high', 'too much leverage']",
GVR.IR,deep_value,Deep Value,False,0.0,[],"['P/B not below 1.0', 'EV/EBITDA not below 8']",
GVR.IR,earnings_yield,Earnings Yield,False,0.5297,['E/P=6.4% (P/E=15.7)'],['earnings yield 6.4% below 8%'],
GVR.IR,fcf_yield,FCF Yield,False,0.0,['FCF yield=-12.0%'],['FCF yield -12.0% below 5%'],
GVR.IR,low_pe_high_yield,Low P/E + High Yield,False,0.0,[],"['P/E not below 12.0', 'yield below 4%']",
GVR.IR,lynch_peg,Lynch PEG,False,0.2,[],['missing or negative earnings growth'],
GVR.IR,neff_pegy,Neff PEGY,False,0.0,[],['no growth or dividend yield'],
GVR.IR,quality_value,Quality Value,False,0.6,"['Profit margin >= 5%: margin=9.7%', 'Debt/equity < 80%: D/E=63%', 'P/E < 20: P/E=15.7']","['ROE below 12%', 'FCF yield below 3%']",
GVR.IR,buffett_quality,Buffett Quality,False,0.5,"['margin >= 8%: margin=9.7%', 'P/E < 25.0: P/E=15.7']","['ROE too low', 'too much debt']",
GVR.IR,economic_moat,Economic Moat,False,0.25,['solid ROA=8.8%'],"['ROE below 18%', 'margins below 12%', 'leverage too high']",
GVR.IR,high_dividend,High Dividend Yield,False,0.0,"['yield=0.0%', 'universe rank 0%']","['yield 0.0% below 3% floor', 'not in top quartile for yield']",
GVR.IR,dividend_growth,Dividend Growth,False,0.3333,['reasonable P/E: P/E=15.7'],"['yield too low', 'earnings not growing']",
GVR.IR,magic_formula,Magic Formula,True,0.7365,"['earnings yield rank 84%', 'ROIC rank 63%']",[],
GVR.IR,acquirers_multiple,Acquirer's Multiple,True,0.7988,"['EV/EBIT=11.3', 'universe rank 80%']",[],
GVR.IR,dreman_contrarian,Dreman Contrarian,False,0.4185,['low P/B rank 67%'],"['P/E not in bottom quartile', 'dividend yield below median']",
GVR.IR,piotroski_f,Piotroski F-Score,True,0.8889,"['F-Score=8/9', 'positive net income', 'positive operating cash flow', 'ROA improving', 'leverage declining', 'current ratio improving', 'no share dilution', 'gross margin improving', 'asset turnover improving']",['OCF > net income'],"{'f_score': 8, 'max_score': 9, 'components': [{'name': 'positive net income', 'passed': True}, {'name': 'positive operating cash flow', 'passed': True}, {'name': 'ROA improving', 'passed': True}, {'name': 'OCF > net income', 'passed': False}, {'name': 'leverage declining', 'passed': True}, {'name': 'current ratio improving', 'passed': True}, {'name': 'no share dilution', 'passed': True}, {'name': 'gross margin improving', 'passed': True}, {'name': 'asset turnover improving', 'passed': True}]}"
GVR.IR,composite_value,Composite Value,False,0.368,['top-tier on price_to_book (percentile 71%)'],[],
GVR.IR,earnings_quality,Earnings Quality,False,0.6667,"['OCF/NI=0.93', 'ratio=0.59%']",['weak free-cash conversion'],
GVR.IR,financial_health,Financial Health,True,1.0,"['D/E=63%', 'leverage=19.9%', 'CR=5.94', 'ratio=3.6', 'coverage=7.8x']",[],
GRP.IR,graham_defensive,Graham Defensive,False,0.25,['P/B < 1.5 or P/E×P/B < 22.5: P/B=0.81'],"['P/E >= 15', 'current ratio < 2', 'no dividend']",
GRP.IR,graham_enterprising,Graham Enterprising,False,0.4,"['P/E < 25: P/E=15.8', 'P/B < 3: P/B=0.81']","['excessive leverage', 'ROE <= 8%', 'negative earnings growth']",
GRP.IR,graham_net_net,Graham Net-Net,False,0.0,[],['missing NCAV (balance sheet data)'],
GRP.IR,schloss,Schloss Low P/B,False,0.5,['P/B < 1.2: P/B=0.81'],['too much leverage'],
GRP.IR,deep_value,Deep Value,False,0.5,['P/B=0.81'],['EV/EBITDA not below 8'],
GRP.IR,earnings_yield,Earnings Yield,False,0.5261,['E/P=6.3% (P/E=15.8)'],['earnings yield 6.3% below 8%'],
GRP.IR,fcf_yield,FCF Yield,False,1.0,['FCF yield=nan%'],['FCF yield nan% below 5%'],
GRP.IR,low_pe_high_yield,Low P/E + High Yield,False,0.0,[],"['P/E not below 12.0', 'yield below 4%']",
GRP.IR,lynch_peg,Lynch PEG,False,0.0,"['PEG=nan', 'growth=nan%']",[],
GRP.IR,neff_pegy,Neff PEGY,False,0.0,"['PEGY=nan', 'growth=nan%', 'yield=nan%']",['PEGY nan >= 1.0'],
GRP.IR,quality_value,Quality Value,False,0.2,['P/E < 20: P/E=15.8'],"['ROE below 12%', 'thin margins', 'high leverage', 'FCF yield below 3%']",
GRP.IR,buffett_quality,Buffett Quality,False,0.25,['P/E < 25.0: P/E=15.8'],"['ROE too low', 'too much debt', 'thin margins']",
GRP.IR,economic_moat,Economic Moat,False,0.0,[],"['ROE below 18%', 'ROA below 8%', 'margins below 12%', 'leverage too high']",
GRP.IR,high_dividend,High Dividend Yield,False,0.0,[],['could not rank yield'],
GRP.IR,dividend_growth,Dividend Growth,False,0.3333,['reasonable P/E: P/E=15.8'],"['yield too low', 'earnings not growing']",
GRP.IR,magic_formula,Magic Formula,False,0.0,[],['missing EBIT/EV or ROIC inputs'],
GRP.IR,acquirers_multiple,Acquirer's Multiple,False,0.0,[],['could not rank EV/EBIT'],
GRP.IR,dreman_contrarian,Dreman Contrarian,False,0.7414,['low P/B rank 91%'],['P/E not in bottom quartile'],
GRP.IR,piotroski_f,Piotroski F-Score,False,0.3333,"['F-Score=3/9', 'positive operating cash flow', 'OCF > net income', 'no share dilution']","['F-Score 3/9 below 7', 'positive net income', 'ROA improving', 'leverage declining', 'current ratio improving', 'gross margin improving', 'asset turnover improving']","{'f_score': 3, 'max_score': 9, 'components': [{'name': 'positive net income', 'passed': False}, {'name': 'positive operating cash flow', 'passed': True}, {'name': 'ROA improving', 'passed': False}, {'name': 'OCF > net income', 'passed': True}, {'name': 'leverage declining', 'passed': False}, {'name': 'current ratio improving', 'passed': False}, {'name': 'no share dilution', 'passed': True}, {'name': 'gross margin improving', 'passed': False}, {'name': 'asset turnover improving', 'passed': False}]}"
GRP.IR,composite_value,Composite Value,False,0.723,['top-tier on price_to_book (percentile 91%)'],"['missing dividend_yield', 'missing fcf_yield', 'missing ev_ebitda']",
GRP.IR,earnings_quality,Earnings Quality,False,0.5,['ratio=-5.60%'],['negative net income'],
GRP.IR,financial_health,Financial Health,False,0.4,"['leverage=50.5%', 'insufficient data — skipped']","['high debt to equity', 'weak liquidity', 'weak interest coverage']",
HMSO.IR,graham_defensive,Graham Defensive,False,0.75,"['P/E < 15: P/E=8.8', 'P/B < 1.5 or P/E×P/B < 22.5: P/B=0.88', 'Dividend payer: yield=521.00%']",['current ratio < 2'],
HMSO.IR,graham_enterprising,Graham Enterprising,True,0.8,"['P/E < 25: P/E=8.8', 'P/B < 3: P/B=0.88', 'Debt/equity < 100%: D/E=86%', 'ROE > 8%: ROE=10.6%']",['negative earnings growth'],
HMSO.IR,graham_net_net,Graham Net-Net,False,0.0,[],['missing NCAV (balance sheet data)'],
HMSO.IR,schloss,Schloss Low P/B,False,0.5,['P/B < 1.2: P/B=0.88'],['too much leverage'],
HMSO.IR,deep_value,Deep Value,False,0.5,['P/B=0.88'],['EV/EBITDA not below 8'],
HMSO.IR,earnings_yield,Earnings Yield,True,0.9524,['E/P=11.4% (P/E=8.8)'],[],
HMSO.IR,fcf_yield,FCF Yield,False,0.0492,['FCF yield=0.5%'],['FCF yield 0.5% below 5%'],
HMSO.IR,low_pe_high_yield,Low P/E + High Yield,True,1.0,"['P/E=8.8', 'yield=521.0%']",[],
HMSO.IR,lynch_peg,Lynch PEG,False,0.2,[],['missing or negative earnings growth'],
HMSO.IR,neff_pegy,Neff PEGY,True,0.982,"['PEGY=0.02', 'growth=-34.8%', 'yield=521.0%']",[],
HMSO.IR,quality_value,Quality Value,False,0.4,"['Profit margin >= 5%: margin=67.5%', 'P/E < 20: P/E=8.8']","['ROE below 12%', 'high leverage', 'FCF yield below 3%']",
HMSO.IR,buffett_quality,Buffett Quality,False,0.5,"['margin >= 8%: margin=67.5%', 'P/E < 25.0: P/E=8.8']","['ROE too low', 'too much debt']",
HMSO.IR,economic_moat,Economic Moat,False,0.25,['wide margin=67.5%'],"['ROE below 18%', 'ROA below 8%', 'leverage too high']",
HMSO.IR,high_dividend,High Dividend Yield,True,0.8438,"['yield=521.0%', 'universe rank 84%']",[],
HMSO.IR,dividend_growth,Dividend Growth,True,0.6667,"['dividend payer: yield=521.0%', 'reasonable P/E: P/E=8.8']",['earnings not growing'],
HMSO.IR,magic_formula,Magic Formula,False,0.1241,[],['below top half on combined Magic Formula rank'],
HMSO.IR,acquirers_multiple,Acquirer's Multiple,False,0.1463,"['EV/EBIT=37.8', 'universe rank 15%']","['EV/EBIT 37.8 above 12.0', 'not in top 40% cheapest on EV/EBIT']",
HMSO.IR,dreman_contrarian,Dreman Contrarian,True,0.8846,"['low P/E rank 93%', 'low P/B rank 88%', 'dividend rank 84%']",[],
HMSO.IR,piotroski_f,Piotroski F-Score,False,0.6667,"['F-Score=6/9', 'positive net income', 'positive operating cash flow', 'ROA improving', 'leverage declining', 'gross margin improving', 'asset turnover improving']","['F-Score 6/9 below 7', 'OCF > net income', 'current ratio improving', 'no share dilution']","{'f_score': 6, 'max_score': 9, 'components': [{'name': 'positive net income', 'passed': True}, {'name': 'positive operating cash flow', 'passed': True}, {'name': 'ROA improving', 'passed': True}, {'name': 'OCF > net income', 'passed': False}, {'name': 'leverage declining', 'passed': True}, {'name': 'current ratio improving', 'passed': False}, {'name': 'no share dilution', 'passed': False}, {'name': 'gross margin improving', 'passed': True}, {'name': 'asset turnover improving', 'passed': True}]}"
HMSO.IR,composite_value,Composite Value,False,0.4583,['top-tier on ev_ebitda (percentile 83%)'],[],
HMSO.IR,earnings_quality,Earnings Quality,False,0.3333,['ratio=3.44%'],"['weak free-cash conversion', 'operating cash below earnings']",
HMSO.IR,financial_health,Financial Health,False,0.4,"['leverage=41.8%', 'CR=1.63']","['high debt to equity', 'high net debt/EBITDA', 'weak interest coverage']",
IR5B.IR,graham_defensive,Graham Defensive,False,0.25,['Dividend payer: yield=206.00%'],"['P/E >= 15', 'valuation too rich on P/B or P/E×P/B', 'current ratio < 2']",
IR5B.IR,graham_enterprising,Graham Enterprising,False,0.8,"['P/E < 25: P/E=16.9', 'Debt/equity < 100%: D/E=93%', 'ROE > 8%: ROE=25.3%', 'Positive earnings growth: growth=6.9%']",['P/B >= 3'],
IR5B.IR,graham_net_net,Graham Net-Net,False,0.0,[],['missing NCAV (balance sheet data)'],
IR5B.IR,schloss,Schloss Low P/B,False,0.0,[],"['P/B too high', 'too much leverage']",
IR5B.IR,deep_value,Deep Value,False,0.0,[],"['P/B not below 1.0', 'EV/EBITDA not below 8']",
IR5B.IR,earnings_yield,Earnings Yield,False,0.4933,['E/P=5.9% (P/E=16.9)'],['earnings yield 5.9% below 8%'],
IR5B.IR,fcf_yield,FCF Yield,False,0.2882,['FCF yield=2.9%'],['FCF yield 2.9% below 5%'],
IR5B.IR,low_pe_high_yield,Low P/E + High Yield,False,0.5,['yield=206.0%'],['P/E not below 12.0'],
IR5B.IR,lynch_peg,Lynch PEG,False,0.0,"['PEG=2.45', 'growth=6.9%']",['PEG 2.45 >= 1.0'],
IR5B.IR,neff_pegy,Neff PEGY,True,0.9206,"['PEGY=0.08', 'growth=6.9%', 'yield=206.0%']",[],
IR5B.IR,quality_value,Quality Value,False,0.6,"['ROE >= 12%: ROE=25.3%', 'Profit margin >= 5%: margin=10.4%', 'P/E < 20: P/E=16.9']","['high leverage', 'FCF yield below 3%']",
IR5B.IR,buffett_quality,Buffett Quality,True,0.75,"['ROE >= 15%: ROE=25.3%', 'margin >= 8%: margin=10.4%', 'P/E < 25.0: P/E=16.9']",['too much debt'],
IR5B.IR,economic_moat,Economic Moat,False,0.5,"['high ROE=25.3%', 'solid ROA=10.5%']","['margins below 12%', 'leverage too high']",
IR5B.IR,high_dividend,High Dividend Yield,False,0.401,"['yield=206.0%', 'universe rank 40%']",['not in top quartile for yield'],
IR5B.IR,dividend_growth,Dividend Growth,True,1.0,"['dividend payer: yield=206.0%', 'earnings growth: growth=6.9%', 'reasonable P/E: P/E=16.9']",[],
IR5B.IR,magic_formula,Magic Formula,True,0.6989,"['earnings yield rank 63%', 'ROIC rank 77%']",[],
IR5B.IR,acquirers_multiple,Acquirer's Multiple,False,0.5854,"['EV/EBIT=16.4', 'universe rank 59%']","['EV/EBIT 16.4 above 12.0', 'not in top 40% cheapest on EV/EBIT']",
IR5B.IR,dreman_contrarian,Dreman Contrarian,False,0.4134,[],"['P/E not in bottom quartile', 'P/B not cheap vs universe', 'dividend yield below median']",
IR5B.IR,piotroski_f,Piotroski F-Score,False,0.6667,"['F-Score=6/9', 'positive net income', 'positive operating cash flow', 'ROA improving', 'OCF > net income', 'no share dilution', 'gross margin improving']","['F-Score 6/9 below 7', 'leverage declining', 'current ratio improving', 'asset turnover improving']","{'f_score': 6, 'max_score': 9, 'components': [{'name': 'positive net income', 'passed': True}, {'name': 'positive operating cash flow', 'passed': True}, {'name': 'ROA improving', 'passed': True}, {'name': 'OCF > net income', 'passed': True}, {'name': 'leverage declining', 'passed': False}, {'name': 'current ratio improving', 'passed': False}, {'name': 'no share dilution', 'passed': True}, {'name': 'gross margin improving', 'passed': True}, {'name': 'asset turnover improving', 'passed': False}]}"
IR5B.IR,composite_value,Composite Value,False,0.58,"['top-tier on trailing_pe (percentile 75%)', 'top-tier on ev_ebitda (percentile 75%)']",[],
IR5B.IR,earnings_quality,Earnings Quality,False,0.6667,"['OCF/NI=2.00', 'ratio=-10.50%']",['weak free-cash conversion'],
IR5B.IR,financial_health,Financial Health,False,0.6,"['leverage=41.0%', 'ratio=1.6', 'coverage=8.4x']","['high debt to equity', 'weak liquidity']",
IRES.IR,graham_defensive,Graham Defensive,False,0.75,"['P/E < 15: P/E=8.7', 'P/B < 1.5 or P/E×P/B < 22.5: P/B=0.94', 'Dividend payer: yield=385.00%']",['current ratio < 2'],
IRES.IR,graham_enterprising,Graham Enterprising,True,1.0,"['P/E < 25: P/E=8.7', 'P/B < 3: P/B=0.94', 'Debt/equity < 100%: D/E=76%', 'ROE > 8%: ROE=11.7%', 'Positive earnings growth: growth=194.0%']",[],
IRES.IR,graham_net_net,Graham Net-Net,False,0.0,[],['missing NCAV (balance sheet data)'],
IRES.IR,schloss,Schloss Low P/B,False,0.5,['P/B < 1.2: P/B=0.94'],['too much leverage'],
IRES.IR,deep_value,Deep Value,False,0.5,['P/B=0.94'],['EV/EBITDA not below 8'],
IRES.IR,earnings_yield,Earnings Yield,True,0.9601,['E/P=11.5% (P/E=8.7)'],[],
IRES.IR,fcf_yield,FCF Yield,False,0.2881,['FCF yield=2.9%'],['FCF yield 2.9% below 5%'],
IRES.IR,low_pe_high_yield,Low P/E + High Yield,True,1.0,"['P/E=8.7', 'yield=385.0%']",[],
IRES.IR,lynch_peg,Lynch PEG,True,0.9553,"['PEG=0.04', 'growth=194.0%']",[],
IRES.IR,neff_pegy,Neff PEGY,True,0.985,"['PEGY=0.01', 'growth=194.0%', 'yield=385.0%']",[],
IRES.IR,quality_value,Quality Value,False,0.6,"['Profit margin >= 5%: margin=94.8%', 'Debt/equity < 80%: D/E=76%', 'P/E < 20: P/E=8.7']","['ROE below 12%', 'FCF yield below 3%']",
IRES.IR,buffett_quality,Buffett Quality,False,0.5,"['margin >= 8%: margin=94.8%', 'P/E < 25.0: P/E=8.7']","['ROE too low', 'too much debt']",
IRES.IR,economic_moat,Economic Moat,False,0.25,['wide margin=94.8%'],"['ROE below 18%', 'ROA below 8%', 'leverage too high']",
IRES.IR,high_dividend,High Dividend Yield,False,0.6823,"['yield=385.0%', 'universe rank 68%']",['not in top quartile for yield'],
IRES.IR,dividend_growth,Dividend Growth,True,1.0,"['dividend payer: yield=385.0%', 'earnings growth: growth=194.0%', 'reasonable P/E: P/E=8.7']",[],
IRES.IR,magic_formula,Magic Formula,False,0.2675,[],['below top half on combined Magic Formula rank'],
IRES.IR,acquirers_multiple,Acquirer's Multiple,False,0.3476,"['EV/EBIT=22.8', 'universe rank 35%']","['EV/EBIT 22.8 above 12.0', 'not in top 40% cheapest on EV/EBIT']",
IRES.IR,dreman_contrarian,Dreman Contrarian,True,0.8257,"['low P/E rank 93%', 'low P/B rank 86%', 'dividend rank 68%']",[],
IRES.IR,piotroski_f,Piotroski F-Score,True,0.8889,"['F-Score=8/9', 'positive net income', 'positive operating cash flow', 'ROA improving', 'OCF > net income', 'leverage declining', 'current ratio improving', 'no share dilution', 'gross margin improving']",['asset turnover improving'],"{'f_score': 8, 'max_score': 9, 'components': [{'name': 'positive net income', 'passed': True}, {'name': 'positive operating cash flow', 'passed': True}, {'name': 'ROA improving', 'passed': True}, {'name': 'OCF > net income', 'passed': True}, {'name': 'leverage declining', 'passed': True}, {'name': 'current ratio improving', 'passed': True}, {'name': 'no share dilution', 'passed': True}, {'name': 'gross margin improving', 'passed': True}, {'name': 'asset turnover improving', 'passed': False}]}"
IRES.IR,composite_value,Composite Value,False,0.35,['top-tier on trailing_pe (percentile 83%)'],[],
IRES.IR,earnings_quality,Earnings Quality,False,0.6667,"['OCF/NI=1.15', 'ratio=-0.58%']",['weak free-cash conversion'],
IRES.IR,financial_health,Financial Health,False,0.4,"['D/E=76%', 'leverage=43.2%']","['weak liquidity', 'high net debt/EBITDA', 'weak interest coverage']",
KMR.IR,graham_defensive,Graham Defensive,False,0.5,"['P/B < 1.5 or P/E×P/B < 22.5: P/B=0.35', 'Current ratio >= 2: CR=3.07']","['no positive trailing P/E', 'no dividend']",
KMR.IR,graham_enterprising,Graham Enterprising,False,0.4,"['P/B < 3: P/B=0.35', 'Debt/equity < 100%: D/E=26%']","['missing P/E', 'ROE <= 8%', 'negative earnings growth']",
KMR.IR,graham_net_net,Graham Net-Net,False,0.0,[],['missing NCAV (balance sheet data)'],
KMR.IR,schloss,Schloss Low P/B,True,1.0,"['P/B < 1.2: P/B=0.35', 'D/E < 50.0%: D/E=26%']",[],
KMR.IR,deep_value,Deep Value,False,0.5,['P/B=0.35'],['EV/EBITDA not below 8'],
KMR.IR,earnings_yield,Earnings Yield,False,1.0,['E/P=nan% (P/E=nan)'],['earnings yield nan% below 8%'],
KMR.IR,fcf_yield,FCF Yield,False,0.0,['FCF yield=-22.3%'],['FCF yield -22.3% below 5%'],
KMR.IR,low_pe_high_yield,Low P/E + High Yield,False,0.0,[],"['P/E not below 12.0', 'yield below 4%']",
KMR.IR,lynch_peg,Lynch PEG,False,0.0,"['PEG=nan', 'growth=nan%']",[],
KMR.IR,neff_pegy,Neff PEGY,False,0.0,"['PEGY=nan', 'growth=nan%', 'yield=0.0%']",['PEGY nan >= 1.0'],
KMR.IR,quality_value,Quality Value,False,0.2,['Debt/equity < 80%: D/E=26%'],"['ROE below 12%', 'thin margins', 'missing P/E', 'FCF yield below 3%']",
KMR.IR,buffett_quality,Buffett Quality,False,0.25,['D/E < 60.0%: D/E=26%'],"['ROE too low', 'thin margins', 'missing P/E']",
KMR.IR,economic_moat,Economic Moat,False,0.25,['low leverage D/E=26%'],"['ROE below 18%', 'ROA below 8%', 'margins below 12%']",
KMR.IR,high_dividend,High Dividend Yield,False,0.0,"['yield=0.0%', 'universe rank 0%']","['yield 0.0% below 3% floor', 'not in top quartile for yield', 'no positive earnings']",
KMR.IR,dividend_growth,Dividend Growth,False,0.0,[],"['yield too low', 'earnings not growing', 'P/E out of range']",
KMR.IR,magic_formula,Magic Formula,False,0.0373,[],['below top half on combined Magic Formula rank'],
KMR.IR,acquirers_multiple,Acquirer's Multiple,False,0.0122,"['EV/EBIT=434.1', 'universe rank 1%']","['EV/EBIT 434.1 above 12.0', 'not in top 40% cheapest on EV/EBIT']",
KMR.IR,dreman_contrarian,Dreman Contrarian,False,0.4948,['low P/B rank 99%'],['dividend yield below median'],
KMR.IR,piotroski_f,Piotroski F-Score,False,0.3333,"['F-Score=3/9', 'positive operating cash flow', 'OCF > net income', 'no share dilution']","['F-Score 3/9 below 7', 'positive net income', 'ROA improving', 'leverage declining', 'current ratio improving', 'gross margin improving', 'asset turnover improving']","{'f_score': 3, 'max_score': 9, 'components': [{'name': 'positive net income', 'passed': False}, {'name': 'positive operating cash flow', 'passed': True}, {'name': 'ROA improving', 'passed': False}, {'name': 'OCF > net income', 'passed': True}, {'name': 'leverage declining', 'passed': False}, {'name': 'current ratio improving', 'passed': False}, {'name': 'no share dilution', 'passed': True}, {'name': 'gross margin improving', 'passed': False}, {'name': 'asset turnover improving', 'passed': False}]}"
KMR.IR,composite_value,Composite Value,False,0.2917,['top-tier on price_to_book (percentile 100%)'],['missing trailing_pe'],
KMR.IR,earnings_quality,Earnings Quality,False,0.5,['ratio=-38.53%'],['negative net income'],
KMR.IR,financial_health,Financial Health,False,0.6,"['D/E=26%', 'leverage=18.6%', 'CR=3.24']","['high net debt/EBITDA', 'weak interest coverage']",
KRZ.IR,graham_defensive,Graham Defensive,False,0.25,['Dividend payer: yield=161.00%'],"['P/E >= 15', 'valuation too rich on P/B or P/E×P/B', 'current ratio < 2']",
KRZ.IR,graham_enterprising,Graham Enterprising,True,0.8,"['P/E < 25: P/E=22.3', 'P/B < 3: P/B=2.29', 'Debt/equity < 100%: D/E=46%', 'ROE > 8%: ROE=10.6%']",['negative earnings growth'],
KRZ.IR,graham_net_net,Graham Net-Net,False,0.0,[],['missing NCAV (balance sheet data)'],
KRZ.IR,schloss,Schloss Low P/B,False,0.5,['D/E < 50.0%: D/E=46%'],['P/B too high'],
KRZ.IR,deep_value,Deep Value,False,0.0,[],"['P/B not below 1.0', 'EV/EBITDA not below 8']",
KRZ.IR,earnings_yield,Earnings Yield,False,0.3741,['E/P=4.5% (P/E=22.3)'],['earnings yield 4.5% below 8%'],
KRZ.IR,fcf_yield,FCF Yield,False,0.1984,['FCF yield=2.0%'],['FCF yield 2.0% below 5%'],
KRZ.IR,low_pe_high_yield,Low P/E + High Yield,False,0.5,['yield=161.0%'],['P/E not below 12.0'],
KRZ.IR,lynch_peg,Lynch PEG,False,0.2,[],['missing or negative earnings growth'],
KRZ.IR,neff_pegy,Neff PEGY,True,0.8583,"['PEGY=0.14', 'growth=-3.8%', 'yield=161.0%']",[],
KRZ.IR,quality_value,Quality Value,False,0.4,"['Profit margin >= 5%: margin=9.6%', 'Debt/equity < 80%: D/E=46%']","['ROE below 12%', 'P/E >= 20', 'FCF yield below 3%']",
KRZ.IR,buffett_quality,Buffett Quality,False,0.75,"['D/E < 60.0%: D/E=46%', 'margin >= 8%: margin=9.6%', 'P/E < 25.0: P/E=22.3']",['ROE too low'],
KRZ.IR,economic_moat,Economic Moat,False,0.25,['low leverage D/E=46%'],"['ROE below 18%', 'ROA below 8%', 'margins below 12%']",
KRZ.IR,high_dividend,High Dividend Yield,False,0.2865,"['yield=161.0%', 'universe rank 29%']",['not in top quartile for yield'],
KRZ.IR,dividend_growth,Dividend Growth,True,0.6667,"['dividend payer: yield=161.0%', 'reasonable P/E: P/E=22.3']",['earnings not growing'],
KRZ.IR,magic_formula,Magic Formula,True,0.5199,['earnings yield rank 58%'],[],
KRZ.IR,acquirers_multiple,Acquirer's Multiple,False,0.5366,"['EV/EBIT=17.9', 'universe rank 54%']","['EV/EBIT 17.9 above 12.0', 'not in top 40% cheapest on EV/EBIT']",
KRZ.IR,dreman_contrarian,Dreman Contrarian,False,0.3795,[],"['P/E not in bottom quartile', 'P/B not cheap vs universe', 'dividend yield below median']",
KRZ.IR,piotroski_f,Piotroski F-Score,True,0.8889,"['F-Score=8/9', 'positive net income', 'positive operating cash flow', 'ROA improving', 'OCF > net income', 'leverage declining', 'current ratio improving', 'no share dilution', 'asset turnover improving']",['gross margin improving'],"{'f_score': 8, 'max_score': 9, 'components': [{'name': 'positive net income', 'passed': True}, {'name': 'positive operating cash flow', 'passed': True}, {'name': 'ROA improving', 'passed': True}, {'name': 'OCF > net income', 'passed': True}, {'name': 'leverage declining', 'passed': True}, {'name': 'current ratio improving', 'passed': True}, {'name': 'no share dilution', 'passed': True}, {'name': 'gross margin improving', 'passed': False}, {'name': 'asset turnover improving', 'passed': True}]}"
KRZ.IR,composite_value,Composite Value,False,0.2819,[],[],
KRZ.IR,earnings_quality,Earnings Quality,False,0.6667,"['OCF/NI=1.15', 'ratio=-0.91%']",['weak free-cash conversion'],
KRZ.IR,financial_health,Financial Health,True,1.0,"['D/E=46%', 'leverage=24.3%', 'CR=1.68', 'ratio=2.0', 'coverage=10.2x']",[],
KRX.IR,graham_defensive,Graham Defensive,False,0.25,['Dividend payer: yield=55.00%'],"['P/E >= 15', 'valuation too rich on P/B or P/E×P/B', 'current ratio < 2']",
KRX.IR,graham_enterprising,Graham Enterprising,False,0.6,"['Debt/equity < 100%: D/E=53%', 'ROE > 8%: ROE=15.2%', 'Positive earnings growth: growth=4.9%']","['P/E >= 25', 'P/B >= 3']",
KRX.IR,graham_net_net,Graham Net-Net,False,0.0,[],['missing NCAV (balance sheet data)'],
KRX.IR,schloss,Schloss Low P/B,False,0.0,[],"['P/B too high', 'too much leverage']",
KRX.IR,deep_value,Deep Value,False,0.0,[],"['P/B not below 1.0', 'EV/EBITDA not below 8']",
KRX.IR,earnings_yield,Earnings Yield,False,0.316,['E/P=3.8% (P/E=26.4)'],['earnings yield 3.8% below 8%'],
KRX.IR,fcf_yield,FCF Yield,False,0.344,['FCF yield=3.4%'],['FCF yield 3.4% below 5%'],
KRX.IR,low_pe_high_yield,Low P/E + High Yield,False,0.5,['yield=55.0%'],['P/E not below 12.0'],
KRX.IR,lynch_peg,Lynch PEG,False,0.0,"['PEG=5.38', 'growth=4.9%']","['growth 4.9% below 5% floor', 'PEG 5.38 >= 1.0']",
KRX.IR,neff_pegy,Neff PEGY,True,0.5598,"['PEGY=0.44', 'growth=4.9%', 'yield=55.0%']",[],
KRX.IR,quality_value,Quality Value,True,0.8,"['ROE >= 12%: ROE=15.2%', 'Profit margin >= 5%: margin=7.2%', 'Debt/equity < 80%: D/E=53%', 'FCF yield >= 3%: FCF yield=3.4%']",['P/E >= 20'],
KRX.IR,buffett_quality,Buffett Quality,False,0.5,"['ROE >= 15%: ROE=15.2%', 'D/E < 60.0%: D/E=53%']","['thin margins', 'P/E too high']",
KRX.IR,economic_moat,Economic Moat,False,0.0,[],"['ROE below 18%', 'ROA below 8%', 'margins below 12%', 'leverage too high']",
KRX.IR,high_dividend,High Dividend Yield,False,0.1094,"['yield=55.0%', 'universe rank 11%']",['not in top quartile for yield'],
KRX.IR,dividend_growth,Dividend Growth,True,0.6667,"['dividend payer: yield=55.0%', 'earnings growth: growth=4.9%']",['P/E out of range'],
KRX.IR,magic_formula,Magic Formula,False,0.4815,['ROIC rank 58%'],['below top half on combined Magic Formula rank'],
KRX.IR,acquirers_multiple,Acquirer's Multiple,False,0.3415,"['EV/EBIT=22.9', 'universe rank 34%']","['EV/EBIT 22.9 above 12.0', 'not in top 40% cheapest on EV/EBIT']",
KRX.IR,dreman_contrarian,Dreman Contrarian,False,0.2432,[],"['P/E not in bottom quartile', 'P/B not cheap vs universe', 'dividend yield below median']",
KRX.IR,piotroski_f,Piotroski F-Score,True,0.8889,"['F-Score=8/9', 'positive net income', 'positive operating cash flow', 'ROA improving', 'OCF > net income', 'leverage declining', 'no share dilution', 'gross margin improving', 'asset turnover improving']",['current ratio improving'],"{'f_score': 8, 'max_score': 9, 'components': [{'name': 'positive net income', 'passed': True}, {'name': 'positive operating cash flow', 'passed': True}, {'name': 'ROA improving', 'passed': True}, {'name': 'OCF > net income', 'passed': True}, {'name': 'leverage declining', 'passed': True}, {'name': 'current ratio improving', 'passed': False}, {'name': 'no share dilution', 'passed': True}, {'name': 'gross margin improving', 'passed': True}, {'name': 'asset turnover improving', 'passed': True}]}"
KRX.IR,composite_value,Composite Value,False,0.3962,[],[],
KRX.IR,earnings_quality,Earnings Quality,True,1.0,"['FCF/NI=0.92', 'OCF/NI=1.22', 'ratio=-1.51%']",[],
KRX.IR,financial_health,Financial Health,True,1.0,"['D/E=53%', 'leverage=27.4%', 'CR=1.37', 'ratio=1.7', 'coverage=11.6x']",[],
MLC.IR,graham_defensive,Graham Defensive,False,0.5,"['P/B < 1.5 or P/E×P/B < 22.5: P/B=0.79', 'Current ratio >= 2: CR=16.12']","['P/E >= 15', 'no dividend']",
MLC.IR,graham_enterprising,Graham Enterprising,False,0.2,['P/B < 3: P/B=0.79'],"['P/E >= 25', 'excessive leverage', 'ROE <= 8%', 'negative earnings growth']",
MLC.IR,graham_net_net,Graham Net-Net,False,0.0,[],['missing NCAV (balance sheet data)'],
MLC.IR,schloss,Schloss Low P/B,False,0.5,['P/B < 1.2: P/B=0.79'],['too much leverage'],
MLC.IR,deep_value,Deep Value,False,0.5,['P/B=0.79'],['EV/EBITDA not below 8'],
MLC.IR,earnings_yield,Earnings Yield,False,0.0,['E/P=0.0% (P/E=inf)'],['earnings yield 0.0% below 8%'],
MLC.IR,fcf_yield,FCF Yield,False,0.0,['FCF yield=-3.0%'],['FCF yield -3.0% below 5%'],
MLC.IR,low_pe_high_yield,Low P/E + High Yield,False,0.0,[],"['P/E not below 12.0', 'yield below 4%']",
MLC.IR,lynch_peg,Lynch PEG,False,0.0,"['PEG=nan', 'growth=nan%']",[],
MLC.IR,neff_pegy,Neff PEGY,False,0.0,"['PEGY=nan', 'growth=nan%', 'yield=0.0%']",['PEGY nan >= 1.0'],
MLC.IR,quality_value,Quality Value,False,0.0,[],"['ROE below 12%', 'thin margins', 'high leverage', 'P/E >= 20', 'FCF yield below 3%']",
MLC.IR,buffett_quality,Buffett Quality,False,0.0,[],"['ROE too low', 'too much debt', 'thin margins', 'P/E too high']",
MLC.IR,economic_moat,Economic Moat,False,0.0,[],"['ROE below 18%', 'ROA below 8%', 'margins below 12%', 'leverage too high']",
MLC.IR,high_dividend,High Dividend Yield,False,0.0,"['yield=0.0%', 'universe rank 0%']","['yield 0.0% below 3% floor', 'not in top quartile for yield']",
MLC.IR,dividend_growth,Dividend Growth,False,0.0,[],"['yield too low', 'earnings not growing', 'P/E out of range']",
MLC.IR,magic_formula,Magic Formula,False,0.0127,[],['below top half on combined Magic Formula rank'],
MLC.IR,acquirers_multiple,Acquirer's Multiple,False,0.0,[],['missing EV or EBIT'],
MLC.IR,dreman_contrarian,Dreman Contrarian,False,0.3092,['low P/B rank 92%'],"['P/E not in bottom quartile', 'dividend yield below median']",
MLC.IR,piotroski_f,Piotroski F-Score,False,0.3333,"['F-Score=3/9', 'leverage declining', 'current ratio improving', 'no share dilution']","['F-Score 3/9 below 7', 'positive net income', 'positive operating cash flow', 'ROA improving', 'OCF > net income', 'gross margin improving', 'asset turnover improving']","{'f_score': 3, 'max_score': 9, 'components': [{'name': 'positive net income', 'passed': False}, {'name': 'positive operating cash flow', 'passed': False}, {'name': 'ROA improving', 'passed': False}, {'name': 'OCF > net income', 'passed': False}, {'name': 'leverage declining', 'passed': True}, {'name': 'current ratio improving', 'passed': True}, {'name': 'no share dilution', 'passed': True}, {'name': 'gross margin improving', 'passed': False}, {'name': 'asset turnover improving', 'passed': False}]}"
MLC.IR,composite_value,Composite Value,False,0.2877,['top-tier on price_to_book (percentile 100%)'],['missing ev_ebitda'],
MLC.IR,earnings_quality,Earnings Quality,False,0.5,['ratio=0.65%'],['negative net income'],
MLC.IR,financial_health,Financial Health,False,0.6,"['leverage=0.0%', 'CR=62.60', 'insufficient data — skipped']","['high debt to equity', 'weak interest coverage']",
MIO.IR,graham_defensive,Graham Defensive,False,0.75,"['P/B < 1.5 or P/E×P/B < 22.5: P/B=1.23', 'Current ratio >= 2: CR=3.13', 'Dividend payer: yield=228.00%']",['P/E >= 15'],
MIO.IR,graham_enterprising,Graham Enterprising,False,0.8,"['P/E < 25: P/E=22.5', 'P/B < 3: P/B=1.23', 'Debt/equity < 100%: D/E=19%', 'Positive earnings growth: growth=292.1%']",['ROE <= 8%'],
MIO.IR,graham_net_net,Graham Net-Net,False,0.0,[],['missing NCAV (balance sheet data)'],
MIO.IR,schloss,Schloss Low P/B,False,0.5,['D/E < 50.0%: D/E=19%'],['P/B too high'],
MIO.IR,deep_value,Deep Value,False,0.0,[],"['P/B not below 1.0', 'EV/EBITDA not below 8']",
MIO.IR,earnings_yield,Earnings Yield,False,0.3704,['E/P=4.4% (P/E=22.5)'],['earnings yield 4.4% below 8%'],
MIO.IR,fcf_yield,FCF Yield,False,0.2761,['FCF yield=2.8%'],['FCF yield 2.8% below 5%'],
MIO.IR,low_pe_high_yield,Low P/E + High Yield,False,0.5,['yield=228.0%'],['P/E not below 12.0'],
MIO.IR,lynch_peg,Lynch PEG,True,0.923,"['PEG=0.08', 'growth=292.1%']",[],
MIO.IR,neff_pegy,Neff PEGY,True,0.9567,"['PEGY=0.04', 'growth=292.1%', 'yield=228.0%']",[],
MIO.IR,quality_value,Quality Value,False,0.4,"['Profit margin >= 5%: margin=6.5%', 'Debt/equity < 80%: D/E=19%']","['ROE below 12%', 'P/E >= 20', 'FCF yield below 3%']",
MIO.IR,buffett_quality,Buffett Quality,False,0.5,"['D/E < 60.0%: D/E=19%', 'P/E < 25.0: P/E=22.5']","['ROE too low', 'thin margins']",
MIO.IR,economic_moat,Economic Moat,False,0.25,['low leverage D/E=19%'],"['ROE below 18%', 'ROA below 8%', 'margins below 12%']",
MIO.IR,high_dividend,High Dividend Yield,False,0.4271,"['yield=228.0%', 'universe rank 43%']",['not in top quartile for yield'],
MIO.IR,dividend_growth,Dividend Growth,True,1.0,"['dividend payer: yield=228.0%', 'earnings growth: growth=292.1%', 'reasonable P/E: P/E=22.5']",[],
MIO.IR,magic_formula,Magic Formula,False,0.3966,['earnings yield rank 54%'],['below top half on combined Magic Formula rank'],
MIO.IR,acquirers_multiple,Acquirer's Multiple,False,0.4939,"['EV/EBIT=19.3', 'universe rank 49%']","['EV/EBIT 19.3 above 12.0', 'not in top 40% cheapest on EV/EBIT']",
MIO.IR,dreman_contrarian,Dreman Contrarian,False,0.5351,['low P/B rank 80%'],"['P/E not in bottom quartile', 'dividend yield below median']",
MIO.IR,piotroski_f,Piotroski F-Score,True,0.8889,"['F-Score=8/9', 'positive net income', 'positive operating cash flow', 'ROA improving', 'OCF > net income', 'leverage declining', 'no share dilution', 'gross margin improving', 'asset turnover improving']",['current ratio improving'],"{'f_score': 8, 'max_score': 9, 'components': [{'name': 'positive net income', 'passed': True}, {'name': 'positive operating cash flow', 'passed': True}, {'name': 'ROA improving', 'passed': True}, {'name': 'OCF > net income', 'passed': True}, {'name': 'leverage declining', 'passed': True}, {'name': 'current ratio improving', 'passed': False}, {'name': 'no share dilution', 'passed': True}, {'name': 'gross margin improving', 'passed': True}, {'name': 'asset turnover improving', 'passed': True}]}"
MIO.IR,composite_value,Composite Value,False,0.6162,['top-tier on price_to_book (percentile 100%)'],[],
MIO.IR,earnings_quality,Earnings Quality,True,1.0,"['FCF/NI=0.96', 'OCF/NI=1.60', 'ratio=-1.60%']",[],
MIO.IR,financial_health,Financial Health,True,1.0,"['D/E=19%', 'leverage=16.3%', 'CR=3.32', 'ratio=0.8', 'coverage=5.5x']",[],
OIZ.IR,graham_defensive,Graham Defensive,False,0.75,"['P/E < 15: P/E=9.4', 'P/B < 1.5 or P/E×P/B < 22.5: P/B=0.88', 'Dividend payer: yield=446.00%']",['current ratio < 2'],
OIZ.IR,graham_enterprising,Graham Enterprising,True,1.0,"['P/E < 25: P/E=9.4', 'P/B < 3: P/B=0.88', 'Debt/equity < 100%: D/E=69%', 'ROE > 8%: ROE=10.5%', 'Positive earnings growth: growth=14.2%']",[],
OIZ.IR,graham_net_net,Graham Net-Net,False,0.0,[],['missing NCAV (balance sheet data)'],
OIZ.IR,schloss,Schloss Low P/B,False,0.5,['P/B < 1.2: P/B=0.88'],['too much leverage'],
OIZ.IR,deep_value,Deep Value,True,1.0,"['P/B=0.88', 'EV/EBITDA=5.9']",[],
OIZ.IR,earnings_yield,Earnings Yield,True,0.8898,['E/P=10.7% (P/E=9.4)'],[],
OIZ.IR,fcf_yield,FCF Yield,True,0.554,['FCF yield=5.5%'],[],
OIZ.IR,low_pe_high_yield,Low P/E + High Yield,True,1.0,"['P/E=9.4', 'yield=446.0%']",[],
OIZ.IR,lynch_peg,Lynch PEG,True,0.3404,"['PEG=0.66', 'growth=14.2%']",[],
OIZ.IR,neff_pegy,Neff PEGY,True,0.9796,"['PEGY=0.02', 'growth=14.2%', 'yield=446.0%']",[],
OIZ.IR,quality_value,Quality Value,False,0.6,"['Debt/equity < 80%: D/E=69%', 'P/E < 20: P/E=9.4', 'FCF yield >= 3%: FCF yield=5.5%']","['ROE below 12%', 'thin margins']",
OIZ.IR,buffett_quality,Buffett Quality,False,0.25,['P/E < 25.0: P/E=9.4'],"['ROE too low', 'too much debt', 'thin margins']",
OIZ.IR,economic_moat,Economic Moat,False,0.0,[],"['ROE below 18%', 'ROA below 8%', 'margins below 12%', 'leverage too high']",
OIZ.IR,high_dividend,High Dividend Yield,True,0.7708,"['yield=446.0%', 'universe rank 77%']",[],
OIZ.IR,dividend_growth,Dividend Growth,True,1.0,"['dividend payer: yield=446.0%', 'earnings growth: growth=14.2%', 'reasonable P/E: P/E=9.4']",[],
OIZ.IR,magic_formula,Magic Formula,False,0.0,[],['missing EBIT/EV or ROIC inputs'],
OIZ.IR,acquirers_multiple,Acquirer's Multiple,False,0.0,[],['could not rank EV/EBIT'],
OIZ.IR,dreman_contrarian,Dreman Contrarian,True,0.8566,"['low P/E rank 91%', 'low P/B rank 89%', 'dividend rank 77%']",[],
OIZ.IR,piotroski_f,Piotroski F-Score,False,0.3333,"['F-Score=3/9', 'positive operating cash flow', 'current ratio improving', 'no share dilution']","['F-Score 3/9 below 7', 'positive net income', 'ROA improving', 'OCF > net income', 'leverage declining', 'gross margin improving', 'asset turnover improving']","{'f_score': 3, 'max_score': 9, 'components': [{'name': 'positive net income', 'passed': False}, {'name': 'positive operating cash flow', 'passed': True}, {'name': 'ROA improving', 'passed': False}, {'name': 'OCF > net income', 'passed': False}, {'name': 'leverage declining', 'passed': False}, {'name': 'current ratio improving', 'passed': True}, {'name': 'no share dilution', 'passed': True}, {'name': 'gross margin improving', 'passed': False}, {'name': 'asset turnover improving', 'passed': False}]}"
OIZ.IR,composite_value,Composite Value,True,0.8174,"['top-tier on trailing_pe (percentile 100%)', 'top-tier on price_to_book (percentile 79%)', 'top-tier on dividend_yield (percentile 75%)', 'top-tier on ev_ebitda (percentile 100%)']",[],
OIZ.IR,earnings_quality,Earnings Quality,False,0.0,[],"['missing net income', 'high accruals vs assets']",
OIZ.IR,financial_health,Financial Health,True,1.0,"['D/E=69%', 'leverage=18.4%', 'CR=1.16', 'ratio=1.5', 'insufficient data — skipped']",[],
PTSB.IR,graham_defensive,Graham Defensive,False,0.5,"['P/B < 1.5 or P/E×P/B < 22.5: P/B=0.73', 'Dividend payer: yield=61.00%']","['P/E >= 15', 'current ratio < 2']",
PTSB.IR,graham_enterprising,Graham Enterprising,False,0.4,"['P/E < 25: P/E=15.8', 'P/B < 3: P/B=0.73']","['excessive leverage', 'ROE <= 8%', 'negative earnings growth']",
PTSB.IR,graham_net_net,Graham Net-Net,False,0.0,[],['missing NCAV (balance sheet data)'],
PTSB.IR,schloss,Schloss Low P/B,False,0.5,['P/B < 1.2: P/B=0.73'],['too much leverage'],
PTSB.IR,deep_value,Deep Value,False,0.5,['P/B=0.73'],['EV/EBITDA not below 8'],
PTSB.IR,earnings_yield,Earnings Yield,False,0.5278,['E/P=6.3% (P/E=15.8)'],['earnings yield 6.3% below 8%'],
PTSB.IR,fcf_yield,FCF Yield,False,1.0,['FCF yield=nan%'],['FCF yield nan% below 5%'],
PTSB.IR,low_pe_high_yield,Low P/E + High Yield,False,0.5,['yield=61.0%'],['P/E not below 12.0'],
PTSB.IR,lynch_peg,Lynch PEG,False,0.0,"['PEG=nan', 'growth=nan%']",[],
PTSB.IR,neff_pegy,Neff PEGY,False,0.0,"['PEGY=nan', 'growth=nan%', 'yield=61.0%']",['PEGY nan >= 1.0'],
PTSB.IR,quality_value,Quality Value,False,0.4,"['Profit margin >= 5%: margin=19.9%', 'P/E < 20: P/E=15.8']","['ROE below 12%', 'high leverage', 'FCF yield below 3%']",
PTSB.IR,buffett_quality,Buffett Quality,False,0.5,"['margin >= 8%: margin=19.9%', 'P/E < 25.0: P/E=15.8']","['ROE too low', 'too much debt']",
PTSB.IR,economic_moat,Economic Moat,False,0.25,['wide margin=19.9%'],"['ROE below 18%', 'ROA below 8%', 'leverage too high']",
PTSB.IR,high_dividend,High Dividend Yield,False,0.1146,"['yield=61.0%', 'universe rank 11%']",['not in top quartile for yield'],
PTSB.IR,dividend_growth,Dividend Growth,True,0.6667,"['dividend payer: yield=61.0%', 'reasonable P/E: P/E=15.8']",['earnings not growing'],
PTSB.IR,magic_formula,Magic Formula,False,0.0,[],['missing EBIT/EV or ROIC inputs'],
PTSB.IR,acquirers_multiple,Acquirer's Multiple,False,0.0,[],['could not rank EV/EBIT'],
PTSB.IR,dreman_contrarian,Dreman Contrarian,False,0.5498,['low P/B rank 95%'],"['P/E not in bottom quartile', 'dividend yield below median']",
PTSB.IR,piotroski_f,Piotroski F-Score,False,0.5556,"['F-Score=5/9', 'positive net income', 'positive operating cash flow', 'OCF > net income', 'leverage declining', 'no share dilution']","['F-Score 5/9 below 7', 'ROA improving', 'current ratio improving', 'gross margin improving', 'asset turnover improving']","{'f_score': 5, 'max_score': 9, 'components': [{'name': 'positive net income', 'passed': True}, {'name': 'positive operating cash flow', 'passed': True}, {'name': 'ROA improving', 'passed': False}, {'name': 'OCF > net income', 'passed': True}, {'name': 'leverage declining', 'passed': True}, {'name': 'current ratio improving', 'passed': False}, {'name': 'no share dilution', 'passed': True}, {'name': 'gross margin improving', 'passed': False}, {'name': 'asset turnover improving', 'passed': False}]}"
PTSB.IR,composite_value,Composite Value,False,0.3476,['top-tier on price_to_book (percentile 95%)'],"['missing fcf_yield', 'missing ev_ebitda']",
PTSB.IR,earnings_quality,Earnings Quality,False,0.6667,"['OCF/NI=5.55', 'ratio=-1.70%']",['weak free-cash conversion'],
PTSB.IR,financial_health,Financial Health,False,0.4,"['leverage=6.9%', 'insufficient data — skipped']","['high debt to equity', 'weak liquidity', 'weak interest coverage']",
RYA.IR,graham_defensive,Graham Defensive,False,0.5,"['P/E < 15: P/E=13.5', 'Dividend payer: yield=161.00%']","['valuation too rich on P/B or P/E×P/B', 'current ratio < 2']",
RYA.IR,graham_enterprising,Graham Enterprising,True,0.8,"['P/E < 25: P/E=13.5', 'P/B < 3: P/B=2.63', 'Debt/equity < 100%: D/E=2%', 'ROE > 8%: ROE=22.4%']",['negative earnings growth'],
RYA.IR,graham_net_net,Graham Net-Net,False,0.0,[],['missing NCAV (balance sheet data)'],
RYA.IR,schloss,Schloss Low P/B,False,0.5,['D/E < 50.0%: D/E=2%'],['P/B too high'],
RYA.IR,deep_value,Deep Value,False,0.5,['EV/EBITDA=6.6'],['P/B not below 1.0'],
RYA.IR,earnings_yield,Earnings Yield,False,0.6183,['E/P=7.4% (P/E=13.5)'],['earnings yield 7.4% below 8%'],
RYA.IR,fcf_yield,FCF Yield,False,0.0,['FCF yield=-0.9%'],['FCF yield -0.9% below 5%'],
RYA.IR,low_pe_high_yield,Low P/E + High Yield,False,0.5,['yield=161.0%'],['P/E not below 12.0'],
RYA.IR,lynch_peg,Lynch PEG,False,0.2,[],['missing or negative earnings growth'],
RYA.IR,neff_pegy,Neff PEGY,True,0.8946,"['PEGY=0.11', 'growth=-33.1%', 'yield=161.0%']",[],
RYA.IR,quality_value,Quality Value,True,0.8,"['ROE >= 12%: ROE=22.4%', 'Profit margin >= 5%: margin=12.1%', 'Debt/equity < 80%: D/E=2%', 'P/E < 20: P/E=13.5']",['FCF yield below 3%'],
RYA.IR,buffett_quality,Buffett Quality,True,1.0,"['ROE >= 15%: ROE=22.4%', 'D/E < 60.0%: D/E=2%', 'margin >= 8%: margin=12.1%', 'P/E < 25.0: P/E=13.5']",[],
RYA.IR,economic_moat,Economic Moat,True,1.0,"['high ROE=22.4%', 'solid ROA=11.0%', 'wide margin=12.1%', 'low leverage D/E=2%']",[],
RYA.IR,high_dividend,High Dividend Yield,False,0.2865,"['yield=161.0%', 'universe rank 29%']",['not in top quartile for yield'],
RYA.IR,dividend_growth,Dividend Growth,True,0.6667,"['dividend payer: yield=161.0%', 'reasonable P/E: P/E=13.5']",['earnings not growing'],
RYA.IR,magic_formula,Magic Formula,True,0.9044,"['earnings yield rank 92%', 'ROIC rank 89%']",[],
RYA.IR,acquirers_multiple,Acquirer's Multiple,True,0.878,"['EV/EBIT=9.5', 'universe rank 88%']",[],
RYA.IR,dreman_contrarian,Dreman Contrarian,False,0.4672,[],"['P/E not in bottom quartile', 'P/B not cheap vs universe', 'dividend yield below median']",
RYA.IR,piotroski_f,Piotroski F-Score,True,0.8889,"['F-Score=8/9', 'positive net income', 'positive operating cash flow', 'ROA improving', 'OCF > net income', 'leverage declining', 'current ratio improving', 'no share dilution', 'gross margin improving']",['asset turnover improving'],"{'f_score': 8, 'max_score': 9, 'components': [{'name': 'positive net income', 'passed': True}, {'name': 'positive operating cash flow', 'passed': True}, {'name': 'ROA improving', 'passed': True}, {'name': 'OCF > net income', 'passed': True}, {'name': 'leverage declining', 'passed': True}, {'name': 'current ratio improving', 'passed': True}, {'name': 'no share dilution', 'passed': True}, {'name': 'gross margin improving', 'passed': True}, {'name': 'asset turnover improving', 'passed': False}]}"
RYA.IR,composite_value,Composite Value,False,0.565,"['top-tier on trailing_pe (percentile 80%)', 'top-tier on price_to_book (percentile 72%)', 'top-tier on ev_ebitda (percentile 90%)']",[],
RYA.IR,earnings_quality,Earnings Quality,False,0.6667,"['OCF/NI=1.70', 'ratio=-7.70%']",['weak free-cash conversion'],
RYA.IR,financial_health,Financial Health,False,0.8,"['D/E=2%', 'leverage=7.6%', 'ratio=-0.8', 'coverage=62.8x']",['weak liquidity'],
UPR.IR,graham_defensive,Graham Defensive,False,0.25,['Dividend payer: yield=50.00%'],"['P/E >= 15', 'valuation too rich on P/B or P/E×P/B', 'current ratio < 2']",
UPR.IR,graham_enterprising,Graham Enterprising,True,0.8,"['P/E < 25: P/E=19.0', 'P/B < 3: P/B=2.42', 'ROE > 8%: ROE=13.4%', 'Positive earnings growth: growth=16.7%']",['excessive leverage'],
UPR.IR,graham_net_net,Graham Net-Net,False,0.0,[],['missing NCAV (balance sheet data)'],
UPR.IR,schloss,Schloss Low P/B,False,0.0,[],"['P/B too high', 'too much leverage']",
UPR.IR,deep_value,Deep Value,False,0.0,[],"['P/B not below 1.0', 'EV/EBITDA not below 8']",
UPR.IR,earnings_yield,Earnings Yield,False,0.4397,['E/P=5.3% (P/E=19.0)'],['earnings yield 5.3% below 8%'],
UPR.IR,fcf_yield,FCF Yield,False,0.0,['FCF yield=-4.4%'],['FCF yield -4.4% below 5%'],
UPR.IR,low_pe_high_yield,Low P/E + High Yield,False,0.5,['yield=50.0%'],['P/E not below 12.0'],
UPR.IR,lynch_peg,Lynch PEG,False,0.0,"['PEG=1.13', 'growth=16.7%']",['PEG 1.13 >= 1.0'],
UPR.IR,neff_pegy,Neff PEGY,True,0.7159,"['PEGY=0.28', 'growth=16.7%', 'yield=50.0%']",[],
UPR.IR,quality_value,Quality Value,False,0.4,"['ROE >= 12%: ROE=13.4%', 'P/E < 20: P/E=19.0']","['thin margins', 'high leverage', 'FCF yield below 3%']",
UPR.IR,buffett_quality,Buffett Quality,False,0.25,['P/E < 25.0: P/E=19.0'],"['ROE too low', 'too much debt', 'thin margins']",
UPR.IR,economic_moat,Economic Moat,False,0.0,[],"['ROE below 18%', 'ROA below 8%', 'margins below 12%', 'leverage too high']",
UPR.IR,high_dividend,High Dividend Yield,False,0.0938,"['yield=50.0%', 'universe rank 9%']",['not in top quartile for yield'],
UPR.IR,dividend_growth,Dividend Growth,True,1.0,"['dividend payer: yield=50.0%', 'earnings growth: growth=16.7%', 'reasonable P/E: P/E=19.0']",[],
UPR.IR,magic_formula,Magic Formula,True,0.5671,"['earnings yield rank 63%', 'ROIC rank 50%']",[],
UPR.IR,acquirers_multiple,Acquirer's Multiple,False,0.5915,"['EV/EBIT=16.3', 'universe rank 59%']","['EV/EBIT 16.3 above 12.0', 'not in top 40% cheapest on EV/EBIT']",
UPR.IR,dreman_contrarian,Dreman Contrarian,False,0.3391,[],"['P/E not in bottom quartile', 'P/B not cheap vs universe', 'dividend yield below median']",
UPR.IR,piotroski_f,Piotroski F-Score,False,0.5556,"['F-Score=5/9', 'positive net income', 'positive operating cash flow', 'OCF > net income', 'current ratio improving', 'no share dilution']","['F-Score 5/9 below 7', 'ROA improving', 'leverage declining', 'gross margin improving', 'asset turnover improving']","{'f_score': 5, 'max_score': 9, 'components': [{'name': 'positive net income', 'passed': True}, {'name': 'positive operating cash flow', 'passed': True}, {'name': 'ROA improving', 'passed': False}, {'name': 'OCF > net income', 'passed': True}, {'name': 'leverage declining', 'passed': False}, {'name': 'current ratio improving', 'passed': True}, {'name': 'no share dilution', 'passed': True}, {'name': 'gross margin improving', 'passed': False}, {'name': 'asset turnover improving', 'passed': False}]}"
UPR.IR,composite_value,Composite Value,False,0.4626,['top-tier on trailing_pe (percentile 86%)'],[],
UPR.IR,earnings_quality,Earnings Quality,False,0.6667,"['OCF/NI=2.12', 'ratio=-3.31%']",['weak free-cash conversion'],
UPR.IR,financial_health,Financial Health,False,0.6,"['leverage=29.6%', 'ratio=4.0', 'coverage=4.3x']","['high debt to equity', 'weak liquidity']",
