ticker,name,sector,market_cap,trailing_pe,forward_pe,price_to_book,dividend_yield,current_ratio,debt_to_equity,return_on_equity,return_on_assets,profit_margins,revenue_growth,earnings_growth,free_cashflow,enterprise_value,ebitda,ebit,total_revenue,total_debt,total_cash,book_value,total_assets,total_current_assets,total_liabilities,total_current_liabilities,net_income,operating_cashflow,gross_margin,ncav,shares_outstanding,return_on_assets_prev,gross_margin_prev,current_ratio_bs,current_ratio_bs_prev,leverage,leverage_prev,asset_turnover,asset_turnover_prev,shares_outstanding_prev,interest_expense,last_price,errors,data_sources,fcf_yield,ev_ebitda,ev_ebit,earnings_yield_ebit,earnings_yield_pe,ncav_to_market,roic_proxy,data_quality_score,metrics_present,metrics_total,sector_composite_score,models_passed,model_count,mean_model_score,weighted_model_score,weighted_pass_score,min_model_score,max_model_score,pass_rate,weight_sum,families_passed,family_count,passed_families,family_mean_score,risk_family_passed,risk_mean_score,composite_score,signal,signal_rank,weeks_at_signal,signal_trend,conviction_score,stability_label,signal_since,timing_signal,timing_score,rsi_14
DG.PA,Vinci SA,Industrials,61262565376.0,12.297447,11.050253,2.0071738,4.56,0.825,120.742,0.16318001,0.0368466538909555,0.06713,0.023,0.108,8071124992.0,90836025344.0,12780000256.0,9004000000.0,75702000000.0,41346998272.0,15564000256.0,55.202,133065000000.0,49554000000.0,,58097000000.0,4903000000.0,11886000000.0,0.6000501968243904,,555967094.0,0.0375547335336046,0.5818903913808268,0.8529528202833193,0.8527792415459815,0.2832600608725059,0.2800271833563723,0.5689099312366137,0.561954112641033,562417394.0,1510000000.0,110.8,[],{},0.1317464416069313,7.107670072334622,10.088407968014216,0.0991236677948144,0.0813176913874888,,0.12010457795326,1.0,20,20,0.8536585365853658,13.0,22.0,0.6181045454545454,0.6181045454545454,0.5909090909090909,0.0,1.0,0.5909090909090909,22.0,5,5,"cheapness,quality,dividend,garp,risk",0.6585733333333333,True,0.8,0.9098,strong_buy,4,19,stable,0.8817,persistent,2026-08-20,neutral,0.625,37.10566037744088
ERIC-B.ST,Telefonaktiebolaget LM Ericsson (publ),Technology,326318030848.0,13.547425,14.53783,3.177196,3.0,1.12,37.682,0.26077,0.1018110972233662,0.10831001,-0.061,-0.109,30705874944.0,316671164416.0,35283001344.0,30393000000.0,236681000000.0,39478001664.0,54103998464.0,31.468,279223000000.0,143554000000.0,,110937000000.0,28428000000.0,32954000000.0,0.4760331416548012,,3333349459.0,6.840553537592262e-05,0.4412013877682749,1.294013719498454,1.170109346800734,0.1442001554313219,0.1557457229439006,0.8476414908513984,0.847818205449185,3332672174.0,2719000000.0,99.98,[],{},0.0940980026883739,8.975176497275253,10.419213780015134,0.0959765315419555,0.0738147655366241,,0.1806032587381006,1.0,20,20,0.8659848484848486,12.0,22.0,0.6680772727272727,0.6680772727272727,0.5454545454545454,0.0,1.0,0.5454545454545454,22.0,5,5,"cheapness,quality,dividend,garp,risk",0.7246666666666666,True,1.0,0.901,strong_buy,4,18,stable,0.8835,persistent,2026-08-21,neutral,0.375,59.585416879794344
AD.AS,Koninklijke Ahold Delhaize N.V.,Consumer Defensive,27610880000.0,12.589642,10.804638,1.9114445,3.92,0.713,133.34,0.15675999,0.0461203120862107,0.02448,0.003,-0.002,2912000000.0,43660877824.0,5388000256.0,3082000000.0,92352000000.0,19260999680.0,3211000064.0,16.532,49089000000.0,11923000000.0,,16794000000.0,2264000000.0,6989000000.0,0.2654409216909217,,886877259.0,0.0340264650283553,0.2664033036024038,0.7099559366440396,0.8350195447229248,0.3748905050011204,0.3918637398248524,1.88131760679582,1.7236410632305852,913583817.0,823000000.0,31.6,[],{},0.1054656715034073,8.103354816173194,14.166410715120051,0.0705895106466652,0.0794303761774957,,0.0954327295246942,1.0,20,20,0.8571428571428571,8.0,22.0,0.5480227272727273,0.5480227272727273,0.3636363636363636,0.0,1.0,0.3636363636363636,22.0,5,5,"cheapness,quality,dividend,garp,risk",0.60516,True,0.8,0.8893,strong_buy,4,20,stable,0.8732,persistent,2026-08-20,neutral,0.5,48.38725943100319
SGO.PA,Compagnie de Saint-Gobain S.A.,Industrials,33781331968.0,12.823749,10.145519,1.3316894,3.33,1.272,66.318,0.11038999,0.0473897034650535,0.057779998,-0.011,-0.12,3101625088.0,45982314496.0,6579999744.0,4953000000.0,46483000000.0,17269999616.0,5751000064.0,51.904,60836000000.0,21360000000.0,,16844000000.0,2883000000.0,5638000000.0,0.2783598304756577,,492707578.0,0.0460805599662983,0.2766313800433746,1.2681073379244836,1.345002108814846,0.2914228417384443,0.2890404744158916,0.7640706160825826,0.7545772708124048,496879548.0,950000000.0,69.12,[],{},0.091814765946413,6.988193964282319,9.28372996083182,0.1077153260832675,0.0779803160526613,,0.1125886524822695,1.0,20,20,0.8109756097560976,11.0,22.0,0.6145818181818181,0.6145818181818181,0.5,0.0,1.0,0.5,22.0,5,5,"cheapness,quality,dividend,garp,risk",0.6515733333333333,True,1.0,0.8866,strong_buy,4,20,stable,0.8488,persistent,2026-08-20,accumulate,0.75,26.879594602841564
UMI.BR,Umicore SA,Industrials,5217668608.0,10.78607,12.002237,2.1671333,2.31,1.399,132.626,0.22861,0.0406512264143962,0.019809999,0.601,0.742,534739744.0,6711082496.0,1367384064.0,1038696000.0,19374073000.0,3250400000.0,1799000064.0,10.004,9459690000.0,5778419000.0,,4256285000.0,384548000.0,710712000.0,0.1080195165982909,,240561925.0,-0.1572415661690485,0.1021799242894741,1.3576203191280658,1.2897000219414887,0.3015661189743004,0.3663451097062105,2.0480663742680787,1.5782479944748449,240481134.0,132094000.0,21.68,[],{},0.1024863371315129,4.907971851279378,6.46106512011214,0.1547732427099641,0.0927121741282969,,0.1996185190274445,1.0,20,20,0.8341463414634147,12.0,22.0,0.6899636363636366,0.6899636363636366,0.5454545454545454,0.0,1.0,0.5454545454545454,22.0,5,5,"cheapness,quality,dividend,garp,risk",0.7468950000000001,True,0.9,0.8488,strong_buy,4,18,stable,0.8415,persistent,2026-08-21,neutral,0.625,41.89747057688766
VOW.DE,Volkswagen AG,Consumer Cyclical,38173634560.0,7.3010545,2.946597,0.21669352,6.83,1.069,138.745,0.027609998,0.0113628781613333,0.018,0.02,-0.41,14109154304.0,267041636352.0,19285999616.0,10794000000.0,321913000000.0,280904007680.0,66773999616.0,351.418,644467000000.0,247865000000.0,,226525000000.0,7323000000.0,15009000000.0,0.1591796541301531,,501295263.0,0.0179347611410875,0.1831821472024148,1.0942059375344884,1.1298937057395215,0.3046812327085793,0.3105047360978346,0.4995026898196494,0.5129600808968171,501295263.0,3244000000.0,76.15,[],{},0.3696046883307304,13.846398510267395,24.739821785436355,0.0404206630376243,0.136966516275149,,0.0258265500954677,1.0,20,20,0.7859191176470589,9.0,22.0,0.58365,0.58365,0.4090909090909091,0.0,1.0,0.4090909090909091,22.0,4,5,"cheapness,dividend,garp,risk",0.6033916666666667,True,0.7,0.8399,strong_buy,4,19,stable,0.6503,persistent,2026-08-20,neutral,0.5,44.421492848299096
SAN.PA,Sanofi,Healthcare,88716992512.0,22.925697,8.157604,1.2819182,5.56,0.987,33.89,0.05709,0.0616142896573478,0.08091,0.146,-0.912,6298999808.0,106303012864.0,13543000064.0,9597000000.0,46716000000.0,23576000512.0,6350000128.0,57.765,126805000000.0,30952000000.0,,28345000000.0,7813000000.0,10750000000.0,0.720673859063276,,1207641512.0,0.0418681004231991,0.7018245043580364,1.09197389310284,1.460393662986078,0.16031702219944,0.1348363680175906,0.36840818579709,0.3334839380111146,1253591640.0,626000000.0,74.05,[],{},0.0710010521056379,7.849295751432111,11.0766919729082,0.0902796613326287,0.0436191754606195,,0.0974710542352224,1.0,20,20,0.7645687645687647,9.0,22.0,0.6143454545454545,0.6143454545454545,0.4090909090909091,0.0,1.0,0.4090909090909091,22.0,5,5,"cheapness,quality,dividend,garp,risk",0.6784950000000001,True,0.9,0.8369,strong_buy,4,19,stable,0.8007,persistent,2026-08-20,neutral,0.625,42.38160217593127
PHIA.AS,Koninklijke Philips N.V.,Healthcare,21112432640.0,18.947369,12.832547,1.8444197,3.94,1.257,65.049,0.10154,0.0332170427553444,0.06306,0.005,0.614,1527500032.0,26817433600.0,2416000000.0,1449000000.0,17834000000.0,7464999936.0,1788999936.0,11.711,26944000000.0,9932000000.0,,7511000000.0,895000000.0,1172000000.0,0.4518335763149041,,951288934.0,-0.0242269464384318,0.4313301148659896,1.322327253361736,1.2305992141453832,0.2898975653206651,0.2585242959690778,0.6618913301662708,0.6219284925455549,925009074.0,294000000.0,21.6,[],{},0.0723507356090254,11.099931125827814,18.50754561766736,0.0540320159495053,0.0527777761651235,,0.0745638861730046,1.0,20,20,0.7659965034965035,9.0,22.0,0.5646363636363636,0.5646363636363636,0.4090909090909091,0.0,1.0,0.4090909090909091,22.0,5,5,"cheapness,quality,dividend,garp,risk",0.7122016666666667,True,1.0,0.8101,strong_buy,4,18,stable,0.788,persistent,2026-08-21,neutral,0.625,35.87727996444006
STR.VI,Strabag SE,Industrials,12375456768.0,13.153375,14.031413,2.2638958,2.71,1.159,17.007,0.18318,0.0578245279232409,0.04724,0.15,0.258,1100411008.0,9900633088.0,1633918976.0,940924000.0,18714281000.0,933379968.0,3430158080.0,47.352,15845940000.0,9579004000.0,,7809902000.0,916284000.0,1802658000.0,0.4134955545446817,,115442696.0,0.0560836494127941,0.412139004796117,1.226520383994575,1.1985112310874768,0.0523080991092986,0.0631887249924699,1.181014253493324,1.1872379993158235,115442979.0,52506000.0,107.2,[],{},0.0889188196144325,6.059439441873524,10.522245248287852,0.0950367508458061,0.0760261149704923,,0.117088047617495,1.0,20,20,0.7621951219512195,13.0,22.0,0.692109090909091,0.692109090909091,0.5909090909090909,0.0,1.0,0.5909090909090909,22.0,5,5,"cheapness,quality,dividend,garp,risk",0.7573616666666666,True,1.0,0.7988,strong_buy,4,17,stable,0.7805,persistent,2026-08-21,wait,0.25,71.23505839855636
EVN.VI,EVN AG,Utilities,4975285760.0,9.858658,11.188777,0.7678336,3.23,1.14,17.705,0.081149995,0.0395895092786495,0.16882999,0.027,0.155,50625000.0,5999339520.0,680899968.0,359100000.0,3000000000.0,1205200000.0,509000000.0,36.336,11030700000.0,1411000000.0,,1226100000.0,436700000.0,935200000.0,0.4085333333333333,,178306200.0,0.043221301861897,0.4349300844524436,1.1508033602479406,0.991342698464554,0.1192218082261325,0.1092856619264037,0.2719682341102559,0.2647339099838733,178279208.0,54200000.0,27.9,[],{},0.0101752949362249,8.810897050886629,16.706598496240602,0.0598565890133185,0.1014336839760543,,0.0366256655039471,1.0,20,20,0.7374999999999999,10.0,22.0,0.6716500000000001,0.6716500000000001,0.4545454545454545,0.0,1.0,0.4545454545454545,22.0,4,5,"cheapness,dividend,garp,risk",0.7082200000000001,True,0.83335,0.7812,strong_buy,4,17,stable,0.6075,persistent,2026-08-21,neutral,0.5,38.89169157252444
MIO.IR,Mincon Group plc,Industrials,157229584.0,14.8,20.0,1.0123119,2.84,3.134,18.631,0.072399996,0.0267703857457395,0.06515,0.186,2.921,5280250.0,173187584.0,19722000.0,10966000.0,148715000.0,28919000.0,12961000.0,0.731,206198000.0,119412000.0,,36019000.0,5520000.0,8811000.0,0.2987728204955788,,212472413.0,0.0083521722268991,0.2787040821274444,3.3152502845720315,3.682853189080388,0.162625243697805,0.1782190860850729,0.7212242601771113,0.6827451499702046,212472413.0,2011000.0,0.74,[],{},0.0335830564812789,8.781441233140654,15.793140981214664,0.0633186268133401,0.0675675675675675,,0.0644380328947755,1.0,20,20,0.6829268292682926,9.0,22.0,0.6582772727272728,0.6582772727272728,0.4090909090909091,0.0,1.0,0.4090909090909091,22.0,5,5,"cheapness,quality,dividend,garp,risk",0.7703483333333334,True,1.0,0.7561,strong_buy,4,16,stable,0.7195,persistent,2026-08-23,neutral,0.375,53.093978464106044
DHL.DE,DHL AG,Industrials,62159998976.0,17.073172,14.742196,2.7889833,3.39,1.03,122.614,0.18090001,0.0492973612323636,0.04344,0.128,0.286,5425375232.0,86362849280.0,8397000192.0,5313000000.0,82855000000.0,27971999744.0,4291000064.0,20.079,71018000000.0,20946000000.0,,21410000000.0,3501000000.0,9119000000.0,0.164455977309758,,1119243239.0,0.047685152057245,0.1562574238608828,0.9783278841662776,0.951631949364697,0.3583176096200963,0.3211735241502683,1.1666760539581515,1.2048372093023256,1153216427.0,1107000000.0,56.0,[],{},0.0872808127634419,10.28496454749158,16.255006452098627,0.0615195080326094,0.0585714242204084,,0.1070996613449443,1.0,20,20,0.7170731707317073,9.0,22.0,0.5455045454545455,0.5455045454545455,0.4090909090909091,0.0,1.0,0.4090909090909091,22.0,5,5,"cheapness,quality,dividend,garp,risk",0.6484116666666667,True,0.8,0.7537,strong_buy,4,20,stable,0.7354,persistent,2026-08-20,neutral,0.625,53.18228194876214
LOGN.SW,Logitech International S.A.,Technology,11893222400.0,18.457777,16.76763,6.2598467,1.64,2.311,3.588,0.35287997,0.1847916690484926,0.16277,0.069,0.663,723388224.0,10227932160.0,960393984.0,785054000.0,4840761000.0,84388000.0,1749678976.0,13.268695,3848588000.0,2915256000.0,,1312973000.0,711187000.0,1037207000.0,0.4320264933550737,,143502000.0,0.1784734452751784,0.430876857889306,2.2203472577120777,2.35467705153716,0.0229058033751599,0.0261132953361081,1.2578018223826504,1.2872389009592755,148509018.0,,83.06,[],{},0.0608235682198291,10.649725352715246,13.028316727256978,0.0767558864997399,0.0541777051483502,,0.3096108833557145,1.0,20,20,0.7453030303030304,12.0,22.0,0.6657863636363636,0.6657863636363636,0.5454545454545454,0.0,1.0,0.5454545454545454,22.0,5,5,"cheapness,quality,dividend,garp,risk",0.7762066666666667,True,1.0,0.7461,strong_buy,4,18,stable,0.7457,persistent,2026-08-21,neutral,0.625,54.750586742994344
RAND.AS,Randstad N.V.,Industrials,6375877120.0,20.415731,12.554065,1.6337724,4.46,1.226,53.49,0.083100006,0.0279805352798053,0.01393,0.018,0.819,360500000.0,8218377216.0,634000000.0,555000000.0,23077000000.0,2092000000.0,258000000.0,22.243,10686000000.0,5847000000.0,,4841000000.0,299000000.0,872000000.0,0.1867227109242969,,175232895.0,0.0109919571045576,0.1948843379487604,1.2078083040694072,1.2625651720542233,0.17873853640277,0.1982126899016979,2.1595545573647765,2.155674709562109,175143347.0,95000000.0,36.34,[],{},0.0565412402427228,12.962740088328076,14.807886875675676,0.0675315801907333,0.0489818366043322,,0.0949529512403764,1.0,20,20,0.6731707317073172,10.0,22.0,0.5643181818181818,0.5643181818181818,0.4545454545454545,0.0,1.0,0.4545454545454545,22.0,5,5,"cheapness,quality,dividend,garp,risk",0.7172183333333334,True,1.0,0.7427,strong_buy,4,4,stable,0.7079,persistent,2026-09-16,neutral,0.5,39.91943788248127
ACKB.BR,Ackermans & Van Haaren NV,Industrials,8865087488.0,13.495772,13.547985,1.5029433,1.69,0.757,26.865,0.118310004,0.0278675083273597,0.11057,-0.001,0.241,508260736.0,10313808896.0,1211421056.0,621853000.0,5961612000.0,2029606016.0,2237222912.0,180.579,21263042000.0,8126924000.0,,10641196000.0,592548000.0,1005382000.0,0.3876236829904395,,32679560.0,0.0226633819200056,0.3462155161372844,0.7637227995800472,0.7556260194779704,0.4912181427285898,0.4905430964803899,0.2803743697632728,0.2978278397901925,32665602.0,57350000.0,271.4,[],{},0.057332850542986,8.51381016114681,16.585606077320524,0.0602932443552617,0.0740972802445091,,0.0585447200044135,1.0,20,20,0.6951219512195121,8.0,22.0,0.6029545454545454,0.6029545454545454,0.3636363636363636,0.0,1.0,0.3636363636363636,22.0,5,5,"cheapness,quality,dividend,garp,risk",0.6756933333333334,True,0.9,0.7415,strong_buy,4,19,stable,0.7183,persistent,2026-08-20,neutral,0.625,52.056760529527956
EG7.IR,FBD Holdings plc,Financial Services,699175424.0,10.236843,12.349207,1.4569288,5.14,0.493,10.93,0.14669,0.0344313781603892,0.13299,0.088,1.575,771720128.0,531213344.0,135291008.0,56723000.0,462729000.0,52773000.0,223658000.0,13.35,1369768000.0,,,,47163000.0,65719000.0,,,35943862.0,0.0491887389589743,,,,0.0389014782065284,0.0386717686427553,0.3378156008900777,0.302640477563699,35897184.0,2567000.0,19.45,[],{},1.1037575142229257,3.926449746017119,9.3650431747263,0.1067800736571858,0.0976863667831967,,,0.95,19,20,0.7288296291032269,13.0,22.0,0.7437045454545455,0.7437045454545455,0.5909090909090909,0.0,1.0,0.5909090909090909,22.0,5,5,"cheapness,quality,dividend,garp,risk",0.8288949999999999,True,0.9,0.7368,strong_buy,4,16,stable,0.6962,persistent,2026-08-23,neutral,0.375,66.58582507238684
SHELL.AS,Shell plc,Energy,235973754880.0,10.48604,9.42557,1.4861026,3.26,1.435,40.2,0.14341,0.0481625489401917,0.08756,0.447,2.2,21458374656.0,272859889664.0,57605001216.0,27582000000.0,266886000000.0,73075998720.0,31374000128.0,27.800907,370350000000.0,107173000000.0,,82415000000.0,17837000000.0,42863000000.0,0.1592252872012769,,5689891670.0,0.0415212237073958,0.1615865668701989,1.3004064794030212,1.3461077088200013,0.2042473336033481,0.1988550317459089,0.7206318347509113,0.7335020600656847,6084231158.0,4741000000.0,41.315,[],{},0.0909354290985124,4.736739586913022,9.89267963396418,0.1010848462702396,0.0953648851234593,,0.0957924531578307,1.0,20,20,0.7166666666666667,14.0,22.0,0.7491181818181818,0.7491181818181818,0.6363636363636364,0.0,1.0,0.6363636363636364,22.0,5,5,"cheapness,quality,dividend,garp,risk",0.816905,True,1.0,0.7333,strong_buy,4,19,stable,0.725,persistent,2026-08-20,neutral,0.375,59.82547520534984
ANDR.VI,Andritz AG,Industrials,8251497984.0,17.763714,13.809006,3.389694,3.21,1.068,25.381,0.20214,0.0529959001637611,0.05766,0.085,0.067,575180992.0,7798988288.0,779400000.0,585900000.0,7883100000.0,620200000.0,1093900032.0,24.84,8610100000.0,5514000000.0,,4887700000.0,456300000.0,652700000.0,0.5114992832768834,,97998794.0,0.0608232267548695,0.4934505695418406,1.1281379790085315,1.1691766961337735,0.0964913299497102,0.0995099840744824,0.9155642791605209,1.0184613499938748,97556284.0,48700000.0,84.2,[],{},0.069706251291014,10.006400164228896,13.311125256869772,0.07512512884543,0.0562945339020882,,0.1573984526112185,1.0,20,20,0.6890243902439025,9.0,22.0,0.5997636363636364,0.5997636363636364,0.4090909090909091,0.0,1.0,0.4090909090909091,22.0,5,5,"cheapness,quality,dividend,garp,risk",0.689645,True,1.0,0.7122,strong_buy,4,17,stable,0.7006,persistent,2026-08-21,neutral,0.375,59.695847167417455
DTE.DE,Deutsche Telekom AG,Communication Services,129656569856.0,15.230338,10.645944,2.1663737,3.69,1.033,165.297,0.15063,0.0331608971284022,0.07013,0.043,-0.05,17394624512.0,300431540224.0,42652000256.0,25612000000.0,118343000000.0,146755993600.0,5373000192.0,12.514,289769000000.0,41177000000.0,,36848000000.0,9609000000.0,40627000000.0,0.6107585577516202,,4838022420.0,0.03675877402979,0.6113229839024941,1.1174826313504125,1.0562503552953215,0.4847378429024498,0.475991526035142,0.4084046257536175,0.3774948021539087,4900429250.0,6547000000.0,27.11,[],{},0.1341592217912206,7.043785482997067,11.73010855161643,0.0852507029751398,0.0656584246521646,,0.1012648218218336,1.0,20,20,0.7,8.0,22.0,0.5598909090909092,0.5598909090909092,0.3636363636363636,0.0,1.0,0.3636363636363636,22.0,5,5,"cheapness,quality,dividend,garp,risk",0.624725,True,0.9,0.7071,strong_buy,4,1,improving,0.4397,new,2026-09-20,neutral,0.375,37.795205080663365
WKL.AS,Wolters Kluwer N.V.,Industrials,15170128896.0,11.651283,11.020977,16.18618,3.81,0.688,590.213,1.46141,0.1364774624373956,0.21864,-0.006,0.089,1247874944.0,19267311616.0,1947000064.0,1687000000.0,6125000000.0,5548000256.0,1494000000.0,4.211,9584000000.0,2633000000.0,,4058000000.0,1308000000.0,1668000000.0,0.7346938775510204,,226216153.0,0.1136028637607917,0.7251521298174443,0.6488417939871858,0.7021670190274841,0.514712020033389,0.4283006948831332,0.6390859766277128,0.6228679722046747,234366515.0,117000000.0,68.16,[],{},0.0822586909152126,9.895896755348026,11.421050157676348,0.0875576226524035,0.0858274578001409,,0.3052841114730366,1.0,20,20,0.7109756097560975,14.0,22.0,0.628240909090909,0.628240909090909,0.6363636363636364,0.0,1.0,0.6363636363636364,22.0,5,5,"cheapness,quality,dividend,garp,risk",0.6840566666666666,True,0.8,0.6939,strong_buy,4,1,improving,0.439,new,2026-09-20,neutral,0.375,49.89247004600316
DQ7A.IR,Donegal Investment Group plc,Consumer Defensive,12128620.0,,,0.6275101,3.04,16.255,,-0.18353,0.0061259893743901,0.0,,2.1,5353000.0,-5549380.0,-1386500.0,-1154000.0,0.0,0.0,17464000.0,15.936,18446000.0,18446000.0,,6129000.0,113000.0,596000.0,,,1212862.0,0.0824850027267769,,3.0096263664545604,4.570997807017544,0.0,0.0435375386293401,0.0,,1519420.0,11000.0,10.0,[],{},0.4413527672562913,4.002437793003967,4.808821490467937,0.2079511585077972,,,-0.0936916456929447,0.9,18,20,0.7476190476190476,5.0,22.0,0.4888590909090908,0.4888590909090908,0.2272727272727272,0.0,1.0,0.2272727272727272,22.0,3,5,"cheapness,dividend,risk",0.4352183333333334,True,0.8,0.8476,buy,3,16,stable,0.4307,persistent,2026-08-23,neutral,0.625,17.7877268908111
WIE.VI,Wienerberger AG,Basic Materials,1893560320.0,30.964287,10.703704,0.6769999,5.48,1.393,95.089,0.02179,0.027027027027027,0.01289,0.13,-0.709,155471008.0,4357492736.0,517000000.0,342000000.0,4566000000.0,2614000128.0,211000000.0,25.613,6142000000.0,2012000000.0,,1328000000.0,166000000.0,630000000.0,0.3510731493648708,,109201866.0,0.0123091305702711,0.3567471748282739,1.5150602409638554,1.4394618834080717,0.3116248778899381,0.3287628544717981,0.7434060566590687,0.7031785602991586,110266509.0,109000000.0,17.34,[],{},0.0821051256502882,8.428419218568665,12.741206830409356,0.0784855008878206,0.0322952697086162,,0.0710427918570835,1.0,20,20,0.6694779314888011,7.0,22.0,0.5094227272727273,0.5094227272727273,0.3181818181818182,0.0,1.0,0.3181818181818182,22.0,5,5,"cheapness,quality,dividend,garp,risk",0.55086,True,0.8,0.7284,buy,3,17,stable,0.6989,persistent,2026-08-21,neutral,0.5,30.67210762591256
MELE.BR,Melexis NV,Technology,2614646784.0,25.836576,17.261549,6.15727,5.57,5.874,69.095,0.22027999,0.1245534408863189,0.12247,0.026,-0.192,107234648.0,2946245888.0,191377328.0,133962915.0,839616959.0,301033184.0,37347732.0,10.784,903268711.0,579346805.0,,106051570.0,112505226.0,126305808.0,0.3859011737756002,,39521709.0,0.191719662495303,0.4302609874406242,5.46287815446768,4.535008512192893,0.3565253618089734,0.2484519588325878,0.9295317647729304,1.043111603048189,40322800.0,9645211.0,66.4,[],{},0.0410130533333255,15.394957797717815,21.99299625571749,0.0454690206087781,0.0387048190905791,,0.1680381769413058,1.0,20,20,0.6639393939393939,8.0,22.0,0.5094227272727272,0.5094227272727272,0.3636363636363636,0.0,1.0,0.3636363636363636,22.0,5,5,"cheapness,quality,dividend,garp,risk",0.6370583333333333,True,1.0,0.6998,buy,3,3,stable,0.5966,building,2026-09-17,neutral,0.625,49.405086229394456
C5H.IR,Cairn Homes plc,Consumer Cyclical,1638514560.0,10.58,10.244791,1.9278426,3.93,5.008,28.914,0.19629,0.1016051337330728,0.14286,0.601,0.828,123416128.0,1858545920.0,202372992.0,168586000.0,944606000.0,248750000.0,49109000.0,1.372,1306184000.0,1282012000.0,,250330000.0,132715000.0,70622000.0,0.2210074888366154,,617728891.0,0.1068486584231961,0.2174291259968065,5.121287899972037,7.5268559896208735,0.1775821783148469,0.1757847508540189,0.7231798888977357,0.8019067727456278,616059762.0,15386000.0,2.645,[],{},0.0753219599098344,9.183764600367226,11.024319457131671,0.0907085470344472,0.0945179584120983,,0.1596679086313069,1.0,20,20,0.6704411764705883,16.0,22.0,0.7586545454545455,0.7586545454545455,0.7272727272727273,0.0,1.0,0.7272727272727273,22.0,5,5,"cheapness,quality,dividend,garp,risk",0.8256866666666667,True,0.83335,0.6942,buy,3,11,stable,0.6823,persistent,2026-09-06,neutral,0.375,52.27590684516334
APAM.AS,Aperam S.A.,Basic Materials,3243478784.0,25.577143,9.694417,0.9912743,4.47,1.634,40.371,0.03946,0.001450443190975,0.02105,0.021,5.363,327750016.0,4251479040.0,286000000.0,16000000.0,6080000000.0,1327000064.0,334000000.0,45.154,6205000000.0,2968000000.0,,1645000000.0,9000000.0,422000000.0,0.0560855263157894,,72341663.0,0.0392723563413804,0.0717825739408473,1.804255319148936,1.7082601054481548,0.2099919419822723,0.1292077524651479,0.9798549556809024,1.0634138048282895,72289307.0,63000000.0,44.76,[],{},0.1010489162490541,14.865311328671329,265.71744,0.0037633961850603,0.0390974081819849,,0.0035087719298245,1.0,20,20,0.6737911725955205,8.0,22.0,0.5652454545454546,0.5652454545454546,0.3636363636363636,0.0,1.0,0.3636363636363636,22.0,4,5,"cheapness,dividend,garp,risk",0.6840183333333333,True,0.9,0.6917,buy,3,17,stable,0.5462,persistent,2026-08-21,neutral,0.5,42.68784115287467
POST.VI,Österreichische Post AG,Industrials,2127908096.0,24.418606,15.955426,3.7701976,5.81,0.676,149.926,0.13519,0.0201545896665802,0.02802,0.067,-0.761,160600000.0,3011308032.0,286800000.0,189600000.0,3043200000.0,913200000.0,74500000.0,8.355,6559300000.0,1788800000.0,,4778300000.0,132200000.0,362400000.0,0.1454061514195583,,67552638.0,0.0212418552349851,0.157087509205597,0.3743590816817697,0.3478360192723043,0.1276355708688427,0.1148046026586977,0.4639519460918085,0.4810764183058889,67552638.0,70800000.0,31.5,[],{},0.0754731843456457,10.499679330543932,15.882426329113924,0.0629626720299599,0.0409523786902495,,0.106457046603032,1.0,20,20,0.628048780487805,7.0,22.0,0.4619227272727272,0.4619227272727272,0.3181818181818182,0.0,1.0,0.3181818181818182,22.0,4,5,"cheapness,dividend,garp,risk",0.5691916666666667,True,0.8,0.6866,buy,3,17,stable,0.5259,persistent,2026-08-21,neutral,0.5,51.79387496880021
ESSITY-B.ST,Essity AB (publ),Consumer Defensive,176721412096.0,14.746337,19.7882,1.9136935,3.34,1.088,45.728,0.13964,0.075731826994423,0.08808,0.026,-0.103,8978624512.0,213672574976.0,24491999232.0,18579000000.0,138494000000.0,42609000448.0,6872999936.0,136.699,167116000000.0,54278000000.0,,40796000000.0,12656000000.0,15459000000.0,0.3330252574118734,,683048663.0,0.112735044580212,0.3238426339439078,1.3304735758407686,1.433186133804372,0.2226238062184351,0.2362697264739535,0.8287297446085354,0.785529241596684,694944489.0,1582000000.0,261.6,[],{},0.0508066589413769,8.724178575705093,11.500757574465794,0.0869507937651185,0.0678134508929234,,0.1470788473717542,1.0,20,20,0.6521978021978022,11.0,22.0,0.6059090909090908,0.6059090909090908,0.5,0.0,1.0,0.5,22.0,5,5,"cheapness,quality,dividend,garp,risk",0.680035,True,1.0,0.6736,buy,3,18,stable,0.6629,persistent,2026-08-21,neutral,0.625,35.09868955452076
MUV2.DE,Münchener Rückversicherungs-Gesellschaft Aktiengesellschaft in München,Financial Services,63636955136.0,9.406732,9.8066435,1.8961574,4.74,0.276,24.378,0.21299,0.0218551515714418,0.11163,0.013,0.098,6889625088.0,66205958144.0,,8995000000.0,62310000000.0,8222000128.0,5818999808.0,266.75,279934000000.0,,,,6118000000.0,4906000000.0,,,127961889.0,0.0199132808736149,,,,0.026556259689784,0.0220672946006521,0.222588181499925,0.2249111512976449,131406411.0,369000000.0,505.8,[],{},0.1082645307789479,,7.360306630794886,0.1358639048835393,0.1063068449276539,,,0.9,18,20,0.6933677863910422,14.0,22.0,0.6836318181818182,0.6836318181818182,0.6363636363636364,0.0,1.0,0.6363636363636364,22.0,5,5,"cheapness,quality,dividend,garp,risk",0.73342,True,0.9,0.6654,buy,3,17,stable,0.6114,persistent,2026-08-21,neutral,0.5,44.30739947550488
AKZA.AS,Akzo Nobel N.V.,Basic Materials,9612111872.0,15.075269,13.017975,1.9806458,3.53,1.884,130.976,0.14142999,0.0455131880733944,0.06428,-0.014,0.125,824625024.0,12919111680.0,1068000000.0,1164000000.0,10158000000.0,6592000000.0,3464999936.0,28.314,13952000000.0,6061000000.0,,4207000000.0,635000000.0,915000000.0,0.3986020870250049,,171069142.0,0.0380377570355814,0.4049108393240593,1.4406940812930829,1.2338266384778012,0.3484805045871559,0.3767281914520317,0.7280676605504587,0.7517018738157064,170784638.0,211000000.0,56.08,[],{},0.0857902025050421,12.096546516853932,11.098893195876288,0.0900990740564602,0.0663338080401749,,0.1194458696767573,1.0,20,20,0.6881241765480897,10.0,22.0,0.5402772727272728,0.5402772727272728,0.4545454545454545,0.0,1.0,0.4545454545454545,22.0,5,5,"cheapness,quality,dividend,garp,risk",0.6213616666666667,True,0.9,0.6607,buy,3,17,stable,0.6744,persistent,2026-08-21,neutral,0.625,29.69618702268987
SKA-B.ST,Skanska AB (publ),Industrials,111760302080.0,16.889862,16.008303,1.8179125,3.15,1.47,25.14,0.11123,0.0360220352260379,0.03807,0.041,0.524,2031374976.0,111415828480.0,8696999936.0,6214000000.0,176658000000.0,15511000064.0,16074000384.0,148.467,158292000000.0,125482000000.0,,81277000000.0,5702000000.0,7360000000.0,0.0835116439674399,,413967733.0,0.0324285806071013,0.0820484924722774,1.5438808026871071,1.5481782289904118,0.1002387991812599,0.1115959043730688,1.1160260783867788,1.0308048152236766,411521664.0,367000000.0,269.9,[],{},0.018176176497321,12.810834690110775,17.92980825233344,0.0557730448606363,0.0592071148953141,,0.0806855807310264,1.0,20,20,0.5914634146341464,6.0,22.0,0.5455136363636364,0.5455136363636364,0.2727272727272727,0.0,1.0,0.2727272727272727,22.0,5,5,"cheapness,quality,dividend,garp,risk",0.6689766666666667,True,0.83335,0.6476,buy,3,17,stable,0.6195,persistent,2026-08-21,neutral,0.625,52.85369320870058
ABI.BR,Anheuser-Busch InBev SA/NV,Consumer Defensive,133113102336.0,16.732674,15.744515,1.6445427,1.7,0.664,71.88,0.11392,0.0312465723373916,0.14896,0.11,1.249,10693624832.0,205683802112.0,19736000512.0,15650000000.0,59320000000.0,72732000256.0,8010999808.0,41.10565,218808000000.0,24769000000.0,,34475000000.0,6837000000.0,14883000000.0,0.5593223196223871,,1950752219.0,0.0283347125635776,0.5525364743675546,0.7184626540971719,0.6955482973447046,0.3337492230631421,0.3492598131022034,0.2711052612335929,0.2892415201536994,1975432021.0,3864000000.0,67.6,[],{},0.0803348779672152,10.421757031620407,13.142734959233229,0.0760876638767995,0.0597633109926124,,0.0849006960229584,1.0,20,20,0.6293956043956045,8.0,22.0,0.5810727272727273,0.5810727272727273,0.3636363636363636,0.0,1.0,0.3636363636363636,22.0,5,5,"cheapness,quality,dividend,garp,risk",0.7000900000000001,True,0.9,0.6473,buy,3,20,stable,0.6383,persistent,2026-08-20,neutral,0.625,43.951218921419965
NOVN.SW,Novartis AG,Healthcare,218772275200.0,21.042048,14.1892605,6.4481487,3.21,0.862,116.85,0.3035,0.1260398922027237,0.22502,0.008,-0.17,11900250112.0,260572282880.0,23097999360.0,17644000000.0,56674000000.0,49014001664.0,7617999872.0,17.850084,110949000000.0,30460000000.0,,27278000000.0,13984000000.0,19144000000.0,0.7582842220418534,,1908151679.0,0.116786964771238,0.7520010827114187,1.1166507808490358,1.0352711557228496,0.318849200984236,0.3057136709504528,0.5108112736482529,0.5058584198892866,1975089248.0,1144000000.0,115.1,[],{},0.0543956042927326,11.2811624426333,14.768322539106778,0.0677124972962895,0.0475238912105893,,0.2108735404142415,1.0,20,20,0.6562062937062937,8.0,22.0,0.5303409090909091,0.5303409090909091,0.3636363636363636,0.0,1.0,0.3636363636363636,22.0,5,5,"cheapness,quality,dividend,garp,risk",0.6375716666666666,True,0.9,0.6455,buy,3,18,stable,0.6509,persistent,2026-08-21,neutral,0.625,38.38139605674562
VOE.VI,Voestalpine AG,Basic Materials,7869583872.0,15.506757,9.056362,1.0381562,1.63,1.41,25.377,0.066139996,0.0265401007361487,0.03422,0.024,0.897,521312512.0,9144083456.0,1489299968.0,708900000.0,15063100000.0,2037900032.0,981100032.0,44.213,16002200000.0,7624600000.0,,5650000000.0,424700000.0,1540100000.0,0.2001513632651977,,171450616.0,0.0097557565319079,0.1802752847170614,1.3494867256637169,1.4373950926956227,0.1507542712876979,0.170779761412964,0.9413143192810988,1.0005974209211723,171450616.0,192600000.0,45.9,[],{},0.0662439743294218,6.139853389159544,12.89897511073494,0.0775255391544842,0.0644880164176171,,0.0684781978709839,1.0,20,20,0.6465974967061924,9.0,22.0,0.6394545454545454,0.6394545454545454,0.4090909090909091,0.0,1.0,0.4090909090909091,22.0,5,5,"cheapness,quality,dividend,garp,risk",0.7210016666666667,True,1.0,0.6442,buy,3,5,stable,0.6454,persistent,2026-09-15,accumulate,0.75,52.57483653120663
AED.BR,Aedifica NV/SA,Real Estate,5475611648.0,6.5338645,11.868513,0.8533777,6.1,0.127,74.772,0.12157,0.0377380512922172,1.32028,1.043,-0.127,299276384.0,11614968832.0,403196992.0,312073000.0,370191000.0,5395460096.0,55611000.0,76.871,6477123000.0,133882000.0,,618918000.0,244434000.0,317846000.0,0.9415598974583392,,47549264.0,0.0316888269235053,0.9379692923552976,0.216316216364688,0.3187087138836234,0.3968322046686469,0.4013976865706739,0.0571536158877946,0.0537964833200904,47542052.0,66909000.0,65.6,[],{},0.0546562472357426,28.807181259923684,37.21875597055817,0.02686817369154,0.1530487814676903,,0.0532710958390838,1.0,20,20,0.6833333333333332,11.0,22.0,0.6376136363636363,0.6376136363636363,0.5,0.0,1.0,0.5,22.0,5,5,"cheapness,quality,dividend,garp,risk",0.6863133333333333,True,0.8,0.6417,buy,3,12,stable,0.6625,persistent,2026-09-04,neutral,0.5,34.074789782605606
DOC.VI,DO & CO Aktiengesellschaft,Industrials,2047316480.0,18.584248,14.359603,3.96773,1.34,1.478,40.265,0.25817,0.0830806692325818,0.0442,0.05,0.163,182940000.0,2126636544.0,269350016.0,218950000.0,2461590000.0,248150000.0,269129984.0,46.979,1273100000.0,648630000.0,,450100000.0,105770000.0,244080000.0,0.272258987077458,,10983458.0,0.0759134998398449,0.2633892050893774,1.4410797600533214,1.2003840293865966,0.2008169036210824,0.2817250753550104,1.9335401775194407,1.887464375764843,10983458.0,22960000.0,186.4,[],{},0.0893559944381437,7.895438714211919,9.712886704727106,0.1029560037504932,0.0538090107277948,,0.2660388821385176,1.0,20,20,0.6353658536585365,11.0,22.0,0.6340818181818182,0.6340818181818182,0.5,0.0,1.0,0.5,22.0,5,5,"cheapness,quality,dividend,garp,risk",0.6790466666666666,True,1.0,0.6159,buy,3,17,stable,0.6256,persistent,2026-08-21,neutral,0.625,29.307393476228285
SAP.DE,SAP SE,Technology,211357876224.0,27.413174,21.88993,4.723849,1.37,1.148,21.966,0.18320999,0.1017736846593331,0.20413,0.094,0.306,9090624512.0,210176098304.0,11760000000.0,9620000000.0,36800000000.0,9939000320.0,11624999936.0,38.765,70362000000.0,20256000000.0,,17416000000.0,7161000000.0,9156000000.0,0.728641304347826,,1167559048.0,0.0420814418686099,0.7295177902621723,1.163068442811208,1.1215281417042238,0.1062505329581308,0.1434729312876328,0.5230095790341377,0.4603634306343198,1166589461.0,492000000.0,183.12,[],{},0.0430105784293821,17.87211720272109,21.847827266528068,0.0457711418074074,0.0364788112460089,,0.1816945567181656,1.0,20,20,0.5762878787878789,9.0,22.0,0.5288590909090909,0.5288590909090909,0.4090909090909091,0.0,1.0,0.4090909090909091,22.0,5,5,"cheapness,quality,dividend,garp,risk",0.6235616666666667,True,1.0,0.6088,buy,3,18,stable,0.5925,persistent,2026-08-21,neutral,0.5,53.102317791901264
TTE.PA,TotalEnergies SE,Energy,175220654080.0,11.396552,8.900104,1.5859191,4.54,1.061,48.045,0.14479999,0.0451014413083437,0.09083,0.278,1.06,13531374592.0,210167644160.0,39650000896.0,19925000000.0,182344000000.0,62917001216.0,31716999168.0,50.01516,291055000000.0,89469000000.0,,92563000000.0,13127000000.0,27343000000.0,0.2843361997104374,,2142883014.0,0.0551969091412218,0.2838914165942436,0.9665741170878211,1.0978967712596637,0.2063905447424026,0.1794967896962033,0.6264932744670252,0.6851800607383174,2248149843.0,2558000000.0,79.32,[],{},0.0772247693232672,5.300570981354058,10.547936971643663,0.0948052688111741,0.08774583751296,,0.1003818793704532,1.0,20,20,0.6,13.0,22.0,0.7337727272727271,0.7337727272727271,0.5909090909090909,0.0,1.0,0.5909090909090909,22.0,5,5,"cheapness,quality,dividend,garp,risk",0.807995,True,0.9,0.6083,buy,3,16,stable,0.6041,persistent,2026-08-23,neutral,0.5,59.88243048435121
HEIA.AS,Heineken N.V.,Consumer Defensive,39202451456.0,17.253658,12.3639765,2.0288525,2.71,0.75,95.107,0.121309996,0.0350678101687347,0.07704,0.047,0.541,3003624960.0,59192242176.0,5533000192.0,3332000000.0,28753000000.0,20643999744.0,2831000064.0,34.867,53753000000.0,12893000000.0,,13932000000.0,1885000000.0,5012000000.0,0.3578061419677946,,560557296.0,0.0181875662507206,0.3523691358438684,0.9254234855010048,0.7654867256637168,0.3586590515878183,0.3170550276160898,0.5349096794597511,0.5545719970989158,565138630.0,644000000.0,70.74,[],{},0.0766182942250743,10.69803725320384,17.76477856422569,0.0562911604208665,0.0579587238833643,,0.0836744431330202,1.0,20,20,0.5958791208791209,8.0,22.0,0.5277818181818181,0.5277818181818181,0.3636363636363636,0.0,1.0,0.3636363636363636,22.0,5,5,"cheapness,quality,dividend,garp,risk",0.6419133333333333,True,0.8,0.6066,buy,3,19,stable,0.6012,persistent,2026-08-20,neutral,0.5,39.45906287690759
JMT.LS,"Jerónimo Martins, SGPS, S.A.",Consumer Defensive,11098148864.0,17.48515,13.262639,3.5433385,3.68,0.612,179.457,0.19978,0.0378707937624575,0.01727,0.04,-0.005,695374976.0,15754147840.0,1760000000.0,1229000000.0,35991000000.0,6018999808.0,1584999936.0,4.984,17058000000.0,5606000000.0,,9009000000.0,646000000.0,2425000000.0,0.2065516379094773,,628434220.0,0.0391631252043151,0.2047274683241692,0.6222666222666222,0.6105356240525518,0.3266502520811349,0.3224583197123243,2.1099190995427364,2.1879045439686173,628434220.0,364000000.0,17.66,[],{},0.0626568434539246,8.951220363636363,12.818671960943856,0.0780112013979932,0.0571913881207767,,0.152689775127345,1.0,20,20,0.6016483516483515,5.0,22.0,0.4943181818181818,0.4943181818181818,0.2272727272727272,0.0,1.0,0.2272727272727272,22.0,4,5,"cheapness,dividend,garp,risk",0.5847483333333334,True,0.8,0.6052,buy,3,9,stable,0.4827,persistent,2026-09-09,neutral,0.5,47.349617077431624
BAS.DE,BASF SE,Basic Materials,44440788992.0,21.780592,17.34339,1.2325103,4.36,1.855,71.358,0.061160002,0.0212539711712657,0.094239995,0.164,52.989,1055000000.0,64639025152.0,6568000000.0,2860000000.0,59656000000.0,26684999680.0,7887000064.0,41.882,76174000000.0,31684000000.0,,16411000000.0,1619000000.0,5610000000.0,0.2406966608555719,,892522164.0,0.0161412671765217,0.2476929837410282,1.9306562671378955,1.832971418510476,0.3046840129177934,0.2983896039296151,0.7831543571297293,0.7640738668158925,892522164.0,982000000.0,51.62,[],{},0.0237394525148938,9.841508092570036,22.601057745454547,0.0442457167829287,0.0459124343360364,,0.0478556966685072,1.0,20,20,0.584748023715415,6.0,22.0,0.53105,0.53105,0.2727272727272727,0.0,1.0,0.2727272727272727,22.0,4,5,"quality,dividend,garp,risk",0.7270116666666666,True,1.0,0.6049,buy,3,18,stable,0.4759,persistent,2026-08-21,neutral,0.5,47.01028291891147
ADYEN.AS,Adyen N.V.,Technology,27750264832.0,24.69382,18.811563,4.6964483,,1.648,6.928,0.21271,0.0866883486938608,0.43555,0.189,0.129,-1190886784.0,15756436480.0,1290572032.0,1096267000.0,2646897000.0,409363008.0,12403191808.0,187.184,12256849000.0,11689803000.0,,6787358000.0,1062526000.0,1030422000.0,0.8884433357248128,,31536692.0,0.0809750904113588,0.8931407741100045,1.722290617350669,1.551525949324971,0.020589794326421,0.0199781554568601,0.2159524850147048,0.1947962058519533,31485187.0,19700000.0,879.1,[],{},-0.0429144295093983,12.20887799310376,14.372809251760748,0.0695758207378626,0.0404959621476142,,0.2004330933170929,0.95,19,20,0.5441176470588235,4.0,22.0,0.435359090909091,0.435359090909091,0.1818181818181818,0.0,1.0,0.1818181818181818,22.0,3,5,"cheapness,quality,risk",0.4629716666666666,True,0.83335,0.599,buy,3,1,improving,0.2036,new,2026-09-20,neutral,0.5,33.09844686087641
NBA.LS,"Novabase S.G.P.S., S.A.",Technology,265227472.0,28.16,88.0,8.390942,15.34,1.204,31.604,0.21384001,0.0425731738553365,0.025120001,-0.004,-0.494,,256205568.0,9365500.0,11383000.0,124465000.0,13453000.0,31205000.0,0.839,128837000.0,85579000.0,,51262000.0,5485000.0,,0.4476198127987787,,37708337.0,0.0395329934234833,0.4685515843443527,1.6694432523116538,2.20317952694843,0.1201828667230686,0.124824503066578,0.966065648843112,0.8263011404221778,35103281.0,816000.0,7.04,[],{},,27.35631498585233,22.50773680049196,0.0444291671287955,0.0355113636363636,,0.1467354173380599,0.9,18,20,0.54375,4.0,22.0,0.4650727272727273,0.4650727272727273,0.1818181818181818,0.0,1.0,0.1818181818181818,22.0,4,5,"cheapness,dividend,garp,risk",0.5244150000000001,True,0.5,0.5844,buy,3,1,improving,0.2538,new,2026-09-20,neutral,0.625,39.62530637876551
NVG.LS,"The Navigator Company, S.A.",Basic Materials,2308500224.0,21.64,11.165767,1.6477157,3.47,1.294,71.869,0.07865,0.0453712954334354,0.059499998,-0.106,-0.136,,3136976128.0,273554528.0,204489089.0,1969765842.0,1007452288.0,179386768.0,1.97,3188523352.0,897454818.0,,636341031.0,144667435.0,,0.5500766176856061,,711183069.0,0.085574867080982,0.5777892359451301,1.4103362415427836,1.2429160642988426,0.303083245852295,0.3029105875264554,0.6177674191297564,0.6227743946997342,711183069.0,31890693.0,3.246,[],{},,11.467461902147711,15.34055505523818,0.0651866895558345,0.0462107208872458,,0.0801232291742687,0.9,18,20,0.5821187417654808,4.0,22.0,0.42515,0.42515,0.1818181818181818,0.0,1.0,0.1818181818181818,22.0,4,5,"cheapness,dividend,garp,risk",0.4707983333333333,True,0.5,0.5751,buy,3,11,stable,0.4166,persistent,2026-09-06,accumulate,0.75,50.19469313769307
OMV.VI,OMV Aktiengesellschaft,Energy,23498717184.0,15.104822,9.083254,1.5519991,4.37,1.224,37.636,0.087910004,0.023242263369157,0.105579995,0.397,1.189,7461875200.0,30483716096.0,5836000256.0,3576000000.0,24308000000.0,7997000192.0,4397000192.0,46.424,46338000000.0,21851000000.0,,11035000000.0,1077000000.0,5215000000.0,0.2328040151390489,,326001057.0,0.0297666605207629,0.2328395815835687,1.9801540552786587,1.7055714134686542,0.1725797401700548,0.1927150554155655,0.5245802581035004,0.5366193432077521,327215398.0,387000000.0,72.05,[],{},0.3175439383167989,5.223391836670954,8.524529109619687,0.1173085324879152,0.0662040241189204,,0.1012945075489335,1.0,20,20,0.5250000000000001,10.0,22.0,0.6919318181818181,0.6919318181818181,0.4545454545454545,0.0,1.0,0.4545454545454545,22.0,4,5,"cheapness,dividend,garp,risk",0.8005566666666667,True,1.0,0.575,buy,3,9,stable,0.44,persistent,2026-09-09,wait,0.25,70.21411355881449
VOLV-B.ST,AB Volvo (publ),Industrials,677139513344.0,18.898977,13.373494,3.8349035,2.55,1.103,147.349,0.20883,0.0531244700041628,0.076009996,0.027,0.401,24019875840.0,890547535872.0,56166998016.0,49476000000.0,479183000000.0,260354998272.0,47068000256.0,86.834,648590000000.0,305570000000.0,,265914000000.0,34456000000.0,45595000000.0,0.2438922081960336,,2033452084.0,0.0705171265275048,0.2734332290591022,1.1491309220274224,1.2751709141638996,0.3808276414992522,0.3622502672958615,0.7388072588229853,0.737255165387565,2033452084.0,1832000000.0,333.0,[],{},0.0354725656480741,15.855352205548076,17.99958638273102,0.0555568321814,0.0529129169266675,,0.1292895295236701,1.0,20,20,0.5707317073170732,6.0,22.0,0.5006818181818182,0.5006818181818182,0.2727272727272727,0.0,1.0,0.2727272727272727,22.0,5,5,"cheapness,quality,dividend,garp,risk",0.642495,True,0.9,0.572,buy,3,17,stable,0.5714,persistent,2026-08-21,neutral,0.625,40.271785116194536
UCB.BR,UCB SA,Healthcare,39676882944.0,18.383392,14.980514,3.4045548,0.7,1.203,30.788,0.20565,0.0858024011455006,0.25739,0.225,1.348,1098000000.0,42498879488.0,3342000128.0,2004000000.0,7741000000.0,3588000000.0,766000000.0,61.124,18158000000.0,6054000000.0,,4401000000.0,1558000000.0,2291000000.0,0.742927270378504,,190361362.0,0.0613939009627024,0.7152145643693107,1.375596455351057,1.3567582884669878,0.1236369644233946,0.1744393843315847,0.4263134706465469,0.3546434541995734,190042407.0,128000000.0,208.1,[],{},0.0276735448585948,12.716600197568871,21.20702569261477,0.0471541843959874,0.054396925224681,,0.1456712946136512,1.0,20,20,0.580011655011655,10.0,22.0,0.6020636363636362,0.6020636363636362,0.4545454545454545,0.0,1.0,0.4545454545454545,22.0,5,5,"cheapness,quality,dividend,garp,risk",0.7501983333333333,True,1.0,0.5613,buy,3,15,stable,0.5707,persistent,2026-08-30,accumulate,0.75,41.257985149729
AZE.BR,Azelis Group NV,Basic Materials,2922987776.0,25.553192,14.64402,1.0318756,1.88,1.871,64.71,0.04124,0.0205658745902056,0.027390001,0.003,0.029,224371008.0,4537890816.0,404777984.0,313322000.0,4132480000.0,1843677056.0,245307008.0,11.639,5406675000.0,1386537000.0,,709787000.0,111193000.0,421666000.0,0.2343512854266687,,243513020.0,0.0313546351824087,0.2432878846976536,1.953455050599687,1.9330251052054408,0.3465741883875025,0.3199771641956799,0.764329278160792,0.735391158587373,243508319.0,95785000.0,12.01,[],{},0.0767608437648149,11.21081431148192,14.483154122595923,0.0690457335146249,0.0391340541721754,,0.0667084248123438,1.0,20,20,0.5664772727272727,4.0,22.0,0.4518090909090908,0.4518090909090908,0.1818181818181818,0.0,1.0,0.1818181818181818,22.0,3,5,"cheapness,garp,risk",0.4921616666666667,True,1.0,0.5575,buy,3,4,stable,0.3372,persistent,2026-09-16,neutral,0.5,51.049523083674444
BOL.ST,Boliden AB (publ),Basic Materials,150897655808.0,11.877515,10.136653,1.8754854,2.07,1.573,28.232,0.16781999,0.0655806298641524,0.122279994,0.155,2.869,1669750016.0,169445654528.0,26556999680.0,12837000000.0,93509000000.0,22722000896.0,4198000128.0,283.34,143396000000.0,41459000000.0,,24399000000.0,9404000000.0,20686000000.0,0.1688286688981809,,283955454.0,0.0862537868355824,0.1446411156075195,1.699208983974753,1.666507757649302,0.1659390777985439,0.1420665794546956,0.6521032664788418,0.7677550950151474,273471169.0,1374000000.0,531.4,[],{},0.0110654470214207,6.38045172910135,13.199786128223105,0.0757588032325653,0.0841926951891872,,0.1078766691597267,1.0,20,20,0.5843428853754942,10.0,22.0,0.6742636363636364,0.6742636363636364,0.4545454545454545,0.0,1.0,0.4545454545454545,22.0,5,5,"cheapness,quality,dividend,garp,risk",0.7546833333333334,True,0.83335,0.5554,buy,3,18,stable,0.5699,persistent,2026-08-21,neutral,0.5,46.93593387497733
AMRZ.SW,Amrize AG,Basic Materials,16960163840.0,16.85326,12.490066,1.6132568,0.93,1.104,55.149,0.09719,0.0488679945564765,0.10137,0.086,0.147,1134000000.0,23314163712.0,2881999872.0,1906000000.0,11815000000.0,7090999808.0,729000000.0,19.221987,24249000000.0,4681000000.0,,2857000000.0,1185000000.0,2208000000.0,0.2567922132881929,,553082525.0,0.0535181684520058,0.2623034859876965,1.63843192159608,1.8749019607843136,0.2615777970225576,0.4009241755933627,0.4872365870757557,0.4916614156689771,552735960.0,413000000.0,31.01,[],{},0.0668625616295933,8.089578330140883,12.23198515844701,0.0817528787883978,0.0593357012233834,,0.0890987284966342,1.0,20,20,0.580288208168643,7.0,22.0,0.5153045454545455,0.5153045454545455,0.3181818181818182,0.0,1.0,0.3181818181818182,22.0,4,5,"cheapness,dividend,garp,risk",0.5884316666666667,True,1.0,0.5519,buy,3,2,stable,0.3397,building,2026-09-18,neutral,0.625,24.481380650646827
BNP.PA,BNP Paribas SA,Financial Services,110411038720.0,8.714532,7.617086,0.91932833,5.76,,,0.104770005,0.0043770437392878,0.26490998,0.169,0.374,,,,,68804000000.0,831044976640.0,1226712023040.0,109.58,2792981000000.0,,,,12225000000.0,46571000000.0,,,1100099307.0,0.0043210342089268,,,,0.1426747980025642,0.1404465512320566,0.0246346108333712,0.0243520297178314,1129554473.0,50329000000.0,100.74,[],{},,,,,0.114750855238124,,,0.65,13,20,0.7684917518804563,9.0,22.0,0.6277272727272728,0.6277272727272728,0.4090909090909091,0.0,1.0,0.4090909090909091,22.0,3,5,"cheapness,dividend,garp",0.6833400000000001,False,0.53335,0.8693,hold,2,20,stable,0.3194,persistent,2026-08-20,neutral,0.5,39.10482381533767
NOS.LS,"NOS, S.G.P.S., S.A.",Communication Services,2757462016.0,10.346154,12.081471,2.676617,8.36,0.538,164.375,0.26397,0.0692915200988385,0.14421,0.0,0.364,254894624.0,4463458816.0,643560000.0,419241000.0,1823162000.0,1705019008.0,6122000.0,2.01,3548414000.0,567725000.0,,885022000.0,245875000.0,,0.7088508865366874,,511704041.0,0.0810346013006181,0.7140968116382895,0.6414812287152184,0.6747614654934172,0.4720847116486408,0.460811950281372,0.5137963044898368,0.5048721838616556,511316156.0,67413000.0,5.38,[],{},0.092438126988147,6.935575262601778,10.64652268265747,0.0939273817195673,0.0966542736556985,,0.1574086728502601,0.95,19,20,0.8357142857142857,14.0,22.0,0.6711454545454546,0.6711454545454546,0.6363636363636364,0.0,1.0,0.6363636363636364,22.0,4,5,"cheapness,quality,dividend,garp",0.7101633333333334,False,0.46665,0.8571,hold,2,16,stable,0.6433,persistent,2026-08-23,neutral,0.5,68.67001746321837
BMW.DE,Bayerische Motoren Werke Aktiengesellschaft,Consumer Cyclical,36153958400.0,5.813282,6.6225095,0.37936127,7.28,1.148,119.855,0.06592,0.0274244549135795,0.04923,-0.079,-0.279,1710268032.0,139411079168.0,13793000448.0,9981000000.0,133453000000.0,116789002240.0,15642000384.0,159.215,265967000000.0,91648000000.0,,81724000000.0,7294000000.0,8228000000.0,0.1543239942151918,,607128285.0,0.027228721258572,0.1608020789436718,1.1214331163428124,1.0991914607305364,0.3321840679482793,0.3193641402596626,0.5017652565919832,0.5318004571735915,622259319.0,562000000.0,60.4,[],{},0.0473051391241297,10.107378716732716,13.967646445045586,0.0715940229396847,0.1720198676066291,,0.0541730214987815,1.0,20,20,0.7873529411764706,7.0,22.0,0.5913954545454545,0.5913954545454545,0.3181818181818182,0.0,1.0,0.3181818181818182,22.0,3,5,"cheapness,dividend,garp",0.6008933333333333,False,0.63335,0.8498,hold,2,20,stable,0.4911,persistent,2026-08-20,neutral,0.5,45.742572356338684
LNZ.VI,Lenzing Aktiengesellschaft,Consumer Cyclical,791672690.0,,-24.372555,1.6970199,,1.302,162.339,-0.110410005,-0.0373219213135566,-0.07083,0.001,,262846368.0,2719772672.0,371087008.0,28675000.0,2602432000.0,2149199872.0,592400000.0,12.08,4609409000.0,1633958000.0,,1198651000.0,-172032000.0,419745000.0,0.1300233781324545,,38618180.0,-0.0256894917237684,0.190718638626554,1.363164090298177,1.4813238570377336,0.3617407350920693,0.3674151288925253,0.5645912523709655,0.5352651572843656,38618180.0,135823000.0,20.5,[],{},0.3320139387402639,7.32920477776468,94.84821872711422,0.0105431605719141,,,0.0084072220896352,0.9,18,20,0.676470588235294,2.0,22.0,0.2412954545454545,0.2412954545454545,0.0909090909090909,0.0,1.0,0.0909090909090909,22.0,1,5,cheapness,0.1886616666666666,False,0.45,0.8289,hold,2,17,stable,0.1355,persistent,2026-08-21,neutral,0.625,27.13309172183513
CTT.LS,"CTT - Correios De Portugal, S.A.",Industrials,834873216.0,20.532257,10.911491,2.697034,2.99,0.571,143.955,0.13203,0.0081411385032801,0.0299,0.101,-0.5,82756160.0,-784608384.0,118307200.0,110650435.0,1231803702.0,580184320.0,2293176064.0,2.36,6228784092.0,2825578138.0,,4921158499.0,50709394.0,,0.0819535992919105,,132624875.0,0.0079765146571827,0.0770995491040807,0.5741693015118634,0.6648206995614718,0.0899884683304254,0.0839309718165889,0.1977598972457689,0.186350620743776,134647953.0,20003043.0,6.365,[],{},0.099124224390018,-6.631958021151713,-7.090874825751928,-0.1410263225023096,0.0487038517002782,,0.0846193555650298,0.95,19,20,0.7048780487804879,5.0,22.0,0.4560545454545454,0.4560545454545454,0.2272727272727272,0.0,0.9912,0.2272727272727272,22.0,3,5,"cheapness,dividend,garp",0.4735066666666666,False,0.46665,0.7732,hold,2,17,stable,0.4213,persistent,2026-08-21,neutral,0.5,50.44643684710369
RENE.LS,"REN - Redes Energéticas Nacionais, SGPS, S.A.",Utilities,2358066688.0,11.849999,14.709534,1.5153453,4.5,0.323,154.408,0.12358,0.0296840576700578,0.16826001,0.232,0.125,13149625.0,4742802432.0,507753984.0,240480000.0,1019640000.0,2402778880.0,18043000.0,2.346,5383799000.0,358557000.0,,1472825000.0,159813000.0,,0.6449805813816641,,663309888.0,0.0284730143735402,0.6754599943876849,0.2434484748697231,0.3838103768300427,0.4687270085677418,0.4726646964268712,0.1893904285802646,0.1776350401484587,663309888.0,61530000.0,3.555,[],{},0.0055764432222876,9.340748830047584,19.72223233532934,0.0507041993521521,0.0843881927753749,,0.0614885192282024,0.95,19,20,0.7562499999999999,9.0,22.0,0.48815,0.48815,0.4090909090909091,0.0,1.0,0.4090909090909091,22.0,3,5,"cheapness,dividend,garp",0.507325,False,0.2,0.7563,hold,2,16,stable,0.4311,persistent,2026-08-23,neutral,0.625,55.7020749249584
OIZ.IR,Origin Enterprises plc,Basic Materials,435322016.0,10.945947,7.3660474,1.070296,4.27,1.455,101.471,0.09328,0.03585,0.017760001,0.025,,27828250.0,783616256.0,97097000.0,,2130080000.0,411907008.0,62771000.0,3.784,1402316000.0,836957000.0,,722288000.0,,569000.0,,,106630740.0,,0.1681751145450875,1.158758002348094,1.0461297159492795,0.1838087848958437,,1.5189728991183158,,111761891.0,,4.05,[],{},0.0639256664657181,8.070447655437347,,,0.0913580158939194,,,0.9,18,20,0.741159420289855,6.0,22.0,0.4079318181818182,0.4079318181818182,0.2727272727272727,0.0,1.0,0.2727272727272727,22.0,2,5,"cheapness,dividend",0.364485,False,0.4,0.7506,hold,2,16,stable,0.2685,persistent,2026-08-23,accumulate,0.75,37.49022059505598
GRP.IR,Greencoat Renewables,,829413824.0,15.4,9.139465,0.77777773,,,,,-0.0234027867072421,,,,,,,,-38744000.0,,,0.99,2239776000.0,,,,-52417000.0,73118000.0,,,1113335009.0,0.0210885344436684,,,,0.5047129712971297,0.4871785748566019,-0.0172981583872673,0.0256713975063796,1113535009.0,37956000.0,0.77,[],{},,,,,0.0649350649350649,,,0.5,10,20,0.7467330275286151,0.0,22.0,0.3054181818181818,0.3054181818181818,0.0,0.0,1.0,0.0,22.0,0,5,,0.2408716666666666,False,0.45,0.7467,hold,2,16,stable,0.0,persistent,2026-08-23,insufficient_data,0.0,
COR.LS,"Corticeira Amorim, S.G.P.S., S.A.",Basic Materials,921292928.0,17.04878,13.705882,1.2767123,5.01,24.665,7.786,0.062340003,0.0458888944861809,0.05274,-0.036,-0.629,,,130036000.0,82599000.0,860967000.0,63600000.0,,5.475,1210903000.0,686388000.0,,222293000.0,55567000.0,,0.546328721077579,,133000000.0,0.0511667207460905,0.5284662018761295,3.0877625476285804,2.322499249023731,0.1163222818012673,0.199915724192002,0.7110123601973073,0.6893739070939969,133000000.0,5874000.0,6.99,[],{},,,,,0.0586552234236115,,0.0835506418102183,0.85,17,20,0.6749129493694712,4.0,22.0,0.4869727272727273,0.4869727272727273,0.1818181818181818,0.0,1.0,0.1818181818181818,22.0,3,5,"cheapness,dividend,garp",0.53188,False,0.4,0.7075,hold,2,17,stable,0.3525,persistent,2026-08-21,neutral,0.5,54.393294739974905
MBG.DE,Mercedes-Benz Group AG,Consumer Cyclical,42117738496.0,8.332386,6.4260607,0.44337732,7.96,1.321,110.208,0.055960003,0.0201240086743441,0.03885,-0.033,0.2,-3902625024.0,127366135808.0,12000000000.0,4870000000.0,132214000000.0,102230999040.0,16542999552.0,99.227,255466000000.0,102132000000.0,,73768000000.0,5141000000.0,18006000000.0,0.1689155460087434,,957330201.0,0.0385155277159352,0.1962718243883676,1.3845027654267432,1.3600486461925,0.3220271973569868,0.3510886381645975,0.5175404946255079,0.5493905890343761,962903703.0,398000000.0,43.995,[],{},-0.0926598901878513,10.613844650666667,26.15321063819302,0.0382362232245261,0.1200136431509534,,0.0268027165956697,1.0,20,20,0.6324632352941177,8.0,22.0,0.5622318181818181,0.5622318181818181,0.3636363636363636,0.0,1.0,0.3636363636363636,22.0,3,5,"cheapness,dividend,garp",0.64445,False,0.63335,0.7016,hold,2,20,stable,0.4002,persistent,2026-08-20,neutral,0.5,36.23052570631118
INDU-C.ST,AB Industrivärden (publ),Financial Services,231238795264.0,3.6792195,,1.0309497,1.63,1.974,2.799,0.32275,0.1779839115133232,0.99306,11.979,12.356,39464251392.0,233588785152.0,63187001344.0,,35529000000.0,6279000064.0,3928999936.0,519.327,198900000000.0,,,,35401000000.0,,,,431899108.0,0.0755715343637275,,,,0.0366214177978883,0.0465170445044313,0.1786274509803921,0.0760552781825565,431899108.0,164000000.0,535.4,[],{},0.1706644914273341,3.696785417625784,,,0.2717967764630515,,,0.85,17,20,0.7570264892426315,13.0,22.0,0.6974272727272728,0.6974272727272728,0.5909090909090909,0.0,1.0,0.5909090909090909,22.0,4,5,"cheapness,quality,dividend,garp",0.7200183333333333,False,0.46665,0.698,hold,2,17,stable,0.4947,persistent,2026-08-21,accumulate,0.75,52.44535284106781
MONT.BR,Montea Comm. VA,Real Estate,1479691008.0,9.163059,11.44829,0.7672974,6.19,0.479,72.102,0.07979,0.0500484831651674,0.80014,0.111,-0.378,70559752.0,2810621952.0,145216992.0,132215000.0,167148000.0,1341933056.0,11112000.0,82.758,3261957000.0,59446000.0,,73712000.0,163256000.0,119877000.0,0.8647246751382008,,23293966.0,0.0594531454448717,0.8695325877081133,0.8064629911004992,0.7910403969005482,0.3584636462099286,0.3192723163763477,0.0512416319405804,0.0475711817320007,23007385.0,25394000.0,63.5,[],{},0.0476854638019128,19.354635523644507,21.257965828385583,0.0470411895509168,0.1091338602097836,,0.041469523201636,1.0,20,20,0.6333333333333334,7.0,22.0,0.579640909090909,0.579640909090909,0.3181818181818182,0.0,1.0,0.3181818181818182,22.0,3,5,"cheapness,dividend,garp",0.5880566666666667,False,0.46665,0.6917,hold,2,18,stable,0.3975,persistent,2026-08-21,neutral,0.5,40.54094192667137
DBK.DE,Deutsche Bank Aktiengesellschaft,Financial Services,62100951040.0,10.045592,8.634676,0.78784263,3.03,,,0.08891,0.0048297396567547,0.22715001,0.087,0.188,,-27875049472.0,,,32099000000.0,544725991424.0,636277030912.0,41.95,1435067000000.0,,,,6931000000.0,47064000000.0,,,1939573264.0,0.0024265108201765,,,,0.1145953464193657,0.1092074046787107,0.0223675967742272,0.0216605379126095,1983625755.0,28768000000.0,33.05,[],{},,,,,0.0995461491965829,,,0.7,14,20,0.6363672318821821,8.0,22.0,0.5755454545454547,0.5755454545454547,0.3636363636363636,0.0,1.0,0.3636363636363636,22.0,3,5,"cheapness,dividend,garp",0.6047983333333333,False,0.53335,0.6911,hold,2,20,stable,0.2788,persistent,2026-08-20,neutral,0.625,42.66722506132628
ISP.MI,Intesa Sanpaolo S.p.A.,Financial Services,115883761664.0,11.907144,10.219314,1.7053709,5.7,,,0.14261,0.0097105180088906,0.36964,0.064,0.139,,245758984192.0,,,28529000000.0,265553002496.0,137623994368.0,3.91,959887000000.0,,,,9321000000.0,8235000000.0,,,17387732025.0,0.0092854808552585,,,,0.1451347919077975,0.1570452755589128,0.0297212067670465,0.0296651076573608,17778041443.0,10448000000.0,6.668,[],{},,,,,0.0839831952985535,,,0.7,14,20,0.6565201133307447,9.0,22.0,0.5368454545454546,0.5368454545454546,0.4090909090909091,0.0,1.0,0.4090909090909091,22.0,3,5,"cheapness,dividend,garp",0.60375,False,0.53335,0.691,hold,2,20,stable,0.283,persistent,2026-08-20,neutral,0.5,47.08097939190116
RBI.VI,Raiffeisen Bank International AG,Financial Services,20209178413.9983,8.584379,9.367657,0.9889298,2.6,,,0.12172,0.0065203433762157,0.27903998,0.018,,,18351667200.0,,,9149000000.0,34724999168.0,37979000832.0,62.239,210265000000.0,,,,1371000000.0,9071000000.0,,,328240854.0,0.0057893130382134,,,,0.1051482652842841,0.1104222645871174,0.0435117589708225,0.0444631250281459,328414347.0,3953000000.0,61.55,[],{},,,,,0.116490662865654,,,0.7,14,20,0.6539205534222147,5.0,22.0,0.49605,0.49605,0.2272727272727272,0.0,1.0,0.2272727272727272,22.0,2,5,"cheapness,dividend",0.4277916666666666,False,0.53335,0.6854,hold,2,17,stable,0.1875,persistent,2026-08-21,neutral,0.375,45.79797255702483
POS.VI,PORR AG,Industrials,1417944704.0,11.3522005,10.267348,1.873281,2.91,0.901,70.186,0.15958999,0.02844430659549,0.02202,-0.137,-0.313,-61673000.0,1910563840.0,210508000.0,98260000.0,6295892000.0,664299008.0,203440000.0,19.271,4578280000.0,2719770000.0,,2869319000.0,130226000.0,378338000.0,0.3437616147163896,,39278250.0,0.0248970671205399,0.340490243066779,0.9478799673371976,0.9389091781585918,0.1430998104091493,0.0929582494428793,1.3751653459377755,1.460147002492655,38051557.0,37767000.0,36.1,[],{},-0.0434946439208958,9.07596784920288,19.44396336250763,0.0514298438726862,0.0880886485399901,,0.05749692356935,1.0,20,20,0.6353658536585367,6.0,22.0,0.4986954545454546,0.4986954545454546,0.2727272727272727,0.0,1.0,0.2727272727272727,22.0,3,5,"cheapness,dividend,garp",0.5546283333333333,False,0.73335,0.678,hold,2,15,stable,0.394,persistent,2026-08-30,neutral,0.625,42.44778621735219
SOF.BR,Sofina Société Anonyme,Financial Services,8704999424.0,6.370217,,0.7547262,1.49,21.98,11.263,0.12785,0.0092874669126645,0.93881,,,454350880.0,9032908800.0,,,182551000.0,1299106944.0,971198016.0,326.476,12167042000.0,,,,113001000.0,,,,35461125.0,0.1218323700292217,,,,0.1072416779690577,0.0750865504010461,0.015003728926061,0.1275252679137284,33121705.0,11054000.0,246.4,[],{},0.0521942458430655,,,,0.1569805235834195,,,0.8,16,20,0.6689430294081458,10.0,22.0,0.5162409090909091,0.5162409090909091,0.4545454545454545,0.0,1.0,0.4545454545454545,22.0,3,5,"cheapness,quality,dividend",0.4170916666666667,False,0.46665,0.6763,hold,2,12,stable,0.3229,persistent,2026-09-04,neutral,0.5,46.09843408069949
AGS.BR,ageas SA/NV,Financial Services,15869917236.643936,7.803498,8.833953,1.5523628,5.93,6.024,78.338,0.19745001,0.0159890915543601,0.17673999,0.275,0.173,-2189625088.0,-1222056192.0,1246000000.0,2460000000.0,9044000000.0,9011999744.0,27384999936.0,48.861,107073000000.0,,,,1712000000.0,2898000000.0,,,190727286.0,0.0113554415722919,,,,0.0665620651331334,0.0482352343710324,0.0844657383280565,0.0877253567619724,182106172.0,288000000.0,75.85,[],{},-0.137973314879306,-0.9807834606741572,-0.4967708097560975,-2.0130007246017048,0.1281476589088636,,,0.95,19,20,0.6739255956082222,13.0,22.0,0.6543045454545454,0.6543045454545454,0.5909090909090909,0.0,1.0,0.5909090909090909,22.0,4,5,"cheapness,quality,dividend,garp",0.7323000000000001,False,0.73335,0.6739,hold,2,14,stable,0.5122,persistent,2026-08-31,neutral,0.375,57.673500784568034
ASRNL.AS,ASR Nederland N.V.,Financial Services,14930792448.0,14.412452,11.404046,1.4252458,4.77,6.691,214.978,0.122250006,0.0038550555395319,0.06621,0.177,6.478,5933624832.0,-54935207936.0,7386999808.0,6364000000.0,13109000000.0,22549000192.0,92428001280.0,51.977,142151000000.0,,,,548000000.0,-569000000.0,,,204558568.0,0.0069128746879104,,,,0.0627079654733347,0.0771528769970125,0.0922188377148243,0.1295045532608852,208902381.0,5668000000.0,74.08,[],{},0.3974085670713892,-7.436741486916795,-8.632182265241987,-0.1158455613277029,0.0693844461719629,,,0.95,19,20,0.6231139813219156,11.0,22.0,0.5905727272727272,0.5905727272727272,0.5,0.0,1.0,0.5,22.0,4,5,"cheapness,quality,dividend,garp",0.665295,False,0.53335,0.6714,hold,2,19,stable,0.4919,persistent,2026-08-20,wait,0.25,63.743610976319836
A5G.IR,AIB Group plc,Financial Services,24417206272.0,12.020618,11.754506,1.7312546,5.64,,,0.15133001,0.0144514718091676,0.49098998,0.02,0.082,,-5376794112.0,,,4508000000.0,12490999808.0,42274000896.0,6.735,148151000000.0,,,,2141000000.0,8603000000.0,,,2136766718.0,0.0166635991675279,,,,0.0745860642182638,0.0758639729304999,0.0304284142530256,0.034792519077485,2328438575.0,1181000000.0,11.66,[],{},,,,,0.0831903983638777,,,0.7,14,20,0.6430333232658816,8.0,22.0,0.5115636363636364,0.5115636363636364,0.3636363636363636,0.0,1.0,0.3636363636363636,22.0,4,5,"cheapness,quality,dividend,garp",0.58666,False,0.53335,0.6607,hold,2,16,stable,0.365,persistent,2026-08-23,neutral,0.375,63.59709380035169
EGL.LS,"Mota-Engil, SGPS, S.A.",Industrials,1538481353.3059916,10.447917,7.985287,4.312124,3.45,1.089,336.257,0.28885,0.0155877127779409,0.02708,0.056,0.224,-169682000.0,4873497600.0,797827008.0,577113000.0,5301427000.0,3514087936.0,867427968.0,1.163,8540124000.0,4913144000.0,,4530141000.0,133121000.0,,0.7714283342956528,,306775950.0,0.0156665124975323,0.7422486697001502,1.0845454920718802,0.9324652305839808,0.3682707651551664,0.3590252662865303,0.6207669818377345,0.759895577014378,300684369.0,319139000.0,5.015,[],{},-0.1102918794793163,6.108464054403132,8.444615872454788,0.1184186486518429,0.0957128583621022,,0.1439190639960319,0.95,19,20,0.647560975609756,9.0,22.0,0.5138181818181818,0.5138181818181818,0.4090909090909091,0.0,1.0,0.4090909090909091,22.0,3,5,"cheapness,dividend,garp",0.5281433333333333,False,0.2,0.6537,hold,2,16,stable,0.3709,persistent,2026-08-23,neutral,0.625,62.57522997088182
INVE-B.ST,Investor AB (publ),Financial Services,1243027338480.75,4.7350917,,1.1447377,1.38,2.236,11.589,0.27254,0.1428119335477558,0.80067,1.17,1.589,166005374976.0,1349112299520.0,271980494848.0,,216578000000.0,125865000960.0,20027000832.0,354.448,1102807000000.0,,,,157494000000.0,,,,3063309055.0,0.1190412671071012,,,,0.1045622670149899,0.1039155962146435,0.1963879445814181,0.1774086483420685,3063031333.0,4056000000.0,405.75,[],{},0.1335492549817083,4.9603273950728335,,,0.2111891518383899,,,0.85,17,20,0.712935195219737,13.0,22.0,0.696490909090909,0.696490909090909,0.5909090909090909,0.0,1.0,0.5909090909090909,22.0,4,5,"cheapness,quality,dividend,garp",0.7090266666666667,False,0.46665,0.6468,hold,2,17,stable,0.4623,persistent,2026-08-21,neutral,0.5,48.191004296283424
SON.LS,"Sonae, SGPS, S.A.",Consumer Defensive,4006242816.0,18.727272,11.538677,1.2305853,3.02,0.813,107.715,0.086899996,0.0175387010504627,0.0186,0.062,0.276,410783008.0,8283352576.0,626881984.0,366885000.0,11360072000.0,4180438016.0,574201024.0,1.674,11358994000.0,2478313000.0,,3284208000.0,199222000.0,,0.3192650539538834,,1944778067.0,0.0196447768396934,0.3180865959697873,0.7546151157295762,0.762961464744238,0.3341220181998511,0.3464312040206219,1.000094902770439,0.8775870975198431,1938334607.0,184548000.0,2.06,[],{},0.1025357240852772,13.213575740597452,22.57751768537825,0.0442918488177123,0.0533980603261382,,0.0454358790437294,0.95,19,20,0.6109890109890109,5.0,22.0,0.4367499999999999,0.4367499999999999,0.2272727272727272,0.0,1.0,0.2272727272727272,22.0,3,5,"cheapness,dividend,garp",0.4744866666666666,False,0.26665,0.6467,hold,2,16,stable,0.3584,persistent,2026-08-23,neutral,0.5,55.8432498485846
GBLB.BR,Groupe Bruxelles Lambert SA,Financial Services,8753818624.0,,26.095406,0.8238969,6.94,2.453,63.222,-0.038340002,-0.0252225220102196,-0.09307,,,10775000.0,14571542528.0,917900032.0,394600000.0,6433600000.0,7803800064.0,3689200128.0,89.635,24795300000.0,7132900000.0,,2684200000.0,-625400000.0,747100000.0,0.4895548371051977,,120855203.0,0.0048199179557427,0.4551833863674426,2.6573653230012666,1.9550379198266523,0.3303771279234371,0.3032686548676435,0.2594685283098006,0.2175338632935741,125509357.0,249500000.0,73.85,[],{},0.0012308913929811,15.874868743876457,36.927375894576784,0.0270801803749846,,,0.0178462401237387,0.95,19,20,0.5655308212079757,0.0,22.0,0.3975636363636363,0.3975636363636363,0.0,0.0,1.0,0.0,22.0,0,5,,0.37293,False,0.55,0.6347,hold,2,19,stable,0.0,persistent,2026-08-20,neutral,0.5,40.36882670699448
BAYN.DE,Bayer Aktiengesellschaft,Healthcare,47244775424.0,,9.963411,1.5969846,0.23,1.043,129.362,-0.056900002,-0.0346275623917888,-0.0383,0.012,,6562999808.0,80717578240.0,10133000192.0,6139000000.0,45575000000.0,38430998528.0,5081999872.0,30.113,104541000000.0,32911000000.0,,32585000000.0,-3620000000.0,5930000000.0,0.587558968732858,,982424082.0,-0.0230221019395579,0.5436209930051925,1.0100046033450971,1.1896932854379665,0.3486957270353258,0.3671357690572846,0.4359533580126457,0.4204420387911592,982424082.0,2265000000.0,48.09,[],{},0.1389148270702974,7.965812366580877,13.148326802410816,0.0760553046047383,,,0.0853160264606148,0.95,19,20,0.5837606837606838,2.0,22.0,0.364190909090909,0.364190909090909,0.0909090909090909,0.0,1.0,0.0909090909090909,22.0,1,5,cheapness,0.2818683333333333,False,0.55,0.6346,hold,2,20,stable,0.1157,persistent,2026-08-20,neutral,0.375,45.761883859653146
IBS.LS,"Ibersol, S.G.P.S., S.A.",Consumer Cyclical,402877696.0,30.787878,20.719471,1.2942675,6.89,0.805,173.605,0.04547,0.0220576729470186,0.02499,0.06,-0.527,82459856.0,808358464.0,64040540.0,30827988.0,529515952.0,495421312.0,89894824.0,7.85,689395116.0,163492213.0,,153888077.0,15206452.0,,0.4861664375316119,,40020861.0,0.0181954612519557,0.4775529769980633,1.062409877277237,1.0594953534384632,0.4183309270789786,0.4183059880826967,0.7680877623159721,0.6230327130236472,41138935.0,17025436.0,10.16,[],{},0.2046771435070955,12.622605368411946,26.22157709416521,0.0381365314682967,0.0324803157918191,,0.0575678483285072,0.95,19,20,0.5734926470588234,3.0,22.0,0.3662818181818181,0.3662818181818181,0.1363636363636363,0.0,1.0,0.1363636363636363,22.0,3,5,"cheapness,dividend,garp",0.4097516666666666,False,0.26665,0.6333,hold,2,16,stable,0.3439,persistent,2026-08-23,neutral,0.375,51.72790224541554
SHB-A.ST,Svenska Handelsbanken AB (publ),Financial Services,307029901312.0,12.783806,13.422436,1.644546,5.22,,,0.12749,0.0070041439783018,0.42583,-0.038,-0.061,,1320124416000.0,,,56805000000.0,1673300934656.0,656419979264.0,93.126,3387566000000.0,,,,23727000000.0,-46294000000.0,,,1980028494.0,0.0077563317758131,,,,0.4977727371215793,0.5196459737910523,0.0167686769792824,0.0176069381180292,1980028494.0,86836000000.0,153.15,[],{},,,,,0.0782239655389013,,,0.7,14,20,0.5730789144410408,4.0,22.0,0.4542999999999999,0.4542999999999999,0.1818181818181818,0.0,1.0,0.1818181818181818,22.0,3,5,"cheapness,dividend,garp",0.5080033333333334,False,0.36665,0.6307,hold,2,18,stable,0.2528,persistent,2026-08-21,neutral,0.375,64.19166053664657
NN.AS,NN Group N.V.,Financial Services,20865478656.0,11.834807,9.027446,0.9993648,5.05,70.576,62.156,0.08754,0.0057976106816584,0.13278,-0.045,1.997,-3256750080.0,-32729214976.0,5029000192.0,2709000000.0,8574000000.0,13118000128.0,66938998784.0,80.291,204912000000.0,,,,1188000000.0,-2346000000.0,,,262188873.0,0.0075246583481877,,,,0.0668042867182009,0.0548021390374331,0.0418423518388381,0.0529055258467023,267425797.0,1200000000.0,80.24,[],{},-0.1560831713325445,-6.50809578970881,-12.081659275009228,-0.0827700878858989,0.0844965194616186,,,0.95,19,20,0.5620871604455735,11.0,22.0,0.6319,0.6319,0.5,0.0,1.0,0.5,22.0,3,5,"cheapness,dividend,garp",0.6735533333333333,False,0.46665,0.6279,hold,2,19,stable,0.3391,persistent,2026-08-20,neutral,0.5,58.7787743179557
SEM.LS,"Semapa - Sociedade de Investimento e Gestão, SGPS, S.A.",Basic Materials,1661282944.0,35.25424,10.681071,0.69070864,3.01,0.5699843898814456,47.563,,0.0295447549719161,0.31453,-0.297,0.139,,2125466240.0,276649312.0,186108509.0,2114924032.0,1321991296.0,1232097664.0,30.114,5300414241.0,1005930826.0,,1764839255.0,156599440.0,,0.5532447569256237,,79869373.0,0.043666372266753,0.5816929726566004,0.5699843898814456,1.1354697840801595,0.2452282861112326,0.3273181922974902,0.3990110840093488,0.4031563884701166,79869373.0,43076567.0,20.8,[],{},,7.682890026489566,11.4205752945987,0.0875612632642897,0.0283653824334321,,0.0526388238792681,0.85,17,20,0.6058135704874836,6.0,22.0,0.5401681818181818,0.5401681818181818,0.2727272727272727,0.0,1.0,0.2727272727272727,22.0,3,5,"cheapness,dividend,garp",0.492605,False,0.4,0.621,hold,2,16,stable,0.3128,persistent,2026-08-23,neutral,0.625,54.450937809682905
NDA-FI.HE,Nordea Bank Abp,Financial Services,59611283456.0,12.821168,11.042031,1.912982,7.4,,,0.15337,0.0073966531672652,0.4058,0.015,0.029,,233270198272.0,,,11719000000.0,240998006784.0,67302998016.0,9.182,654350000000.0,,,,4840000000.0,-3164000000.0,,,3419853669.0,0.0081157606821153,,,,0.3157041338733093,0.316530708825629,0.0179093757163597,0.0193132324277498,3487931963.0,10083000000.0,17.565,[],{},,,,,0.0779960140916958,,,0.7,14,20,0.5947023629747883,6.0,22.0,0.4592727272727272,0.4592727272727272,0.2727272727272727,0.0,1.0,0.2727272727272727,22.0,4,5,"cheapness,quality,dividend,garp",0.511585,False,0.36665,0.6159,hold,2,20,stable,0.339,persistent,2026-08-20,neutral,0.5,50.388069837763
RYA.IR,Ryanair Holdings plc,Industrials,23442391040.0,12.636872,12.430211,2.4794476,1.72,0.79,1.919,0.22408001,0.1100735781888523,0.12132,0.011,-0.331,-217737504.0,20885104640.0,3421600000.0,2374200000.0,15544300000.0,181900000.0,2803500032.0,9.123,19747700000.0,7744900000.0,,8572800000.0,2173700000.0,3694900000.0,0.2258062440894733,,1043931708.0,0.092054606728737,0.1900132630748826,0.9034271183277344,0.7371332548326955,0.0755277829823219,0.1532358485177357,0.7871448320563914,0.7967384474781516,1063868001.0,37800000.0,22.62,[],{},-0.0092881952028047,6.103900116904372,8.796691365512594,0.1136791048416791,0.0791335070894126,,0.2124582770315618,1.0,20,20,0.5975609756097562,9.0,22.0,0.6170000000000001,0.6170000000000001,0.4090909090909091,0.0,1.0,0.4090909090909091,22.0,4,5,"cheapness,quality,dividend,garp",0.6419216666666666,False,0.73335,0.6073,hold,2,16,stable,0.4819,persistent,2026-08-23,accumulate,0.75,43.75650547950744
UCG.MI,UniCredit S.p.A.,Financial Services,122340220928.0,11.507801,9.677653,1.7261335,3.88,,,0.15779,0.0125425458322895,0.43967998,-0.092,-0.105,,176770056192.0,,,25039000000.0,247794008064.0,192975994880.0,47.001,870238000000.0,,,,10915000000.0,8525000000.0,,,1503078777.0,0.0123966204254059,,,,0.1493131763954228,0.1565349156381855,0.0287725886481629,0.0339016127468737,1541744210.0,12810000000.0,81.13,[],{},,,,,0.0868975749580654,,,0.7,14,20,0.6100264630164963,6.0,22.0,0.4886136363636363,0.4886136363636363,0.2727272727272727,0.0,1.0,0.2727272727272727,22.0,4,5,"cheapness,quality,dividend,garp",0.5196449999999999,False,0.36665,0.5878,hold,2,19,stable,0.3354,persistent,2026-08-20,neutral,0.5,40.4903178919502
VIG.VI,Vienna Insurance Group AG,Financial Services,8947200195.3125,9.35743,8.701768,1.2533845,2.47,1.838,33.232,0.12872,0.01809,0.062459998,0.092,0.161,-895825984.0,-3356806912.0,1874551040.0,1246301000.0,14781083000.0,2527230976.0,14997650432.0,55.769,,,,,834866000.0,842256000.0,,,128000000.0,0.0122225179862011,,,,,0.0338357591400501,,0.2523012931174117,128000000.0,84984000.0,69.9,[],{},-0.1001236101176465,-1.7907258006695832,-2.6934158858895243,-0.3712757488506982,0.1068669495791045,,,0.9,18,20,0.5551854779966955,9.0,22.0,0.5918045454545454,0.5918045454545454,0.4090909090909091,0.0,1.0,0.4090909090909091,22.0,4,5,"cheapness,quality,dividend,garp",0.6233233333333332,False,0.63335,0.571,hold,2,15,stable,0.4054,persistent,2026-08-30,neutral,0.5,45.82467022841031
IR5B.IR,Irish Continental Group plc,Industrials,1178826880.0,16.893618,14.519256,4.154893,2.06,0.838,92.704,0.25255,0.1048138818919675,0.10353,0.161,0.069,33975000.0,1404908928.0,145800000.0,85600000.0,666700000.0,263000000.0,36800000.0,1.911,714600000.0,132400000.0,,223400000.0,74900000.0,149900000.0,0.7577621118944052,,148432980.0,0.0937255515568768,0.7436237164624048,0.5926589077887198,1.0320460147904684,0.4097397145256087,0.3184165232358003,0.932969493422894,0.9447660772961978,164580565.0,10200000.0,7.94,[],{},0.0288210258659863,9.635863703703704,16.412487476635516,0.0609292163313805,0.0591939512305771,,0.1742671009771987,1.0,20,20,0.5743902439024391,4.0,22.0,0.4828409090909092,0.4828409090909092,0.1818181818181818,0.0,1.0,0.1818181818181818,22.0,4,5,"cheapness,quality,dividend,garp",0.554465,False,0.63335,0.5707,hold,2,16,stable,0.458,persistent,2026-08-23,neutral,0.375,65.50213974292649
SYENS.BR,Syensqo SA/NV,Basic Materials,7887110656.0,,17.448286,1.2716392,2.09,1.646,45.612,-0.01011,-0.0053894297635605,-0.0038800002,0.041,-0.524,534249984.0,10010110976.0,1130000000.0,512000000.0,5969000000.0,2791000064.0,701000000.0,60.827,11504000000.0,3296000000.0,,1574000000.0,-62000000.0,779000000.0,0.3092645334226838,,101948499.0,-0.0004041057140547,0.3354538401861908,2.094027954256671,1.707620528771384,0.2570410292072322,0.170855895902368,0.5188630041724618,0.520892265416633,103453099.0,154000000.0,77.35,[],{},0.0677370975635516,8.858505288495575,19.550998,0.0511482840927097,,,0.0515609264853977,0.95,19,20,0.50743961352657,2.0,22.0,0.4217409090909091,0.4217409090909091,0.0909090909090909,0.0,1.0,0.0909090909090909,22.0,2,5,"cheapness,risk",0.3986266666666667,True,0.75,0.5702,hold,2,18,stable,0.2048,persistent,2026-08-21,neutral,0.5,42.74638165245906
SOLB.BR,Solvay SA,Basic Materials,2626576128.0,838.0,9.964289,2.5175245,9.67,1.15,201.26,0.00778,0.0048756704046806,0.00087,-0.059,3.178,303875008.0,4556944896.0,587000000.0,476000000.0,4746000000.0,2236000000.0,376000000.0,9.986,6153000000.0,2156000000.0,,1845000000.0,30000000.0,682000000.0,0.2113358617783396,,104477978.0,0.0333134149985061,0.223391812865497,1.1685636856368564,1.2981991525423728,0.3463351210791484,0.2809979085748431,0.7713310580204779,0.7663579324768449,104465072.0,125000000.0,25.14,[],{},0.1156924426292509,7.763108851788757,9.573413647058825,0.1044559481985011,0.0011933174224343,,0.1104921077065923,1.0,20,20,0.4824324769433465,7.0,22.0,0.44815,0.44815,0.3181818181818182,0.0,1.0,0.3181818181818182,22.0,4,5,"cheapness,dividend,garp,risk",0.5064833333333334,True,0.9,0.5651,hold,2,17,stable,0.419,persistent,2026-08-21,neutral,0.5,38.755761894439196
ASSA-B.ST,ASSA ABLOY AB (publ),Industrials,386327995405.9186,23.57966,19.019869,3.4743867,1.84,1.015,64.103,0.15566,0.0705520441904103,0.10823,0.033,0.159,18395125760.0,454018891776.0,28960999424.0,23601000000.0,152409000000.0,71387996160.0,3868999936.0,100.104,208371000000.0,49395000000.0,,47920000000.0,14701000000.0,21412000000.0,0.4262806002270207,,1110776334.0,0.0699402965049976,0.4177355123133682,1.0307804674457428,1.104579048524837,0.3136376943048696,0.3287091075780953,0.7314309572829233,0.6715502783927014,1110776334.0,3316000000.0,347.8,[],{},0.047615306109701,15.676906902589634,19.23727349586882,0.0519824184136462,0.042409432536347,,0.147091635452568,1.0,20,20,0.5378048780487805,7.0,22.0,0.4901409090909091,0.4901409090909091,0.3181818181818182,0.0,1.0,0.3181818181818182,22.0,5,5,"cheapness,quality,dividend,garp,risk",0.5912733333333333,True,0.9,0.561,hold,2,4,stable,0.5494,persistent,2026-09-16,neutral,0.375,48.31296843044633
SKF-B.ST,AB SKF (publ),Industrials,122307297280.0,27.186235,14.972129,2.1252353,2.89,2.191,34.361,0.083050005,0.0369002649828043,0.05032,0.001,1.451,3148875008.0,132739293184.0,10400000000.0,6879000000.0,91583000000.0,20572000256.0,12460999680.0,126.386,106422000000.0,54536000000.0,,25757000000.0,3927000000.0,8392000000.0,0.2677898736665101,,455351068.0,0.0542152026998735,0.2772735560462713,2.117327328493225,2.050640472555917,0.1407979553099922,0.1678376726152094,0.8605645449249215,0.826727408238634,455351068.0,902000000.0,268.6,[],{},0.0257456020861227,12.763393575384615,19.29630661200756,0.0518233888021725,0.0367833206768057,,0.085278621459121,1.0,20,20,0.4975609756097561,6.0,22.0,0.5158863636363636,0.5158863636363636,0.2727272727272727,0.0,1.0,0.2727272727272727,22.0,4,5,"quality,dividend,garp,risk",0.651435,True,1.0,0.561,hold,2,15,stable,0.4234,persistent,2026-08-30,neutral,0.5,50.75300376384572
BN.PA,Danone S.A.,Consumer Defensive,38993543168.0,20.046358,14.33405,2.2116685,3.72,0.967,98.519,0.121929996,0.0404916687004947,0.07132,0.014,0.124,2077500032.0,48113250304.0,4511000064.0,3717000000.0,27283000000.0,17426999296.0,8338999808.0,27.373,45071000000.0,13230000000.0,,14625000000.0,1825000000.0,3779000000.0,0.5061760070373492,,640172858.0,0.0446215667226,0.497041203974284,0.9046153846153846,0.9311098164870376,0.3198952763417719,0.3133224410491919,0.6053338066606022,0.6044334540316171,644157323.0,498000000.0,60.54,[],{},0.0532780522931524,10.665761388027327,12.944108233521655,0.0772552254631398,0.0498843730117959,,0.1220850029560533,1.0,20,20,0.531043956043956,6.0,22.0,0.4941,0.4941,0.2727272727272727,0.0,1.0,0.2727272727272727,22.0,4,5,"cheapness,dividend,garp,risk",0.579635,True,0.8,0.5596,hold,2,20,stable,0.4363,persistent,2026-08-20,neutral,0.5,30.805464514276082
EL.PA,EssilorLuxottica Société anonyme,Healthcare,63763275776.0,25.981308,17.205183,1.6289698,2.88,0.889,38.359,0.06723,0.0362313170044604,0.085159995,0.057,0.123,3285750016.0,77979230208.0,5853000192.0,3377000000.0,28491000000.0,15315999744.0,1931000064.0,85.33,63895000000.0,12010000000.0,,10902000000.0,2315000000.0,5291000000.0,0.6055947492190517,,463190305.0,0.0366993886028096,0.6339595593783008,1.1016327279398277,1.106375949785266,0.2253384458877846,0.205603696386067,0.4459034353235777,0.4123897384837972,456708608.0,314000000.0,139.0,[],{},0.0515304456368085,13.32295022210722,23.09127338110749,0.0433064033973183,0.0384892092422752,,0.063725397694035,1.0,20,20,0.5335955710955711,5.0,22.0,0.4627499999999999,0.4627499999999999,0.2272727272727272,0.0,1.0,0.2272727272727272,22.0,4,5,"cheapness,dividend,garp,risk",0.56568,True,1.0,0.5555,hold,2,19,stable,0.4356,persistent,2026-08-20,neutral,0.625,23.873077245952516
MC.PA,"LVMH Moët Hennessy - Louis Vuitton, Société Européenne",Consumer Cyclical,198566379520.0,18.350796,16.049368,2.9168115,3.23,1.631,53.306,0.16586,0.0765856783795771,0.13658,-0.029,0.008,11537125376.0,225156366336.0,20053999616.0,17668000000.0,80807000000.0,37150998528.0,12213999616.0,138.096,142037000000.0,48179000000.0,,30416000000.0,10878000000.0,18875000000.0,0.6624178598388754,,496391012.0,0.0841209196326831,0.6703195484282374,1.584001841136244,1.4088022317188984,0.2586016319691348,0.2761780280179636,0.5689151418292416,0.5676117702258865,499372818.0,1151000000.0,402.8,[],{},0.0581021087451411,11.227504270836825,12.74373818972153,0.0784699108779989,0.0544935489446888,,0.1582856272565198,1.0,20,20,0.5328676470588235,10.0,22.0,0.5667636363636364,0.5667636363636364,0.4545454545454545,0.0,1.0,0.4545454545454545,22.0,5,5,"cheapness,quality,dividend,garp,risk",0.654165,True,1.0,0.5477,hold,2,16,stable,0.5403,persistent,2026-08-23,neutral,0.5,31.762281303191045
AGN.AS,Aegon Ltd.,Financial Services,11691926528.0,12.153847,8.538509,1.3157895,5.32,1.164,42.673,0.110690005,0.003079755258753,0.086219996,-0.082,0.079,-4314749952.0,12122667008.0,,1051000000.0,26864000000.0,3835000064.0,3515000064.0,6.004,317233000000.0,,,,977000000.0,434000000.0,,,1512525453.0,0.0021014691957604,,,,0.011754767000911,0.0152570328965454,0.0846822367156002,0.0596200250465805,1592499013.0,6000000.0,7.9,[],{},-0.3690366973883194,,11.5344119961941,0.0866970939073409,0.0822784752844099,,,0.9,18,20,0.495659809613298,7.0,22.0,0.5364500000000001,0.5364500000000001,0.3181818181818182,0.0,1.0,0.3181818181818182,22.0,3,5,"cheapness,dividend,garp",0.6031133333333334,False,0.56665,0.5446,hold,2,19,stable,0.2809,persistent,2026-08-20,neutral,0.5,52.21418711862322
EDP.LS,"EDP, S.A.",Utilities,19871762432.0,16.575863,15.507452,1.6422958,4.26,1.091,145.948,0.08866,0.0209207030121619,0.07461,0.04,0.286,-948416000.0,45559181312.0,3874842112.0,2443358000.0,15606993000.0,24550586368.0,3207435008.0,2.927,54956375000.0,10786908000.0,,9354952000.0,1149726000.0,3268471000.0,0.3755792035019173,,4133921624.0,0.0141940176799853,0.3846557896617626,1.153069304898625,1.091044827424006,0.4300497076089898,0.4182067117370764,0.283988763814935,0.2652054863073396,4163909782.0,1252216000.0,4.807,[],{},-0.0477268185570063,11.757687150892616,18.646134259490424,0.0536304193718343,0.0603286839424288,,0.0535807402326019,1.0,20,20,0.53125,5.0,22.0,0.44275,0.44275,0.2272727272727272,0.0,1.0,0.2272727272727272,22.0,4,5,"cheapness,quality,dividend,garp",0.5569433333333333,False,0.53335,0.5438,hold,2,16,stable,0.43,persistent,2026-08-23,neutral,0.625,59.0855122176528
SREN.SW,Swiss Re AG,Financial Services,40920092672.0,10.232301,10.728362,2.0615845,4.51,3.187,37.837,0.20356001,0.0353712865745819,0.11889,-0.052,0.01,1741124992.0,43062501376.0,6846000128.0,6510000000.0,46491000000.0,9443000320.0,7230000128.0,67.302605,134007000000.0,,,,4740000000.0,3069000000.0,,,294919585.0,0.025473752053384,,,,0.0637056273179759,0.0570703220177789,0.3469296380039848,0.3674948321530468,294070924.0,433000000.0,138.75,[],{},0.0425493902459166,6.290169525395603,6.614823560061444,0.1511756120053958,0.0977297286309306,,,0.95,19,20,0.5725416170696609,11.0,22.0,0.6325045454545454,0.6325045454545454,0.5,0.0,1.0,0.5,22.0,4,5,"cheapness,quality,dividend,garp",0.6245816666666666,False,0.56665,0.5381,hold,2,18,stable,0.422,persistent,2026-08-21,neutral,0.625,50.89406971852523
KMR.IR,Kenmare Resources plc,Basic Materials,184698816.0,,,0.2740341,9.59,3.067,26.196,-0.28888,-0.2932698640691906,-0.85454005,-0.111,,-54677500.0,359286560.0,14850000.0,951000.0,328573000.0,204682000.0,30990000.0,7.590296,1108358000.0,231669000.0,,71489000.0,-325048000.0,101962000.0,0.0558901674818076,,88648620.0,0.0495608785941393,0.2299618803752649,3.240624431730756,5.891507327568709,0.185525795816875,0.0605253570749374,0.296450244415613,0.3167654330228157,88433446.0,13466000.0,2.08,[],{},-0.2960360070743496,24.194381144781143,377.79869610935856,0.0026469122585604,,,0.0009171843309039,0.95,19,20,0.4673913043478261,1.0,22.0,0.4171227272727272,0.4171227272727272,0.0454545454545454,0.0,1.0,0.0454545454545454,22.0,1,5,cheapness,0.3888133333333333,False,0.55,0.5372,hold,2,16,stable,0.0954,persistent,2026-08-23,neutral,0.625,35.80357315372446
ENEL.MI,Enel SpA,Utilities,87986372608.0,21.116669,11.728845,3.5647109,5.86,0.721,147.743,0.122559994,0.0236486675585059,0.05711,0.085,0.318,-685750016.0,171431428096.0,20621000704.0,3571000000.0,67452000000.0,73377996800.0,4742000128.0,2.488,178657000000.0,34285000000.0,,47063000000.0,4225000000.0,13926000000.0,0.4683626875407697,,10033125071.0,0.0374908490480338,0.541111693017594,0.7284915963708221,0.8288398610804408,0.3832595420274604,0.3759344658248681,0.377550277906827,0.377521521435938,10154600276.0,2846000000.0,8.869,[],{},-0.0077938207437551,8.313438836299843,48.0065606541585,0.0208304862163329,0.0473559537254668,,0.027136495584905,1.0,20,20,0.4875,4.0,22.0,0.3857363636363635,0.3857363636363635,0.1818181818181818,0.0,1.0,0.1818181818181818,22.0,2,5,"dividend,garp",0.5375566666666667,False,0.53335,0.5188,hold,2,20,stable,0.2013,persistent,2026-08-20,accumulate,0.75,36.799226024918575
IRES.IR,Irish Residential Properties REIT Plc,Real Estate,562202048.0,6.7000003,16.684826,0.7723343,4.66,0.329,76.089,0.11695,0.0392015342745525,0.94817,0.011,1.94,19669250.0,1108751104.0,53999000.0,53872000.0,85465000.0,553889024.0,7340000.0,1.388,1269134000.0,19436000.0,,23764000.0,49752000.0,57082000.0,0.7802843269174516,,524442218.0,-0.0053108679482436,0.7675934938374398,0.8178757784884699,0.7623492119397728,0.4323365381433324,0.4504102876189794,0.0673411948620082,0.0678360758763608,529578946.0,23305000.0,1.072,[],{},0.0349860874217235,20.532808089038685,20.58121294921295,0.0485880012255663,0.1492537246602809,,0.0432578269911753,1.0,20,20,0.55,9.0,22.0,0.6589,0.6589,0.4090909090909091,0.0,1.0,0.4090909090909091,22.0,4,5,"cheapness,quality,dividend,garp",0.7233766666666667,False,0.53335,0.5167,hold,2,16,stable,0.4267,persistent,2026-08-23,neutral,0.375,47.56608861377153
TEL2-B.ST,Tele2 AB (publ),Communication Services,117316935680.0,11.62871,25.491678,5.1473956,6.23,0.697,135.225,0.47615,0.0729484732824427,0.33580002,0.019,0.012,7559875072.0,144196452352.0,12076999680.0,7066000000.0,29889000000.0,30745999360.0,3585999872.0,32.735,62880000000.0,7514000000.0,,13188000000.0,4587000000.0,11343000000.0,0.4349426210311485,,693556132.0,0.0600540020483535,0.4302954499357717,0.5697603882317258,0.5373499503020108,0.4591762086513994,0.4759628813506719,0.4753339694656489,0.4590484466652183,692389827.0,985000000.0,168.5,[],{},0.0644397590866226,11.939757901194216,20.40708354825927,0.0490025925377906,0.08599406125013,,0.1421959269097641,1.0,20,20,0.55,12.0,22.0,0.5850045454545454,0.5850045454545454,0.5454545454545454,0.0,1.0,0.5454545454545454,22.0,5,5,"cheapness,quality,dividend,garp,risk",0.6643183333333333,True,0.8,0.5143,hold,2,16,stable,0.5322,persistent,2026-08-23,neutral,0.375,46.12591543370482
HM-B.ST,H & M Hennes & Mauritz AB (publ),Consumer Cyclical,259410608128.0,21.13134,18.361582,7.642743,4.37,1.067,226.362,0.34669,0.0714029822696493,0.05574,-0.033,0.007,22312249344.0,317486628864.0,24021000192.0,18529000000.0,228285000000.0,76790996992.0,18697000960.0,21.262,170273000000.0,72495000000.0,,61603000000.0,12158000000.0,31120000000.0,0.5336355870950785,,1602438375.0,0.0644844462694352,0.5343742270063716,1.176809570962453,1.1361890472618157,0.4554274606073775,0.4270145493690834,1.3406999348105688,1.3011086819004074,1604491375.0,2653000000.0,162.5,[],{},0.0860113219926247,13.217044516311873,17.134579786496843,0.0583615129440212,0.0473230755834698,,0.17050703966136,1.0,20,20,0.5355882352941177,6.0,22.0,0.5033772727272727,0.5033772727272727,0.2727272727272727,0.0,1.0,0.2727272727272727,22.0,5,5,"cheapness,quality,dividend,garp,risk",0.6011733333333333,True,0.9,0.5138,hold,2,17,stable,0.5247,persistent,2026-08-21,accumulate,0.75,32.50307653377871
PHR.LS,"Pharol, S.A.",Financial Services,73881888.0,inf,,0.7885965,,6.203,,-0.01059,0.0218100041073164,0.0,,,-604459.0,59616680.0,-1823544.0,-2517223.0,0.0,0.0,14259243.0,0.114,96320798.0,16493111.0,,1963404.0,2100757.0,,,,821822948.0,0.2549083841356889,,8.400263521924169,5.862989821022001,8.440544689008909e-06,7.83621220041733e-05,0.0,,821822948.0,,0.0899,[],{},-0.0081814233009313,-32.69275652246395,-23.683511552214483,-0.0422234683313461,0.0,,-0.0266775383813588,0.85,17,20,0.4294626941685765,1.0,22.0,0.2021,0.2021,0.0454545454545454,0.0,1.0,0.0454545454545454,22.0,1,5,cheapness,0.1555833333333333,False,0.4,0.5131,hold,2,16,stable,0.0801,persistent,2026-08-23,neutral,0.5,53.450555702048675
ADS.DE,adidas AG,Consumer Cyclical,24902694912.0,18.237179,12.23796,4.181118,1.97,1.391,94.127,0.24324,0.0661336491955384,0.052950002,0.133,-0.024,952300032.0,29713694720.0,2664000000.0,2061000000.0,24811000000.0,5977999872.0,1562000000.0,34.022,20262000000.0,11977000000.0,,9094000000.0,1340000000.0,751000000.0,0.5161017290717826,,178665018.0,0.0369886226095376,0.5077481737955496,1.3170222124477675,1.2409048264359428,0.27420787681374,0.2704914064391188,1.2245089329779884,1.1465988864681675,178549084.0,228000000.0,142.25,[],{},0.0382408424214806,11.153789309309309,14.41712504609413,0.0693619564790359,0.0548330418865768,,0.184545128939828,1.0,20,20,0.5160661764705883,5.0,22.0,0.471068181818182,0.471068181818182,0.2272727272727272,0.0,0.9063,0.2272727272727272,22.0,4,5,"cheapness,quality,dividend,garp",0.5464183333333332,False,0.73335,0.5118,hold,2,20,stable,0.4111,persistent,2026-08-20,accumulate,0.875,34.39902730067968
PGHN.SW,Partners Group Holding AG,Financial Services,15790796800.0,13.387202,13.186457,10.784658,7.5,1.056,192.836,0.75391996,0.1973482358097742,0.48043,-0.074,-0.12,1683187456.0,18441197568.0,1504199936.0,1541300000.0,2461200000.0,2823500032.0,173100000.0,56.84,6388200000.0,3916900000.0,,2347000000.0,1260700000.0,1515000000.0,0.818137493905412,,25783135.0,0.1984234511639364,0.8083535648813358,1.6688964635705157,2.496584558062513,0.3891706584014276,0.3772456143437791,0.3852728468113083,0.3551281825699857,25904035.0,44800000.0,613.0,[],{},0.1065929400092084,12.259804781696255,11.964703541166548,0.0835791707299168,0.0746982080348081,,0.3813966148668712,1.0,20,20,0.5399544595851026,10.0,22.0,0.6076,0.6076,0.4545454545454545,0.0,1.0,0.4545454545454545,22.0,5,5,"cheapness,quality,dividend,garp,risk",0.70636,True,0.9,0.5028,hold,2,18,stable,0.5214,persistent,2026-08-21,accumulate,0.75,25.564854182307826
NDA-SE.ST,Nordea Bank Abp,Financial Services,674678243328.0,12.867314,145.1095,21.651056,7.16,,,0.15337,0.0073966531672652,0.4058,0.015,0.029,,847964798976.0,,,11719000000.0,240998006784.0,67302998016.0,9.182,654350000000.0,,,,4840000000.0,-3164000000.0,,,3419853669.0,0.0081157606821153,,,,0.3157041338733093,0.316530708825629,0.0179093757163597,0.0193132324277498,3487931963.0,10083000000.0,198.8,[],{},,,,,0.0777162972785151,,,0.7,14,20,0.4903064820008342,4.0,22.0,0.4362636363636363,0.4362636363636363,0.1818181818181818,0.0,1.0,0.1818181818181818,22.0,3,5,"quality,dividend,garp",0.5021983333333333,False,0.36665,0.5017,hold,2,11,stable,0.2083,persistent,2026-09-06,neutral,0.375,57.52493650265028
TELIA.ST,Telia Company AB (publ),Communication Services,180994981888.0,36.823997,23.605127,3.6312716,4.52,0.661,169.141,0.105579995,0.0186260574580847,0.060349997,0.046,0.132,21041000448.0,264411987968.0,26616000512.0,10167000000.0,80982000000.0,90634002432.0,10958000128.0,12.676,189251000000.0,30855000000.0,,33630000000.0,3525000000.0,27602000000.0,0.6508236398211948,,3932109286.0,0.0346547740267878,0.6551843389118756,0.917484388938448,0.8120759672202903,0.4409170889453688,0.4620212265998277,0.427907910658332,0.3963587765332498,3932109286.0,3614000000.0,46.03,[],{},0.1162518442694737,9.934324574753,26.006883836726665,0.0384513579665323,0.0271562046890238,,0.0653317996928435,1.0,20,20,0.4642857142857143,6.0,22.0,0.4068454545454545,0.4068454545454545,0.2727272727272727,0.0,1.0,0.2727272727272727,22.0,5,5,"cheapness,quality,dividend,garp,risk",0.5180283333333333,True,0.8,0.5,hold,2,16,stable,0.4821,persistent,2026-08-23,neutral,0.5,56.01590893736866
SIE.DE,Siemens Aktiengesellschaft,Industrials,205989740544.0,26.373627,20.250072,2.9936726,2.03,1.444,66.425,0.12465999,0.057881373268673,0.097959995,0.073,0.128,6503750144.0,250241204224.0,12517999616.0,9092000000.0,78914000000.0,49924001792.0,10929999872.0,88.186,166202000000.0,64711000000.0,,47261000000.0,9620000000.0,13257000000.0,0.3852168183085384,,780264198.0,0.0561591751684572,0.3927696562623469,1.3692262118871796,1.3971489080682258,0.3370296386325074,0.324188834465402,0.4748077640461607,0.5136930695748654,784869164.0,1640000000.0,264.0,[],{},0.0315731750854396,19.99051061674038,27.52322967707875,0.0363329453604348,0.0379166657661458,,0.0764412607931663,1.0,20,20,0.4634146341463414,5.0,22.0,0.4083545454545454,0.4083545454545454,0.2272727272727272,0.0,1.0,0.2272727272727272,22.0,4,5,"quality,dividend,garp,risk",0.52565,True,1.0,0.4878,hold,2,17,stable,0.3805,persistent,2026-08-21,neutral,0.625,42.77186690102563
GVR.IR,Glenveagh Properties PLC,Consumer Cyclical,1167737088.0,15.399999,10.077654,1.536926,,6.075,63.014,0.10549,0.0879011369511998,0.09678,-0.298,-0.981,-142895504.0,1596241792.0,116874000.0,144128000.0,925879000.0,481280000.0,58583000.0,1.503,1224239000.0,1140136000.0,,192001000.0,107612000.0,100339000.0,0.2137568731983337,,520472536.0,0.0829899296553059,0.2115964505169714,5.938177405326014,5.888974453589172,0.1986907785162864,0.2059428786821448,0.7562894173441623,0.7379121056375932,560878504.0,18499000.0,2.31,[],{},-0.1223695859868073,13.657800640005476,11.07516785079929,0.0902920852732566,0.0649350691516278,,0.1396267139942532,0.95,19,20,0.4628027681660899,5.0,22.0,0.3970454545454545,0.3970454545454545,0.2272727272727272,0.0,1.0,0.2272727272727272,22.0,3,5,"cheapness,quality,risk",0.4035466666666666,True,0.83335,0.4858,hold,2,7,stable,0.2704,persistent,2026-09-13,neutral,0.625,38.214273989147934
ENI.MI,Eni S.p.A.,Energy,68779114496.0,12.473959,10.069033,1.5173594,4.51,1.48,64.975,0.10901,0.0190269134523488,0.05874,0.185,5.806,-8982875136.0,96631152640.0,13235999744.0,4506000000.0,82151000000.0,36990001152.0,15088000000.0,15.784,137069000000.0,48867000000.0,,36815000000.0,2608000000.0,13330000000.0,0.0942897834475539,,2957681345.0,0.0178577504951034,0.1135511334842393,1.327366562542442,1.1376787237893322,0.2495239623839088,0.2507367002633746,0.5993404781533388,0.6043119934122323,3083270402.0,8170000000.0,23.95,[],{},-0.1306046930354478,7.300631195902205,21.44499614735908,0.0466309246748523,0.0801670103292787,,0.0449458375725656,1.0,20,20,0.4666666666666667,9.0,22.0,0.5526045454545455,0.5526045454545455,0.4090909090909091,0.0,1.0,0.4090909090909091,22.0,5,5,"cheapness,quality,dividend,garp,risk",0.6893733333333334,True,0.73335,0.4833,hold,2,19,stable,0.475,persistent,2026-08-20,neutral,0.625,54.328980073336375
REN.AS,RELX PLC,Industrials,50926157824.0,20.193104,15.443446,35.444897,2.73,0.449,709.641,1.31864,0.1399335908382462,0.23271999,0.027,0.243,2232375040.0,59937144832.0,3292000000.0,2983000000.0,9590000000.0,8906000384.0,220000000.0,0.82607096,14757000000.0,2960000000.0,,6001000000.0,2065000000.0,2836000000.0,0.6628779979144943,,1819061446.0,0.1278001718099517,0.6502013991944032,0.4932511248125312,0.5239594263728576,0.4924442637392424,0.4324324324324324,0.6498610828759233,0.6234058018899095,1855941895.0,273000000.0,29.28,[],{},0.0438355284471892,18.20690912272175,20.09290808984244,0.0497688037753743,0.049521856570441,,0.3406806761078118,1.0,20,20,0.5182926829268293,8.0,22.0,0.508290909090909,0.508290909090909,0.3636363636363636,0.0,1.0,0.3636363636363636,22.0,5,5,"cheapness,quality,dividend,garp,risk",0.6272083333333334,True,0.8,0.4744,hold,2,17,stable,0.4963,persistent,2026-08-21,neutral,0.5,43.909478716804685
IFX.DE,Infineon Technologies AG,Technology,72590049280.0,68.121956,19.84278,4.180512,0.63,1.728,40.183,0.07019,0.0333114538890712,0.07774,0.126,0.396,1743874944.0,78426439680.0,4190000128.0,1944000000.0,14662000000.0,7240999936.0,1656000000.0,13.362,30470000000.0,9823000000.0,,5784000000.0,1015000000.0,3217000000.0,0.3923748465420815,,1302139747.0,0.0454275638115856,0.4175860916081578,1.6983056708160442,1.9030314807617568,0.2368231046931408,0.1804532281155068,0.4811946176567115,0.522190020601278,1299163212.0,221000000.0,55.86,[],{},0.0240236087631431,18.71752679812806,40.3428187654321,0.0247875589907181,0.0146795550027952,,0.0787490885522158,1.0,20,20,0.4432575757575758,4.0,22.0,0.3362454545454545,0.3362454545454545,0.1818181818181818,0.0,1.0,0.1818181818181818,22.0,3,5,"dividend,garp,risk",0.4223783333333333,True,1.0,0.4699,hold,2,19,stable,0.2739,persistent,2026-08-20,neutral,0.625,45.97176331668241
CS.PA,AXA SA,Financial Services,93526032384.0,12.056603,9.9807,2.0248065,5.19,11.53,119.437,0.14881,0.0154152616912573,0.10379,0.045,0.132,-26394499072.0,58211385344.0,,,105925000000.0,61108998144.0,99860996096.0,22.091,635539000000.0,,,,9797000000.0,22352000000.0,,,2055372364.0,0.0120624936903643,,,,0.0951821996761803,0.0955240592142094,0.1666695513571944,0.1579504467986821,2175367655.0,627000000.0,44.73,[],{},-0.2822155329291553,,,,0.0829421023483978,,,0.85,17,20,0.4566428403637706,8.0,22.0,0.4441000000000001,0.4441000000000001,0.3636363636363636,0.0,1.0,0.3636363636363636,22.0,4,5,"cheapness,quality,dividend,garp",0.55613,False,0.53335,0.4604,hold,2,20,stable,0.3118,persistent,2026-08-20,neutral,0.625,57.01085059638426
SCMN.SW,Swisscom AG,Communication Services,33593561088.0,25.571766,20.891912,2.9166124,4.01,0.62,143.288,0.11364,0.0352830136301807,0.088649996,-0.02,0.304,2733995008.0,49837559808.0,4318000128.0,1925000000.0,15048000000.0,16501000192.0,255000000.0,222.347,36023000000.0,5128000000.0,,6748000000.0,1271000000.0,6012000000.0,0.7997076023391813,,51801943.0,0.0407451446690447,0.8341653807751657,0.7599288678126852,0.8435526315789473,0.1035171973461399,0.1047694543532831,0.4177331149543347,0.2911084687541286,51801943.0,362000000.0,648.5,[],{},0.0813844951072071,11.541815268792876,25.8896414587013,0.038625486629283,0.0391056292318645,,0.0657557643040136,1.0,20,20,0.45,5.0,22.0,0.4244363636363635,0.4244363636363635,0.2272727272727272,0.0,1.0,0.2272727272727272,22.0,4,5,"cheapness,dividend,garp,risk",0.5381416666666666,True,0.8,0.4571,hold,2,18,stable,0.3628,persistent,2026-08-21,neutral,0.625,52.20657203970574
VER.VI,VERBUND AG,Utilities,21539772532.0,17.867435,15.585329,2.2276516,3.23,0.826,31.126,0.12752,0.0800336340707462,0.15873,-0.049,-0.393,37215248.0,25595273216.0,2361302016.0,2120470000.0,8013556000.0,3279200000.0,89400000.0,27.832,18609701000.0,1721500000.0,,1760937000.0,1489402000.0,1918545000.0,0.4622091615757099,,347415686.0,0.1001840390407019,0.5038668363940254,0.9776045366756448,1.408418465146697,0.1236559362238007,0.1227941986859818,0.4306117545897164,0.4404561394454873,347415686.0,113300000.0,62.0,[],{},0.0017277456363437,10.83947459603575,12.07056606129773,0.0828461560892603,0.0559677424319719,,0.125853148634523,1.0,20,20,0.50625,6.0,22.0,0.5231545454545455,0.5231545454545455,0.2727272727272727,0.0,0.937,0.2727272727272727,22.0,4,5,"cheapness,quality,dividend,garp",0.6004283333333333,False,0.73335,0.4562,hold,2,17,stable,0.385,persistent,2026-08-21,neutral,0.5,63.10286140184241
RO.SW,Roche Holding AG,Healthcare,290660188160.0,23.81201,16.57622,8.890621,2.69,1.228,90.718,0.38108003,0.1279008569754625,0.19601999,-0.012,-0.077,10317875200.0,318257201152.0,23964000256.0,18476000000.0,63356000000.0,33308000256.0,9733999616.0,41.032,100703000000.0,38729000000.0,,28001000000.0,12880000000.0,18852000000.0,0.7372782372624535,,795617637.0,0.0813056846199939,0.7390335764083661,1.3831291739580729,1.481552751359953,0.32959296148079,0.3571084763410968,0.6291371657249536,0.6129114645239241,795400695.0,1346000000.0,364.8,[],{},0.0354980682607977,13.280637529300485,17.22543846893267,0.0580536746163862,0.0419956148179007,,0.2541333113256857,1.0,20,20,0.4930361305361305,7.0,22.0,0.5000363636363637,0.5000363636363637,0.3181818181818182,0.0,1.0,0.3181818181818182,22.0,5,5,"cheapness,quality,dividend,garp,risk",0.6119233333333334,True,0.9,0.453,hold,2,18,stable,0.473,persistent,2026-08-21,neutral,0.625,51.06214773086795
BIRG.IR,Bank of Ireland Group plc,Financial Services,19076888576.0,14.985185,11.026145,1.4655172,4.15,,,0.10549,0.007287665580495,0.32707,0.133,0.356,,9315890176.0,,,4214000000.0,12227000320.0,21991000064.0,13.804,164799000000.0,,,,1201000000.0,3993000000.0,,,952193201.0,0.009461538936921,,,,0.0638110668147258,0.0770704455142664,0.0255705435105795,0.0275750403243249,1002662094.0,1876000000.0,20.23,[],{},,,,,0.0667325762077678,,,0.7,14,20,0.4039241489407603,5.0,22.0,0.4897727272727273,0.4897727272727273,0.2272727272727272,0.0,1.0,0.2272727272727272,22.0,3,5,"cheapness,dividend,garp",0.5964866666666666,False,0.53335,0.45,hold,2,16,stable,0.1793,persistent,2026-08-23,neutral,0.375,62.163853783946095
UQA.VI,UNIQA Insurance Group AG,Financial Services,5635881984.0,12.575342,11.168019,1.8394951,3.92,1029.319,52.726,0.13737,0.014625730809742,0.05686,0.121,0.209,-455788864.0,3767582208.0,476563008.0,560779000.0,5927639000.0,1790899968.0,3780400128.0,9.981,29047916000.0,,,,424847000.0,1137743000.0,,,306965261.0,0.0121841693769176,,,,0.0481064459150873,0.0557800064173323,0.2040641745177175,0.1998457527055925,306965261.0,44421000.0,18.36,[],{},-0.0808726771238224,7.905737845267252,6.718479486571359,0.1488432020963615,0.0795207001129671,,,0.95,19,20,0.448147292743736,8.0,22.0,0.5473454545454546,0.5473454545454546,0.3636363636363636,0.0,1.0,0.3636363636363636,22.0,4,5,"cheapness,quality,dividend,garp",0.6449033333333334,False,0.73335,0.4453,hold,2,16,stable,0.3395,persistent,2026-08-23,neutral,0.625,54.27355486856209
ALV.DE,Allianz SE,Financial Services,168137598861.04065,14.534426,13.252341,2.6651835,3.86,1.514,50.648,0.19612,0.0105196255696706,0.098780006,0.121,-0.08,9307124736.0,68919336960.0,21464000512.0,16218000000.0,137450000000.0,33706000384.0,136018001920.0,166.33,1024276000000.0,,,,10775000000.0,33209000000.0,,,380242198.0,0.0095071885488685,,,,0.0344389598116132,0.0333522245346924,0.134192346594082,0.133974676855151,385919437.0,758000000.0,443.3,[],{},0.0553542146375718,3.210926915579828,4.249558327783944,0.2353185726295182,0.0688021666627908,,,0.95,19,20,0.4643182854537163,8.0,22.0,0.5724045454545456,0.5724045454545456,0.3636363636363636,0.0,1.0,0.3636363636363636,22.0,5,5,"cheapness,quality,dividend,garp,risk",0.663505,True,0.9,0.4415,hold,2,20,stable,0.4303,persistent,2026-08-20,neutral,0.5,49.96908755802534
KRX.IR,Kingspan Group plc,Industrials,17372426240.0,25.733334,17.850437,3.6521213,0.58,1.326,53.262,0.15213001,0.0683454336248943,0.0716,0.076,0.049,620524992.0,19745906688.0,1199399936.0,903500000.0,9199000000.0,2683699968.0,594200000.0,26.423,9820700000.0,3301200000.0,,2404400000.0,671200000.0,819700000.0,0.2968040004348298,,179935454.0,0.0677733082132491,0.295817843866171,1.372982864747962,1.597069922308546,0.273870498029672,0.2873466062426804,0.9366949402792062,0.8766230459799379,181799483.0,77600000.0,96.5,[],{},0.0357189596563801,16.46315469538261,21.85490502268954,0.045756318728533,0.0388601026202046,,0.1218262475897684,1.0,20,20,0.4365853658536585,6.0,22.0,0.4117181818181818,0.4117181818181818,0.2727272727272727,0.0,1.0,0.2727272727272727,22.0,4,5,"quality,dividend,garp,risk",0.4985433333333333,True,1.0,0.439,hold,2,16,stable,0.3502,persistent,2026-08-23,neutral,0.5,45.614608830248486
WDP.BR,Warehouses De Pauw SA,Real Estate,4998668288.0,12.011627,12.171055,0.9907447,5.95,0.314,76.296,0.08222,0.039701835199434,0.70761,0.164,0.227,191693872.0,8776950784.0,471824992.0,413614000.0,496794000.0,3826949120.0,19634000.0,20.853,8914399000.0,86852000.0,,416546000.0,353918000.0,397919000.0,0.8788491809482402,,235139589.0,0.0530888518031356,0.8769601379681633,0.208505183101026,0.3589723709534712,0.3931488819380869,0.3734820881094108,0.0557293879262079,0.0534378615200634,225534676.0,77415000.0,20.66,[],{},0.0383489883615978,18.602132004063066,21.22014918257119,0.0471250221379844,0.0832526684353418,,0.0486727647559918,1.0,20,20,0.3916666666666666,7.0,22.0,0.5945772727272728,0.5945772727272728,0.3181818181818182,0.0,1.0,0.3181818181818182,22.0,3,5,"cheapness,dividend,garp",0.6741733333333333,False,0.63335,0.4333,hold,2,11,stable,0.2475,persistent,2026-09-06,neutral,0.5,38.92119345774316
IBE.MC,"Iberdrola, S.A.",Utilities,135398055936.0,25.362501,18.70822,2.6221247,3.35,0.753,100.03,0.10022,0.0390950597778081,0.15883,0.098,0.683,2561499904.0,200792817664.0,14602999808.0,10677000000.0,44076000000.0,62464999424.0,6608999936.0,7.738,160762000000.0,24781000000.0,,28343000000.0,6285000000.0,11635000000.0,0.5456030492785189,,6597551694.0,0.0354532417731674,0.5399413789894855,0.8743252302155735,0.6912969906101729,0.3559983080578743,0.3647097471145281,0.2741692688570682,0.2715723373743627,6273874902.0,2173000000.0,20.29,[],{},0.0189182915980032,13.750107532974091,18.80610823864381,0.0531742127244139,0.03942828824334,,0.0806304231265905,1.0,20,20,0.4375,4.0,22.0,0.425,0.425,0.1818181818181818,0.0,0.9371,0.1818181818181818,22.0,3,5,"quality,dividend,garp",0.5476966666666667,False,0.63335,0.425,hold,2,20,stable,0.2587,persistent,2026-08-20,neutral,0.625,53.04284612973984
HMSO.IR,Hammerson Plc,Real Estate,2041630976.0,8.75,,0.8831693,5.21,0.766,86.369,0.105629995,0.0590404965404965,0.67484003,0.399,-0.348,10037500.0,3205199872.0,167700000.0,84700000.0,208300000.0,1816600064.0,469200000.0,3.963,3931200000.0,441700000.0,,271300000.0,232100000.0,96900000.0,0.6072971675468075,,529736620.0,-0.1513922448509952,0.5758354755784062,1.6280869885735347,1.838924683403688,0.4177859177859178,0.4376654009895294,0.0529863654863654,0.0335692095270969,490459528.0,65400000.0,3.5,[],{},0.004916412475121,19.1127004889684,37.84179305785124,0.0264258091172168,0.1142857142857142,,0.0231427088171807,1.0,20,20,0.4166666666666667,7.0,22.0,0.5168727272727274,0.5168727272727274,0.3181818181818182,0.0,1.0,0.3181818181818182,22.0,3,5,"cheapness,dividend,garp",0.53551,False,0.36665,0.425,hold,2,16,stable,0.2525,persistent,2026-08-23,neutral,0.375,48.691766834573365
KPN.AS,Koninklijke KPN N.V.,Communication Services,15084715008.0,18.177273,14.755369,6.577303,4.73,0.655,218.133,0.26111,0.06734404536862,0.15151,0.005,0.0,794499968.0,21981276160.0,2400999936.0,1435000000.0,5797000000.0,7265999872.0,419000000.0,0.608,12696000000.0,1349000000.0,,2121000000.0,855000000.0,2308000000.0,0.7236501638778678,,3825061887.0,0.0675858771020961,0.729787613778333,0.6360207449316361,0.5990547459629776,0.5500945179584121,0.5656332190961983,0.4566005040957782,0.4465609308998167,3886279040.0,268000000.0,3.999,[],{},0.0526692063839884,9.155050706340376,15.317962480836236,0.0652828338789225,0.0550137526129469,,0.1356973995271867,1.0,20,20,0.4142857142857143,9.0,22.0,0.5079181818181818,0.5079181818181818,0.4090909090909091,0.0,1.0,0.4090909090909091,22.0,5,5,"cheapness,quality,dividend,garp,risk",0.6152883333333333,True,0.7,0.4214,hold,2,19,stable,0.4178,persistent,2026-08-20,neutral,0.625,39.97235168828521
INGA.AS,ING Groep N.V.,Financial Services,90356785152.0,13.729438,10.965701,1.8050655,3.58,,,0.17124,0.0060005405892422,0.34493,0.111,0.221,,106316824576.0,,,22903000000.0,262074007552.0,247878991872.0,17.57,1054405000000.0,,,,6327000000.0,-6380000000.0,,,2902437688.0,0.006263320088776,,,,0.169971690194944,0.1678779475672312,0.0217212551154442,0.0220999563958473,3096274533.0,36368000000.0,31.715,[],{},,,,,0.0728361932950205,,,0.7,14,20,0.4633149242783795,6.0,22.0,0.4535181818181819,0.4535181818181819,0.2727272727272727,0.0,1.0,0.2727272727272727,22.0,4,5,"cheapness,quality,dividend,garp",0.5342633333333333,False,0.36665,0.4192,hold,2,20,stable,0.2471,persistent,2026-08-20,wait,0.25,57.09516929327043
SAND.ST,Sandvik AB (publ),Industrials,463997337600.0,27.542814,27.198528,4.6206884,1.62,1.639,42.909,0.17908001,0.086482985988461,0.1305,0.237,0.629,14508099584.0,503574396928.0,29316999168.0,20979000000.0,120680000000.0,43121000448.0,3620000000.0,80.053,169860000000.0,69898000000.0,,36113000000.0,14690000000.0,19189000000.0,0.4060490553529997,,1254385923.0,0.0663994706699062,0.3998763000699881,1.93553567967214,1.7915955735387314,0.2185505710585187,0.2318856299895869,0.7104674437772283,0.6664244186046512,1254385923.0,1824000000.0,369.9,[],{},0.0312676354115356,17.176873869057513,24.00373692397159,0.0416601799614517,0.0363071108130055,,0.1568558547107598,1.0,20,20,0.4097560975609756,9.0,22.0,0.5257181818181818,0.5257181818181818,0.4090909090909091,0.0,1.0,0.4090909090909091,22.0,5,5,"cheapness,quality,dividend,garp,risk",0.6629716666666667,True,1.0,0.4122,hold,2,17,stable,0.411,persistent,2026-08-21,neutral,0.5,44.91758772702663
GL9.IR,Glanbia plc,Consumer Defensive,4551046656.0,22.15294,12.859332,2.789444,2.37,1.532,63.691,0.12047,0.0461248112732763,0.05799,0.079,0.637,334575008.0,5379894272.0,486400000.0,274100000.0,3946400000.0,1207900032.0,375700000.0,6.750449,3974000000.0,1652300000.0,,1218800000.0,183300000.0,368500000.0,0.2689539833772552,,242479634.0,0.0425087108013937,0.3035132953095293,1.3556777157860191,1.4102418207681366,0.2832662304982385,0.2474899987095109,0.99305485656769,0.9910181958962446,256533098.0,29200000.0,18.83,[],{},0.0735160575774154,11.060637894736844,19.62748731120029,0.0509489566415033,0.0451407352703523,,0.0994846109175377,1.0,20,20,0.3983516483516484,8.0,22.0,0.5121318181818182,0.5121318181818182,0.3636363636363636,0.0,1.0,0.3636363636363636,22.0,5,5,"cheapness,quality,dividend,garp,risk",0.6576299999999999,True,1.0,0.4091,hold,2,16,stable,0.4037,persistent,2026-08-23,neutral,0.625,23.90940028546565
PRX.AS,Prosus N.V.,Consumer Cyclical,75005214720.0,7.8618417,8.316842,1.6715404,0.78,2.434,32.874,0.22213,0.1471767309516282,1.19918,,,846875008.0,181889728512.0,626000000.0,304000000.0,9705000000.0,17707999232.0,15736999936.0,21.447283,79075000000.0,19468000000.0,,7997000000.0,11638000000.0,1609000000.0,0.4643997939206594,,2138335355.0,0.1703725133630903,0.4252836304700162,2.4344129048393146,3.544053923928743,0.2227126146063863,0.2266214801344575,0.1227315839392981,0.0850002755276354,2280205366.0,645000000.0,35.85,[],{},0.0112908817228434,290.55867174440897,598.321475368421,0.001671342315407,0.1271966592764135,,0.0042769914741551,1.0,20,20,0.4573529411764706,10.0,22.0,0.4742363636363637,0.4742363636363637,0.4545454545454545,0.0,1.0,0.4545454545454545,22.0,4,5,"cheapness,quality,dividend,risk",0.4179766666666666,True,0.4,0.404,hold,2,20,stable,0.3445,persistent,2026-08-20,neutral,0.625,40.47120822880684
SWED-A.ST,Swedbank AB (publ),Financial Services,452182769664.0,14.57971,15.81761,2.183989,5.08,,,0.15016,0.0106968109385519,0.45124,0.058,-0.089,,1283150839808.0,,,67899000000.0,1132510052352.0,301566001152.0,184.25,3062782000000.0,,,,32762000000.0,-46342000000.0,,,1124225510.0,0.0115855516352642,,,,0.2983104902666921,0.3065178986456112,0.0221690606775147,0.024365243411546,1125318943.0,46448000000.0,402.4,[],{},,,,,0.0685884698666845,,,0.7,14,20,0.4073866333002546,4.0,22.0,0.4346636363636363,0.4346636363636363,0.1818181818181818,0.0,1.0,0.1818181818181818,22.0,3,5,"quality,dividend,garp",0.50697,False,0.36665,0.4015,hold,2,17,stable,0.1699,persistent,2026-08-21,neutral,0.5,69.7285226150264
GALP.LS,"Galp Energia, SGPS, S.A.",Energy,15826454528.0,13.942675,11.8183775,3.3348567,3.11,1.529,80.965,0.24875,0.0730641268184486,0.050869998,0.352,1.346,1967500032.0,19026454528.0,3312999936.0,2135000000.0,19507000000.0,4598000128.0,2331000064.0,6.564,15329000000.0,6241000000.0,,3711000000.0,1120000000.0,1403000000.0,0.1200594658327779,,733855705.0,0.0618421835047868,0.1278682370606728,1.6817569388305038,1.720733104238259,0.319655554830713,0.2918475352322055,1.2725552873638202,1.2672295891062615,750267303.0,143000000.0,21.89,[],{},0.1243171696174351,5.742968576984603,8.91168830351288,0.112212183139957,0.0717222484207657,,0.1837665691168876,1.0,20,20,0.4499999999999999,8.0,22.0,0.6346909090909091,0.6346909090909091,0.3636363636363636,0.0,1.0,0.3636363636363636,22.0,5,5,"cheapness,quality,dividend,garp,risk",0.7377100000000001,True,0.9,0.4,hold,2,16,stable,0.425,persistent,2026-08-23,neutral,0.375,62.095048509856596
HEXA-B.ST,Hexagon AB (publ),Technology,256519143424.0,10.749156,17.928705,45.72249,1.59,1.527,46.892,0.27292,0.0360877468830918,0.09961,0.04,,683724992.0,257030946816.0,1269799936.0,1015400000.0,5424600000.0,2644300032.0,2161499904.0,2.09,17108300000.0,3877700000.0,,3829800000.0,617400000.0,1466900000.0,0.6630350624930871,,2684377888.0,0.0573317274025937,0.6683268223139731,1.0125071805316204,1.0615783037191568,0.2404739220144608,0.214615837091398,0.3170741686783608,0.3025741575866222,2684377888.0,136900000.0,95.56,[],{},0.0026653955836343,202.41845941942148,253.13270318692145,0.0039504970610674,0.093030559794648,,0.0764694807395413,1.0,20,20,0.4348484848484849,6.0,22.0,0.4517181818181818,0.4517181818181818,0.2727272727272727,0.0,1.0,0.2727272727272727,22.0,4,5,"cheapness,quality,dividend,risk",0.4839416666666666,True,0.9,0.3973,hold,2,17,stable,0.3329,persistent,2026-08-21,neutral,0.5,51.754990487444495
UNA.AS,Unilever PLC,Consumer Defensive,116340883456.0,21.188234,15.806935,7.183885,3.53,0.74,175.397,0.31869,0.1343673284045919,0.18319,0.005,-0.056,6732624896.0,144622796800.0,10876000256.0,10127000000.0,50503000000.0,32110000128.0,5943000064.0,7.521,70471000000.0,17066000000.0,,21662000000.0,9469000000.0,8350000000.0,0.4694572599647545,,2179482192.0,0.0720250783699059,0.4669105737533108,0.7878312251869634,0.7606404058016961,0.3916078954463538,0.3843887147335423,0.7166494018816251,0.6580438871473354,2200552980.0,1098000000.0,54.03,[],{},0.0578698106461111,13.297424916868264,14.280912096376024,0.070023538640348,0.0471960051035872,,0.2074822266385297,1.0,20,20,0.4354395604395604,8.0,22.0,0.5107363636363637,0.5107363636363637,0.3636363636363636,0.0,1.0,0.3636363636363636,22.0,5,5,"cheapness,quality,dividend,garp,risk",0.616105,True,0.8,0.3926,hold,2,19,stable,0.414,persistent,2026-08-20,neutral,0.5,46.371253104023545
CAI.VI,CA Immobilien Anlagen AG,Real Estate,2053277696.0,14.272151,16.206348,0.8495328,3.99,0.799,84.494,0.06204,0.0337641902464336,0.55513,-0.108,,385480864.0,3621708032.0,148062000.0,164637000.0,300673000.0,2049347968.0,488134016.0,26.544,5461674000.0,1052634000.0,,419283000.0,184409000.0,208020000.0,0.7130503902911136,,93823352.0,-0.0109941002856883,0.6725554048776587,2.5105573085481643,2.38394854189184,0.4137711258489613,0.4513084885256055,0.0550514366108266,0.0539424015239366,97154743.0,59447000.0,22.55,[],{},0.1877392740158611,24.46075314395321,21.998141559916665,0.0454583855311724,0.0700665232591779,,0.0326505818370689,1.0,20,20,0.375,5.0,22.0,0.5232636363636364,0.5232636363636364,0.2272727272727272,0.0,1.0,0.2272727272727272,22.0,4,5,"cheapness,quality,dividend,risk",0.5167466666666667,True,0.8,0.3917,hold,2,17,stable,0.3067,persistent,2026-08-21,neutral,0.625,35.77595220355957
IMCD.AS,IMCD N.V.,Basic Materials,5508894720.0,23.984575,14.418441,2.5949101,1.94,1.347,85.125,0.11225,0.0469335650337196,0.04632,0.066,0.1,266937248.0,7069840896.0,515928000.0,371249000.0,4778874000.0,1808295040.0,248666000.0,35.955,4635872000.0,1795148000.0,,1034899000.0,217578000.0,322277000.0,0.2497525567738341,,59032832.0,0.0570373335908021,0.2543352845692171,1.734611783372097,1.9788619223808408,0.3708661498850701,0.3475935379431318,1.0308468396021289,0.9691162485976048,59069346.0,69749000.0,93.3,[],{},0.0484556815055634,13.703154114527608,19.043393776144853,0.0525116484884471,0.0416934634030413,,0.1030968574326994,1.0,20,20,0.4348155467720685,5.0,22.0,0.4252681818181819,0.4252681818181819,0.2272727272727272,0.0,1.0,0.2272727272727272,22.0,4,5,"cheapness,dividend,garp,risk",0.5215433333333334,True,0.9,0.391,hold,2,19,stable,0.3303,persistent,2026-08-20,neutral,0.5,40.316201477227345
ABN.AS,ABN AMRO Bank N.V.,Financial Services,35392659456.0,15.622302,11.699862,1.2947174,3.18,,,0.0912,0.0054500133104232,0.27692,0.118,0.323,,58102657024.0,,,8732000000.0,108966002688.0,86258999296.0,33.544,413210000000.0,,,,2252000000.0,2235000000.0,,,823201264.0,0.00624079657808,,,,0.1922097722707582,0.211761161624425,0.0211321120011616,0.0231036730580942,833048566.0,8121000000.0,43.43,[],{},,,,,0.0640110529165292,,,0.7,14,20,0.3565639786570019,4.0,22.0,0.4544954545454546,0.4544954545454546,0.1818181818181818,0.0,1.0,0.1818181818181818,22.0,3,5,"cheapness,dividend,garp",0.5579033333333333,False,0.53335,0.3881,hold,2,19,stable,0.1564,persistent,2026-08-20,wait,0.25,64.56258641590911
UPR.IR,Uniphar plc,Healthcare,1042190784.0,19.119047,14.31883,2.573718,0.51,0.966,122.164,0.13418001,0.0294921256001556,0.01685,0.072,0.167,-45186000.0,1475115776.0,109026000.0,91426000.0,3074704000.0,520936000.0,88011000.0,1.56,1732259000.0,828921000.0,,834852000.0,51088000.0,108431000.0,0.1488572558529211,,259574298.0,0.0453463536737305,0.1543457709979212,0.992895746791048,0.8779746096877661,0.2959661343944526,0.2868651453981958,1.774967831022959,1.9567442839424904,273015254.0,21192000.0,4.015,[],{},-0.0433567449393219,13.52994493056702,16.134532583728916,0.0619788639559638,0.0523038622165634,,0.1018779661847968,1.0,20,20,0.4168414918414918,4.0,22.0,0.3663499999999999,0.3663499999999999,0.1818181818181818,0.0,1.0,0.1818181818181818,22.0,3,5,"cheapness,dividend,garp",0.4250066666666667,False,0.63335,0.3842,hold,2,16,stable,0.2403,persistent,2026-08-23,neutral,0.625,38.7175690612159
AIR.PA,Airbus SE,Industrials,153056509952.0,25.784,22.19725,5.9153895,1.65,1.146,54.988,0.23193,0.0386915569257219,0.07714,0.277,1.258,3128750080.0,154291503104.0,9004000256.0,5236000000.0,73420000000.0,14275999744.0,13128999936.0,32.691,134939000000.0,73647000000.0,,63511000000.0,5221000000.0,7995000000.0,0.1493734677199673,,787227745.0,0.0327521224644579,0.1541961577350859,1.1595944009699106,1.1453078864457384,0.0816887630707208,0.0872590219250385,0.5440977034067245,0.5357820033587952,787956251.0,770000000.0,193.38,[],{},0.0204417968303419,17.135883909064162,29.46743756760886,0.0339357637631586,0.0387837418554142,,0.0733045864366915,1.0,20,20,0.4024390243902438,5.0,22.0,0.4311318181818181,0.4311318181818181,0.2272727272727272,0.0,1.0,0.2272727272727272,22.0,4,5,"quality,dividend,garp,risk",0.58917,True,0.83335,0.3805,hold,2,20,stable,0.3132,persistent,2026-08-20,neutral,0.5,38.004742217709165
BBVA.MC,"Banco Bilbao Vizcaya Argentaria, S.A.",Financial Services,136081408000.0,13.047619,10.724024,2.4166992,3.73,,,0.18924,0.0122281217716641,0.32562,0.202,0.152,,162676654080.0,,,39415000000.0,198940999680.0,183573004288.0,10.204,859576000000.0,,,,10511000000.0,14968000000.0,,,5691360192.0,0.0130165380203572,,,,0.103890755442218,0.0983037330302096,0.0458540024384114,0.0507960880474157,5756618609.0,32065000000.0,24.66,[],{},,,,,0.0766423360461399,,,0.7,14,20,0.4256266988825129,5.0,22.0,0.4785045454545455,0.4785045454545455,0.2272727272727272,0.0,1.0,0.2272727272727272,22.0,4,5,"cheapness,quality,dividend,garp",0.5691900000000001,False,0.53335,0.3769,hold,2,20,stable,0.2247,persistent,2026-08-20,neutral,0.375,47.883007004581536
EVO.ST,Evolution AB (publ),Consumer Cyclical,159318900736.0,14.471001,12.07363,39.68465,5.05,2.037,2.13,0.26685,0.1923464269809755,0.51774,-0.012,0.043,915373376.0,166975537152.0,1253490944.0,1205639000.0,2066540000.0,90203000.0,1153538944.0,21.817,5521787000.0,2075627000.0,,1251394000.0,1062096000.0,1255217000.0,1.0279171949248502,,199226613.0,0.232666550958223,1.0238463272235512,1.658651871432978,1.818435156578623,0.0164924869430856,0.017517485316374,0.3742520310906596,0.3858561763995173,206562243.0,5543000.0,865.8,[],{},0.00574554162608,133.20841123843013,138.4954676748181,0.0072204528912668,0.0691037199154364,,0.2823250693788604,1.0,20,20,0.4056985294117647,9.0,22.0,0.5855227272727274,0.5855227272727274,0.4090909090909091,0.0,1.0,0.4090909090909091,22.0,5,5,"cheapness,quality,dividend,garp,risk",0.7292316666666666,True,1.0,0.3699,hold,2,18,stable,0.3878,persistent,2026-08-21,wait,0.25,61.55702680110518
ALFA.ST,Alfa Laval AB (publ),Industrials,225593491456.0,27.551743,24.876936,4.9647517,1.65,1.12,45.751,0.19059,0.0842697201536251,0.11635,0.077,0.007,4881999872.0,242049499136.0,13784000512.0,11751000000.0,69675000000.0,20991000576.0,4976999936.0,109.935,98161000000.0,42965000000.0,,36364000000.0,8272000000.0,9166000000.0,0.361664872622892,,413326315.0,0.0832291701856919,0.3466013472137171,1.1815256847431526,1.3374662215863933,0.2140463116716414,0.1499048455570194,0.7098032823626491,0.7539497539497539,413326315.0,571000000.0,545.8,[],{},0.0216406946871168,17.560177752843078,20.59820433460982,0.0485479211563973,0.0362953443635126,,0.1901548618864993,1.0,20,20,0.3658536585365854,4.0,22.0,0.4485454545454546,0.4485454545454546,0.1818181818181818,0.0,1.0,0.1818181818181818,22.0,4,5,"cheapness,quality,garp,risk",0.5126483333333334,True,0.83335,0.3585,hold,2,18,stable,0.2897,persistent,2026-08-21,neutral,0.625,44.01745973812072
ZURN.SW,Zurich Insurance Group AG,Financial Services,89113698304.0,14.640491,14.026149,3.7075365,5.03,27.188,46.416,0.25695,0.0166940480488002,0.093830004,0.113,0.102,-445500000.0,72471584768.0,11377000448.0,10500000000.0,88670000000.0,15358000128.0,32480000000.0,160.91547,407211000000.0,,,,6798000000.0,5903000000.0,,,142278360.0,0.0162399966480915,,,,0.0385082917701142,0.0403011131129453,0.2177495205188465,0.2403485984832614,142285391.0,460000000.0,596.6,[],{},-0.0049992314142348,6.370008078951954,6.902055692190476,0.1448843713520709,0.0683037201416263,,,0.95,19,20,0.3984447267279004,6.0,22.0,0.5726181818181818,0.5726181818181818,0.2727272727272727,0.0,1.0,0.2727272727272727,22.0,4,5,"cheapness,quality,dividend,garp",0.65923,False,0.73335,0.3577,hold,2,18,stable,0.2873,persistent,2026-08-21,neutral,0.5,50.23577754744878
ELI.BR,Elia Group SA/NV,Utilities,13173651456.0,20.774527,16.522093,1.677787,1.7,1.191,175.519,0.083900005,0.0182247438457662,0.13893,0.18,0.1,-3870874880.0,28256751616.0,2630700032.0,1046700000.0,4442200000.0,17704300544.0,3448499968.0,71.94,32148600000.0,5927500000.0,,4877700000.0,585900000.0,2090400000.0,0.6526720994102021,,109148266.0,0.0180723374893692,0.5019644279267321,1.2152243885437808,0.9092962866787848,0.5527892349900151,0.5948627224441984,0.1381770901376731,0.1511176366758131,77568348.0,289500000.0,120.7,[],{},-0.2938346207905016,10.741153028579124,26.99603670201586,0.0370424744579387,0.0481358733221699,,0.0383815715652948,1.0,20,20,0.33125,4.0,22.0,0.3684227272727272,0.3684227272727272,0.1818181818181818,0.0,1.0,0.1818181818181818,22.0,4,5,"cheapness,quality,dividend,garp",0.4602483333333333,False,0.53335,0.3438,hold,2,19,stable,0.27,persistent,2026-08-20,accumulate,0.75,45.33259581382796
GEBN.SW,Geberit AG,Industrials,17441177600.0,28.563856,25.606369,15.735388,2.39,1.644,134.428,0.54099,0.1549547681381062,0.19413,0.065,0.124,482224992.0,18775578624.0,924600000.0,767200000.0,3162900000.0,1490000000.0,155600000.0,34.254,3857900000.0,1311600000.0,,851800000.0,597800000.0,866900000.0,0.7364444022890385,,32973728.0,0.1639934084042845,0.7285367039377735,1.5397980746654143,1.3203463203463204,0.351175509992483,0.3771216698709146,0.8198501775577387,0.8474320241691843,32937493.0,27900000.0,539.0,[],{},0.0276486486784011,20.306704114211552,24.47286056308655,0.0408615902265361,0.0350092788592688,,0.2552143973919696,1.0,20,20,0.3865853658536585,6.0,22.0,0.4259772727272727,0.4259772727272727,0.2727272727272727,0.0,1.0,0.2727272727272727,22.0,5,5,"cheapness,quality,dividend,garp,risk",0.5480766666666667,True,0.9,0.3378,hold,2,18,stable,0.3622,persistent,2026-08-21,neutral,0.5,37.45558668915324
SU.PA,Schneider Electric S.E.,Industrials,160963313664.0,33.657246,23.529867,6.568513,1.47,1.091,84.124,0.18620001,0.0666037373608089,0.11270001,0.098,0.293,5374750208.0,177249107968.0,8520999936.0,7010000000.0,40152000000.0,20809000960.0,4518000128.0,43.503,62504000000.0,22038000000.0,,18506000000.0,4163000000.0,6131000000.0,0.4207760510061765,,562222886.0,0.0647377280378508,0.426388488454381,1.1908570193450774,1.226020747100005,0.2860616920517086,0.2249063585217536,0.6423908869832331,0.5785754363617063,560971685.0,540000000.0,285.75,[],{},0.0333911503537969,20.80144458388598,25.285179453352352,0.039548859119029,0.0297112841615145,,0.1593254238829037,1.0,20,20,0.3487804878048781,4.0,22.0,0.39635,0.39635,0.1818181818181818,0.0,1.0,0.1818181818181818,22.0,4,5,"cheapness,dividend,garp,risk",0.5008516666666667,True,0.9,0.3317,hold,2,16,stable,0.2722,persistent,2026-08-23,neutral,0.5,47.90684782951487
CFR.SW,Compagnie Financière Richemont SA,Consumer Cyclical,99273719808.0,30.368706,20.891392,4.330156,1.95,3.098,55.981,0.14961,0.0817399056847242,0.1554,0.042,-0.272,2592000000.0,95687262208.0,5359000064.0,4635000000.0,22420000000.0,13514999808.0,17234999296.0,38.99398,42623000000.0,28934000000.0,,9341000000.0,3484000000.0,4880000000.0,0.643978590544157,,587940297.0,0.0670877432570843,0.669143417916725,3.0975270313670915,2.89841432225064,0.3170823264434695,0.3206116178120275,0.5260070853764399,0.5218504609081598,587940297.0,305000000.0,168.85,[],{},0.0261096290640972,17.85543218235722,20.64450101574973,0.0484390491800745,0.0329286338377407,,0.1392644672796106,1.0,20,20,0.326470588235294,5.0,22.0,0.4376727272727272,0.4376727272727272,0.2272727272727272,0.0,1.0,0.2272727272727272,22.0,4,5,"cheapness,quality,garp,risk",0.5484766666666666,True,1.0,0.3233,hold,2,18,stable,0.2599,persistent,2026-08-21,neutral,0.625,37.64820050355765
ITX.MC,"Industria de Diseño Textil, S.A.",Consumer Cyclical,161170587648.0,25.239025,21.864065,9.026518,1.26,1.155,34.713,0.36824,0.1745328020652113,0.15531999,0.091,0.08,6487897600.0,156969582592.0,9771635712.0,8064000000.0,39864000000.0,6198000128.0,10398999552.0,5.732,35638000000.0,15691000000.0,,10172000000.0,6220000000.0,9232000000.0,0.5825306040537829,,3116366768.0,0.1689808146569107,0.5783547318285359,1.542567833267794,1.605575733778345,0.171025310062293,0.1702195079794895,1.1185812896346596,1.1128651264619462,3114746154.0,370000000.0,51.74,[],{},0.0402548485718107,16.063798039383972,19.46547403174603,0.0513730104064823,0.0396211818800448,,0.3166575041231446,1.0,20,20,0.3779779411764706,8.0,22.0,0.5128818181818181,0.5128818181818181,0.3636363636363636,0.0,1.0,0.3636363636363636,22.0,5,5,"cheapness,quality,dividend,garp,risk",0.6019083333333333,True,1.0,0.3211,hold,2,20,stable,0.3495,persistent,2026-08-20,accumulate,0.75,27.046631868161015
KRZ.IR,Kerry Group plc,Consumer Defensive,13183293440.0,21.160713,14.709403,2.1570106,1.74,1.765,46.206,0.106120005,0.0617202950576899,0.096219994,-0.037,-0.038,277550016.0,15406294016.0,1138400000.0,895000000.0,6757600000.0,2825100032.0,604499968.0,38.456,10669100000.0,2770200000.0,,1653500000.0,658500000.0,755500000.0,0.5115277613353854,,161102087.0,0.0586933066933066,0.5138185334314702,1.6753553069247051,1.3872806565708595,0.2430476797480574,0.2812867132867133,0.63338051007114,0.5537742257742257,166440652.0,87800000.0,82.95,[],{},0.0210531622665603,13.533287083626142,17.213736330726256,0.0580931403146343,0.0472573868375796,,0.0992723723324016,1.0,20,20,0.3082417582417582,6.0,22.0,0.4742772727272727,0.4742772727272727,0.2727272727272727,0.0,1.0,0.2727272727272727,22.0,5,5,"cheapness,quality,dividend,garp,risk",0.557265,True,0.83335,0.3154,hold,2,16,stable,0.3118,persistent,2026-08-23,neutral,0.375,45.79930508499067
DIE.BR,D'Ieteren Group SA,Consumer Cyclical,8634732544.0,20.86404,10.740169,80.92656,1.22,1.196,2039.844,,0.0684357316738944,0.05531,-0.03,0.064,612225024.0,10947361792.0,509900000.0,322000000.0,8033500000.0,2621199872.0,307500000.0,2.029,6202900000.0,2341000000.0,,1839300000.0,424500000.0,551700000.0,0.2508869110599365,,52586680.0,0.0556977562231502,0.2412596416790317,1.272766813461643,1.4485676741130091,0.3622176723790485,0.396964389959136,1.2951200245046672,1.2206355621416918,53063318.0,118400000.0,164.2,[],{},0.0709026042069381,21.46962500882526,33.99801798757764,0.0294134793494545,0.047929355963658,,0.0737922816023466,0.95,19,20,0.3267565359477125,5.0,22.0,0.3775545454545455,0.3775545454545455,0.2272727272727272,0.0,1.0,0.2272727272727272,22.0,5,5,"cheapness,quality,dividend,garp,risk",0.4888083333333333,True,0.8,0.3125,hold,2,19,stable,0.3036,persistent,2026-08-20,neutral,0.5,36.47051243121634
EBS.VI,Erste Group Bank AG,Financial Services,46148005888.0,13.273744,10.51107,1.9014086,0.63,,,0.13213,0.0095231893730973,0.29145,0.399,0.175,,124474392576.0,,,11761000000.0,83075997696.0,17927000064.0,62.48,368574000000.0,,,,3510000000.0,4039000000.0,,,388406224.0,0.0088342718863785,,,,0.1508326686092887,0.1486390980844471,0.0319094672982901,0.0307969785376665,388126224.0,8819000000.0,118.8,[],{},,,,,0.0753366947562044,,,0.7,14,20,0.3406358314996188,4.0,22.0,0.4270681818181819,0.4270681818181819,0.1818181818181818,0.0,1.0,0.1818181818181818,22.0,3,5,"cheapness,dividend,garp",0.4898066666666666,False,0.53335,0.3092,hold,2,17,stable,0.1365,persistent,2026-08-21,neutral,0.375,45.05982287065701
SLHN.SW,Swiss Life Holding AG,Financial Services,25827229696.0,20.121925,18.020699,4.0904665,3.95,14.46,257.891,0.19368,0.0056177980604677,0.10852,0.034,0.119,-9873375232.0,-46605029376.0,2007000064.0,2000000000.0,17796000000.0,16700999680.0,89286000640.0,225.94,219125000000.0,,,,1231000000.0,,,,27945498.0,0.0055450754340368,,,,0.0450382201939532,0.0429766184175067,0.0812139189960068,0.0848889843011332,28528671.0,333000000.0,924.2,[],{},-0.3822854928002263,-23.221239606298287,-23.302514688,-0.0429138233958486,0.0496970344537115,,,0.9,18,20,0.295887001735155,4.0,22.0,0.4205681818181818,0.4205681818181818,0.1818181818181818,0.0,1.0,0.1818181818181818,22.0,4,5,"cheapness,quality,dividend,garp",0.481735,False,0.3,0.2947,hold,2,18,stable,0.2126,persistent,2026-08-21,neutral,0.625,50.76288188381108
AZN.ST,AstraZeneca PLC,Healthcare,2541142933504.0,24.939117,143.81223,50.528885,1.85,0.886,64.225,0.21965,0.0896347984641548,0.17021999,0.064,0.025,4905375232.0,2568770551808.0,19904000000.0,13327000000.0,58739000000.0,32349999104.0,4968000000.0,32.427,114074000000.0,28723000000.0,,30617000000.0,10225000000.0,14575000000.0,0.8189788726399837,,1550760380.0,0.0676214735425577,0.8112366615501266,0.9381389424176112,0.9268283930237564,0.2555271139786454,0.289460277791128,0.5149201395585322,0.5197577738261162,1550103897.0,1614000000.0,1638.5,[],{},0.0019303814702134,129.0580060192926,192.7493473255797,0.0051880850123495,0.0400976506104847,,0.1596870244557077,1.0,20,20,0.3322843822843823,5.0,22.0,0.4151681818181819,0.4151681818181819,0.2272727272727272,0.0,0.8889,0.2272727272727272,22.0,3,5,"quality,dividend,garp",0.5257666666666666,False,0.73335,0.2899,hold,2,16,stable,0.1867,persistent,2026-08-23,neutral,0.5,62.393614332829635
LONN.SW,Lonza Group AG,Healthcare,38107013120.0,35.199997,24.736696,4.6883726,0.92,1.663,51.116,0.12895,-0.0153571229128273,-0.01601,0.112,0.392,-1567000064.0,41781608448.0,2390000128.0,1358000000.0,6531000000.0,4167000064.0,487000000.0,116.373,17907000000.0,6834000000.0,,3625000000.0,-275000000.0,1156000000.0,0.3535446332873985,,69844229.0,0.0322302741600364,0.3271897810218978,1.8852413793103449,1.5199776473875384,0.2535321382699503,0.2594638422946334,0.3647177081588206,0.2777073937059747,72142714.0,163000000.0,545.6,[],{},-0.0411210413963822,17.481843602646034,30.76701653019146,0.0325023389583031,0.0284090933303204,,0.0950847220277272,1.0,20,20,0.3013403263403263,5.0,22.0,0.3214045454545454,0.3214045454545454,0.2272727272727272,0.0,1.0,0.2272727272727272,22.0,4,5,"quality,dividend,garp,risk",0.4240333333333333,True,0.75,0.2859,hold,2,18,stable,0.2349,persistent,2026-08-21,neutral,0.625,41.372883651635185
RMS.PA,Hermès International Société en commandite par actions,Consumer Cyclical,139463360512.0,30.957918,26.301167,7.3313217,1.35,4.537,11.984,0.25452,0.1860044404243072,0.27996,0.016,-0.003,4914625024.0,129435869184.0,7056000000.0,6695000000.0,16001000000.0,2280000000.0,12309999616.0,181.618,24322000000.0,15911000000.0,,3186000000.0,4524000000.0,5374000000.0,0.7110805574651584,,104836315.0,0.1994021833304453,0.702636783124588,4.994036409290646,4.2645356847616425,0.096455883562207,0.0941777854791197,0.6578817531453005,0.6571651360249523,104837768.0,55000000.0,1331.5,[],{},0.0352395425290008,18.344085768707483,19.333214217177,0.0517244566147479,0.0323019138431725,,0.3167581377744133,1.0,20,20,0.3105882352941177,7.0,22.0,0.5001454545454546,0.5001454545454546,0.3181818181818182,0.0,1.0,0.3181818181818182,22.0,4,5,"cheapness,quality,garp,risk",0.5835716666666666,True,1.0,0.2699,hold,2,20,stable,0.2322,persistent,2026-08-20,neutral,0.625,25.88145938179855
ASML.AS,ASML Holding N.V.,Technology,555408621568.0,56.817287,27.956896,25.447891,0.54,1.334,9.092,0.53942,0.1900345287205388,0.30114,0.213,0.285,8437675008.0,549811519488.0,13488400384.0,11301400000.0,32667300000.0,1984400000.0,7581499904.0,56.822,50566600000.0,30616100000.0,,24263900000.0,9609400000.0,12658500000.0,0.5282958799778371,,385417665.0,0.1558275845036798,0.512757006535069,1.26179633117512,1.532930368951794,0.0868339971443601,0.0964733193934504,0.6460252419581305,0.5816656239195219,393283720.0,118300000.0,1446.0,[],{},0.0151918329682733,40.76180301855429,48.64985926416196,0.0205550440458653,0.0176002771832453,,0.4296669163241796,1.0,20,20,0.3377272727272727,7.0,22.0,0.4248772727272727,0.4248772727272727,0.3181818181818182,0.0,1.0,0.3181818181818182,22.0,5,5,"cheapness,quality,dividend,garp,risk",0.5146183333333333,True,1.0,0.2636,hold,2,20,stable,0.3007,persistent,2026-08-20,neutral,0.5,46.94387991575331
ASM.AS,ASM International NV,Technology,39727300608.0,37.31316,26.523539,8.962456,0.4,2.169,1.585,0.26798,0.1356005246393104,0.31929,0.2,0.415,235275008.0,38751920128.0,1154800000.0,938100000.0,3173200000.0,70500000.0,1180099968.0,90.801,5337000000.0,2345800000.0,,1041400000.0,723700000.0,1060900000.0,0.5179629396193117,,48881549.0,0.1328386834305197,0.5051317898182562,2.252544651430766,2.012414597567072,0.002604459434139,0.0022666072570177,0.5945662357129473,0.5681435130475213,49097817.0,900000.0,813.8,[],{},0.0059222500496955,33.557256778662975,41.30894374586931,0.0242078327190342,0.0268001959630328,,0.2183862557035105,1.0,20,20,0.2988636363636364,7.0,22.0,0.4362681818181818,0.4362681818181818,0.3181818181818182,0.0,1.0,0.3181818181818182,22.0,5,5,"cheapness,quality,dividend,garp,risk",0.51642,True,0.83335,0.2572,hold,2,19,stable,0.278,persistent,2026-08-20,neutral,0.5,49.324424423220876
UBSG.SW,UBS Group AG,Financial Services,127215378432.0,17.098764,11.892086,1.7598326,2.08,,,0.10672,0.0048020714381545,0.17949,0.146,0.206,,151322378240.0,,,47295000000.0,599213015040.0,575371018240.0,23.610199,1617427000000.0,,,,7767000000.0,21851000000.0,,,3091699191.0,0.0032497821125245,,,,0.2077633179117202,0.2124070623656573,0.0292408869148344,0.0289745614774943,3174825251.0,26545000000.0,41.55,[],{},,,,,0.0584837594109141,,,0.7,14,20,0.2529519207260071,5.0,22.0,0.4198818181818182,0.4198818181818182,0.2272727272727272,0.0,1.0,0.2272727272727272,22.0,4,5,"cheapness,quality,dividend,garp",0.5109916666666667,False,0.53335,0.257,hold,2,18,stable,0.1428,persistent,2026-08-21,neutral,0.5,35.505104053192994
EPI-A.ST,Epiroc AB (publ),Industrials,305025744896.0,34.487003,30.119476,6.840506,1.51,2.133,42.095,0.2123,0.1070206651156425,0.14168,0.104,0.158,5663249920.0,316876750848.0,14691000320.0,12495000000.0,61998000000.0,18773000192.0,6928000000.0,36.854,80377000000.0,45533000000.0,,19156000000.0,8602000000.0,10675000000.0,0.3705603406561502,,1209043512.0,0.1044515426670973,0.3607634739953462,2.376957611192316,2.476660092044708,0.2514400885825547,0.258000454605271,0.7713400599674036,0.7609135173288352,1208376598.0,816000000.0,252.1,[],{},0.0185664653386254,21.569446868543803,25.360284181512604,0.0394317347882477,0.0289964309163078,,0.2040966335081099,1.0,20,20,0.2829268292682926,7.0,22.0,0.4866727272727273,0.4866727272727273,0.3181818181818182,0.0,1.0,0.3181818181818182,22.0,5,5,"cheapness,quality,dividend,garp,risk",0.5909516666666667,True,1.0,0.2512,hold,2,18,stable,0.2671,persistent,2026-08-21,neutral,0.5,45.837193513585255
LIFCO-B.ST,Lifco AB (publ),Industrials,139262722048.0,36.113075,38.421055,6.8507843,0.88,0.944,57.938,0.20181999,0.0883812582104802,0.13166,0.108,0.178,4165750016.0,149938716672.0,7102000128.0,5170000000.0,28251000000.0,11864000512.0,1336999936.0,44.754,41106000000.0,10672000000.0,,10788000000.0,3633000000.0,5124000000.0,0.4369402852996354,,454216300.0,0.084882614621101,0.4433944217010368,0.989247311827957,0.8756567425569177,0.2667250523037999,0.2662963820103371,0.6872719311049482,0.6720923654503844,454216300.0,408000000.0,306.6,[],{},0.0299128866270772,21.11218163470019,29.001686010058027,0.0344807539690344,0.0276908017387054,,0.1705257602744244,1.0,20,20,0.2682926829268293,5.0,22.0,0.4111818181818182,0.4111818181818182,0.2272727272727272,0.0,1.0,0.2272727272727272,22.0,4,5,"quality,dividend,garp,risk",0.5152516666666667,True,0.9,0.2354,hold,2,17,stable,0.2015,persistent,2026-08-21,neutral,0.625,40.52764038649739
ATCO-A.ST,Atlas Copco AB (publ),Industrials,962063958016.0,36.117214,30.764431,9.050022,1.52,1.272,33.668,0.25698,0.1304987799697709,0.15665,0.091,0.08,25972000768.0,983449534464.0,42228998144.0,34811000000.0,168343000000.0,35858001920.0,14709000192.0,21.79,202454000000.0,87018000000.0,,56006000000.0,26420000000.0,32566000000.0,0.4289575450122666,,4870587525.0,0.1428133002138699,0.4284865730238557,1.5537263864585935,1.7235586032662638,0.1720390804824799,0.1664348943597809,0.8315123435447065,0.8476680509067892,4870613982.0,882000000.0,197.2,[],{},0.0269961269743025,23.288488424718427,28.251114143920024,0.035396834082567,0.0276876283979157,,0.2377021195236534,1.0,20,20,0.2829268292682927,6.0,22.0,0.4581681818181817,0.4581681818181817,0.2727272727272727,0.0,1.0,0.2727272727272727,22.0,5,5,"cheapness,quality,dividend,garp,risk",0.568715,True,1.0,0.2341,hold,2,18,stable,0.2585,persistent,2026-08-21,neutral,0.625,44.432745157213205
BG.VI,BAWAG Group AG,Financial Services,13590240256.0,15.428322,10.97968,2.887242,3.54,,,0.1989,0.0118939928351107,0.45091,0.035,0.296,,18841239552.0,,,2353900000.0,19505000448.0,14263000064.0,61.131,72297000000.0,,,,859900000.0,-3276000000.0,,,76976955.0,0.0106530606523597,,,,0.2454458691232001,0.2445438107119328,0.0325587507088814,0.0232741340883923,78524046.0,1523800000.0,176.5,[],{},,,,,0.0648158626712613,,,0.7,14,20,0.3051157037868001,5.0,22.0,0.4510590909090908,0.4510590909090908,0.2272727272727272,0.0,1.0,0.2272727272727272,22.0,4,5,"cheapness,quality,dividend,garp",0.5566433333333334,False,0.36665,0.2295,hold,2,11,stable,0.1497,persistent,2026-09-06,wait,0.25,46.617472534837844
SAF.PA,Safran SA,Industrials,133843386368.0,34.731182,24.96881,9.227253,1.04,0.918,33.745,0.2749,0.1161063836671304,0.11564,0.16,-0.651,3562749952.0,132958658560.0,6124000256.0,4592000000.0,31189000000.0,5106999808.0,6669000192.0,35.005,61814000000.0,38355000000.0,,41281000000.0,7177000000.0,5721000000.0,0.4692038859854436,,416914220.0,-0.0121246273540318,0.4788208976764324,0.9291199341101232,0.84196047008547,0.0861455333743165,0.091943575947066,0.5045620733167243,0.503817348942049,416775120.0,135000000.0,323.0,[],{},0.026618797152997,21.711079850092023,28.954411707317075,0.0345370512137633,0.0287925703190867,,0.2236399941557492,1.0,20,20,0.2804878048780488,4.0,22.0,0.3664318181818182,0.3664318181818182,0.1818181818181818,0.0,0.8,0.1818181818181818,22.0,3,5,"cheapness,quality,garp",0.3884599999999999,False,0.56665,0.2171,hold,2,8,stable,0.1493,persistent,2026-09-11,neutral,0.5,40.96552472398693
BESI.AS,BE Semiconductor Industries N.V.,Technology,14770865152.0,71.51341,28.335083,26.314676,0.85,4.283,62.453,0.44873002,0.118196502437268,0.28435,0.687,1.78,172208000.0,14934382592.0,278672992.0,173056000.0,591331000.0,358012992.0,509094016.0,7.093,1113747000.0,856984000.0,,154325000.0,131641000.0,178141000.0,0.6329348537451952,,79281785.0,0.1474244942793541,0.6517886391658559,5.553111939089583,5.979153067152157,0.4680039542194053,0.4412471364368364,0.5309383549405745,0.4920897611618209,79312140.0,25070000.0,186.65,[],{},0.0116586265075125,53.59106558844425,86.29797633136094,0.0115877572396398,0.013983391366738,,0.1803752676090396,1.0,20,20,0.2745454545454545,6.0,22.0,0.4135,0.4135,0.2727272727272727,0.0,1.0,0.2727272727272727,22.0,4,5,"quality,dividend,garp,risk",0.5722116666666667,True,1.0,0.2145,hold,2,19,stable,0.1956,persistent,2026-08-20,accumulate,0.875,42.45482583652109
OR.PA,L'Oréal S.A.,Consumer Defensive,200302952448.0,31.949871,25.240608,5.9161773,1.91,0.969,49.316,0.19409001,0.0991116316085744,0.13904001,0.058,0.054,6398387712.0,212916256768.0,10349500416.0,8891900000.0,44052000000.0,16712599552.0,4048800000.0,63.563,61821200000.0,22198500000.0,,15366500000.0,6127200000.0,8656900000.0,0.7431807863434123,,533783028.0,0.1137233955715183,0.7418297046460075,1.44460352064556,1.1255465974309922,0.1927510303908691,0.1507451191942278,0.7125710921172672,0.7716801470718715,534312021.0,374800000.0,376.05,[],{},0.0319435516741125,20.572612030512914,23.94496752864967,0.0417624287359554,0.0312990309100152,,0.1914101264242369,1.0,20,20,0.2491758241758241,7.0,22.0,0.4896909090909091,0.4896909090909091,0.3181818181818182,0.0,1.0,0.3181818181818182,22.0,5,5,"cheapness,quality,dividend,garp,risk",0.6035516666666666,True,1.0,0.2027,hold,2,20,stable,0.2259,persistent,2026-08-20,neutral,0.5,43.85967856087924
ENR.DE,Siemens Energy AG,Industrials,119288971264.0,45.51948,22.57867,11.120806,0.5,0.904,26.488,0.27749002,0.0249660116178469,0.064330004,0.175,0.8,6204624896.0,111315476480.0,4606000128.0,1569000000.0,39077000000.0,2959000064.0,11088000000.0,12.607,56637000000.0,34453000000.0,,38491000000.0,1414000000.0,5821000000.0,0.168359904803337,,855344213.0,0.0232731847309038,0.1306542869577832,0.8950923592528124,0.8986585402288548,0.0700248953864081,0.074026025081574,0.6899553295548846,0.6774580335731415,790195238.0,293000000.0,140.2,[],{},0.0520133993130719,24.16749313646567,70.94676639898024,0.0140950750930119,0.0219686165131939,,0.0864653367133252,1.0,20,20,0.2768292682926829,7.0,22.0,0.4224863636363636,0.4224863636363636,0.3181818181818182,0.0,1.0,0.3181818181818182,22.0,5,5,"cheapness,quality,dividend,garp,risk",0.5378216666666666,True,0.9,0.2024,hold,2,19,stable,0.2396,persistent,2026-08-20,neutral,0.625,43.92041924602144
DB1.DE,Deutsche Börse AG,Financial Services,50119970816.0,23.986195,20.439299,4.8396645,1.51,1.009,57.645,0.20412001,0.0067136453579937,0.27294,0.117,0.137,2181125120.0,54908968960.0,3347000064.0,2978000000.0,7381000000.0,6186999808.0,1775000064.0,57.442,297156000000.0,274582000000.0,,270651000000.0,1995000000.0,2810000000.0,0.5695705188998781,,182105935.0,0.0087703500936464,0.5832265413640895,1.0145242397035297,1.0177593470918178,0.0273795582118483,0.0431448998703356,0.0248388052066927,0.0316191831148249,183778379.0,192000000.0,278.0,[],{},0.0435180843980801,16.405428117733074,18.438203143049027,0.0542352197902205,0.041690647474516,,0.1123561592152424,1.0,20,20,0.2697909819318848,6.0,22.0,0.4807227272727273,0.4807227272727273,0.2727272727272727,0.0,1.0,0.2727272727272727,22.0,5,5,"cheapness,quality,dividend,garp,risk",0.5922016666666667,True,0.9,0.1951,hold,2,20,stable,0.2324,persistent,2026-08-20,neutral,0.625,50.13395868651422
ADDT-B.ST,Addtech AB (publ.),Industrials,88331059200.0,39.660606,41.734695,10.276705,1.1,1.758,74.526,0.26891002,0.1007508212106992,0.096499994,0.057,0.148,2588000000.0,94377861120.0,3835000064.0,3009000000.0,22703000000.0,6833999872.0,1396999936.0,31.839,21310000000.0,9180000000.0,,6143000000.0,2147000000.0,2996000000.0,,,269960442.0,0.1021984551396316,,1.4943838515383363,1.5545539906103287,0.3354293758798686,0.334143574785286,1.0653683716564992,1.1773348457840436,269862072.0,203000000.0,327.2,[],{},0.029298867504127,24.60961135462448,31.36519146560319,0.0318824771433853,0.0252139364688477,,0.1983912441484802,1.0,20,20,0.2451219512195122,5.0,22.0,0.3792818181818182,0.3792818181818182,0.2272727272727272,0.0,1.0,0.2272727272727272,22.0,4,5,"cheapness,dividend,garp,risk",0.4971,True,1.0,0.1805,hold,2,18,stable,0.1702,persistent,2026-08-21,neutral,0.5,45.100440053441844
ABBN.SW,ABB Ltd,Industrials,144897277952.0,35.56444,27.120918,11.151463,1.17,1.429,55.751,0.32575,0.105469533251643,0.14086,0.142,0.082,1570499968.0,149031305216.0,7148000256.0,5729000000.0,33220000000.0,9146000384.0,5856999936.0,7.1757402,44885000000.0,25578000000.0,,16421000000.0,4734000000.0,5469000000.0,0.4105960264900662,,1818141427.0,0.0976717633042097,0.392407546676258,1.5576396078192558,1.4166097993721851,0.2025175448368051,0.1913224781572676,0.740113623705024,0.7591094122319301,1838192288.0,86000000.0,80.02,[],{},0.0108387127087387,20.84937043628444,26.013493666608483,0.0384415877704125,0.0281179740212414,,0.2012717818999438,1.0,20,20,0.2402439024390243,6.0,22.0,0.403590909090909,0.403590909090909,0.2727272727272727,0.0,1.0,0.2727272727272727,22.0,5,5,"cheapness,quality,dividend,garp,risk",0.5101766666666666,True,0.83335,0.178,hold,2,18,stable,0.2091,persistent,2026-08-21,accumulate,0.75,52.93024793764865
EQT.ST,EQT AB (publ),Financial Services,373654421504.0,29.840796,20.555174,45.384384,1.67,6.392,34.006,0.13895,0.0640218156228008,0.35186002,0.265,0.932,1399399936.0,347021443072.0,1701699968.0,1048600000.0,2632400000.0,2628999936.0,6472000000.0,6.608,11368000000.0,6685100000.0,,978100000.0,727800000.0,430300000.0,0.6650964898951527,,1171153769.0,0.0676154723850502,0.6819089983790101,6.834781719660566,6.848613827217301,0.2326354679802955,0.1936225622980376,0.2315622800844475,0.2310492897022062,1180449205.0,69800000.0,299.9,[],{},0.0037451716223971,203.9263381310706,330.93786293343504,0.0030217152885922,0.0335111704124782,,0.100924936717389,1.0,20,20,0.1944784467698284,4.0,22.0,0.4190363636363636,0.4190363636363636,0.1818181818181818,0.0,1.0,0.1818181818181818,22.0,3,5,"dividend,garp,risk",0.567385,True,0.83335,0.1578,hold,2,18,stable,0.1057,persistent,2026-08-21,neutral,0.625,30.16041450923632
RHM.DE,Rheinmetall AG,Industrials,47218745344.0,38.76628,18.908163,9.496367,1.14,1.002,51.63,0.25688,0.0414977343191032,0.062649995,0.688,-0.057,642764992.0,50738745344.0,2310000128.0,1702000000.0,9935000000.0,2977999872.0,255000000.0,106.546,16772000000.0,10901000000.0,,9071000000.0,696000000.0,2287000000.0,0.5238047307498742,,45881030.0,0.0499860568878973,0.5384316267012313,1.201741814573917,1.2136537894426422,0.0764369186739804,0.1689208031232571,0.592356308132602,0.5378555493586168,43437346.0,116000000.0,1011.8,[],{},0.0136124962092343,21.964823607143973,29.811248733254995,0.0335443848376764,0.0257956141265037,,0.2210102584079989,1.0,20,20,0.2060975609756097,4.0,22.0,0.3514,0.3514,0.1818181818181818,0.0,1.0,0.1818181818181818,22.0,3,5,"cheapness,garp,risk",0.4682333333333333,True,1.0,0.1537,hold,2,19,stable,0.1079,persistent,2026-08-20,neutral,0.625,39.200302844528174
UMG.AS,Universal Music Group N.V.,Communication Services,26523604992.0,81.94444,13.477827,7.375,3.53,0.607,152.303,0.076680005,0.08782080659945,0.0252,0.053,-0.844,1791500032.0,31763572736.0,2206000128.0,2141000000.0,12507000000.0,5555999744.0,550000000.0,2.0,17456000000.0,4575000000.0,,7206000000.0,1533000000.0,1739000000.0,0.424642200367794,,1833967537.0,0.1204387990762124,0.4299476085854318,0.63488759367194,0.599816369359916,0.1951764436296975,0.1842956120092378,0.716487167736022,0.683256351039261,1829066936.0,137000000.0,14.75,[],{},0.0675436100236129,14.398717539874957,14.835858354040168,0.0674042563723773,0.0122033904923872,,0.2088780487804878,1.0,20,20,0.1357142857142857,4.0,22.0,0.3581499999999999,0.3581499999999999,0.1818181818181818,0.0,1.0,0.1818181818181818,22.0,3,5,"cheapness,garp,risk",0.4533283333333333,True,0.8,0.1429,hold,2,19,stable,0.0836,persistent,2026-08-20,neutral,0.5,47.01447387766178
SAAB-B.ST,Saab AB (publ),Industrials,325128814592.0,45.86626,60.663315,6.477993,0.4,1.227,28.581,0.15858,0.0506318963305106,0.080469996,0.286,0.399,7511000064.0,327132807168.0,10826000384.0,7622000000.0,79146000000.0,14458999808.0,12855000064.0,93.177,124704000000.0,82578000000.0,,63744000000.0,6314000000.0,12105000000.0,0.2169155737497788,,538943388.0,0.0417839576049607,0.214318206773227,1.2954631024096386,1.3155385698481343,0.1179513086989992,0.104024122697174,0.6346709006928406,0.6386403934964888,536467770.0,570000000.0,603.6,[],{},0.0231016130435115,30.21732824353833,42.91954961532407,0.0232994057244943,0.0218025188886122,,0.1250328083989501,1.0,20,20,0.1670731707317073,4.0,22.0,0.3788363636363636,0.3788363636363636,0.1818181818181818,0.0,1.0,0.1818181818181818,22.0,3,5,"dividend,garp,risk",0.4726383333333334,True,1.0,0.1402,hold,2,17,stable,0.0922,persistent,2026-08-21,neutral,0.625,48.922085873986084
RACE.MI,Ferrari N.V.,Consumer Cyclical,62121947136.0,38.160732,32.10332,17.010483,1.02,2.429,86.386,0.45439997,0.1658559014045186,0.2225,0.084,0.101,1001981760.0,63970840576.0,2470598912.0,2097144000.0,7145768000.0,3165647104.0,1431513984.0,20.796,9628352000.0,4824373000.0,,2389788000.0,1596919000.0,2349306000.0,0.5167809814144539,,177278893.0,0.1602457201352911,0.5013256612430033,2.0187451773964886,1.7767763062655229,0.2995548978682956,0.35293634529784,0.7421589904482097,0.7030183594102902,179044331.0,41168000.0,353.75,[],{},0.0161292716373879,25.89284738420544,30.50379019085004,0.0327828113733867,0.0262049480602206,,0.2897182369320766,1.0,20,20,0.219375,6.0,22.0,0.4030636363636363,0.4030636363636363,0.2727272727272727,0.0,1.0,0.2727272727272727,22.0,5,5,"cheapness,quality,dividend,garp,risk",0.5065566666666667,True,0.9,0.1378,hold,2,20,stable,0.1786,persistent,2026-08-20,neutral,0.5,50.15564978806652
ABB.ST,ABB Ltd,Industrials,1743040675840.0,35.9716,36.531307,109.88584,1.15,1.429,55.751,0.32575,0.105469533251643,0.14086,0.142,0.082,1570499968.0,1750914039808.0,7148000256.0,5729000000.0,33220000000.0,9146000384.0,5856999936.0,8.76,44885000000.0,25578000000.0,,16421000000.0,4734000000.0,5469000000.0,0.4105960264900662,,1818141427.0,0.0976717633042097,0.392407546676258,1.5576396078192558,1.4166097993721851,0.2025175448368051,0.1913224781572676,0.740113623705024,0.7591094122319301,1838192288.0,86000000.0,962.6,[],{},0.0009010116572541,244.9515916480684,305.6229777985687,0.0032720052896647,0.0277997086590532,,0.2012717818999438,1.0,20,20,0.1792682926829268,5.0,22.0,0.3787090909090909,0.3787090909090909,0.2272727272727272,0.0,1.0,0.2272727272727272,22.0,4,5,"quality,dividend,garp,risk",0.499945,True,0.83335,0.1049,hold,2,18,stable,0.1137,persistent,2026-08-21,neutral,0.625,56.795606804464875
LOTB.BR,Lotus Bakeries NV,Consumer Defensive,9722869760.0,51.01954,42.377293,10.836435,0.75,1.665,45.611,0.22961001,0.1121091088244156,0.13196999,0.14,0.234,119732624.0,9856413696.0,291377984.0,233186000.0,1355061000.0,409188000.0,274316992.0,1103.684,1536521000.0,504192000.0,,339515000.0,172258000.0,205878000.0,0.3966544679538412,,812053.0,0.1095955057632509,0.3896944104864463,1.48503600724563,1.1772405778635096,0.2032188300713104,0.2020646710956821,0.8819020371345396,0.8848793585326067,812466.0,3299000.0,11960.0,[],{},0.0123145354155191,33.826899207319656,42.26846249774858,0.0236583007970366,0.0196003335192751,,0.1948077119078768,1.0,20,20,0.1192307692307692,6.0,22.0,0.4180909090909091,0.4180909090909091,0.2727272727272727,0.0,1.0,0.2727272727272727,22.0,4,5,"quality,dividend,garp,risk",0.5257683333333334,True,1.0,0.0442,hold,2,19,stable,0.0654,persistent,2026-08-20,accumulate,0.75,43.18814495861085
ALC.SW,Alcon Inc.,Healthcare,25939243008.0,49.685184,14.863616,1.455245,0.52,2.092,24.537,0.029409999,0.0310568848043099,0.0592,0.087,,1272749952.0,29782243328.0,2404000000.0,1360000000.0,10401000000.0,5298999808.0,1456999936.0,36.873516,31555000000.0,6449000000.0,,3049000000.0,980000000.0,2271000000.0,0.5523507355062013,,487427920.0,0.0335453257323623,0.5561497326203209,2.1151197113807805,2.769534679543459,0.0161305656789732,0.0163772366296503,0.3296149580098241,0.3265891191880581,494616324.0,204000000.0,53.66,[],{},0.0490665803781346,12.388620352745424,21.898708329411765,0.0456647937840661,0.0201267242967239,,0.0477092541920999,1.0,20,20,0.4279137529137529,2.0,22.0,0.3790863636363636,0.3790863636363636,0.0909090909090909,0.0,1.0,0.0909090909090909,22.0,1,5,risk,0.39458,True,1.0,0.455,avoid,1,18,stable,0.0883,persistent,2026-08-21,neutral,0.625,35.199478615223455
EXO.AS,Exor N.V.,Financial Services,22514382848.0,,54.24497,0.41674018,0.72,4.275,11.155,-0.10617,-0.1021545919741448,0.0,,,-2074625024.0,16155665408.0,,,-3591000000.0,3708000000.0,1408000000.0,164.371,37130000000.0,,,,-3793000000.0,2863000000.0,,,202231958.0,0.3455252001884126,0.0,,0.311867525298988,0.0987880420145435,0.0963259538389072,-0.096714247239429,0.3606453132359868,213742459.0,100000000.0,68.5,[],{},-0.092146653008714,,,,,,,0.8,16,20,0.4023418442023093,1.0,22.0,0.3475409090909091,0.3475409090909091,0.0454545454545454,0.0,1.0,0.0454545454545454,22.0,1,5,cheapness,0.286725,False,0.55,0.4397,avoid,1,19,stable,0.0674,persistent,2026-08-20,insufficient_data,0.0,
NIBE-B.ST,NIBE Industrier AB (publ),Industrials,86650535936.0,32.809162,25.431952,2.8641877,0.81,1.717,72.205,0.08529,0.0350011528706479,0.0637,0.076,,3294749952.0,104627535872.0,5663000064.0,4058000000.0,40841000000.0,23341000704.0,5363999744.0,15.006,65055000000.0,21651000000.0,,13951000000.0,2277000000.0,4888000000.0,0.3150020812418893,,2016066488.0,0.0166605118881913,0.270822536462575,1.5519317611640742,1.4968372627947095,0.3355161017600492,0.3371587648779933,0.62779186841903,0.5755333352271114,2016066488.0,1049000000.0,42.98,[],{},0.0380234226645002,18.47563741648582,25.783030032528337,0.0387852009146474,0.0304792911199621,,0.0794067000626174,1.0,20,20,0.3865853658536585,3.0,22.0,0.3278545454545454,0.3278545454545454,0.1363636363636363,0.0,1.0,0.1363636363636363,22.0,2,5,"quality,risk",0.3751966666666667,True,1.0,0.4012,avoid,1,16,stable,0.1576,persistent,2026-08-23,neutral,0.375,56.12696910681845
SAN.MC,"Banco Santander, S.A.",Financial Services,181707030528.0,14.231818,9.862349,1.6403406,2.0,,,0.13109,0.00755067563045,0.33464,0.102,0.087,,275394199552.0,,,60023000000.0,404829011968.0,315343011840.0,7.635,1867515000000.0,,,,14101000000.0,-14835000000.0,,,14678242211.0,0.006844553941824,,,,0.174677044093354,0.1783933315950684,0.0321405718294096,0.0328265329618019,15136962863.0,59362000000.0,12.524,[],{},,,,,0.0702650919229012,,,0.7,14,20,0.4052041535430239,3.0,22.0,0.4145727272727272,0.4145727272727272,0.1363636363636363,0.0,1.0,0.1363636363636363,22.0,3,5,"cheapness,dividend,garp",0.4604899999999999,False,0.36665,0.3947,avoid,1,20,stable,0.168,persistent,2026-08-20,insufficient_data,0.0,
MLC.IR,Malin Corporation plc,Healthcare,29417944.0,inf,-56.666668,0.7637017,,16.125,,-0.05953,0.0,0.0,,,-912500.0,16578721.0,,-2500000.0,0.0,0.0,12900000.0,8.904,198500000.0,62600000.0,,1000000.0,0.0,-1300000.0,,,18971256.0,0.0,,62.6,35.8,0.0,0.0008576329331046,0.0,,18971256.0,200000.0,6.8,[],{},-0.031018483140766,,-6.6314884,-0.1507957097534846,0.0,,-0.0126582278481012,0.85,17,20,0.3354700854700854,0.0,22.0,0.182390909090909,0.182390909090909,0.0,0.0,0.6,0.0,22.0,0,5,,0.1696533333333333,False,0.55,0.3871,avoid,1,16,stable,0.0,persistent,2026-08-23,insufficient_data,0.0,
KBC.BR,KBC Group NV,Financial Services,52005003444.15436,14.534368,11.532515,2.0379612,3.89,,,0.13664,0.0089789919772908,0.29586,0.066,0.132,,54450999296.0,,,12690000000.0,53149999104.0,50831998976.0,64.329,397372000000.0,,,,3568000000.0,4201000000.0,,,396681919.0,0.0091543179429992,,,,0.0687969962654641,0.0749581823250627,0.0319348117129541,0.0312935600780596,396563326.0,11283000000.0,131.1,[],{},,,,,0.0688024412206984,,,0.7,14,20,0.3750593260560038,3.0,22.0,0.4580454545454546,0.4580454545454546,0.1363636363636363,0.0,1.0,0.1363636363636363,22.0,3,5,"cheapness,dividend,garp",0.5426816666666666,False,0.53335,0.3785,avoid,1,19,stable,0.1582,persistent,2026-08-20,insufficient_data,0.0,
SCA-B.ST,Svenska Cellulosa Aktiebolaget SCA (publ),Basic Materials,84597145600.0,38.11709,18.194864,0.8361331,2.49,1.244,15.36,0.02168,0.0218835562656615,0.097040005,-0.014,-0.519,1243500032.0,99995156480.0,3244000000.0,4303000000.0,20427000000.0,15543000064.0,162000000.0,144.056,146457000000.0,11451000000.0,,7844000000.0,3205000000.0,4017000000.0,0.7288392813433201,,702342489.0,0.0243797860152884,0.7540529853697113,1.4598419173890873,1.2586322120739586,0.0924571717295861,0.0919718885457213,0.1394743849730637,0.1355459825944809,702342489.0,482000000.0,120.45,[],{},0.0146990778847271,30.824647496917382,23.238474664187777,0.0430320842676079,0.0262349513039951,,0.0310432643402855,1.0,20,20,0.3704051383399209,2.0,22.0,0.4397,0.4397,0.0909090909090909,0.0,1.0,0.0909090909090909,22.0,2,5,"cheapness,garp",0.4880966666666667,False,0.73335,0.3782,avoid,1,17,stable,0.1497,persistent,2026-08-21,insufficient_data,0.0,
ATS.VI,AT & S Austria Technologie & Systemtechnik Aktiengesellschaft,Technology,6829830144.0,128.32117,15.798697,8.8452835,,1.762,142.952,0.05934,-0.0055016356562748,0.03665,0.375,,107368248.0,7826255872.0,503228992.0,96896000.0,1790776000.0,2173391872.0,1208061952.0,19.875,4651344000.0,1426941000.0,,1101155000.0,-25590000.0,413718000.0,0.1136256014152523,,38850000.0,0.0194055974314816,0.1119099712762624,1.295858439547566,1.248052124365977,0.4393805317344836,0.428494284008204,0.3850018403283008,0.3439170770122801,38850000.0,93499000.0,175.8,[],{},0.0157204858299913,15.552076681623303,80.76964861294584,0.0123808883308639,0.0077929464015953,,0.0272931948130085,0.95,19,20,0.3079322638146167,0.0,22.0,0.1185090909090909,0.1185090909090909,0.0,0.0,0.6667,0.0,22.0,0,5,,0.1573433333333333,False,0.55,0.3688,avoid,1,17,stable,0.0,persistent,2026-08-21,insufficient_data,0.0,
MT.AS,ArcelorMittal S.A.,Basic Materials,47494107136.0,30.346155,9.497269,1.0072007,0.8,1.429,25.379,0.03284,0.0322610359968475,0.02883,0.052,-0.617,-779124992.0,59171110912.0,5449999872.0,1461000000.0,61352000000.0,14421000192.0,4848000000.0,62.668736,97703000000.0,30605000000.0,,22520000000.0,3152000000.0,4808000000.0,0.071326118137958,,761125819.0,0.0149801420820048,0.0926955045563011,1.3590142095914743,1.346254295532646,0.1372526943901415,0.1293617497342954,0.6279438707102136,0.6985623986127426,768546622.0,577000000.0,63.12,[],{},-0.016404666578297,10.85708482600126,40.50041814647502,0.0246911030988216,0.0329531039434814,,0.019432584493835,1.0,20,20,0.3662582345191041,2.0,22.0,0.3323863636363636,0.3323863636363636,0.0909090909090909,0.0,1.0,0.0909090909090909,22.0,2,5,"cheapness,risk",0.3575233333333333,True,0.83335,0.3619,avoid,1,19,stable,0.1456,persistent,2026-08-20,insufficient_data,0.0,
PTSB.IR,Permanent TSB Group Holdings plc,Financial Services,1624075008.0,15.684211,10.515915,0.72154963,0.62,,,0.056149997,0.0037419990152634,0.19859,0.05,,,2129074944.0,,,655000000.0,2024999936.0,1520000000.0,4.13,30465000000.0,,,,114000000.0,633000000.0,,,544991596.0,0.0055993363749481,,,,0.0689972099130149,0.0699225770772846,0.0215000820613819,0.0231577492050324,544991596.0,288000000.0,2.98,[],{},,,,,0.063758387336156,,,0.7,14,20,0.3399814471243043,1.0,22.0,0.3771181818181818,0.3771181818181818,0.0454545454545454,0.0,1.0,0.0454545454545454,22.0,1,5,dividend,0.34318,False,0.53335,0.3556,avoid,1,16,stable,0.0487,persistent,2026-08-23,insufficient_data,0.0,
NESN.SW,Nestlé S.A.,Consumer Defensive,196183195648.0,26.391,15.834788,6.713908,4.06,0.83,213.005,0.26244,0.0710415175657289,0.083809994,-0.025,-0.315,4374249984.0,253227712512.0,16458999808.0,13981000000.0,89885000000.0,62845001728.0,6134000128.0,11.36,127151000000.0,31969000000.0,,40694000000.0,9033000000.0,15904000000.0,0.4582633364855092,,2572220000.0,0.0781537224264705,0.4693632795464457,0.7855949279992136,0.8209411380444672,0.4549865907464353,0.4563993566176471,0.7069153998002375,0.6586052389705882,2572715039.0,1823000000.0,76.27,[],{},0.022296761807512,15.385364570507928,18.11227469508619,0.0552111767756756,0.0378917055056648,,0.1617104456550655,1.0,20,20,0.3755494505494505,2.0,22.0,0.3938545454545454,0.3938545454545454,0.0909090909090909,0.0,0.9295,0.0909090909090909,22.0,2,5,"cheapness,garp",0.4909866666666667,False,0.63335,0.347,avoid,1,18,stable,0.1445,persistent,2026-08-21,insufficient_data,0.0,
SEB-A.ST,Skandinaviska Enskilda Banken AB (publ),Financial Services,443052556288.0,14.537333,14.426852,1.9670829,3.73,,,0.14083,0.0084624624150123,0.41787,0.023,0.076,,643426025472.0,,,77063000000.0,1158076956672.0,958754979840.0,115.806,3670681000000.0,,,,31063000000.0,34721000000.0,,,1961576371.0,0.0095427311607888,,,,0.2425860487468129,0.2538105736600931,0.0209941969896049,0.021714535975551,2020427447.0,75539000000.0,227.8,[],{},,,,,0.0687884084377787,,,0.7,14,20,0.3640929944916656,3.0,22.0,0.4499818181818181,0.4499818181818181,0.1363636363636363,0.0,1.0,0.1363636363636363,22.0,3,5,"cheapness,dividend,garp",0.5335883333333333,False,0.53335,0.3456,avoid,1,16,stable,0.149,persistent,2026-08-23,neutral,0.375,59.35760164462892
HOLN.SW,Holcim AG,Basic Materials,37369131008.0,96.51428,15.654143,2.3680334,2.52,1.087,65.636,0.02781,0.3921737836631453,0.024149999,0.007,-0.929,1066200000.0,45652762624.0,2988000000.0,2230000000.0,15724000000.0,10951999488.0,3601999872.0,28.53,33605000000.0,9805000000.0,,7403000000.0,13179000000.0,2788000000.0,0.4234927499364029,,553125111.0,0.0539007092198581,0.4361459169187087,1.3244630555180332,1.249436128767685,0.2596042255616724,0.2380399742101869,0.4679065615235828,0.2984434005710601,551015549.0,354000000.0,67.56,[],{},0.0285315706102918,15.278702350736278,20.47209086278027,0.0488469891376885,0.0103611610634198,,0.0851080070223647,1.0,20,20,0.3020438076416337,2.0,22.0,0.292840909090909,0.292840909090909,0.0909090909090909,0.0,1.0,0.0909090909090909,22.0,2,5,"garp,risk",0.33804,True,0.5,0.3163,avoid,1,18,stable,0.1237,persistent,2026-08-21,insufficient_data,0.0,
SIKA.SW,Sika AG,Basic Materials,29272139776.0,28.155863,21.994303,4.29567,2.03,1.3,89.155,0.16042,0.0689186245321257,0.0937,-0.015,-0.006,1024162496.0,34702733312.0,1937699968.0,1523000000.0,11201300000.0,6077899776.0,625299968.0,42.473,15148300000.0,4411200000.0,,3527200000.0,1044000000.0,1707900000.0,0.5493648058707471,,160439241.0,0.0779494689672868,0.545434451802671,1.250623724200499,1.7627642716345224,0.3642652970960437,0.3582170819173504,0.7394427097430075,0.7361922106857426,160444515.0,157900000.0,182.45,[],{},0.034987619758488,17.909239761106296,22.78577367826658,0.0438870329408132,0.0355165813954983,,0.1310547194327559,1.0,20,20,0.3759601449275362,2.0,22.0,0.3867909090909091,0.3867909090909091,0.0909090909090909,0.0,1.0,0.0909090909090909,22.0,2,5,"garp,risk",0.4939216666666667,True,0.9,0.3125,avoid,1,18,stable,0.1377,persistent,2026-08-21,insufficient_data,0.0,
ALTR.LS,"Altri, SGPS, S.A.",Basic Materials,968221504.0,236.0,12.716202,2.4986763,5.3,1.923,177.497,0.02812,0.0159006124299972,0.019550001,-0.007,1.096,,1450821504.0,22172508.0,34850441.0,676291799.0,687800000.0,205200000.0,1.889,1344437901.0,483955131.0,,334137240.0,21377386.0,,0.4875865232841601,,205131672.0,0.08106802321005,0.5666702559245069,1.4483723244975628,1.5490937697772449,0.4843896036519131,0.4411817973945493,0.503029406190476,0.6336214092574541,205131672.0,21549292.0,4.72,[],{},,65.43335124740963,41.62993243041028,0.0240211775907065,0.0042372881355932,,0.0344951184783991,0.9,18,20,0.2906373517786562,3.0,22.0,0.2709590909090909,0.2709590909090909,0.1363636363636363,0.0,1.0,0.1363636363636363,22.0,2,5,"dividend,garp",0.3194083333333333,False,0.2,0.3074,avoid,1,17,stable,0.1076,persistent,2026-08-21,insufficient_data,0.0,
KNIN.SW,Kuehne + Nagel International AG,Industrials,25616547840.0,29.669876,23.051275,12.489866,2.78,0.975,196.252,0.44268,0.073949861658422,0.03568,0.076,0.114,327750016.0,29078583296.0,1420999936.0,1237000000.0,24476000000.0,4084000000.0,617000000.0,17.27,11927000000.0,5827000000.0,,6027000000.0,882000000.0,1781000000.0,0.3595358718744893,,118760074.0,0.1007249466950959,0.3495685831787759,0.9668159946905592,0.9659356042930471,0.331768256896118,0.2000852878464818,2.0521505827114948,2.115309168443497,118730720.0,50000000.0,215.7,[],{},0.012794464658045,20.46346559159873,23.50734300404204,0.0425398991212257,0.033704219053696,,0.2096610169491525,1.0,20,20,0.3463414634146342,3.0,22.0,0.3491181818181817,0.3491181818181817,0.1363636363636363,0.0,0.8975,0.1363636363636363,22.0,3,5,"cheapness,dividend,garp",0.4464083333333333,False,0.63335,0.3037,avoid,1,18,stable,0.195,persistent,2026-08-21,insufficient_data,0.0,
SBO.VI,SBO AG,Energy,460176384.0,88.48485,9.316096,1.077809,2.57,2.731,86.925,0.012460001,0.0263712785176153,0.01296,-0.147,-0.963,-11933875.0,576525440.0,45823000.0,36578000.0,455267000.0,371132000.0,254780000.0,27.092,893965000.0,556924000.0,,174558000.0,23575000.0,72434000.0,0.2867218577230504,,15759465.0,0.0459543519022744,0.3038669202742102,3.190481100837544,3.702988941259715,0.4207446600258399,0.387069786402923,0.5092671413310365,0.5683408223634507,15759465.0,14192000.0,29.2,[],{},-0.0259332625813322,12.581573445649564,15.761535349116956,0.0634455957398861,0.011301369669497,,0.0508446539997525,1.0,20,20,0.2916666666666667,1.0,22.0,0.3322909090909091,0.3322909090909091,0.0454545454545454,0.0,0.8,0.0454545454545454,22.0,1,5,garp,0.3745533333333333,False,0.73335,0.3,avoid,1,17,stable,0.0592,persistent,2026-08-21,insufficient_data,0.0,
DSFIR.AS,DSM-Firmenich AG,Basic Materials,22605760512.0,65.828575,22.498903,1.2935282,2.71,1.746,37.638,0.01874,-0.0368376214005793,-0.15229,0.005,-0.562,-140375008.0,27663431680.0,1310000000.0,632000000.0,9034000000.0,6765000192.0,2308000000.0,71.247,29345000000.0,8893000000.0,,5593000000.0,-1081000000.0,1445000000.0,0.3907460704007084,,251530397.0,0.0074080659021542,0.3924232383476916,1.590023243339889,2.018119266055046,0.1798262054864542,0.1564583518534981,0.3078548304651559,0.2682905147124189,265272203.0,159000000.0,92.16,[],{},-0.0062097007497484,21.117123419847328,43.77125265822785,0.0228460448186882,0.0151909713980592,,0.0266082856180532,1.0,20,20,0.2752371541501976,2.0,22.0,0.3292454545454545,0.3292454545454545,0.0909090909090909,0.0,1.0,0.0909090909090909,22.0,2,5,"garp,risk",0.4212366666666666,True,0.75,0.2981,avoid,1,19,stable,0.1147,persistent,2026-08-20,insufficient_data,0.0,
AI.PA,L'Air Liquide S.A.,Basic Materials,104122834944.0,29.345325,22.771046,3.916185,2.06,0.875,63.307,0.13967,0.0677647774948279,0.13087,0.008,0.007,243312496.0,119789723648.0,7624500224.0,5234300000.0,26940200000.0,17258899456.0,2061200000.0,41.663,51913400000.0,10369600000.0,,8836800000.0,3517900000.0,6518400000.0,0.6417547011529239,,635735026.0,0.0637412637971755,0.6301177479322044,1.1734564548252762,0.880146771965711,0.2618957725750962,0.2389473176844845,0.518945012270435,0.5216715669735383,634089045.0,82700000.0,163.16,[],{},0.0023367832438567,15.711157469827626,22.885528847792447,0.0436957348309851,0.034076978189882,,0.1215114470501386,1.0,20,20,0.3148320158102767,3.0,22.0,0.3676409090909091,0.3676409090909091,0.1363636363636363,0.0,1.0,0.1363636363636363,22.0,3,5,"quality,garp,risk",0.4634866666666666,True,0.83335,0.2643,avoid,1,18,stable,0.1737,persistent,2026-08-21,neutral,0.5,33.70638971170261
EDPR.LS,"EDP Renewables, S.A.",Utilities,13458176000.0,37.35294,26.05342,1.2871187,0.98,1.176,81.872,0.038340002,0.0071010366215016,0.13901,,,-3187052288.0,24997769216.0,1171913984.0,901084000.0,2691597000.0,10154749952.0,562057984.0,9.867,30390070000.0,3199396000.0,,4331795000.0,215801000.0,,0.8154363376092335,,1051033116.0,-0.0175664192187252,0.7906650484367216,0.7385843512908621,0.6868191919599657,0.3383376543719708,0.3336674330620076,0.0885683053708003,0.0731009132469847,1039855871.0,391596000.0,12.7,[],{},-0.2368116071598409,21.330720135855977,27.74188556893697,0.0360465764850431,0.0267716543865088,,0.034579572132077,0.95,19,20,0.24375,0.0,22.0,0.2053636363636363,0.2053636363636363,0.0,0.0,0.5556,0.0,22.0,0,5,,0.1710533333333333,False,0.1,0.25,avoid,1,16,stable,0.0,persistent,2026-08-23,insufficient_data,0.0,
GIVN.SW,Givaudan SA,Basic Materials,29992548352.0,31.645077,24.751242,6.8133917,2.22,1.291,110.755,0.22337,0.0902730950775455,0.1288,-0.017,-0.2,605625024.0,34621550592.0,1582000000.0,1375000000.0,7472000000.0,4912000000.0,316000000.0,476.855,11864000000.0,4072000000.0,,2346000000.0,1071000000.0,1512000000.0,0.4352248394004283,,9229197.0,0.09009009009009,0.4413113869400971,1.7357203751065644,1.486410165901871,0.3722184760620364,0.3926770807504752,0.6298044504383007,0.6126126126126126,9226246.0,113000000.0,3249.0,[],{},0.0201925163841442,21.88467167635904,25.179309521454545,0.0397151478338963,0.0316004919185375,,0.1444631225047279,1.0,20,20,0.3171722661396574,3.0,22.0,0.3829409090909091,0.3829409090909091,0.1363636363636363,0.0,0.8889,0.1363636363636363,22.0,2,5,"quality,garp",0.4921666666666667,False,0.73335,0.249,avoid,1,18,stable,0.1132,persistent,2026-08-21,insufficient_data,0.0,
BCP.LS,"Banco Comercial Português, S.A.",Financial Services,17181853696.0,14.700001,12.365931,2.3149605,2.93,,,0.13848,0.0093169279187046,0.29337,0.002,0.022,,24242028544.0,,,3919431000.0,8791361536.0,3583929088.0,0.508,109332927000.0,,,,1018647000.0,,,,14804627089.0,0.0088735660604567,,,,0.0626258546979173,0.0610965432763963,0.0358485874982565,0.0365474971207692,15113989952.0,1481158000.0,1.176,[],{},,,,,0.0680272062566526,,,0.65,13,20,0.2747048079273993,3.0,22.0,0.3779,0.3779,0.1363636363636363,0.0,1.0,0.1363636363636363,22.0,3,5,"cheapness,dividend,garp",0.40194,False,0.2,0.2474,avoid,1,17,stable,0.1018,persistent,2026-08-21,insufficient_data,0.0,
ARGX.BR,argenx SE,Healthcare,54190424064.0,38.0192,28.00634,7.531955,,5.123,0.558,0.23635,0.1488057053233914,0.32265,0.593,0.952,761769024.0,49358544896.0,1612902016.0,1054615000.0,4153482000.0,47000000.0,5184000000.0,115.69374,8682698000.0,6899104000.0,,1320186000.0,1292035000.0,685192000.0,0.8914970619831746,,61883306.0,0.1343066578401495,0.896226014516277,5.225857568554734,7.289127293571134,0.0054314914557663,0.0062963097914042,0.4783630618040613,0.353119424646942,60760957.0,4082000.0,871.4,[],{},0.0140572626466317,30.602320789708777,46.80243017214813,0.02136641187908,0.02630249978958,,0.1432411926798897,0.95,19,20,0.3103318250377073,3.0,22.0,0.3516727272727272,0.3516727272727272,0.1363636363636363,0.0,1.0,0.1363636363636363,22.0,3,5,"quality,garp,risk",0.4147333333333333,True,0.66665,0.244,avoid,1,20,stable,0.158,persistent,2026-08-20,insufficient_data,0.0,
