ticker,name,sector,market_cap,trailing_pe,forward_pe,price_to_book,dividend_yield,current_ratio,debt_to_equity,return_on_equity,return_on_assets,profit_margins,revenue_growth,earnings_growth,free_cashflow,enterprise_value,ebitda,ebit,total_revenue,total_debt,total_cash,book_value,total_assets,total_current_assets,total_liabilities,total_current_liabilities,net_income,operating_cashflow,gross_margin,ncav,shares_outstanding,return_on_assets_prev,gross_margin_prev,current_ratio_bs,current_ratio_bs_prev,leverage,leverage_prev,asset_turnover,asset_turnover_prev,shares_outstanding_prev,interest_expense,last_price,errors,data_sources,fcf_yield,ev_ebitda,ev_ebit,earnings_yield_ebit,earnings_yield_pe,ncav_to_market,roic_proxy,data_quality_score,metrics_present,metrics_total,sector_composite_score,models_passed,model_count,mean_model_score,weighted_model_score,weighted_pass_score,min_model_score,max_model_score,pass_rate,weight_sum,families_passed,family_count,passed_families,family_mean_score,risk_family_passed,risk_mean_score,composite_score,signal,signal_rank,weeks_at_signal,signal_trend,conviction_score,stability_label,timing_signal,timing_score,rsi_14
STR.VI,Strabag SE,Industrials,9893438464.0,10.79345,11.612466,1.7470542,3.29,1.227,14.582,0.17239,0.0578245279232409,0.04894,0.08,0.123,905805248.0,6420118016.0,1476605056.0,940924000.0,18714281000.0,828870976.0,4323268096.0,49.054,15845940000.0,9579004000.0,,7809902000.0,916284000.0,1802658000.0,0.4134955545446817,,115442696.0,0.0560836494127941,0.412139004796117,1.226520383994575,1.1985112310874768,0.0523080991092986,0.0631887249924699,1.181014253493324,1.1872379993158235,115442979.0,52506000.0,85.7,[],{},0.0915561613180313,4.347891123569334,6.823205716933567,0.1465586765936484,0.0926487823633777,,0.117088047617495,1.0,20,20,0.8691463414634147,16.0,22.0,0.7299454545454545,0.7299454545454545,0.7272727272727273,0.0,1.0,0.7272727272727273,22.0,5,5,"cheapness,quality,dividend,garp,risk",0.744135,True,1.0,0.9228,strong_buy,4,3,stable,0.784,building,neutral,0.375,75.95673189273329
ERIC-B.ST,Telefonaktiebolaget LM Ericsson (publ),Technology,317190864896.0,13.140922,14.1411915,3.081861,3.13,1.12,37.682,0.26077,0.1018110972233662,0.10831001,-0.061,-0.109,30705874944.0,304172761088.0,35283001344.0,30393000000.0,236681000000.0,39478001664.0,54103998464.0,31.468,279223000000.0,143554000000.0,,110937000000.0,28428000000.0,32954000000.0,0.4760331416548012,,3333349459.0,6.840553537592262e-05,0.4412013877682749,1.294013719498454,1.170109346800734,0.1442001554313219,0.1557457229439006,0.8476414908513984,0.847818205449185,3332672174.0,2719000000.0,96.98,[],{},0.0968056723640757,8.620943499743557,10.007987401309512,0.0999201897345667,0.0760981611488143,,0.1806032587381006,1.0,20,20,0.8659848484848486,12.0,22.0,0.6732181818181818,0.6732181818181818,0.5454545454545454,0.0,1.0,0.5454545454545454,22.0,5,5,"cheapness,quality,dividend,garp,risk",0.730435,True,1.0,0.901,strong_buy,4,4,stable,0.8835,persistent,neutral,0.375,47.05677827445883
AD.AS,Koninklijke Ahold Delhaize N.V.,Consumer Defensive,26763329536.0,12.203187,10.470863,1.8527703,4.01,0.713,133.34,0.15675999,0.0461203120862107,0.02448,0.003,-0.002,2912000000.0,42752167936.0,5388000256.0,3082000000.0,92352000000.0,19260999680.0,3211000064.0,16.532,49089000000.0,11923000000.0,,16794000000.0,2264000000.0,6989000000.0,0.2654409216909217,,886877259.0,0.0340264650283553,0.2664033036024038,0.7099559366440396,0.8350195447229248,0.3748905050011204,0.3918637398248524,1.88131760679582,1.7236410632305852,913583817.0,823000000.0,30.63,[],{},0.1088055952112758,7.934700427749942,13.8715664944841,0.0720899114312461,0.0819458064520358,,0.0954327295246942,1.0,20,20,0.8625457875457877,9.0,22.0,0.5763681818181817,0.5763681818181817,0.4090909090909091,0.0,1.0,0.4090909090909091,22.0,5,5,"cheapness,quality,dividend,garp,risk",0.618395,True,0.8,0.898,strong_buy,4,6,stable,0.8803,persistent,accumulate,0.75,28.73620191303182
DG.PA,Vinci SA,Industrials,64134037504.0,12.863484,11.549232,2.0995617,4.23,0.825,120.742,0.16318001,0.0368466538909555,0.06713,0.023,0.108,8071124992.0,93080305664.0,12780000256.0,9004000000.0,75702000000.0,41346998272.0,15564000256.0,55.202,133065000000.0,49554000000.0,,58097000000.0,4903000000.0,11886000000.0,0.6000501968243904,,555967094.0,0.0375547335336046,0.5818903913808268,0.8529528202833193,0.8527792415459815,0.2832600608725059,0.2800271833563723,0.5689099312366137,0.561954112641033,562417394.0,1510000000.0,115.9,[],{},0.1258477605046557,7.283278857549344,10.337661668591736,0.0967336746024719,0.0777394366876034,,0.12010457795326,1.0,20,20,0.841829268292683,10.0,22.0,0.609609090909091,0.609609090909091,0.4545454545454545,0.0,1.0,0.4545454545454545,22.0,5,5,"cheapness,quality,dividend,garp,risk",0.6502166666666667,True,0.8,0.8979,strong_buy,4,5,stable,0.8699,persistent,neutral,0.5,30.20557784709125
VOW.DE,Volkswagen AG,Consumer Cyclical,38349086720.0,7.3346114,2.8175893,0.21768947,7.07,1.069,138.745,0.027609998,0.0113628781613333,0.018,0.02,-0.41,14109154304.0,267016568832.0,19285999616.0,10794000000.0,321913000000.0,280904007680.0,66773999616.0,351.418,644467000000.0,247865000000.0,,226525000000.0,7323000000.0,15009000000.0,0.1591796541301531,,501295263.0,0.0179347611410875,0.1831821472024148,1.0942059375344884,1.1298937057395215,0.3046812327085793,0.3105047360978346,0.4995026898196494,0.5129600808968171,501295263.0,3244000000.0,76.5,[],{},0.3679136978415114,13.845098732164155,24.73749942857143,0.0404244577301542,0.1363398748023651,,0.0258265500954677,1.0,20,20,0.8010661764705883,9.0,22.0,0.5865409090909091,0.5865409090909091,0.4090909090909091,0.0,1.0,0.4090909090909091,22.0,4,5,"cheapness,dividend,garp,risk",0.6058433333333333,True,0.7,0.8613,strong_buy,4,5,stable,0.6649,persistent,neutral,0.625,58.994071842777174
POS.VI,PORR AG,Industrials,1500429056.0,12.733334,10.620936,1.9526658,2.58,0.948,68.395,0.14711,0.02844430659549,0.020650001,0.059,0.359,181005248.0,1416323200.0,205592000.0,98260000.0,6295892000.0,659473024.0,752259008.0,19.563,4578280000.0,2719770000.0,,2869319000.0,130226000.0,378338000.0,0.3437616147163896,,39278250.0,0.0248970671205399,0.340490243066779,0.9478799673371976,0.9389091781585918,0.1430998104091493,0.0929582494428793,1.3751653459377755,1.460147002492655,38051557.0,37767000.0,38.2,[],{},0.1206356590311191,6.888999571967781,14.41403623040912,0.0693768202060094,0.0785340273018833,,0.05749692356935,1.0,20,20,0.7895121951219511,8.0,22.0,0.6020454545454546,0.6020454545454546,0.3636363636363636,0.0,1.0,0.3636363636363636,22.0,5,5,"cheapness,quality,dividend,garp,risk",0.67949,True,0.9,0.8395,strong_buy,4,3,stable,0.7127,building,neutral,0.5,48.50525759111245
SAN.PA,Sanofi,Healthcare,93065977856.0,23.97531,8.585788,1.344759,5.26,0.987,33.89,0.05709,0.0616142896573478,0.08091,0.146,-0.912,6298999808.0,110172774400.0,13543000064.0,9597000000.0,46716000000.0,23576000512.0,6350000128.0,57.765,126805000000.0,30952000000.0,,28345000000.0,7813000000.0,10750000000.0,0.720673859063276,,1207641512.0,0.0418681004231991,0.7018245043580364,1.09197389310284,1.460393662986078,0.16031702219944,0.1348363680175906,0.36840818579709,0.3334839380111146,1253591640.0,626000000.0,77.68,[],{},0.0676831636341518,8.135034621528302,11.479918141085756,0.0871086350712794,0.0417095753923515,,0.0974710542352224,1.0,20,20,0.7703379953379954,9.0,22.0,0.5860772727272728,0.5860772727272728,0.4090909090909091,0.0,1.0,0.4090909090909091,22.0,5,5,"cheapness,quality,dividend,garp,risk",0.6644883333333333,True,0.9,0.8385,strong_buy,4,5,stable,0.8044,persistent,neutral,0.5,51.92540017803252
SHELL.AS,Shell plc,Energy,214718676992.0,10.078812,9.812672,1.4030118,6.87,1.435,40.2,0.14341,0.0481625489401917,0.08756,0.447,2.2,21458374656.0,258626174976.0,57605001216.0,27582000000.0,266886000000.0,73075998720.0,31374000128.0,27.800907,370350000000.0,107173000000.0,,82415000000.0,17837000000.0,42863000000.0,0.1592252872012769,,5689891670.0,0.0415212237073958,0.1615865668701989,1.3004064794030212,1.3461077088200013,0.2042473336033481,0.1988550317459089,0.7206318347509113,0.7335020600656847,6084231158.0,4741000000.0,39.005,[],{},0.0999371594339671,4.489647938834964,9.376628778768762,0.1066481380028899,0.0992180427613889,,0.0957924531578307,1.0,20,20,0.7916666666666667,15.0,22.0,0.7845090909090909,0.7845090909090909,0.6818181818181818,0.0,1.0,0.6818181818181818,22.0,5,5,"cheapness,quality,dividend,garp,risk",0.8631399999999999,True,1.0,0.8333,strong_buy,4,5,stable,0.8125,persistent,neutral,0.5,54.443158973401296
UMI.BR,Umicore SA,Industrials,5679750144.0,11.741294,12.999246,,2.15,1.399,132.626,0.22861,0.0406512264143962,0.019809999,0.601,0.742,534739744.0,7129660416.0,1367384064.0,1038696000.0,19374073000.0,3250400000.0,1799000064.0,,9459690000.0,5778419000.0,,4256285000.0,384548000.0,710712000.0,0.1080195165982909,,240561925.0,-0.1572415661690485,0.1021799242894741,1.3576203191280658,1.2897000219414887,0.3015661189743004,0.3663451097062105,2.0480663742680787,1.5782479944748449,240481134.0,132094000.0,23.6,[],{},0.0941484625982871,5.214087690289186,6.864049169343099,0.1456866020812175,0.0851694881330797,,0.1996185190274445,0.9,18,20,0.8140243902439023,11.0,22.0,0.6731136363636364,0.6731136363636364,0.5,0.0,1.0,0.5,22.0,5,5,"cheapness,quality,dividend,garp,risk",0.7392083333333334,True,0.9,0.8293,strong_buy,4,4,stable,0.7395,persistent,neutral,0.375,58.95330241649608
SGO.PA,Compagnie de Saint-Gobain S.A.,Industrials,39244656640.0,14.871986,11.7429905,1.6093801,2.79,1.272,66.318,0.11038999,0.0473897034650535,0.057779998,-0.011,-0.12,3101625088.0,51040911360.0,6579999744.0,4953000000.0,46483000000.0,17269999616.0,5751000064.0,49.808,60836000000.0,21360000000.0,,16844000000.0,2883000000.0,5638000000.0,0.2783598304756577,,492707578.0,0.0460805599662983,0.2766313800433746,1.2681073379244836,1.345002108814846,0.2914228417384443,0.2890404744158916,0.7640706160825826,0.7545772708124048,496879548.0,950000000.0,80.16,[],{},0.0790330545238782,7.756977712125576,10.305049739551787,0.0970398033268973,0.0672405151537931,,0.1125886524822695,1.0,20,20,0.7448780487804878,10.0,22.0,0.5765090909090909,0.5765090909090909,0.4545454545454545,0.0,1.0,0.4545454545454545,22.0,5,5,"cheapness,quality,dividend,garp,risk",0.6277383333333334,True,1.0,0.8083,strong_buy,4,6,stable,0.7766,persistent,neutral,0.5,47.026682547319815
EG7.IR,FBD Holdings plc,Financial Services,732552512.0,9.526316,11.4920635,1.3558053,5.49,0.493,10.93,0.14669,0.0344313781603892,0.13299,0.088,1.575,771720128.0,482684448.0,135291008.0,56723000.0,462729000.0,52773000.0,223658000.0,13.35,1369768000.0,,,,47163000.0,65719000.0,,,35943862.0,0.0491887389589743,,,,0.0389014782065284,0.0386717686427553,0.3378156008900777,0.302640477563699,35897184.0,2567000.0,18.1,[],{},1.0534673151185645,3.567749661529612,8.509501401547872,0.1175156983719517,0.1049723733707762,,,0.95,19,20,0.7794844576308325,13.0,22.0,0.7529272727272727,0.7529272727272727,0.5909090909090909,0.0,1.0,0.5909090909090909,22.0,5,5,"cheapness,quality,dividend,garp,risk",0.8359516666666666,True,0.9,0.7939,strong_buy,4,2,stable,0.5605,building,neutral,0.375,57.12965161630976
PHIA.AS,Koninklijke Philips N.V.,Healthcare,22734962688.0,20.40351,13.818752,1.9861668,3.67,1.257,65.049,0.10154,0.0332170427553444,0.06306,0.005,0.614,1527500032.0,28400865280.0,2416000000.0,1449000000.0,17834000000.0,7464999936.0,1788999936.0,11.711,26944000000.0,9932000000.0,,7511000000.0,895000000.0,1172000000.0,0.4518335763149041,,951288934.0,-0.0242269464384318,0.4313301148659896,1.322327253361736,1.2305992141453832,0.2898975653206651,0.2585242959690778,0.6618913301662708,0.6219284925455549,925009074.0,294000000.0,23.26,[],{},0.0671872680400855,11.755325033112582,19.6003211042098,0.0510195723163544,0.0490111750380204,,0.0745638861730046,1.0,20,20,0.7442016317016318,9.0,22.0,0.5428545454545456,0.5428545454545456,0.4090909090909091,0.0,1.0,0.4090909090909091,22.0,5,5,"cheapness,quality,dividend,garp,risk",0.6901149999999999,True,1.0,0.7883,strong_buy,4,4,stable,0.7663,persistent,neutral,0.5,44.78565483677588
MIO.IR,Mincon Group plc,Industrials,150855408.0,14.2,19.189188,0.9712722,2.96,3.134,18.631,0.072399996,0.0267703857457395,0.06515,0.186,2.921,5280250.0,166813408.0,19722000.0,10966000.0,148715000.0,28919000.0,12961000.0,0.731,206198000.0,119412000.0,,36019000.0,5520000.0,8811000.0,0.2987728204955788,,212472413.0,0.0083521722268991,0.2787040821274444,3.3152502845720315,3.682853189080388,0.162625243697805,0.1782190860850729,0.7212242601771113,0.6827451499702046,212472413.0,2011000.0,0.71,[],{},0.0350020597206564,8.45823993509786,15.211873791719862,0.0657381210028393,0.0704225352112676,,0.0644380328947755,1.0,20,20,0.7109756097560975,9.0,22.0,0.6897272727272727,0.6897272727272727,0.4090909090909091,0.0,1.0,0.4090909090909091,22.0,5,5,"cheapness,quality,dividend,garp,risk",0.7853466666666666,True,1.0,0.7878,strong_buy,4,2,stable,0.562,building,neutral,0.5,53.70478275127565
EVN.VI,EVN AG,Utilities,5197622193.131628,10.410714,11.479089,0.78635013,3.16,1.11,17.451,0.08078,0.0395895092786495,0.16054001,0.032,0.465,72250000.0,6392806912.0,719299968.0,359100000.0,3000000000.0,1214700032.0,361600000.0,37.07,11030700000.0,1411000000.0,,1226100000.0,436700000.0,935200000.0,0.4085333333333333,,178306200.0,0.043221301861897,0.4349300844524436,1.1508033602479406,0.991342698464554,0.1192218082261325,0.1092856619264037,0.2719682341102559,0.2647339099838733,178279208.0,54200000.0,29.15,[],{},0.0139005870983609,8.887539547339449,17.802302734614315,0.0561725084056472,0.0960548911438735,,0.0366256655039471,1.0,20,20,0.7305555555555556,10.0,22.0,0.6877272727272727,0.6877272727272727,0.4545454545454545,0.0,1.0,0.4545454545454545,22.0,4,5,"cheapness,dividend,garp,risk",0.74804,True,0.83335,0.7646,strong_buy,4,3,stable,0.5233,building,neutral,0.625,58.769959753579435
DHL.DE,Deutsche Post AG,Industrials,62870401024.0,17.268293,14.90848,2.8208575,3.34,1.03,122.614,0.18090001,0.0492973612323636,0.04344,0.128,0.286,5425375232.0,86828998656.0,8397000192.0,5313000000.0,82855000000.0,27971999744.0,4291000064.0,20.079,71018000000.0,20946000000.0,,21410000000.0,3501000000.0,9119000000.0,0.164455977309758,,1119243239.0,0.047685152057245,0.1562574238608828,0.9783278841662776,0.951631949364697,0.3583176096200963,0.3211735241502683,1.1666760539581515,1.2048372093023256,1153216427.0,1107000000.0,56.64,[],{},0.0862945860633039,10.340478345912606,16.342743959345004,0.0611892349588079,0.057909603456462,,0.1070996613449443,1.0,20,20,0.7279268292682927,9.0,22.0,0.5426818181818182,0.5426818181818182,0.4090909090909091,0.0,1.0,0.4090909090909091,22.0,5,5,"cheapness,quality,dividend,garp,risk",0.6453599999999999,True,0.8,0.7621,strong_buy,4,6,stable,0.745,persistent,neutral,0.5,56.04832028622002
LOGN.SW,Logitech International S.A.,Technology,11340515328.0,18.290993,16.35953,5.9635696,1.7,2.311,3.588,0.35287997,0.1847916690484926,0.16277,0.069,0.663,723388224.0,9675225088.0,960393984.0,785054000.0,4840761000.0,84388000.0,1749678976.0,13.280636,3848588000.0,2915256000.0,,1312973000.0,711187000.0,1037207000.0,0.4320264933550737,,143502000.0,0.1784734452751784,0.430876857889306,2.2203472577120777,2.35467705153716,0.0229058033751599,0.0261132953361081,1.2578018223826504,1.2872389009592755,148509018.0,,79.2,[],{},0.063787949936802,10.074225004724727,12.32427971579025,0.0811406445699839,0.05467171738571,,0.3096108833557145,1.0,20,20,0.7453030303030304,12.0,22.0,0.6729045454545455,0.6729045454545455,0.5454545454545454,0.0,1.0,0.5454545454545454,22.0,5,5,"cheapness,quality,dividend,garp,risk",0.7819583333333333,True,1.0,0.7461,strong_buy,4,4,stable,0.7457,persistent,neutral,0.5,45.203138657132556
ACKB.BR,Ackermans & Van Haaren NV,Industrials,8956350464.0,15.129762,13.983159,1.5706147,1.75,0.764,30.484,0.11017,0.0278675083273597,0.09939,-0.073,0.231,540637888.0,10085566464.0,1205133056.0,621853000.0,5961612000.0,2231378944.0,2195963904.0,174.454,21263042000.0,8126924000.0,,10641196000.0,592548000.0,1005382000.0,0.3876236829904395,,32679560.0,0.0226633819200056,0.3462155161372844,0.7637227995800472,0.7556260194779704,0.4912181427285898,0.4905430964803899,0.2803743697632728,0.2978278397901925,32665602.0,57350000.0,274.0,[],{},0.0603636369716762,8.36884061372888,16.218570086499543,0.0616577167201939,0.0660948929665912,,0.0585447200044135,1.0,20,20,0.6876829268292683,8.0,22.0,0.5744772727272728,0.5744772727272728,0.3636363636363636,0.0,1.0,0.3636363636363636,22.0,5,5,"cheapness,quality,dividend,garp,risk",0.6590433333333333,True,0.9,0.7401,strong_buy,4,5,stable,0.7139,persistent,neutral,0.625,67.0390307067907
MELE.BR,Melexis NV,Technology,2563456256.0,25.33074,16.923597,5.284091,5.67,5.874,69.095,0.22027999,0.1245534408863189,0.12247,0.026,-0.191,97196776.0,2936337664.0,191375424.0,133962915.0,839616959.0,301032992.0,37348000.0,12.32,903268711.0,579346805.0,,106051570.0,112505226.0,126305808.0,0.3859011737756002,,39521709.0,0.191719662495303,0.4302609874406242,5.46287815446768,4.535008512192893,0.3565253618089734,0.2484519588325878,0.9295317647729304,1.043111603048189,40322800.0,9645211.0,65.1,[],{},0.0379162998286014,15.343337209275106,21.919033816187117,0.0456224488901287,0.0394777254829507,,0.1680381769413058,1.0,20,20,0.701439393939394,8.0,22.0,0.5137999999999999,0.5137999999999999,0.3636363636363636,0.0,1.0,0.3636363636363636,22.0,5,5,"cheapness,quality,dividend,garp,risk",0.6397133333333334,True,1.0,0.7373,strong_buy,4,5,stable,0.7194,persistent,neutral,0.625,40.70459884069792
GVR.IR,Glenveagh Properties PLC,Consumer Cyclical,1258948224.0,12.2,10.740382,1.6021012,,5.938,30.795,0.13942,0.0879011369511998,0.11623,-0.185,-0.106,55911124.0,1432992000.0,145276992.0,144128000.0,925879000.0,244068000.0,75196000.0,1.523,1224239000.0,1140136000.0,,192001000.0,107612000.0,100339000.0,0.2137568731983337,,520472536.0,0.0829899296553059,0.2115964505169714,5.938177405326014,5.888974453589172,0.1986907785162864,0.2059428786821448,0.7562894173441623,0.7379121056375932,560878504.0,18499000.0,2.44,[],{},0.0444109796845783,9.86386061737842,9.942495559502664,0.1005783702909716,0.0819672131147541,,0.1396267139942532,0.95,19,20,0.6734429065743943,9.0,22.0,0.5276863636363637,0.5276863636363637,0.4090909090909091,0.0,1.0,0.4090909090909091,22.0,3,5,"cheapness,quality,risk",0.4814483333333333,True,0.83335,0.7316,strong_buy,4,1,improving,0.2503,new,neutral,0.5,55.41167518080809
DQ7A.IR,Donegal Investment Group plc,Consumer Defensive,15160775.0,,,0.7843875,3.04,16.255,,-0.18353,0.0061259893743901,0.0,,2.1,5353000.0,-2517225.0,-1386500.0,-1154000.0,0.0,0.0,17464000.0,15.936,18446000.0,18446000.0,,6129000.0,113000.0,596000.0,,,1212862.0,0.0824850027267769,,3.0096263664545604,4.570997807017544,0.0,0.0435375386293401,0.0,,1519420.0,11000.0,12.5,[],{},0.3530822138050331,1.81552470248828,2.1813041594454075,0.4584413391730974,,,-0.0936916456929447,0.9,18,20,0.7301587301587302,5.0,22.0,0.4870181818181818,0.4870181818181818,0.2272727272727272,0.0,1.0,0.2272727272727272,22.0,3,5,"cheapness,dividend,risk",0.4340933333333333,True,0.8,0.8254,buy,3,2,stable,0.315,building,accumulate,0.875,27.472555107729434
RAND.AS,Randstad N.V.,Industrials,7051361792.0,22.578651,13.86015,1.8068606,4.08,1.226,53.49,0.083100006,0.0279805352798053,0.01393,0.018,0.819,360500000.0,8821926912.0,634000000.0,555000000.0,23077000000.0,2092000000.0,258000000.0,22.243,10686000000.0,5847000000.0,,4841000000.0,299000000.0,872000000.0,0.1867227109242969,,175232895.0,0.0109919571045576,0.1948843379487604,1.2078083040694072,1.2625651720542233,0.17873853640277,0.1982126899016979,2.1595545573647765,2.155674709562109,175143347.0,95000000.0,40.19,[],{},0.0511248763904014,13.914711217665616,15.895363805405406,0.0629114257617644,0.0442896256290953,,0.0949529512403764,1.0,20,20,0.6568292682926831,10.0,22.0,0.5511045454545455,0.5511045454545455,0.4545454545454545,0.0,1.0,0.4545454545454545,22.0,5,5,"cheapness,quality,dividend,garp,risk",0.7068566666666667,True,1.0,0.7263,buy,3,2,stable,0.5187,building,neutral,0.375,67.868211305978
POST.VI,Österreichische Post AG,Industrials,2100887168.0,24.108528,15.752818,3.101935,5.88,0.676,149.926,0.13519,0.0201545896665802,0.02802,0.067,-0.761,160600000.0,2991042304.0,286800000.0,189600000.0,3043200000.0,913200000.0,74500000.0,10.026,6559300000.0,1788800000.0,,4778300000.0,132200000.0,362400000.0,0.1454061514195583,,67552638.0,0.0212418552349851,0.157087509205597,0.3743590816817697,0.3478360192723043,0.1276355708688427,0.1148046026586977,0.4639519460918085,0.4810764183058889,67552638.0,70800000.0,31.1,[],{},0.0764438959151184,10.42901779637378,15.775539578059073,0.0633892739485639,0.0414790981846755,,0.106457046603032,1.0,20,20,0.6520731707317073,7.0,22.0,0.4655727272727272,0.4655727272727272,0.3181818181818182,0.0,1.0,0.3181818181818182,22.0,4,5,"cheapness,dividend,garp,risk",0.5710883333333333,True,0.8,0.7106,buy,3,3,stable,0.4769,building,neutral,0.625,47.90217795021282
ANDR.VI,Andritz AG,Industrials,8192698880.0,17.63713,13.769318,3.3655393,3.26,1.068,25.381,0.20214,0.0529959001637611,0.05766,0.085,0.067,575180992.0,7602591744.0,779400000.0,585900000.0,7883100000.0,620200000.0,1093900032.0,24.84,8610100000.0,5514000000.0,,4887700000.0,456300000.0,652700000.0,0.5114992832768834,,97998794.0,0.0608232267548695,0.4934505695418406,1.1281379790085315,1.1691766961337735,0.0964913299497102,0.0995099840744824,0.9155642791605209,1.0184613499938748,97556284.0,48700000.0,83.6,[],{},0.070206533942573,9.754415889145497,12.975920368663594,0.0770658243568576,0.056698567170509,,0.1573984526112185,1.0,20,20,0.6847560975609756,9.0,22.0,0.6050363636363637,0.6050363636363637,0.4090909090909091,0.0,1.0,0.4090909090909091,22.0,5,5,"cheapness,quality,dividend,garp,risk",0.6934783333333334,True,1.0,0.7091,buy,3,1,deteriorating,0.4356,new,neutral,0.375,60.31800565393722
WKL.AS,Wolters Kluwer N.V.,Industrials,15558166528.0,11.94188,11.242736,19.801586,3.77,0.688,590.213,1.46141,0.1364774624373956,0.21864,-0.006,0.089,1247874944.0,19704784896.0,1947000064.0,1687000000.0,6125000000.0,5548000256.0,1494000000.0,3.528,9584000000.0,2633000000.0,,4058000000.0,1308000000.0,1668000000.0,0.7346938775510204,,226216153.0,0.1136028637607917,0.7251521298174443,0.6488417939871858,0.7021670190274841,0.514712020033389,0.4283006948831332,0.6390859766277128,0.6228679722046747,234366515.0,117000000.0,69.86,[],{},0.0802070694997512,10.120587698141955,11.680370418494368,0.0856137232100643,0.0837389087815319,,0.3052841114730366,1.0,20,20,0.7089024390243902,14.0,22.0,0.62545,0.62545,0.6363636363636364,0.0,1.0,0.6363636363636364,22.0,5,5,"cheapness,quality,dividend,garp,risk",0.6829500000000001,True,0.8,0.6906,buy,3,2,stable,0.5248,building,neutral,0.375,55.91010872096651
DTE.DE,Deutsche Telekom AG,Communication Services,134821789696.0,15.837079,11.067358,2.252677,3.46,1.033,165.297,0.15063,0.0331608971284022,0.07013,0.043,-0.05,17394624512.0,305630674944.0,42652000256.0,25612000000.0,118343000000.0,146755993600.0,5373000192.0,12.514,289769000000.0,41177000000.0,,36848000000.0,9609000000.0,40627000000.0,0.6107585577516202,,4838022420.0,0.03675877402979,0.6113229839024941,1.1174826313504125,1.0562503552953215,0.4847378429024498,0.475991526035142,0.4084046257536175,0.3774948021539087,4900429250.0,6547000000.0,28.19,[],{},0.1290193858961663,7.165682104229236,11.933104597220051,0.0838004889551509,0.0631429571071786,,0.1012648218218336,1.0,20,20,0.6785714285714286,8.0,22.0,0.5547681818181819,0.5547681818181819,0.3636363636363636,0.0,1.0,0.3636363636363636,22.0,5,5,"cheapness,quality,dividend,garp,risk",0.6202133333333333,True,0.9,0.6786,buy,3,2,stable,0.5089,building,neutral,0.375,52.99115451451808
WIE.VI,Wienerberger AG,Basic Materials,2152368640.0,35.196426,12.293164,0.769531,4.71,1.393,95.089,0.02179,0.027027027027027,0.01289,0.13,-0.709,155471008.0,4621212672.0,517000000.0,342000000.0,4566000000.0,2614000128.0,211000000.0,25.613,6142000000.0,2012000000.0,,1328000000.0,166000000.0,630000000.0,0.3510731493648708,,109201866.0,0.0123091305702711,0.3567471748282739,1.5150602409638554,1.4394618834080717,0.3116248778899381,0.3287628544717981,0.7434060566590687,0.7031785602991586,110266509.0,109000000.0,19.71,[],{},0.0722325186823015,8.938515806576403,13.512317754385965,0.0740065485564391,0.0284119756932138,,0.0710427918570835,1.0,20,20,0.6202651515151515,7.0,22.0,0.4928363636363636,0.4928363636363636,0.3181818181818182,0.0,1.0,0.3181818181818182,22.0,5,5,"cheapness,quality,dividend,garp,risk",0.536095,True,0.8,0.6772,buy,3,3,stable,0.5676,building,accumulate,0.75,40.46215435467243
VOE.VI,Voestalpine AG,Basic Materials,7917590016.0,15.601351,9.161753,1.0444891,1.63,1.41,25.377,0.066139996,0.0265401007361487,0.03422,0.024,0.897,521312512.0,9192089600.0,1489299968.0,708900000.0,15063100000.0,2037900032.0,981100032.0,44.213,16002200000.0,7624600000.0,,5650000000.0,424700000.0,1540100000.0,0.2001513632651977,,171450616.0,0.0097557565319079,0.1802752847170614,1.3494867256637169,1.4373950926956227,0.1507542712876979,0.170779761412964,0.9413143192810988,1.0005974209211723,171450616.0,192600000.0,46.18,[],{},0.0658423220887319,6.172087421947759,12.966694315136126,0.0771206581798332,0.0640970131368751,,0.0684781978709839,1.0,20,20,0.6779611330698286,10.0,22.0,0.6433681818181818,0.6433681818181818,0.4545454545454545,0.0,1.0,0.4545454545454545,22.0,5,5,"cheapness,quality,dividend,garp,risk",0.7241283333333334,True,1.0,0.6756,buy,3,1,deteriorating,0.423,new,neutral,0.625,55.43043719060705
ESSITY-B.ST,Essity AB (publ),Consumer Defensive,189269000192.0,15.772265,21.1649,2.0468326,3.11,1.088,45.728,0.13964,0.075731826994423,0.08808,0.026,-0.103,8978624512.0,226022866944.0,24491999232.0,18579000000.0,138494000000.0,42609000448.0,6872999936.0,136.699,167116000000.0,54278000000.0,,40796000000.0,12656000000.0,15459000000.0,0.3330252574118734,,683048663.0,0.112735044580212,0.3238426339439078,1.3304735758407686,1.433186133804372,0.2226238062184351,0.2362697264739535,0.8287297446085354,0.785529241596684,694944489.0,1582000000.0,279.8,[],{},0.0474384315598001,9.228436796972051,12.165502284514774,0.0821996475454104,0.0634024345900858,,0.1470788473717542,1.0,20,20,0.652930402930403,9.0,22.0,0.5854772727272727,0.5854772727272727,0.4090909090909091,0.0,1.0,0.4090909090909091,22.0,5,5,"cheapness,quality,dividend,garp,risk",0.6683600000000001,True,1.0,0.67,buy,3,4,stable,0.6615,persistent,neutral,0.625,55.22269866014923
APAM.AS,Aperam S.A.,Basic Materials,3414493440.0,26.925714,10.212906,1.0435399,4.31,1.634,40.371,0.03946,0.001450443190975,0.02105,0.021,5.363,327750016.0,4390609408.0,286000000.0,16000000.0,6080000000.0,1327000064.0,334000000.0,45.154,6205000000.0,2968000000.0,,1645000000.0,9000000.0,422000000.0,0.0560855263157894,,72341663.0,0.0392723563413804,0.0717825739408473,1.804255319148936,1.7082601054481548,0.2099919419822723,0.1292077524651479,0.9798549556809024,1.0634138048282895,72289307.0,63000000.0,47.12,[],{},0.0959878886163565,15.351781146853147,274.413088,0.003644141054963,0.037139219409372,,0.0035087719298245,1.0,20,20,0.6508745059288538,8.0,22.0,0.5369363636363637,0.5369363636363637,0.3636363636363636,0.0,1.0,0.3636363636363636,22.0,4,5,"cheapness,dividend,garp,risk",0.6714800000000001,True,0.9,0.6667,buy,3,3,stable,0.4612,building,accumulate,0.75,51.87128850467112
ABI.BR,Anheuser-Busch InBev SA/NV,Consumer Defensive,132443447296.0,16.899498,15.946419,1.6567087,1.7,0.664,71.88,0.11392,0.0312465723373916,0.14896,0.11,1.249,10693624832.0,205013483520.0,19736000512.0,15650000000.0,59320000000.0,72732000256.0,8010999808.0,40.598568,218808000000.0,24769000000.0,,34475000000.0,6837000000.0,14883000000.0,0.5593223196223871,,1950752219.0,0.0283347125635776,0.5525364743675546,0.7184626540971719,0.6955482973447046,0.3337492230631421,0.3492598131022034,0.2711052612335929,0.2892415201536994,1975432021.0,3864000000.0,67.26,[],{},0.0807410638300636,10.387792774698523,13.099903100319487,0.0763364425173199,0.059173355326886,,0.0849006960229584,1.0,20,20,0.6450549450549451,9.0,22.0,0.5839727272727273,0.5839727272727273,0.4090909090909091,0.0,1.0,0.4090909090909091,22.0,5,5,"cheapness,quality,dividend,garp,risk",0.701445,True,0.9,0.6654,buy,3,6,stable,0.6552,persistent,neutral,0.5,45.04867864432777
VIG.VI,Vienna Insurance Group AG,Financial Services,9126400000.0,11.037152,8.876053,1.3282663,2.42,14.382,,0.12872,0.0172,0.06282,0.079,-0.959,2542828288.0,3273724928.0,1797363968.0,1246301000.0,14781083000.0,0.0,1529430016.0,53.679,,,,,834866000.0,842256000.0,,,128000000.0,0.0122225179862011,,,,,0.0338357591400501,,0.2523012931174117,128000000.0,84984000.0,71.3,[],{},0.278623366058906,1.8214034476516223,2.626753029966276,0.3806981427610035,0.0906030831141946,,,0.85,17,20,0.6496278003801944,11.0,22.0,0.5606454545454546,0.5606454545454546,0.5,0.0,1.0,0.5,22.0,5,5,"cheapness,quality,dividend,garp,risk",0.5574566666666667,True,0.7,0.6625,buy,3,3,stable,0.4879,building,neutral,0.375,55.676657871748596
MUV2.DE,Münchener Rückversicherungs-Gesellschaft Aktiengesellschaft in München,Financial Services,64718962688.0,9.561338,9.944323,1.9283974,4.65,0.276,24.378,0.21299,0.0218551515714418,0.11163,0.013,0.098,6889625088.0,67287961600.0,,8997000000.0,62312000000.0,8222000128.0,5818999808.0,266.75,279934000000.0,,,,6118000000.0,4906000000.0,,,127961889.0,0.0199132808736149,,,,0.026556259689784,0.0220672946006521,0.2225953260411382,0.2249111512976449,131406411.0,369000000.0,514.4,[],{},0.1064545042418835,,7.478933155496277,0.1337089099753617,0.1045878725341578,,,0.9,18,20,0.6797795228027786,14.0,22.0,0.6794181818181818,0.6794181818181818,0.6363636363636364,0.0,1.0,0.6363636363636364,22.0,5,5,"cheapness,quality,dividend,garp,risk",0.7282583333333333,True,0.9,0.6511,buy,3,3,stable,0.524,building,neutral,0.625,54.31126467558082
NOVN.SW,Novartis AG,Healthcare,236905103360.0,23.923223,15.770723,7.11154,2.91,0.862,116.85,0.3035,0.1260398922027237,0.22502,0.008,-0.17,11900250112.0,278705111040.0,23097999360.0,17644000000.0,56674000000.0,49014001664.0,7617999872.0,17.526443,110949000000.0,30460000000.0,,27278000000.0,13984000000.0,19144000000.0,0.7582842220418534,,1908151679.0,0.116786964771238,0.7520010827114187,1.1166507808490358,1.0352711557228496,0.318849200984236,0.3057136709504528,0.5108112736482529,0.5058584198892866,1975089248.0,1144000000.0,124.64,[],{},0.0502321391275241,12.066201349137106,15.796027603717976,0.0633070557413197,0.0418003878490787,,0.2108735404142415,1.0,20,20,0.6613344988344988,9.0,22.0,0.5189909090909092,0.5189909090909092,0.4090909090909091,0.0,1.0,0.4090909090909091,22.0,5,5,"cheapness,quality,dividend,garp,risk",0.6283016666666666,True,0.9,0.6506,buy,3,4,stable,0.656,persistent,neutral,0.5,44.442476916178144
SAP.DE,SAP SE,Technology,219160313856.0,28.425152,22.688927,4.898233,1.39,1.148,21.966,0.18320999,0.1017736846593331,0.20413,0.094,0.306,9090624512.0,217978503168.0,11760000000.0,9620000000.0,36800000000.0,9939000320.0,11624999936.0,38.765,70362000000.0,20256000000.0,,17416000000.0,7161000000.0,9156000000.0,0.728641304347826,,1167559048.0,0.0420814418686099,0.7295177902621723,1.163068442811208,1.1215281417042238,0.1062505329581308,0.1434729312876328,0.5230095790341377,0.4603634306343198,1166589461.0,492000000.0,189.88,[],{},0.0414793369842179,18.535587004081638,22.658888063201665,0.0441327922716566,0.0351801109102248,,0.1816945567181656,1.0,20,20,0.6137878787878789,9.0,22.0,0.5278045454545454,0.5278045454545454,0.4090909090909091,0.0,1.0,0.4090909090909091,22.0,5,5,"cheapness,quality,dividend,garp,risk",0.6205416666666667,True,1.0,0.6463,buy,3,4,stable,0.63,persistent,wait,0.25,70.09522221370338
AKZA.AS,Akzo Nobel N.V.,Basic Materials,10544528384.0,16.537634,14.280773,2.1727767,3.23,1.884,130.976,0.14142999,0.0455131880733944,0.06428,-0.014,0.125,824625024.0,13851528192.0,1068000000.0,1164000000.0,10158000000.0,6592000000.0,3464999936.0,28.314,13952000000.0,6061000000.0,,4207000000.0,635000000.0,915000000.0,0.3986020870250049,,171069142.0,0.0380377570355814,0.4049108393240593,1.4406940812930829,1.2338266384778012,0.3484805045871559,0.3767281914520317,0.7280676605504587,0.7517018738157064,170784638.0,211000000.0,61.52,[],{},0.0782040688753102,12.96959568539326,11.899938309278353,0.0840340490858093,0.0604681419361439,,0.1194458696767573,1.0,20,20,0.6705105401844533,9.0,22.0,0.52705,0.52705,0.4090909090909091,0.0,1.0,0.4090909090909091,22.0,5,5,"cheapness,quality,dividend,garp,risk",0.6117783333333333,True,0.9,0.641,buy,3,3,stable,0.5738,building,neutral,0.5,57.96055613340397
SKA-B.ST,Skanska AB (publ),Industrials,113830707200.0,17.191996,16.304863,1.8515899,3.09,1.47,25.14,0.11123,0.0360220352260379,0.03807,0.041,0.524,2031374976.0,113486094336.0,8696999936.0,6214000000.0,176658000000.0,15511000064.0,16074000384.0,148.467,158292000000.0,125482000000.0,,81277000000.0,5702000000.0,7360000000.0,0.0835116439674399,,413967733.0,0.0324285806071013,0.0820484924722774,1.5438808026871071,1.5481782289904118,0.1002387991812599,0.1115959043730688,1.1160260783867788,1.0308048152236766,411521664.0,367000000.0,274.9,[],{},0.0178455798612485,13.048878368532622,18.26296979980689,0.0547556071636593,0.058166602644626,,0.0806855807310264,1.0,20,20,0.5847560975609756,6.0,22.0,0.5435545454545454,0.5435545454545454,0.2727272727272727,0.0,1.0,0.2727272727272727,22.0,5,5,"cheapness,quality,dividend,garp,risk",0.6671916666666666,True,0.83335,0.6396,buy,3,3,stable,0.5357,building,neutral,0.625,66.81053832099744
BAS.DE,BASF SE,Basic Materials,44346085376.0,21.642855,17.251657,1.2298839,4.35,1.855,71.358,0.061160002,0.0212539711712657,0.094239995,0.164,52.989,1055000000.0,64543633408.0,6568000000.0,2860000000.0,59656000000.0,26684999680.0,7887000064.0,41.882,76174000000.0,31684000000.0,,16411000000.0,1619000000.0,5610000000.0,0.2406966608555719,,892522164.0,0.0161412671765217,0.2476929837410282,1.9306562671378955,1.832971418510476,0.3046840129177934,0.2983896039296151,0.7831543571297293,0.7640738668158925,892522164.0,982000000.0,51.51,[],{},0.0237901494811752,9.82698438002436,22.56770398881119,0.0443111093842682,0.0462046250367615,,0.0478556966685072,1.0,20,20,0.6023616600790513,6.0,22.0,0.5354818181818182,0.5354818181818182,0.2727272727272727,0.0,1.0,0.2727272727272727,22.0,4,5,"quality,dividend,garp,risk",0.7290866666666667,True,1.0,0.6246,buy,3,4,stable,0.4908,persistent,neutral,0.625,61.382605606737734
HEIA.AS,Heineken N.V.,Consumer Defensive,40026984448.0,17.595121,12.618329,2.069005,2.64,0.75,95.107,0.121309996,0.0350678101687347,0.07704,0.047,0.541,3003624960.0,59960029184.0,5533000192.0,3332000000.0,28753000000.0,20643999744.0,2831000064.0,34.867,53753000000.0,12893000000.0,,13932000000.0,1885000000.0,5012000000.0,0.3578061419677946,,560557296.0,0.0181875662507206,0.3523691358438684,0.9254234855010048,0.7654867256637168,0.3586590515878183,0.3170550276160898,0.5349096794597511,0.5545719970989158,565138630.0,644000000.0,72.14,[],{},0.0750400011747595,10.836802295921554,17.995206837935175,0.0555703532060509,0.0568339370897193,,0.0836744431330202,1.0,20,20,0.60503663003663,8.0,22.0,0.5275272727272727,0.5275272727272727,0.3636363636363636,0.0,1.0,0.3636363636363636,22.0,5,5,"cheapness,quality,dividend,garp,risk",0.6420116666666666,True,0.8,0.6179,buy,3,5,stable,0.6115,persistent,neutral,0.625,40.69592879148634
NBA.LS,"Novabase S.G.P.S., S.A.",Technology,271255360.0,28.8,90.0,8.581645,15.34,1.204,31.604,0.21384001,0.0425731738553365,0.025120001,-0.004,-0.494,,262175856.0,9365500.0,11383000.0,124465000.0,13453000.0,31205000.0,0.839,128837000.0,85579000.0,,51262000.0,5485000.0,,0.4476198127987787,,37708337.0,0.0395329934234833,0.4685515843443527,1.6694432523116538,2.20317952694843,0.1201828667230686,0.124824503066578,0.966065648843112,0.8263011404221778,35103281.0,816000.0,7.2,[],{},,27.993791682238,23.03222841078802,0.0434174228461372,0.0347222222222222,,0.1467354173380599,0.9,18,20,0.5489583333333333,4.0,22.0,0.4654409090909091,0.4654409090909091,0.1818181818181818,0.0,1.0,0.1818181818181818,22.0,4,5,"cheapness,dividend,garp,risk",0.5245166666666667,True,0.5,0.5896,buy,3,2,stable,0.3074,building,neutral,0.625,36.6256115557165
DOC.VI,DO & CO Aktiengesellschaft,Industrials,2268083968.0,20.588236,15.892734,4.395581,1.2,1.478,40.265,0.25817,0.0830806692325818,0.0442,0.05,0.163,182940000.0,2347404032.0,269350016.0,218950000.0,2461590000.0,248150000.0,269129984.0,46.979,1273100000.0,648630000.0,,450100000.0,105770000.0,244080000.0,0.272258987077458,,10983458.0,0.0759134998398449,0.2633892050893774,1.4410797600533214,1.2003840293865966,0.2008169036210824,0.2817250753550104,1.9335401775194407,1.887464375764843,10983458.0,22960000.0,206.5,[],{},0.0806583894516554,8.715069213138639,10.721187631879424,0.0932732486675732,0.0485714269061225,,0.2660388821385176,1.0,20,20,0.6097560975609756,10.0,22.0,0.5900818181818183,0.5900818181818183,0.4545454545454545,0.0,1.0,0.4545454545454545,22.0,5,5,"cheapness,quality,dividend,garp,risk",0.654405,True,1.0,0.5866,buy,3,3,stable,0.5234,building,neutral,0.625,56.50205069793785
NVG.LS,"The Navigator Company, S.A.",Basic Materials,2324146176.0,21.786665,11.241443,1.6588832,3.45,1.294,71.869,0.07865,0.0453712954334354,0.059499998,-0.106,-0.136,,3152622080.0,273554528.0,204489089.0,1969765842.0,1007452288.0,179386768.0,1.97,3188523352.0,897454818.0,,636341031.0,144667435.0,,0.5500766176856061,,711183069.0,0.085574867080982,0.5777892359451301,1.4103362415427836,1.2429160642988426,0.303083245852295,0.3029105875264554,0.6177674191297564,0.6227743946997342,711183069.0,31890693.0,3.268,[],{},,11.52465690496631,15.417067460259457,0.0648631785894235,0.0458996363142316,,0.0801232291742687,0.9,18,20,0.5861433629776021,4.0,22.0,0.4263454545454546,0.4263454545454546,0.1818181818181818,0.0,1.0,0.1818181818181818,22.0,4,5,"cheapness,dividend,garp,risk",0.47162,True,0.5,0.5817,buy,3,2,stable,0.3153,building,neutral,0.5,55.04406063828686
VOLV-B.ST,AB Volvo (publ),Industrials,704387743744.0,19.637188,13.911647,3.6943028,2.42,1.103,147.349,0.20883,0.0531244700041628,0.076009996,0.027,0.401,24019875840.0,917795831808.0,56166998016.0,49476000000.0,479183000000.0,260354998272.0,47068000256.0,93.766,648590000000.0,305570000000.0,,265914000000.0,34456000000.0,45595000000.0,0.2438922081960336,,2033452084.0,0.0705171265275048,0.2734332290591022,1.1491309220274224,1.2751709141638996,0.3808276414992522,0.3622502672958615,0.7388072588229853,0.737255165387565,2033452084.0,1832000000.0,346.4,[],{},0.0341003602821483,16.340482208904103,18.550324032015524,0.0539074141386493,0.0509237880698601,,0.1292895295236701,1.0,20,20,0.5796341463414635,6.0,22.0,0.49725,0.49725,0.2727272727272727,0.0,1.0,0.2727272727272727,22.0,5,5,"cheapness,quality,dividend,garp,risk",0.6383366666666667,True,0.9,0.5809,buy,3,3,stable,0.5077,building,neutral,0.625,51.66300032679121
AZE.BR,Azelis Group NV,Basic Materials,2920553984.0,25.531916,14.631826,1.0310165,1.86,1.871,64.71,0.04124,0.0205658745902056,0.027390001,0.003,0.029,224371008.0,4535455744.0,404777984.0,313322000.0,4132480000.0,1843677056.0,245307008.0,11.639,5406675000.0,1386537000.0,,709787000.0,111193000.0,421666000.0,0.2343512854266687,,243513020.0,0.0313546351824087,0.2432878846976536,1.953455050599687,1.9330251052054408,0.3465741883875025,0.3199771641956799,0.764329278160792,0.735391158587373,243508319.0,95785000.0,12.0,[],{},0.0768248110561205,11.204798490226189,14.475382335105738,0.0690828039529427,0.0391666649694445,,0.0667084248123438,1.0,20,20,0.584810606060606,4.0,22.0,0.4534863636363636,0.4534863636363636,0.1818181818181818,0.0,1.0,0.1818181818181818,22.0,3,5,"cheapness,garp,risk",0.4926683333333333,True,1.0,0.5758,buy,3,4,stable,0.3482,persistent,neutral,0.375,67.14040849881958
TTE.PA,TotalEnergies SE,Energy,164113547264.0,10.843567,8.842099,1.4829503,4.78,1.061,48.045,0.14479999,0.0451014413083437,0.09083,0.278,1.06,13531374592.0,198713065472.0,39650000896.0,19925000000.0,182344000000.0,62917001216.0,31716999168.0,50.01516,291055000000.0,89469000000.0,,92563000000.0,13127000000.0,27343000000.0,0.2843361997104374,,2142883014.0,0.0551969091412218,0.2838914165942436,0.9665741170878211,1.0978967712596637,0.2063905447424026,0.1794967896962033,0.6264932744670252,0.6851800607383174,2248149843.0,2558000000.0,74.17,[],{},0.0824512955669214,5.0116787132795935,9.973052219422836,0.100270205950839,0.092220576494801,,0.1003818793704532,1.0,20,20,0.575,13.0,22.0,0.7400136363636364,0.7400136363636364,0.5909090909090909,0.0,1.0,0.5909090909090909,22.0,5,5,"cheapness,quality,dividend,garp,risk",0.8126666666666666,True,0.9,0.575,buy,3,2,stable,0.4312,building,neutral,0.5,48.0745377660344
UCB.BR,UCB SA,Healthcare,42308026368.0,19.602474,15.948253,,0.66,1.203,30.788,0.20565,0.0858024011455006,0.25739,0.225,1.348,1098000000.0,45130022912.0,3342000128.0,2004000000.0,7741000000.0,3588000000.0,766000000.0,,18158000000.0,6054000000.0,,4401000000.0,1558000000.0,2291000000.0,0.742927270378504,,190361362.0,0.0613939009627024,0.7152145643693107,1.375596455351057,1.3567582884669878,0.1236369644233946,0.1744393843315847,0.4263134706465469,0.3546434541995734,190042407.0,128000000.0,221.9,[],{},0.0259525223523657,13.503896224865734,22.519971512974053,0.044405029527852,0.0510139689510619,,0.1456712946136512,0.9,18,20,0.5799825174825174,10.0,22.0,0.5961681818181818,0.5961681818181818,0.4545454545454545,0.0,1.0,0.4545454545454545,22.0,5,5,"cheapness,quality,dividend,garp,risk",0.7466366666666666,True,1.0,0.5514,buy,3,1,improving,0.3182,new,neutral,0.625,39.66418977361953
BOL.ST,Boliden AB (publ),Basic Materials,160949927936.0,12.665921,11.063875,2.0004234,1.89,1.573,28.232,0.16781999,0.0655806298641524,0.122279994,0.155,2.869,1669750016.0,179497910272.0,26556999680.0,12837000000.0,93509000000.0,22722000896.0,4198000128.0,283.34,143396000000.0,41459000000.0,,24399000000.0,9404000000.0,20686000000.0,0.1688286688981809,,283955454.0,0.0862537868355824,0.1446411156075195,1.699208983974753,1.666507757649302,0.1659390777985439,0.1420665794546956,0.6521032664788418,0.7677550950151474,273471169.0,1374000000.0,566.8,[],{},0.0103743446015332,6.758967972092847,13.982855049622186,0.0715161529209315,0.0789520162015853,,0.1078766691597267,1.0,20,20,0.5718428853754941,8.0,22.0,0.6327,0.6327,0.3636363636363636,0.0,1.0,0.3636363636363636,22.0,5,5,"cheapness,quality,dividend,garp,risk",0.7367516666666667,True,0.83335,0.5388,buy,3,4,stable,0.5553,persistent,neutral,0.375,64.3281502140556
BMW.DE,Bayerische Motoren Werke Aktiengesellschaft,Consumer Cyclical,35878612992.0,5.769008,6.527918,0.37647206,7.63,1.148,119.855,0.06592,0.0274244549135795,0.04923,-0.079,-0.279,1710268032.0,139135598592.0,13793000448.0,9981000000.0,133453000000.0,116789002240.0,15642000384.0,159.215,265967000000.0,91648000000.0,,81724000000.0,7294000000.0,8228000000.0,0.1543239942151918,,607128285.0,0.027228721258572,0.1608020789436718,1.1214331163428124,1.0991914607305364,0.3321840679482793,0.3193641402596626,0.5017652565919832,0.5318004571735915,622259319.0,562000000.0,59.94,[],{},0.0476681758121849,10.08740622582774,13.940045946498348,0.0717357750353178,0.1733400265695592,,0.0541730214987815,1.0,20,20,0.8005882352941177,7.0,22.0,0.5932772727272728,0.5932772727272728,0.3181818181818182,0.0,1.0,0.3181818181818182,22.0,3,5,"cheapness,dividend,garp",0.602525,False,0.63335,0.8601,hold,2,6,stable,0.4982,persistent,neutral,0.625,64.47645064220916
NOS.LS,"NOS, S.G.P.S., S.A.",Communication Services,2544245760.0,9.546155,11.369936,2.469652,9.08,0.538,164.375,0.26397,0.0692915200988385,0.14421,0.0,0.364,254894624.0,4250242560.0,643560000.0,419241000.0,1823162000.0,1705019008.0,6122000.0,2.01,3548414000.0,567725000.0,,885022000.0,245875000.0,,0.7088508865366874,,511704041.0,0.0810346013006181,0.7140968116382895,0.6414812287152184,0.6747614654934172,0.4720847116486408,0.460811950281372,0.5137963044898368,0.5048721838616556,511316156.0,67413000.0,4.964,[],{},0.1001847494481036,6.604267760581764,10.137945859302883,0.0986393115408453,0.1047542177976368,,0.1574086728502601,0.95,19,20,0.8357142857142857,14.0,22.0,0.6804681818181817,0.6804681818181817,0.6363636363636364,0.0,1.0,0.6363636363636364,22.0,4,5,"cheapness,quality,dividend,garp",0.7155566666666667,False,0.46665,0.8571,hold,2,2,stable,0.4825,building,neutral,0.625,62.07116230936526
BNP.PA,BNP Paribas SA,Financial Services,110323367936.0,8.707612,7.6189704,0.9185983,5.49,,,0.104770005,0.0043770437392878,0.26490998,0.188,0.374,,,,,68804000000.0,831044976640.0,1226712023040.0,109.58,2792981000000.0,,,,12225000000.0,46571000000.0,,,1100099307.0,0.0043210342089268,,,,0.1426747980025642,0.1404465512320566,0.0246346108333712,0.0243520297178314,1129554473.0,50329000000.0,100.66,[],{},,,,,0.1148420485432745,,,0.65,13,20,0.765291740374797,9.0,22.0,0.6259318181818182,0.6259318181818182,0.4090909090909091,0.0,1.0,0.4090909090909091,22.0,3,5,"cheapness,dividend,garp",0.6808483333333333,False,0.53335,0.857,hold,2,6,stable,0.3163,persistent,neutral,0.625,39.05949491454588
GRP.IR,Greencoat Renewables PLC,Utilities,843321216.0,15.64,9.309524,0.789899,,7.107,102.599,-0.04496,-0.0234027867072421,-0.53378,,-0.043,16524250.0,1956465024.0,,,-38744000.0,1130444032.0,44607000.0,0.99,2239776000.0,,,,-52417000.0,73118000.0,,,1113335009.0,0.0210885344436684,,,,0.5047129712971297,0.4871785748566019,-0.0172981583872673,0.0256713975063796,1113535009.0,37956000.0,0.782,[],{},0.0195942538696903,,,,0.0639386189258312,,,0.8,16,20,0.7333333333333334,1.0,22.0,0.29345,0.29345,0.0454545454545454,0.0,0.8462,0.0454545454545454,22.0,1,5,cheapness,0.25315,False,0.45,0.8462,hold,2,2,stable,0.0948,building,insufficient_data,0.0,
LNZ.VI,Lenzing Aktiengesellschaft,Consumer Cyclical,895941776.0,,-27.5826,1.9205298,,1.302,162.339,-0.110410005,-0.0373219213135566,-0.07083,0.001,,262846368.0,2824041728.0,371087008.0,28675000.0,2602432000.0,2149199872.0,592400000.0,12.08,4609409000.0,1633958000.0,,1198651000.0,-172032000.0,419745000.0,0.1300233781324545,,38618180.0,-0.0256894917237684,0.190718638626554,1.363164090298177,1.4813238570377336,0.3617407350920693,0.3674151288925253,0.5645912523709655,0.5352651572843656,38618180.0,135823000.0,23.2,[],{},0.2933743855248022,7.610187549330749,98.48445433304272,0.0101538867912931,,,0.0084072220896352,0.9,18,20,0.6544117647058824,2.0,22.0,0.2400909090909091,0.2400909090909091,0.0909090909090909,0.0,1.0,0.0909090909090909,22.0,1,5,cheapness,0.18822,False,0.45,0.8048,hold,2,3,stable,0.1149,building,neutral,0.5,45.49099853024832
CTT.LS,"CTT - Correios De Portugal, S.A.",Industrials,863729856.0,21.241936,11.288636,2.7902544,2.9,0.571,143.955,0.13203,0.0081411385032801,0.0299,0.101,-0.5,82756160.0,-755751808.0,118307200.0,110650435.0,1231803702.0,580184320.0,2293176064.0,2.36,6228784092.0,2825578138.0,,4921158499.0,50709394.0,,0.0819535992919105,,132624875.0,0.0079765146571827,0.0770995491040807,0.5741693015118634,0.6648206995614718,0.0899884683304254,0.0839309718165889,0.1977598972457689,0.186350620743776,134647953.0,20003043.0,6.585,[],{},0.0958125499832206,-6.388045765600065,-6.83008438240663,-0.1464110754730738,0.0470766883018572,,0.0846193555650298,0.95,19,20,0.7170731707317074,5.0,22.0,0.4539818181818181,0.4539818181818181,0.2272727272727272,0.0,0.9691,0.2272727272727272,22.0,3,5,"cheapness,dividend,garp",0.4722466666666666,False,0.46665,0.7841,hold,2,3,stable,0.3744,building,wait,0.25,74.51380320947496
OIZ.IR,Origin Enterprises plc,Basic Materials,483691104.0,12.162162,8.184497,1.1892178,3.98,1.455,101.471,0.09328,0.03585,0.017760001,0.025,,27828250.0,831891840.0,97097000.0,,2130080000.0,411907008.0,62771000.0,3.784,1402316000.0,836957000.0,,722288000.0,,569000.0,,,106630740.0,,0.1681751145450875,1.158758002348094,1.0461297159492795,0.1838087848958437,,1.5189728991183158,,111761891.0,,4.5,[],{},0.0575331027795789,8.567636899183292,,,0.0822222233185185,,,0.9,18,20,0.741159420289855,5.0,22.0,0.3761227272727273,0.3761227272727273,0.2272727272727272,0.0,0.8,0.2272727272727272,22.0,2,5,"cheapness,dividend",0.3505716666666666,False,0.4,0.7506,hold,2,2,stable,0.2014,building,neutral,0.5,48.24379167063089
COR.LS,"Corticeira Amorim, S.G.P.S., S.A.",Basic Materials,925650624.0,17.121952,13.764706,1.2821918,5.0,24.665,7.786,0.062340003,0.0458888944861809,0.05274,-0.036,-0.629,,,130036000.0,82599000.0,860967000.0,63600000.0,,5.475,1210903000.0,686388000.0,,222293000.0,55567000.0,,0.546328721077579,,133000000.0,0.0511667207460905,0.5284662018761295,3.0877625476285804,2.322499249023731,0.1163222818012673,0.199915724192002,0.7110123601973073,0.6893739070939969,133000000.0,5874000.0,7.02,[],{},,,,,0.0584045557422424,,0.0835506418102183,0.85,17,20,0.7119800489365707,4.0,22.0,0.488709090909091,0.488709090909091,0.1818181818181818,0.0,1.0,0.1818181818181818,22.0,3,5,"cheapness,dividend,garp",0.5320416666666666,False,0.4,0.7506,hold,2,3,stable,0.3263,building,neutral,0.5,71.0955911463131
A5G.IR,AIB Group plc,Financial Services,22595338240.0,11.239584,10.989122,1.6020787,5.99,,,0.15133001,0.0144514718091676,0.49098998,0.02,0.082,,-7198661120.0,,,4508000000.0,12490999808.0,42274000896.0,6.735,148151000000.0,,,,2141000000.0,8603000000.0,,,2136766718.0,0.0166635991675279,,,,0.0745860642182638,0.0758639729304999,0.0304284142530256,0.034792519077485,2328438575.0,1181000000.0,10.79,[],{},,,,,0.0889712644169036,,,0.7,14,20,0.7064942255972158,9.0,22.0,0.544009090909091,0.544009090909091,0.4090909090909091,0.0,1.0,0.4090909090909091,22.0,4,5,"cheapness,quality,dividend,garp",0.6014649999999999,False,0.53335,0.7326,hold,2,2,stable,0.3022,building,neutral,0.375,54.78864454957643
RENE.LS,"REN - Redes Energéticas Nacionais, SGPS, S.A.",Utilities,2328217600.0,11.7,14.845203,1.4904459,4.49,0.323,154.408,0.12358,0.0296840576700578,0.16826001,0.232,0.125,13149625.0,4712953856.0,507753984.0,240480000.0,1019640000.0,2402778880.0,18043000.0,2.355,5383799000.0,358557000.0,,1472825000.0,159813000.0,,0.6449805813816641,,663309888.0,0.0284730143735402,0.6754599943876849,0.2434484748697231,0.3838103768300427,0.4687270085677418,0.4726646964268712,0.1893904285802646,0.1776350401484587,663309888.0,61530000.0,3.51,[],{},0.0056479364299969,9.281963321827918,19.59811151031271,0.0510253245305697,0.0854700854700854,,0.0614885192282024,0.95,19,20,0.7319444444444445,9.0,22.0,0.4907818181818182,0.4907818181818182,0.4090909090909091,0.0,1.0,0.4090909090909091,22.0,3,5,"cheapness,dividend,garp",0.5093066666666666,False,0.2,0.7292,hold,2,2,stable,0.3123,building,neutral,0.625,43.095465310169374
MONT.BR,Montea Comm. VA,Real Estate,1535616384.0,9.50938,11.803838,0.7962976,5.89,0.479,72.102,0.07979,0.0500484831651674,0.80014,0.111,-0.378,70559752.0,2866547456.0,145216992.0,132215000.0,167148000.0,1341933056.0,11112000.0,82.758,3261957000.0,59446000.0,,73712000.0,163256000.0,119877000.0,0.8647246751382008,,23293966.0,0.0594531454448717,0.8695325877081133,0.8064629911004992,0.7910403969005482,0.3584636462099286,0.3192723163763477,0.0512416319405804,0.0475711817320007,23007385.0,25394000.0,65.9,[],{},0.0459488142580276,19.7397523287082,21.68095492947094,0.0461234296760932,0.1051593268961804,,0.041469523201636,1.0,20,20,0.66,7.0,22.0,0.5789772727272727,0.5789772727272727,0.3181818181818182,0.0,1.0,0.3181818181818182,22.0,3,5,"cheapness,dividend,garp",0.5863383333333333,False,0.46665,0.7183,hold,2,4,stable,0.4135,persistent,neutral,0.375,40.754227498711195
AGS.BR,ageas SA/NV,Financial Services,15420078099.8,8.10781,8.623655,1.4888889,6.04,7.271,77.615,0.18818001,0.0159890915543601,0.18157,0.195,1.085,-1145374976.0,-1791302144.0,1264000000.0,2460000000.0,9044000000.0,8928000000.0,27000000512.0,49.5,107073000000.0,,,,1712000000.0,2898000000.0,,,190727286.0,0.0113554415722919,,,,0.0665620651331334,0.0482352343710324,0.0844657383280565,0.0877253567619724,182106172.0,288000000.0,73.7,[],{},-0.0742781566077058,-1.417169417721519,-0.7281716032520326,-1.37330266043605,0.1233378680556155,,,0.95,19,20,0.690305784047234,13.0,22.0,0.6738318181818181,0.6738318181818181,0.5909090909090909,0.0,1.0,0.5909090909090909,22.0,4,5,"cheapness,quality,dividend,garp",0.7718433333333333,False,0.73335,0.6977,hold,2,5,stable,0.5274,persistent,neutral,0.5,63.24997990330129
IBS.LS,"Ibersol, S.G.P.S., S.A.",Consumer Cyclical,415110048.0,26.05,21.395426,1.3273885,6.74,1.05,89.56,0.04976,0.0220576729470186,0.03026,0.047,,84278544.0,588552000.0,63330688.0,30827988.0,529515952.0,280039712.0,106561640.0,7.85,689395116.0,163492213.0,,153888077.0,15206452.0,,0.4861664375316119,,40020861.0,0.0181954612519557,0.4775529769980633,1.062409877277237,1.0594953534384632,0.4183309270789786,0.4183059880826967,0.7680877623159721,0.6230327130236472,41138935.0,17025436.0,10.42,[],{},0.2030269910498529,9.293314482861769,19.0914827136951,0.0523793785425926,0.0383877159309021,,0.0575678483285072,0.95,19,20,0.6219485294117646,3.0,22.0,0.3574863636363636,0.3574863636363636,0.1363636363636363,0.0,1.0,0.1363636363636363,22.0,2,5,"cheapness,dividend",0.3267766666666666,False,0.36665,0.6932,hold,2,2,stable,0.1874,building,neutral,0.375,67.76709551490198
RBI.VI,Raiffeisen Bank International AG,Financial Services,20242012423.5,8.598327,9.66507,0.9905365,2.55,,,0.12172,0.0065203433762157,0.27903998,0.018,,,18384513024.0,,,9149000000.0,34724999168.0,37979000832.0,62.239,210265000000.0,,,,1371000000.0,9071000000.0,,,328240854.0,0.0057893130382134,,,,0.1051482652842841,0.1104222645871174,0.0435117589708225,0.0444631250281459,328414347.0,3953000000.0,61.65,[],{},,,,,0.1163016945040587,,,0.7,14,20,0.6591772015360057,5.0,22.0,0.4960590909090909,0.4960590909090909,0.2272727272727272,0.0,1.0,0.2272727272727272,22.0,2,5,"cheapness,dividend",0.427795,False,0.53335,0.6876,hold,2,3,stable,0.165,building,neutral,0.375,59.079755026175256
INDU-C.ST,AB Industrivärden (publ),Financial Services,233225519104.0,3.710575,,1.0398072,1.63,1.974,2.799,0.32275,0.1779839115133232,0.99306,11.979,12.356,39464251392.0,235575525376.0,63187001344.0,,35529000000.0,6279000064.0,3928999936.0,519.327,198900000000.0,,,,35401000000.0,,,,431899108.0,0.0755715343637275,,,,0.0366214177978883,0.0465170445044313,0.1786274509803921,0.0760552781825565,431899108.0,164000000.0,540.0,[],{},0.1692106916241961,3.7282276475424063,,,0.2695000101062504,,,0.85,17,20,0.7455415993035692,13.0,22.0,0.6981,0.6981,0.5909090909090909,0.0,1.0,0.5909090909090909,22.0,4,5,"cheapness,quality,dividend,garp",0.7220566666666667,False,0.46665,0.6847,hold,2,3,stable,0.4255,building,neutral,0.625,59.16191084961499
DBK.DE,Deutsche Bank Aktiengesellschaft,Financial Services,64712761344.0,10.468084,8.9978285,0.82097733,2.89,,,0.08891,0.0048297396567547,0.22715001,0.087,0.188,,-25263239168.0,,,32099000000.0,544725991424.0,636277030912.0,41.95,1435067000000.0,,,,6931000000.0,47064000000.0,,,1939573264.0,0.0024265108201765,,,,0.1145953464193657,0.1092074046787107,0.0223675967742272,0.0216605379126095,1983625755.0,28768000000.0,34.44,[],{},,,,,0.0955284653810573,,,0.7,14,20,0.6301469847981476,8.0,22.0,0.5703590909090909,0.5703590909090909,0.3636363636363636,0.0,1.0,0.3636363636363636,22.0,3,5,"cheapness,dividend,garp",0.5985383333333333,False,0.53335,0.6791,hold,2,6,stable,0.2749,persistent,neutral,0.375,71.56451912918128
ASRNL.AS,ASR Nederland N.V.,Financial Services,14261647360.0,13.766538,10.991402,1.3613714,5.06,6.691,214.978,0.122250006,0.0038550555395319,0.06621,0.177,6.478,5933624832.0,-55604350976.0,7386999808.0,6364000000.0,13109000000.0,22549000192.0,92428001280.0,51.977,142151000000.0,,,,548000000.0,-569000000.0,,,204558568.0,0.0069128746879104,,,,0.0627079654733347,0.0771528769970125,0.0922188377148243,0.1295045532608852,208902381.0,5668000000.0,70.76,[],{},0.416054659200324,-7.527325358230198,-8.737327306096795,-0.1144514752585968,0.0726399040920818,,,0.95,19,20,0.6316889335015191,11.0,22.0,0.5934863636363636,0.5934863636363636,0.5,0.0,1.0,0.5,22.0,4,5,"cheapness,quality,dividend,garp",0.6678633333333333,False,0.53335,0.6788,hold,2,5,stable,0.498,persistent,neutral,0.375,73.83156251940902
SON.LS,"Sonae, SGPS, S.A.",Consumer Defensive,3909004032.0,18.272728,11.258613,1.2007169,3.07,0.7546151157295762,92.553,0.08696,0.0175387010504627,0.018660001,0.05,0.282,,,685756032.0,366885000.0,11360072000.0,3592000000.0,,1.674,11358994000.0,2478313000.0,,3284208000.0,199222000.0,,0.3192650539538834,,1944778067.0,0.0196447768396934,0.3180865959697873,0.7546151157295762,0.762961464744238,0.3341220181998511,0.3464312040206219,1.000094902770439,0.8775870975198431,1938334607.0,184548000.0,2.01,[],{},,,,,0.0547263659810401,,0.0454358790437294,0.85,17,20,0.6024332810047096,5.0,22.0,0.3978863636363636,0.3978863636363636,0.2272727272727272,0.0,1.0,0.2272727272727272,22.0,3,5,"cheapness,dividend,garp",0.4294283333333333,False,0.1,0.6762,hold,2,2,stable,0.2445,building,neutral,0.625,46.67010470132039
MBG.DE,Mercedes-Benz Group AG,Consumer Cyclical,43649470464.0,8.635417,6.6247826,0.45950198,7.84,1.321,110.208,0.055960003,0.0201240086743441,0.03885,-0.033,0.2,-3902625024.0,128845987840.0,12000000000.0,4870000000.0,132214000000.0,102230999040.0,16542999552.0,99.227,255466000000.0,102132000000.0,,73768000000.0,5141000000.0,18006000000.0,0.1689155460087434,,957330201.0,0.0385155277159352,0.1962718243883676,1.3845027654267432,1.3600486461925,0.3220271973569868,0.3510886381645975,0.5175404946255079,0.5493905890343761,962903703.0,398000000.0,45.595,[],{},-0.0894083016933435,10.737165653333332,26.457081691991785,0.0377970636233355,0.1158021668206642,,0.0268027165956697,1.0,20,20,0.6089338235294118,8.0,22.0,0.5585454545454547,0.5585454545454547,0.3636363636363636,0.0,1.0,0.3636363636363636,22.0,3,5,"cheapness,dividend,garp",0.6417900000000001,False,0.63335,0.6721,hold,2,6,stable,0.3843,persistent,neutral,0.625,58.57986735636438
BAYN.DE,Bayer Aktiengesellschaft,Healthcare,47627919360.0,,10.10539,1.6099359,0.22,1.043,129.362,-0.056900002,-0.0346275623917888,-0.0383,0.012,,6562999808.0,81100718080.0,10133000192.0,6139000000.0,45575000000.0,38430998528.0,5081999872.0,30.113,104541000000.0,32911000000.0,,32585000000.0,-3620000000.0,5930000000.0,0.587558968732858,,982424082.0,-0.0230221019395579,0.5436209930051925,1.0100046033450971,1.1896932854379665,0.3486957270353258,0.3671357690572846,0.4359533580126457,0.4204420387911592,982424082.0,2265000000.0,48.48,[],{},0.1377973234226959,8.003623462282079,13.210737592441763,0.0756960005452025,,,0.0853160264606148,0.95,19,20,0.611965811965812,3.0,22.0,0.3441136363636363,0.3441136363636363,0.1363636363636363,0.0,1.0,0.1363636363636363,22.0,1,5,cheapness,0.2745066666666667,False,0.55,0.6684,hold,2,6,stable,0.1216,persistent,neutral,0.375,53.479919440032454
ISP.MI,Intesa Sanpaolo S.p.A.,Financial Services,117682528256.0,12.0375,10.355634,1.724041,5.54,,,0.14261,0.0097105180088906,0.36964,0.064,0.139,,247047585792.0,,,28529000000.0,265553002496.0,137623994368.0,3.91,959887000000.0,,,,9321000000.0,8235000000.0,,,17387732025.0,0.0092854808552585,,,,0.1451347919077975,0.1570452755589128,0.0297212067670465,0.0296651076573608,17778041443.0,10448000000.0,6.741,[],{},,,,,0.083073727933541,,,0.7,14,20,0.6350296989831875,8.0,22.0,0.5122727272727273,0.5122727272727273,0.3636363636363636,0.0,1.0,0.3636363636363636,22.0,3,5,"cheapness,dividend,garp",0.59344,False,0.53335,0.6679,hold,2,6,stable,0.2736,persistent,wait,0.25,56.23452915605909
JMT.LS,"Jerónimo Martins, SGPS, S.A.",Consumer Defensive,11311816704.0,17.647058,13.517979,3.6847491,3.58,0.4,179.213,0.19981001,0.0378707937624575,0.01727,0.04,-0.025,,16180363264.0,2006000000.0,1229000000.0,35991000000.0,6008999936.0,1587000064.0,4.885,17058000000.0,5606000000.0,,9009000000.0,646000000.0,2425000000.0,0.2065516379094773,,628434220.0,0.0391631252043151,0.2047274683241692,0.6222666222666222,0.6105356240525518,0.3266502520811349,0.3224583197123243,2.1099190995427364,2.1879045439686173,628434220.0,364000000.0,18.0,[],{},,8.065983680957128,13.165470515866556,0.0759562674797558,0.0566666693111112,,0.152689775127345,0.95,19,20,0.6480082417582417,4.0,22.0,0.4885318181818183,0.4885318181818183,0.1818181818181818,0.0,1.0,0.1818181818181818,22.0,3,5,"cheapness,dividend,garp",0.5475683333333333,False,0.63335,0.6607,hold,2,2,stable,0.2797,building,neutral,0.5,60.780115849324034
EGL.LS,"Mota-Engil, SGPS, S.A.",Industrials,1478660083.8200002,10.954546,7.674793,4.6841593,3.73,1.085,347.843,0.27098,0.0155877127779409,0.025109999,-0.206,-0.018,-242518496.0,4824521216.0,759441984.0,577113000.0,5301427000.0,3420442880.0,742160000.0,1.029,8540124000.0,4913144000.0,,4530141000.0,133121000.0,,0.7714283342956528,,306775950.0,0.0156665124975323,0.7422486697001502,1.0845454920718802,0.9324652305839808,0.3682707651551664,0.3590252662865303,0.6207669818377345,0.759895577014378,300684369.0,319139000.0,4.82,[],{},-0.1640123370162754,6.352718598185902,8.359751410902197,0.1196207818686893,0.0912863025085658,,0.1439190639960319,0.95,19,20,0.6389024390243903,7.0,22.0,0.4749863636363636,0.4749863636363636,0.3181818181818182,0.0,1.0,0.3181818181818182,22.0,3,5,"cheapness,dividend,garp",0.4631883333333333,False,0.2,0.6499,hold,2,2,stable,0.2755,building,neutral,0.5,66.64227826615331
NDA-FI.HE,Nordea Bank Abp,Financial Services,59373723648.0,12.770074,11.130268,1.9053583,7.44,,,0.15337,0.0073966531672652,0.4058,0.015,0.029,,233032777728.0,,,11719000000.0,240998006784.0,67302998016.0,9.182,654350000000.0,,,,4840000000.0,-3164000000.0,,,3419853669.0,0.0081157606821153,,,,0.3157041338733093,0.316530708825629,0.0179093757163597,0.0193132324277498,3487931963.0,10083000000.0,17.495,[],{},,,,,0.0783080818482336,,,0.7,14,20,0.6211761660266644,6.0,22.0,0.4611863636363636,0.4611863636363636,0.2727272727272727,0.0,1.0,0.2727272727272727,22.0,4,5,"cheapness,quality,dividend,garp",0.5123033333333333,False,0.36665,0.6462,hold,2,6,stable,0.3549,persistent,neutral,0.5,65.62172842973521
SEM.LS,"Semapa - Sociedade de Investimento e Gestão, SGPS, S.A.",Basic Materials,1653296128.0,35.084747,10.629722,0.68738794,3.03,0.5699843898814456,47.563,,0.0295447549719161,0.31453,-0.297,0.139,,2117479296.0,276649312.0,186108509.0,2114924032.0,1321991296.0,1232097664.0,30.114,5300414241.0,1005930826.0,,1764839255.0,156599440.0,,0.5532447569256237,,79869373.0,0.043666372266753,0.5816929726566004,0.5699843898814456,1.1354697840801595,0.2452282861112326,0.3273181922974902,0.3990110840093488,0.4031563884701166,79869373.0,43076567.0,20.7,[],{},,7.654019743233628,11.377659771590562,0.0878915365791609,0.0285024144537795,,0.0526388238792681,0.85,17,20,0.6339520986260118,6.0,22.0,0.5429045454545455,0.5429045454545455,0.2727272727272727,0.0,1.0,0.2727272727272727,22.0,3,5,"cheapness,dividend,garp",0.4941666666666666,False,0.4,0.6456,hold,2,2,stable,0.2447,building,neutral,0.375,57.376341010430316
SHB-A.ST,Svenska Handelsbanken AB (publ),Financial Services,295101562880.0,12.307692,12.900964,1.5806541,5.46,,,0.12749,0.0070041439783018,0.42583,-0.038,-0.061,,1308343140352.0,,,56805000000.0,1673300934656.0,656419979264.0,93.126,3387566000000.0,,,,23727000000.0,-46294000000.0,,,1980028494.0,0.0077563317758131,,,,0.4977727371215793,0.5196459737910523,0.0167686769792824,0.0176069381180292,1980028494.0,86836000000.0,147.2,[],{},,,,,0.08125000203125,,,0.7,14,20,0.5863391868375257,5.0,22.0,0.457340909090909,0.457340909090909,0.2272727272727272,0.0,1.0,0.2272727272727272,22.0,3,5,"cheapness,dividend,garp",0.5097433333333333,False,0.36665,0.6397,hold,2,4,stable,0.2575,persistent,neutral,0.5,59.184891761045186
INVE-B.ST,Investor AB (publ),Financial Services,1271058638904.9,4.8418717,,1.1705525,1.35,2.236,11.589,0.27254,0.1428119335477558,0.80067,1.17,1.589,166005374976.0,1377143619584.0,271980494848.0,,216578000000.0,125865000960.0,20027000832.0,354.448,1102807000000.0,,,,157494000000.0,,,,3063309055.0,0.1190412671071012,,,,0.1045622670149899,0.1039155962146435,0.1963879445814181,0.1774086483420685,3063031333.0,4056000000.0,414.9,[],{},0.1306040255696027,5.063391109548629,,,0.206531701366643,,,0.85,17,20,0.7038442861288278,13.0,22.0,0.6957409090909091,0.6957409090909091,0.5909090909090909,0.0,1.0,0.5909090909090909,22.0,4,5,"cheapness,quality,dividend,garp",0.7081933333333333,False,0.46665,0.6377,hold,2,3,stable,0.3991,building,neutral,0.5,61.24133265661025
AED.BR,Aedifica NV/SA,Real Estate,5705153024.0,5.948651,12.410958,0.8566343,5.8,0.11,67.042,0.11067,0.0377380512922172,1.56908,0.234,4.811,,11524249600.0,329408256.0,312073000.0,370191000.0,5026493952.0,44999000.0,79.789,6477123000.0,133882000.0,,618918000.0,244434000.0,317846000.0,0.9415598974583392,,47549264.0,0.0316888269235053,0.9379692923552976,0.216316216364688,0.3187087138836234,0.3968322046686469,0.4013976865706739,0.0571536158877946,0.0537964833200904,47542052.0,66909000.0,68.35,[],{},,34.984701779909244,36.92805721738183,0.0270796807455472,0.1681053401855311,,0.0532710958390838,0.95,19,20,0.6666666666666666,9.0,22.0,0.6835681818181818,0.6835681818181818,0.4090909090909091,0.0,1.0,0.4090909090909091,22.0,4,5,"cheapness,quality,dividend,garp",0.754105,False,0.63335,0.6354,hold,2,5,stable,0.4948,persistent,neutral,0.5,45.86195334379553
GBLB.BR,Groupe Bruxelles Lambert SA,Financial Services,8696402944.0,,25.865725,0.8166452,7.0,2.453,63.222,-0.038340002,-0.0252225220102196,-0.09307,,,-54025000.0,14558659584.0,917900032.0,394600000.0,6433600000.0,7803800064.0,3624399872.0,89.635,24795300000.0,7132900000.0,,2684200000.0,-625400000.0,747100000.0,0.4895548371051977,,120855203.0,0.0048199179557427,0.4551833863674426,2.6573653230012666,1.9550379198266523,0.3303771279234371,0.3032686548676435,0.2594685283098006,0.2175338632935741,125509357.0,249500000.0,73.2,[],{},-0.0062123386356279,15.86083350741184,36.89472778509884,0.0271041436008069,,,0.0178462401237387,0.95,19,20,0.5641213779380674,0.0,22.0,0.3969227272727272,0.3969227272727272,0.0,0.0,1.0,0.0,22.0,0,5,,0.372695,False,0.55,0.6349,hold,2,5,stable,0.0,persistent,neutral,0.625,38.34534027870614
NN.AS,NN Group N.V.,Financial Services,20085364736.0,11.39233,8.868274,0.96200067,5.22,70.576,62.156,0.08754,0.0057976106816584,0.13278,-0.045,1.997,-3256750080.0,-33514016768.0,5029000192.0,2709000000.0,8574000000.0,13118000128.0,66938998784.0,80.291,204912000000.0,,,,1188000000.0,-2346000000.0,,,262188873.0,0.0075246583481877,,,,0.0668042867182009,0.0548021390374331,0.0418423518388381,0.0529055258467023,267425797.0,1200000000.0,77.24,[],{},-0.1621454289133602,-6.664151021770333,-12.371360933185676,-0.0808318507075111,0.0877783561396132,,,0.95,19,20,0.5657668141252273,11.0,22.0,0.6348000000000001,0.6348000000000001,0.5,0.0,1.0,0.5,22.0,3,5,"cheapness,dividend,garp",0.6757916666666667,False,0.46665,0.6293,hold,2,5,stable,0.3406,persistent,neutral,0.625,53.83319571315265
IR5B.IR,Irish Continental Group plc,Industrials,1086777472.0,15.574469,13.382085,3.8304553,2.27,0.838,92.704,0.25255,0.1048138818919675,0.10353,0.161,0.069,33975000.0,1312868608.0,145800000.0,85600000.0,666700000.0,263000000.0,36800000.0,1.911,714600000.0,132400000.0,,223400000.0,74900000.0,149900000.0,0.7577621118944052,,148432980.0,0.0937255515568768,0.7436237164624048,0.5926589077887198,1.0320460147904684,0.4097397145256087,0.3184165232358003,0.932969493422894,0.9447660772961978,164580565.0,10200000.0,7.32,[],{},0.0312621496813654,9.004585788751715,15.337250093457945,0.065200736371023,0.0642076465014633,,0.1742671009771987,1.0,20,20,0.6148780487804879,5.0,22.0,0.5046818181818182,0.5046818181818182,0.2272727272727272,0.0,1.0,0.2272727272727272,22.0,4,5,"cheapness,quality,dividend,garp",0.573815,False,0.63335,0.6137,hold,2,2,stable,0.3686,building,neutral,0.625,48.19498655669638
IRES.IR,Irish Residential Properties REIT Plc,Real Estate,568495360.0,6.775,16.9375,0.7809798,4.54,0.329,76.089,0.11695,0.0392015342745525,0.94817,0.011,1.94,19669250.0,1115044352.0,53999000.0,53872000.0,85465000.0,553889024.0,7340000.0,1.388,1269134000.0,19436000.0,,23764000.0,49752000.0,57082000.0,0.7802843269174516,,524442218.0,-0.0053108679482436,0.7675934938374398,0.8178757784884699,0.7623492119397728,0.4323365381433324,0.4504102876189794,0.0673411948620082,0.0678360758763608,529578946.0,23305000.0,1.084,[],{},0.034598787226689,20.64935187688661,20.69803148203148,0.0483137732623571,0.1476014760147601,,0.0432578269911753,1.0,20,20,0.6466666666666668,9.0,22.0,0.6620454545454546,0.6620454545454546,0.4090909090909091,0.0,1.0,0.4090909090909091,22.0,4,5,"cheapness,quality,dividend,garp",0.7222216666666668,False,0.53335,0.5967,hold,2,2,stable,0.373,building,neutral,0.5,49.428902034045684
RYA.IR,Ryanair Holdings plc,Industrials,24019941376.0,12.9329605,12.113189,2.5375423,1.63,0.79,1.919,0.22408001,0.1100735781888523,0.12132,0.011,-0.331,-217737504.0,21435879424.0,3421600000.0,2374200000.0,15544300000.0,181900000.0,2803500032.0,9.123,19747700000.0,7744900000.0,,8572800000.0,2173700000.0,3694900000.0,0.2258062440894733,,1043931708.0,0.092054606728737,0.1900132630748826,0.9034271183277344,0.7371332548326955,0.0755277829823219,0.1532358485177357,0.7871448320563914,0.7967384474781516,1063868001.0,37800000.0,23.15,[],{},-0.0090648640890338,6.264870067804536,9.02867467947098,0.1107582270378794,0.0773218166095844,,0.2124582770315618,1.0,20,20,0.5867073170731707,9.0,22.0,0.6118772727272728,0.6118772727272728,0.4090909090909091,0.0,1.0,0.4090909090909091,22.0,4,5,"cheapness,quality,dividend,garp",0.6370683333333333,False,0.73335,0.5952,hold,2,2,stable,0.3546,building,neutral,0.625,43.627775483958914
SOLB.BR,Solvay SA,Basic Materials,2653740544.0,846.6667,9.920014,2.543561,9.51,1.15,201.26,0.00778,0.0048756704046806,0.00087,-0.059,3.178,303875008.0,4584154112.0,587000000.0,476000000.0,4746000000.0,2236000000.0,376000000.0,9.986,6153000000.0,2156000000.0,,1845000000.0,30000000.0,682000000.0,0.2113358617783396,,104477978.0,0.0333134149985061,0.223391812865497,1.1685636856368564,1.2981991525423728,0.3463351210791484,0.2809979085748431,0.7713310580204779,0.7663579324768449,104465072.0,125000000.0,25.4,[],{},0.1145081830577028,7.809461860306644,9.630575865546218,0.1038359506182326,0.0011811023157046,,0.1104921077065923,1.0,20,20,0.4845158102766798,7.0,22.0,0.4465136363636364,0.4465136363636364,0.3181818181818182,0.0,1.0,0.3181818181818182,22.0,4,5,"cheapness,dividend,garp,risk",0.504175,True,0.9,0.5651,hold,2,3,stable,0.3674,building,neutral,0.625,44.558490427694075
SKF-B.ST,AB SKF (publ),Industrials,125786529792.0,27.917088,15.390189,2.1845775,2.81,2.191,34.361,0.083050005,0.0369002649828043,0.05032,0.001,1.451,3148875008.0,136154431488.0,10400000000.0,6879000000.0,91583000000.0,20572000256.0,12460999680.0,126.386,106422000000.0,54536000000.0,,25757000000.0,3927000000.0,8392000000.0,0.2677898736665101,,455351068.0,0.0542152026998735,0.2772735560462713,2.117327328493225,2.050640472555917,0.1407979553099922,0.1678376726152094,0.8605645449249215,0.826727408238634,455351068.0,902000000.0,276.1,[],{},0.0250334834199414,13.09177225846154,19.792765153074576,0.0505235116097288,0.0358203549023451,,0.085278621459121,1.0,20,20,0.4904878048780487,6.0,22.0,0.5132,0.5132,0.2727272727272727,0.0,1.0,0.2727272727272727,22.0,4,5,"quality,dividend,garp,risk",0.6497916666666667,True,1.0,0.5527,hold,2,1,deteriorating,0.2608,new,neutral,0.5,71.39796558714505
MC.PA,"LVMH Moët Hennessy - Louis Vuitton, Société Européenne",Consumer Cyclical,220552642560.0,20.410583,17.573181,3.2397754,2.86,1.631,53.306,0.16586,0.0765856783795771,0.13658,-0.029,0.008,11537125376.0,247148593152.0,20053999616.0,17668000000.0,80807000000.0,37150998528.0,12213999616.0,138.096,142037000000.0,48179000000.0,,30416000000.0,10878000000.0,18875000000.0,0.6624178598388754,,496391012.0,0.0841209196326831,0.6703195484282374,1.584001841136244,1.4088022317188984,0.2586016319691348,0.2761780280179636,0.5689151418292416,0.5676117702258865,499372818.0,1151000000.0,447.4,[],{},0.0523100754635546,12.324154676596958,13.988487273715192,0.0714873581705315,0.0489941909057668,,0.1582856272565198,1.0,20,20,0.5409558823529412,9.0,22.0,0.5341045454545456,0.5341045454545456,0.4090909090909091,0.0,1.0,0.4090909090909091,22.0,5,5,"cheapness,quality,dividend,garp,risk",0.628465,True,1.0,0.55,hold,2,2,stable,0.4091,building,neutral,0.625,46.82303838680521
KMR.IR,Kenmare Resources plc,Basic Materials,206010224.0,,,0.3087611,9.59,3.067,26.196,-0.28888,-0.2932698640691906,-0.85454005,-0.111,,-54677500.0,380701344.0,14850000.0,951000.0,328573000.0,204682000.0,30990000.0,7.5139003,1108358000.0,231669000.0,,71489000.0,-325048000.0,101962000.0,0.0558901674818076,,88648620.0,0.0495608785941393,0.2299618803752649,3.240624431730756,5.891507327568709,0.185525795816875,0.0605253570749374,0.296450244415613,0.3167654330228157,88433446.0,13466000.0,2.32,[],{},-0.2654115846211594,25.63645414141414,400.3168706624606,0.0024980211259774,,,0.0009171843309039,0.95,19,20,0.4757246376811594,1.0,22.0,0.4178636363636363,0.4178636363636363,0.0454545454545454,0.0,1.0,0.0454545454545454,22.0,1,5,cheapness,0.389535,False,0.55,0.5483,hold,2,2,stable,0.073,building,neutral,0.625,44.67409480450701
ASSA-B.ST,ASSA ABLOY AB (publ),Industrials,396102840704.4,24.159891,19.645144,3.5622954,1.8,1.015,64.103,0.15566,0.0705520441904103,0.10823,0.033,0.159,18395125760.0,463793717248.0,28960999424.0,23601000000.0,152409000000.0,71387996160.0,3868999936.0,100.104,208371000000.0,49395000000.0,,47920000000.0,14701000000.0,21412000000.0,0.4262806002270207,,1110776334.0,0.0699402965049976,0.4177355123133682,1.0307804674457428,1.104579048524837,0.3136376943048696,0.3287091075780953,0.7314309572829233,0.6715502783927014,1110776334.0,3316000000.0,356.6,[],{},0.0464402772958847,16.01442375858251,19.6514434662938,0.0508868471527398,0.0413909152156357,,0.147091635452568,1.0,20,20,0.5273170731707317,7.0,22.0,0.4875045454545455,0.4875045454545455,0.3181818181818182,0.0,1.0,0.3181818181818182,22.0,5,5,"cheapness,quality,dividend,garp,risk",0.590315,True,0.9,0.548,hold,2,2,stable,0.4032,building,neutral,0.375,55.66392500911529
SYENS.BR,Syensqo SA/NV,Basic Materials,8126731776.0,,18.050909,1.3102734,2.03,1.646,45.612,-0.01011,-0.0053894297635605,-0.0038800002,0.041,-0.524,534249984.0,10249732096.0,1130000000.0,512000000.0,5969000000.0,2791000064.0,701000000.0,60.827,11504000000.0,3296000000.0,,1574000000.0,-62000000.0,779000000.0,0.3092645334226838,,101948499.0,-0.0004041057140547,0.3354538401861908,2.094027954256671,1.707620528771384,0.2570410292072322,0.170855895902368,0.5188630041724618,0.520892265416633,103453099.0,154000000.0,79.7,[],{},0.0657398322875323,9.07055937699115,20.019008,0.0499525251201258,,,0.0515609264853977,0.95,19,20,0.4829951690821255,2.0,22.0,0.4196181818181818,0.4196181818181818,0.0909090909090909,0.0,1.0,0.0909090909090909,22.0,2,5,"cheapness,risk",0.3978483333333333,True,0.75,0.5458,hold,2,4,stable,0.1955,persistent,neutral,0.375,63.498733684579385
OMV.VI,OMV Aktiengesellschaft,Energy,21916913664.0,14.08805,8.889618,1.447527,4.65,1.224,37.636,0.087910004,0.023242263369157,0.105579995,0.397,1.189,7461875200.0,28901914624.0,5836000256.0,3576000000.0,24308000000.0,7997000192.0,4397000192.0,46.424,46338000000.0,21851000000.0,,11035000000.0,1077000000.0,5215000000.0,0.2328040151390489,,326001057.0,0.0297666605207629,0.2328395815835687,1.9801540552786587,1.7055714134686542,0.1725797401700548,0.1927150554155655,0.5245802581035004,0.5366193432077521,327215398.0,387000000.0,67.2,[],{},0.3404619516413312,4.952349786874307,8.082190890380312,0.1237288271909331,0.0709821444415657,,0.1012945075489335,1.0,20,20,0.5000000000000001,11.0,22.0,0.7190136363636364,0.7190136363636364,0.5,0.0,1.0,0.5,22.0,4,5,"cheapness,dividend,garp,risk",0.8146116666666666,True,1.0,0.5417,hold,2,1,deteriorating,0.2604,new,wait,0.25,59.809831858382665
SREN.SW,Swiss Re AG,Financial Services,41273995264.0,10.707727,11.093294,2.1010668,4.43,3.187,37.837,0.20356001,0.0353712865745819,0.11889,-0.052,0.01,1741124992.0,43415298048.0,6846000128.0,6510000000.0,46491000000.0,9443000320.0,7230000128.0,66.60902,134007000000.0,,,,4740000000.0,3069000000.0,,,294919585.0,0.025473752053384,,,,0.0637056273179759,0.0570703220177789,0.3469296380039848,0.3674948321530468,294070924.0,433000000.0,139.95,[],{},0.0421845518192091,6.341702780640088,6.669016597235023,0.149947145192981,0.0933905020178418,,,0.95,19,20,0.5771570996263199,10.0,22.0,0.6297909090909091,0.6297909090909091,0.4545454545454545,0.0,1.0,0.4545454545454545,22.0,4,5,"cheapness,quality,dividend,garp",0.6225533333333333,False,0.56665,0.5398,hold,2,4,stable,0.4244,persistent,neutral,0.5,62.67465029766347
C5H.IR,Cairn Homes plc,Consumer Cyclical,1599491200.0,12.261906,10.071576,1.9017726,3.88,5.121,27.724,0.16643,0.1016051337330728,0.14050001,0.337,0.498,-24723000.0,1767488896.0,169230000.0,168586000.0,944606000.0,231955008.0,55118000.0,1.354,1306184000.0,1282012000.0,,250330000.0,132715000.0,70622000.0,0.2210074888366154,,617728891.0,0.1068486584231961,0.2174291259968065,5.121287899972037,7.5268559896208735,0.1775821783148469,0.1757847508540189,0.7231798888977357,0.8019067727456278,616059762.0,15386000.0,2.575,[],{},-0.0154567902593024,10.444300041363825,10.484197359211322,0.0953816458940854,0.0815533898237354,,0.1596679086313069,1.0,20,20,0.5202573529411765,12.0,22.0,0.6355818181818181,0.6355818181818181,0.5454545454545454,0.0,1.0,0.5454545454545454,22.0,5,5,"cheapness,quality,dividend,garp,risk",0.7269766666666667,True,0.66665,0.5352,hold,2,1,deteriorating,0.3298,new,neutral,0.5,59.50101453588893
TELIA.ST,Telia Company AB (publ),Communication Services,170810818560.0,34.752,22.276922,3.4269485,4.75,0.661,169.141,0.105579995,0.0186260574580847,0.060349997,0.046,0.132,21041000448.0,254227824640.0,26616000512.0,10167000000.0,80982000000.0,90634002432.0,10958000128.0,12.676,189251000000.0,30855000000.0,,33630000000.0,3525000000.0,27602000000.0,0.6508236398211948,,3932109286.0,0.0346547740267878,0.6551843389118756,0.917484388938448,0.8120759672202903,0.4409170889453688,0.4620212265998277,0.427907910658332,0.3963587765332498,3932109286.0,3614000000.0,43.44,[],{},0.1231830666545808,9.551691454370827,25.005195695878825,0.0399916886139312,0.0287753222836095,,0.0653317996928435,1.0,20,20,0.4857142857142857,6.0,22.0,0.414540909090909,0.414540909090909,0.2727272727272727,0.0,1.0,0.2727272727272727,22.0,5,5,"cheapness,quality,dividend,garp,risk",0.5233166666666667,True,0.8,0.5286,hold,2,2,stable,0.3804,building,neutral,0.625,47.06256827664677
BN.PA,Danone S.A.,Consumer Defensive,41672908800.0,21.42384,15.309478,2.363643,3.42,0.967,98.519,0.121929996,0.0404916687004947,0.07132,0.014,0.124,2077500032.0,50789367808.0,4511000064.0,3717000000.0,27283000000.0,17426999296.0,8338999808.0,27.373,45071000000.0,13230000000.0,,14625000000.0,1825000000.0,3779000000.0,0.5061760070373492,,640172858.0,0.0446215667226,0.497041203974284,0.9046153846153846,0.9311098164870376,0.3198952763417719,0.3133224410491919,0.6053338066606022,0.6044334540316171,644157323.0,498000000.0,64.7,[],{},0.049852532300313,11.25900400962619,13.664075277912294,0.0731846085198666,0.0466769729422923,,0.1220850029560533,1.0,20,20,0.511080586080586,5.0,22.0,0.4850363636363636,0.4850363636363636,0.2272727272727272,0.0,1.0,0.2272727272727272,22.0,4,5,"cheapness,dividend,garp,risk",0.5715616666666666,True,0.8,0.5273,hold,2,6,stable,0.4154,persistent,neutral,0.625,33.1025840294176
BIRG.IR,Bank of Ireland Group plc,Financial Services,17700110336.0,13.903704,10.273335,1.3597509,4.42,,,0.10549,0.007287665580495,0.32707,0.133,0.356,,7939109888.0,,,4214000000.0,12227000320.0,21991000064.0,13.804,164799000000.0,,,,1201000000.0,3993000000.0,,,952193201.0,0.009461538936921,,,,0.0638110668147258,0.0770704455142664,0.0255705435105795,0.0275750403243249,1002662094.0,1876000000.0,18.77,[],{},,,,,0.0719232802999833,,,0.7,14,20,0.4731882182048295,5.0,22.0,0.499759090909091,0.499759090909091,0.2272727272727272,0.0,1.0,0.2272727272727272,22.0,3,5,"cheapness,dividend,garp",0.6057233333333334,False,0.53335,0.5211,hold,2,2,stable,0.1566,building,neutral,0.5,51.461827490982024
UCG.MI,UniCredit S.p.A.,Financial Services,124986298705.92,11.815864,10.021094,1.7748559,3.66,,,0.15779,0.0125425458322895,0.43967998,-0.092,-0.105,,180201226240.0,,,25039000000.0,247794008064.0,192975994880.0,47.001,870238000000.0,,,,10915000000.0,8525000000.0,,,1503078777.0,0.0123966204254059,,,,0.1493131763954228,0.1565349156381855,0.0287725886481629,0.0339016127468737,1541744210.0,12810000000.0,83.42,[],{},,,,,0.0846319829002771,,,0.7,14,20,0.5536055859976127,6.0,22.0,0.4820318181818182,0.4820318181818182,0.2727272727272727,0.0,1.0,0.2727272727272727,22.0,4,5,"cheapness,quality,dividend,garp",0.5138483333333334,False,0.36665,0.5199,hold,2,5,stable,0.3006,persistent,neutral,0.375,55.08465162258567
EL.PA,EssilorLuxottica Société anonyme,Healthcare,72363941888.0,29.439253,19.40035,1.8457751,2.51,0.889,38.359,0.06723,0.0362313170044604,0.085159995,0.057,0.123,3285750016.0,86481674240.0,5853000192.0,3377000000.0,28491000000.0,15315999744.0,1931000064.0,85.33,63895000000.0,12010000000.0,,10902000000.0,2315000000.0,5291000000.0,0.6055947492190517,,463190305.0,0.0366993886028096,0.6339595593783008,1.1016327279398277,1.106375949785266,0.2253384458877846,0.205603696386067,0.4459034353235777,0.4123897384837972,456708608.0,314000000.0,157.5,[],{},0.0454059014790192,14.77561445465266,25.6090240568552,0.0390487352341064,0.0339682532026203,,0.063725397694035,1.0,20,20,0.506497668997669,4.0,22.0,0.4471727272727273,0.4471727272727273,0.1818181818181818,0.0,1.0,0.1818181818181818,22.0,3,5,"dividend,garp,risk",0.5538016666666666,True,1.0,0.5197,hold,2,5,stable,0.3079,persistent,neutral,0.625,44.621762277580366
NDA-SE.ST,Nordea Bank Abp,Financial Services,657709465600.0,12.817461,141.45985,21.106512,7.34,,,0.15337,0.0073966531672652,0.4058,0.015,0.029,,831006310400.0,,,11719000000.0,240998006784.0,67302998016.0,9.182,654350000000.0,,,,4840000000.0,-3164000000.0,,,3419853669.0,0.0081157606821153,,,,0.3157041338733093,0.316530708825629,0.0179093757163597,0.0193132324277498,3487931963.0,10083000000.0,193.8,[],{},,,,,0.0780185716968438,,,0.7,14,20,0.5037932720656974,5.0,22.0,0.4376454545454546,0.4376454545454546,0.2272727272727272,0.0,1.0,0.2272727272727272,22.0,4,5,"cheapness,quality,dividend,garp",0.5031966666666666,False,0.36665,0.518,hold,2,3,stable,0.2503,building,neutral,0.625,66.37064890393157
AGN.AS,Aegon Ltd.,Financial Services,11715818496.0,12.138462,8.60208,1.3141239,5.27,1.164,42.673,0.110690005,0.003079755258753,0.086219996,-0.082,0.079,-4314749952.0,12107819008.0,,1051000000.0,26864000000.0,3835000064.0,3515000064.0,6.004,317233000000.0,,,,977000000.0,434000000.0,,,1512525453.0,0.0021014691957604,,,,0.011754767000911,0.0152570328965454,0.0846822367156002,0.0596200250465805,1592499013.0,6000000.0,7.89,[],{},-0.368284124021991,,11.520284498572789,0.0868034118535776,0.0823827598587036,,,0.9,18,20,0.4776306811190533,7.0,22.0,0.5352363636363637,0.5352363636363637,0.3181818181818182,0.0,1.0,0.3181818181818182,22.0,3,5,"cheapness,dividend,garp",0.6008433333333334,False,0.56665,0.5174,hold,2,5,stable,0.2687,persistent,neutral,0.5,51.413818649123016
AMRZ.SW,Amrize AG,Basic Materials,19607283712.0,20.369318,14.7730875,1.9092937,0.93,1.104,55.149,0.09719,0.0488679945564765,0.10137,0.086,0.147,1134000000.0,25961283584.0,2881999872.0,1906000000.0,11815000000.0,7090999808.0,729000000.0,18.776577,24249000000.0,4681000000.0,,2857000000.0,1185000000.0,2208000000.0,0.2567922132881929,,553082525.0,0.0535181684520058,0.2623034859876965,1.63843192159608,1.8749019607843136,0.2615777970225576,0.4009241755933627,0.4872365870757557,0.4916614156689771,552735960.0,413000000.0,35.85,[],{},0.057835650090888,9.00807936746501,13.620820348373558,0.073417017068242,0.0490934453475565,,0.0890987284966342,1.0,20,20,0.5462434123847167,7.0,22.0,0.4898909090909091,0.4898909090909091,0.3181818181818182,0.0,1.0,0.3181818181818182,22.0,4,5,"cheapness,dividend,garp,risk",0.5701799999999999,True,1.0,0.5157,hold,2,3,stable,0.3717,building,neutral,0.625,36.86635525065941
TEL2-B.ST,Tele2 AB (publ),Communication Services,118570172416.0,11.744828,25.763994,4.1035156,6.14,0.697,135.225,0.47615,0.0729484732824427,0.33580002,0.019,0.012,7559875072.0,145446699008.0,12076999680.0,7066000000.0,29889000000.0,30745999360.0,3585999872.0,41.501,62880000000.0,7514000000.0,,13188000000.0,4587000000.0,11343000000.0,0.4349426210311485,,693556132.0,0.0600540020483535,0.4302954499357717,0.5697603882317258,0.5373499503020108,0.4591762086513994,0.4759628813506719,0.4753339694656489,0.4590484466652183,692389827.0,985000000.0,170.3,[],{},0.0637586579993862,12.043280853013982,20.58402193716388,0.0485813706890064,0.0851438607700342,,0.1421959269097641,1.0,20,20,0.55,12.0,22.0,0.5859090909090908,0.5859090909090908,0.5454545454545454,0.0,1.0,0.5454545454545454,22.0,5,5,"cheapness,quality,dividend,garp,risk",0.6641583333333333,True,0.8,0.5143,hold,2,2,stable,0.3991,building,neutral,0.375,60.05010760407215
PHR.LS,"Pharol, S.A.",Financial Services,74210616.0,inf,,0.79210526,,6.203,,-0.01059,0.0218100041073164,0.0,,,-604459.0,59945384.0,-1823544.0,-2517223.0,0.0,0.0,14259243.0,0.114,96320798.0,16493111.0,,1963404.0,2100757.0,,,,821822948.0,0.2549083841356889,,8.400263521924169,5.862989821022001,8.440544689008909e-06,7.83621220041733e-05,0.0,,821822948.0,,0.0903,[],{},-0.008145182355042,-32.873012112677294,-23.81409354673781,-0.0419919405304001,0.0,,-0.0266775383813588,0.85,17,20,0.4294626941685765,1.0,22.0,0.2021818181818182,0.2021818181818182,0.0454545454545454,0.0,1.0,0.0454545454545454,22.0,1,5,cheapness,0.1556133333333333,False,0.4,0.5131,hold,2,2,stable,0.0601,building,neutral,0.375,52.6478978807815
SWED-A.ST,Swedbank AB (publ),Financial Services,419370336256.0,13.516842,14.669811,2.0255089,5.47,,,0.15016,0.0106968109385519,0.45124,0.058,-0.089,,1250338275328.0,,,67899000000.0,1132510052352.0,301566001152.0,184.25,3062782000000.0,,,,32762000000.0,-46342000000.0,,,1124225510.0,0.0115855516352642,,,,0.2983104902666921,0.3065178986456112,0.0221690606775147,0.024365243411546,1125318943.0,46448000000.0,373.2,[],{},,,,,0.0739817776962991,,,0.7,14,20,0.503351023284578,4.0,22.0,0.4453272727272726,0.4453272727272726,0.1818181818181818,0.0,1.0,0.1818181818181818,22.0,3,5,"quality,dividend,garp",0.51393,False,0.36665,0.5102,hold,2,3,stable,0.1862,building,neutral,0.5,53.162810487925746
UPR.IR,Uniphar plc,Healthcare,1105786624.0,21.300001,15.20397,2.7307694,0.47,0.993,126.538,0.1267,0.0294921256001556,0.016619999,0.133,-0.276,40300000.0,1434944512.0,107444000.0,91426000.0,3074704000.0,512689984.0,183696992.0,1.56,1732259000.0,828921000.0,,834852000.0,51088000.0,108431000.0,0.1488572558529211,,259574298.0,0.0453463536737305,0.1543457709979212,0.992895746791048,0.8779746096877661,0.2959661343944526,0.2868651453981958,1.774967831022959,1.9567442839424904,273015254.0,21192000.0,4.26,[],{},0.0364446441341652,13.355278210044302,15.695147026010106,0.0637139619235674,0.0469483546033636,,0.1018779661847968,1.0,20,20,0.5187645687645688,3.0,22.0,0.3543727272727273,0.3543727272727273,0.1363636363636363,0.0,1.0,0.1363636363636363,22.0,3,5,"cheapness,dividend,risk",0.3774816666666666,True,0.8,0.5063,hold,2,2,stable,0.2306,building,neutral,0.625,49.80164745734001
HM-B.ST,H & M Hennes & Mauritz AB (publ),Consumer Cyclical,278966173696.0,22.753906,19.745762,8.218888,3.97,1.067,226.362,0.34669,0.0714029822696493,0.05574,-0.033,0.007,22312249344.0,337042178048.0,24021000192.0,18529000000.0,228285000000.0,76790996992.0,18697000960.0,21.262,170273000000.0,72495000000.0,,61603000000.0,12158000000.0,31120000000.0,0.5336355870950785,,1602438375.0,0.0644844462694352,0.5343742270063716,1.176809570962453,1.1361890472618157,0.4554274606073775,0.4270145493690834,1.3406999348105688,1.3011086819004074,1604491375.0,2653000000.0,174.75,[],{},0.0799819169771977,14.031146719704418,18.18998208473204,0.0549753152774878,0.0439484983369448,,0.17050703966136,1.0,20,20,0.5388970588235295,6.0,22.0,0.494209090909091,0.494209090909091,0.2727272727272727,0.0,1.0,0.2727272727272727,22.0,5,5,"cheapness,quality,dividend,garp,risk",0.59347,True,0.9,0.5049,hold,2,3,stable,0.4567,building,neutral,0.375,47.925205618703174
EDP.LS,"EDP, S.A.",Utilities,19288877056.0,16.089655,15.217533,1.5941236,4.36,1.091,145.948,0.08866,0.0209207030121619,0.07461,0.04,0.286,-948416000.0,45004632064.0,3874842112.0,2443358000.0,15606993000.0,24550586368.0,3207435008.0,2.927,54956375000.0,10786908000.0,,9354952000.0,1149726000.0,3268471000.0,0.3755792035019173,,4133921624.0,0.0141940176799853,0.3846557896617626,1.153069304898625,1.091044827424006,0.4300497076089898,0.4182067117370764,0.283988763814935,0.2652054863073396,4163909782.0,1252216000.0,4.666,[],{},-0.0491690624211317,11.614571836262732,18.41917232922887,0.0542912559872805,0.0621517366282869,,0.0535807402326019,1.0,20,20,0.4979166666666667,5.0,22.0,0.445709090909091,0.445709090909091,0.2272727272727272,0.0,1.0,0.2272727272727272,22.0,4,5,"cheapness,quality,dividend,garp",0.5614033333333334,False,0.53335,0.5035,hold,2,2,stable,0.3004,building,neutral,0.5,61.45371053916681
ADS.DE,adidas AG,Consumer Cyclical,26802128896.0,19.603073,13.125172,4.5000296,1.86,1.391,94.127,0.24324,0.0661336491955384,0.052950002,0.133,-0.024,952300032.0,31613126656.0,2664000000.0,2061000000.0,24811000000.0,5977999872.0,1562000000.0,34.022,20262000000.0,11977000000.0,,9094000000.0,1340000000.0,751000000.0,0.5161017290717826,,178665018.0,0.0369886226095376,0.5077481737955496,1.3170222124477675,1.2409048264359428,0.27420787681374,0.2704914064391188,1.2245089329779884,1.1465988864681675,178549084.0,228000000.0,153.1,[],{},0.0355307608472147,11.866789285285286,15.338732001940803,0.0651944371851252,0.0510124101461031,,0.184545128939828,1.0,20,20,0.5094485294117648,5.0,22.0,0.4638363636363636,0.4638363636363636,0.2272727272727272,0.0,0.8932,0.2272727272727272,22.0,4,5,"cheapness,quality,dividend,garp",0.540875,False,0.73335,0.4993,hold,2,6,stable,0.4035,persistent,accumulate,0.75,40.991543095010066
ENEL.MI,Enel SpA,Utilities,92936773632.0,22.304762,12.432483,3.7652733,5.47,0.721,147.743,0.122559994,0.0236486675585059,0.05711,0.085,0.318,-685750016.0,176383131648.0,20621000704.0,3571000000.0,67452000000.0,73377996800.0,4742000128.0,2.488,178657000000.0,34285000000.0,,47063000000.0,4225000000.0,13926000000.0,0.4683626875407697,,10033125071.0,0.0374908490480338,0.541111693017594,0.7284915963708221,0.8288398610804408,0.3832595420274604,0.3759344658248681,0.377550277906827,0.377521521435938,10154600276.0,2846000000.0,9.368,[],{},-0.0073786725017521,8.553567995067558,49.39320404592551,0.0202457001791219,0.044833475470395,,0.027136495584905,1.0,20,20,0.4701388888888889,4.0,22.0,0.3787590909090909,0.3787590909090909,0.1818181818181818,0.0,1.0,0.1818181818181818,22.0,2,5,"dividend,garp",0.5279233333333334,False,0.53335,0.4972,hold,2,6,stable,0.1935,persistent,neutral,0.625,39.17229411896589
INGA.AS,ING Groep N.V.,Financial Services,85941764096.0,13.041126,10.403249,1.7145703,3.72,,,0.17124,0.0060005405892422,0.34493,0.111,0.221,,101755584512.0,,,22903000000.0,262074007552.0,247878991872.0,17.57,1054405000000.0,,,,6327000000.0,-6380000000.0,,,2902437688.0,0.006263320088776,,,,0.169971690194944,0.1678779475672312,0.0217212551154442,0.0220999563958473,3096274533.0,36368000000.0,30.125,[],{},,,,,0.0766804952271759,,,0.7,14,20,0.530022579856467,6.0,22.0,0.4736045454545454,0.4736045454545454,0.2727272727272727,0.0,1.0,0.2727272727272727,22.0,4,5,"cheapness,quality,dividend,garp",0.54627,False,0.36665,0.4911,hold,2,6,stable,0.2859,persistent,neutral,0.375,57.92188538768508
VER.VI,VERBUND AG,Utilities,20428042336.8,16.945244,14.785571,2.112676,3.4,0.826,31.126,0.12752,0.0800336340707462,0.15873,-0.049,-0.393,37215248.0,24483543040.0,2361302016.0,2120470000.0,8013556000.0,3279200000.0,89400000.0,27.832,18609701000.0,1721500000.0,,1760937000.0,1489402000.0,1918545000.0,0.4622091615757099,,347415686.0,0.1001840390407019,0.5038668363940254,0.9776045366756448,1.408418465146697,0.1236559362238007,0.1227941986859818,0.4306117545897164,0.4404561394454873,347415686.0,113300000.0,58.8,[],{},0.0018217726097502,10.368662235538446,11.546281267832132,0.0866079715887394,0.0590136087742377,,0.125853148634523,1.0,20,20,0.5208333333333334,7.0,22.0,0.5313181818181819,0.5313181818181819,0.3181818181818182,0.0,0.9436,0.3181818181818182,22.0,4,5,"cheapness,quality,dividend,garp",0.60713,False,0.73335,0.4882,hold,2,3,stable,0.3532,building,neutral,0.5,61.13697376370571
WDP.BR,Warehouses De Pauw SA,Real Estate,5113961984.0,12.360465,12.524522,1.0195175,5.74,0.314,76.296,0.08222,0.039701835199434,0.70761,0.164,0.227,191693872.0,8921276416.0,471824992.0,413614000.0,496794000.0,3826949120.0,19634000.0,20.853,8914399000.0,86852000.0,,416546000.0,353918000.0,397919000.0,0.8788491809482402,,235139589.0,0.0530888518031356,0.8769601379681633,0.208505183101026,0.3589723709534712,0.3931488819380869,0.3734820881094108,0.0557293879262079,0.0534378615200634,225534676.0,77415000.0,21.26,[],{},0.0374844147453091,18.90802006520248,21.569087158558464,0.0463626482033666,0.0809031051825315,,0.0486727647559918,1.0,20,20,0.4449999999999999,7.0,22.0,0.5719772727272727,0.5719772727272727,0.3181818181818182,0.0,1.0,0.3181818181818182,22.0,3,5,"cheapness,dividend,garp",0.662695,False,0.63335,0.4867,hold,2,4,stable,0.2795,persistent,neutral,0.625,44.12730161851584
CS.PA,AXA SA,Financial Services,89741500416.0,11.568732,9.590782,1.9428726,5.31,11.53,119.437,0.14881,0.0154152616912573,0.10379,0.045,0.132,-26394499072.0,54549647360.0,,,105925000000.0,61108998144.0,99860996096.0,22.091,635539000000.0,,,,9797000000.0,22352000000.0,,,2055372364.0,0.0120624936903643,,,,0.0951821996761803,0.0955240592142094,0.1666695513571944,0.1579504467986821,2175367655.0,627000000.0,42.92,[],{},-0.2941169798771731,,,,0.086439896783848,,,0.85,17,20,0.4675576361622873,10.0,22.0,0.4837590909090909,0.4837590909090909,0.4545454545454545,0.0,1.0,0.4545454545454545,22.0,4,5,"cheapness,quality,dividend,garp",0.5747716666666667,False,0.53335,0.4706,hold,2,6,stable,0.319,persistent,neutral,0.625,43.816354540909465
IFX.DE,Infineon Technologies AG,Technology,74292396032.0,69.71951,20.615322,4.2785506,0.63,1.728,40.183,0.07019,0.0333114538890712,0.07774,0.126,0.396,1743874944.0,80134676480.0,4190000128.0,1944000000.0,14662000000.0,7240999936.0,1656000000.0,13.362,30470000000.0,9823000000.0,,5784000000.0,1015000000.0,3217000000.0,0.3923748465420815,,1302139747.0,0.0454275638115856,0.4175860916081578,1.6983056708160442,1.9030314807617568,0.2368231046931408,0.1804532281155068,0.4811946176567115,0.522190020601278,1299163212.0,221000000.0,57.17,[],{},0.0234731283030481,19.12522053269016,41.22154139917696,0.0242591607702463,0.0143431874377774,,0.0787490885522158,1.0,20,20,0.4432575757575758,4.0,22.0,0.3351227272727273,0.3351227272727273,0.1818181818181818,0.0,1.0,0.1818181818181818,22.0,3,5,"dividend,garp,risk",0.4211333333333333,True,1.0,0.4699,hold,2,5,stable,0.2739,persistent,accumulate,0.75,41.777708349851
REN.AS,RELX PLC,Industrials,54409662464.0,21.397259,16.477228,37.823326,2.63,0.449,709.641,1.31864,0.1399335908382462,0.23271999,0.027,0.243,2232375040.0,63366750208.0,3292000000.0,2983000000.0,9590000000.0,8906000384.0,220000000.0,0.8259453,14757000000.0,2960000000.0,,6001000000.0,2065000000.0,2836000000.0,0.6628779979144943,,1819061446.0,0.1278001718099517,0.6502013991944032,0.4932511248125312,0.5239594263728576,0.4924442637392424,0.4324324324324324,0.6498610828759233,0.6234058018899095,1855941895.0,273000000.0,31.24,[],{},0.0410290183563819,19.24870905467801,21.24262494401609,0.0470751615036019,0.0467349579682145,,0.3406806761078118,1.0,20,20,0.5051219512195122,8.0,22.0,0.5014000000000001,0.5014000000000001,0.3636363636363636,0.0,1.0,0.3636363636363636,22.0,5,5,"cheapness,quality,dividend,garp,risk",0.6191066666666667,True,0.8,0.46,hold,2,3,stable,0.4222,building,neutral,0.5,58.081496605345365
SIE.DE,Siemens Aktiengesellschaft,Industrials,223896813568.0,28.695002,22.058859,3.2539182,1.86,1.444,66.425,0.12465999,0.057881373268673,0.097959995,0.073,0.128,6503750144.0,268005654528.0,12517999616.0,9092000000.0,78914000000.0,49924001792.0,10929999872.0,88.186,166202000000.0,64711000000.0,,47261000000.0,9620000000.0,13257000000.0,0.3852168183085384,,780264198.0,0.0561591751684572,0.3927696562623469,1.3692262118871796,1.3971489080682258,0.3370296386325074,0.324188834465402,0.4748077640461607,0.5136930695748654,784869164.0,1640000000.0,286.95,[],{},0.0290479799169841,21.409623162589494,29.47708474791025,0.033924657358489,0.0348492744485607,,0.0764412607931663,1.0,20,20,0.4360975609756098,4.0,22.0,0.3828136363636364,0.3828136363636364,0.1818181818181818,0.0,1.0,0.1818181818181818,22.0,3,5,"dividend,garp,risk",0.5050766666666666,True,1.0,0.458,hold,2,3,stable,0.2347,building,neutral,0.5,62.410112446045765
SCMN.SW,Swisscom AG,Communication Services,32453918720.0,25.06,20.182575,2.817668,4.08,0.62,143.288,0.11364,0.0352830136301807,0.088649996,-0.02,0.304,2733995008.0,48697917440.0,4318000128.0,1925000000.0,15048000000.0,16501000192.0,255000000.0,222.347,36023000000.0,5128000000.0,,6748000000.0,1271000000.0,6012000000.0,0.7997076023391813,,51801943.0,0.0407451446690447,0.8341653807751657,0.7599288678126852,0.8435526315789473,0.1035171973461399,0.1047694543532831,0.4177331149543347,0.2911084687541286,51801943.0,362000000.0,626.5,[],{},0.0842423693603186,11.277886983888482,25.29761944935065,0.0395294111369703,0.0399042298483639,,0.0657557643040136,1.0,20,20,0.45,5.0,22.0,0.4304136363636363,0.4304136363636363,0.2272727272727272,0.0,1.0,0.2272727272727272,22.0,4,5,"cheapness,dividend,garp,risk",0.5428166666666667,True,0.8,0.4571,hold,2,4,stable,0.3628,persistent,neutral,0.375,48.020905530961954
RO.SW,Roche Holding AG,Healthcare,297671753728.0,24.450262,17.030487,9.105088,2.62,1.228,90.718,0.38108003,0.1279008569754625,0.19601999,-0.012,-0.077,10317875200.0,325268733952.0,23964000256.0,18476000000.0,63356000000.0,33308000256.0,9733999616.0,41.032,100703000000.0,38729000000.0,,28001000000.0,12880000000.0,18852000000.0,0.7372782372624535,,795617637.0,0.0813056846199939,0.7390335764083661,1.3831291739580729,1.481552751359953,0.32959296148079,0.3571084763410968,0.6291371657249536,0.6129114645239241,795400695.0,1346000000.0,373.6,[],{},0.0346619223046202,13.573223605293554,17.60493255856246,0.0568022624723792,0.0408993572338815,,0.2541333113256857,1.0,20,20,0.485518648018648,7.0,22.0,0.4995590909090909,0.4995590909090909,0.3181818181818182,0.0,1.0,0.3181818181818182,22.0,5,5,"cheapness,quality,dividend,garp,risk",0.6117816666666667,True,0.9,0.4459,hold,2,4,stable,0.4657,persistent,neutral,0.5,49.881484276021254
UQA.VI,UNIQA Insurance Group AG,Financial Services,5408728064.0,12.068494,10.717893,1.7653543,4.05,1029.319,52.726,0.13737,0.014625730809742,0.05686,0.121,0.209,-455788864.0,3540427776.0,476563008.0,560779000.0,5927639000.0,1790899968.0,3780400128.0,9.981,29047916000.0,,,,424847000.0,1137743000.0,,,306965261.0,0.0121841693769176,,,,0.0481064459150873,0.0557800064173323,0.2040641745177175,0.1998457527055925,306965261.0,44421000.0,17.62,[],{},-0.0842691402871017,7.429086430476786,6.313410052801549,0.1583930065743558,0.0828603800938211,,,0.95,19,20,0.445358608559703,10.0,22.0,0.5649954545454546,0.5649954545454546,0.4545454545454545,0.0,1.0,0.4545454545454545,22.0,4,5,"cheapness,quality,dividend,garp",0.6567333333333333,False,0.73335,0.4436,hold,2,2,stable,0.2534,building,neutral,0.5,48.72372713612382
ABN.AS,ABN AMRO Bank N.V.,Financial Services,33298274304.0,14.697842,11.062199,1.2181016,3.34,,,0.0912,0.0054500133104232,0.27692,0.118,0.323,,56008273920.0,,,8732000000.0,108966002688.0,86258999296.0,33.544,413210000000.0,,,,2252000000.0,2235000000.0,,,823201264.0,0.00624079657808,,,,0.1922097722707582,0.211761161624425,0.0211321120011616,0.0231036730580942,833048566.0,8121000000.0,40.86,[],{},,,,,0.0680371989302919,,,0.7,14,20,0.4003178438394386,5.0,22.0,0.4747454545454545,0.4747454545454545,0.2272727272727272,0.0,1.0,0.2272727272727272,22.0,3,5,"cheapness,dividend,garp",0.5712533333333333,False,0.53335,0.4317,hold,2,5,stable,0.1747,persistent,neutral,0.375,67.61125651765406
UNA.AS,Unilever PLC,Consumer Defensive,119570767872.0,21.440155,16.256378,7.3833265,3.42,0.74,175.397,0.31869,0.1343673284045919,0.18319,0.005,-0.056,6732624896.0,147852754944.0,10876000256.0,10127000000.0,50503000000.0,32110000128.0,5943000064.0,7.521,70471000000.0,17066000000.0,,21662000000.0,9469000000.0,8350000000.0,0.4694572599647545,,2179482192.0,0.0720250783699059,0.4669105737533108,0.7878312251869634,0.7606404058016961,0.3916078954463538,0.3843887147335423,0.7166494018816251,0.6580438871473354,2200552980.0,1098000000.0,55.53,[],{},0.0563066125259582,13.59440524676648,14.599857306606102,0.0684938201106611,0.0466414538514297,,0.2074822266385297,1.0,20,20,0.4717032967032967,8.0,22.0,0.5103954545454544,0.5103954545454544,0.3636363636363636,0.0,1.0,0.3636363636363636,22.0,5,5,"cheapness,quality,dividend,garp,risk",0.614855,True,0.8,0.4302,hold,2,5,stable,0.451,persistent,neutral,0.625,59.9496449239364
HMSO.IR,Hammerson Plc,Real Estate,2076630272.0,8.9,,0.89830935,5.12,0.766,86.369,0.105629995,0.0590404965404965,0.67484003,0.399,-0.348,10037500.0,3237048064.0,167700000.0,84700000.0,208300000.0,1816600064.0,469200000.0,3.963,3931200000.0,441700000.0,,271300000.0,232100000.0,96900000.0,0.6072971675468075,,529736620.0,-0.1513922448509952,0.5758354755784062,1.6280869885735347,1.838924683403688,0.4177859177859178,0.4376654009895294,0.0529863654863654,0.0335692095270969,490459528.0,65400000.0,3.56,[],{},0.0048335518052199,19.302612188431723,38.21780476977568,0.0261658147563421,0.1123595505617977,,0.0231427088171807,1.0,20,20,0.4166666666666667,7.0,22.0,0.51475,0.51475,0.3181818181818182,0.0,1.0,0.3181818181818182,22.0,3,5,"cheapness,dividend,garp",0.5328733333333333,False,0.36665,0.425,hold,2,2,stable,0.1894,building,insufficient_data,0.0,
ALV.DE,Allianz SE,Financial Services,168858247404.0,14.601509,13.284556,2.676607,3.79,1.514,50.648,0.19612,0.0105196255696706,0.098780006,0.121,-0.08,9307124736.0,69637447680.0,21464000512.0,16218000000.0,137450000000.0,33706000384.0,136018001920.0,166.33,1024276000000.0,,,,10775000000.0,33209000000.0,,,380242198.0,0.0095071885488685,,,,0.0344389598116132,0.0333522245346924,0.134192346594082,0.133974676855151,385919437.0,758000000.0,445.2,[],{},0.0551179754562555,3.244383433603973,4.293836951535331,0.2328919358808987,0.0684860722271924,,,0.95,19,20,0.4455953417307726,8.0,22.0,0.5707909090909091,0.5707909090909091,0.3636363636363636,0.0,1.0,0.3636363636363636,22.0,5,5,"cheapness,quality,dividend,garp,risk",0.6628383333333334,True,0.9,0.4205,hold,2,6,stable,0.4114,persistent,neutral,0.5,66.80637193712721
PGHN.SW,Partners Group Holding AG,Financial Services,19383760896.0,15.175615,15.880074,8.862326,6.25,1.669,113.666,0.54798,0.1973482358097742,0.49346,0.201,0.11,1344012544.0,21541060608.0,1572999936.0,1541300000.0,2461200000.0,2486099968.0,328800000.0,84.831,6388200000.0,3916900000.0,,2347000000.0,1260700000.0,1515000000.0,0.818137493905412,,25783135.0,0.1984234511639364,0.8083535648813358,1.6688964635705157,2.496584558062513,0.3891706584014276,0.3772456143437791,0.3852728468113083,0.3551281825699857,25904035.0,44800000.0,751.8,[],{},0.069337036873858,13.694253963402575,13.975903852591967,0.0715517229187678,0.0658951877732797,,0.3813966148668712,1.0,20,20,0.4608746246913142,9.0,22.0,0.5816227272727272,0.5816227272727272,0.4090909090909091,0.0,1.0,0.4090909090909091,22.0,5,5,"cheapness,quality,dividend,garp,risk",0.7043016666666666,True,0.9,0.4203,hold,2,4,stable,0.4406,persistent,neutral,0.625,65.37653658410596
ENI.MI,Eni S.p.A.,Energy,65435779072.0,11.828125,9.834574,1.4387987,4.65,1.48,64.975,0.10901,0.0190269134523488,0.05874,0.185,5.806,-8982875136.0,93017284608.0,13235999744.0,4506000000.0,82151000000.0,36990001152.0,15088000000.0,15.784,137069000000.0,48867000000.0,,36815000000.0,2608000000.0,13330000000.0,0.0942897834475539,,2957681345.0,0.0178577504951034,0.1135511334842393,1.327366562542442,1.1376787237893322,0.2495239623839088,0.2507367002633746,0.5993404781533388,0.6043119934122323,3083270402.0,8170000000.0,22.71,[],{},-0.1372777288418313,7.027597945532266,20.64298371238349,0.0484426095535846,0.0845442536327609,,0.0449458375725656,1.0,20,20,0.4166666666666667,10.0,22.0,0.5795272727272728,0.5795272727272728,0.4545454545454545,0.0,1.0,0.4545454545454545,22.0,5,5,"cheapness,quality,dividend,garp,risk",0.7003033333333334,True,0.73335,0.4167,hold,2,5,stable,0.4167,persistent,neutral,0.625,44.63317178293207
PRX.AS,Prosus N.V.,Consumer Cyclical,79662940160.0,8.484375,8.737649,1.7722524,0.74,2.434,32.874,0.22213,0.1471767309516282,1.19918,,,846875008.0,192724828160.0,626000000.0,304000000.0,9705000000.0,17707999232.0,15736999936.0,21.447283,79075000000.0,19468000000.0,,7997000000.0,11638000000.0,1609000000.0,0.4643997939206594,,2138335355.0,0.1703725133630903,0.4252836304700162,2.4344129048393146,3.544053923928743,0.2227126146063863,0.2266214801344575,0.1227315839392981,0.0850002755276354,2280205366.0,645000000.0,38.01,[],{},0.0106307274913414,307.86713763578274,633.9632505263157,0.0015773784981539,0.1178637200736648,,0.0042769914741551,1.0,20,20,0.4595588235294118,10.0,22.0,0.4728909090909091,0.4728909090909091,0.4545454545454545,0.0,1.0,0.4545454545454545,22.0,4,5,"cheapness,quality,dividend,risk",0.4174833333333333,True,0.4,0.4063,hold,2,6,stable,0.3463,persistent,neutral,0.5,49.81083191656422
KRX.IR,Kingspan Group plc,Industrials,18716493328.0,27.733334,19.255444,3.9359648,0.55,1.326,53.262,0.15213001,0.0683454336248943,0.0716,0.076,0.049,620524992.0,21096321024.0,1199399936.0,903500000.0,9199000000.0,2683699968.0,594200000.0,26.423,9820700000.0,3301200000.0,,2404400000.0,671200000.0,819700000.0,0.2968040004348298,,179935454.0,0.0677733082132491,0.295817843866171,1.372982864747962,1.597069922308546,0.273870498029672,0.2873466062426804,0.9366949402792062,0.8766230459799379,181799483.0,77600000.0,104.0,[],{},0.0331539130287664,17.58906298957815,23.349552876591037,0.0428273725533538,0.0360576914409208,,0.1218262475897684,1.0,20,20,0.406219512195122,6.0,22.0,0.4022045454545455,0.4022045454545455,0.2727272727272727,0.0,1.0,0.2727272727272727,22.0,4,5,"quality,dividend,garp,risk",0.4905633333333333,True,1.0,0.4062,hold,2,2,stable,0.2437,building,wait,0.25,67.1088207063573
GL9.IR,Glanbia plc,Consumer Defensive,5433219584.0,27.084337,15.549316,3.3415132,1.96,1.532,63.691,0.12047,0.0461248112732763,0.05799,0.079,0.637,334575008.0,6261417472.0,486400000.0,274100000.0,3946400000.0,1207900032.0,375700000.0,6.727491,3974000000.0,1652300000.0,,1218800000.0,183300000.0,368500000.0,0.2689539833772552,,242479634.0,0.0425087108013937,0.3035132953095293,1.3556777157860191,1.4102418207681366,0.2832662304982385,0.2474899987095109,0.99305485656769,0.9910181958962446,256533098.0,29200000.0,22.48,[],{},0.0615795115266962,12.87298,22.843551521342576,0.0437760301442491,0.0369217086613565,,0.0994846109175377,1.0,20,20,0.3968864468864469,7.0,22.0,0.4435772727272727,0.4435772727272727,0.3181818181818182,0.0,1.0,0.3181818181818182,22.0,5,5,"cheapness,quality,dividend,garp,risk",0.5842266666666667,True,1.0,0.4057,hold,2,2,stable,0.301,building,neutral,0.375,42.1822005852797
SAND.ST,Sandvik AB (publ),Industrials,494353514496.0,29.388517,28.977942,4.9229884,1.52,1.639,42.909,0.17908001,0.086482985988461,0.1305,0.237,0.629,14508099584.0,533930508288.0,29316999168.0,20979000000.0,120680000000.0,43121000448.0,3620000000.0,80.053,169860000000.0,69898000000.0,,36113000000.0,14690000000.0,19189000000.0,0.4060490553529997,,1254385923.0,0.0663994706699062,0.3998763000699881,1.93553567967214,1.7915955735387314,0.2185505710585187,0.2318856299895869,0.7104674437772283,0.6664244186046512,1254385923.0,1824000000.0,394.1,[],{},0.0293476210011194,18.21231788520819,25.45071301244101,0.0392916300423949,0.0340268956068793,,0.1568558547107598,1.0,20,20,0.4034146341463415,8.0,22.0,0.5111045454545454,0.5111045454545454,0.3636363636363636,0.0,1.0,0.3636363636363636,22.0,5,5,"cheapness,quality,dividend,garp,risk",0.6477633333333334,True,1.0,0.4034,hold,2,3,stable,0.353,building,neutral,0.5,65.47881730636315
GALP.LS,"Galp Energia, SGPS, S.A.",Energy,16176141312.0,13.191082,11.417577,3.1550882,3.22,1.529,80.965,0.24875,0.0730641268184486,0.050869998,0.352,1.346,1967500032.0,18173315072.0,3312999936.0,2135000000.0,19507000000.0,4598000128.0,2331000064.0,6.564,15329000000.0,6241000000.0,,3711000000.0,1120000000.0,1403000000.0,0.1200594658327779,,733855705.0,0.0618421835047868,0.1278682370606728,1.6817569388305038,1.720733104238259,0.319655554830713,0.2918475352322055,1.2725552873638202,1.2672295891062615,750267303.0,143000000.0,20.71,[],{},0.1216297505104287,5.485455907959305,8.512091368618266,0.1174799419666386,0.0758087926373287,,0.1837665691168876,1.0,20,20,0.4499999999999999,8.0,22.0,0.6380954545454546,0.6380954545454546,0.3636363636363636,0.0,1.0,0.3636363636363636,22.0,5,5,"cheapness,quality,dividend,garp,risk",0.7418750000000001,True,0.9,0.4,hold,2,2,stable,0.3187,building,wait,0.25,56.15342807062015
HEXA-B.ST,Hexagon AB (publ),Technology,273135452160.0,11.695402,19.090057,48.68421,1.51,1.527,46.892,0.27292,0.0360877468830918,0.09961,0.04,,683724992.0,273647255552.0,1269799936.0,1015400000.0,5424600000.0,2644300032.0,2161499904.0,2.09,17108300000.0,3877700000.0,,3829800000.0,617400000.0,1466900000.0,0.6630350624930871,,2684377888.0,0.0573317274025937,0.6683268223139731,1.0125071805316204,1.0615783037191568,0.2404739220144608,0.214615837091398,0.3170741686783608,0.3025741575866222,2684377888.0,136900000.0,101.75,[],{},0.0025032451356753,215.50422849603925,269.4970017254284,0.003710616420953,0.0855036876885463,,0.0764694807395413,1.0,20,20,0.4348484848484849,6.0,22.0,0.44875,0.44875,0.2727272727272727,0.0,1.0,0.2727272727272727,22.0,4,5,"cheapness,quality,dividend,risk",0.4833033333333333,True,0.9,0.3973,hold,2,3,stable,0.2913,building,wait,0.25,66.90945953754294
KPN.AS,Koninklijke KPN N.V.,Communication Services,15409117184.0,18.568182,15.034411,6.7187505,4.61,0.655,218.133,0.26111,0.06734404536862,0.15151,0.005,0.0,794499968.0,22305777664.0,2400999936.0,1435000000.0,5797000000.0,7265999872.0,419000000.0,0.608,12696000000.0,1349000000.0,,2121000000.0,855000000.0,2308000000.0,0.7236501638778678,,3825061887.0,0.0675858771020961,0.729787613778333,0.6360207449316361,0.5990547459629776,0.5500945179584121,0.5656332190961983,0.4566005040957782,0.4465609308998167,3886279040.0,268000000.0,4.085,[],{},0.0515603819811926,9.290203356340282,15.544095933101046,0.0643331078438924,0.0538555686280972,,0.1356973995271867,1.0,20,20,0.3928571428571428,9.0,22.0,0.5036045454545456,0.5036045454545456,0.4090909090909091,0.0,1.0,0.4090909090909091,22.0,5,5,"cheapness,quality,dividend,garp,risk",0.6112983333333333,True,0.7,0.3929,hold,2,5,stable,0.3929,persistent,neutral,0.375,50.636286477230705
AIR.PA,Airbus SE,Industrials,160987136000.0,27.083887,23.348661,6.221895,1.55,1.146,54.988,0.23193,0.0386915569257219,0.07714,0.277,1.258,3128750080.0,162222129152.0,9004000256.0,5236000000.0,73420000000.0,14275999744.0,13128999936.0,32.691,134939000000.0,73647000000.0,,63511000000.0,5221000000.0,7995000000.0,0.1493734677199673,,787227745.0,0.0327521224644579,0.1541961577350859,1.1595944009699106,1.1453078864457384,0.0816887630707208,0.0872590219250385,0.5440977034067245,0.5357820033587952,787956251.0,770000000.0,203.4,[],{},0.0194347831618049,18.01667309415057,30.98207203055768,0.0322767308465908,0.0369223221172057,,0.0733045864366915,1.0,20,20,0.405609756097561,5.0,22.0,0.4282045454545454,0.4282045454545454,0.2272727272727272,0.0,1.0,0.2272727272727272,22.0,4,5,"quality,dividend,garp,risk",0.5856883333333334,True,0.83335,0.3837,hold,2,6,stable,0.3157,persistent,neutral,0.625,44.738148728989714
IMCD.AS,IMCD N.V.,Basic Materials,5713190400.0,24.874037,14.953144,2.6911416,1.86,1.347,85.125,0.11225,0.0469335650337196,0.04632,0.066,0.1,266937248.0,7274136576.0,515928000.0,371249000.0,4778874000.0,1808295040.0,248666000.0,35.955,4635872000.0,1795148000.0,,1034899000.0,217578000.0,322277000.0,0.2497525567738341,,59032832.0,0.0570373335908021,0.2543352845692171,1.734611783372097,1.9788619223808408,0.3708661498850701,0.3475935379431318,1.0308468396021289,0.9691162485976048,59069346.0,69749000.0,96.76,[],{},0.0467229742597061,14.099131227613157,19.59368665235462,0.0510368476204975,0.040202561409714,,0.1030968574326994,1.0,20,20,0.4285655467720685,5.0,22.0,0.4219363636363637,0.4219363636363637,0.2272727272727272,0.0,1.0,0.2272727272727272,22.0,4,5,"cheapness,dividend,garp,risk",0.5186466666666667,True,0.9,0.3826,hold,2,5,stable,0.3245,persistent,neutral,0.375,60.63602237829203
BBVA.MC,"Banco Bilbao Vizcaya Argentaria, S.A.",Financial Services,136081408000.0,13.047619,10.765879,2.4166992,3.69,,,0.18924,0.0122281217716641,0.32562,0.202,0.152,,162676654080.0,,,39415000000.0,198940999680.0,183573004288.0,10.204,859576000000.0,,,,10511000000.0,14968000000.0,,,5691360192.0,0.0130165380203572,,,,0.103890755442218,0.0983037330302096,0.0458540024384114,0.0507960880474157,5756618609.0,32065000000.0,24.66,[],{},,,,,0.0766423360461399,,,0.7,14,20,0.4321202053760193,5.0,22.0,0.4781545454545455,0.4781545454545455,0.2272727272727272,0.0,1.0,0.2272727272727272,22.0,4,5,"cheapness,quality,dividend,garp",0.5685783333333333,False,0.53335,0.3769,hold,2,6,stable,0.2265,persistent,neutral,0.375,61.87960534815998
IBE.MC,"Iberdrola, S.A.",Utilities,133863219200.0,25.074999,18.603874,2.592401,3.37,0.753,100.03,0.10022,0.0390950597778081,0.15883,0.098,0.683,2561499904.0,199281311744.0,14602999808.0,10677000000.0,44076000000.0,62464999424.0,6608999936.0,7.738,160762000000.0,24781000000.0,,28343000000.0,6285000000.0,11635000000.0,0.5456030492785189,,6597551694.0,0.0354532417731674,0.5399413789894855,0.8743252302155735,0.6912969906101729,0.3559983080578743,0.3647097471145281,0.2741692688570682,0.2715723373743627,6273874902.0,2173000000.0,20.06,[],{},0.019135203226907,13.646600997339409,18.664541701226938,0.0535775276997165,0.0398803605136734,,0.0806304231265905,1.0,20,20,0.3923611111111111,4.0,22.0,0.4237272727272728,0.4237272727272728,0.1818181818181818,0.0,0.9381,0.1818181818181818,22.0,3,5,"quality,dividend,garp",0.5476633333333333,False,0.63335,0.3681,hold,2,6,stable,0.2281,persistent,neutral,0.5,45.971381229534266
ALFA.ST,Alfa Laval AB (publ),Industrials,238323941376.0,29.121212,26.280764,5.2449174,1.56,1.12,45.751,0.19059,0.0842697201536251,0.11635,0.077,0.007,4881999872.0,254779949056.0,13784000512.0,11751000000.0,69675000000.0,20991000576.0,4976999936.0,109.935,98161000000.0,42965000000.0,,36364000000.0,8272000000.0,9166000000.0,0.361664872622892,,413326315.0,0.0832291701856919,0.3466013472137171,1.1815256847431526,1.3374662215863933,0.2140463116716414,0.1499048455570194,0.7098032823626491,0.7539497539497539,413326315.0,571000000.0,576.6,[],{},0.0204847227845134,18.48374489207216,21.681554680963323,0.0461221538175955,0.0343392301117137,,0.1901548618864993,1.0,20,20,0.3728048780487805,4.0,22.0,0.4462681818181818,0.4462681818181818,0.1818181818181818,0.0,1.0,0.1818181818181818,22.0,4,5,"cheapness,quality,garp,risk",0.5097383333333333,True,0.83335,0.3667,hold,2,4,stable,0.2958,persistent,neutral,0.625,60.31252750936833
ZURN.SW,Zurich Insurance Group AG,Financial Services,88247361536.0,15.082973,13.707875,3.6714928,5.02,27.188,46.416,0.25695,0.0166940480488002,0.093830004,0.113,0.102,-445500000.0,71617732608.0,11377000448.0,10500000000.0,88670000000.0,15358000128.0,32480000000.0,160.91547,407211000000.0,,,,6798000000.0,5903000000.0,,,142278360.0,0.0162399966480915,,,,0.0385082917701142,0.0403011131129453,0.2177495205188465,0.2403485984832614,142285391.0,460000000.0,590.8,[],{},-0.0050483095726126,6.294957351486254,6.820736438857143,0.1466117345193235,0.0662999264137116,,,0.95,19,20,0.3994317811691272,6.0,22.0,0.5604,0.5604,0.2727272727272727,0.0,1.0,0.2727272727272727,22.0,4,5,"cheapness,quality,dividend,garp",0.6542250000000001,False,0.73335,0.3605,hold,2,4,stable,0.2888,persistent,neutral,0.625,47.451974125333386
EVO.ST,Evolution AB (publ),Consumer Cyclical,155015118848.0,14.176049,11.588342,38.089565,5.05,2.037,2.13,0.26685,0.1923464269809755,0.51774,-0.012,0.043,915373376.0,160221364224.0,1253490944.0,1205639000.0,2066540000.0,90203000.0,1153538944.0,21.817,5521787000.0,2075627000.0,,1251394000.0,1062096000.0,1255217000.0,1.0279171949248502,,199226613.0,0.232666550958223,1.0238463272235512,1.658651871432978,1.818435156578623,0.0164924869430856,0.017517485316374,0.3742520310906596,0.3858561763995173,206562243.0,5543000.0,831.0,[],{},0.0059050586988071,127.82012107141318,132.8933156807303,0.007524832944965,0.0705415168923301,,0.2823250693788604,1.0,20,20,0.3915441176470589,9.0,22.0,0.5850863636363637,0.5850863636363637,0.4090909090909091,0.0,1.0,0.4090909090909091,22.0,5,5,"cheapness,quality,dividend,garp,risk",0.7286716666666667,True,1.0,0.3558,hold,2,4,stable,0.3737,persistent,wait,0.25,76.36332654157351
SLHN.SW,Swiss Life Holding AG,Financial Services,25648377856.0,21.230627,17.956299,3.6318884,3.96,5.668,198.556,0.16584,0.0056177980604677,0.10537,0.011,0.098,-222250000.0,-43036622848.0,1920999936.0,2000000000.0,17796000000.0,14849999872.0,83701997568.0,252.706,219125000000.0,,,,1231000000.0,,,,27945498.0,0.0055450754340368,,,,0.0450382201939532,0.0429766184175067,0.0812139189960068,0.0848889843011332,28528671.0,333000000.0,917.8,[],{},-0.0086652653531462,-22.403240125875776,-21.518311424,-0.0464720479360973,0.0471017648230549,,,0.9,18,20,0.3528964651399672,4.0,22.0,0.4113590909090909,0.4113590909090909,0.1818181818181818,0.0,1.0,0.1818181818181818,22.0,4,5,"cheapness,quality,dividend,garp",0.4693416666666666,False,0.3,0.3551,hold,2,4,stable,0.2549,persistent,neutral,0.625,44.8838535199278
SU.PA,Schneider Electric S.E.,Industrials,167248101376.0,35.005882,24.662449,6.839758,1.4,1.091,84.124,0.18620001,0.0666037373608089,0.11270001,0.098,0.293,5374750208.0,183884578816.0,8520999936.0,7010000000.0,40152000000.0,20809000960.0,4518000128.0,43.503,62504000000.0,22038000000.0,,18506000000.0,4163000000.0,6131000000.0,0.4207760510061765,,562222886.0,0.0647377280378508,0.426388488454381,1.1908570193450774,1.226020747100005,0.2860616920517086,0.2249063585217536,0.6423908869832331,0.5785754363617063,560971685.0,540000000.0,297.55,[],{},0.0321363899726234,21.580164323099464,26.23175161426533,0.0381217394364233,0.0285666277455885,,0.1593254238829037,1.0,20,20,0.3542682926829268,4.0,22.0,0.3934045454545454,0.3934045454545454,0.1818181818181818,0.0,1.0,0.1818181818181818,22.0,4,5,"cheapness,dividend,garp,risk",0.4988966666666666,True,0.9,0.3384,hold,2,2,stable,0.2078,building,neutral,0.375,58.51162397204515
GEBN.SW,Geberit AG,Industrials,18683740160.0,31.059711,27.67408,16.856426,2.2,1.644,134.428,0.54099,0.1549547681381062,0.19413,0.065,0.124,482224992.0,20018141184.0,924600000.0,767200000.0,3162900000.0,1490000000.0,155600000.0,34.254,3857900000.0,1311600000.0,,851800000.0,597800000.0,866900000.0,0.7364444022890385,,32973728.0,0.1639934084042845,0.7285367039377735,1.5397980746654143,1.3203463203463204,0.351175509992483,0.3771216698709146,0.8198501775577387,0.8474320241691843,32937493.0,27900000.0,577.4,[],{},0.0258098746755424,21.65059613238157,26.092467653806047,0.0383252367414215,0.032196049731435,,0.2552143973919696,1.0,20,20,0.3651219512195122,6.0,22.0,0.4185409090909091,0.4185409090909091,0.2727272727272727,0.0,1.0,0.2727272727272727,22.0,5,5,"cheapness,quality,dividend,garp,risk",0.5432333333333333,True,0.9,0.3115,hold,2,4,stable,0.3383,persistent,neutral,0.375,63.46172358239054
CFR.SW,Compagnie Financière Richemont SA,Consumer Cyclical,112325992448.0,34.736362,23.868279,4.986964,1.73,3.098,55.981,0.14961,0.0817399056847242,0.1554,0.042,-0.272,2592000000.0,108748414976.0,5359000064.0,4635000000.0,22420000000.0,13514999808.0,17234999296.0,38.30988,42623000000.0,28934000000.0,,9341000000.0,3484000000.0,4880000000.0,0.643978590544157,,587940297.0,0.0670877432570843,0.669143417916725,3.0975270313670915,2.8984143222506398,0.3170823264434695,0.3206116178120275,0.5260070853764399,0.5218504609081598,587940297.0,305000000.0,191.05,[],{},0.0230756919525989,20.29266909447083,23.462441203020497,0.0426213108579367,0.0287882766767573,,0.1392644672796106,1.0,20,20,0.3145220588235293,4.0,22.0,0.4233227272727272,0.4233227272727272,0.1818181818181818,0.0,1.0,0.1818181818181818,22.0,3,5,"quality,garp,risk",0.5357483333333334,True,1.0,0.3113,hold,2,4,stable,0.1877,persistent,neutral,0.375,56.581779754255294
DIE.BR,D'Ieteren Group SA,Consumer Cyclical,9150082048.0,22.109276,11.304846,639.7059,1.13,1.273,7910.915,,0.0684357316738944,0.05284,0.034,-0.118,325275008.0,11106082816.0,544200000.0,322000000.0,8033500000.0,2246700032.0,304800000.0,0.272,6202900000.0,2341000000.0,,1839300000.0,424500000.0,551700000.0,0.2508869110599365,,52586680.0,0.0556977562231502,0.2412596416790317,1.272766813461643,1.4485676741130091,0.3622176723790485,0.396964389959136,1.2951200245046672,1.2206355621416918,53063318.0,118400000.0,174.0,[],{},0.0355488624357305,20.40809043733921,34.49094042236025,0.0289931207370532,0.0452298845063945,,0.0737922816023466,0.95,19,20,0.3117238562091503,4.0,22.0,0.3508954545454545,0.3508954545454545,0.1818181818181818,0.0,1.0,0.1818181818181818,22.0,4,5,"quality,dividend,garp,risk",0.4794666666666667,True,0.9,0.3053,hold,2,5,stable,0.2345,persistent,neutral,0.625,50.56326836149239
ELI.BR,Elia Group SA/NV,Utilities,13828513792.0,21.844826,17.434547,1.7611898,1.6,1.191,175.519,0.083900005,0.0182247438457662,0.13893,0.18,0.1,-3870874880.0,28911613952.0,2630700032.0,1046700000.0,4442200000.0,17704300544.0,3448499968.0,71.94,32148600000.0,5927500000.0,,4877700000.0,585900000.0,2090400000.0,0.6526720994102021,,109148266.0,0.0180723374893692,0.5019644279267321,1.2152243885437808,0.9092962866787848,0.5527892349900151,0.5948627224441984,0.1381770901376731,0.1511176366758131,77568348.0,289500000.0,126.7,[],{},-0.2799198047037678,10.990083856128528,27.621681429253844,0.036203444115495,0.0457774303169089,,0.0383815715652948,1.0,20,20,0.3020833333333333,4.0,22.0,0.3633727272727273,0.3633727272727273,0.1818181818181818,0.0,1.0,0.1818181818181818,22.0,4,5,"cheapness,quality,dividend,garp",0.4554966666666667,False,0.53335,0.3,hold,2,5,stable,0.2408,persistent,neutral,0.625,46.006620348210035
KRZ.IR,Kerry Group plc,Consumer Defensive,13445529600.0,21.581633,15.002207,2.1999166,1.69,1.765,46.206,0.106120005,0.0617202950576899,0.096219994,-0.037,-0.038,277550016.0,15668529152.0,1138400000.0,895000000.0,6757600000.0,2825100032.0,604499968.0,38.456,10669100000.0,2770200000.0,,1653500000.0,658500000.0,755500000.0,0.5115277613353854,,161102087.0,0.0586933066933066,0.5138185334314702,1.6753553069247051,1.3872806565708595,0.2430476797480574,0.2812867132867133,0.63338051007114,0.5537742257742257,166440652.0,87800000.0,84.6,[],{},0.0206425499223176,13.763641208713985,17.506736482681564,0.0571208689288974,0.0463356966546507,,0.0992723723324016,1.0,20,20,0.2828754578754578,6.0,22.0,0.4718181818181818,0.4718181818181818,0.2727272727272727,0.0,1.0,0.2727272727272727,22.0,5,5,"cheapness,quality,dividend,garp,risk",0.5544883333333332,True,0.83335,0.2875,hold,2,2,stable,0.2139,building,neutral,0.5,58.10075067193131
LONN.SW,Lonza Group AG,Healthcare,41096347648.0,37.912373,26.766016,5.0561557,0.85,1.663,51.116,0.12895,-0.0153571229128273,-0.01601,0.112,0.392,-1567000064.0,44768010240.0,2390000128.0,1358000000.0,6531000000.0,4167000064.0,487000000.0,116.373,17907000000.0,6834000000.0,,3625000000.0,-275000000.0,1156000000.0,0.3535446332873985,,69844229.0,0.0322302741600364,0.3271897810218978,1.8852413793103449,1.5199776473875384,0.2535321382699503,0.2594638422946334,0.3647177081588206,0.2777073937059747,72142714.0,163000000.0,588.4,[],{},-0.0381299106534169,18.73138403446981,32.96613419734904,0.0303341603238518,0.0263766132497166,,0.0950847220277272,1.0,20,20,0.3000582750582751,5.0,22.0,0.3143227272727272,0.3143227272727272,0.2272727272727272,0.0,1.0,0.2272727272727272,22.0,4,5,"quality,dividend,garp,risk",0.4121366666666667,True,0.75,0.2769,hold,2,4,stable,0.2308,persistent,neutral,0.5,56.69758885704619
AZN.ST,AstraZeneca PLC,Healthcare,2437217255424.0,24.865505,137.93158,48.462704,1.89,0.886,64.225,0.21965,0.0896347984641548,0.17021999,0.064,0.025,4905375232.0,2464853524480.0,19904000000.0,13327000000.0,58739000000.0,32349999104.0,4968000000.0,32.427,114074000000.0,28723000000.0,,30617000000.0,10225000000.0,14575000000.0,0.8189788726399837,,1550760380.0,0.0676214735425577,0.8112366615501266,0.9381389424176112,0.9268283930237564,0.2555271139786454,0.289460277791128,0.5149201395585322,0.5197577738261162,1550103897.0,1614000000.0,1571.5,[],{},0.0020126951017941,123.83709427652732,184.9518664725745,0.005406812156439,0.0402163559517492,,0.1596870244557077,1.0,20,20,0.3181818181818182,5.0,22.0,0.4171727272727273,0.4171727272727273,0.2272727272727272,0.0,0.8889,0.2272727272727272,22.0,3,5,"quality,dividend,garp",0.5294683333333333,False,0.73335,0.2758,hold,2,2,stable,0.1336,building,neutral,0.5,46.69730118616505
EBS.VI,Erste Group Bank AG,Financial Services,47157981184.0,13.579419,10.880115,1.9430218,0.6,,,0.13213,0.0095231893730973,0.29145,0.399,0.175,,125483524096.0,,,11761000000.0,83075997696.0,17927000064.0,62.48,368574000000.0,,,,3510000000.0,4039000000.0,,,388406224.0,0.0088342718863785,,,,0.1508326686092887,0.1486390980844471,0.0319094672982901,0.0307969785376665,388126224.0,8819000000.0,121.4,[],{},,,,,0.0736408531175008,,,0.7,14,20,0.3076685219542363,4.0,22.0,0.4225909090909091,0.4225909090909091,0.1818181818181818,0.0,1.0,0.1818181818181818,22.0,3,5,"cheapness,dividend,garp",0.4853983333333332,False,0.53335,0.2719,hold,2,3,stable,0.1065,building,neutral,0.5,58.76133340408305
CAI.VI,CA Immobilien Anlagen AG,Real Estate,2135226880.0,14.841772,16.853167,0.8555584,3.79,1.007,81.048,0.06993,0.0337641902464336,0.63566,-0.196,-0.225,51756376.0,3806868992.0,150360000.0,164637000.0,300673000.0,2069028992.0,433105984.0,27.409,5461674000.0,1052634000.0,,419283000.0,184409000.0,208020000.0,0.7130503902911136,,93823352.0,-0.0109941002856883,0.6725554048776587,2.5105573085481643,2.38394854189184,0.4137711258489613,0.4513084885256055,0.0550514366108266,0.0539424015239366,97154743.0,59447000.0,23.45,[],{},0.0242392864593386,25.318362543229583,23.12280345244386,0.0432473511292295,0.0673773994102591,,0.0326505818370689,1.0,20,20,0.2483333333333333,4.0,22.0,0.50635,0.50635,0.1818181818181818,0.0,1.0,0.1818181818181818,22.0,4,5,"cheapness,quality,dividend,garp",0.5690283333333334,False,0.63335,0.265,hold,2,3,stable,0.1797,building,neutral,0.5,41.23743380560856
ASML.AS,ASML Holding N.V.,Technology,570926235648.0,58.38178,28.756435,26.158884,0.52,1.334,9.092,0.53942,0.1900345287205388,0.30114,0.213,0.285,8437675008.0,565329133568.0,13488400384.0,11301400000.0,32667300000.0,1984400000.0,7581499904.0,56.822,50566600000.0,30616100000.0,,24263900000.0,9609400000.0,12658500000.0,0.5282958799778371,,385417665.0,0.1558275845036798,0.512757006535069,1.26179633117512,1.532930368951794,0.0868339971443601,0.0964733193934504,0.6460252419581305,0.5816656239195219,393283720.0,118300000.0,1486.4,[],{},0.0147789232323914,41.9122444080616,50.02292933335693,0.0199908324707639,0.0171286315696438,,0.4296669163241796,1.0,20,20,0.3377272727272727,7.0,22.0,0.4228318181818182,0.4228318181818182,0.3181818181818182,0.0,1.0,0.3181818181818182,22.0,5,5,"cheapness,quality,dividend,garp,risk",0.5108266666666667,True,1.0,0.2636,hold,2,6,stable,0.3007,persistent,neutral,0.375,46.7590626264111
ASM.AS,ASM International NV,Technology,40502546432.0,37.815357,27.110653,9.112234,0.4,2.169,1.585,0.26798,0.1356005246393104,0.31929,0.2,0.415,235275008.0,39418077184.0,1154800000.0,938100000.0,3173200000.0,70500000.0,1180099968.0,90.801,5337000000.0,2345800000.0,,1041400000.0,723700000.0,1060900000.0,0.5179629396193117,,48881549.0,0.1328386834305197,0.5051317898182562,2.252544651430766,2.012414597567072,0.002604459434139,0.0022666072570177,0.5945662357129473,0.5681435130475213,49097817.0,900000.0,827.4,[],{},0.0058088942233546,34.134116023553865,42.01905679991472,0.0237987255345062,0.0264442829403937,,0.2183862557035105,1.0,20,20,0.2988636363636364,7.0,22.0,0.4351772727272727,0.4351772727272727,0.3181818181818182,0.0,1.0,0.3181818181818182,22.0,5,5,"cheapness,quality,dividend,garp,risk",0.514945,True,0.83335,0.2572,hold,2,5,stable,0.278,persistent,neutral,0.625,44.40758408934481
RMS.PA,Hermès International Société en commandite par actions,Consumer Cyclical,163711254528.0,36.33194,30.614159,8.605975,1.16,4.537,11.984,0.25452,0.1860044404243072,0.27996,0.016,-0.003,4914625024.0,153683623936.0,7056000000.0,6695000000.0,16001000000.0,2280000000.0,12309999616.0,181.618,24322000000.0,15911000000.0,,3186000000.0,4524000000.0,5374000000.0,0.7110805574651584,,104836315.0,0.1994021833304453,0.702636783124588,4.994036409290646,4.2645356847616425,0.096455883562207,0.0941777854791197,0.6578817531453005,0.6571651360249523,104837768.0,55000000.0,1563.0,[],{},0.0300200804041816,21.780558947845805,22.95498490455564,0.043563522440023,0.0275239912870053,,0.3167581377744133,1.0,20,20,0.2973529411764706,7.0,22.0,0.4811318181818181,0.4811318181818181,0.3181818181818182,0.0,1.0,0.3181818181818182,22.0,4,5,"cheapness,quality,garp,risk",0.5682333333333334,True,1.0,0.2537,hold,2,6,stable,0.2204,persistent,neutral,0.625,51.380291021600996
ITX.MC,"Industria de Diseño Textil, S.A.",Consumer Cyclical,179641262513.6,28.564358,24.183138,9.469884,1.12,1.291,31.815,0.33955002,0.1745328020652113,0.15592,0.058,0.053,,175043870720.0,9512999936.0,8064000000.0,39864000000.0,6040999936.0,10796999680.0,6.093,35638000000.0,15691000000.0,,10172000000.0,6220000000.0,9232000000.0,0.5825306040537829,,3116366768.0,0.1689808146569107,0.5783547318285359,1.542567833267794,1.605575733778345,0.171025310062293,0.1702195079794895,1.1185812896346596,1.1128651264619462,3114746154.0,370000000.0,57.7,[],{},,18.40049110665736,21.706829206349205,0.0460684511078892,0.0350086635939796,,0.3166575041231446,0.95,19,20,0.3149816176470588,6.0,22.0,0.5022772727272727,0.5022772727272727,0.2727272727272727,0.0,1.0,0.2727272727272727,22.0,5,5,"cheapness,quality,dividend,garp,risk",0.5576283333333334,True,0.83335,0.2475,hold,2,6,stable,0.2672,persistent,neutral,0.5,56.2925414921643
UBSG.SW,UBS Group AG,Financial Services,134104301568.0,18.638298,12.564832,1.8551304,1.97,,,0.10672,0.0048020714381545,0.17949,0.146,0.206,,158211309568.0,,,47295000000.0,599213015040.0,575371018240.0,23.610199,1617427000000.0,,,,7767000000.0,21851000000.0,,,3091699191.0,0.0032497821125245,,,,0.2077633179117202,0.2124070623656573,0.0292408869148344,0.0289745614774943,3174825251.0,26545000000.0,43.8,[],{},,,,,0.0536529676690436,,,0.7,14,20,0.2467316736419726,5.0,22.0,0.4122454545454546,0.4122454545454546,0.2272727272727272,0.0,1.0,0.2272727272727272,22.0,4,5,"cheapness,quality,dividend,garp",0.5001416666666667,False,0.53335,0.2451,hold,2,4,stable,0.1377,persistent,neutral,0.5,66.67606069641118
LIFCO-B.ST,Lifco AB (publ),Industrials,143804874752.0,37.334908,39.674187,7.074228,0.85,0.944,57.938,0.20181999,0.0883812582104802,0.13166,0.108,0.178,4165750016.0,154480885760.0,7102000128.0,5170000000.0,28251000000.0,11864000512.0,1336999936.0,44.754,41106000000.0,10672000000.0,,10788000000.0,3633000000.0,5124000000.0,0.4369402852996354,,454216300.0,0.084882614621101,0.4433944217010368,0.989247311827957,0.8756567425569177,0.2667250523037999,0.2662963820103371,0.6872719311049482,0.6720923654503844,454216300.0,408000000.0,316.6,[],{},0.0289680723493141,21.75174358994323,29.88024869632495,0.0334669235910005,0.0267845845502016,,0.1705257602744244,1.0,20,20,0.2710975609756098,5.0,22.0,0.4101818181818182,0.4101818181818182,0.2272727272727272,0.0,1.0,0.2272727272727272,22.0,4,5,"quality,dividend,garp,risk",0.5130600000000001,True,0.9,0.2382,hold,2,3,stable,0.1783,building,neutral,0.5,51.145434824915945
ATCO-A.ST,Atlas Copco AB (publ),Industrials,1017192382464.0,38.25688,32.5273,9.568609,1.45,1.272,33.668,0.25698,0.1304987799697709,0.15665,0.091,0.08,25972000768.0,1038580383744.0,42228998144.0,34811000000.0,168343000000.0,35858001920.0,14709000192.0,21.79,202454000000.0,87018000000.0,,56006000000.0,26420000000.0,32566000000.0,0.4289575450122666,,4870587525.0,0.1428133002138699,0.4284865730238557,1.5537263864585935,1.7235586032662638,0.1720390804824799,0.1664348943597809,0.8315123435447065,0.8476680509067892,4870613982.0,882000000.0,208.5,[],{},0.0255330271989322,24.594009552451677,29.834833349918128,0.0335178677980698,0.0261390892304861,,0.2377021195236534,1.0,20,20,0.2818292682926829,6.0,22.0,0.454890909090909,0.454890909090909,0.2727272727272727,0.0,1.0,0.2727272727272727,22.0,5,5,"cheapness,quality,dividend,garp,risk",0.5645883333333332,True,1.0,0.2343,hold,2,4,stable,0.2581,persistent,neutral,0.375,57.99177566917216
BG.VI,BAWAG Group AG,Financial Services,13667238912.0,15.515735,11.041888,2.9036005,3.46,,,0.1989,0.0118939928351107,0.45091,0.035,0.296,,18918238208.0,,,2353900000.0,19505000448.0,14263000064.0,61.131,72297000000.0,,,,859900000.0,-3276000000.0,,,76976955.0,0.0106530606523597,,,,0.2454458691232001,0.2445438107119328,0.0325587507088814,0.0232741340883923,78524046.0,1523800000.0,177.5,[],{},,,,,0.0644507011752907,,,0.7,14,20,0.2966123024262559,5.0,22.0,0.4498954545454545,0.4498954545454545,0.2272727272727272,0.0,1.0,0.2272727272727272,22.0,4,5,"cheapness,quality,dividend,garp",0.554975,False,0.36665,0.2204,hold,2,3,stable,0.1267,building,neutral,0.375,57.63462918245278
BESI.AS,BE Semiconductor Industries N.V.,Technology,15434828800.0,74.71265,30.02023,27.491894,0.82,4.283,62.453,0.44873002,0.118196502437268,0.28435,0.687,1.78,172208000.0,15609247744.0,278672992.0,173056000.0,591331000.0,358012992.0,509094016.0,7.093,1113747000.0,856984000.0,,154325000.0,131641000.0,178141000.0,0.6329348537451952,,79281785.0,0.1474244942793541,0.6517886391658559,5.553111939089583,5.979153067152157,0.4680039542194053,0.4412471364368364,0.5309383549405745,0.4920897611618209,79312140.0,25070000.0,195.0,[],{},0.0111571046385691,56.012775518626505,90.19766863905323,0.0110867610558952,0.0133846142520711,,0.1803752676090396,1.0,20,20,0.2745454545454545,6.0,22.0,0.4111818181818181,0.4111818181818181,0.2727272727272727,0.0,1.0,0.2727272727272727,22.0,4,5,"quality,dividend,garp,risk",0.5681283333333333,True,1.0,0.2145,hold,2,5,stable,0.1956,persistent,neutral,0.625,37.1667180921576
OR.PA,L'Oréal S.A.,Consumer Defensive,204990283776.0,32.697536,25.82061,6.054623,1.86,0.969,49.316,0.19409001,0.0991116316085744,0.13904001,0.058,0.054,6398387712.0,217601261568.0,10349500416.0,8891900000.0,44052000000.0,16712599552.0,4048800000.0,63.563,61821200000.0,22198500000.0,,15366500000.0,6127200000.0,8656900000.0,0.7431807863434123,,533783028.0,0.1137233955715183,0.7418297046460075,1.44460352064556,1.1255465974309922,0.1927510303908691,0.1507451191942278,0.7125710921172672,0.7716801470718715,534312021.0,374800000.0,384.85,[],{},0.031213126759665,21.025291349483435,24.47185208650569,0.0408632741185707,0.0305833442617816,,0.1914101264242369,1.0,20,20,0.2574175824175824,7.0,22.0,0.4891499999999999,0.4891499999999999,0.3181818181818182,0.0,1.0,0.3181818181818182,22.0,5,5,"cheapness,quality,dividend,garp,risk",0.6022283333333334,True,1.0,0.2115,hold,2,6,stable,0.2345,persistent,accumulate,0.75,54.306583506152734
EPI-A.ST,Epiroc AB (publ),Industrials,330676436992.0,37.38714,32.65233,7.415748,1.39,2.133,42.095,0.2123,0.1070206651156425,0.14168,0.104,0.158,5663249920.0,342527475712.0,14691000320.0,12495000000.0,61998000000.0,18773000192.0,6928000000.0,36.854,80377000000.0,45533000000.0,,19156000000.0,8602000000.0,10675000000.0,0.3705603406561502,,1209043512.0,0.1044515426670973,0.3607634739953462,2.376957611192316,2.4766600920447077,0.2514400885825547,0.258000454605271,0.7713400599674036,0.7609135173288352,1208376598.0,816000000.0,273.3,[],{},0.0171262578353504,23.31546308971832,27.41316332228892,0.0364788254548838,0.0267471649342527,,0.2040966335081099,1.0,20,20,0.2392682926829268,7.0,22.0,0.4772727272727273,0.4772727272727273,0.3181818181818182,0.0,1.0,0.3181818181818182,22.0,5,5,"cheapness,quality,dividend,garp,risk",0.5832633333333334,True,1.0,0.2051,hold,2,4,stable,0.2222,persistent,neutral,0.5,62.80407574598563
ABBN.SW,ABB Ltd,Industrials,143646228480.0,36.36697,27.433527,11.240293,1.18,1.429,55.751,0.32575,0.105469533251643,0.14086,0.142,0.082,1570499968.0,147688194048.0,7148000256.0,5729000000.0,33220000000.0,9146000384.0,5856999936.0,7.053197,44885000000.0,25578000000.0,,16421000000.0,4734000000.0,5469000000.0,0.4105960264900662,,1818141427.0,0.0976717633042097,0.392407546676258,1.5576396078192558,1.4166097993721851,0.2025175448368051,0.1913224781572676,0.740113623705024,0.7591094122319301,1838192288.0,86000000.0,79.28,[],{},0.0109331096584875,20.661470167692173,25.779052897189736,0.0387911846097733,0.0274974791685972,,0.2012717818999438,1.0,20,20,0.2569512195121951,6.0,22.0,0.4063090909090908,0.4063090909090908,0.2727272727272727,0.0,1.0,0.2727272727272727,22.0,5,5,"cheapness,quality,dividend,garp,risk",0.51174,True,0.83335,0.1972,hold,2,4,stable,0.2271,persistent,neutral,0.5,46.917335207937185
ADDT-B.ST,Addtech AB (publ.),Industrials,91192639488.0,40.89588,43.08673,10.609629,1.05,1.758,74.526,0.26891002,0.1007508212106992,0.096499994,0.057,0.148,2588000000.0,97240694784.0,3835000064.0,3009000000.0,22703000000.0,6833999872.0,1396999936.0,31.839,21310000000.0,9180000000.0,,6143000000.0,2147000000.0,2996000000.0,,,269960442.0,0.1021984551396316,,1.4943838515383363,1.5545539906103287,0.3354293758798686,0.334143574785286,1.0653683716564992,1.1773348457840436,269862072.0,203000000.0,337.8,[],{},0.0283794834158797,25.356112949467736,32.316615082751746,0.0309438348490194,0.0244523409204056,,0.1983912441484802,1.0,20,20,0.2535365853658536,5.0,22.0,0.3792818181818182,0.3792818181818182,0.2272727272727272,0.0,1.0,0.2272727272727272,22.0,4,5,"cheapness,dividend,garp,risk",0.4955833333333334,True,1.0,0.1913,hold,2,4,stable,0.1779,persistent,neutral,0.5,55.185543897973915
ENR.DE,Siemens Energy AG,Industrials,127831498752.0,48.46452,24.281723,11.917189,0.46,0.904,26.488,0.27749002,0.0249660116178469,0.064330004,0.175,0.8,6204624896.0,119835262976.0,4606000128.0,1569000000.0,39077000000.0,2959000064.0,11088000000.0,12.607,56637000000.0,34453000000.0,,38491000000.0,1414000000.0,5821000000.0,0.168359904803337,,855344213.0,0.0232731847309038,0.1306542869577832,0.8950923592528124,0.8986585402288548,0.0700248953864081,0.074026025081574,0.6899553295548846,0.6774580335731415,790195238.0,293000000.0,150.24,[],{},0.0485375275779039,26.017207912678547,76.3768406475462,0.0130929741466352,0.020633651174096,,0.0864653367133252,1.0,20,20,0.2678048780487805,6.0,22.0,0.4160772727272727,0.4160772727272727,0.2727272727272727,0.0,1.0,0.2727272727272727,22.0,4,5,"quality,dividend,garp,risk",0.5295300000000001,True,0.9,0.1898,hold,2,5,stable,0.183,persistent,neutral,0.5,44.653528999120816
DB1.DE,Deutsche Börse AG,Financial Services,52067074048.0,24.918032,21.227724,5.02768,1.46,1.009,57.645,0.20412001,0.0067136453579937,0.27294,0.117,0.137,2181125120.0,56856076288.0,3347000064.0,2978000000.0,7381000000.0,6186999808.0,1775000064.0,57.442,297156000000.0,274582000000.0,,270651000000.0,1995000000.0,2810000000.0,0.5695705188998781,,182105935.0,0.0087703500936464,0.5832265413640895,1.0145242397035297,1.0177593470918178,0.0273795582118483,0.0431448998703356,0.0248388052066927,0.0316191831148249,183778379.0,192000000.0,288.8,[],{},0.0418906796642585,16.987175142163366,19.09203367629281,0.0523778669656199,0.0401315802146814,,0.1123561592152424,1.0,20,20,0.2631640817003334,6.0,22.0,0.4774181818181818,0.4774181818181818,0.2727272727272727,0.0,1.0,0.2727272727272727,22.0,5,5,"cheapness,quality,dividend,garp,risk",0.5905733333333333,True,0.9,0.1873,hold,2,6,stable,0.2252,persistent,neutral,0.375,76.38061777137116
UMG.AS,Universal Music Group N.V.,Communication Services,27311316992.0,82.52777,13.513144,7.4275,3.55,0.607,152.303,0.076680005,0.08782080659945,0.0252,0.053,-0.844,1791500032.0,31953893376.0,2206000128.0,2141000000.0,12507000000.0,5555999744.0,550000000.0,2.0,17456000000.0,4575000000.0,,7206000000.0,1533000000.0,1739000000.0,0.424642200367794,,1833967537.0,0.1204387990762124,0.4299476085854318,0.63488759367194,0.599816369359916,0.1951764436296975,0.1842956120092378,0.716487167736022,0.683256351039261,1829066936.0,137000000.0,14.855,[],{},0.0655955197079937,14.48499162371762,14.92475169360112,0.0670027897635806,0.0121171334206655,,0.2088780487804878,1.0,20,20,0.1571428571428571,4.0,22.0,0.3605227272727273,0.3605227272727273,0.1818181818181818,0.0,1.0,0.1818181818181818,22.0,3,5,"cheapness,garp,risk",0.4555566666666666,True,0.8,0.1714,hold,2,5,stable,0.0986,persistent,accumulate,0.75,37.972225082177715
EQT.ST,EQT AB (publ),Financial Services,393381347328.0,34.25813,23.104866,51.013924,1.48,6.392,34.006,0.13895,0.0640218156228008,0.35186002,0.265,0.932,1399399936.0,390543147008.0,1701699968.0,1048600000.0,2632400000.0,2628999936.0,6472000000.0,6.608,11368000000.0,6685100000.0,,978100000.0,727800000.0,430300000.0,0.6650964898951527,,1171153769.0,0.0676154723850502,0.6819089983790101,6.834781719660566,6.848613827217301,0.2326354679802955,0.1936225622980376,0.2315622800844475,0.2310492897022062,1180449205.0,69800000.0,337.1,[],{},0.0035573622021106,229.5017655004152,372.4424442189586,0.0026849786202458,0.0291901513596918,,0.100924936717389,1.0,20,20,0.1934540835361628,4.0,22.0,0.4105409090909091,0.4105409090909091,0.1818181818181818,0.0,1.0,0.1818181818181818,22.0,3,5,"dividend,garp,risk",0.5544450000000001,True,0.83335,0.1545,hold,2,4,stable,0.1044,persistent,neutral,0.5,61.461359362489986
RACE.MI,Ferrari N.V.,Consumer Cyclical,62537125888.0,38.258064,32.29862,17.109058,1.02,2.429,86.386,0.45439997,0.1658559014045186,0.2225,0.084,0.101,1001981760.0,64331472896.0,2470598912.0,2097144000.0,7145768000.0,3165647104.0,1431513984.0,20.796,9628352000.0,4824373000.0,,2389788000.0,1596919000.0,2349306000.0,0.5167809814144539,,177278893.0,0.1602457201352911,0.5013256612430033,2.0187451773964886,1.7767763062655229,0.2995548978682956,0.35293634529784,0.7421589904482097,0.7030183594102902,179044331.0,41168000.0,355.8,[],{},0.0160221907510505,26.038816978156262,30.675753737463904,0.0325990359864805,0.0261382802851707,,0.2897182369320766,1.0,20,20,0.2223161764705882,6.0,22.0,0.4052681818181818,0.4052681818181818,0.2727272727272727,0.0,1.0,0.2727272727272727,22.0,5,5,"cheapness,quality,dividend,garp,risk",0.50819,True,0.9,0.1407,hold,2,6,stable,0.1815,persistent,neutral,0.375,59.99156190176641
SAAB-B.ST,Saab AB (publ),Industrials,345382060032.0,48.797565,64.442215,6.8815265,0.37,1.227,28.581,0.15858,0.0506318963305106,0.080469996,0.286,0.399,7511000064.0,347386052608.0,10826000384.0,7622000000.0,79146000000.0,14458999808.0,12855000064.0,93.177,124704000000.0,82578000000.0,,63744000000.0,6314000000.0,12105000000.0,0.2169155737497788,,538943388.0,0.0417839576049607,0.214318206773227,1.2954631024096386,1.3155385698481343,0.1179513086989992,0.104024122697174,0.6346709006928406,0.6386403934964888,536467770.0,570000000.0,641.2,[],{},0.021746931682856,32.08812491096989,45.57675841091577,0.021941007541258,0.0204928258203047,,0.1250328083989501,1.0,20,20,0.1614634146341463,4.0,22.0,0.3744727272727272,0.3744727272727272,0.1818181818181818,0.0,1.0,0.1818181818181818,22.0,3,5,"dividend,garp,risk",0.4659883333333333,True,1.0,0.1322,hold,2,3,stable,0.0771,building,neutral,0.5,52.71442428946619
RHM.DE,Rheinmetall AG,Industrials,54750969856.0,44.98466,21.92527,11.011207,1.01,1.002,51.63,0.25688,0.0414977343191032,0.062649995,0.688,-0.057,642764992.0,58270969856.0,2310000128.0,1702000000.0,9935000000.0,2977999872.0,255000000.0,106.546,16772000000.0,10901000000.0,,9071000000.0,696000000.0,2287000000.0,0.5238047307498742,,45881030.0,0.0499860568878973,0.5384316267012313,1.201741814573917,1.2136537894426422,0.0764369186739804,0.1689208031232571,0.592356308132602,0.5378555493586168,43437346.0,116000000.0,1173.2,[],{},0.0117397918920985,25.225526678412376,34.23676254759107,0.0292083691794731,0.0222298001140833,,0.2210102584079989,1.0,20,20,0.1802439024390243,4.0,22.0,0.3406136363636363,0.3406136363636363,0.1818181818181818,0.0,1.0,0.1818181818181818,22.0,3,5,"cheapness,garp,risk",0.4538783333333333,True,1.0,0.1254,hold,2,5,stable,0.0917,persistent,neutral,0.625,52.540023830760674
ABB.ST,ABB Ltd,Industrials,1700272799744.0,36.49942,35.612904,107.12329,1.18,1.429,55.751,0.32575,0.105469533251643,0.14086,0.142,0.082,1570499968.0,1706991026176.0,7148000256.0,5729000000.0,33220000000.0,9146000384.0,5856999936.0,8.76,44885000000.0,25578000000.0,,16421000000.0,4734000000.0,5469000000.0,0.4105960264900662,,1818141427.0,0.0976717633042097,0.392407546676258,1.5576396078192558,1.4166097993721851,0.2025175448368051,0.1913224781572676,0.740113623705024,0.7591094122319301,1838192288.0,86000000.0,938.4,[],{},0.0009236752880105,238.80679421397045,297.9561923854076,0.0033561980772881,0.0273976956346155,,0.2012717818999438,1.0,20,20,0.1867073170731707,5.0,22.0,0.3801318181818182,0.3801318181818182,0.2272727272727272,0.0,1.0,0.2272727272727272,22.0,4,5,"quality,dividend,garp,risk",0.5020583333333334,True,0.83335,0.1123,hold,2,4,stable,0.1196,persistent,neutral,0.5,47.10857078974045
LOTB.BR,Lotus Bakeries NV,Consumer Defensive,10550637568.0,55.16362,46.421864,11.760613,0.69,1.665,45.611,0.22961001,0.1121091088244156,0.13196999,0.14,0.234,119732624.0,10685508608.0,291377984.0,233186000.0,1355061000.0,409188000.0,274316992.0,1103.684,1536521000.0,504192000.0,,339515000.0,172258000.0,205878000.0,0.3966544679538412,,812053.0,0.1095955057632509,0.3896944104864463,1.48503600724563,1.1772405778635096,0.2032188300713104,0.2020646710956821,0.8819020371345396,0.8848793585326067,812466.0,3299000.0,12980.0,[],{},0.0113483780698853,36.67232665045826,45.82397145626239,0.0218226392916308,0.0181278893589652,,0.1948077119078768,1.0,20,20,0.1197802197802197,6.0,22.0,0.4127409090909091,0.4127409090909091,0.2727272727272727,0.0,1.0,0.2727272727272727,22.0,4,5,"quality,dividend,garp,risk",0.517265,True,1.0,0.0451,hold,2,5,stable,0.066,persistent,neutral,0.375,64.69750207803209
ADYEN.AS,Adyen N.V.,Technology,34079383552.0,30.35142,23.094757,5.7675867,,1.648,6.928,0.21271,0.0866883486938608,0.43555,0.189,0.129,-1190886784.0,22085556224.0,1290572032.0,1096267000.0,2646897000.0,409363008.0,12403191808.0,187.184,12256849000.0,11689803000.0,,6787358000.0,1062526000.0,1030422000.0,0.8884433357248128,,31536692.0,0.0809750904113588,0.8931407741100045,1.722290617350669,1.551525949324971,0.020589794326421,0.0199781554568601,0.2159524850147048,0.1947962058519533,31485187.0,19700000.0,1079.6,[],{},-0.0349444931180426,17.112997706740945,20.14614708278184,0.0496372827961065,0.0329473876345818,,0.2004330933170929,0.95,19,20,0.411764705882353,3.0,22.0,0.3728863636363635,0.3728863636363635,0.1363636363636363,0.0,1.0,0.1363636363636363,22.0,3,5,"cheapness,quality,risk",0.4039483333333333,True,0.83335,0.4479,avoid,1,4,stable,0.245,persistent,wait,0.25,73.10880016209867
ALC.SW,Alcon Inc.,Healthcare,28259563520.0,55.676193,16.59279,1.6252935,0.48,2.092,24.537,0.029409999,0.0310568848043099,0.0592,0.087,,1272749952.0,32102563840.0,2404000000.0,1360000000.0,10401000000.0,5298999808.0,1456999936.0,35.968887,31555000000.0,6449000000.0,,3049000000.0,980000000.0,2271000000.0,0.5523507355062013,,487427920.0,0.0335453257323623,0.5561497326203209,2.1151197113807805,2.769534679543459,0.0161305656789732,0.0163772366296503,0.3296149580098241,0.3265891191880581,494616324.0,204000000.0,58.46,[],{},0.0450378489072997,13.353811913477536,23.604826352941178,0.0423642175988894,0.0179609981594826,,0.0477092541920999,1.0,20,20,0.4086829836829836,2.0,22.0,0.3597045454545454,0.3597045454545454,0.0909090909090909,0.0,1.0,0.0909090909090909,22.0,1,5,risk,0.3874733333333333,True,1.0,0.4357,avoid,1,4,stable,0.0844,persistent,insufficient_data,0.0,
ATS.VI,AT & S Austria Technologie & Systemtechnik Aktiengesellschaft,Technology,5703180288.0,107.15329,17.235106,7.3861637,,1.762,142.952,0.05934,-0.0055016356562748,0.03665,0.375,,107368248.0,6694476288.0,503228992.0,96896000.0,1790776000.0,2173391872.0,1208061952.0,19.875,4651344000.0,1426941000.0,,1101155000.0,-25590000.0,413718000.0,0.1136256014152523,,38850000.0,0.0194055974314816,0.1119099712762624,1.295858439547566,1.248052124365977,0.4393805317344836,0.428494284008204,0.3850018403283008,0.3439170770122801,38850000.0,93499000.0,146.8,[],{},0.0188260308421096,13.303041745257794,69.08929458388376,0.0144740224375263,0.0093324246040415,,0.0272931948130085,0.95,19,20,0.3471479500891266,0.0,22.0,0.1239363636363636,0.1239363636363636,0.0,0.0,0.6667,0.0,22.0,0,5,,0.1593333333333333,False,0.55,0.4209,avoid,1,3,stable,0.0,building,insufficient_data,0.0,
SEB-A.ST,Skandinaviska Enskilda Banken AB (publ),Financial Services,431269707776.0,14.123647,14.0342,1.9135451,3.83,,,0.14083,0.0084624624150123,0.41787,0.023,0.076,,631338893312.0,,,77063000000.0,1158076956672.0,958754979840.0,115.806,3670681000000.0,,,,31063000000.0,34721000000.0,,,1961576371.0,0.0095427311607888,,,,0.2425860487468129,0.2538105736600931,0.0209941969896049,0.021714535975551,2020427447.0,75539000000.0,221.6,[],{},,,,,0.0708032422503904,,,0.7,14,20,0.4140203650170427,3.0,22.0,0.4563045454545454,0.4563045454545454,0.1363636363636363,0.0,1.0,0.1363636363636363,22.0,3,5,"cheapness,dividend,garp",0.5387816666666667,False,0.53335,0.4065,avoid,1,2,stable,0.1292,building,neutral,0.375,61.86812921007153
NIBE-B.ST,NIBE Industrier AB (publ),Industrials,86932783104.0,32.91603,25.514791,2.8735173,0.82,1.717,72.205,0.08529,0.0350011528706479,0.0637,0.076,,3294749952.0,104909783040.0,5663000064.0,4058000000.0,40841000000.0,23341000704.0,5363999744.0,15.006,65055000000.0,21651000000.0,,13951000000.0,2277000000.0,4888000000.0,0.3150020812418893,,2016066488.0,0.0166605118881913,0.270822536462575,1.5519317611640742,1.4968372627947095,0.3355161017600492,0.3371587648779933,0.62779186841903,0.5755333352271114,2016066488.0,1049000000.0,43.12,[],{},0.037899970924184,18.52547798947014,25.85258330211927,0.0386808539910216,0.0303803344449497,,0.0794067000626174,1.0,20,20,0.3875609756097561,3.0,22.0,0.3278181818181818,0.3278181818181818,0.1363636363636363,0.0,1.0,0.1363636363636363,22.0,2,5,"quality,risk",0.3751833333333333,True,1.0,0.4034,avoid,1,2,stable,0.1186,building,neutral,0.375,77.78209569362521
EXO.AS,Exor N.V.,Financial Services,23582582784.0,,56.818634,0.43651253,0.68,4.275,11.155,-0.10617,-0.1021545919741448,0.0,,,-2074625024.0,16813050880.0,,,-3591000000.0,3708000000.0,1408000000.0,164.371,37130000000.0,,,,-3793000000.0,2863000000.0,,,202231958.0,0.3455252001884126,0.0,,0.311867525298988,0.0987880420145435,0.0963259538389072,-0.096714247239429,0.3606453132359868,213742459.0,100000000.0,71.75,[],{},-0.0879727654516096,,,,,,,0.8,16,20,0.3603838022442674,1.0,22.0,0.3454727272727273,0.3454727272727273,0.0454545454545454,0.0,1.0,0.0454545454545454,22.0,1,5,cheapness,0.2859666666666666,False,0.55,0.3943,avoid,1,5,stable,0.0604,persistent,insufficient_data,0.0,
SCA-B.ST,Svenska Cellulosa Aktiebolaget SCA (publ),Basic Materials,79224233984.0,35.6962,17.039276,0.78302884,2.68,1.244,15.36,0.02168,0.0218835562656615,0.097040005,-0.014,-0.519,1243500032.0,94622236672.0,3244000000.0,4303000000.0,20427000000.0,15543000064.0,162000000.0,144.056,146457000000.0,11451000000.0,,7844000000.0,3205000000.0,4017000000.0,0.7288392813433201,,702342489.0,0.0243797860152884,0.7540529853697113,1.4598419173890873,1.2586322120739586,0.0924571717295861,0.0919718885457213,0.1394743849730637,0.1355459825944809,702342489.0,482000000.0,112.8,[],{},0.0156959552584772,29.16838368434032,21.989829577504068,0.045475568442923,0.0280141863839848,,0.0310432643402855,1.0,20,20,0.376655138339921,2.0,22.0,0.4521681818181818,0.4521681818181818,0.0909090909090909,0.0,1.0,0.0909090909090909,22.0,2,5,"cheapness,garp",0.4990683333333333,False,0.73335,0.3865,avoid,1,3,stable,0.1336,building,insufficient_data,0.0,
PTSB.IR,Permanent TSB Group Holdings plc,Financial Services,1602275328.0,15.473684,10.374762,0.7118644,0.62,,,0.056149997,0.0037419990152634,0.19859,0.05,,,2107275264.0,,,655000000.0,2024999936.0,1520000000.0,4.13,30465000000.0,,,,114000000.0,633000000.0,,,544991596.0,0.0055993363749481,,,,0.0689972099130149,0.0699225770772846,0.0215000820613819,0.0231577492050324,544991596.0,288000000.0,2.94,[],{},,,,,0.0646258512193993,,,0.7,14,20,0.3652183917964649,1.0,22.0,0.3796545454545454,0.3796545454545454,0.0454545454545454,0.0,1.0,0.0454545454545454,22.0,1,5,dividend,0.34456,False,0.53335,0.3811,avoid,1,2,stable,0.0392,building,insufficient_data,0.0,
MT.AS,ArcelorMittal S.A.,Basic Materials,48183267328.0,31.32353,9.82124,1.0255272,0.8,1.429,25.379,0.03284,0.0322610359968475,0.02883,0.052,-0.617,-779124992.0,59759263744.0,5449999872.0,1461000000.0,61352000000.0,14421000192.0,4848000000.0,62.309414,97703000000.0,30605000000.0,,22520000000.0,3152000000.0,4808000000.0,0.071326118137958,,761125819.0,0.0149801420820048,0.0926955045563011,1.3590142095914743,1.346254295532646,0.1372526943901415,0.1293617497342954,0.6279438707102136,0.6985623986127426,768546622.0,577000000.0,63.9,[],{},-0.0161700323619863,10.965002779361534,40.90298681998631,0.0244480923703931,0.0319248820295796,,0.019432584493835,1.0,20,20,0.3745915678524374,2.0,22.0,0.3327727272727271,0.3327727272727271,0.0909090909090909,0.0,1.0,0.0909090909090909,22.0,2,5,"cheapness,risk",0.357665,True,0.83335,0.3702,avoid,1,5,stable,0.149,persistent,insufficient_data,0.0,
MLC.IR,Malin Corporation plc,Healthcare,30283176.0,inf,-58.333336,0.7861635,,16.125,,-0.05953,0.0,0.0,,,-912500.0,17445742.0,,-2500000.0,0.0,0.0,12900000.0,8.904,198500000.0,62600000.0,,1000000.0,0.0,-1300000.0,,,18971256.0,0.0,,62.6,35.8,0.0,0.0008576329331046,0.0,,18971256.0,200000.0,7.0,[],{},-0.0301322424041652,,-6.9782968,-0.1433014428391753,0.0,,-0.0126582278481012,0.85,17,20,0.314957264957265,0.0,22.0,0.1811863636363636,0.1811863636363636,0.0,0.0,0.6,0.0,22.0,0,5,,0.1692116666666666,False,0.55,0.3634,avoid,1,2,stable,0.0,building,insufficient_data,0.0,
SAN.MC,"Banco Santander, S.A.",Financial Services,182280470528.0,14.252273,10.036972,1.642698,1.97,,,0.13109,0.00755067563045,0.33464,0.102,0.087,,275651985408.0,,,60023000000.0,404829011968.0,315343011840.0,7.635,1867515000000.0,,,,14101000000.0,-14835000000.0,,,14678242211.0,0.006844553941824,,,,0.174677044093354,0.1783933315950684,0.0321405718294096,0.0328265329618019,15136962863.0,59362000000.0,12.542,[],{},,,,,0.0701642467836533,,,0.7,14,20,0.3667069364743783,3.0,22.0,0.4134545454545455,0.4134545454545455,0.1363636363636363,0.0,1.0,0.1363636363636363,22.0,3,5,"cheapness,dividend,garp",0.4617883333333333,False,0.36665,0.3533,avoid,1,6,stable,0.1512,persistent,insufficient_data,0.0,
SOF.BR,Sofina Société Anonyme,Financial Services,9056678912.0,75.70552,,0.8071479,1.5,67.928,11.929,0.01069,0.0092874669126645,0.58137,-0.345,-0.413,-60057000.0,8441194496.0,,,182551000.0,1293437952.0,1604049024.0,305.768,12167042000.0,,,,113001000.0,,,,35461125.0,0.1218323700292217,,,,0.1072416779690577,0.0750865504010461,0.015003728926061,0.1275252679137284,33121705.0,11054000.0,246.8,[],{},-0.0066312387337068,,,,0.0132090764319431,,,0.8,16,20,0.3319378726355471,2.0,22.0,0.3255590909090908,0.3255590909090908,0.0909090909090909,0.0,1.0,0.0909090909090909,22.0,2,5,"cheapness,garp",0.3070416666666666,False,0.3,0.3517,avoid,1,4,stable,0.1094,persistent,neutral,0.5,62.64252526435383
KBC.BR,KBC Group NV,Financial Services,52223176084.5,14.579181,11.632952,2.0465107,3.82,,,0.13664,0.0089789919772908,0.29586,0.066,0.132,,54669172736.0,,,12690000000.0,53149999104.0,50831998976.0,64.329,397372000000.0,,,,3568000000.0,4201000000.0,,,396681919.0,0.0091543179429992,,,,0.0687969962654641,0.0749581823250627,0.0319348117129541,0.0312935600780596,396563326.0,11283000000.0,131.65,[],{},,,,,0.0685909585730501,,,0.7,14,20,0.3465756281370899,3.0,22.0,0.4563727272727274,0.4563727272727274,0.1363636363636363,0.0,1.0,0.1363636363636363,22.0,3,5,"cheapness,dividend,garp",0.5420016666666667,False,0.53335,0.3461,avoid,1,5,stable,0.1455,persistent,insufficient_data,0.0,
NESN.SW,Nestlé S.A.,Consumer Defensive,201970696192.0,27.647886,16.30341,6.9119716,3.88,0.83,213.005,0.26244,0.0710415175657289,0.083809994,-0.025,-0.315,4374249984.0,259016966144.0,16458999808.0,13981000000.0,89885000000.0,62845001728.0,6134000128.0,11.36,127151000000.0,31969000000.0,,40694000000.0,9033000000.0,15904000000.0,0.4582633364855092,,2572220000.0,0.0781537224264705,0.4693632795464457,0.7855949279992136,0.8209411380444672,0.4549865907464353,0.4563993566176471,0.7069153998002375,0.6586052389705882,2572715039.0,1823000000.0,78.52,[],{},0.0216578447590322,15.737102446413736,18.52635477748373,0.0539771591341522,0.0361691306163516,,0.1617104456550655,1.0,20,20,0.3712454212454212,2.0,22.0,0.3904090909090909,0.3904090909090909,0.0909090909090909,0.0,0.9224,0.0909090909090909,22.0,2,5,"cheapness,garp",0.4864316666666666,False,0.63335,0.3399,avoid,1,4,stable,0.1422,persistent,insufficient_data,0.0,
ALTR.LS,"Altri, SGPS, S.A.",Basic Materials,966170240.0,235.5,12.689261,2.4933827,5.29,1.923,177.497,0.02812,0.0159006124299972,0.019550001,-0.007,1.096,,1448770176.0,22172508.0,34850441.0,676291799.0,687800000.0,205200000.0,1.889,1344437901.0,483955131.0,,334137240.0,21377386.0,,0.4875865232841601,,205131672.0,0.08106802321005,0.5666702559245069,1.4483723244975628,1.5490937697772449,0.4843896036519131,0.4411817973945493,0.503029406190476,0.6336214092574541,205131672.0,21549292.0,4.71,[],{},,65.34083451452582,41.57107153966861,0.0240551894132862,0.0042462845010615,,0.0344951184783991,0.9,18,20,0.3088665184453227,3.0,22.0,0.2716681818181818,0.2716681818181818,0.1363636363636363,0.0,1.0,0.1363636363636363,22.0,2,5,"dividend,garp",0.3187766666666666,False,0.2,0.3282,avoid,1,3,stable,0.1003,building,insufficient_data,0.0,
SIKA.SW,Sika AG,Basic Materials,30732138496.0,29.74379,23.079428,4.509924,1.92,1.3,89.155,0.16042,0.0689186245321257,0.0937,-0.015,-0.006,1024162496.0,36161114112.0,1937699968.0,1523000000.0,11201300000.0,6077899776.0,625299968.0,42.473,15148300000.0,4411200000.0,,3527200000.0,1044000000.0,1707900000.0,0.5493648058707471,,160439241.0,0.0779494689672868,0.545434451802671,1.250623724200499,1.7627642716345224,0.3642652970960437,0.3582170819173504,0.7394427097430075,0.7361922106857426,160444515.0,157900000.0,191.55,[],{},0.0333254549185798,18.66187475315064,23.74334478791858,0.04211706517899,0.0336204632967083,,0.1310547194327559,1.0,20,20,0.3822101449275362,2.0,22.0,0.3835727272727272,0.3835727272727272,0.0909090909090909,0.0,1.0,0.0909090909090909,22.0,2,5,"garp,risk",0.4918333333333333,True,0.9,0.3208,avoid,1,4,stable,0.1406,persistent,insufficient_data,0.0,
BCP.LS,"Banco Comercial Português, S.A.",Financial Services,16231864320.0,13.837501,11.714286,2.179134,3.09,,,0.13848,0.0093169279187046,0.29337,0.002,0.022,,23222736896.0,,,3919431000.0,8791361536.0,3583929088.0,0.508,109332927000.0,,,,1018647000.0,,,,14804627089.0,0.0088735660604567,,,,0.0626258546979173,0.0610965432763963,0.0358485874982565,0.0365474971207692,15113989952.0,1481158000.0,1.107,[],{},,,,,0.0722673841179848,,,0.65,13,20,0.3392120061555277,3.0,22.0,0.3864,0.3864,0.1363636363636363,0.0,1.0,0.1363636363636363,22.0,3,5,"cheapness,dividend,garp",0.4086483333333334,False,0.2,0.3186,avoid,1,3,stable,0.1122,building,insufficient_data,0.0,
KNIN.SW,Kuehne + Nagel International AG,Industrials,25770936320.0,29.848694,23.22085,12.565142,2.72,0.975,196.252,0.44268,0.073949861658422,0.03568,0.076,0.114,327750016.0,29232742400.0,1420999936.0,1237000000.0,24476000000.0,4084000000.0,617000000.0,17.27,11927000000.0,5827000000.0,,6027000000.0,882000000.0,1781000000.0,0.3595358718744893,,118760074.0,0.1007249466950959,0.3495685831787759,0.9668159946905592,0.9659356042930471,0.331768256896118,0.2000852878464818,2.0521505827114948,2.115309168443497,118730720.0,50000000.0,217.0,[],{},0.0127178156016645,20.57195194694224,23.63196637025061,0.0423155646183917,0.0335023033168553,,0.2096610169491525,1.0,20,20,0.3579268292682926,3.0,22.0,0.3505181818181818,0.3505181818181818,0.1363636363636363,0.0,0.8947,0.1363636363636363,22.0,3,5,"cheapness,dividend,garp",0.4471383333333333,False,0.63335,0.3177,avoid,1,4,stable,0.2027,persistent,insufficient_data,0.0,
SBO.VI,SBO AG,Energy,480663680.0,92.42424,9.87218,1.1257936,2.48,2.731,86.925,0.012460001,0.0263712785176153,0.01296,-0.147,-0.963,-11933875.0,597012608.0,45823000.0,36578000.0,455267000.0,371132000.0,254780000.0,27.092,893965000.0,556924000.0,,174558000.0,23575000.0,72434000.0,0.2867218577230504,,15759465.0,0.0459543519022744,0.3038669202742102,3.190481100837544,3.702988941259715,0.4207446600258399,0.387069786402923,0.5092671413310365,0.5683408223634507,15759465.0,14192000.0,30.5,[],{},-0.0248279108585861,13.028667001287562,16.32163070698234,0.0612683878193741,0.0108196724149422,,0.0508446539997525,1.0,20,20,0.2916666666666667,1.0,22.0,0.3267681818181818,0.3267681818181818,0.0454545454545454,0.0,0.8,0.0454545454545454,22.0,1,5,garp,0.3671866666666666,False,0.73335,0.3,avoid,1,3,stable,0.0518,building,insufficient_data,0.0,
DSFIR.AS,DSM-Firmenich AG,Basic Materials,23041038336.0,66.87143,22.87851,1.3140203,2.68,1.746,37.638,0.01874,-0.0368376214005793,-0.15229,0.005,-0.562,-140375008.0,28028723200.0,1310000000.0,632000000.0,9034000000.0,6765000192.0,2308000000.0,71.247,29345000000.0,8893000000.0,,5593000000.0,-1081000000.0,1445000000.0,0.3907460704007084,,251530397.0,0.0074080659021542,0.3924232383476916,1.590023243339889,2.018119266055046,0.1798262054864542,0.1564583518534981,0.3078548304651559,0.2682905147124189,265272203.0,159000000.0,93.62,[],{},-0.0060923907140362,21.395971908396948,44.34924556962025,0.0225482978832228,0.0149540693237754,,0.0266082856180532,1.0,20,20,0.2689871541501976,2.0,22.0,0.3302954545454545,0.3302954545454545,0.0909090909090909,0.0,1.0,0.0909090909090909,22.0,2,5,"garp,risk",0.422205,True,0.75,0.2897,avoid,1,5,stable,0.1117,persistent,insufficient_data,0.0,
HOLN.SW,Holcim AG,Basic Materials,40245383168.0,105.44928,16.88406,2.550298,2.3,1.087,65.636,0.02781,0.3921737836631453,0.024149999,0.007,-0.929,1066200000.0,48532758528.0,2988000000.0,2230000000.0,15724000000.0,10951999488.0,3601999872.0,28.53,33605000000.0,9805000000.0,,7403000000.0,13179000000.0,2788000000.0,0.4234927499364029,,553125111.0,0.0539007092198581,0.4361459169187087,1.3244630555180332,1.249436128767685,0.2596042255616724,0.2380399742101869,0.4679065615235828,0.2984434005710601,551015549.0,354000000.0,72.76,[],{},0.0264924797845572,16.242556401606425,21.76356884663677,0.0459483463878,0.00948323212828,,0.0851080070223647,1.0,20,20,0.2747793148880106,2.0,22.0,0.2796499999999999,0.2796499999999999,0.0909090909090909,0.0,1.0,0.0909090909090909,22.0,2,5,"garp,risk",0.3187616666666666,True,0.5,0.2847,avoid,1,4,stable,0.1119,persistent,insufficient_data,0.0,
AI.PA,L'Air Liquide S.A.,Basic Materials,106150469632.0,30.05045,23.260614,4.0030723,1.99,0.875,63.307,0.13967,0.0677647774948279,0.13087,0.008,0.007,264437504.0,122093748224.0,7658299904.0,5234300000.0,26940200000.0,17258899456.0,2061200000.0,41.663,51913400000.0,10369600000.0,,8836800000.0,3517900000.0,6518400000.0,0.6417547011529239,,635735026.0,0.0637412637971755,0.6301177479322044,1.1734564548252762,0.880146771965711,0.2618957725750962,0.2389473176844845,0.518945012270435,0.5216715669735383,634089045.0,82700000.0,166.78,[],{},0.0024911571744971,15.942670012208495,23.32570701411841,0.0428711549619793,0.0332773718862779,,0.1215114470501386,1.0,20,20,0.3254298418972332,3.0,22.0,0.3695,0.3695,0.1363636363636363,0.0,1.0,0.1363636363636363,22.0,3,5,"quality,garp,risk",0.4648183333333334,True,0.83335,0.2791,avoid,1,4,stable,0.1814,persistent,neutral,0.625,49.70630302956844
GIVN.SW,Givaudan SA,Basic Materials,30223331328.0,31.929003,24.804455,6.8658185,2.13,1.291,110.755,0.22337,0.0902730950775455,0.1288,-0.017,-0.2,605625024.0,34852331520.0,1582000000.0,1375000000.0,7472000000.0,4912000000.0,316000000.0,476.855,11864000000.0,4072000000.0,,2346000000.0,1071000000.0,1512000000.0,0.4352248394004283,,9229197.0,0.09009009009009,0.4413113869400971,1.7357203751065644,1.486410165901871,0.3722184760620364,0.3926770807504752,0.6298044504383007,0.6126126126126126,9226246.0,113000000.0,3274.0,[],{},0.0200383279204872,22.030550897597976,25.34715019636364,0.0394521669005402,0.0313194871759697,,0.1444631225047279,1.0,20,20,0.3285359025032938,3.0,22.0,0.38355,0.38355,0.1363636363636363,0.0,0.8889,0.1363636363636363,22.0,2,5,"quality,garp",0.4916649999999999,False,0.73335,0.2603,avoid,1,4,stable,0.1178,persistent,insufficient_data,0.0,
ARGX.BR,argenx SE,Healthcare,56429187072.0,40.27519,29.584446,7.870763,,5.123,0.558,0.23635,0.1488057053233914,0.32265,0.593,0.952,761769024.0,51609911296.0,1612902016.0,1054615000.0,4153482000.0,47000000.0,5184000000.0,115.28743,8682698000.0,6899104000.0,,1320186000.0,1292035000.0,685192000.0,0.8914970619831746,,61883306.0,0.1343066578401495,0.896226014516277,5.225857568554734,7.289127293571134,0.0054314914557663,0.0062963097914042,0.4783630618040613,0.353119424646942,60760957.0,4082000.0,907.4,[],{},0.013499556940773,31.998169004706607,48.93720580116915,0.020434350176489,0.024829181438995,,0.1432411926798897,0.95,19,20,0.2967571644042232,3.0,22.0,0.3490681818181818,0.3490681818181818,0.1363636363636363,0.0,1.0,0.1363636363636363,22.0,3,5,"quality,garp,risk",0.4118033333333333,True,0.66665,0.2296,avoid,1,6,stable,0.15,persistent,insufficient_data,0.0,
EDPR.LS,"EDP Renewables, S.A.",Utilities,14549665792.0,40.38235,28.266731,1.391507,0.9,1.176,81.872,0.038340002,0.0071010366215016,0.13901,,,-3186442240.0,26089259008.0,1172068992.0,901084000.0,2691597000.0,10154749952.0,562057984.0,9.867,30390070000.0,3199396000.0,,4331795000.0,215801000.0,,0.8154363376092335,,1051033116.0,-0.0175664192187252,0.7906650484367216,0.7385843512908621,0.6868191919599657,0.3383376543719708,0.3336674330620076,0.0885683053708003,0.0731009132469847,1039855871.0,391596000.0,13.73,[],{},-0.2190044971171802,22.25914957743375,28.953193051924128,0.0345385048967351,0.0247632938647701,,0.034579572132077,0.95,19,20,0.2291666666666666,0.0,22.0,0.2027318181818182,0.2027318181818182,0.0,0.0,0.5556,0.0,22.0,0,5,,0.1696383333333333,False,0.1,0.2243,avoid,1,2,stable,0.0,building,insufficient_data,0.0,
SAF.PA,Safran SA,Industrials,142214037504.0,36.824036,26.264336,9.804314,0.96,0.918,33.745,0.2749,0.1161063836671304,0.11564,0.16,-0.651,3562749952.0,141332447232.0,6124000256.0,4592000000.0,31189000000.0,5106999808.0,6669000192.0,35.005,61814000000.0,38355000000.0,,41281000000.0,7177000000.0,5721000000.0,0.4692038859854436,,416914220.0,-0.0121246273540318,0.4788208976764324,0.9291199341101232,0.84196047008547,0.0861455333743165,0.091943575947066,0.5045620733167243,0.503817348942049,416775120.0,135000000.0,343.2,[],{},0.0250520273141094,23.07845220834687,30.777971958188157,0.0324907697413753,0.0271561759281356,,0.2236399941557492,1.0,20,20,0.275609756097561,3.0,22.0,0.3584227272727273,0.3584227272727273,0.1363636363636363,0.0,0.8,0.1363636363636363,22.0,2,5,"cheapness,quality",0.37614,False,0.56665,0.211,avoid,1,6,stable,0.0973,persistent,neutral,0.625,48.1286397711904
