ticker,name,sector,market_cap,trailing_pe,forward_pe,price_to_book,dividend_yield,current_ratio,debt_to_equity,return_on_equity,return_on_assets,profit_margins,revenue_growth,earnings_growth,free_cashflow,enterprise_value,ebitda,ebit,total_revenue,total_debt,total_cash,book_value,total_assets,total_current_assets,total_liabilities,total_current_liabilities,net_income,operating_cashflow,gross_margin,ncav,shares_outstanding,return_on_assets_prev,gross_margin_prev,current_ratio_bs,current_ratio_bs_prev,leverage,leverage_prev,asset_turnover,asset_turnover_prev,shares_outstanding_prev,interest_expense,last_price,errors,data_sources,fcf_yield,ev_ebitda,ev_ebit,earnings_yield_ebit,earnings_yield_pe,ncav_to_market,roic_proxy,data_quality_score,metrics_present,metrics_total,sector_composite_score
ADS.DE,adidas AG,Consumer Cyclical,26381975552.0,19.320513,12.91942,4.4294868,1.83,1.391,94.127,0.24324,0.06613364919553845,0.052950002,0.133,-0.024,952300032.0,31192975360.0,2664000000.0,2061000000.0,24811000000.0,5977999872.0,1562000000.0,34.022,20262000000.0,11977000000.0,,9094000000.0,1340000000.0,751000000.0,0.5161017290717826,,178665018.0,0.03698862260953764,0.5077481737955496,1.3170222124477677,1.2409048264359428,0.27420787681374,0.27049140643911884,1.2245089329779884,1.1465988864681675,178549084.0,228000000.0,150.7,[],{},0.0360966156656076,11.709074834834835,15.134874022319263,0.06607256846177305,0.05175846003674955,,0.18454512893982808,1.0,20,20,0.5219485294117647
ADYEN.AS,Adyen N.V.,Technology,33820536832.0,30.087055,22.919344,5.7237797,,1.648,6.928,0.21271,0.08668834869386088,0.43555,0.189,0.129,-1190886784.0,21826709504.0,1290572032.0,1096267000.0,2646897000.0,409363008.0,12403191808.0,187.184,12256849000.0,11689803000.0,,6787358000.0,1062526000.0,1030422000.0,0.8884433357248128,,31536692.0,0.08097509041135888,0.8931407741100045,1.7222906173506687,1.551525949324971,0.02058979432642109,0.01997815545686018,0.21595248501470485,0.19479620585195337,31485187.0,19700000.0,1071.4,[],{},-0.035211942078731816,16.91243027339988,19.910030589263382,0.05022593991087371,0.03323688543129263,,0.20043309331709294,0.95,19,20,0.411764705882353
AD.AS,Koninklijke Ahold Delhaize N.V.,Consumer Defensive,27034195968.0,12.326694,10.576838,1.871522,3.98,0.713,133.34,0.15675999,0.04612031208621076,0.02448,0.003,-0.002,2912000000.0,43084197888.0,5388000256.0,3082000000.0,92352000000.0,19260999680.0,3211000064.0,16.532,49089000000.0,11923000000.0,,16794000000.0,2264000000.0,6989000000.0,0.2654409216909217,,886877259.0,0.034026465028355386,0.26640330360240383,0.7099559366440396,0.8350195447229248,0.3748905050011204,0.39186373982485245,1.88131760679582,1.7236410632305852,913583817.0,823000000.0,30.94,[],{},0.1077154283947225,7.996324395126384,13.979298471122648,0.07153434788345943,0.08112475250866129,,0.09543272952469423,1.0,20,20,0.8625457875457877
AI.PA,L'Air Liquide S.A.,Basic Materials,107385225216.0,30.4,23.387112,4.0496364,2.0,0.875,63.307,0.13967,0.06776477749482793,0.13087,0.008,0.007,264437504.0,123328503808.0,7658299904.0,5234300000.0,26940200000.0,17258899456.0,2061200000.0,41.663,51913400000.0,10369600000.0,,8836800000.0,3517900000.0,6518400000.0,0.6417547011529239,,635735026.0,0.0637412637971755,0.6301177479322044,1.1734564548252762,0.880146771965711,0.2618957725750962,0.23894731768448452,0.518945012270435,0.5216715669735383,634089045.0,82700000.0,168.72,[],{},0.002462512915236684,16.103901042525692,23.56160399824236,0.04244193222475845,0.03289473684210526,,0.1215114470501386,1.0,20,20,0.32542984189723323
AIR.PA,Airbus SE,Industrials,162926264320.0,27.41012,23.629902,6.2968397,1.56,1.146,54.988,0.23193,0.038691556925721994,0.07714,0.277,1.258,3128750080.0,164161257472.0,9004000256.0,5236000000.0,73420000000.0,14275999744.0,13128999936.0,32.691,134939000000.0,73647000000.0,,63511000000.0,5221000000.0,7995000000.0,0.14937346771996732,,787227745.0,0.03275212246445791,0.15419615773508594,1.1595944009699106,1.1453078864457384,0.08168876307072084,0.0872590219250385,0.5440977034067245,0.5357820033587952,787956251.0,770000000.0,205.85,[],{},0.019203472767625046,18.232036073367254,31.3524173934301,0.031895467180452566,0.03648287566781904,,0.0733045864366915,1.0,20,20,0.4031707317073171
ALV.DE,Allianz SE,Financial Services,171323608159.0,14.804982,13.478513,2.7156858,3.8,1.514,50.648,0.19612,0.010519625569670675,0.098780006,0.121,-0.08,9307124736.0,72094138368.0,21464000512.0,16218000000.0,137450000000.0,33706000384.0,136018001920.0,166.33,1024276000000.0,,,,10775000000.0,33209000000.0,,,380242198.0,0.009507188548868539,,,,0.034438959811613275,0.03335222453469248,0.13419234659408205,0.13397467685515108,385919437.0,758000000.0,451.7,[],{},0.05432482327457377,3.3588397618465358,4.445316214576397,0.2249558752920555,0.06754483051718671,,,0.95,19,20,0.4515477226831536
ABI.BR,Anheuser-Busch InBev SA/NV,Consumer Defensive,133349244928.0,17.015076,16.082895,1.6680392,1.71,0.664,71.88,0.11392,0.031246572337391684,0.14896,0.11,1.249,10693624832.0,205920403456.0,19736000512.0,15650000000.0,59320000000.0,72732000256.0,8010999808.0,40.598568,218808000000.0,24769000000.0,,34475000000.0,6837000000.0,14883000000.0,0.5593223196223871,,1950752219.0,0.028334712563577676,0.5525364743675546,0.7184626540971719,0.6955482973447046,0.33374922306314214,0.3492598131022034,0.2711052612335929,0.28924152015369947,1975432021.0,3864000000.0,67.72,[],{},0.08019261629695668,10.433745344240089,13.157853255974441,0.07600023959424695,0.05877140954292534,,0.08490069602295845,1.0,20,20,0.6450549450549451
ARGX.BR,argenx SE,Healthcare,55819743232.0,39.87561,29.314901,7.7814894,,5.123,0.558,0.23635,0.1488057053233914,0.32265,0.593,0.952,761769024.0,50997039104.0,1612902016.0,1054615000.0,4153482000.0,47000000.0,5184000000.0,115.35066,8682698000.0,6899104000.0,,1320186000.0,1292035000.0,685192000.0,0.8914970619831746,,61883306.0,0.13430665784014953,0.896226014516277,5.225857568554734,7.289127293571134,0.005431491455766399,0.006296309791404206,0.47836306180406135,0.353119424646942,60760957.0,4082000.0,897.6,[],{},0.013646946042619876,31.618187960650424,48.35607221971999,0.0206799261002053,0.025077986267796278,,0.1432411926798897,0.95,19,20,0.2967571644042232
ASML.AS,ASML Holding N.V.,Technology,575228149760.0,59.03035,28.973114,26.35599,0.52,1.334,9.092,0.53942,0.19003452872053886,0.30114,0.213,0.285,8437675008.0,569631047680.0,13488400384.0,11301400000.0,32667300000.0,1984400000.0,7581499904.0,56.822,50566600000.0,30616100000.0,,24263900000.0,9609400000.0,12658500000.0,0.5282958799778371,,385417665.0,0.1558275845036798,0.512757006535069,1.2617963311751201,1.532930368951794,0.08683399714436012,0.09647331939345045,0.6460252419581305,0.5816656239195219,393283720.0,118300000.0,1497.6,[],{},0.014668397246415036,42.23117875086944,50.40358253667687,0.01983985958284485,0.016940438266078384,,0.42966691632417964,1.0,20,20,0.33772727272727276
CS.PA,AXA SA,Financial Services,91393310720.0,11.781671,9.766768,1.9786339,5.31,11.53,119.437,0.14881,0.015415261691257343,0.10379,0.045,0.132,-26394499072.0,56147865600.0,,,105925000000.0,61108998144.0,99860996096.0,22.091,635539000000.0,,,,9797000000.0,22352000000.0,,,2055372364.0,0.012062493690364384,,,,0.09518219967618037,0.09552405921420945,0.16666955135719444,0.1579504467986821,2175367655.0,627000000.0,43.71,[],{},-0.28880121383133106,,,,0.08487760352500083,,,0.85,17,20,0.46368166717003934
BAS.DE,BASF SE,Basic Materials,44578537472.0,21.756302,17.371176,1.2363306,4.35,1.855,71.358,0.061160002,0.021253971171265786,0.094239995,0.164,52.989,1055000000.0,64777773056.0,6568000000.0,2860000000.0,59656000000.0,26684999680.0,7887000064.0,41.882,76174000000.0,31684000000.0,,16411000000.0,1619000000.0,5610000000.0,0.24069666085557195,,892522164.0,0.016141267176521795,0.24769298374102827,1.9306562671378953,1.832971418510476,0.30468401291779346,0.2983896039296151,0.7831543571297293,0.7640738668158925,892522164.0,982000000.0,51.78,[],{},0.0236660971810179,9.862632925700366,22.649570998601398,0.04415094661447449,0.045963693646098494,,0.047855696668507273,1.0,20,20,0.584748023715415
BAYN.DE,Bayer Aktiengesellschaft,Healthcare,48246845440.0,,10.23671,1.6308571,0.22,1.043,129.362,-0.056900002,-0.034627562391788866,-0.0383,0.012,,6562999808.0,81719648256.0,10133000192.0,6139000000.0,45575000000.0,38430998528.0,5081999872.0,30.113,104541000000.0,32911000000.0,,32585000000.0,-3620000000.0,5930000000.0,0.587558968732858,,982424082.0,-0.023022101939557962,0.5436209930051925,1.0100046033450973,1.1896932854379663,0.34869572703532586,0.3671357690572846,0.43595335801264573,0.4204420387911592,982424082.0,2265000000.0,49.11,[],{},0.13602961495507052,8.06470410614594,13.311556972796872,0.07512269241258346,,,0.08531602646061481,0.95,19,20,0.611965811965812
BBVA.MC,"Banco Bilbao Vizcaya Argentaria, S.A.",Financial Services,137681715200.0,13.201058,10.892486,2.4451196,3.73,,,0.18924,0.01222812177166417,0.32562,0.202,0.152,,164352098304.0,,,39415000000.0,198940999680.0,183573004288.0,10.204,859576000000.0,,,,10511000000.0,14968000000.0,,,5691360192.0,0.013016538020357274,,,,0.10389075544221803,0.09830373303020966,0.04585400243841149,0.05079608804741573,5756618609.0,32065000000.0,24.95,[],{},,,,,0.07575150415974236,,,0.7,14,20,0.4356402180322447
SAN.MC,"Banco Santander, S.A.",Financial Services,184884805632.0,14.443182,10.171417,1.6647019,1.99,,,0.13109,0.00755067563045009,0.33464,0.102,0.087,,278057910272.0,,,60023000000.0,404829011968.0,315343011840.0,7.635,1867515000000.0,,,,14101000000.0,-14835000000.0,,,14678242211.0,0.0068445539418240135,,,,0.174677044093354,0.17839333159506848,0.03214057182940967,0.0328265329618019,15136962863.0,59362000000.0,12.71,[],{},,,,,0.06923682052888346,,,0.7,14,20,0.36670693647437835
BMW.DE,Bayerische Motoren Werke Aktiengesellschaft,Consumer Cyclical,34525835264.0,5.5514917,6.2817874,0.36227745,7.59,1.148,119.855,0.06592,0.027424454913579505,0.04923,-0.079,-0.279,1710268032.0,137782132736.0,13793000448.0,9981000000.0,133453000000.0,116789002240.0,15642000384.0,159.215,265967000000.0,91648000000.0,,81724000000.0,7294000000.0,8228000000.0,0.15432399421519186,,607128285.0,0.027228721258572005,0.16080207894367188,1.1214331163428124,1.0991914607305364,0.3321840679482793,0.31936414025966264,0.5017652565919832,0.5318004571735915,622259319.0,562000000.0,57.68,[],{},0.04953589156996564,9.98927921850235,13.804441712854423,0.07244045219654335,0.1801317653055304,,0.054173021498781504,1.0,20,20,0.8005882352941177
BNP.PA,BNP Paribas SA,Financial Services,115869122560.0,9.1453285,8.001963,0.9647746,5.55,,,0.104770005,0.004377043739287879,0.26490998,0.188,0.374,,,,,68804000000.0,831044976640.0,1226712023040.0,109.58,2792981000000.0,,,,12225000000.0,46571000000.0,,,1100099307.0,0.004321034208926884,,,,0.14267479800256427,0.14044655123205668,0.024634610833371227,0.024352029717831437,1129554473.0,50329000000.0,105.72,[],{},,,,,0.1093454434140884,,,0.65,13,20,0.7702751290791158
BN.PA,Danone S.A.,Consumer Defensive,42329890816.0,21.76159,15.550834,2.400906,3.44,0.967,98.519,0.121929996,0.040491668700494775,0.07132,0.014,0.124,2077500032.0,51445530624.0,4511000064.0,3717000000.0,27283000000.0,17426999296.0,8338999808.0,27.373,45071000000.0,13230000000.0,,14625000000.0,1825000000.0,3779000000.0,0.5061760070373492,,640172858.0,0.044621566722600016,0.49704120397428403,0.9046153846153846,0.9311098164870376,0.3198952763417719,0.31332244104919194,0.6053338066606022,0.6044334540316171,644157323.0,498000000.0,65.72,[],{},0.04907879495911053,11.404462401710132,13.840605494753834,0.07225117429862744,0.04595252460872574,,0.12208500295605335,1.0,20,20,0.48333333333333334
DBK.DE,Deutsche Bank Aktiengesellschaft,Financial Services,65069772800.0,10.525836,9.047469,0.82550657,3.01,,,0.08891,0.004829739656754702,0.22715001,0.087,0.188,,-24906229760.0,,,32099000000.0,544725991424.0,636277030912.0,41.95,1435067000000.0,,,,6931000000.0,47064000000.0,,,1939573264.0,0.0024265108201765168,,,,0.11459534641936578,0.10920740467871079,0.022367596774227266,0.021660537912609565,1983625755.0,28768000000.0,34.63,[],{},,,,,0.09500433029737496,,,0.7,14,20,0.6301469847981476
DB1.DE,Deutsche Börse AG,Financial Services,51724529664.0,24.754097,21.09402,4.994603,1.46,1.009,57.645,0.20412001,0.006713645357993781,0.27294,0.117,0.137,2181125120.0,56513527808.0,3347000064.0,2978000000.0,7381000000.0,6186999808.0,1775000064.0,57.442,297156000000.0,274582000000.0,,270651000000.0,1995000000.0,2810000000.0,0.5695705188998781,,182105935.0,0.008770350093646448,0.5832265413640895,1.0145242397035297,1.0177593470918178,0.027379558211848322,0.043144899870335686,0.02483880520669278,0.03161918311482495,183778379.0,192000000.0,286.9,[],{},0.04216809962639547,16.884830214332496,18.977007323035593,0.05269534774253532,0.040397353213894246,,0.1123561592152424,1.0,20,20,0.27225499079124255
DHL.DE,Deutsche Post AG,Industrials,63070199808.0,17.323172,14.955858,2.829822,3.34,1.03,122.614,0.18090001,0.049297361232363626,0.04344,0.128,0.286,5425375232.0,87272955904.0,8397000192.0,5313000000.0,82855000000.0,27971999744.0,4291000064.0,20.079,71018000000.0,20946000000.0,,21410000000.0,3501000000.0,9119000000.0,0.164455977309758,,1119243239.0,0.04768515205724508,0.1562574238608828,0.9783278841662775,0.951631949364697,0.3583176096200963,0.32117352415026834,1.1666760539581515,1.2048372093023256,1153216427.0,1107000000.0,56.82,[],{},0.08602121522551179,10.393349280514105,16.426304517974778,0.06087796551596447,0.057726148536769134,,0.10709966134494436,1.0,20,20,0.7242682926829268
DTE.DE,Deutsche Telekom AG,Communication Services,138360913920.0,16.25281,11.383802,2.3118107,3.44,1.033,165.297,0.15063,0.03316089712840228,0.07013,0.043,-0.05,17394624512.0,309193015296.0,42652000256.0,25612000000.0,118343000000.0,146755993600.0,5373000192.0,12.514,289769000000.0,41177000000.0,,36848000000.0,9609000000.0,40627000000.0,0.6107585577516202,,4838022420.0,0.03675877402979005,0.6113229839024941,1.1174826313504125,1.0562503552953215,0.48473784290244987,0.47599152603514205,0.4084046257536175,0.37749480215390874,4900429250.0,6547000000.0,28.93,[],{},0.12571920796979946,7.2492031660931255,12.07219331938154,0.08283498893233679,0.061527821958172156,,0.10126482182183369,1.0,20,20,0.6785714285714286
ENEL.MI,Enel SpA,Utilities,94375264256.0,22.65,12.662389,3.823553,5.44,0.721,147.743,0.122559994,0.023648667558505965,0.05711,0.085,0.318,-685750016.0,177822007296.0,20621000704.0,3571000000.0,67452000000.0,73377996800.0,4742000128.0,2.488,178657000000.0,34285000000.0,,47063000000.0,4225000000.0,13926000000.0,0.4683626875407697,,10033125071.0,0.03749084904803381,0.541111693017594,0.7284915963708221,0.8288398610804408,0.38325954202746043,0.37593446582486817,0.37755027790682705,0.377521521435938,10154600276.0,2846000000.0,9.513,[],{},-0.007266204989263411,8.62334519301513,49.79613757938953,0.02008187880848608,0.04415011037527594,,0.027136495584905086,1.0,20,20,0.48750000000000004
ENI.MI,Eni S.p.A.,Energy,66343411712.0,11.9921875,9.970985,1.4587556,4.6,1.48,64.975,0.10901,0.019026913452348818,0.05874,0.185,5.806,-8982875136.0,93935321088.0,13235999744.0,4506000000.0,82151000000.0,36990001152.0,15088000000.0,15.784,137069000000.0,48867000000.0,,36815000000.0,2608000000.0,13330000000.0,0.0942897834475539,,2957681345.0,0.017857750495103412,0.11355113348423933,1.327366562542442,1.1376787237893322,0.24952396238390884,0.2507367002633746,0.5993404781533388,0.6043119934122323,3083270402.0,8170000000.0,23.025,[],{},-0.1353996561858335,7.096957003990707,20.846720170439415,0.0479691765334864,0.08338762214983714,,0.044945837572565685,1.0,20,20,0.38333333333333336
EL.PA,EssilorLuxottica Société anonyme,Healthcare,73166979072.0,29.75701,19.60975,1.8656979,2.51,0.889,38.359,0.06723,0.036231317004460445,0.085159995,0.057,0.123,3285750016.0,87262978048.0,5853000192.0,3377000000.0,28491000000.0,15315999744.0,1931000064.0,85.33,63895000000.0,12010000000.0,,10902000000.0,2315000000.0,5291000000.0,0.6055947492190517,,463190305.0,0.03669938860280963,0.6339595593783008,1.1016327279398275,1.1063759497852659,0.22533844588778465,0.205603696386067,0.44590343532357773,0.4123897384837972,456708608.0,314000000.0,159.2,[],{},0.0449075533481662,14.909102201512452,25.840384379034646,0.03869911473961435,0.03360552689937598,,0.06372539769403505,1.0,20,20,0.49111305361305363
RACE.MI,Ferrari N.V.,Consumer Cyclical,62598643712.0,38.46112,32.33039,17.125889,1.0,2.429,86.386,0.45439997,0.16585590140451867,0.2225,0.084,0.101,1001981760.0,64393043968.0,2470598912.0,2097144000.0,7145768000.0,3165647104.0,1431513984.0,20.796,9628352000.0,4824373000.0,,2389788000.0,1596919000.0,2349306000.0,0.5167809814144539,,177278893.0,0.16024572013529118,0.5013256612430033,2.0187451773964886,1.7767763062655229,0.29955489786829564,0.35293634529784,0.7421589904482097,0.7030183594102902,179044331.0,41168000.0,356.15,[],{},0.016006445197277057,26.06373849483829,30.705113224461456,0.03256786557632175,0.026000282883077767,,0.2897182369320766,1.0,20,20,0.22231617647058824
RMS.PA,Hermès International Société en commandite par actions,Consumer Cyclical,162087763968.0,36.02188,30.295364,8.520632,1.16,4.537,11.984,0.25452,0.18600444042430722,0.27996,0.016,-0.003,4914625024.0,152060133376.0,7056000000.0,6695000000.0,16001000000.0,2280000000.0,12309999616.0,181.618,24322000000.0,15911000000.0,,3186000000.0,4524000000.0,5374000000.0,0.7110805574651584,,104836315.0,0.19940218333044532,0.702636783124588,4.994036409290646,4.2645356847616425,0.09645588356220705,0.09417778547911973,0.6578817531453005,0.6571651360249523,104837768.0,55000000.0,1547.5,[],{},0.030320765144062723,21.55047241723356,22.71249191575803,0.04402863427355567,0.027760905316435453,,0.3167581377744133,1.0,20,20,0.2973529411764706
IBE.MC,"Iberdrola, S.A.",Utilities,134530539520.0,25.199999,18.696617,2.6053243,3.38,0.753,100.03,0.10022,0.03909505977780819,0.15883,0.098,0.683,2561499904.0,199938490368.0,14602999808.0,10677000000.0,44076000000.0,62464999424.0,6608999936.0,7.738,160762000000.0,24781000000.0,,28343000000.0,6285000000.0,11635000000.0,0.5456030492785189,,6597551694.0,0.03545324177316748,0.5399413789894855,0.8743252302155735,0.6912969906101729,0.35599830805787436,0.36470974711452814,0.2741692688570682,0.27157233737436276,6273874902.0,2173000000.0,20.16,[],{},0.019040285671486468,13.691603985262478,18.726092569822985,0.05340142350954174,0.0396825412572437,,0.08063042312659059,1.0,20,20,0.41875
ITX.MC,"Industria de Diseño Textil, S.A.",Consumer Cyclical,181384747903.68,28.841583,24.392286,9.561792,1.12,1.291,31.815,0.33955002,0.1745328020652113,0.15592,0.058,0.053,,176788881408.0,9512999936.0,8064000000.0,39864000000.0,6040999936.0,10796999680.0,6.093,35638000000.0,15691000000.0,,10172000000.0,6220000000.0,9232000000.0,0.5825306040537829,,3116366768.0,0.16898081465691075,0.5783547318285359,1.542567833267794,1.605575733778345,0.17102531006229305,0.17021950797948954,1.1185812896346596,1.1128651264619462,3114746154.0,370000000.0,58.26,[],{},,18.583925428084854,21.92322438095238,0.04561372828299987,0.03467216067855915,,0.3166575041231446,0.95,19,20,0.31498161764705884
IFX.DE,Infineon Technologies AG,Technology,71719387136.0,67.30488,19.90134,4.1303697,0.64,1.728,40.183,0.07019,0.03331145388907122,0.07774,0.126,0.396,1743874944.0,77552762880.0,4190000128.0,1944000000.0,14662000000.0,7240999936.0,1656000000.0,13.362,30470000000.0,9823000000.0,,5784000000.0,1015000000.0,3217000000.0,0.39237484654208155,,1302139747.0,0.0454275638115856,0.4175860916081578,1.6983056708160442,1.9030314807617568,0.2368231046931408,0.18045322811550682,0.4811946176567115,0.522190020601278,1299163212.0,221000000.0,55.19,[],{},0.02431525161659742,18.50901205509462,39.893396543209874,0.025066805202130796,0.014857763656959198,,0.07874908855221584,1.0,20,20,0.4432575757575758
INGA.AS,ING Groep N.V.,Financial Services,87197016064.0,13.231603,10.555197,1.739613,3.77,,,0.17124,0.006000540589242274,0.34493,0.111,0.221,,103017816064.0,,,22903000000.0,262074007552.0,247878991872.0,17.57,1054405000000.0,,,,6327000000.0,-6380000000.0,,,2902437688.0,0.006263320088776095,,,,0.16997169019494407,0.16787794756723123,0.021721255115444257,0.022099956395847317,3096274533.0,36368000000.0,30.565,[],{},,,,,0.07557663270277985,,,0.7,14,20,0.5215191784959228
ISP.MI,Intesa Sanpaolo S.p.A.,Financial Services,119777452032.0,12.251786,10.53998,1.7547314,5.56,,,0.14261,0.009710518008890629,0.36964,0.064,0.139,,249165840384.0,,,28529000000.0,265553002496.0,137623994368.0,3.91,959887000000.0,,,,9321000000.0,8235000000.0,,,17387732025.0,0.009285480855258576,,,,0.1451347919077975,0.15704527555891287,0.029721206767046537,0.02966510765736083,17778041443.0,10448000000.0,6.861,[],{},,,,,0.08162075308857011,,,0.7,14,20,0.6180228962620989
OR.PA,L'Oréal S.A.,Consumer Defensive,206242021376.0,32.897198,25.97828,6.091594,1.85,0.969,49.316,0.19409001,0.0991116316085744,0.13904001,0.058,0.054,6398387712.0,218852360192.0,10349500416.0,8891900000.0,44052000000.0,16712599552.0,4048800000.0,63.563,61821200000.0,22198500000.0,,15366500000.0,6127200000.0,8656900000.0,0.7431807863434123,,533783028.0,0.11372339557151831,0.7418297046460075,1.44460352064556,1.1255465974309922,0.19275103039086916,0.15074511919422787,0.7125710921172672,0.7716801470718715,534312021.0,374800000.0,387.2,[],{},0.03102368600400349,21.146176278582605,24.612553019264723,0.040629673777331454,0.030397725666483813,,0.19141012642423694,1.0,20,20,0.2574175824175824
MC.PA,"LVMH Moët Hennessy - Louis Vuitton, Société Européenne",Consumer Cyclical,223707611136.0,20.67426,17.805084,3.28612,2.88,1.631,53.306,0.16586,0.07658567837957715,0.13658,-0.029,0.008,11537125376.0,250304430080.0,20053999616.0,17668000000.0,80807000000.0,37150998528.0,12213999616.0,138.096,142037000000.0,48179000000.0,,30416000000.0,10878000000.0,18875000000.0,0.6624178598388754,,496391012.0,0.08412091963268316,0.6703195484282374,1.584001841136244,1.4088022317188984,0.2586016319691348,0.27617802801796365,0.5689151418292416,0.5676117702258865,499372818.0,1151000000.0,453.8,[],{},0.05157234176080921,12.481521635230093,14.167106071994567,0.07058604593755338,0.04836932494802716,,0.15828562725651982,1.0,20,20,0.5409558823529412
MBG.DE,Mercedes-Benz Group AG,Consumer Cyclical,42735218688.0,8.454545,6.4860244,0.44987756,7.79,1.321,110.208,0.055960003,0.02012400867434414,0.03885,-0.033,0.2,-3902625024.0,127962701824.0,12000000000.0,4870000000.0,132214000000.0,102230999040.0,16542999552.0,99.227,255466000000.0,102132000000.0,,73768000000.0,5141000000.0,18006000000.0,0.1689155460087434,,957330201.0,0.03851552771593525,0.19627182438836765,1.3845027654267432,1.3600486461924999,0.3220271973569868,0.35108863816459757,0.5175404946255079,0.5493905890343761,962903703.0,398000000.0,44.64,[],{},-0.09132104956551568,10.663558485333333,26.275708793429157,0.03805796478647506,0.11827957625159012,,0.026802716595669736,1.0,20,20,0.6245588235294118
MUV2.DE,Münchener Rückversicherungs-Gesellschaft Aktiengesellschaft in München,Financial Services,64895098880.0,9.589143,9.971387,1.9336457,4.64,0.276,24.378,0.21299,0.02185515157144184,0.11163,0.013,0.098,6889625088.0,67464101888.0,,8997000000.0,62312000000.0,8222000128.0,5818999808.0,266.75,279934000000.0,,,,6118000000.0,4906000000.0,,,127961889.0,0.0199132808736149,,,,0.02655625968978402,0.02206729460065214,0.22259532604113827,0.2249111512976449,131406411.0,369000000.0,515.8,[],{},0.10616556884734651,,7.498510824497054,0.13335981282217763,0.10428460603830812,,,0.9,18,20,0.6898805329037887
NDA-FI.HE,Nordea Bank Abp,Financial Services,59322810368.0,12.759124,11.120724,1.9037246,7.44,,,0.15337,0.007396653167265225,0.4058,0.015,0.029,,232981905408.0,,,11719000000.0,240998006784.0,67302998016.0,9.182,654350000000.0,,,,4840000000.0,-3164000000.0,,,3419853669.0,0.008115760682115327,,,,0.31570413387330937,0.31653070882562906,0.017909375716359748,0.01931323242774984,3487931963.0,10083000000.0,17.48,[],{},,,,,0.07837528657923538,,,0.7,14,20,0.6211761660266644
PRX.AS,Prosus N.V.,Consumer Cyclical,79662940160.0,8.484375,8.737649,1.7722524,0.74,2.434,32.874,0.22213,0.1471767309516282,1.19918,,,846875008.0,192724828160.0,626000000.0,304000000.0,9705000000.0,17707999232.0,15736999936.0,21.447283,79075000000.0,19468000000.0,,7997000000.0,11638000000.0,1609000000.0,0.46439979392065944,,2138335355.0,0.1703725133630903,0.4252836304700162,2.4344129048393146,3.544053923928743,0.22271261460638633,0.2266214801344575,0.12273158393929813,0.08500027552763542,2280205366.0,645000000.0,38.01,[],{},0.01063072749134144,307.86713763578274,633.9632505263157,0.0015773784981539557,0.11786372007366483,,0.0042769914741551535,1.0,20,20,0.4439338235294118
RHM.DE,Rheinmetall AG,Industrials,53145591808.0,43.715935,21.28239,10.688342,1.03,1.002,51.63,0.25688,0.041497734319103266,0.062649995,0.688,-0.057,642764992.0,56665591808.0,2310000128.0,1702000000.0,9935000000.0,2977999872.0,255000000.0,106.546,16772000000.0,10901000000.0,,9071000000.0,696000000.0,2287000000.0,0.5238047307498742,,45881030.0,0.04998605688789738,0.5384316267012313,1.201741814573917,1.2136537894426422,0.07643691867398045,0.1689208031232571,0.592356308132602,0.5378555493586168,43437346.0,116000000.0,1138.8,[],{},0.012094417808388101,24.530557864973417,33.29353220211516,0.030035863840739294,0.022874953949858327,,0.22101025840799896,1.0,20,20,0.1852439024390244
SAF.PA,Safran SA,Industrials,145197531136.0,37.596565,26.815334,10.009998,0.97,0.918,33.745,0.2749,0.11610638366713043,0.11564,0.16,-0.651,3562749952.0,144317169664.0,6124000256.0,4592000000.0,31189000000.0,5106999808.0,6669000192.0,35.005,61814000000.0,38355000000.0,,41281000000.0,7177000000.0,5721000000.0,0.4692038859854436,,416914220.0,-0.012124627354031848,0.4788208976764324,0.9291199341101233,0.84196047008547,0.0861455333743165,0.09194357594706609,0.5045620733167243,0.503817348942049,416775120.0,135000000.0,350.4,[],{},0.024537262611324516,23.565833381963856,31.42795506620209,0.031818805833644874,0.026598174593875798,,0.22363999415574928,1.0,20,20,0.2560975609756098
SGO.PA,Compagnie de Saint-Gobain S.A.,Industrials,40292356096.0,15.269017,12.056489,1.6523451,2.83,1.272,66.318,0.11038999,0.047389703465053584,0.057779998,-0.011,-0.12,3101625088.0,52430315520.0,6579999744.0,4953000000.0,46483000000.0,17269999616.0,5751000064.0,49.808,60836000000.0,21360000000.0,,16844000000.0,2883000000.0,5638000000.0,0.27835983047565777,,492707578.0,0.046080559966298326,0.2766313800433746,1.2681073379244836,1.345002108814846,0.29142284173844435,0.28904047441589165,0.7640706160825826,0.7545772708124048,496879548.0,950000000.0,82.3,[],{},0.07697800249283293,7.968133367757164,10.585567437916414,0.09446824706043654,0.06549210076850395,,0.1125886524822695,1.0,20,20,0.738780487804878
SAN.PA,Sanofi,Healthcare,93796802560.0,24.16358,8.65321,1.355319,5.23,0.987,33.89,0.05709,0.061614289657347894,0.08091,0.146,-0.912,6298999808.0,111382822912.0,13543000064.0,9597000000.0,46716000000.0,23576000512.0,6350000128.0,57.765,126805000000.0,30952000000.0,,28345000000.0,7813000000.0,10750000000.0,0.720673859063276,,1207641512.0,0.04186810042319915,0.7018245043580364,1.09197389310284,1.4603936629860779,0.16031702219944008,0.13483636801759064,0.36840818579709,0.33348393801111464,1253591640.0,626000000.0,78.29,[],{},0.06715580527353959,8.224383252280845,11.606004262998853,0.08616229818113232,0.041384596156695326,,0.09747105423522243,1.0,20,20,0.7549533799533801
SAP.DE,SAP SE,Technology,207779856384.0,26.949102,21.510748,4.64388,1.35,1.148,21.966,0.18320999,0.10177368465933316,0.20413,0.094,0.306,9090624512.0,206598078464.0,11760000000.0,9620000000.0,36800000000.0,9939000320.0,11624999936.0,38.765,70362000000.0,20256000000.0,,17416000000.0,7161000000.0,9156000000.0,0.728641304347826,,1167559048.0,0.042081441868609994,0.7295177902621723,1.1630684428112081,1.1215281417042238,0.1062505329581308,0.14347293128763286,0.5230095790341377,0.46036343063431984,1166589461.0,492000000.0,180.02,[],{},0.043751231087577266,17.567863814965985,21.475891732224532,0.04656384062970023,0.03710698783209919,,0.18169455671816567,1.0,20,20,0.6137878787878789
SU.PA,Schneider Electric S.E.,Industrials,168175550464.0,35.324677,24.799212,6.877687,1.42,1.091,84.124,0.18620001,0.0666037373608089,0.11270001,0.098,0.293,5374750208.0,184812421120.0,8520999936.0,7010000000.0,40152000000.0,20809000960.0,4518000128.0,43.503,62504000000.0,22038000000.0,,18506000000.0,4163000000.0,6131000000.0,0.42077605100617654,,562222886.0,0.06473772803785087,0.42638848845438104,1.1908570193450774,1.226020747100005,0.28606169205170867,0.22490635852175364,0.6423908869832331,0.5785754363617063,560971685.0,540000000.0,299.2,[],{},0.0319591652482834,21.689053222403405,26.36411142938659,0.03793035098787196,0.02830882218682424,,0.15932542388290377,1.0,20,20,0.35426829268292687
SIE.DE,Siemens Aktiengesellschaft,Industrials,224794116096.0,28.752495,22.147263,3.2669587,1.87,1.444,66.425,0.12465999,0.05788137326867306,0.097959995,0.073,0.128,6503750144.0,268895797248.0,12517999616.0,9092000000.0,78914000000.0,49924001792.0,10929999872.0,88.186,166202000000.0,64711000000.0,,47261000000.0,9620000000.0,13257000000.0,0.38521681830853843,,780264198.0,0.056159175168457226,0.3927696562623469,1.3692262118871796,1.3971489080682258,0.33702963863250746,0.324188834465402,0.4748077640461607,0.5136930695748654,784869164.0,1640000000.0,288.1,[],{},0.02893203014807792,21.480732185381143,29.574988698636165,0.033812354425214526,0.03477959043206511,,0.07644126079316636,1.0,20,20,0.4360975609756098
ENR.DE,Siemens Energy AG,Industrials,128563224576.0,48.89968,24.420717,11.985405,0.46,0.904,26.488,0.27749002,0.024966011617846992,0.064330004,0.175,0.8,6204624896.0,120565039104.0,4606000128.0,1569000000.0,39077000000.0,2959000064.0,11088000000.0,12.607,56637000000.0,34453000000.0,,38491000000.0,1414000000.0,5821000000.0,0.168359904803337,,855344213.0,0.0232731847309038,0.13065428695778325,0.8950923592528124,0.8986585402288548,0.07002489538640817,0.07402602508157409,0.6899553295548846,0.6774580335731415,790195238.0,293000000.0,151.1,[],{},0.04826127313205452,26.1756482313324,76.8419624627151,0.01301372281434399,0.020450031574848752,,0.08646533671332525,1.0,20,20,0.26170731707317074
TTE.PA,TotalEnergies SE,Energy,166569623552.0,10.989781,8.974427,1.5051436,4.76,1.061,48.045,0.14479999,0.04510144130834379,0.09083,0.278,1.06,13531374592.0,201181921280.0,39650000896.0,19925000000.0,182344000000.0,62917001216.0,31716999168.0,50.01516,291055000000.0,89469000000.0,,92563000000.0,13127000000.0,27343000000.0,0.2843361997104374,,2142883014.0,0.05519690914122184,0.28389141659424366,0.9665741170878213,1.0978967712596635,0.20639054474240265,0.17949678969620333,0.6264932744670252,0.6851800607383174,2248149843.0,2558000000.0,75.28,[],{},0.0812355476553968,5.073944936538344,10.096959662735257,0.09903971427069175,0.09099362398577368,,0.10038187937045322,1.0,20,20,0.575
DG.PA,Vinci SA,Industrials,66126123008.0,13.263041,11.907965,2.1647766,4.22,0.825,120.742,0.16318001,0.036846653890955545,0.06713,0.023,0.108,8071124992.0,95657066496.0,12780000256.0,9004000000.0,75702000000.0,41346998272.0,15564000256.0,55.202,133065000000.0,49554000000.0,,58097000000.0,4903000000.0,11886000000.0,0.6000501968243904,,555967094.0,0.03755473353360465,0.5818903913808268,0.8529528202833193,0.8527792415459815,0.28326006087250594,0.2800271833563723,0.5689099312366137,0.561954112641033,562417394.0,1510000000.0,119.5,[],{},0.12205652811406391,7.484903331757805,10.623841236783651,0.09412791265532391,0.07539748991200435,,0.12010457795326006,1.0,20,20,0.8479268292682928
UCG.MI,UniCredit S.p.A.,Financial Services,129076595942.40001,12.219858,10.349045,1.8329397,3.73,,,0.15779,0.012542545832289557,0.43967998,-0.092,-0.105,,184291639296.0,,,25039000000.0,247794008064.0,192975994880.0,47.001,870238000000.0,,,,10915000000.0,8525000000.0,,,1503078777.0,0.012396620425405992,,,,0.14931317639542285,0.15653491563818553,0.028772588648162917,0.03390161274687374,1541744210.0,12810000000.0,86.15,[],{},,,,,0.08183401149178657,,,0.7,14,20,0.5451021846370685
VOW.DE,Volkswagen AG,Consumer Cyclical,36870266880.0,7.051774,2.7089374,0.20929493,6.97,1.069,138.745,0.027609998,0.011362878161333318,0.018,0.02,-0.41,14109154304.0,265738272768.0,19285999616.0,10794000000.0,321913000000.0,280904007680.0,66773999616.0,351.418,644467000000.0,247865000000.0,,226525000000.0,7323000000.0,15009000000.0,0.15917965413015317,,501295263.0,0.017934761141087524,0.18318214720241488,1.0942059375344884,1.1298937057395215,0.30468123270857933,0.3105047360978346,0.4995026898196494,0.5129600808968171,501295263.0,3244000000.0,73.55,[],{},0.3826702516127814,13.77881769465239,24.61907288938299,0.04061891381910045,0.14180828824066113,,0.025826550095467794,1.0,20,20,0.8010661764705883
WKL.AS,Wolters Kluwer N.V.,Industrials,15375548416.0,11.80171,11.110771,19.56916,3.74,0.688,590.213,1.46141,0.13647746243739567,0.21864,-0.006,0.089,1247874944.0,19463727104.0,1947000064.0,1687000000.0,6125000000.0,5548000256.0,1494000000.0,3.528,9584000000.0,2633000000.0,,4058000000.0,1308000000.0,1668000000.0,0.7346938775510204,,226216153.0,0.11360286376079175,0.7251521298174443,0.6488417939871858,0.7021670190274841,0.514712020033389,0.42830069488313327,0.6390859766277128,0.6228679722046747,234366515.0,117000000.0,69.04,[],{},0.08115970307123775,9.99677784499549,11.537479018375816,0.08667404711265726,0.08473348353755515,,0.3052841114730366,1.0,20,20,0.713780487804878
ABN.AS,ABN AMRO Bank N.V.,Financial Services,33681295360.0,14.866907,11.238889,1.2321131,3.37,,,0.0912,0.005450013310423271,0.27692,0.118,0.323,,56391294976.0,,,8732000000.0,108966002688.0,86258999296.0,33.544,413210000000.0,,,,2252000000.0,2235000000.0,,,823201264.0,0.0062407965780800784,,,,0.19220977227075822,0.21176116162442507,0.021132112001161638,0.023103673058094208,833048566.0,8121000000.0,41.33,[],{},,,,,0.06726348661493611,,,0.7,14,20,0.40031784383943864
AGN.AS,Aegon Ltd.,Financial Services,11828670464.0,12.255385,8.684939,1.3267821,5.31,1.164,42.673,0.110690005,0.0030797552587530303,0.086219996,-0.082,0.079,-4314749952.0,12220670976.0,,1051000000.0,26864000000.0,3835000064.0,3515000064.0,6.004,317233000000.0,,,,977000000.0,434000000.0,,,1512525453.0,0.0021014691957604082,,,,0.011754767000911001,0.015257032896545404,0.08468223671560021,0.05962002504658053,1592499013.0,6000000.0,7.966,[],{},-0.36477049260369016,,11.627660300666033,0.08600182445497827,0.08159678378117048,,,0.9,18,20,0.47101692450529664
AKZA.AS,Akzo Nobel N.V.,Basic Materials,10493108224.0,16.45699,14.211134,2.1621814,3.27,1.884,130.976,0.14142999,0.045513188073394495,0.06428,-0.014,0.125,824625024.0,13800108032.0,1068000000.0,1164000000.0,10158000000.0,6592000000.0,3464999936.0,28.314,13952000000.0,6061000000.0,,4207000000.0,635000000.0,915000000.0,0.39860208702500494,,171069142.0,0.038037757035581446,0.40491083932405936,1.4406940812930829,1.2338266384778012,0.34848050458715596,0.37672819145203174,0.7280676605504587,0.7517018738157064,170784638.0,211000000.0,61.22,[],{},0.07858729810047178,12.921449468164795,11.855762914089347,0.08434716578311494,0.06076445328094627,,0.11944586967675731,1.0,20,20,0.6705105401844533
MT.AS,ArcelorMittal S.A.,Basic Materials,48680931328.0,31.647058,9.939623,1.0361195,0.82,1.429,25.379,0.03284,0.03226103599684759,0.02883,0.052,-0.617,-779124992.0,60256931840.0,5449999872.0,1461000000.0,61352000000.0,14421000192.0,4848000000.0,62.309414,97703000000.0,30605000000.0,,22520000000.0,3152000000.0,4808000000.0,0.07132611813795801,,761125819.0,0.014980142082004811,0.09269550455630114,1.3590142095914743,1.346254295532646,0.13725269439014154,0.12936174973429546,0.6279438707102136,0.6985623986127426,768546622.0,577000000.0,64.56,[],{},-0.01600472650678044,11.056318028478662,41.24362206707735,0.02424617310219823,0.03159851383341857,,0.01943258449383504,1.0,20,20,0.3662582345191041
ASM.AS,ASM International NV,Technology,40267579392.0,37.63037,26.953375,9.059371,0.39,2.169,1.585,0.26798,0.13560052463931047,0.31929,0.2,0.415,235275008.0,39182962688.0,1154800000.0,938100000.0,3173200000.0,70500000.0,1180099968.0,90.801,5337000000.0,2345800000.0,,1041400000.0,723700000.0,1060900000.0,0.5179629396193117,,48881549.0,0.13283868343051977,0.5051317898182562,2.252544651430766,2.012414597567072,0.0026044594341390294,0.0022666072570177646,0.5945662357129473,0.5681435130475213,49097817.0,900000.0,822.6,[],{},0.005842789945470184,33.93051843436093,41.768428406353266,0.02394152804293429,0.02657428029541033,,0.21838625570351056,1.0,20,20,0.2988636363636364
ASRNL.AS,ASR Nederland N.V.,Financial Services,14060098560.0,13.571985,11.010814,1.3421321,4.99,6.691,214.978,0.122250006,0.003855055539531906,0.06621,0.177,6.478,5933624832.0,-55805902848.0,7386999808.0,6364000000.0,13109000000.0,22549000192.0,92428001280.0,51.977,142151000000.0,,,,548000000.0,-569000000.0,,,204558568.0,0.006912874687910407,,,,0.0627079654733347,0.07715287699701259,0.09221883771482438,0.12950455326088525,208902381.0,5668000000.0,69.76,[],{},0.4220187224633509,-7.554610030930706,-8.768997933375235,-0.11403811559744484,0.07368118959754229,,,0.95,19,20,0.6432438514517859
BESI.AS,BE Semiconductor Industries N.V.,Technology,15206822912.0,73.041824,29.573776,27.08304,0.79,4.283,62.453,0.44873002,0.11819650243726806,0.28435,0.687,1.78,172208000.0,15374863360.0,278672992.0,173056000.0,591331000.0,358012992.0,509094016.0,7.093,1113747000.0,856984000.0,,154325000.0,131641000.0,178141000.0,0.6329348537451952,,79281785.0,0.14742449427935417,0.6517886391658559,5.553111939089583,5.979153067152157,0.4680039542194053,0.4412471364368364,0.5309383549405745,0.4920897611618209,79312140.0,25070000.0,192.1,[],{},0.011324390439511682,55.17170232269943,88.84328402366864,0.011255774828557566,0.013690786254187737,,0.1803752676090396,1.0,20,20,0.27454545454545454
DSFIR.AS,DSM-Firmenich AG,Basic Materials,22952437760.0,66.61429,22.790533,1.3089674,2.73,1.746,37.638,0.01874,-0.036837621400579314,-0.15229,0.005,-0.562,-140375008.0,27938652160.0,1310000000.0,632000000.0,9034000000.0,6765000192.0,2308000000.0,71.247,29345000000.0,8893000000.0,,5593000000.0,-1081000000.0,1445000000.0,0.3907460704007084,,251530397.0,0.0074080659021542655,0.3924232383476916,1.590023243339889,2.018119266055046,0.17982620548645425,0.1564583518534981,0.3078548304651559,0.2682905147124189,265272203.0,159000000.0,93.26,[],{},-0.006115908448061946,21.327215389312975,44.206728101265824,0.022620991033520207,0.015011794015968647,,0.026608285618053215,1.0,20,20,0.283570487483531
EXO.AS,Exor N.V.,Financial Services,23582582784.0,,56.818634,0.43651253,0.68,4.275,11.155,-0.10617,-0.10215459197414489,0.0,,,-2074625024.0,16813050880.0,,,-3591000000.0,3708000000.0,1408000000.0,164.371,37130000000.0,,,,-3793000000.0,2863000000.0,,,202231958.0,0.34552520018841265,0.0,,0.31186752529898804,0.0987880420145435,0.09632595383890721,-0.09671424723942904,0.3606453132359868,213742459.0,100000000.0,71.75,[],{},-0.08797276545160966,,,,,,,0.8,16,20,0.3603838022442674
HEIA.AS,Heineken N.V.,Consumer Defensive,40404283392.0,17.760977,12.737271,2.0885077,2.65,0.75,95.107,0.121309996,0.03506781016873477,0.07704,0.047,0.541,3003624960.0,60332957696.0,5533000192.0,3332000000.0,28753000000.0,20643999744.0,2831000064.0,34.867,53753000000.0,12893000000.0,,13932000000.0,1885000000.0,5012000000.0,0.35780614196779464,,560557296.0,0.018187566250720624,0.3523691358438684,0.9254234855010048,0.7654867256637168,0.35865905158781836,0.31705502761608984,0.5349096794597511,0.5545719970989158,565138630.0,644000000.0,72.82,[],{},0.07433927068719437,10.904203072906743,18.107130160864347,0.055226863181297464,0.05630320899576639,,0.08367444313302026,1.0,20,20,0.60503663003663
IMCD.AS,IMCD N.V.,Basic Materials,5755702784.0,25.059126,15.064412,2.7111666,1.89,1.347,85.125,0.11225,0.046933565033719656,0.04632,0.066,0.1,266937248.0,7316648960.0,515928000.0,371249000.0,4778874000.0,1808295040.0,248666000.0,35.955,4635872000.0,1795148000.0,,1034899000.0,217578000.0,322277000.0,0.24975255677383418,,59032832.0,0.05703733359080213,0.2543352845692171,1.734611783372097,1.9788619223808412,0.37086614988507016,0.3475935379431318,1.0308468396021289,0.9691162485976048,59069346.0,69749000.0,97.48,[],{},0.04637787217610436,14.181531066350344,19.70819843285773,0.05074030502619604,0.03990562160867063,,0.10309685743269945,1.0,20,20,0.4348155467720685
KPN.AS,Koninklijke KPN N.V.,Communication Services,15726216192.0,18.64091,15.093297,6.7450657,4.59,0.655,218.133,0.26111,0.06734404536862004,0.15151,0.005,0.0,794499968.0,22366148608.0,2400999936.0,1435000000.0,5797000000.0,7265999872.0,419000000.0,0.608,12696000000.0,1349000000.0,,2121000000.0,855000000.0,2308000000.0,0.7236501638778678,,3825061887.0,0.06758587710209611,0.729787613778333,0.6360207449316361,0.5990547459629776,0.5500945179584121,0.5656332190961983,0.4566005040957782,0.4465609308998167,3886279040.0,268000000.0,4.101,[],{},0.050520732915026685,9.315347440309136,15.586166277351916,0.06415945924130739,0.053645449712487206,,0.13569739952718676,1.0,20,20,0.39285714285714285
NN.AS,NN Group N.V.,Financial Services,20173778944.0,11.442478,8.9073105,0.96623534,5.23,70.576,62.156,0.08754,0.005797610681658468,0.13278,-0.045,1.997,-3256750080.0,-33425072128.0,5029000192.0,2709000000.0,8574000000.0,13118000128.0,66938998784.0,80.291,204912000000.0,,,,1188000000.0,-2346000000.0,,,262188873.0,0.00752465834818776,,,,0.06680428671820099,0.054802139037433154,0.04184235183883814,0.052905525846702314,267425797.0,1200000000.0,77.58,[],{},-0.16143480549877884,-6.646464675259253,-12.338527917312662,-0.08104694552717766,0.08739365721306172,,,0.95,19,20,0.5657668141252273
PHIA.AS,Koninklijke Philips N.V.,Healthcare,22617671680.0,20.298244,13.747459,1.97592,3.62,1.257,65.049,0.10154,0.03321704275534442,0.06306,0.005,0.614,1527500032.0,28322672640.0,2416000000.0,1449000000.0,17834000000.0,7464999936.0,1788999936.0,11.711,26944000000.0,9932000000.0,,7511000000.0,895000000.0,1172000000.0,0.4518335763149041,,951288934.0,-0.024226946438431804,0.43133011486598966,1.322327253361736,1.2305992141453832,0.2898975653206651,0.25852429596907783,0.6618913301662708,0.6219284925455549,925009074.0,294000000.0,23.14,[],{},0.0675356886248691,11.722960529801325,19.546357929606625,0.05116042608046752,0.049265345317555546,,0.07456388617300468,1.0,20,20,0.7595862470862471
RAND.AS,Randstad N.V.,Industrials,6970654720.0,22.320225,13.701512,1.7861799,4.07,1.226,53.49,0.083100006,0.027980535279805353,0.01393,0.018,0.819,360500000.0,8813154304.0,634000000.0,555000000.0,23077000000.0,2092000000.0,258000000.0,22.243,10686000000.0,5847000000.0,,4841000000.0,299000000.0,872000000.0,0.18672271092429693,,175232895.0,0.01099195710455764,0.19488433794876048,1.2078083040694072,1.2625651720542233,0.17873853640277,0.19821268990169794,2.1595545573647765,2.155674709562109,175143347.0,95000000.0,39.73,[],{},0.051716806308834073,13.900874296529969,15.879557304504505,0.06297404775360665,0.044802415746257034,,0.0949529512403764,1.0,20,20,0.6618292682926831
REN.AS,RELX PLC,Industrials,52911828992.0,20.808218,16.02363,36.70963,2.6,0.449,709.641,1.31864,0.13993359083824625,0.23271999,0.027,0.243,2232375040.0,61861924864.0,3292000000.0,2983000000.0,9590000000.0,8906000384.0,220000000.0,0.8275758,14757000000.0,2960000000.0,,6001000000.0,2065000000.0,2836000000.0,0.6628779979144943,,1819061446.0,0.12780017180995176,0.6502013991944032,0.49325112481253125,0.5239594263728576,0.4924442637392424,0.43243243243243246,0.6498610828759233,0.6234058018899095,1855941895.0,273000000.0,30.38,[],{},0.04219047200839578,18.79159321506683,20.738157849145157,0.04822029069670818,0.04805793557141702,,0.3406806761078118,1.0,20,20,0.5136585365853659
SHELL.AS,Shell plc,Energy,217071190016.0,10.186047,9.934009,1.4179393,6.84,1.435,40.2,0.14341,0.04816254894019171,0.08756,0.447,2.2,21458374656.0,262302990336.0,57605001216.0,27582000000.0,266886000000.0,73075998720.0,31374000128.0,27.800907,370350000000.0,107173000000.0,,82415000000.0,17837000000.0,42863000000.0,0.15922528720127696,,5689891670.0,0.04152122370739585,0.16158656687019893,1.3004064794030212,1.3461077088200013,0.20424733360334818,0.1988550317459089,0.7206318347509113,0.7335020600656847,6084231158.0,4741000000.0,39.42,[],{},0.09885408862603248,4.553475996857446,9.509933664563846,0.10515320456190196,0.09817351127478599,,0.09579245315783076,1.0,20,20,0.7916666666666667
UMG.AS,Universal Music Group N.V.,Communication Services,26916034560.0,81.33333,13.317566,7.32,3.5,0.607,152.303,0.076680005,0.08782080659945005,0.0252,0.053,-0.844,1791500032.0,31564187648.0,2206000128.0,2141000000.0,12507000000.0,5555999744.0,550000000.0,2.0,17456000000.0,4575000000.0,,7206000000.0,1533000000.0,1739000000.0,0.42464220036779404,,1833967537.0,0.12043879907621247,0.4299476085854318,0.63488759367194,0.599816369359916,0.19517644362969752,0.18429561200923789,0.716487167736022,0.683256351039261,1829066936.0,137000000.0,14.64,[],{},0.06655883978772838,14.308334458990567,14.742731269500233,0.06783003649186771,0.012295082471109936,,0.2088780487804878,1.0,20,20,0.15714285714285717
UNA.AS,Unilever PLC,Consumer Defensive,120022958080.0,21.521236,16.317856,7.4112487,3.43,0.74,175.397,0.31869,0.13436732840459195,0.18319,0.005,-0.056,6732624896.0,148304936960.0,10876000256.0,10127000000.0,50503000000.0,32110000128.0,5943000064.0,7.521,70471000000.0,17066000000.0,,21662000000.0,9469000000.0,8350000000.0,0.46945725996475457,,2179482192.0,0.07202507836990596,0.46691057375331085,0.7878312251869634,0.7606404058016961,0.3916078954463538,0.3843887147335423,0.7166494018816251,0.6580438871473354,2200552980.0,1098000000.0,55.74,[],{},0.056094475621176094,13.635981378189479,14.644508438826898,0.06828498233158212,0.04646573273022052,,0.20748222663852978,1.0,20,20,0.49093406593406597
ACKB.BR,Ackermans & Van Haaren NV,Industrials,8577176576.0,14.489232,13.391171,1.5041214,1.79,0.764,30.484,0.11017,0.027867508327359746,0.09939,-0.073,0.231,540637888.0,10229356544.0,1205133056.0,621853000.0,5961612000.0,2231378944.0,2195963904.0,174.454,21263042000.0,8126924000.0,,10641196000.0,592548000.0,1005382000.0,0.3876236829904395,,32679560.0,0.022663381920005686,0.34621551613728446,0.7637227995800472,0.7556260194779704,0.4912181427285898,0.4905430964803899,0.28037436976327285,0.29782783979019256,32665602.0,57350000.0,262.4,[],{},0.0630321508726743,8.488155306230352,16.44979849578598,0.060791018215583276,0.06901677052310295,,0.05854472000441355,1.0,20,20,0.6913414634146342
AED.BR,Aedifica NV/SA,Real Estate,5759408640.0,6.005222,12.528985,0.86478084,5.77,0.11,67.042,0.11067,0.03773805129221724,1.56908,0.234,4.811,,11578504192.0,329408256.0,312073000.0,370191000.0,5026493952.0,44999000.0,79.789,6477123000.0,133882000.0,,618918000.0,244434000.0,317846000.0,0.9415598974583391,,47549264.0,0.031688826923505345,0.9379692923552976,0.21631621636468806,0.31870871388362343,0.3968322046686469,0.40139768657067393,0.05715361588779463,0.0537964833200904,47542052.0,66909000.0,69.0,[],{},,35.149404974233555,37.10190946349091,0.026952790690840906,0.16652173724801514,,0.053271095839083814,0.95,19,20,0.6666666666666666
AGS.BR,ageas SA/NV,Financial Services,15597921605.699999,8.201321,8.723114,1.5060607,6.06,7.271,77.615,0.18818001,0.01598909155436011,0.18157,0.195,1.085,-1145374976.0,-1791302144.0,1264000000.0,2460000000.0,9044000000.0,8928000000.0,27000000512.0,49.5,107073000000.0,,,,1712000000.0,2898000000.0,,,190727286.0,0.01135544157229191,,,,0.06656206513313347,0.04823523437103245,0.08446573832805655,0.08772535676197248,182106172.0,288000000.0,74.55,[],{},-0.07343125609641749,-1.417169417721519,-0.7281716032520326,-1.3733026604360499,0.1219315766325937,,,0.95,19,20,0.690305784047234
APAM.AS,Aperam S.A.,Basic Materials,3359421184.0,26.491428,10.048182,1.0267086,4.39,1.634,40.371,0.03946,0.0014504431909750201,0.02105,0.021,5.363,327750016.0,4367420928.0,286000000.0,16000000.0,6080000000.0,1327000064.0,334000000.0,45.154,6205000000.0,2968000000.0,,1645000000.0,9000000.0,422000000.0,0.056085526315789475,,72341663.0,0.03927235634138048,0.07178257394084732,1.804255319148936,1.7082601054481548,0.20999194198227236,0.1292077524651479,0.9798549556809025,1.0634138048282897,72289307.0,63000000.0,46.36,[],{},0.09756145420555877,15.270702545454546,272.963808,0.0036634893370186277,0.03774805948550603,,0.0035087719298245615,1.0,20,20,0.6737911725955205
AZE.BR,Azelis Group NV,Basic Materials,2954627328.0,25.829788,14.802532,1.0430449,1.88,1.871,64.71,0.04124,0.020565874590205625,0.027390001,0.003,0.029,224371008.0,4569541632.0,404777984.0,313322000.0,4132480000.0,1843677056.0,245307008.0,11.639,5406675000.0,1386537000.0,,709787000.0,111193000.0,421666000.0,0.23435128542666872,,243513020.0,0.031354635182408795,0.24328788469765367,1.953455050599687,1.9330251052054406,0.3465741883875025,0.31997716419567995,0.764329278160792,0.735391158587373,243508319.0,95785000.0,12.14,[],{},0.07593885221114424,11.289007338897166,14.58417101895175,0.06856748996569816,0.038714990614711974,,0.06670842481234383,1.0,20,20,0.5681439393939394
DIE.BR,D'Ieteren Group SA,Consumer Cyclical,9297325056.0,22.465057,11.486763,650.0,1.14,1.273,7910.915,,0.06843573167389447,0.05284,0.034,-0.118,325275008.0,11253324800.0,544200000.0,322000000.0,8033500000.0,2246700032.0,304800000.0,0.272,6202900000.0,2341000000.0,,1839300000.0,424500000.0,551700000.0,0.2508869110599365,,52586680.0,0.05569775622315027,0.24125964167903172,1.272766813461643,1.4485676741130091,0.3622176723790485,0.396964389959136,1.2951200245046672,1.2206355621416918,53063318.0,118400000.0,176.8,[],{},0.03498587024125663,20.67865637633223,34.948213664596274,0.028613765773471675,0.04451357501563428,,0.07379228160234669,0.95,19,20,0.29783496732026143
ELI.BR,Elia Group SA/NV,Utilities,14003144704.0,22.12069,17.654716,1.7834306,1.61,1.191,175.519,0.083900005,0.018224743845766223,0.13893,0.18,0.1,-3870874880.0,29086244864.0,2630700032.0,1046700000.0,4442200000.0,17704300544.0,3448499968.0,71.94,32148600000.0,5927500000.0,,4877700000.0,585900000.0,2090400000.0,0.6526720994102021,,109148266.0,0.018072337489369213,0.5019644279267321,1.2152243885437808,0.9092962866787847,0.5527892349900151,0.5948627224441984,0.13817709013767318,0.15111763667581316,77568348.0,289500000.0,128.3,[],{},-0.2764289709078193,11.056465773441706,27.788520936275916,0.03598608224932807,0.045206546450404575,,0.03838157156529488,1.0,20,20,0.31875000000000003
GBLB.BR,Groupe Bruxelles Lambert SA,Financial Services,8702343168.0,,25.883392,0.8172031,6.97,2.453,63.222,-0.038340002,-0.02522252201021968,-0.09307,,,-54025000.0,14564635648.0,917900032.0,394600000.0,6433600000.0,7803800064.0,3624399872.0,89.635,24795300000.0,7132900000.0,,2684200000.0,-625400000.0,747100000.0,0.4895548371051977,,120855203.0,0.004819917955742734,0.45518338636744266,2.6573653230012666,1.9550379198266523,0.3303771279234371,0.30326865486764354,0.25946852830980066,0.21753386329357416,125509357.0,249500000.0,73.25,[],{},-0.006208098090024666,15.86734409003703,36.90987239736442,0.027093022409673945,,,0.017846240123738755,0.95,19,20,0.5641213779380674
KBC.BR,KBC Group NV,Financial Services,52996705848.0,14.81153,11.80526,2.076824,3.84,,,0.13664,0.0089789919772908,0.29586,0.066,0.132,,55442702336.0,,,12690000000.0,53149999104.0,50831998976.0,64.329,397372000000.0,,,,3568000000.0,4201000000.0,,,396681919.0,0.009154317942999292,,,,0.0687969962654641,0.07495818232506272,0.031934811712954106,0.03129356007805966,396563326.0,11283000000.0,133.6,[],{},,,,,0.0675149697566693,,,0.7,14,20,0.33807222677654575
LOTB.BR,Lotus Bakeries NV,Consumer Defensive,10566893568.0,55.439465,46.493393,11.778734,0.69,1.665,45.611,0.22961001,0.11210910882441567,0.13196999,0.14,0.234,119732624.0,10701764608.0,291377984.0,233186000.0,1355061000.0,409188000.0,274316992.0,1103.684,1536521000.0,504192000.0,,339515000.0,172258000.0,205878000.0,0.3966544679538412,,812053.0,0.10959550576325096,0.3896944104864463,1.48503600724563,1.1772405778635096,0.20321883007131045,0.2020646710956821,0.8819020371345396,0.8848793585326067,812466.0,3299000.0,13000.0,[],{},0.011330919842193683,36.728116726897255,45.89368404621204,0.021789490662659883,0.01803769210254825,,0.19480771190787682,1.0,20,20,0.11978021978021974
MELE.BR,Melexis NV,Technology,2567393792.0,25.36965,16.949593,5.2922077,5.69,5.874,69.095,0.22027999,0.12455344088631894,0.12247,0.026,-0.191,97196776.0,2903941888.0,191375424.0,133962915.0,839616959.0,301032992.0,37348000.0,12.32,903268711.0,579346805.0,,106051570.0,112505226.0,126305808.0,0.38590117377560024,,39521709.0,0.191719662495303,0.43026098744062424,5.46287815446768,4.535008512192893,0.3565253618089734,0.24845195883258786,0.9295317647729303,1.043111603048189,40322800.0,9645211.0,65.2,[],{},0.03785814871986728,15.174058545782765,21.677207367427023,0.04613140350830602,0.03941717761183146,,0.16803817694130588,1.0,20,20,0.701439393939394
MONT.BR,Montea Comm. VA,Real Estate,1554258048.0,9.62482,11.947131,0.8059643,5.89,0.479,72.102,0.07979,0.05004848316516741,0.80014,0.111,-0.378,70559752.0,2885189120.0,145216992.0,132215000.0,167148000.0,1341933056.0,11112000.0,82.758,3261957000.0,59446000.0,,73712000.0,163256000.0,119877000.0,0.8647246751382008,,23293966.0,0.05945314544487174,0.8695325877081133,0.8064629911004992,0.7910403969005482,0.3584636462099286,0.3192723163763477,0.05124163194058046,0.047571181732000714,23007385.0,25394000.0,66.7,[],{},0.0453977073438966,19.868123421810033,21.82195000567258,0.045825418889698294,0.10389804692451392,,0.04146952320163601,1.0,20,20,0.66
SOF.BR,Sofina Société Anonyme,Financial Services,8983285760.0,75.092026,,0.80060697,1.5,67.928,11.929,0.01069,0.009287466912664558,0.58137,-0.345,-0.413,-60057000.0,8370272256.0,,,182551000.0,1293437952.0,1604049024.0,305.768,12167042000.0,,,,113001000.0,,,,35461125.0,0.12183237002922173,,,,0.10724167796905772,0.07508655040104613,0.015003728926061076,0.12752526791372848,33121705.0,11054000.0,244.8,[],{},-0.0066854157381274265,,,,0.013316993205110752,,,0.8,16,20,0.33193787263554714
SOLB.BR,Solvay SA,Basic Materials,2670457088.0,852.0,9.982503,2.5595834,9.5,1.15,201.26,0.00778,0.0048756704046806435,0.00087,-0.059,3.178,303875008.0,4600898560.0,587000000.0,476000000.0,4746000000.0,2236000000.0,376000000.0,9.986,6153000000.0,2156000000.0,,1845000000.0,30000000.0,682000000.0,0.21133586177833966,,104477978.0,0.033313414998506125,0.22339181286549709,1.1685636856368564,1.2981991525423728,0.3463351210791484,0.28099790857484314,0.7713310580204779,0.7663579324768449,104465072.0,125000000.0,25.56,[],{},0.11379138401642798,7.837987325383305,9.665753277310925,0.1034580514637558,0.0011737089201877935,,0.11049210770659239,1.0,20,20,0.48451581027667984
SYENS.BR,Syensqo SA/NV,Basic Materials,8157322240.0,,18.118856,1.3152055,2.04,1.646,45.612,-0.01011,-0.005389429763560501,-0.0038800002,0.041,-0.524,534249984.0,10280322048.0,1130000000.0,512000000.0,5969000000.0,2791000064.0,701000000.0,60.827,11504000000.0,3296000000.0,,1574000000.0,-62000000.0,779000000.0,0.30926453342268384,,101948499.0,-0.0004041057140547967,0.33545384018619084,2.094027954256671,1.7076205287713841,0.25704102920723226,0.17085589590236805,0.5188630041724618,0.520892265416633,103453099.0,154000000.0,80.0,[],{},0.06549330384182543,9.097630130973451,20.078754,0.04980388723324167,,,0.051560926485397784,0.95,19,20,0.4776811594202899
UCB.BR,UCB SA,Healthcare,42136428544.0,19.522968,15.883569,,0.65,1.203,30.788,0.20565,0.08580240114550061,0.25739,0.225,1.348,1098000000.0,44958429184.0,3342000128.0,2004000000.0,7741000000.0,3588000000.0,766000000.0,,18158000000.0,6054000000.0,,4401000000.0,1558000000.0,2291000000.0,0.742927270378504,,190361362.0,0.06139390096270248,0.7152145643693107,1.3755964553510567,1.3567582884669878,0.12363696442339464,0.1744393843315847,0.42631347064654695,0.35464345419957344,190042407.0,128000000.0,221.0,[],{},0.02605821228663076,13.452551604450447,22.434345900199602,0.04457451108441289,0.05122171997618395,,0.14567129461365122,0.9,18,20,0.5799825174825174
UMI.BR,Umicore SA,Industrials,5602736640.0,11.58209,12.822985,,2.14,1.399,132.626,0.22861,0.040651226414396245,0.019809999,0.601,0.742,534739744.0,7095981568.0,1367384064.0,1038696000.0,19374073000.0,3250400000.0,1799000064.0,,9459690000.0,5778419000.0,,4256285000.0,384548000.0,710712000.0,0.10801951659829093,,240561925.0,-0.1572415661690485,0.1021799242894741,1.3576203191280658,1.2897000219414887,0.3015661189743004,0.3663451097062105,2.0480663742680787,1.5782479944748447,240481134.0,132094000.0,23.28,[],{},0.09544259856554671,5.189457559745263,6.831625006739219,0.1463780577847183,0.08634020284767256,,0.19961851902744454,0.9,18,20,0.8140243902439023
WDP.BR,Warehouses De Pauw SA,Real Estate,5157259776.0,12.4651165,12.459756,1.0281494,5.71,0.314,76.296,0.08222,0.039701835199434085,0.70761,0.164,0.227,191693872.0,8964574208.0,471824992.0,413614000.0,496794000.0,3826949120.0,19634000.0,20.853,8914399000.0,86852000.0,,416546000.0,353918000.0,397919000.0,0.8788491809482402,,235139589.0,0.0530888518031356,0.8769601379681633,0.20850518310102606,0.3589723709534712,0.3931488819380869,0.3734820881094108,0.05572938792620793,0.05343786152006349,225534676.0,77415000.0,21.44,[],{},0.03716971421375226,18.999786700573928,21.67376879892847,0.046138722308851014,0.08022387917513647,,0.048672764755991894,1.0,20,20,0.44499999999999995
NOVN.SW,Novartis AG,Healthcare,241732911104.0,23.996225,16.157412,7.2564635,2.88,0.862,116.85,0.3035,0.12603989220272377,0.22502,0.008,-0.17,11900250112.0,283532918784.0,23097999360.0,17644000000.0,56674000000.0,49014001664.0,7617999872.0,17.526443,110949000000.0,30460000000.0,,27278000000.0,13984000000.0,19144000000.0,0.7582842220418534,,1908151679.0,0.116786964771238,0.7520010827114187,1.1166507808490358,1.0352711557228496,0.318849200984236,0.3057136709504528,0.5108112736482529,0.5058584198892866,1975089248.0,1144000000.0,127.18,[],{},0.04922891987545789,12.275215457621348,16.069650803899343,0.06222910579720546,0.04167322151713447,,0.2108735404142415,1.0,20,20,0.6613344988344988
RO.SW,Roche Holding AG,Healthcare,298468507648.0,24.467669,17.076073,9.129459,2.59,1.228,90.718,0.38108003,0.1279008569754625,0.19601999,-0.012,-0.077,10317875200.0,326065520640.0,23964000256.0,18476000000.0,63356000000.0,33308000256.0,9733999616.0,41.032,100703000000.0,38729000000.0,,28001000000.0,12880000000.0,18852000000.0,0.7372782372624535,,795617637.0,0.0813056846199939,0.7390335764083661,1.3831291739580729,1.4815527513599527,0.32959296148079004,0.3571084763410968,0.6291371657249536,0.6129114645239241,795400695.0,1346000000.0,374.6,[],{},0.03456939320435249,13.606472924250665,17.648058055856247,0.0566634582023128,0.04087026026059123,,0.2541333113256857,1.0,20,20,0.485518648018648
NESN.SW,Nestlé S.A.,Consumer Defensive,205443203072.0,27.636679,16.577728,7.0308104,3.88,0.83,213.005,0.26244,0.07104151756572893,0.083809994,-0.025,-0.315,4374249984.0,262490505216.0,16458999808.0,13981000000.0,89885000000.0,62845001728.0,6134000128.0,11.36,127151000000.0,31969000000.0,,40694000000.0,9033000000.0,15904000000.0,0.45826333648550927,,2572220000.0,0.07815372242647059,0.4693632795464457,0.7855949279992136,0.8209411380444672,0.4549865907464353,0.4563993566176471,0.7069153998002375,0.6586052389705882,2572715039.0,1823000000.0,79.87,[],{},0.021291772706965594,15.948144375602633,18.774801889421358,0.053262878931545424,0.03618379762633564,,0.1617104456550655,1.0,20,20,0.37124542124542126
ABBN.SW,ABB Ltd,Industrials,144443850752.0,36.55963,27.690777,11.345695,1.18,1.429,55.751,0.32575,0.10546953325164309,0.14086,0.142,0.082,1570499968.0,148450492416.0,7148000256.0,5729000000.0,33220000000.0,9146000384.0,5856999936.0,7.0246906,44885000000.0,25578000000.0,,16421000000.0,4734000000.0,5469000000.0,0.4105960264900662,,1818141427.0,0.0976717633042097,0.39240754667625805,1.5576396078192558,1.4166097993721851,0.20251754483680517,0.19132247815726766,0.740113623705024,0.7591094122319301,1838192288.0,86000000.0,79.7,[],{},0.010872736775042358,20.768115151002032,25.912112483155873,0.03859199054689379,0.02735257441062724,,0.2012717818999438,1.0,20,20,0.25329268292682927
UBSG.SW,UBS Group AG,Financial Services,134410485760.0,18.601696,12.593519,1.859366,2.0,,,0.10672,0.004802071438154551,0.17949,0.146,0.206,,158517477376.0,,,47295000000.0,599213015040.0,575371018240.0,23.610199,1617427000000.0,,,,7767000000.0,21851000000.0,,,3091699191.0,0.003249782112524504,,,,0.20776331791172029,0.21240706236565735,0.029240886914834487,0.02897456147749433,3174825251.0,26545000000.0,43.9,[],{},,,,,0.053758539006335766,,,0.7,14,20,0.25171506234629165
CFR.SW,Compagnie Financière Richemont SA,Consumer Cyclical,112296591360.0,34.727272,23.932922,4.9939284,1.76,3.098,55.981,0.14961,0.08173990568472421,0.1554,0.042,-0.272,2592000000.0,108718997504.0,5359000064.0,4635000000.0,22420000000.0,13514999808.0,17234999296.0,38.246445,42623000000.0,28934000000.0,,9341000000.0,3484000000.0,4880000000.0,0.643978590544157,,587940297.0,0.06708774325708433,0.669143417916725,3.0975270313670915,2.8984143222506393,0.3170823264434695,0.3206116178120275,0.5260070853764399,0.5218504609081598,587940297.0,305000000.0,191.0,[],{},0.023081733546929988,20.287179736073988,23.456094391370012,0.042632843444214696,0.028795812121378266,,0.1392644672796106,1.0,20,20,0.31452205882352935
ZURN.SW,Zurich Insurance Group AG,Financial Services,89292947456.0,15.107405,13.870291,3.714994,5.04,27.188,46.416,0.25695,0.016694048048800255,0.093830004,0.113,0.102,-445500000.0,72648237056.0,11377000448.0,10500000000.0,88670000000.0,15358000128.0,32480000000.0,160.91547,407211000000.0,,,,6798000000.0,5903000000.0,,,142278360.0,0.016239996648091507,,,,0.038508291770114264,0.04030111311294535,0.2177495205188465,0.2403485984832614,142285391.0,460000000.0,597.8,[],{},-0.00498919581772709,6.385535219766214,6.9188797196190475,0.14453206884987732,0.06619270483580734,,,0.95,19,20,0.4029201532621506
HOLN.SW,Holcim AG,Basic Materials,40820633600.0,105.42858,17.125395,2.5867507,2.39,1.087,65.636,0.02781,0.39217378366314537,0.024149999,0.007,-0.929,1066200000.0,49108758528.0,2988000000.0,2230000000.0,15724000000.0,10951999488.0,3601999872.0,28.53,33605000000.0,9805000000.0,,7403000000.0,13179000000.0,2788000000.0,0.42349274993640296,,553125111.0,0.05390070921985816,0.43614591691870874,1.3244630555180332,1.249436128767685,0.2596042255616724,0.23803997421018697,0.4679065615235828,0.29844340057106017,551015549.0,354000000.0,73.8,[],{},0.026119143824362392,16.435327485943777,22.02186481076233,0.04540941507874886,0.00948509407980265,,0.0851080070223647,1.0,20,20,0.2747793148880106
SREN.SW,Swiss Re AG,Financial Services,41598406656.0,10.734399,11.225858,2.1175811,4.45,3.187,37.837,0.20356001,0.035371286574581925,0.11889,-0.052,0.01,1741124992.0,43738701824.0,6846000128.0,6510000000.0,46491000000.0,9443000320.0,7230000128.0,66.60902,134007000000.0,,,,4740000000.0,3069000000.0,,,294919585.0,0.025473752053384056,,,,0.06370562731797592,0.057070322017778966,0.34692963800398485,0.36749483215304685,294070924.0,433000000.0,141.05,[],{},0.041855569286543014,6.38894259512348,6.718694596620583,0.14883843663663282,0.09315845255984988,,,0.95,19,20,0.5680661905354107
LONN.SW,Lonza Group AG,Healthcare,41054437376.0,38.318123,26.73872,5.0509996,0.84,1.663,51.116,0.12895,-0.015357122912827386,-0.01601,0.112,0.392,-1567000064.0,44726145024.0,2390000128.0,1358000000.0,6531000000.0,4167000064.0,487000000.0,116.373,17907000000.0,6834000000.0,,3625000000.0,-275000000.0,1156000000.0,0.35354463328739855,,69844229.0,0.03223027416003649,0.32718978102189783,1.8852413793103449,1.5199776473875384,0.2535321382699503,0.2594638422946334,0.3647177081588206,0.27770739370597475,72142714.0,163000000.0,587.8,[],{},-0.038168835433025614,18.713867208629704,32.935305614138436,0.03036255414526109,0.026097311708091757,,0.0950847220277272,1.0,20,20,0.3000582750582751
SCMN.SW,Swisscom AG,Communication Services,32971937792.0,25.078802,20.504723,2.8626425,4.06,0.62,143.288,0.11364,0.035283013630180715,0.088649996,-0.02,0.304,2733995008.0,49215938560.0,4318000128.0,1925000000.0,15048000000.0,16501000192.0,255000000.0,222.347,36023000000.0,5128000000.0,,6748000000.0,1271000000.0,6012000000.0,0.7997076023391813,,51801943.0,0.04074514466904479,0.8341653807751657,0.7599288678126852,0.8435526315789473,0.10351719734613997,0.10476945435328312,0.41773311495433474,0.29110846875412866,51801943.0,362000000.0,636.5,[],{},0.08291884526918375,11.397854817293789,25.56672132987013,0.03911334531705007,0.03987431297555601,,0.06575576430401367,1.0,20,20,0.45
GIVN.SW,Givaudan SA,Basic Materials,31137232896.0,32.868835,25.494942,7.0734286,2.17,1.291,110.755,0.22337,0.09027309507754551,0.1288,-0.017,-0.2,605625024.0,35766231040.0,1582000000.0,1375000000.0,7472000000.0,4912000000.0,316000000.0,476.855,11864000000.0,4072000000.0,,2346000000.0,1071000000.0,1512000000.0,0.4352248394004283,,9229197.0,0.09009009009009009,0.44131138694009714,1.7357203751065644,1.486410165901871,0.3722184760620364,0.39267708075047525,0.6298044504383007,0.6126126126126126,9226246.0,113000000.0,3373.0,[],{},0.01945018769082081,22.60823706700379,26.011804392727274,0.03844408426658757,0.030423956309981782,,0.1444631225047279,1.0,20,20,0.3285359025032938
ALC.SW,Alcon Inc.,Healthcare,28327239680.0,55.809525,16.700022,1.6357969,0.48,2.092,24.537,0.029409999,0.031056884804309935,0.0592,0.087,,1272749952.0,32170240000.0,2404000000.0,1360000000.0,10401000000.0,5298999808.0,1456999936.0,35.823517,31555000000.0,6449000000.0,,3049000000.0,980000000.0,2271000000.0,0.5523507355062013,,487427920.0,0.033545325732362345,0.5561497326203209,2.1151197113807805,2.769534679543459,0.01613056567897322,0.016377236629650377,0.3296149580098241,0.3265891191880581,494616324.0,204000000.0,58.6,[],{},0.044930249695264345,13.381963394342762,23.654588235294117,0.042275096486690804,0.01791808835498958,,0.04770925419209991,1.0,20,20,0.4240675990675991
SIKA.SW,Sika AG,Basic Materials,30980818944.0,29.845442,23.266184,4.5464177,1.94,1.3,89.155,0.16042,0.06891862453212572,0.0937,-0.015,-0.006,1024162496.0,36409520128.0,1937699968.0,1523000000.0,11201300000.0,6077899776.0,625299968.0,42.473,15148300000.0,4411200000.0,,3527200000.0,1044000000.0,1707900000.0,0.5493648058707471,,160439241.0,0.07794946896728688,0.545434451802671,1.250623724200499,1.7627642716345224,0.36426529709604377,0.3582170819173504,0.7394427097430075,0.7361922106857426,160444515.0,157900000.0,193.1,[],{},0.03305795427329553,18.790071078744013,23.90644788443861,0.041829719113182375,0.03350595377344387,,0.13105471943275593,1.0,20,20,0.38221014492753624
AMRZ.SW,Amrize AG,Basic Materials,19940909056.0,19.815216,15.024457,1.9417809,0.93,1.104,55.149,0.09719,0.04886799455647656,0.10137,0.086,0.147,1134000000.0,26294908928.0,2881999872.0,1906000000.0,11815000000.0,7090999808.0,729000000.0,18.776577,24249000000.0,4681000000.0,,2857000000.0,1185000000.0,2208000000.0,0.25679221328819296,,553082525.0,0.05351816845200588,0.26230348598769654,1.6384319215960799,1.8749019607843138,0.2615777970225576,0.40092417559336274,0.4872365870757557,0.4916614156689771,552735960.0,413000000.0,36.46,[],{},0.05686801924703588,9.123841115840271,13.795859878279119,0.07248551440961279,0.05046626794277691,,0.08909872849663425,1.0,20,20,0.5318955862977601
SLHN.SW,Swiss Life Holding AG,Financial Services,25782515712.0,21.223831,18.050209,3.6508827,3.96,5.668,198.556,0.16584,0.00561779806046777,0.10537,0.011,0.098,-222250000.0,-42902482944.0,1920999936.0,2000000000.0,17796000000.0,14849999872.0,83701997568.0,252.706,219125000000.0,,,,1231000000.0,,,,27945498.0,0.005545075434036897,,,,0.045038220193953225,0.042976618417506725,0.08121391899600684,0.08488898430113323,28528671.0,333000000.0,922.6,[],{},-0.008620182858903789,-22.333411959051727,-21.451241472,-0.046617348525272335,0.04711684709513565,,,0.9,18,20,0.3528964651399672
KNIN.SW,Kuehne + Nagel International AG,Industrials,26234099712.0,30.385143,23.638182,12.790966,2.72,0.975,196.252,0.44268,0.07394986165842207,0.03568,0.076,0.114,327750016.0,29695221760.0,1420999936.0,1237000000.0,24476000000.0,4084000000.0,617000000.0,17.27,11927000000.0,5827000000.0,,6027000000.0,882000000.0,1781000000.0,0.3595358718744893,,118760074.0,0.10072494669509595,0.3495685831787759,0.9668159946905591,0.9659356042930471,0.33176825689611805,0.20008528784648189,2.0521505827114948,2.115309168443497,118730720.0,50000000.0,220.9,[],{},0.012493282391927504,20.8974124542114,24.005838124494744,0.041656533498808934,0.0329108209232387,,0.20966101694915254,1.0,20,20,0.35548780487804876
GEBN.SW,Geberit AG,Industrials,18981437440.0,31.13588,28.115023,17.125006,2.21,1.644,134.428,0.54099,0.1549547681381062,0.19413,0.065,0.124,482224992.0,20315838464.0,924600000.0,767200000.0,3162900000.0,1490000000.0,155600000.0,34.254,3857900000.0,1311600000.0,,851800000.0,597800000.0,866900000.0,0.7364444022890385,,32973728.0,0.16399340840428453,0.7285367039377735,1.5397980746654145,1.3203463203463204,0.351175509992483,0.3771216698709146,0.8198501775577387,0.8474320241691843,32937493.0,27900000.0,586.6,[],{},0.025405082914521357,21.972570261734806,26.48049851929093,0.03776363950518168,0.03211728719406678,,0.25521439739196966,1.0,20,20,0.35780487804878053
PGHN.SW,Partners Group Holding AG,Financial Services,18966073344.0,15.192069,15.537885,8.671358,6.34,1.669,113.666,0.54798,0.19734823580977426,0.49346,0.201,0.11,1344012544.0,21123375104.0,1572999936.0,1541300000.0,2461200000.0,2486099968.0,328800000.0,84.831,6388200000.0,3916900000.0,,2347000000.0,1260700000.0,1515000000.0,0.818137493905412,,25783135.0,0.19842345116393645,0.8083535648813358,1.6688964635705155,2.496584558062513,0.3891706584014276,0.3772456143437791,0.38527284681130836,0.35512818256998574,25904035.0,44800000.0,735.6,[],{},0.07086403809701518,13.428719620748923,13.704908261856874,0.07296655919858819,0.0658238189939764,,0.3813966148668712,1.0,20,20,0.4608746246913142
LOGN.SW,Logitech International S.A.,Technology,11446475776.0,18.004505,16.579393,6.0192904,1.73,2.311,3.588,0.35287997,0.1847916690484926,0.16277,0.069,0.663,723388224.0,9781184512.0,960393984.0,785054000.0,4840761000.0,84388000.0,1749678976.0,13.280636,3848588000.0,2915256000.0,,1312973000.0,711187000.0,1037207000.0,0.4320264933550737,,143502000.0,0.17847344527517844,0.430876857889306,2.2203472577120777,2.35467705153716,0.02290580337515993,0.02611329533610814,1.2578018223826504,1.2872389009592755,148509018.0,,79.94,[],{},0.06319746253399139,10.184554125653499,12.459250589131448,0.0802616491935982,0.05554165471363972,,0.3096108833557145,1.0,20,20,0.7453030303030304
ABB.ST,ABB Ltd,Industrials,1706866114560.0,36.503876,35.741936,107.51141,1.18,1.429,55.751,0.32575,0.10546953325164309,0.14086,0.142,0.082,1570499968.0,1713162027008.0,7148000256.0,5729000000.0,33220000000.0,9146000384.0,5856999936.0,8.76,44885000000.0,25578000000.0,,16421000000.0,4734000000.0,5469000000.0,0.4105960264900662,,1818141427.0,0.0976717633042097,0.39240754667625805,1.5576396078192558,1.4166097993721851,0.20251754483680517,0.19132247815726766,0.740113623705024,0.7591094122319301,1838192288.0,86000000.0,941.8,[],{},0.0009201072975807755,239.67011271019183,299.0333438659452,0.0033441086772192665,0.027394351219032193,,0.2012717818999438,1.0,20,20,0.1928048780487805
ADDT-B.ST,Addtech AB (publ.),Industrials,92488450048.0,41.527275,43.69898,10.760388,1.05,1.758,74.526,0.26891002,0.1007508212106992,0.096499994,0.057,0.148,2588000000.0,98537070592.0,3835000064.0,3009000000.0,22703000000.0,6833999872.0,1396999936.0,31.839,21310000000.0,9180000000.0,,6143000000.0,2147000000.0,2996000000.0,,,269960442.0,0.1021984551396316,,1.4943838515383363,1.5545539906103287,0.3354293758798686,0.334143574785286,1.0653683716564992,1.1773348457840436,269862072.0,203000000.0,342.6,[],{},0.02798187231656353,25.69415096416541,32.747447853772016,0.030536730815339398,0.02408055910242124,,0.19839124414848025,1.0,20,20,0.24853658536585366
ALFA.ST,Alfa Laval AB (publ),Industrials,238571945984.0,29.092743,26.308113,5.2503753,1.57,1.12,45.751,0.19059,0.08426972015362516,0.11635,0.077,0.007,4881999872.0,255027953664.0,13784000512.0,11751000000.0,69675000000.0,20991000576.0,4976999936.0,109.935,98161000000.0,42965000000.0,,36364000000.0,8272000000.0,9166000000.0,0.361664872622892,,413326315.0,0.08322917018569193,0.3466013472137171,1.1815256847431526,1.3374662215863933,0.21404631167164148,0.14990484555701947,0.7098032823626491,0.7539497539497539,413326315.0,571000000.0,577.2,[],{},0.020463428136380357,18.501737100341746,21.702659659943834,0.04607730184543602,0.03437283311511741,,0.19015486188649935,1.0,20,20,0.37036585365853664
ASSA-B.ST,ASSA ABLOY AB (publ),Industrials,395103142003.8,24.098917,19.595562,3.553305,1.81,1.015,64.103,0.15566,0.07055204419041038,0.10823,0.033,0.159,18395125760.0,462794031104.0,28960999424.0,23601000000.0,152409000000.0,71387996160.0,3868999936.0,100.104,208371000000.0,49395000000.0,,47920000000.0,14701000000.0,21412000000.0,0.4262806002270207,,1110776334.0,0.06994029650499765,0.41773551231336825,1.0307804674457428,1.104579048524837,0.31363769430486965,0.3287091075780953,0.7314309572829233,0.6715502783927014,1110776334.0,3316000000.0,355.7,[],{},0.046557781511702284,15.979905400656936,19.609085678742428,0.05099676835437909,0.0414956406547232,,0.14709163545256806,1.0,20,20,0.5334146341463415
AZN.ST,AstraZeneca PLC,Healthcare,2462806704128.0,25.05127,139.3798,48.97154,1.87,0.886,64.225,0.21965,0.08963479846415484,0.17021999,0.064,0.025,4905375232.0,2490445070336.0,19904000000.0,13327000000.0,58739000000.0,32349999104.0,4968000000.0,32.427,114074000000.0,28723000000.0,,30617000000.0,10225000000.0,14575000000.0,0.8189788726399837,,1550760380.0,0.06762147354255779,0.8112366615501266,0.9381389424176111,0.9268283930237565,0.2555271139786454,0.289460277791128,0.5149201395585322,0.5197577738261162,1550103897.0,1614000000.0,1588.0,[],{},0.0019917824747585433,125.12284316398714,186.87214454385833,0.005351252335873435,0.0399181358869231,,0.15968702445570773,1.0,20,20,0.3181818181818182
ATCO-A.ST,Atlas Copco AB (publ),Industrials,1007923036160.0,37.769653,32.230892,9.481414,1.47,1.272,33.668,0.25698,0.1304987799697709,0.15665,0.091,0.08,25972000768.0,1029310578688.0,42228998144.0,34811000000.0,168343000000.0,35858001920.0,14709000192.0,21.79,202454000000.0,87018000000.0,,56006000000.0,26420000000.0,32566000000.0,0.42895754501226663,,4870587525.0,0.1428133002138699,0.42848657302385573,1.5537263864585937,1.7235586032662638,0.17203908048247998,0.16643489435978095,0.8315123435447065,0.8476680509067892,4870613982.0,882000000.0,206.6,[],{},0.02576784123016824,24.37449676589704,29.568543813392317,0.03381972430942221,0.026476282427058573,,0.23770211952365344,1.0,20,20,0.28670731707317076
BOL.ST,Boliden AB (publ),Basic Materials,165663703040.0,13.045617,11.387906,2.0590105,1.91,1.573,28.232,0.16781999,0.06558062986415242,0.122279994,0.155,2.869,1669750016.0,184211701760.0,26556999680.0,12837000000.0,93509000000.0,22722000896.0,4198000128.0,283.34,143396000000.0,41459000000.0,,24399000000.0,9404000000.0,20686000000.0,0.16882866889818093,,283955454.0,0.08625378683558249,0.14464111560751958,1.699208983974753,1.6665077576493021,0.1659390777985439,0.14206657945469567,0.6521032664788418,0.7677550950151474,273471169.0,1374000000.0,583.4,[],{},0.010079154246581304,6.936465112010725,14.350058561969307,0.06968612676259117,0.07665409769426773,,0.10787666915972671,1.0,20,20,0.5718428853754941
EPI-A.ST,Epiroc AB (publ),Industrials,330071474176.0,37.31874,32.59259,7.402181,1.41,2.133,42.095,0.2123,0.10702066511564254,0.14168,0.104,0.158,5663249920.0,341922512896.0,14691000320.0,12495000000.0,61998000000.0,18773000192.0,6928000000.0,36.854,80377000000.0,45533000000.0,,19156000000.0,8602000000.0,10675000000.0,0.3705603406561502,,1209043512.0,0.10445154266709734,0.3607634739953462,2.376957611192316,2.4766600920447073,0.25144008858255473,0.25800045460527105,0.7713400599674036,0.7609135173288352,1208376598.0,816000000.0,272.8,[],{},0.017157647246366568,23.274283945832764,27.36474693045218,0.036543367367566436,0.026796188724485342,,0.20409663350810997,1.0,20,20,0.25390243902439025
EQT.ST,EQT AB (publ),Financial Services,393147940864.0,34.168358,23.091158,50.983658,1.49,6.392,34.006,0.13895,0.06402181562280085,0.35186002,0.265,0.932,1399399936.0,390309150720.0,1701699968.0,1048600000.0,2632400000.0,2628999936.0,6472000000.0,6.608,11368000000.0,6685100000.0,,978100000.0,727800000.0,430300000.0,0.6650964898951527,,1171153769.0,0.06761547238505021,0.6819089983790101,6.834781719660566,6.848613827217301,0.23263546798029558,0.19362256229803765,0.23156228008444757,0.23104928970220623,1180449205.0,69800000.0,336.9,[],{},0.0035594741585689457,229.3642581299032,372.2192930764829,0.002686588305874091,0.029266843902771098,,0.100924936717389,1.0,20,20,0.19345408353616286
ERIC-B.ST,Telefonaktiebolaget LM Ericsson (publ),Technology,313004359680.0,12.967479,13.954546,3.0411847,3.07,1.12,37.682,0.26077,0.10181109722336627,0.10831001,-0.061,-0.109,30705874944.0,302519517184.0,35283001344.0,30393000000.0,236681000000.0,39478001664.0,54103998464.0,31.468,279223000000.0,143554000000.0,,110937000000.0,28428000000.0,32954000000.0,0.4760331416548012,,3333349459.0,6.840553537592262e-05,0.44120138776827494,1.294013719498454,1.170109346800734,0.14420015543132192,0.15574572294390063,0.8476414908513984,0.847818205449185,3332672174.0,2719000000.0,95.7,[],{},0.0981004704707377,8.574086831063893,9.953591852860857,0.10046624522911099,0.07711599147374751,,0.18060325873810062,1.0,20,20,0.8659848484848486
ESSITY-B.ST,Essity AB (publ),Consumer Defensive,190148378624.0,15.845548,21.263237,2.0563428,3.12,1.088,45.728,0.13964,0.07573182699442303,0.08808,0.026,-0.103,8978624512.0,226905030656.0,24491999232.0,18579000000.0,138494000000.0,42609000448.0,6872999936.0,136.699,167116000000.0,54278000000.0,,40796000000.0,12656000000.0,15459000000.0,0.33302525741187344,,683048663.0,0.112735044580212,0.3238426339439078,1.3304735758407686,1.4331861338043719,0.2226238062184351,0.2362697264739535,0.8287297446085354,0.785529241596684,694944489.0,1582000000.0,281.1,[],{},0.04721904323861925,9.264455241348262,12.212984049518273,0.08188007091022474,0.06310920897150417,,0.14707884737175428,1.0,20,20,0.652930402930403
EVO.ST,Evolution AB (publ),Consumer Cyclical,155313586176.0,14.157455,11.610654,38.1629,5.05,2.037,2.13,0.26685,0.19234642698097554,0.51774,-0.012,0.043,915373376.0,160531906560.0,1253490944.0,1205639000.0,2066540000.0,90203000.0,1153538944.0,21.817,5521787000.0,2075627000.0,,1251394000.0,1062096000.0,1255217000.0,1.0279171949248502,,199226613.0,0.23266655095822303,1.0238463272235512,1.6586518714329779,1.818435156578623,0.016492486943085635,0.017517485316374065,0.3742520310906596,0.3858561763995173,206562243.0,5543000.0,832.6,[],{},0.0058937109015222075,128.0678630574933,133.1508905733806,0.007510276466749515,0.07063416412059936,,0.2823250693788604,1.0,20,20,0.3915441176470589
SHB-A.ST,Svenska Handelsbanken AB (publ),Financial Services,293597970432.0,12.234753,12.835232,1.5726005,5.51,,,0.12749,0.007004143978301825,0.42583,-0.038,-0.061,,1306858225664.0,,,56805000000.0,1673300934656.0,656419979264.0,93.126,3387566000000.0,,,,23727000000.0,-46294000000.0,,,1980028494.0,0.007756331775813163,,,,0.4977727371215793,0.5196459737910523,0.01676867697928247,0.01760693811802927,1980028494.0,86836000000.0,146.45,[],{},,,,,0.08173438401249294,,,0.7,14,20,0.6065927428053673
HM-B.ST,H & M Hennes & Mauritz AB (publ),Consumer Cyclical,285750755328.0,23.307293,20.225988,8.418776,3.85,1.067,226.362,0.34669,0.07140298226964933,0.05574,-0.033,0.007,22312249344.0,343826759680.0,24021000192.0,18529000000.0,228285000000.0,76790996992.0,18697000960.0,21.262,170273000000.0,72495000000.0,,61603000000.0,12158000000.0,31120000000.0,0.5336355870950785,,1602438375.0,0.06448444626943522,0.5343742270063716,1.176809570962453,1.1361890472618155,0.45542746060737754,0.4270145493690834,1.3406999348105688,1.3011086819004074,1604491375.0,2653000000.0,179.0,[],{},0.07808290591704231,14.313590480487516,18.556142246208648,0.0538905116554772,0.042905025478505804,,0.17050703966136008,1.0,20,20,0.5288970588235294
HEXA-B.ST,Hexagon AB (publ),Technology,269243105280.0,11.489119,18.818012,47.990433,1.5,1.527,46.892,0.27292,0.03608774688309183,0.09961,0.04,,683724992.0,269754908672.0,1269799936.0,1015400000.0,5424600000.0,2644300032.0,2161499904.0,2.09,17108300000.0,3877700000.0,,3829800000.0,617400000.0,1466900000.0,0.6630350624930871,,2684377888.0,0.05733172740259376,0.6683268223139731,1.0125071805316204,1.0615783037191568,0.24047392201446083,0.214615837091398,0.3170741686783608,0.3025741575866222,2684377888.0,136900000.0,100.3,[],{},0.0025394336144242526,212.43890555055123,265.6636878786685,0.0037641576384978546,0.08703887565269365,,0.07646948073954137,1.0,20,20,0.4348484848484849
INDU-C.ST,AB Industrivärden (publ),Financial Services,231757053952.0,3.6872122,,1.0332602,1.63,1.974,2.799,0.32275,0.17798391151332327,0.99306,11.979,12.356,39464251392.0,234107060224.0,63187001344.0,,35529000000.0,6279000064.0,3928999936.0,519.327,198900000000.0,,,,35401000000.0,,,,431899108.0,0.07557153436372757,,,,0.036621417797888384,0.04651704450443133,0.17862745098039215,0.07605527818255656,431899108.0,164000000.0,536.6,[],{},0.17028284886713124,3.704987659558083,,,0.2712076077422395,,,0.85,17,20,0.7546325083944783
INVE-B.ST,Investor AB (publ),Financial Services,1270599109389.75,4.838992,,1.1701293,1.35,2.236,11.589,0.27254,0.14281193354775587,0.80067,1.17,1.589,166005374976.0,1376684081152.0,271980494848.0,,216578000000.0,125865000960.0,20027000832.0,354.448,1102807000000.0,,,,157494000000.0,,,,3063309055.0,0.11904126710710122,,,,0.10456226701498993,0.10391559621464358,0.19638794458141814,0.17740864834206851,3063031333.0,4056000000.0,414.75,[],{},0.130651260298561,5.0617015088577535,,,0.20665460905907676,,,0.85,17,20,0.712935195219737
LIFCO-B.ST,Lifco AB (publ),Industrials,144259088384.0,37.497047,39.7995,7.0965724,0.85,0.944,57.938,0.20181999,0.08838125821048022,0.13166,0.108,0.178,4165750016.0,154935099392.0,7102000128.0,5170000000.0,28251000000.0,11864000512.0,1336999936.0,44.754,41106000000.0,10672000000.0,,10788000000.0,3633000000.0,5124000000.0,0.4369402852996354,,454216300.0,0.08488261462110108,0.4433944217010368,0.989247311827957,0.8756567425569177,0.26672505230379995,0.2662963820103371,0.6872719311049482,0.6720923654503844,454216300.0,408000000.0,317.6,[],{},0.028876863583882386,21.815699324076384,29.9681043311412,0.03336881068452686,0.0266687667431518,,0.17052576027442443,1.0,20,20,0.2735365853658537
NIBE-B.ST,NIBE Industrier AB (publ),Industrials,85763465216.0,32.473286,25.171597,2.8348663,0.82,1.717,72.205,0.08529,0.035001152870647916,0.0637,0.076,,3294749952.0,103740465152.0,5663000064.0,4058000000.0,40841000000.0,23341000704.0,5363999744.0,15.006,65055000000.0,21651000000.0,,13951000000.0,2277000000.0,4888000000.0,0.3150020812418893,,2016066488.0,0.016660511888191346,0.270822536462575,1.5519317611640742,1.4968372627947095,0.3355161017600492,0.33715876487799334,0.62779186841903,0.5755333352271114,2016066488.0,1049000000.0,42.54,[],{},0.0384167074371586,18.318994169094893,25.564432023656973,0.03911684793445103,0.03079454293599976,,0.07940670006261741,1.0,20,20,0.39
NDA-SE.ST,Nordea Bank Abp,Financial Services,658557894656.0,12.791695,141.64233,21.13374,7.38,,,0.15337,0.007396653167265225,0.4058,0.015,0.029,,831854215168.0,,,11719000000.0,240998006784.0,67302998016.0,9.182,654350000000.0,,,,4840000000.0,-3164000000.0,,,3419853669.0,0.008115760682115327,,,,0.31570413387330937,0.31653070882562906,0.017909375716359748,0.01931323242774984,3487931963.0,10083000000.0,194.05,[],{},,,,,0.07817572260751995,,,0.7,14,20,0.5037932720656974
SAAB-B.ST,Saab AB (publ),Industrials,345328156672.0,48.75285,64.43216,6.880453,0.38,1.227,28.581,0.15858,0.05063189633051065,0.080469996,0.286,0.399,7511000064.0,347332182016.0,10826000384.0,7622000000.0,79146000000.0,14458999808.0,12855000064.0,93.177,124704000000.0,82578000000.0,,63744000000.0,6314000000.0,12105000000.0,0.21691557374977888,,538943388.0,0.04178395760496078,0.21431820677322708,1.2954631024096386,1.3155385698481343,0.11795130869899922,0.104024122697174,0.6346709006928406,0.6386403934964888,536467770.0,570000000.0,641.1,[],{},0.021750326229940487,32.08314887272038,45.56969063447914,0.02194441055176652,0.02051162137187877,,0.12503280839895012,1.0,20,20,0.1675609756097561
SAND.ST,Sandvik AB (publ),Industrials,494855258112.0,29.396423,29.007353,4.927985,1.52,1.639,42.909,0.17908001,0.08648298598846109,0.1305,0.237,0.629,14508099584.0,534432284672.0,29316999168.0,20979000000.0,120680000000.0,43121000448.0,3620000000.0,80.053,169860000000.0,69898000000.0,,36113000000.0,14690000000.0,19189000000.0,0.4060490553529997,,1254385923.0,0.06639947066990629,0.39987630006998814,1.9355356796721401,1.7915955735387314,0.21855057105851877,0.23188562998958695,0.7104674437772283,0.6664244186046512,1254385923.0,1824000000.0,394.5,[],{},0.029317864862853288,18.22943342903055,25.47463104399638,0.039254739284464366,0.034017744267729445,,0.15685585471075986,1.0,20,20,0.4058536585365854
SCA-B.ST,Svenska Cellulosa Aktiebolaget SCA (publ),Basic Materials,78627233792.0,35.42721,16.910875,0.77712834,2.68,1.244,15.36,0.02168,0.021883556265661592,0.097040005,-0.014,-0.519,1243500032.0,94025244672.0,3244000000.0,4303000000.0,20427000000.0,15543000064.0,162000000.0,144.056,146457000000.0,11451000000.0,,7844000000.0,3205000000.0,4017000000.0,0.7288392813433201,,702342489.0,0.02437978601528845,0.7540529853697113,1.4598419173890873,1.2586322120739586,0.09245717172958616,0.09197188854572132,0.13947438497306378,0.1355459825944809,702342489.0,482000000.0,111.95,[],{},0.015815131374067506,28.984354091245375,21.851091023007204,0.04576430526727893,0.028226891138195754,,0.031043264340285544,1.0,20,20,0.39635210803689064
SEB-A.ST,Skandinaviska Enskilda Banken AB (publ),Financial Services,432437362688.0,14.179961,14.072197,1.9187261,3.87,,,0.14083,0.008462462415012363,0.41787,0.023,0.076,,632508579840.0,,,77063000000.0,1158076956672.0,958754979840.0,115.806,3670681000000.0,,,,31063000000.0,34721000000.0,,,1961576371.0,0.009542731160788834,,,,0.24258604874681292,0.2538105736600931,0.020994196989604925,0.021714535975551025,2020427447.0,75539000000.0,222.2,[],{},,,,,0.07052205573767092,,,0.7,14,20,0.41402036501704276
SKA-B.ST,Skanska AB (publ),Industrials,113747894272.0,17.17949,16.293001,1.850243,3.12,1.47,25.14,0.11123,0.03602203522603795,0.03807,0.041,0.524,2031374976.0,113403281408.0,8696999936.0,6214000000.0,176658000000.0,15511000064.0,16074000384.0,148.467,158292000000.0,125482000000.0,,81277000000.0,5702000000.0,7360000000.0,0.08351164396743992,,413967733.0,0.03242858060710135,0.08204849247227747,1.5438808026871071,1.5481782289904118,0.10023879918125995,0.11159590437306886,1.1160260783867788,1.0308048152236766,411521664.0,367000000.0,274.7,[],{},0.01785857214325628,13.039356357654226,18.249642968780172,0.05479559253354758,0.05820894566718802,,0.08068558073102643,1.0,20,20,0.5847560975609756
SKF-B.ST,AB SKF (publ),Industrials,125467615232.0,27.874493,15.35117,2.1790388,2.85,2.191,34.361,0.083050005,0.036900264982804305,0.05032,0.001,1.451,3148875008.0,135835680768.0,10400000000.0,6879000000.0,91583000000.0,20572000256.0,12460999680.0,126.386,106422000000.0,54536000000.0,,25757000000.0,3927000000.0,8392000000.0,0.26778987366651014,,455351068.0,0.054215202699873545,0.27727355604627135,2.117327328493225,2.050640472555917,0.14079795530999228,0.1678376726152094,0.8605645449249215,0.826727408238634,455351068.0,902000000.0,275.4,[],{},0.02509711372275204,13.06112315076923,19.746428371565635,0.050642069602823726,0.03587509197028265,,0.08527862145912106,1.0,20,20,0.4953658536585366
SWED-A.ST,Swedbank AB (publ),Financial Services,420381687808.0,13.554348,14.705189,2.0303936,5.54,,,0.15016,0.010696810938551944,0.45124,0.058,-0.089,,1251349626880.0,,,67899000000.0,1132510052352.0,301566001152.0,184.25,3062782000000.0,,,,32762000000.0,-46342000000.0,,,1124225510.0,0.01158555163526428,,,,0.29831049026669215,0.3065178986456112,0.022169060677514757,0.02436524341154608,1125318943.0,46448000000.0,374.1,[],{},,,,,0.07377706400927585,,,0.7,14,20,0.5083344119888971
TEL2-B.ST,Tele2 AB (publ),Communication Services,119022731264.0,11.789655,25.86233,4.119178,6.16,0.697,135.225,0.47615,0.07294847328244275,0.33580002,0.019,0.012,7559875072.0,145898176512.0,12076999680.0,7066000000.0,29889000000.0,30745999360.0,3585999872.0,41.501,62880000000.0,7514000000.0,,13188000000.0,4587000000.0,11343000000.0,0.43494262103114856,,693556132.0,0.06005400204835356,0.43029544993577173,0.5697603882317258,0.5373499503020108,0.45917620865139946,0.47596288135067194,0.4753339694656489,0.4590484466652183,692389827.0,985000000.0,170.95,[],{},0.06351622914140422,12.080664103487,20.647916290970848,0.04843103710359826,0.08482012408335952,,0.14219592690976415,1.0,20,20,0.55
TELIA.ST,Telia Company AB (publ),Communication Services,172265717760.0,35.048,22.466667,3.456138,4.72,0.661,169.141,0.105579995,0.018626057458084766,0.060349997,0.046,0.132,21041000448.0,255682707456.0,26616000512.0,10167000000.0,80982000000.0,90634002432.0,10958000128.0,12.676,189251000000.0,30855000000.0,,33630000000.0,3525000000.0,27602000000.0,0.6508236398211948,,3932109286.0,0.034654774026787814,0.6551843389118756,0.9174843889384479,0.8120759672202903,0.44091708894536885,0.4620212265998277,0.42790791065833206,0.3963587765332498,3932109286.0,3614000000.0,43.81,[],{},0.1221427032702714,9.606353416649648,25.148294231926823,0.03976412836503471,0.02853229856197215,,0.06533179969284351,1.0,20,20,0.4857142857142857
VOLV-B.ST,AB Volvo (publ),Industrials,714351706112.0,19.937569,14.108434,3.7465606,2.42,1.103,147.349,0.20883,0.05312447000416288,0.076009996,0.027,0.401,24019875840.0,927759728640.0,56166998016.0,49476000000.0,479183000000.0,260354998272.0,47068000256.0,93.766,648590000000.0,305570000000.0,,265914000000.0,34456000000.0,45595000000.0,0.24389220819603366,,2033452084.0,0.07051712652750489,0.2734332290591022,1.1491309220274224,1.2751709141638996,0.38082764149925225,0.3622502672958615,0.7388072588229853,0.737255165387565,2033452084.0,1832000000.0,351.3,[],{},0.03362471963667996,16.51787991901782,18.7517125200097,0.05332846261017032,0.05015656622931311,,0.12928952952367015,1.0,20,20,0.5796341463414635
EBS.VI,Erste Group Bank AG,Financial Services,48750628864.0,14.038032,11.247565,2.0086427,0.61,,,0.13213,0.009523189373097396,0.29145,0.399,0.175,,127074844672.0,,,11761000000.0,83075997696.0,17927000064.0,62.48,368574000000.0,,,,3510000000.0,4039000000.0,,,388406224.0,0.008834271886378543,,,,0.15083266860928876,0.14863909808444717,0.03190946729829017,0.030796978537666508,388126224.0,8819000000.0,125.5,[],{},,,,,0.07123505630988732,,,0.7,14,20,0.2906617192331478
VER.VI,VERBUND AG,Utilities,20462783905.399998,16.974064,14.810718,2.116269,3.41,0.826,31.126,0.12752,0.08003363407074622,0.15873,-0.049,-0.393,37215248.0,24518283264.0,2361302016.0,2120470000.0,8013556000.0,3279200000.0,89400000.0,27.832,18609701000.0,1721500000.0,,1760937000.0,1489402000.0,1918545000.0,0.46220916157570996,,347415686.0,0.1001840390407019,0.5038668363940254,0.9776045366756448,1.4084184651466973,0.1236559362238007,0.12279419868598188,0.4306117545897164,0.44045613944548734,347415686.0,113300000.0,58.9,[],{},0.001818679617203949,10.383374552626478,11.562664533806185,0.086485255805551,0.05891341048319366,,0.125853148634523,1.0,20,20,0.55625
OMV.VI,OMV Aktiengesellschaft,Energy,22079987712.0,14.192871,8.950575,1.4582974,4.64,1.224,37.636,0.087910004,0.02324226336915706,0.105579995,0.397,1.189,7461875200.0,29064988672.0,5836000256.0,3576000000.0,24308000000.0,7997000192.0,4397000192.0,46.424,46338000000.0,21851000000.0,,11035000000.0,1077000000.0,5215000000.0,0.2328040151390489,,326001057.0,0.029766660520762912,0.23283958158356877,1.9801540552786587,1.7055714134686542,0.1725797401700548,0.19271505541556552,0.5245802581035004,0.5366193432077521,327215398.0,387000000.0,67.7,[],{},0.33794743445190556,4.980292562893267,8.12779325279642,0.12303462562312882,0.07045790805820754,,0.10129450754893352,1.0,20,20,0.5583333333333335
BG.VI,BAWAG Group AG,Financial Services,13913633792.0,15.823117,11.2409525,2.955947,3.51,,,0.1989,0.011893992835110724,0.45091,0.035,0.296,,19164633088.0,,,2353900000.0,19505000448.0,14263000064.0,61.131,72297000000.0,,,,859900000.0,-3276000000.0,,,76976955.0,0.010653060652359794,,,,0.24544586912320013,0.24454381071193282,0.032558750708881416,0.023274134088392368,78524046.0,1523800000.0,180.7,[],{},,,,,0.06319867318177576,,,0.7,14,20,0.29661230242625597
ANDR.VI,Andritz AG,Industrials,8114300416.0,17.468355,13.637555,3.3333335,3.33,1.068,25.381,0.20214,0.05299590016376116,0.05766,0.085,0.067,575180992.0,7661510656.0,779400000.0,585900000.0,7883100000.0,620200000.0,1093900032.0,24.84,8610100000.0,5514000000.0,,4887700000.0,456300000.0,652700000.0,0.5114992832768834,,97998794.0,0.060823226754869536,0.4934505695418406,1.1281379790085315,1.1691766961337735,0.09649132994971023,0.09950998407448242,0.9155642791605207,1.0184613499938748,97556284.0,48700000.0,82.8,[],{},0.07088485297707765,9.830011105978958,13.076481747738521,0.0764731691055159,0.057246374944864585,,0.15739845261121857,1.0,20,20,0.6847560975609756
WIE.VI,Wienerberger AG,Basic Materials,2201509632.0,36.0,12.573831,0.78710026,4.85,1.393,95.089,0.02179,0.02702702702702703,0.01289,0.13,-0.709,155471008.0,4671285760.0,517000000.0,342000000.0,4566000000.0,2614000128.0,211000000.0,25.613,6142000000.0,2012000000.0,,1328000000.0,166000000.0,630000000.0,0.3510731493648708,,109201866.0,0.012309130570271113,0.3567471748282739,1.5150602409638554,1.4394618834080717,0.31162487788993815,0.3287628544717981,0.7434060566590687,0.7031785602991586,110266509.0,109000000.0,20.16,[],{},0.070620180688812,9.035368974854933,13.65873029239766,0.07321324739508123,0.027777777777777776,,0.07104279185708351,1.0,20,20,0.6005681818181818
VOE.VI,Voestalpine AG,Basic Materials,7866155008.0,15.5,9.102236,1.0377039,1.7,1.41,25.377,0.066139996,0.026540100736148778,0.03422,0.024,0.897,521312512.0,9140654080.0,1489299968.0,708900000.0,15063100000.0,2037900032.0,981100032.0,44.213,16002200000.0,7624600000.0,,5650000000.0,424700000.0,1540100000.0,0.20015136326519772,,171450616.0,0.009755756531907998,0.18027528471706142,1.3494867256637169,1.4373950926956227,0.15075427128769794,0.17077976141296403,0.9413143192810989,1.0005974209211723,171450616.0,192600000.0,45.88,[],{},0.06627285013705135,6.1375507126849005,12.894137508816476,0.07755462506245504,0.06451612903225806,,0.06847819787098394,1.0,20,20,0.686294466403162
RBI.VI,Raiffeisen Bank International AG,Financial Services,20636017531.5,8.76569,9.853197,1.009817,2.55,,,0.12172,0.0065203433762157275,0.27903998,0.018,,,18778644480.0,,,9149000000.0,34724999168.0,37979000832.0,62.239,210265000000.0,,,,1371000000.0,9071000000.0,,,328240854.0,0.005789313038213469,,,,0.10514826528428411,0.1104222645871174,0.04351175897082253,0.04446312502814597,328414347.0,3953000000.0,62.85,[],{},,,,,0.11408115048558642,,,0.7,14,20,0.6591772015360057
POS.VI,PORR AG,Industrials,1596660864.0,13.55,11.32312,2.0779023,2.68,0.948,68.395,0.14711,0.02844430659549001,0.020650001,0.059,0.359,181005248.0,1536121856.0,205592000.0,98260000.0,6295892000.0,659473024.0,752259008.0,19.563,4578280000.0,2719770000.0,,2869319000.0,130226000.0,378338000.0,0.34376161471638966,,39278250.0,0.02489706712053997,0.34049024306677905,0.9478799673371975,0.9389091781585918,0.1430998104091493,0.09295824944287932,1.3751653459377757,1.460147002492655,38051557.0,37767000.0,40.65,[],{},0.11336486794480609,7.471700533094673,15.633236881742317,0.06396627950849233,0.07380073800738007,,0.05749692356935003,1.0,20,20,0.7809756097560975
CAI.VI,CA Immobilien Anlagen AG,Real Estate,2161425408.0,12.5,16.8891,0.85040164,3.79,1.007,81.048,0.06993,0.0337641902464336,0.63566,-0.196,-0.225,51756376.0,3806868992.0,150360000.0,164637000.0,300673000.0,2069028992.0,433105984.0,27.634,5461674000.0,1052634000.0,,419283000.0,184409000.0,208020000.0,0.7130503902911136,,93823352.0,-0.010994100285688362,0.6725554048776587,2.5105573085481643,2.38394854189184,0.4137711258489613,0.45130848852560557,0.05505143661082664,0.053942401523936666,97154743.0,59447000.0,23.5,[],{},0.02394548329469809,25.318362543229583,23.12280345244386,0.043247351129229505,0.08,,0.03265058183706896,1.0,20,20,0.24833333333333335
EVN.VI,EVN AG,Utilities,5072808004.45,10.160715,11.203434,0.76746696,3.17,1.11,17.451,0.08078,0.039589509278649584,0.16054001,0.032,0.465,72250000.0,6276908032.0,719299968.0,359100000.0,3000000000.0,1214700032.0,361600000.0,37.07,11030700000.0,1411000000.0,,1226100000.0,436700000.0,935200000.0,0.40853333333333336,,178306200.0,0.043221301861897085,0.4349300844524436,1.1508033602479406,0.991342698464554,0.11922180822613253,0.10928566192640375,0.27196823411025595,0.2647339099838733,178279208.0,54200000.0,28.45,[],{},0.01424260487221681,8.726412221945212,17.479554530771374,0.057209695947318284,0.09841827076145725,,0.03662566550394713,1.0,20,20,0.7374999999999999
ATS.VI,AT & S Austria Technologie & Systemtechnik Aktiengesellschaft,Technology,5361299968.0,101.47059,16.201937,6.943396,,1.762,142.952,0.05934,-0.005501635656274832,0.03665,0.375,,107368248.0,6351039488.0,503228992.0,96896000.0,1790776000.0,2173391872.0,1208061952.0,19.875,4651344000.0,1426941000.0,,1101155000.0,-25590000.0,413718000.0,0.11362560141525238,,38850000.0,0.019405597431481656,0.11190997127626247,1.2958584395475659,1.248052124365977,0.4393805317344836,0.42849428400820405,0.3850018403283008,0.3439170770122801,38850000.0,93499000.0,138.0,[],{},0.020026532490412596,12.620575501341545,65.54490885072656,0.015256715090983228,0.009855072292375554,,0.027293194813008546,0.95,19,20,0.3471479500891266
POST.VI,Österreichische Post AG,Industrials,2100887168.0,24.108528,15.752818,3.101935,5.88,0.676,149.926,0.13519,0.020154589666580274,0.02802,0.067,-0.761,160600000.0,2984286976.0,286800000.0,189600000.0,3043200000.0,913200000.0,74500000.0,10.026,6559300000.0,1788800000.0,,4778300000.0,132200000.0,362400000.0,0.14540615141955837,,67552638.0,0.021241855234985136,0.157087509205597,0.3743590816817697,0.34783601927230434,0.12763557086884272,0.11480460265869777,0.46395194609180856,0.4810764183058889,67552638.0,70800000.0,31.1,[],{},0.07644389591511846,10.405463654114365,15.739910210970464,0.06353276394823498,0.041479098184675565,,0.106457046603032,1.0,20,20,0.6459756097560976
VIG.VI,Vienna Insurance Group AG,Financial Services,9164800000.0,11.083591,8.913399,1.3338549,2.43,1.595,32.939,0.12359,0.017280001,0.060560003,0.083,0.632,720177280.0,-2207596032.0,1741344000.0,1246301000.0,14781083000.0,2414864896.0,13896567808.0,53.679,,,,,834866000.0,842256000.0,,,128000000.0,0.012222517986201178,,,,,0.03383575914005019,,0.25230129311741173,128000000.0,84984000.0,71.6,[],{},0.07858079608938548,-1.2677541209548486,-1.7713185113387537,-0.5645512049914756,0.09022346638377399,,,0.9,18,20,0.6200823458347399
LNZ.VI,Lenzing Aktiengesellschaft,Consumer Cyclical,899803594.0,,-27.701488,1.9288079,,1.302,162.339,-0.110410005,-0.03732192131355668,-0.07083,0.001,,262846368.0,2827903488.0,371087008.0,28675000.0,2602432000.0,2149199872.0,592400000.0,12.08,4609409000.0,1633958000.0,,1198651000.0,-172032000.0,419745000.0,0.13002337813245457,,38618180.0,-0.02568949172376849,0.19071863862655403,1.363164090298177,1.4813238570377336,0.3617407350920693,0.3674151288925253,0.5645912523709655,0.5352651572843656,38618180.0,135823000.0,23.3,[],{},0.292115267990361,7.620594165344641,98.61912774193549,0.010140020733267684,,,0.008407222089635208,0.9,18,20,0.6544117647058824
UQA.VI,UNIQA Insurance Group AG,Financial Services,5451702784.0,12.164383,10.803051,1.7793808,4.1,1029.319,52.726,0.13737,0.014625730809742082,0.05686,0.121,0.209,-455788864.0,3583403008.0,476563008.0,560779000.0,5927639000.0,1790899968.0,3780400128.0,9.981,29047916000.0,,,,424847000.0,1137743000.0,,,306965261.0,0.012184169376917686,,,,0.04810644591508734,0.055780006417332335,0.20406417451771755,0.19984575270559252,306965261.0,44421000.0,17.76,[],{},-0.08360486293157393,7.519263870350592,6.390044933922276,0.15649342224361942,0.08220721100281041,,,0.95,19,20,0.45726337046446486
SBO.VI,SBO AG,Energy,475935840.0,91.51515,9.775077,1.1147202,2.53,2.731,86.925,0.012460001,0.026371278517615344,0.01296,-0.147,-0.963,-11933875.0,592284800.0,45823000.0,36578000.0,455267000.0,371132000.0,254780000.0,27.092,893965000.0,556924000.0,,174558000.0,23575000.0,72434000.0,0.2867218577230504,,15759465.0,0.045954351902274496,0.3038669202742102,3.1904811008375438,3.702988941259715,0.42074466002583993,0.387069786402923,0.5092671413310365,0.5683408223634507,15759465.0,14192000.0,30.2,[],{},-0.025074545762302752,12.925491565371102,16.192377932090327,0.061757451820475553,0.010927152498793915,,0.050844653999752576,1.0,20,20,0.2916666666666667
STR.VI,Strabag SE,Industrials,10170501120.0,11.095717,11.937669,1.7959799,3.34,1.227,14.582,0.17239,0.05782452792324091,0.04894,0.08,0.123,905805248.0,6697180672.0,1476605056.0,940924000.0,18714281000.0,828870976.0,4323268096.0,49.054,15845940000.0,9579004000.0,,7809902000.0,916284000.0,1802658000.0,0.4134955545446817,,115442696.0,0.0560836494127941,0.412139004796117,1.226520383994575,1.1985112310874768,0.05230809910929866,0.06318872499246997,1.181014253493324,1.1872379993158237,115442979.0,52506000.0,88.1,[],{},0.08906200759555101,4.535526033035607,7.117663777308263,0.14049553776171442,0.0901248652971232,,0.11708804761749508,1.0,20,20,0.858048780487805
DOC.VI,DO & CO Aktiengesellschaft,Industrials,2295542784.0,20.816732,16.08514,4.4487963,1.21,1.478,40.265,0.25817,0.08308066923258188,0.0442,0.05,0.163,182940000.0,2374862848.0,269350016.0,218950000.0,2461590000.0,248150000.0,269129984.0,46.979,1273100000.0,648630000.0,,450100000.0,105770000.0,244080000.0,0.27225898707745805,,10983458.0,0.07591349983984494,0.2633892050893774,1.4410797600533214,1.2003840293865966,0.2008169036210824,0.2817250753550104,1.9335401775194407,1.887464375764843,10983458.0,22960000.0,209.0,[],{},0.07969357019834138,8.817013948126144,10.846598986069878,0.0921947977688015,0.048038279975934746,,0.2660388821385176,1.0,20,20,0.598780487804878
ALTR.LS,"Altri, SGPS, S.A.",Basic Materials,969247168.0,236.25,12.729672,2.5013232,5.27,1.923,177.497,0.02812,0.01590061242999724,0.019550001,-0.007,1.096,,1451847168.0,22172508.0,34850441.0,676291799.0,687800000.0,205200000.0,1.889,1344437901.0,483955131.0,,334137240.0,21377386.0,,0.4875865232841601,,205131672.0,0.08106802321005004,0.5666702559245069,1.4483723244975628,1.5490937697772449,0.48438960365191314,0.4411817973945493,0.503029406190476,0.6336214092574541,205131672.0,21549292.0,4.725,[],{},,65.47960961385154,41.65936287578111,0.024004207721125645,0.004232804232804233,,0.03449511847839917,0.9,18,20,0.30886651844532276
BCP.LS,"Banco Comercial Português, S.A.",Financial Services,16305178624.0,13.900001,11.767196,2.1889763,3.1,,,0.13848,0.009316927918704674,0.29337,0.002,0.022,,23296600064.0,,,3919431000.0,8791361536.0,3583929088.0,0.508,109332927000.0,,,,1018647000.0,,,,14804627089.0,0.008873566060456728,,,,0.0626258546979173,0.061096543276396305,0.03584858749825659,0.03654749712076925,15113989952.0,1481158000.0,1.112,[],{},,,,,0.0719424408674503,,,0.65,13,20,0.34771540751607205
COR.LS,"Corticeira Amorim, S.G.P.S., S.A.",Basic Materials,923013440.0,17.073172,13.725491,1.2785388,4.96,24.665,7.786,0.062340003,0.04588889448618098,0.05274,-0.036,-0.629,,,130036000.0,82599000.0,860967000.0,63600000.0,,5.475,1210903000.0,686388000.0,,222293000.0,55567000.0,,0.546328721077579,,133000000.0,0.0511667207460905,0.5284662018761295,3.0877625476285804,2.322499249023731,0.11632228180126732,0.19991572419200201,0.7110123601973073,0.6893739070939969,133000000.0,5874000.0,7.0,[],{},,,,,0.05857142422040849,,0.08355064181021839,0.85,17,20,0.7119800489365707
CTT.LS,"CTT - Correios De Portugal, S.A.",Industrials,859794816.0,21.14516,11.237207,2.7775424,2.9,0.571,143.955,0.13203,0.008141138503280135,0.0299,0.101,-0.5,82756160.0,-759686784.0,118307200.0,110650435.0,1231803702.0,580184320.0,2293176064.0,2.36,6228784092.0,2825578138.0,,4921158499.0,50709394.0,,0.08195359929191055,,132624875.0,0.007976514657182797,0.07709954910408072,0.5741693015118634,0.6648206995614718,0.08998846833042548,0.08393097181658897,0.19775989724576892,0.186350620743776,134647953.0,20003043.0,6.555,[],{},0.09625105718246155,-6.421306429363555,-6.865646610426792,-0.1456527049442524,0.047292146287850265,,0.08461935556502985,0.95,19,20,0.7146341463414635
EDPR.LS,"EDP Renewables, S.A.",Utilities,14634442752.0,40.61765,28.431435,1.3996149,0.9,1.176,81.872,0.038340002,0.0071010366215016945,0.13901,,,-3186442240.0,26174033920.0,1172068992.0,901084000.0,2691597000.0,10154749952.0,562057984.0,9.867,30390070000.0,3199396000.0,,4331795000.0,215801000.0,,0.8154363376092335,,1051033116.0,-0.01756641921872525,0.7906650484367216,0.7385843512908621,0.6868191919599657,0.33833765437197083,0.3336674330620076,0.08856830537080039,0.07310091324698476,1039855871.0,391596000.0,13.81,[],{},-0.2177358095554768,22.331478862295505,29.047274083215328,0.03442663835288558,0.024619838912394,,0.03457957213207705,0.95,19,20,0.24375000000000002
EDP.LS,"EDP, S.A.",Utilities,19421163520.0,16.2,15.321897,1.6050563,4.38,1.091,145.948,0.08866,0.02092070301216192,0.07461,0.04,0.286,-948416000.0,45130489856.0,3874842112.0,2443358000.0,15606993000.0,24550586368.0,3207435008.0,2.927,54956375000.0,10786908000.0,,9354952000.0,1149726000.0,3268471000.0,0.37557920350191737,,4133921624.0,0.014194017679985347,0.3846557896617626,1.153069304898625,1.091044827424006,0.43004970760898986,0.4182067117370764,0.28398876381493504,0.2652054863073396,4163909782.0,1252216000.0,4.698,[],{},-0.04883414935584662,11.647052589894017,18.470682501704623,0.05413985108063614,0.0617283950617284,,0.05358074023260195,1.0,20,20,0.53125
GALP.LS,"Galp Energia, SGPS, S.A.",Energy,16519816192.0,13.557693,11.660152,3.2221205,3.2,1.529,80.965,0.24875,0.07306412681844869,0.050869998,0.352,1.346,1967500032.0,18491435008.0,3312999936.0,2135000000.0,19507000000.0,4598000128.0,2331000064.0,6.564,15329000000.0,6241000000.0,,3711000000.0,1120000000.0,1403000000.0,0.12005946583277798,,733855705.0,0.061842183504786825,0.12786823706067288,1.6817569388305038,1.720733104238259,0.319655554830713,0.2918475352322055,1.2725552873638202,1.2672295891062615,750267303.0,143000000.0,21.15,[],{},0.11909939003757167,5.581477623065068,8.661093680562061,0.1154588596870026,0.073758861481817,,0.1837665691168876,1.0,20,20,0.44999999999999996
IBS.LS,"Ibersol, S.G.P.S., S.A.",Consumer Cyclical,413516544.0,25.95,21.313293,1.322293,6.8,1.05,89.56,0.04976,0.022057672947018672,0.03026,0.047,,84278544.0,586958464.0,63330688.0,30827988.0,529515952.0,280039712.0,106561640.0,7.85,689395116.0,163492213.0,,153888077.0,15206452.0,,0.4861664375316119,,40020861.0,0.01819546125195572,0.47755297699806337,1.062409877277237,1.0594953534384632,0.4183309270789786,0.4183059880826967,0.7680877623159721,0.6230327130236472,41138935.0,17025436.0,10.38,[],{},0.203809364396313,9.26815233714183,19.03979150374653,0.052521583537468164,0.03853564547206166,,0.05756784832850722,0.95,19,20,0.6219485294117646
JMT.LS,"Jerónimo Martins, SGPS, S.A.",Consumer Defensive,11412365312.0,17.980198,13.638139,3.7175024,3.57,0.4,179.213,0.19981001,0.0378707937624575,0.01727,0.04,-0.025,,16282908672.0,2006000000.0,1229000000.0,35991000000.0,6008999936.0,1587000064.0,4.885,17058000000.0,5606000000.0,,9009000000.0,646000000.0,2425000000.0,0.20655163790947736,,628434220.0,0.039163125204315134,0.20472746832416924,0.6222666222666222,0.6105356240525518,0.32665025208113496,0.3224583197123243,2.1099190995427364,2.1879045439686173,628434220.0,364000000.0,18.16,[],{},,8.117103026919242,13.248908602115542,0.07547791520279062,0.05561674014935764,,0.15268977512734502,0.95,19,20,0.6480082417582417
EGL.LS,"Mota-Engil, SGPS, S.A.",Industrials,1423440412.6399999,10.545454,7.3881817,4.509232,3.71,1.085,347.843,0.27098,0.015587712777940929,0.025109999,-0.206,-0.018,-242518496.0,4769301504.0,759441984.0,577113000.0,5301427000.0,3420442880.0,742160000.0,1.029,8540124000.0,4913144000.0,,4530141000.0,133121000.0,,0.7714283342956528,,306775950.0,0.015666512497532314,0.7422486697001502,1.0845454920718802,0.9324652305839809,0.3682707651551664,0.35902526628653036,0.6207669818377345,0.759895577014378,300684369.0,319139000.0,4.64,[],{},-0.17037488457294137,6.28000769575573,8.264068742170078,0.12100576982100564,0.09482759111177196,,0.1439190639960319,0.95,19,20,0.6474390243902439
NOS.LS,"NOS, S.G.P.S., S.A.",Communication Services,2540145152.0,9.530769,11.351611,2.4656715,9.11,0.538,164.375,0.26397,0.06929152009883853,0.14421,0.0,0.364,254894624.0,4246142208.0,643560000.0,419241000.0,1823162000.0,1705019008.0,6122000.0,2.01,3548414000.0,567725000.0,,885022000.0,245875000.0,,0.7088508865366874,,511704041.0,0.08103460130061817,0.7140968116382895,0.6414812287152184,0.6747614654934172,0.4720847116486408,0.460811950281372,0.5137963044898368,0.5048721838616556,511316156.0,67413000.0,4.956,[],{},0.10034647972747031,6.597896401267947,10.128165441834172,0.09873456409682264,0.10492332780282473,,0.1574086728502601,0.95,19,20,0.8357142857142857
NBA.LS,"Novabase S.G.P.S., S.A.",Technology,273515840.0,29.04,90.75001,8.653159,15.34,1.204,31.604,0.21384001,0.042573173855336585,0.025120001,-0.004,-0.494,,264414704.0,9365500.0,11383000.0,124465000.0,13453000.0,31205000.0,0.839,128837000.0,85579000.0,,51262000.0,5485000.0,,0.44761981279877877,,37708337.0,0.039532993423483334,0.4685515843443527,1.6694432523116538,2.20317952694843,0.12018286672306869,0.124824503066578,0.9660656488431119,0.8263011404221778,35103281.0,816000.0,7.26,[],{},,28.232844375633977,23.228911886146008,0.04304979953005942,0.03443526170798898,,0.14673541733805995,0.9,18,20,0.5489583333333333
PHR.LS,"Pharol, S.A.",Financial Services,73964072.0,inf,,0.7894737,,6.203,,-0.01059,0.02181000410731647,0.0,,,-604459.0,59698856.0,-1823544.0,-2517223.0,0.0,0.0,14259243.0,0.114,96320798.0,16493111.0,,1963404.0,2100757.0,,,,821822948.0,0.2549083841356889,,8.400263521924169,5.862989821022001,8.440544689008909e-06,7.83621220041733e-05,0.0,,821822948.0,,0.09,[],{},-0.008172332642799872,-32.737820420017286,-23.716157050845318,-0.042165347356069936,0.0,,-0.02667753838135886,0.85,17,20,0.4294626941685765
RENE.LS,"REN - Redes Energéticas Nacionais, SGPS, S.A.",Utilities,2364699904.0,11.883333,15.077821,1.5138004,4.49,0.323,154.408,0.12358,0.02968405767005789,0.16826001,0.232,0.125,13149625.0,4749435904.0,507753984.0,240480000.0,1019640000.0,2402778880.0,18043000.0,2.355,5383799000.0,358557000.0,,1472825000.0,159813000.0,,0.6449805813816641,,663309888.0,0.02847301437354029,0.6754599943876849,0.24344847486972315,0.3838103768300427,0.46872700856774185,0.4726646964268712,0.1893904285802646,0.17763504014845874,663309888.0,61530000.0,3.565,[],{},0.005560800750131887,9.35381317264071,19.749816633399867,0.050633381492203415,0.08415147501126156,,0.06148851922820249,0.95,19,20,0.7562499999999999
SEM.LS,"Semapa - Sociedade de Investimento e Gestão, SGPS, S.A.",Basic Materials,1649302528.0,35.0,10.604045,0.68572754,3.02,0.5699843898814456,47.563,,0.029544754971916165,0.31453,-0.297,0.139,,2113485824.0,276649312.0,186108509.0,2114924032.0,1321991296.0,1232097664.0,30.114,5300414241.0,1005930826.0,,1764839255.0,156599440.0,,0.5532447569256237,,79869373.0,0.04366637226675307,0.5816929726566004,0.5699843898814456,1.1354697840801597,0.24522828611123265,0.3273181922974902,0.39901108400934887,0.40315638847011664,79869373.0,43076567.0,20.65,[],{},,7.6395846016056606,11.356202010086491,0.08805760932324096,0.02857142857142857,,0.05263882387926816,0.85,17,20,0.6339520986260118
SON.LS,"Sonae, SGPS, S.A.",Consumer Defensive,3938175744.0,18.409092,11.342632,1.2096775,3.08,0.7546151157295762,92.553,0.08696,0.017538701050462742,0.018660001,0.05,0.282,,,685756032.0,366885000.0,11360072000.0,3592000000.0,,1.674,11358994000.0,2478313000.0,,3284208000.0,199222000.0,,0.3192650539538834,,1944778067.0,0.01964477683969345,0.3180865959697873,0.7546151157295762,0.762961464744238,0.33412201819985116,0.3464312040206219,1.000094902770439,0.8775870975198431,1938334607.0,184548000.0,2.025,[],{},,,,,0.05432098443529969,,0.045435879043729456,0.85,17,20,0.6024332810047096
NVG.LS,"The Navigator Company, S.A.",Basic Materials,2318456576.0,21.733332,11.213924,1.6548223,3.44,1.294,71.869,0.07865,0.04537129543343548,0.059499998,-0.106,-0.136,,3146932736.0,273554528.0,204489089.0,1969765842.0,1007452288.0,179386768.0,1.97,3188523352.0,897454818.0,,636341031.0,144667435.0,,0.5500766176856061,,711183069.0,0.08557486708098201,0.5777892359451301,1.4103362415427836,1.2429160642988426,0.30308324585229507,0.30291058752645544,0.6177674191297564,0.6227743946997342,711183069.0,31890693.0,3.26,[],{},,11.503859062424294,15.389245222761005,0.06498044481876082,0.04601227276148912,,0.0801232291742687,0.9,18,20,0.6003479084321475
A5G.IR,AIB Group plc,Financial Services,23003686912.0,11.324741,11.187721,1.6310319,5.95,,,0.15133001,0.014451471809167674,0.49098998,0.02,0.082,,-6790311424.0,,,4508000000.0,12490999808.0,42274000896.0,6.735,148151000000.0,,,,2141000000.0,8603000000.0,,,2136766718.0,0.016663599167527927,,,,0.0745860642182638,0.0758639729304999,0.03042841425302563,0.034792519077485026,2328438575.0,1181000000.0,10.985,[],{},,,,,0.08830224020134324,,,0.7,14,20,0.7064942255972158
BIRG.IR,Bank of Ireland Group plc,Financial Services,17935859712.0,14.088889,10.410168,1.3778615,4.39,,,0.10549,0.0072876655804950275,0.32707,0.133,0.356,,8174859776.0,,,4214000000.0,12227000320.0,21991000064.0,13.804,164799000000.0,,,,1201000000.0,3993000000.0,,,952193201.0,0.009461538936921013,,,,0.06381106681472581,0.07707044551426646,0.025570543510579555,0.027575040324324993,1002662094.0,1876000000.0,19.02,[],{},,,,,0.0709779174213098,,,0.7,14,20,0.46669471171132304
C5H.IR,Cairn Homes plc,Consumer Cyclical,1602596864.0,12.285714,10.091132,1.9054652,3.93,5.121,27.724,0.16643,0.10160513373307282,0.14050001,0.337,0.498,-24723000.0,1770577536.0,169230000.0,168586000.0,944606000.0,231955008.0,55118000.0,1.354,1306184000.0,1282012000.0,,250330000.0,132715000.0,70622000.0,0.22100748883661547,,617728891.0,0.10684865842319612,0.2174291259968065,5.121287899972037,7.5268559896208735,0.1775821783148469,0.17578475085401896,0.7231798888977357,0.8019067727456278,616059762.0,15386000.0,2.58,[],{},-0.015426836627080782,10.462551178868996,10.502518216221988,0.09521525975126796,0.08139535073012444,,0.15966790863130698,1.0,20,20,0.5302573529411765
DQ7A.IR,Donegal Investment Group plc,Consumer Defensive,15160775.0,,,0.7843875,3.04,16.255,,-0.18353,0.006125989374390112,0.0,,2.1,5353000.0,-2517225.0,-1386500.0,-1154000.0,0.0,0.0,17464000.0,15.936,18446000.0,18446000.0,,6129000.0,113000.0,596000.0,,,1212862.0,0.08248500272677695,,3.0096263664545604,4.570997807017544,0.0,0.04353753862934012,0.0,,1519420.0,11000.0,12.5,[],{},0.3530822138050331,1.81552470248828,2.1813041594454075,0.4584413391730974,,,-0.0936916456929447,0.9,18,20,0.7301587301587302
EG7.IR,FBD Holdings plc,Financial Services,736599744.0,9.578948,11.555555,1.3632959,5.52,0.493,10.93,0.14669,0.03443137816038921,0.13299,0.088,1.575,771720128.0,486279200.0,135291008.0,56723000.0,462729000.0,52773000.0,223658000.0,13.35,1369768000.0,,,,47163000.0,65719000.0,,,35943862.0,0.049188738958974375,,,,0.0389014782065284,0.0386717686427553,0.3378156008900777,0.30264047756369905,35897184.0,2567000.0,18.2,[],{},1.0476790608279114,3.594320178322568,8.572875200535938,0.11664697975977587,0.10439559751237817,,,0.95,19,20,0.7714506309923547
GL9.IR,Glanbia plc,Consumer Defensive,5505726976.0,27.445784,15.748188,3.3861065,1.97,1.532,63.691,0.12047,0.0461248112732763,0.05799,0.079,0.637,334575008.0,6333871104.0,486400000.0,274100000.0,3946400000.0,1207900032.0,375700000.0,6.727491,3974000000.0,1652300000.0,,1218800000.0,183300000.0,368500000.0,0.26895398337725523,,242479634.0,0.04250871080139373,0.30351329530952936,1.3556777157860191,1.4102418207681366,0.28326623049823857,0.2474899987095109,0.99305485656769,0.9910181958962446,256533098.0,29200000.0,22.78,[],{},0.06076854327474737,13.02193894736842,23.10788436337103,0.04327527281489813,0.03643546855866825,,0.09948461091753774,1.0,20,20,0.3968864468864469
GVR.IR,Glenveagh Properties PLC,Consumer Cyclical,1261527936.0,12.224999,10.76239,1.6053841,,5.938,30.795,0.13942,0.08790113695119989,0.11623,-0.185,-0.106,55911124.0,1435582464.0,145276992.0,144128000.0,925879000.0,244068000.0,75196000.0,1.523,1224239000.0,1140136000.0,,192001000.0,107612000.0,100339000.0,0.2137568731983337,,520472536.0,0.08298992965530591,0.2115964505169714,5.938177405326014,5.888974453589172,0.19869077851628644,0.20594287868214486,0.7562894173441623,0.7379121056375932,560878504.0,18499000.0,2.445,[],{},0.04432016319613234,9.881691823575201,9.96046891651865,0.1003968797434405,0.08179959769321862,,0.13962671399425328,0.95,19,20,0.6734429065743943
GRP.IR,Greencoat Renewables,,848129152.0,15.72,8.982858,0.7939394,,,,,-0.023402786707242152,,,,,,,,-38744000.0,,,0.99,2239776000.0,,,,-52417000.0,73118000.0,,,1113335009.0,0.021088534443668476,,,,0.5047129712971297,0.48717857485660193,-0.0172981583872673,0.025671397506379683,1113535009.0,37956000.0,0.786,[],{},,,,,0.06361323155216285,,,0.5,10,20,0.7487223754746133
HMSO.IR,Hammerson Plc,Real Estate,2076630272.0,8.9,,0.89830935,5.12,0.766,86.369,0.105629995,0.05904049654049654,0.67484003,0.399,-0.348,10037500.0,3237048064.0,167700000.0,84700000.0,208300000.0,1816600064.0,469200000.0,3.963,3931200000.0,441700000.0,,271300000.0,232100000.0,96900000.0,0.6072971675468075,,529736620.0,-0.15139224485099528,0.5758354755784062,1.6280869885735347,1.838924683403688,0.4177859177859178,0.4376654009895294,0.05298636548636548,0.033569209527096994,490459528.0,65400000.0,3.56,[],{},0.004833551805219952,19.302612188431723,38.21780476977568,0.026165814756342155,0.11235955056179775,,0.023142708817180797,1.0,20,20,0.4166666666666667
IR5B.IR,Irish Continental Group plc,Industrials,1065992064.0,15.276595,13.1261425,3.757195,2.22,0.838,92.704,0.25255,0.10481388189196754,0.10353,0.161,0.069,33975000.0,1292085376.0,145800000.0,85600000.0,666700000.0,263000000.0,36800000.0,1.911,714600000.0,132400000.0,,223400000.0,74900000.0,149900000.0,0.7577621118944052,,148432980.0,0.09372555155687685,0.7436237164624048,0.5926589077887198,1.0320460147904684,0.40973971452560876,0.31841652323580033,0.9329694934228939,0.9447660772961978,164580565.0,10200000.0,7.18,[],{},0.031871719450249116,8.862039615912208,15.094455327102803,0.06624949216978059,0.06545961321878337,,0.1742671009771987,1.0,20,20,0.6148780487804879
IRES.IR,Irish Residential Properties REIT Plc,Real Estate,577935296.0,6.8875003,17.21875,0.7939481,4.48,0.329,76.089,0.11695,0.03920153427455257,0.94817,0.011,1.94,19669250.0,1124484352.0,53999000.0,53872000.0,85465000.0,553889024.0,7340000.0,1.388,1269134000.0,19436000.0,,23764000.0,49752000.0,57082000.0,0.7802843269174516,,524442218.0,-0.005310867948243698,0.7675934938374398,0.8178757784884699,0.7623492119397728,0.4323365381433324,0.45041028761897944,0.06734119486200826,0.06783607587636083,529578946.0,23305000.0,1.102,[],{},0.03403365417570897,20.82416992907276,20.873261657261658,0.04790818111802413,0.14519055628934055,,0.043257826991175315,1.0,20,20,0.6466666666666668
KMR.IR,Kenmare Resources plc,Basic Materials,216665936.0,,,0.32510763,9.59,3.067,26.196,-0.28888,-0.29326986406919064,-0.85454005,-0.111,,-54677500.0,391408704.0,14850000.0,951000.0,328573000.0,204682000.0,30990000.0,7.5052066,1108358000.0,231669000.0,,71489000.0,-325048000.0,101962000.0,0.055890167481807695,,88648620.0,0.04956087859413939,0.2299618803752649,3.240624431730756,5.891507327568709,0.18552579581687506,0.060525357074937426,0.296450244415613,0.3167654330228157,88433446.0,13466000.0,2.44,[],{},-0.25235854333834923,26.357488484848485,411.5759242902208,0.002429685365402605,,,0.0009171843309039039,0.95,19,20,0.4757246376811594
KRZ.IR,Kerry Group plc,Consumer Defensive,13556781056.0,21.760204,15.12634,2.2181194,1.7,1.765,46.206,0.106120005,0.061720295057689965,0.096219994,-0.037,-0.038,277550016.0,15779780608.0,1138400000.0,895000000.0,6757600000.0,2825100032.0,604499968.0,38.456,10669100000.0,2770200000.0,,1653500000.0,658500000.0,755500000.0,0.5115277613353854,,161102087.0,0.05869330669330669,0.5138185334314702,1.6753553069247051,1.3872806565708595,0.24304767974805747,0.2812867132867133,0.63338051007114,0.5537742257742257,166440652.0,87800000.0,85.3,[],{},0.02047315028940156,13.861367364722417,17.63103978547486,0.05671815231361675,0.04595545152058317,,0.09927237233240162,1.0,20,20,0.30210622710622714
KRX.IR,Kingspan Group plc,Industrials,18500533789.6,27.413334,19.033266,3.89055,0.55,1.326,53.262,0.15213001,0.06834543362489436,0.0716,0.076,0.049,620524992.0,20880254976.0,1199399936.0,903500000.0,9199000000.0,2683699968.0,594200000.0,26.423,9820700000.0,3301200000.0,,2404400000.0,671200000.0,819700000.0,0.29680400043482985,,179935454.0,0.06777330821324914,0.295817843866171,1.372982864747962,1.597069922308546,0.273870498029672,0.2873466062426804,0.9366949402792062,0.8766230459799379,181799483.0,77600000.0,102.8,[],{},0.03354092368668982,17.408917867409325,23.110409491975652,0.04327054439893062,0.036478598334664436,,0.12182624758976848,1.0,20,20,0.406219512195122
MLC.IR,Malin Corporation plc,Healthcare,30283176.0,inf,-58.333336,0.7861635,,16.125,,-0.05953,0.0,0.0,,,-912500.0,17445742.0,,-2500000.0,0.0,0.0,12900000.0,8.904,198500000.0,62600000.0,,1000000.0,0.0,-1300000.0,,,18971256.0,0.0,,62.6,35.8,0.0,0.0008576329331046312,0.0,,18971256.0,200000.0,7.0,[],{},-0.03013224240416527,,-6.9782968,-0.1433014428391753,0.0,,-0.012658227848101266,0.85,17,20,0.314957264957265
MIO.IR,Mincon Group plc,Industrials,150855408.0,14.2,19.189188,1.0128388,2.88,3.134,18.631,0.072399996,0.026770385745739533,0.06515,0.186,2.921,5280250.0,166813408.0,19722000.0,10966000.0,148715000.0,28919000.0,12961000.0,0.701,206198000.0,119412000.0,,36019000.0,5520000.0,8811000.0,0.2987728204955788,,212472413.0,0.008352172226899102,0.2787040821274444,3.3152502845720315,3.6828531890803875,0.162625243697805,0.17821908608507298,0.7212242601771113,0.6827451499702046,212472413.0,2011000.0,0.71,[],{},0.03500205972065649,8.45823993509786,15.211873791719862,0.0657381210028393,0.07042253521126761,,0.0644380328947755,1.0,20,20,0.7097560975609756
OIZ.IR,Origin Enterprises plc,Basic Materials,467568064.0,11.756757,7.9116797,1.1495771,3.86,1.455,101.471,0.09328,0.03585,0.017760001,0.025,,27828250.0,815799936.0,97097000.0,,2130080000.0,411907008.0,62771000.0,3.784,1402316000.0,836957000.0,,722288000.0,,569000.0,,,106630740.0,,0.1681751145450875,1.158758002348094,1.0461297159492797,0.18380878489584374,,1.5189728991183158,,111761891.0,,4.35,[],{},0.05951700328275628,8.401906711844855,,,0.0850574695045581,,,0.9,18,20,0.7511594202898549
PTSB.IR,Permanent TSB Group Holdings plc,Financial Services,1607725312.0,15.526317,10.41005,0.71428573,0.62,,,0.056149997,0.003741999015263417,0.19859,0.05,,,2112725248.0,,,655000000.0,2024999936.0,1520000000.0,4.13,30465000000.0,,,,114000000.0,633000000.0,,,544991596.0,0.005599336374948154,,,,0.06899720991301493,0.06992257707728466,0.021500082061381914,0.02315774920503249,544991596.0,288000000.0,2.95,[],{},,,,,0.06440677463947181,,,0.7,14,20,0.3652183917964649
RYA.IR,Ryanair Holdings plc,Industrials,24839628800.0,13.374302,12.526555,2.624137,1.65,0.79,1.919,0.22408001,0.11007357818885237,0.12132,0.011,-0.331,-217737504.0,22256848896.0,3421600000.0,2374200000.0,15544300000.0,181900000.0,2803500032.0,9.123,19747700000.0,7744900000.0,,8572800000.0,2173700000.0,3694900000.0,0.2258062440894733,,1043931708.0,0.09205460672873708,0.19001326307488262,0.9034271183277343,0.7371332548326955,0.07552778298232199,0.15323584851773575,0.7871448320563914,0.7967384474781516,1063868001.0,37800000.0,23.94,[],{},-0.00876573099192207,6.504807369651625,9.374462512004044,0.10667278243627251,0.07477025716930873,,0.2124582770315618,1.0,20,20,0.5903658536585366
UPR.IR,Uniphar plc,Healthcare,1113573760.0,22.578947,15.311039,2.75,0.47,0.993,126.538,0.1267,0.029492125600155635,0.016619999,0.133,-0.276,40300000.0,1442731776.0,107444000.0,91426000.0,3074704000.0,512689984.0,183696992.0,1.56,1732259000.0,828921000.0,,834852000.0,51088000.0,108431000.0,0.14885725585292112,,259574298.0,0.04534635367373057,0.15434577099792127,0.992895746791048,0.8779746096877661,0.2959661343944526,0.28686514539819585,1.774967831022959,1.9567442839424904,273015254.0,21192000.0,4.29,[],{},0.0361897895295234,13.427755630840252,15.780322621573731,0.06337006054824705,0.04428904501170936,,0.10187796618479686,1.0,20,20,0.5187645687645688
