ticker,name,sector,market_cap,trailing_pe,forward_pe,price_to_book,dividend_yield,current_ratio,debt_to_equity,return_on_equity,return_on_assets,profit_margins,revenue_growth,earnings_growth,free_cashflow,enterprise_value,ebitda,ebit,total_revenue,total_debt,total_cash,book_value,total_assets,total_current_assets,total_liabilities,total_current_liabilities,net_income,operating_cashflow,gross_margin,ncav,shares_outstanding,return_on_assets_prev,gross_margin_prev,current_ratio_bs,current_ratio_bs_prev,leverage,leverage_prev,asset_turnover,asset_turnover_prev,shares_outstanding_prev,interest_expense,last_price,errors,data_sources,fcf_yield,ev_ebitda,ev_ebit,earnings_yield_ebit,earnings_yield_pe,ncav_to_market,roic_proxy,data_quality_score,metrics_present,metrics_total,sector_composite_score
ADS.DE,adidas AG,Consumer Cyclical,25883047936.0,18.979462,12.671041,4.345718,1.9,1.391,94.127,0.24324,0.06613364919553845,0.052950002,0.133,-0.024,952300032.0,30694045696.0,2664000000.0,2061000000.0,24811000000.0,5977999872.0,1562000000.0,34.022,20262000000.0,11977000000.0,,9094000000.0,1340000000.0,751000000.0,0.5161017290717826,,178665018.0,0.03698862260953764,0.5077481737955496,1.3170222124477677,1.2409048264359428,0.27420787681374,0.27049140643911884,1.2245089329779884,1.1465988864681675,178549084.0,228000000.0,147.85,[],{},0.03679242237447131,11.521788924924925,14.89279267151868,0.06714657365185933,0.052688532477896365,,0.18454512893982808,1.0,20,20,0.5094485294117648
ADYEN.AS,Adyen N.V.,Technology,31238381568.0,27.789946,21.176601,5.2867765,,1.648,6.928,0.21271,0.08668834869386088,0.43555,0.189,0.129,-1190886784.0,19244554240.0,1290572032.0,1096267000.0,2646897000.0,409363008.0,12403191808.0,187.184,12256849000.0,11689803000.0,,6787358000.0,1062526000.0,1030422000.0,0.8884433357248128,,31536692.0,0.08097509041135888,0.8931407741100045,1.7222906173506687,1.551525949324971,0.02058979432642109,0.01997815545686018,0.21595248501470485,0.19479620585195337,31485187.0,19700000.0,989.6,[],{},-0.03812255066440195,14.911646744875377,17.55462331712986,0.05696505028531126,0.0359842368891253,,0.20043309331709294,0.95,19,20,0.46568627450980393
AD.AS,Koninklijke Ahold Delhaize N.V.,Consumer Defensive,27322537984.0,12.458168,10.689648,1.8914833,3.99,0.713,133.34,0.15675999,0.04612031208621076,0.02448,0.003,-0.002,2912000000.0,43372535808.0,5388000256.0,3082000000.0,92352000000.0,19260999680.0,3211000064.0,16.532,49089000000.0,11923000000.0,,16794000000.0,2264000000.0,6989000000.0,0.2654409216909217,,886877259.0,0.034026465028355386,0.26640330360240383,0.7099559366440396,0.8350195447229248,0.3748905050011204,0.39186373982485245,1.88131760679582,1.7236410632305852,913583817.0,823000000.0,31.27,[],{},0.10657867880741016,8.049839225545872,14.07285392861778,0.0710587919886282,0.08026862376554883,,0.09543272952469423,1.0,20,20,0.8651098901098903
AI.PA,L'Air Liquide S.A.,Basic Materials,110504476672.0,31.199999,24.116522,4.156206,1.97,0.875,63.307,0.13967,0.06776477749482793,0.13087,0.008,0.007,243312496.0,126154432512.0,7624500224.0,5234300000.0,26940200000.0,17258899456.0,2061200000.0,41.663,51913400000.0,10369600000.0,,8836800000.0,3517900000.0,6518400000.0,0.6417547011529239,,635735026.0,0.0637412637971755,0.6301177479322044,1.1734564548252762,0.880146771965711,0.2618957725750962,0.23894731768448452,0.518945012270435,0.5216715669735383,634089045.0,82700000.0,173.16,[],{},0.0022018338381186264,16.54592810095247,24.101490650516784,0.041491209589501386,0.032051283078566764,,0.1215114470501386,1.0,20,20,0.3148320158102767
AIR.PA,Airbus SE,Industrials,158850138112.0,26.724367,23.03748,6.139304,1.61,1.146,54.988,0.23193,0.038691556925721994,0.07714,0.277,1.258,3128750080.0,160085131264.0,9004000256.0,5236000000.0,73420000000.0,14275999744.0,13128999936.0,32.691,134939000000.0,73647000000.0,,63511000000.0,5221000000.0,7995000000.0,0.14937346771996732,,787227745.0,0.03275212246445791,0.15419615773508594,1.1595944009699106,1.1453078864457384,0.08168876307072084,0.0872590219250385,0.5440977034067245,0.5357820033587952,787956251.0,770000000.0,200.7,[],{},0.019696237706724695,17.779334374998935,30.57393645225363,0.03270759725564515,0.03741903409723418,,0.0733045864366915,1.0,20,20,0.41292682926829266
ALV.DE,Allianz SE,Financial Services,168934104658.0,14.617657,13.256122,2.677809,3.82,1.514,50.648,0.19612,0.010519625569670675,0.098780006,0.121,-0.08,9307124736.0,69713035264.0,21464000512.0,16218000000.0,137450000000.0,33706000384.0,136018001920.0,166.33,1024276000000.0,,,,10775000000.0,33209000000.0,,,380242198.0,0.009507188548868539,,,,0.034438959811613275,0.03335222453469248,0.13419234659408205,0.13397467685515108,385919437.0,758000000.0,445.4,[],{},0.055093225579535186,3.2479050317309275,4.298497673202615,0.23263941870531377,0.06841041625207105,,,0.95,19,20,0.4653426486873819
ABI.BR,Anheuser-Busch InBev SA/NV,Consumer Defensive,135397138432.0,17.233084,16.26386,1.6796644,1.69,0.664,71.88,0.11392,0.031246572337391684,0.14896,0.11,1.249,10693624832.0,207970828288.0,19736000512.0,15650000000.0,59320000000.0,72732000256.0,8010999808.0,40.936752,218808000000.0,24769000000.0,,34475000000.0,6837000000.0,14883000000.0,0.5593223196223871,,1950752219.0,0.028334712563577676,0.5525364743675546,0.7184626540971719,0.6955482973447046,0.33374922306314214,0.3492598131022034,0.2711052612335929,0.28924152015369947,1975432021.0,3864000000.0,68.76,[],{},0.07897969599535236,10.537637965784828,13.2888708171246,0.07525093845530936,0.058027918856543605,,0.08490069602295845,1.0,20,20,0.6381868131868133
ARGX.BR,argenx SE,Healthcare,53842173952.0,38.309734,28.013897,7.4707494,,5.123,0.558,0.23635,0.1488057053233914,0.32265,0.593,0.952,761769024.0,49008332800.0,1612902016.0,1054615000.0,4153482000.0,47000000.0,5184000000.0,115.89198,8682698000.0,6899104000.0,,1320186000.0,1292035000.0,685192000.0,0.8914970619831746,,61883306.0,0.13430665784014953,0.896226014516277,5.225857568554734,7.289127293571134,0.005431491455766399,0.006296309791404206,0.47836306180406135,0.353119424646942,60760957.0,4082000.0,865.8,[],{},0.01414818474230095,30.38518912732266,46.47035439473173,0.021519095626121768,0.0261030264527548,,0.1432411926798897,0.95,19,20,0.2967571644042232
ASML.AS,ASML Holding N.V.,Technology,583063830528.0,59.858044,29.349028,26.715006,0.52,1.334,9.092,0.53942,0.19003452872053886,0.30114,0.213,0.285,8437675008.0,577466728448.0,13488400384.0,11301400000.0,32667300000.0,1984400000.0,7581499904.0,56.822,50566600000.0,30616100000.0,,24263900000.0,9609400000.0,12658500000.0,0.5282958799778371,,385417665.0,0.1558275845036798,0.512757006535069,1.2617963311751201,1.532930368951794,0.08683399714436012,0.09647331939345045,0.6460252419581305,0.5816656239195219,393283720.0,118300000.0,1518.0,[],{},0.01447127152503898,42.81209869281413,51.09691971330986,0.01957065133496721,0.016706192404148723,,0.42966691632417964,1.0,20,20,0.33772727272727276
CS.PA,AXA SA,Financial Services,91288772608.0,11.768194,9.75455,1.9763705,5.25,11.53,119.437,0.14881,0.015415261691257343,0.10379,0.045,0.132,-26394499072.0,56046710784.0,,,105925000000.0,61108998144.0,99860996096.0,22.091,635539000000.0,,,,9797000000.0,22352000000.0,,,2055372364.0,0.012062493690364384,,,,0.09518219967618037,0.09552405921420945,0.16666955135719444,0.1579504467986821,2175367655.0,627000000.0,43.66,[],{},-0.28913193066292736,,,,0.08497480581982249,,,0.85,17,20,0.47765864626329746
BAS.DE,BASF SE,Basic Materials,46205677568.0,22.550419,18.032152,1.2814574,4.24,1.855,71.358,0.061160002,0.021253971171265786,0.094239995,0.164,52.989,1055000000.0,66416750592.0,6568000000.0,2860000000.0,59656000000.0,26684999680.0,7887000064.0,41.882,76174000000.0,31684000000.0,,16411000000.0,1619000000.0,5610000000.0,0.24069666085557195,,892522164.0,0.016141267176521795,0.24769298374102827,1.9306562671378953,1.832971418510476,0.30468401291779346,0.2983896039296151,0.7831543571297293,0.7640738668158925,892522164.0,982000000.0,53.67,[],{},0.022832691901279383,10.1121727454324,23.22264006713287,0.04306142613885256,0.044345074031662116,,0.047855696668507273,1.0,20,20,0.5826646903820816
BAYN.DE,Bayer Aktiengesellschaft,Healthcare,48541573120.0,,10.226871,1.6408195,0.23,1.043,129.362,-0.056900002,-0.034627562391788866,-0.0383,0.012,,6562999808.0,82014371840.0,10133000192.0,6139000000.0,45575000000.0,38430998528.0,5081999872.0,30.113,104541000000.0,32911000000.0,,32585000000.0,-3620000000.0,5930000000.0,0.587558968732858,,982424082.0,-0.023022101939557962,0.5436209930051925,1.0100046033450973,1.1896932854379663,0.34869572703532586,0.3671357690572846,0.43595335801264573,0.4204420387911592,982424082.0,2265000000.0,49.41,[],{},0.13520369007768984,8.093789626565913,13.359565375468318,0.07485273449361336,,,0.08531602646061481,0.95,19,20,0.5786324786324787
BBVA.MC,"Banco Bilbao Vizcaya Argentaria, S.A.",Financial Services,139889033216.0,13.412699,11.024663,2.4843197,3.62,,,0.18924,0.01222812177166417,0.32562,0.202,0.152,,166663045120.0,,,39415000000.0,198940999680.0,183573004288.0,10.204,859576000000.0,,,,10511000000.0,14968000000.0,,,5691360192.0,0.013016538020357274,,,,0.10389075544221803,0.09830373303020966,0.04585400243841149,0.05079608804741573,5756618609.0,32065000000.0,25.35,[],{},,,,,0.07455620975316005,,,0.7,14,20,0.4256266988825129
SAN.MC,"Banco Santander, S.A.",Financial Services,187801157632.0,14.695455,10.18364,1.6937786,1.94,,,0.13109,0.00755067563045009,0.33464,0.102,0.087,,281237159936.0,,,60023000000.0,404829011968.0,315343011840.0,7.635,1867515000000.0,,,,14101000000.0,-14835000000.0,,,14678242211.0,0.0068445539418240135,,,,0.174677044093354,0.17839333159506848,0.03214057182940967,0.0328265329618019,15136962863.0,59362000000.0,12.932,[],{},,,,,0.06804825029235229,,,0.7,14,20,0.3561936402467964
BMW.DE,Bayerische Motoren Werke Aktiengesellschaft,Consumer Cyclical,38129258496.0,6.130895,6.9497933,0.40008795,7.0,1.148,119.855,0.06592,0.027424454913579505,0.04923,-0.079,-0.279,1710268032.0,141387366400.0,13793000448.0,9981000000.0,133453000000.0,116789002240.0,15642000384.0,159.215,265967000000.0,91648000000.0,,81724000000.0,7294000000.0,8228000000.0,0.15432399421519186,,607128285.0,0.027228721258572005,0.16080207894367188,1.1214331163428124,1.0991914607305364,0.3321840679482793,0.31936414025966264,0.5017652565919832,0.5318004571735915,622259319.0,562000000.0,63.7,[],{},0.04485447919684612,10.250660611013126,14.165651377617474,0.07059329453639218,0.1631083226837191,,0.054173021498781504,1.0,20,20,0.7722058823529413
BNP.PA,BNP Paribas SA,Financial Services,113852473344.0,8.986158,7.8545055,0.94798315,5.55,,,0.104770005,0.004377043739287879,0.26490998,0.188,0.374,,,,,68804000000.0,831044976640.0,1226712023040.0,109.58,2792981000000.0,,,,12225000000.0,46571000000.0,,,1100099307.0,0.004321034208926884,,,,0.14267479800256427,0.14044655123205668,0.024634610833371227,0.024352029717831437,1129554473.0,50329000000.0,103.88,[],{},,,,,0.11128226323196187,,,0.65,13,20,0.7670283758323625
BN.PA,Danone S.A.,Consumer Defensive,41814609920.0,21.496689,15.361535,2.37168,3.54,0.967,98.519,0.121929996,0.040491668700494775,0.07132,0.014,0.124,2077500032.0,50930892800.0,4511000064.0,3717000000.0,27283000000.0,17426999296.0,8338999808.0,27.373,45071000000.0,13230000000.0,,14625000000.0,1825000000.0,3779000000.0,0.5061760070373492,,640172858.0,0.044621566722600016,0.49704120397428403,0.9046153846153846,0.9311098164870376,0.3198952763417719,0.31332244104919194,0.6053338066606022,0.6044334540316171,644157323.0,498000000.0,64.92,[],{},0.049683592313181625,11.290377317095068,13.702150336292709,0.07298124567727979,0.04651879180091408,,0.12208500295605335,1.0,20,20,0.4961538461538462
DBK.DE,Deutsche Bank Aktiengesellschaft,Financial Services,67174252544.0,10.8662615,9.340081,0.852205,2.81,,,0.08891,0.004829739656754702,0.22715001,0.087,0.188,,-22801750016.0,,,32099000000.0,544725991424.0,636277030912.0,41.95,1435067000000.0,,,,6931000000.0,47064000000.0,,,1939573264.0,0.0024265108201765168,,,,0.11459534641936578,0.10920740467871079,0.022367596774227266,0.021660537912609565,1983625755.0,28768000000.0,35.75,[],{},,,,,0.09202797116561201,,,0.7,14,20,0.6013900274697617
DB1.DE,Deutsche Börse AG,Financial Services,50498576384.0,24.125755,20.556139,4.876223,1.51,1.009,57.645,0.20412001,0.006713645357993781,0.27294,0.117,0.137,2181125120.0,55287574528.0,3347000064.0,2978000000.0,7381000000.0,6186999808.0,1775000064.0,57.442,297156000000.0,274582000000.0,,270651000000.0,1995000000.0,2810000000.0,0.5695705188998781,,182105935.0,0.008770350093646448,0.5832265413640895,1.0145242397035297,1.0177593470918178,0.027379558211848322,0.043144899870335686,0.02483880520669278,0.03161918311482495,183778379.0,192000000.0,280.1,[],{},0.043191814030842046,16.51854600263312,18.565337316319678,0.053863820676231924,0.041449480026635434,,0.1123561592152424,1.0,20,20,0.26070007284097574
DHL.DE,DHL AG,Industrials,61183197184.0,16.804878,14.508393,2.7451565,3.42,1.03,122.614,0.18090001,0.049297361232363626,0.04344,0.128,0.286,5425375232.0,85386141696.0,8397000192.0,5313000000.0,82855000000.0,27971999744.0,4291000064.0,20.079,71018000000.0,20946000000.0,,21410000000.0,3501000000.0,9119000000.0,0.164455977309758,,1119243239.0,0.04768515205724508,0.1562574238608828,0.9783278841662775,0.951631949364697,0.3583176096200963,0.32117352415026834,1.1666760539581515,1.2048372093023256,1153216427.0,1107000000.0,55.12,[],{},0.08867426812763535,10.168648296250986,16.071172914737435,0.06222321203967567,0.05950653137737746,,0.10709966134494436,1.0,20,20,0.7364634146341463
DTE.DE,Deutsche Telekom AG,Communication Services,135108747264.0,15.870787,11.090914,2.2574716,3.54,1.033,165.297,0.15063,0.03316089712840228,0.07013,0.043,-0.05,17394624512.0,305919492096.0,42652000256.0,25612000000.0,118343000000.0,146755993600.0,5373000192.0,12.514,289769000000.0,41177000000.0,,36848000000.0,9609000000.0,40627000000.0,0.6107585577516202,,4838022420.0,0.03675877402979005,0.6113229839024941,1.1174826313504125,1.0562503552953215,0.48473784290244987,0.47599152603514205,0.4084046257536175,0.37749480215390874,4900429250.0,6547000000.0,28.25,[],{},0.1287453615272683,7.172453583884739,11.944381231297829,0.08372137330812104,0.06300884763937667,,0.10126482182183369,1.0,20,20,0.6785714285714286
ENEL.MI,Enel SpA,Utilities,88789934080.0,21.309525,11.877746,3.597267,5.78,0.721,147.743,0.122559994,0.023648667558505965,0.05711,0.085,0.318,-685750016.0,172235210752.0,20621000704.0,3571000000.0,67452000000.0,73377996800.0,4742000128.0,2.488,178657000000.0,34285000000.0,,47063000000.0,4225000000.0,13926000000.0,0.4683626875407697,,10033125071.0,0.03749084904803381,0.541111693017594,0.7284915963708221,0.8288398610804408,0.38325954202746043,0.37593446582486817,0.37755027790682705,0.377521521435938,10154600276.0,2846000000.0,8.95,[],{},-0.007723285562777163,8.352417674792587,48.23164680817698,0.02073327506268072,0.0469273716800351,,0.027136495584905086,1.0,20,20,0.48750000000000004
ENI.MI,Eni S.p.A.,Energy,67712057344.0,12.239584,10.024827,1.4888494,4.61,1.48,64.975,0.10901,0.019026913452348818,0.05874,0.185,5.806,-8982875136.0,95319670784.0,13235999744.0,4506000000.0,82151000000.0,36990001152.0,15088000000.0,15.784,137069000000.0,48867000000.0,,36815000000.0,2608000000.0,13330000000.0,0.0942897834475539,,2957681345.0,0.017857750495103412,0.11355113348423933,1.327366562542442,1.1376787237893322,0.24952396238390884,0.2507367002633746,0.5993404781533388,0.6043119934122323,3083270402.0,8170000000.0,23.5,[],{},-0.13266285929496982,7.201546738258988,21.153943804704838,0.04727250905231158,0.08170212320941626,,0.044945837572565685,1.0,20,20,0.4666666666666667
EL.PA,EssilorLuxottica Société anonyme,Healthcare,68689334272.0,27.962618,18.43627,1.7531935,2.69,0.889,38.359,0.06723,0.036231317004460445,0.085159995,0.057,0.123,3285750016.0,82850897920.0,5853000192.0,3377000000.0,28491000000.0,15315999744.0,1931000064.0,85.33,63895000000.0,12010000000.0,,10902000000.0,2315000000.0,5291000000.0,0.6055947492190517,,463190305.0,0.03669938860280963,0.6339595593783008,1.1016327279398275,1.1063759497852659,0.22533844588778465,0.205603696386067,0.44590343532357773,0.4123897384837972,456708608.0,314000000.0,149.6,[],{},0.047834937560886776,14.155287066834937,24.533875605567072,0.040759968627748576,0.03576203057954016,,0.06372539769403505,1.0,20,20,0.506497668997669
RACE.MI,Ferrari N.V.,Consumer Cyclical,61179744256.0,37.45161,31.617788,16.748413,1.02,2.429,86.386,0.45439997,0.16585590140451867,0.2225,0.084,0.101,1001981760.0,63012098048.0,2470598912.0,2097144000.0,7145768000.0,3165647104.0,1431513984.0,20.796,9628352000.0,4824373000.0,,2389788000.0,1596919000.0,2349306000.0,0.5167809814144539,,177278893.0,0.16024572013529118,0.5013256612430033,2.0187451773964886,1.7767763062655229,0.29955489786829564,0.35293634529784,0.7421589904482097,0.7030183594102902,179044331.0,41168000.0,348.3,[],{},0.016377671600053052,25.50478660940979,30.04662438440088,0.03328160884918453,0.02670112179422994,,0.2897182369320766,1.0,20,20,0.20981617647058826
RMS.PA,Hermès International Société en commandite par actions,Consumer Cyclical,151089889280.0,33.49199,28.37142,7.942495,1.22,4.537,11.984,0.25452,0.18600444042430722,0.27996,0.016,-0.003,4914625024.0,141062225920.0,7056000000.0,6695000000.0,16001000000.0,2280000000.0,12309999616.0,181.618,24322000000.0,15911000000.0,,3186000000.0,4524000000.0,5374000000.0,0.7110805574651584,,104836315.0,0.19940218333044532,0.702636783124588,4.994036409290646,4.2645356847616425,0.09645588356220705,0.09417778547911973,0.6578817531453005,0.6571651360249523,104837768.0,55000000.0,1442.5,[],{},0.032527821996693705,19.991812063492063,21.06978729200896,0.047461323939386194,0.02985788542275332,,0.3167581377744133,1.0,20,20,0.318125
IBE.MC,"Iberdrola, S.A.",Utilities,132662050816.0,24.849998,18.4057,2.5691392,3.43,0.753,100.03,0.10022,0.03909505977780819,0.15883,0.098,0.683,2561499904.0,198098386944.0,14602999808.0,10677000000.0,44076000000.0,62464999424.0,6608999936.0,7.738,160762000000.0,24781000000.0,,28343000000.0,6285000000.0,11635000000.0,0.5456030492785189,,6597551694.0,0.03545324177316748,0.5399413789894855,0.8743252302155735,0.6912969906101729,0.35599830805787436,0.36470974711452814,0.2741692688570682,0.27157233737436276,6273874902.0,2173000000.0,19.88,[],{},0.01930846001734706,13.565595394685634,18.553749830851363,0.05389746057355963,0.04024145193090156,,0.08063042312659059,1.0,20,20,0.43750000000000006
ITX.MC,"Industria de Diseño Textil, S.A.",Consumer Cyclical,175967489727.36002,28.119404,23.652395,9.276218,1.13,1.291,31.815,0.33955002,0.1745328020652113,0.15592,0.058,0.053,,171366842368.0,9512999936.0,8064000000.0,39864000000.0,6040999936.0,10796999680.0,6.093,35638000000.0,15691000000.0,,10172000000.0,6220000000.0,9232000000.0,0.5825306040537829,,3116366768.0,0.16898081465691075,0.5783547318285359,1.542567833267794,1.605575733778345,0.17102531006229305,0.17021950797948954,1.1185812896346596,1.1128651264619462,3114746154.0,370000000.0,56.52,[],{},,18.013964419309758,21.250848507936507,0.04705694455572126,0.03556263141281373,,0.3166575041231446,0.95,19,20,0.31498161764705884
IFX.DE,Infineon Technologies AG,Technology,75955757056.0,71.28049,20.762808,4.374345,0.58,1.728,40.183,0.07019,0.03331145388907122,0.07774,0.126,0.396,1743874944.0,81803796480.0,4190000128.0,1944000000.0,14662000000.0,7240999936.0,1656000000.0,13.362,30470000000.0,9823000000.0,,5784000000.0,1015000000.0,3217000000.0,0.39237484654208155,,1302139747.0,0.0454275638115856,0.4175860916081578,1.6983056708160442,1.9030314807617568,0.2368231046931408,0.18045322811550682,0.4811946176567115,0.522190020601278,1299163212.0,221000000.0,58.45,[],{},0.022959088442950953,19.52357851574748,42.08014222222222,0.023764178236828942,0.014029084255733933,,0.07874908855221584,1.0,20,20,0.4432575757575758
INGA.AS,ING Groep N.V.,Financial Services,91911266304.0,13.958875,11.179217,1.8352305,3.54,,,0.17124,0.006000540589242274,0.34493,0.111,0.221,,107837235200.0,,,22903000000.0,262074007552.0,247878991872.0,17.57,1054405000000.0,,,,6327000000.0,-6380000000.0,,,2902437688.0,0.006263320088776095,,,,0.16997169019494407,0.16787794756723123,0.021721255115444257,0.022099956395847317,3096274533.0,36368000000.0,32.245,[],{},,,,,0.07163901102345281,,,0.7,14,20,0.4783118321324301
ISP.MI,Intesa Sanpaolo S.p.A.,Financial Services,116339761152.0,11.941071,10.248432,1.7102301,5.64,,,0.14261,0.009710518008890629,0.36964,0.064,0.139,,246094381056.0,,,28529000000.0,265553002496.0,137623994368.0,3.91,959887000000.0,,,,9321000000.0,8235000000.0,,,17387732025.0,0.009285480855258576,,,,0.1451347919077975,0.15704527555891287,0.029721206767046537,0.02966510765736083,17778041443.0,10448000000.0,6.687,[],{},,,,,0.08374458203958421,,,0.7,14,20,0.641523205476694
OR.PA,L'Oréal S.A.,Consumer Defensive,206774665216.0,32.98216,26.045162,6.107327,1.87,0.969,49.316,0.19409001,0.0991116316085744,0.13904001,0.058,0.054,6398387712.0,219384758272.0,10349500416.0,8891900000.0,44052000000.0,16712599552.0,4048800000.0,63.563,61821200000.0,22198500000.0,,15366500000.0,6127200000.0,8656900000.0,0.7431807863434123,,533783028.0,0.11372339557151831,0.7418297046460075,1.44460352064556,1.1255465974309922,0.19275103039086916,0.15074511919422787,0.7125710921172672,0.7716801470718715,534312021.0,374800000.0,388.2,[],{},0.03094377014377533,21.19761818965079,24.672427520777337,0.0405310745834747,0.03031942116586664,,0.19141012642423694,1.0,20,20,0.25357142857142856
MC.PA,"LVMH Moët Hennessy - Louis Vuitton, Société Européenne",Consumer Cyclical,210274304000.0,19.4328,16.803892,3.0887933,3.01,1.631,53.306,0.16586,0.07658567837957715,0.13658,-0.029,0.008,11537125376.0,236867469312.0,20053999616.0,17668000000.0,80807000000.0,37150998528.0,12213999616.0,138.096,142037000000.0,48179000000.0,,30416000000.0,10878000000.0,18875000000.0,0.6624178598388754,,496391012.0,0.08412091963268316,0.6703195484282374,1.584001841136244,1.4088022317188984,0.2586016319691348,0.27617802801796365,0.5689151418292416,0.5676117702258865,499372818.0,1151000000.0,426.55,[],{},0.054867024436804225,11.811482689119844,13.406580785148291,0.07459023415633258,0.05145938825079247,,0.15828562725651982,1.0,20,20,0.5284558823529412
MBG.DE,Mercedes-Benz Group AG,Consumer Cyclical,45731663872.0,9.047348,6.9408016,0.4814214,7.28,1.321,110.208,0.055960003,0.02012400867434414,0.03885,-0.033,0.2,-3902625024.0,130857648128.0,12000000000.0,4870000000.0,132214000000.0,102230999040.0,16542999552.0,99.227,255466000000.0,102132000000.0,,73768000000.0,5141000000.0,18006000000.0,0.1689155460087434,,957330201.0,0.03851552771593525,0.19627182438836765,1.3845027654267432,1.3600486461924999,0.3220271973569868,0.35108863816459757,0.5175404946255079,0.5493905890343761,962903703.0,398000000.0,47.77,[],{},-0.08533748159531648,10.904804010666666,26.870153619712525,0.03721601350527369,0.11052962702440539,,0.026802716595669736,1.0,20,20,0.6089338235294118
MUV2.DE,Münchener Rückversicherungs-Gesellschaft Aktiengesellschaft in München,Financial Services,63209185280.0,9.345239,9.748936,1.8834114,4.68,0.276,24.378,0.21299,0.02185515157144184,0.11163,0.013,0.098,6889625088.0,65778188288.0,,8997000000.0,62312000000.0,8222000128.0,5818999808.0,266.75,279934000000.0,,,,6118000000.0,4906000000.0,,,127961889.0,0.0199132808736149,,,,0.02655625968978402,0.02206729460065214,0.22259532604113827,0.2249111512976449,131406411.0,369000000.0,502.4,[],{},0.10899721389353113,,7.311124629098589,0.1367778626040592,0.10700635906690027,,,0.9,18,20,0.705032048055304
NDA-FI.HE,Nordea Bank Abp,Financial Services,60391845888.0,12.989051,11.288306,1.938031,7.27,,,0.15337,0.007396653167265225,0.4058,0.015,0.029,,234050289664.0,,,11719000000.0,240998006784.0,67302998016.0,9.182,654350000000.0,,,,4840000000.0,-3164000000.0,,,3419853669.0,0.008115760682115327,,,,0.31570413387330937,0.31653070882562906,0.017909375716359748,0.01931323242774984,3487931963.0,10083000000.0,17.795,[],{},,,,,0.07698791851691089,,,0.7,14,20,0.6061792581726138
PRX.AS,Prosus N.V.,Consumer Cyclical,75864440832.0,8.051111,8.314401,1.6892582,0.77,2.434,32.874,0.22213,0.1471767309516282,1.19918,,,846875008.0,183795892224.0,626000000.0,304000000.0,9705000000.0,17707999232.0,15736999936.0,21.447283,79075000000.0,19468000000.0,,7997000000.0,11638000000.0,1609000000.0,0.46439979392065944,,2138335355.0,0.1703725133630903,0.4252836304700162,2.4344129048393146,3.544053923928743,0.22271261460638633,0.2266214801344575,0.12273158393929813,0.08500027552763542,2280205366.0,645000000.0,36.23,[],{},0.011163003361158155,293.6036616996805,604.5917507368421,0.0016540086740866986,0.12420646044999255,,0.0042769914741551535,1.0,20,20,0.4470588235294118
RHM.DE,Rheinmetall AG,Industrials,49085472768.0,40.407223,19.594336,9.871793,1.13,1.002,51.63,0.25688,0.041497734319103266,0.062649995,0.688,-0.057,642764992.0,52605468672.0,2310000128.0,1702000000.0,9935000000.0,2977999872.0,255000000.0,106.546,16772000000.0,10901000000.0,,9071000000.0,696000000.0,2287000000.0,0.5238047307498742,,45881030.0,0.04998605688789738,0.5384316267012313,1.201741814573917,1.2136537894426422,0.07643691867398045,0.1689208031232571,0.592356308132602,0.5378555493586168,43437346.0,116000000.0,1051.8,[],{},0.013094811066361654,22.77292889916238,30.908030947121034,0.03235405069028333,0.024748050614614124,,0.22101025840799896,1.0,20,20,0.20963414634146343
SAF.PA,Safran SA,Industrials,138236018688.0,35.90958,25.529669,9.530067,1.01,0.918,33.745,0.2749,0.11610638366713043,0.11564,0.16,-0.651,3562749952.0,137352822784.0,6124000256.0,4592000000.0,31189000000.0,5106999808.0,6669000192.0,35.005,61814000000.0,38355000000.0,,41281000000.0,7177000000.0,5721000000.0,0.4692038859854436,,416914220.0,-0.012124627354031848,0.4788208976764324,0.9291199341101233,0.84196047008547,0.0861455333743165,0.09194357594706609,0.5045620733167243,0.503817348942049,416775120.0,135000000.0,333.6,[],{},0.025772949668357855,22.428611535316044,29.91132900348432,0.03343214873145595,0.02784772197279946,,0.22363999415574928,1.0,20,20,0.2940243902439025
SGO.PA,Compagnie de Saint-Gobain S.A.,Industrials,36424679424.0,13.80334,10.899182,1.4334155,3.08,1.272,66.318,0.11038999,0.047389703465053584,0.057779998,-0.011,-0.12,3101625088.0,48565428224.0,6579999744.0,4953000000.0,46483000000.0,17269999616.0,5751000064.0,51.904,60836000000.0,21360000000.0,,16844000000.0,2883000000.0,5638000000.0,0.27835983047565777,,492707578.0,0.046080559966298326,0.2766313800433746,1.2681073379244836,1.345002108814846,0.29142284173844435,0.28904047441589165,0.7640706160825826,0.7545772708124048,496879548.0,950000000.0,74.4,[],{},0.08515174703106262,7.380764454935517,9.805255042196649,0.10198612842771831,0.07244623402741655,,0.1125886524822695,1.0,20,20,0.7791463414634147
SAN.PA,Sanofi,Healthcare,89495732224.0,23.055555,8.228004,1.2931706,5.44,0.987,33.89,0.05709,0.061614289657347894,0.08091,0.146,-0.912,6298999808.0,107081752576.0,13543000064.0,9597000000.0,46716000000.0,23576000512.0,6350000128.0,57.765,126805000000.0,30952000000.0,,28345000000.0,7813000000.0,10750000000.0,0.720673859063276,,1207641512.0,0.04186810042319915,0.7018245043580364,1.09197389310284,1.4603936629860779,0.16031702219944008,0.13483636801759064,0.36840818579709,0.33348393801111464,1253591640.0,626000000.0,74.7,[],{},0.07038324232304345,7.906797022075241,11.157836050432428,0.08962311289394188,0.04337349502104808,,0.09747105423522243,1.0,20,20,0.7841200466200466
SAP.DE,SAP SE,Technology,209718919168.0,27.241379,21.720186,4.6872177,1.37,1.148,21.966,0.18320999,0.10177368465933316,0.20413,0.094,0.306,9090624512.0,208537141248.0,11760000000.0,9620000000.0,36800000000.0,9939000320.0,11624999936.0,38.765,70362000000.0,20256000000.0,,17416000000.0,7161000000.0,9156000000.0,0.728641304347826,,1167559048.0,0.042081441868609994,0.7295177902621723,1.1630684428112081,1.1215281417042238,0.1062505329581308,0.14347293128763286,0.5230095790341377,0.46036343063431984,1166589461.0,492000000.0,181.7,[],{},0.04334670685918304,17.73275010612245,21.67745751018711,0.046130871184042674,0.03670886117769589,,0.18169455671816567,1.0,20,20,0.6137878787878789
SU.PA,Schneider Electric S.E.,Industrials,168400371712.0,35.330193,24.670336,6.886882,1.42,1.091,84.124,0.18620001,0.0666037373608089,0.11270001,0.098,0.293,5374750208.0,185037340672.0,8520999936.0,7010000000.0,40152000000.0,20809000960.0,4518000128.0,43.503,62504000000.0,22038000000.0,,18506000000.0,4163000000.0,6131000000.0,0.42077605100617654,,562222886.0,0.06473772803785087,0.42638848845438104,1.1908570193450774,1.226020747100005,0.28606169205170867,0.22490635852175364,0.6423908869832331,0.5785754363617063,560971685.0,540000000.0,299.6,[],{},0.03191649848132136,21.715449132940822,26.396196957489302,0.03788424528012447,0.028304402412972947,,0.15932542388290377,1.0,20,20,0.3504878048780488
SIE.DE,Siemens Aktiengesellschaft,Industrials,212622000128.0,27.25,20.902063,3.0900598,1.98,1.444,66.425,0.12465999,0.05788137326867306,0.097959995,0.073,0.128,6503750144.0,256820625408.0,12517999616.0,9092000000.0,78914000000.0,49924001792.0,10929999872.0,88.186,166202000000.0,64711000000.0,,47261000000.0,9620000000.0,13257000000.0,0.38521681830853843,,780264198.0,0.056159175168457226,0.3927696562623469,1.3692262118871796,1.3971489080682258,0.33702963863250746,0.324188834465402,0.4748077640461607,0.5136930695748654,784869164.0,1640000000.0,272.5,[],{},0.030588321716871703,20.5161074681407,28.246879169379675,0.035402141029584076,0.03669724770642202,,0.07644126079316636,1.0,20,20,0.4654878048780488
ENR.DE,Siemens Energy AG,Industrials,126657323008.0,48.17476,23.97333,11.807726,0.47,0.904,26.488,0.27749002,0.024966011617846992,0.064330004,0.175,0.8,6204624896.0,118664216576.0,4606000128.0,1569000000.0,39077000000.0,2959000064.0,11088000000.0,12.607,56637000000.0,34453000000.0,,38491000000.0,1414000000.0,5821000000.0,0.168359904803337,,855344213.0,0.0232731847309038,0.13065428695778325,0.8950923592528124,0.8986585402288548,0.07002489538640817,0.07402602508157409,0.6899553295548846,0.6774580335731415,790195238.0,293000000.0,148.86,[],{},0.048987494355996294,25.762964237590225,75.63047582919057,0.013222183108545735,0.020757757796821406,,0.08646533671332525,1.0,20,20,0.26414634146341465
TTE.PA,TotalEnergies SE,Energy,172034916352.0,11.300872,9.096322,1.5545287,4.66,1.061,48.045,0.14479999,0.04510144130834379,0.09083,0.278,1.06,13531374592.0,206675673088.0,39650000896.0,19925000000.0,182344000000.0,62917001216.0,31716999168.0,50.01516,291055000000.0,89469000000.0,,92563000000.0,13127000000.0,27343000000.0,0.2843361997104374,,2142883014.0,0.05519690914122184,0.28389141659424366,0.9665741170878213,1.0978967712596635,0.20639054474240265,0.17949678969620333,0.6264932744670252,0.6851800607383174,2248149843.0,2558000000.0,77.75,[],{},0.07865481542312902,5.212501095021413,10.3726812089335,0.09640708895389045,0.0884887467091035,,0.10038187937045322,1.0,20,20,0.6
DG.PA,Vinci SA,Industrials,63359340544.0,12.708102,11.412851,2.0742002,4.45,0.825,120.742,0.16318001,0.036846653890955545,0.06713,0.023,0.108,8071124992.0,92886351872.0,12780000256.0,9004000000.0,75702000000.0,41346998272.0,15564000256.0,55.202,133065000000.0,49554000000.0,,58097000000.0,4903000000.0,11886000000.0,0.6000501968243904,,555967094.0,0.03755473353360465,0.5818903913808268,0.8529528202833193,0.8527792415459815,0.28326006087250594,0.2800271833563723,0.5689099312366137,0.561954112641033,562417394.0,1510000000.0,114.5,[],{},0.12738650564702445,7.2681025048017025,10.31612082096846,0.0969356618979693,0.07868995700538128,,0.12010457795326006,1.0,20,20,0.8492682926829268
UCG.MI,UniCredit S.p.A.,Financial Services,126499558855.68001,11.975886,10.109706,1.7963448,3.74,,,0.15779,0.012542545832289557,0.43967998,-0.092,-0.105,,181714518016.0,,,25039000000.0,247794008064.0,192975994880.0,47.001,870238000000.0,,,,10915000000.0,8525000000.0,,,1503078777.0,0.012396620425405992,,,,0.14931317639542285,0.15653491563818553,0.028772588648162917,0.03390161274687374,1541744210.0,12810000000.0,84.43,[],{},,,,,0.08350112885176095,,,0.7,14,20,0.5595525736721749
VOW.DE,Volkswagen AG,Consumer Cyclical,41657634816.0,7.9674015,3.215525,0.23647052,6.4,1.069,138.745,0.027609998,0.011362878161333318,0.018,0.02,-0.41,14109154304.0,270525628416.0,19285999616.0,10794000000.0,321913000000.0,280904007680.0,66773999616.0,351.418,644467000000.0,247865000000.0,,226525000000.0,7323000000.0,15009000000.0,0.15917965413015317,,501295263.0,0.017934761141087524,0.18318214720241488,1.0942059375344884,1.1298937057395215,0.30468123270857933,0.3105047360978346,0.4995026898196494,0.5129600808968171,501295263.0,3244000000.0,83.1,[],{},0.338693119912341,14.027047277941831,25.062592960533628,0.03990010138115845,0.1255114355665395,,0.025826550095467794,1.0,20,20,0.7851838235294119
WKL.AS,Wolters Kluwer N.V.,Industrials,14971226112.0,11.497437,10.842564,19.064627,3.83,0.688,590.213,1.46141,0.13647746243739567,0.21864,-0.006,0.089,1247874944.0,19066431488.0,1947000064.0,1687000000.0,6125000000.0,5548000256.0,1494000000.0,3.528,9584000000.0,2633000000.0,,4058000000.0,1308000000.0,1668000000.0,0.7346938775510204,,226216153.0,0.11360286376079175,0.7251521298174443,0.6488417939871858,0.7021670190274841,0.514712020033389,0.42830069488313327,0.6390859766277128,0.6228679722046747,234366515.0,117000000.0,67.26,[],{},0.0833515528163576,9.792722578975734,11.301974800237108,0.08848011234098847,0.08697590602148983,,0.3052841114730366,1.0,20,20,0.7223170731707317
ABN.AS,ABN AMRO Bank N.V.,Financial Services,35286716416.0,15.57554,11.693127,1.2908419,3.18,,,0.0912,0.005450013310423271,0.27692,0.118,0.323,,57996718080.0,,,8732000000.0,108966002688.0,86258999296.0,33.544,413210000000.0,,,,2252000000.0,2235000000.0,,,823201264.0,0.0062407965780800784,,,,0.19220977227075822,0.21176116162442507,0.021132112001161638,0.023103673058094208,833048566.0,8121000000.0,43.3,[],{},,,,,0.06420323147704671,,,0.7,14,20,0.35656397865700196
AGN.AS,Aegon Ltd.,Financial Services,11801942016.0,12.227693,8.590389,1.3237841,5.24,1.164,42.673,0.110690005,0.0030797552587530303,0.086219996,-0.082,0.079,-4314749952.0,12193942528.0,,1051000000.0,26864000000.0,3835000064.0,3515000064.0,6.004,317233000000.0,,,,977000000.0,434000000.0,,,1512525453.0,0.0021014691957604082,,,,0.011754767000911001,0.015257032896545404,0.08468223671560021,0.05962002504658053,1592499013.0,6000000.0,7.948,[],{},-0.3655966065712282,,11.602228856327308,0.08619033570042425,0.08178157564145583,,,0.9,18,20,0.48015593364430575
AKZA.AS,Akzo Nobel N.V.,Basic Materials,10438260736.0,16.370968,14.136851,2.1508796,3.29,1.884,130.976,0.14142999,0.045513188073394495,0.06428,-0.014,0.125,824625024.0,13745259520.0,1068000000.0,1164000000.0,10158000000.0,6592000000.0,3464999936.0,28.314,13952000000.0,6061000000.0,,4207000000.0,635000000.0,915000000.0,0.39860208702500494,,171069142.0,0.038037757035581446,0.40491083932405936,1.4406940812930829,1.2338266384778012,0.34848050458715596,0.37672819145203174,0.7280676605504587,0.7517018738157064,170784638.0,211000000.0,60.9,[],{},0.07900023240040284,12.870093183520599,11.808642199312715,0.08468374120592814,0.061083742879468085,,0.11944586967675731,1.0,20,20,0.6705105401844533
MT.AS,ArcelorMittal S.A.,Basic Materials,50323288064.0,32.62439,10.13236,1.073353,0.76,1.429,25.379,0.03284,0.03226103599684759,0.02883,0.052,-0.617,-779124992.0,62006308864.0,5449999872.0,1461000000.0,61352000000.0,14421000192.0,4848000000.0,62.309414,97703000000.0,30605000000.0,,22520000000.0,3152000000.0,4808000000.0,0.07132611813795801,,761125819.0,0.014980142082004811,0.09269550455630114,1.3590142095914743,1.346254295532646,0.13725269439014154,0.12936174973429546,0.6279438707102136,0.6985623986127426,768546622.0,577000000.0,66.88,[],{},-0.015482394373935318,11.377304645925687,42.44100538261465,0.02356211854513785,0.030651914104754145,,0.01943258449383504,1.0,20,20,0.3382279314888011
ASM.AS,ASM International NV,Technology,41089916928.0,38.569466,27.647635,9.264215,0.38,2.169,1.585,0.26798,0.13560052463931047,0.31929,0.2,0.415,235275008.0,40094027776.0,1154800000.0,938100000.0,3173200000.0,70500000.0,1180099968.0,90.801,5337000000.0,2345800000.0,,1041400000.0,723700000.0,1060900000.0,0.5179629396193117,,48881549.0,0.13283868343051977,0.5051317898182562,2.252544651430766,2.012414597567072,0.0026044594341390294,0.0022666072570177646,0.5945662357129473,0.5681435130475213,49097817.0,900000.0,841.2,[],{},0.00572585747525997,34.71945598891583,42.73960961091568,0.023397499628648934,0.025927245142569513,,0.21838625570351056,1.0,20,20,0.2988636363636364
ASRNL.AS,ASR Nederland N.V.,Financial Services,14898543616.0,14.381323,11.379415,1.4221674,4.77,6.691,214.978,0.122250006,0.003855055539531906,0.06621,0.177,6.478,5933624832.0,-54967455744.0,7386999808.0,6364000000.0,13109000000.0,22549000192.0,92428001280.0,51.977,142151000000.0,,,,548000000.0,-569000000.0,,,204558568.0,0.006912874687910407,,,,0.0627079654733347,0.07715287699701259,0.09221883771482438,0.12950455326088525,208902381.0,5668000000.0,73.92,[],{},0.3982687828377869,-7.441106968010361,-8.637249488372094,-0.11577759810530552,0.06953463182768373,,,0.95,19,20,0.6290663622742967
BESI.AS,BE Semiconductor Industries N.V.,Technology,15449208832.0,74.789276,30.05102,27.52009,0.78,4.283,62.453,0.44873002,0.11819650243726806,0.28435,0.687,1.78,172208000.0,15625411584.0,278672992.0,173056000.0,591331000.0,358012992.0,509094016.0,7.093,1113747000.0,856984000.0,,154325000.0,131641000.0,178141000.0,0.6329348537451952,,79281785.0,0.14742449427935417,0.6517886391658559,5.553111939089583,5.979153067152157,0.4680039542194053,0.4412471364368364,0.5309383549405745,0.4920897611618209,79312140.0,25070000.0,195.2,[],{},0.011146719671709335,56.070778412570384,90.29107100591716,0.011075292261562229,0.013370900929700134,,0.1803752676090396,1.0,20,20,0.27454545454545454
DSFIR.AS,DSM-Firmenich AG,Basic Materials,22853505024.0,66.37143,22.68527,1.3041952,2.67,1.746,37.638,0.01874,-0.036837621400579314,-0.15229,0.005,-0.562,-140375008.0,27853584384.0,1310000000.0,632000000.0,9034000000.0,6765000192.0,2308000000.0,71.247,29345000000.0,8893000000.0,,5593000000.0,-1081000000.0,1445000000.0,0.3907460704007084,,251530397.0,0.0074080659021542655,0.3924232383476916,1.590023243339889,2.018119266055046,0.17982620548645425,0.1564583518534981,0.3078548304651559,0.2682905147124189,265272203.0,159000000.0,92.92,[],{},-0.006142384192384616,21.26227815572519,44.07212718987342,0.02269007791912919,0.01506672373941619,,0.026608285618053215,1.0,20,20,0.283570487483531
EXO.AS,Exor N.V.,Financial Services,23796224000.0,,57.333366,0.440467,0.66,4.275,11.155,-0.10617,-0.10215459197414489,0.0,,,-2074625024.0,16944528384.0,,,-3591000000.0,3708000000.0,1408000000.0,164.371,37130000000.0,,,,-3793000000.0,2863000000.0,,,202231958.0,0.34552520018841265,0.0,,0.31186752529898804,0.0987880420145435,0.09632595383890721,-0.09671424723942904,0.3606453132359868,213742459.0,100000000.0,72.4,[],{},-0.08718295070680121,,,,,,,0.8,16,20,0.40234184420230934
HEIA.AS,Heineken N.V.,Consumer Defensive,40601423872.0,17.858538,12.807238,2.0999799,2.66,0.75,95.107,0.121309996,0.03506781016873477,0.07704,0.047,0.541,3003624960.0,60552323072.0,5533000192.0,3332000000.0,28753000000.0,20643999744.0,2831000064.0,34.867,53753000000.0,12893000000.0,,13932000000.0,1885000000.0,5012000000.0,0.35780614196779464,,560557296.0,0.018187566250720624,0.3523691358438684,0.9254234855010048,0.7654867256637168,0.35865905158781836,0.31705502761608984,0.5349096794597511,0.5545719970989158,565138630.0,644000000.0,73.22,[],{},0.07397831587062623,10.943849804948643,18.172966108043216,0.055026790566533194,0.05599562517379642,,0.08367444313302026,1.0,20,20,0.6101648351648351
IMCD.AS,IMCD N.V.,Basic Materials,5887963648.0,25.63496,15.410578,2.7734668,1.87,1.347,85.125,0.11225,0.046933565033719656,0.04632,0.066,0.1,266937248.0,7448909824.0,515928000.0,371249000.0,4778874000.0,1808295040.0,248666000.0,35.955,4635872000.0,1795148000.0,,1034899000.0,217578000.0,322277000.0,0.24975255677383418,,59032832.0,0.05703733359080213,0.2543352845692171,1.734611783372097,1.9788619223808412,0.37086614988507016,0.3475935379431318,1.0308468396021289,0.9691162485976048,59069346.0,69749000.0,99.72,[],{},0.04533608968368413,14.437886340729714,20.064457612007036,0.04983937364953124,0.03900922802298112,,0.10309685743269945,1.0,20,20,0.42856554677206854
KPN.AS,Koninklijke KPN N.V.,Communication Services,15480786944.0,18.654547,15.104339,6.7500005,4.61,0.655,218.133,0.26111,0.06734404536862004,0.15151,0.005,0.0,794499968.0,22377467904.0,2400999936.0,1435000000.0,5797000000.0,7265999872.0,419000000.0,0.608,12696000000.0,1349000000.0,,2121000000.0,855000000.0,2308000000.0,0.7236501638778678,,3825061887.0,0.06758587710209611,0.729787613778333,0.6360207449316361,0.5990547459629776,0.5500945179584121,0.5656332190961983,0.4566005040957782,0.4465609308998167,3886279040.0,268000000.0,4.104,[],{},0.051321678340643405,9.320061849431053,15.594054288501741,0.06412700517128178,0.05360623337570191,,0.13569739952718676,1.0,20,20,0.39285714285714285
NN.AS,NN Group N.V.,Financial Services,20621043712.0,11.696165,9.072241,0.9876574,5.08,70.576,62.156,0.08754,0.005797610681658468,0.13278,-0.045,1.997,-3256750080.0,-32975120384.0,5029000192.0,2709000000.0,8574000000.0,13118000128.0,66938998784.0,80.291,204912000000.0,,,,1188000000.0,-2346000000.0,,,262188873.0,0.00752465834818776,,,,0.06680428671820099,0.054802139037433154,0.04184235183883814,0.052905525846702314,267425797.0,1200000000.0,79.3,[],{},-0.15793332895680737,-6.556993264079796,-12.172432773717238,-0.08215284640217554,0.08549810985053648,,,0.95,19,20,0.5725849959434091
PHIA.AS,Koninklijke Philips N.V.,Healthcare,21366564864.0,19.17544,12.987013,1.8666211,3.84,1.257,65.049,0.10154,0.03321704275534442,0.06306,0.005,0.614,1527500032.0,27071563776.0,2416000000.0,1449000000.0,17834000000.0,7464999936.0,1788999936.0,11.711,26944000000.0,9932000000.0,,7511000000.0,895000000.0,1172000000.0,0.4518335763149041,,951288934.0,-0.024226946438431804,0.43133011486598966,1.322327253361736,1.2305992141453832,0.2898975653206651,0.25852429596907783,0.6618913301662708,0.6219284925455549,925009074.0,294000000.0,21.86,[],{},0.07149020171106903,11.205117456953642,18.682928761904762,0.05352479864072703,0.05215004192863371,,0.07456388617300468,1.0,20,20,0.7512529137529137
RAND.AS,Randstad N.V.,Industrials,6510973952.0,20.848316,12.733542,1.66839,4.27,1.226,53.49,0.083100006,0.027980535279805353,0.01393,0.018,0.819,360500000.0,8353474048.0,634000000.0,555000000.0,23077000000.0,2092000000.0,258000000.0,22.243,10686000000.0,5847000000.0,,4841000000.0,299000000.0,872000000.0,0.18672271092429693,,175232895.0,0.01099195710455764,0.19488433794876048,1.2078083040694072,1.2625651720542233,0.17873853640277,0.19821268990169794,2.1595545573647765,2.155674709562109,175143347.0,95000000.0,37.11,[],{},0.05536806054787915,13.175826574132492,15.051304590990991,0.06643942350343195,0.04796550474388435,,0.0949529512403764,1.0,20,20,0.6667073170731709
REN.AS,RELX PLC,Industrials,52133867520.0,20.593103,15.749361,36.200695,2.65,0.449,709.641,1.31864,0.13993359083824625,0.23271999,0.027,0.243,2232375040.0,60952027136.0,3292000000.0,2983000000.0,9590000000.0,8906000384.0,220000000.0,0.8248461,14757000000.0,2960000000.0,,6001000000.0,2065000000.0,2836000000.0,0.6628779979144943,,1819061446.0,0.12780017180995176,0.6502013991944032,0.49325112481253125,0.5239594263728576,0.4924442637392424,0.43243243243243246,0.6498610828759233,0.6234058018899095,1855941895.0,273000000.0,29.86,[],{},0.04282005433691638,18.51519657837181,20.433130115990615,0.04894012783765407,0.04855994747367602,,0.3406806761078118,1.0,20,20,0.5173170731707317
SHELL.AS,Shell plc,Energy,233783689216.0,10.50257,10.674723,1.4695563,3.32,1.435,40.2,0.14341,0.04816254894019171,0.08756,0.447,2.2,21458374656.0,270297268224.0,57605001216.0,27582000000.0,266886000000.0,73075998720.0,31374000128.0,27.800907,370350000000.0,107173000000.0,,82415000000.0,17837000000.0,42863000000.0,0.15922528720127696,,5689891670.0,0.04152122370739585,0.16158656687019893,1.3004064794030212,1.3461077088200013,0.20424733360334818,0.1988550317459089,0.7206318347509113,0.7335020600656847,6084231158.0,4741000000.0,40.855,[],{},0.09178730444352746,4.692253493936633,9.799770438111812,0.10204320665624457,0.09521479028466366,,0.09579245315783076,1.0,20,20,0.7166666666666667
UMG.AS,Universal Music Group N.V.,Communication Services,25561563136.0,78.97222,12.994908,7.1075,3.68,0.607,152.303,0.076680005,0.08782080659945005,0.0252,0.053,-0.844,1791500032.0,30793840640.0,2206000128.0,2141000000.0,12507000000.0,5555999744.0,550000000.0,2.0,17456000000.0,4575000000.0,,7206000000.0,1533000000.0,1739000000.0,0.42464220036779404,,1833967537.0,0.12043879907621247,0.4299476085854318,0.63488759367194,0.599816369359916,0.19517644362969752,0.18429561200923789,0.716487167736022,0.683256351039261,1829066936.0,137000000.0,14.215,[],{},0.07008569947261617,13.959129126578183,14.38292416627744,0.0695268909464617,0.012662680623642087,,0.2088780487804878,1.0,20,20,0.15714285714285717
UNA.AS,Unilever PLC,Consumer Defensive,117718974464.0,21.439215,15.995154,7.26898,3.49,0.74,175.397,0.31869,0.13436732840459195,0.18319,0.005,-0.056,6732624896.0,146000904192.0,10876000256.0,10127000000.0,50503000000.0,32110000128.0,5943000064.0,7.521,70471000000.0,17066000000.0,,21662000000.0,9469000000.0,8350000000.0,0.46945725996475457,,2179482192.0,0.07202507836990596,0.46691057375331085,0.7878312251869634,0.7606404058016961,0.3916078954463538,0.3843887147335423,0.7166494018816251,0.6580438871473354,2200552980.0,1098000000.0,54.67,[],{},0.05719235090736306,13.424135781116334,14.416994587933248,0.06936258412949542,0.04664349884079244,,0.20748222663852978,1.0,20,20,0.4832417582417583
ACKB.BR,Ackermans & Van Haaren NV,Industrials,9002277888.0,13.697813,13.757645,1.526202,1.67,0.757,26.865,0.118310004,0.027867508327359746,0.11057,-0.001,0.241,508260736.0,10450999296.0,1211421056.0,621853000.0,5961612000.0,2029606016.0,2237222912.0,180.579,21263042000.0,8126924000.0,,10641196000.0,592548000.0,1005382000.0,0.3876236829904395,,32679560.0,0.022663381920005686,0.34621551613728446,0.7637227995800472,0.7556260194779704,0.4912181427285898,0.4905430964803899,0.28037436976327285,0.29782783979019256,32665602.0,57350000.0,275.6,[],{},0.05645912538175582,8.62705765616146,16.80622156040093,0.059501774173691416,0.07300435478276715,,0.05854472000441355,1.0,20,20,0.7034146341463414
AED.BR,Aedifica NV/SA,Real Estate,5600816128.0,6.6832666,12.139896,0.8728909,5.96,0.127,74.772,0.12157,0.03773805129221724,1.32028,1.043,-0.127,299276384.0,11740173312.0,403196992.0,312073000.0,370191000.0,5395460096.0,55611000.0,76.871,6477123000.0,133882000.0,,618918000.0,244434000.0,317846000.0,0.9415598974583391,,47549264.0,0.031688826923505345,0.9379692923552976,0.21631621636468806,0.31870871388362343,0.3968322046686469,0.40139768657067393,0.05715361588779463,0.0537964833200904,47542052.0,66909000.0,67.1,[],{},0.053434424048280416,29.117710560697834,37.619958509707665,0.02658163484528975,0.14962742919757235,,0.053271095839083814,1.0,20,20,0.7166666666666667
AGS.BR,ageas SA/NV,Financial Services,15723458198.1,7.7314816,8.752427,1.5380365,5.94,6.024,78.338,0.19745001,0.01598909155436011,0.17673999,0.275,0.173,-2189625088.0,-1368515840.0,1246000000.0,2460000000.0,9044000000.0,9011999744.0,27384999936.0,48.861,107073000000.0,,,,1712000000.0,2898000000.0,,,190727286.0,0.01135544157229191,,,,0.06656206513313347,0.04823523437103245,0.08446573832805655,0.08772535676197248,182106172.0,288000000.0,75.15,[],{},-0.1392584926555528,-1.0983273194221508,-0.5563072520325203,-1.7975677943194286,0.12934131538255228,,,0.95,19,20,0.6739255956082222
APAM.AS,Aperam S.A.,Basic Materials,3371015168.0,26.582857,10.07561,1.0302521,4.16,1.634,40.371,0.03946,0.0014504431909750201,0.02105,0.021,5.363,327750016.0,4379015168.0,286000000.0,16000000.0,6080000000.0,1327000064.0,334000000.0,45.154,6205000000.0,2968000000.0,,1645000000.0,9000000.0,422000000.0,0.056085526315789475,,72341663.0,0.03927235634138048,0.07178257394084732,1.804255319148936,1.7082601054481548,0.20999194198227236,0.1292077524651479,0.9798549556809025,1.0634138048282897,72289307.0,63000000.0,46.52,[],{},0.09722590960468797,15.311241846153846,273.688448,0.003653789581940996,0.0376182289209922,,0.0035087719298245615,1.0,20,20,0.6675411725955205
AZE.BR,Azelis Group NV,Basic Materials,3005736960.0,26.276596,15.058589,1.0610877,1.88,1.871,64.71,0.04124,0.020565874590205625,0.027390001,0.003,0.029,224371008.0,4620669440.0,404777984.0,313322000.0,4132480000.0,1843677056.0,245307008.0,11.639,5406675000.0,1386537000.0,,709787000.0,111193000.0,421666000.0,0.23435128542666872,,243513020.0,0.031354635182408795,0.24328788469765367,1.953455050599687,1.9330251052054406,0.3465741883875025,0.31997716419567995,0.764329278160792,0.735391158587373,243508319.0,95785000.0,12.35,[],{},0.07464758592847726,11.415318082121779,14.747350776517449,0.06780878919570581,0.03805667979216181,,0.06670842481234383,1.0,20,20,0.5827272727272728
DIE.BR,D'Ieteren Group SA,Consumer Cyclical,9155341312.0,22.121983,11.315048,640.07355,1.13,1.273,7910.915,,0.06843573167389447,0.05284,0.034,-0.118,325275008.0,11111341056.0,544200000.0,322000000.0,8033500000.0,2246700032.0,304800000.0,0.272,6202900000.0,2341000000.0,,1839300000.0,424500000.0,551700000.0,0.2508869110599365,,52586680.0,0.05569775622315027,0.24125964167903172,1.272766813461643,1.4485676741130091,0.3622176723790485,0.396964389959136,1.2951200245046672,1.2206355621416918,53063318.0,118400000.0,174.1,[],{},0.03552844147641538,20.417752767364938,34.50727036024845,0.028979400270152233,0.04520390418887855,,0.07379228160234669,0.95,19,20,0.24893790849673203
ELI.BR,Elia Group SA/NV,Utilities,13020851200.0,20.568966,16.330454,1.6583264,1.7,1.191,175.519,0.083900005,0.018224743845766223,0.13893,0.18,0.1,-3870874880.0,28103950336.0,2630700032.0,1046700000.0,4442200000.0,17704300544.0,3448499968.0,71.94,32148600000.0,5927500000.0,,4877700000.0,585900000.0,2090400000.0,0.6526720994102021,,109148266.0,0.018072337489369213,0.5019644279267321,1.2152243885437808,0.9092962866787847,0.5527892349900151,0.5948627224441984,0.13817709013767318,0.15111763667581316,77568348.0,289500000.0,119.3,[],{},-0.29728278286445664,10.683069142867597,26.850052867106143,0.037243874526038445,0.04861693096288846,,0.03838157156529488,1.0,20,20,0.33125000000000004
GBLB.BR,Groupe Bruxelles Lambert SA,Financial Services,8936225792.0,,26.607775,0.84007365,6.92,2.453,63.222,-0.038340002,-0.02522252201021968,-0.09307,,,10775000.0,14744835072.0,917900032.0,394600000.0,6433600000.0,7803800064.0,3689200128.0,89.635,24795300000.0,7132900000.0,,2684200000.0,-625400000.0,747100000.0,0.4895548371051977,,120855203.0,0.004819917955742734,0.45518338636744266,2.6573653230012666,1.9550379198266523,0.3303771279234371,0.30326865486764354,0.25946852830980066,0.21753386329357416,125509357.0,249500000.0,75.3,[],{},0.001205766310162634,16.06366113733832,37.36653591485048,0.02676191344787122,,,0.017846240123738755,0.95,19,20,0.5762425900592795
KBC.BR,KBC Group NV,Financial Services,52818198979.5,14.745294,11.742513,2.0698283,3.79,,,0.13664,0.0089789919772908,0.29586,0.066,0.132,,55264198656.0,,,12690000000.0,53149999104.0,50831998976.0,64.329,397372000000.0,,,,3568000000.0,4201000000.0,,,396681919.0,0.009154317942999292,,,,0.0687969962654641,0.07495818232506272,0.031934811712954106,0.03129356007805966,396563326.0,11283000000.0,133.15,[],{},,,,,0.0678182476388738,,,0.7,14,20,0.32956882541600147
LOTB.BR,Lotus Bakeries NV,Consumer Defensive,9934236672.0,51.984512,43.29854,11.07201,0.74,1.665,45.611,0.22961001,0.11210910882441567,0.13196999,0.14,0.234,119732624.0,10067750912.0,291377984.0,233186000.0,1355061000.0,409188000.0,274316992.0,1103.684,1536521000.0,504192000.0,,339515000.0,172258000.0,205878000.0,0.3966544679538412,,812053.0,0.10959550576325096,0.3896944104864463,1.48503600724563,1.1772405778635096,0.20321883007131045,0.2020646710956821,0.8819020371345396,0.8848793585326067,812466.0,3299000.0,12220.0,[],{},0.012052523807638956,34.55220183004629,43.17476568919232,0.023161677522440475,0.019236498747934767,,0.19480771190787682,1.0,20,20,0.11978021978021974
MELE.BR,Melexis NV,Technology,2618584320.0,25.875486,17.287546,6.180872,5.45,5.874,69.095,0.22027999,0.12455344088631894,0.12247,0.026,-0.192,107234648.0,2950285824.0,191377328.0,133962915.0,839616959.0,301033184.0,37347732.0,10.759,903268711.0,579346805.0,,106051570.0,112505226.0,126305808.0,0.38590117377560024,,39521709.0,0.191719662495303,0.43026098744062424,5.46287815446768,4.535008512192893,0.3565253618089734,0.24845195883258786,0.9295317647729303,1.043111603048189,40322800.0,9645211.0,66.5,[],{},0.040951382463024905,15.416067591872743,22.02315337793299,0.04540675818940586,0.03864661711088248,,0.16803817694130588,1.0,20,20,0.6597727272727272
MONT.BR,Montea Comm. VA,Real Estate,1523965184.0,9.43723,11.790837,0.7902559,6.07,0.479,72.102,0.07979,0.05004848316516741,0.80014,0.111,-0.378,70559752.0,2854896128.0,145216992.0,132215000.0,167148000.0,1341933056.0,11112000.0,82.758,3261957000.0,59446000.0,,73712000.0,163256000.0,119877000.0,0.8647246751382008,,23293966.0,0.05945314544487174,0.8695325877081133,0.8064629911004992,0.7910403969005482,0.3584636462099286,0.3192723163763477,0.05124163194058046,0.047571181732000714,23007385.0,25394000.0,65.4,[],{},0.0463001076014083,19.65951841228057,21.59283082857467,0.04631166742049678,0.10596329643338141,,0.04146952320163601,1.0,20,20,0.6000000000000001
SOF.BR,Sofina Société Anonyme,Financial Services,9128944640.0,6.6770024,,0.7914823,1.43,21.98,11.263,0.12785,0.009287466912664558,0.93881,,,454350880.0,9456852992.0,,,182551000.0,1299106944.0,971198016.0,326.476,12167042000.0,,,,113001000.0,,,,35461125.0,0.12183237002922173,,,,0.10724167796905772,0.07508655040104613,0.015003728926061076,0.12752526791372848,33121705.0,11054000.0,258.4,[],{},0.04977036206454638,,,,0.14976780598431416,,,0.8,16,20,0.6689430294081458
SOLB.BR,Solvay SA,Basic Materials,2751949824.0,878.0,10.287133,2.6376927,9.36,1.15,201.26,0.00778,0.0048756704046806435,0.00087,-0.059,3.178,303875008.0,4682526720.0,587000000.0,476000000.0,4746000000.0,2236000000.0,376000000.0,9.986,6153000000.0,2156000000.0,,1845000000.0,30000000.0,682000000.0,0.21133586177833966,,104477978.0,0.033313414998506125,0.22339181286549709,1.1685636856368564,1.2981991525423728,0.3463351210791484,0.28099790857484314,0.7713310580204779,0.7663579324768449,104465072.0,125000000.0,26.34,[],{},0.11042171094468327,7.977047223168654,9.837241008403362,0.10165451869541067,0.0011389521640091116,,0.11049210770659239,1.0,20,20,0.4761824769433465
SYENS.BR,Syensqo SA/NV,Basic Materials,8259288576.0,,18.34613,1.3316455,2.02,1.646,45.612,-0.01011,-0.005389429763560501,-0.0038800002,0.041,-0.524,534249984.0,10382288896.0,1130000000.0,512000000.0,5969000000.0,2791000064.0,701000000.0,60.827,11504000000.0,3296000000.0,,1574000000.0,-62000000.0,779000000.0,0.30926453342268384,,101948499.0,-0.0004041057140547967,0.33545384018619084,2.094027954256671,1.7076205287713841,0.25704102920723226,0.17085589590236805,0.5188630041724618,0.520892265416633,103453099.0,154000000.0,81.0,[],{},0.06468474603883365,9.187866279646018,20.277908,0.04931475179786791,,,0.051560926485397784,0.95,19,20,0.47188405797101446
UCB.BR,UCB SA,Healthcare,39448084480.0,18.293545,14.894128,,0.69,1.203,30.788,0.20565,0.08580240114550061,0.25739,0.225,1.348,1098000000.0,42270085120.0,3342000128.0,2004000000.0,7741000000.0,3588000000.0,766000000.0,,18158000000.0,6054000000.0,,4401000000.0,1558000000.0,2291000000.0,0.742927270378504,,190361362.0,0.06139390096270248,0.7152145643693107,1.3755964553510567,1.3567582884669878,0.12363696442339464,0.1744393843315847,0.42631347064654695,0.35464345419957344,190042407.0,128000000.0,206.9,[],{},0.027834051119939196,12.648139886606252,21.092856846307384,0.04740941482163734,0.054664090530293606,,0.14567129461365122,0.9,18,20,0.6008158508158508
UMI.BR,Umicore SA,Industrials,5554603008.0,11.482587,12.777289,,2.21,1.399,132.626,0.22861,0.040651226414396245,0.019809999,0.601,0.742,534739744.0,7047869440.0,1367384064.0,1038696000.0,19374073000.0,3250400000.0,1799000064.0,,9459690000.0,5778419000.0,,4256285000.0,384548000.0,710712000.0,0.10801951659829093,,240561925.0,-0.1572415661690485,0.1021799242894741,1.3576203191280658,1.2897000219414887,0.3015661189743004,0.3663451097062105,2.0480663742680787,1.5782479944748447,240481134.0,132094000.0,23.08,[],{},0.09626966017730569,5.1542720334058245,6.785305267373707,0.14737730442407287,0.0870883887054372,,0.19961851902744454,0.9,18,20,0.8307926829268292
WDP.BR,Warehouses De Pauw SA,Real Estate,5182549504.0,12.453488,12.61878,1.0271903,5.79,0.314,76.296,0.08222,0.039701835199434085,0.70761,0.164,0.227,191693872.0,8959763456.0,471824992.0,413614000.0,496794000.0,3826949120.0,19634000.0,20.853,8914399000.0,86852000.0,,416546000.0,353918000.0,397919000.0,0.8788491809482402,,235139589.0,0.0530888518031356,0.8769601379681633,0.20850518310102606,0.3589723709534712,0.3931488819380869,0.3734820881094108,0.05572938792620793,0.05343786152006349,225534676.0,77415000.0,21.42,[],{},0.03698833399508228,18.989590648898904,21.66213778063605,0.04616349550199554,0.08029878858035595,,0.048672764755991894,1.0,20,20,0.375
NOVN.SW,Novartis AG,Healthcare,212499922944.0,23.438156,14.036867,6.3141217,2.95,0.862,116.85,0.3035,0.12603989220272377,0.22502,0.008,-0.17,11900250112.0,254299914240.0,23097999360.0,17644000000.0,56674000000.0,49014001664.0,7617999872.0,17.706343,110949000000.0,30460000000.0,,27278000000.0,13984000000.0,19144000000.0,0.7582842220418534,,1908151679.0,0.116786964771238,0.7520010827114187,1.1166507808490358,1.0352711557228496,0.318849200984236,0.3057136709504528,0.5108112736482529,0.5058584198892866,1975089248.0,1144000000.0,111.8,[],{},0.056001197304603574,11.009607813929735,14.412826696894129,0.06938264235255764,0.04266547248853536,,0.2108735404142415,1.0,20,20,0.648834498834499
RO.SW,Roche Holding AG,Healthcare,284604792832.0,23.530962,16.282896,8.7054,2.72,1.228,90.718,0.38108003,0.1279008569754625,0.19601999,-0.012,-0.077,10317875200.0,312201773056.0,23964000256.0,18476000000.0,63356000000.0,33308000256.0,9733999616.0,41.032,100703000000.0,38729000000.0,,28001000000.0,12880000000.0,18852000000.0,0.7372782372624535,,795617637.0,0.0813056846199939,0.7390335764083661,1.3831291739580729,1.4815527513599527,0.32959296148079004,0.3571084763410968,0.6291371657249536,0.6129114645239241,795400695.0,1346000000.0,357.2,[],{},0.03625334309141646,13.02794899519467,16.897692847802556,0.05917967671722972,0.04249720007197326,,0.2541333113256857,1.0,20,20,0.49385198135198133
NESN.SW,Nestlé S.A.,Consumer Defensive,206780760064.0,27.250847,16.690163,7.076585,3.94,0.83,213.005,0.26244,0.07104151756572893,0.083809994,-0.025,-0.315,4374249984.0,263828471808.0,16458999808.0,13981000000.0,89885000000.0,62845001728.0,6134000128.0,11.36,127151000000.0,31969000000.0,,40694000000.0,9033000000.0,15904000000.0,0.45826333648550927,,2572220000.0,0.07815372242647059,0.4693632795464457,0.7855949279992136,0.8209411380444672,0.4549865907464353,0.4563993566176471,0.7069153998002375,0.6586052389705882,2572715039.0,1823000000.0,80.39,[],{},0.021154047323581462,16.029435256434265,18.870500808811958,0.05299276421604189,0.03669610709714821,,0.1617104456550655,1.0,20,20,0.3686813186813186
ABBN.SW,ABB Ltd,Industrials,146676154368.0,35.83186,27.87936,11.425669,1.19,1.429,55.751,0.32575,0.10546953325164309,0.14086,0.142,0.082,1570499968.0,150773694464.0,7148000256.0,5729000000.0,33220000000.0,9146000384.0,5856999936.0,7.0875506,44885000000.0,25578000000.0,,16421000000.0,4734000000.0,5469000000.0,0.4105960264900662,,1818141427.0,0.0976717633042097,0.39240754667625805,1.5576396078192558,1.4166097993721851,0.20251754483680517,0.19132247815726766,0.740113623705024,0.7591094122319301,1838192288.0,86000000.0,80.98,[],{},0.010707261686584226,21.093129415802863,26.317628637458544,0.037997344433102716,0.02790812422240989,,0.2012717818999438,1.0,20,20,0.25939024390243903
UBSG.SW,UBS Group AG,Financial Services,137778397184.0,18.595041,12.879516,1.905956,1.95,,,0.10672,0.004802071438154551,0.17949,0.146,0.206,,161885388800.0,,,47295000000.0,599213015040.0,575371018240.0,23.610199,1617427000000.0,,,,7767000000.0,21851000000.0,,,3091699191.0,0.003249782112524504,,,,0.20776331791172029,0.21240706236565735,0.029240886914834487,0.02897456147749433,3174825251.0,26545000000.0,45.0,[],{},,,,,0.05377777870992595,,,0.7,14,20,0.23347140124548765
CFR.SW,Compagnie Financière Richemont SA,Consumer Cyclical,107975229440.0,33.57404,22.815273,4.7707524,1.78,3.098,55.981,0.14961,0.08173990568472421,0.1554,0.042,-0.272,2592000000.0,104394694656.0,5359000064.0,4635000000.0,22420000000.0,13514999808.0,17234999296.0,38.494976,42623000000.0,28934000000.0,,9341000000.0,3484000000.0,4880000000.0,0.643978590544157,,587940297.0,0.06708774325708433,0.669143417916725,3.0975270313670915,2.8984143222506393,0.3170823264434695,0.3206116178120275,0.5260070853764399,0.5218504609081598,587940297.0,305000000.0,183.65,[],{},0.024005505831690133,19.480256280885165,22.523127218122976,0.04439880795928557,0.029784917156231425,,0.1392644672796106,1.0,20,20,0.2863970588235294
ZURN.SW,Zurich Insurance Group AG,Financial Services,88247361536.0,14.926729,13.730303,3.6714928,5.03,27.188,46.416,0.25695,0.016694048048800255,0.093830004,0.113,0.102,-445500000.0,71617732608.0,11377000448.0,10500000000.0,88670000000.0,15358000128.0,32480000000.0,160.91547,407211000000.0,,,,6798000000.0,5903000000.0,,,142278360.0,0.016239996648091507,,,,0.038508291770114264,0.04030111311294535,0.2177495205188465,0.2403485984832614,142285391.0,460000000.0,590.8,[],{},-0.005048309572612671,6.294957351486254,6.820736438857143,0.14661173451932358,0.06699391407186397,,,0.95,19,20,0.38653996482313857
HOLN.SW,Holcim AG,Basic Materials,40676823040.0,105.057144,17.039753,2.5776374,2.31,1.087,65.636,0.02781,0.39217378366314537,0.024149999,0.007,-0.929,1066200000.0,48964755456.0,2988000000.0,2230000000.0,15724000000.0,10951999488.0,3601999872.0,28.53,33605000000.0,9805000000.0,,7403000000.0,13179000000.0,2788000000.0,0.42349274993640296,,553125111.0,0.05390070921985816,0.43614591691870874,1.3244630555180332,1.249436128767685,0.2596042255616724,0.23803997421018697,0.4679065615235828,0.29844340057106017,551015549.0,354000000.0,73.54,[],{},0.026211486549761777,16.38713368674699,21.957289442152465,0.04554296205980014,0.009518629213830523,,0.0851080070223647,1.0,20,20,0.28746047430830046
SREN.SW,Swiss Re AG,Financial Services,39976349696.0,10.355233,10.68964,2.0041306,4.54,3.187,37.837,0.20356001,0.035371286574581925,0.11889,-0.052,0.01,1741124992.0,42121699328.0,6846000128.0,6510000000.0,46491000000.0,9443000320.0,7230000128.0,67.635315,134007000000.0,,,,4740000000.0,3069000000.0,,,294919585.0,0.025473752053384056,,,,0.06370562731797592,0.057070322017778966,0.34692963800398485,0.36749483215304685,294070924.0,433000000.0,135.55,[],{},0.04355387636040755,6.152745915928794,6.470307116436252,0.15455216916361536,0.09656953155955061,,,0.95,19,20,0.5861779807060244
LONN.SW,Lonza Group AG,Healthcare,38833393664.0,36.221497,25.208218,4.7777405,0.89,1.663,51.116,0.12895,-0.015357122912827386,-0.01601,0.112,0.392,-1567000064.0,42507276288.0,2390000128.0,1358000000.0,6531000000.0,4167000064.0,487000000.0,116.373,17907000000.0,6834000000.0,,3625000000.0,-275000000.0,1156000000.0,0.35354463328739855,,69844229.0,0.03223027416003649,0.32718978102189783,1.8852413793103449,1.5199776473875384,0.2535321382699503,0.2594638422946334,0.3647177081588206,0.27770739370597475,72142714.0,163000000.0,556.0,[],{},-0.040351870288706376,17.785470297681925,31.301381655375554,0.03194747155284964,0.027607914714292456,,0.0950847220277272,1.0,20,20,0.3000582750582751
SCMN.SW,Swisscom AG,Communication Services,33645363200.0,25.0,20.923515,2.9211097,4.1,0.62,143.288,0.11364,0.035283013630180715,0.088649996,-0.02,0.304,2733995008.0,49889361920.0,4318000128.0,1925000000.0,15048000000.0,16501000192.0,255000000.0,222.347,36023000000.0,5128000000.0,,6748000000.0,1271000000.0,6012000000.0,0.7997076023391813,,51801943.0,0.04074514466904479,0.8341653807751657,0.7599288678126852,0.8435526315789473,0.10351719734613997,0.10476945435328312,0.41773311495433474,0.29110846875412866,51801943.0,362000000.0,649.5,[],{},0.08125919140025809,11.553812052133408,25.91655164675325,0.038585380247733586,0.04,,0.06575576430401367,1.0,20,20,0.45
GIVN.SW,Givaudan SA,Basic Materials,29881774080.0,31.445501,24.620335,6.788227,2.23,1.291,110.755,0.22337,0.09027309507754551,0.1288,-0.017,-0.2,605625024.0,34510774272.0,1582000000.0,1375000000.0,7472000000.0,4912000000.0,316000000.0,476.855,11864000000.0,4072000000.0,,2346000000.0,1071000000.0,1512000000.0,0.4352248394004283,,9229197.0,0.09009009009009009,0.44131138694009714,1.7357203751065644,1.486410165901871,0.3722184760620364,0.39267708075047525,0.6298044504383007,0.6126126126126126,9226246.0,113000000.0,3237.0,[],{},0.02026737175572676,21.81464871807838,25.09874492509091,0.03984262970059161,0.031801051603534636,,0.1444631225047279,1.0,20,20,0.33989953886693014
ALC.SW,Alcon Inc.,Healthcare,26983387136.0,53.67308,15.766682,1.547211,0.49,2.092,24.537,0.029409999,0.031056884804309935,0.0592,0.087,,1272749952.0,30826387456.0,2404000000.0,1360000000.0,10401000000.0,5298999808.0,1456999936.0,36.07782,31555000000.0,6449000000.0,,3049000000.0,980000000.0,2271000000.0,0.5523507355062013,,487427920.0,0.033545325732362345,0.5561497326203209,2.1151197113807805,2.769534679543459,0.01613056567897322,0.016377236629650377,0.3296149580098241,0.3265891191880581,494616324.0,204000000.0,55.82,[],{},0.04716790911330607,12.822956512479202,22.66646136470588,0.0441180466553596,0.018631313872801786,,0.04770925419209991,1.0,20,20,0.4170163170163171
SIKA.SW,Sika AG,Basic Materials,31117191168.0,29.83846,23.368597,4.5664306,1.91,1.3,89.155,0.16042,0.06891862453212572,0.0937,-0.015,-0.006,1024162496.0,36545740800.0,1937699968.0,1523000000.0,11201300000.0,6077899776.0,625299968.0,42.473,15148300000.0,4411200000.0,,3527200000.0,1044000000.0,1707900000.0,0.5493648058707471,,160439241.0,0.07794946896728688,0.545434451802671,1.250623724200499,1.7627642716345224,0.36426529709604377,0.3582170819173504,0.7394427097430075,0.7361922106857426,160444515.0,157900000.0,193.95,[],{},0.0329130765842779,18.860371266724407,23.99589021667761,0.04167380292917745,0.03351379394244877,,0.13105471943275593,1.0,20,20,0.37596014492753627
AMRZ.SW,Amrize AG,Basic Materials,18918158336.0,19.65341,14.111332,1.8247769,0.93,1.104,55.149,0.09719,0.04886799455647656,0.10137,0.086,0.147,1134000000.0,25272158208.0,2881999872.0,1906000000.0,11815000000.0,7090999808.0,729000000.0,18.955742,24249000000.0,4681000000.0,,2857000000.0,1185000000.0,2208000000.0,0.25679221328819296,,553082525.0,0.05351816845200588,0.26230348598769654,1.6384319215960799,1.8749019607843138,0.2615777970225576,0.40092417559336274,0.4872365870757557,0.4916614156689771,552735960.0,413000000.0,34.59,[],{},0.059942409819145726,8.768965763507154,13.259264537250788,0.0754189643920735,0.0508817553798552,,0.08909872849663425,1.0,20,20,0.5505912384716732
SLHN.SW,Swiss Life Holding AG,Financial Services,25821640704.0,20.325562,18.038218,4.0895815,3.91,14.46,257.891,0.19368,0.00561779806046777,0.10852,0.034,0.119,-9873375232.0,-46610616320.0,2007000064.0,2000000000.0,17796000000.0,16700999680.0,89286000640.0,225.94,219125000000.0,,,,1231000000.0,,,,27945498.0,0.005545075434036897,,,,0.045038220193953225,0.042976618417506725,0.08121391899600684,0.08488898430113323,28528671.0,333000000.0,924.0,[],{},-0.38236823698311806,-23.2240233351582,-23.30530816,-0.04290867956495625,0.049199131615647325,,,0.9,18,20,0.295887001735155
KNIN.SW,Kuehne + Nagel International AG,Industrials,25189011456.0,29.3361,22.666553,12.281413,2.81,0.975,196.252,0.44268,0.07394986165842207,0.03568,0.076,0.114,327750016.0,28651681792.0,1420999936.0,1237000000.0,24476000000.0,4084000000.0,617000000.0,17.27,11927000000.0,5827000000.0,,6027000000.0,882000000.0,1781000000.0,0.3595358718744893,,118760074.0,0.10072494669509595,0.3495685831787759,0.9668159946905591,0.9659356042930471,0.33176825689611805,0.20008528784648189,2.0521505827114948,2.115309168443497,118730720.0,50000000.0,212.1,[],{},0.013011626779102132,20.16304228179782,23.16223265319321,0.043173730916744646,0.03408769400158849,,0.20966101694915254,1.0,20,20,0.36402439024390243
GEBN.SW,Geberit AG,Industrials,18379571200.0,30.100687,27.058235,16.582005,2.29,1.644,134.428,0.54099,0.1549547681381062,0.19413,0.065,0.124,482224992.0,19713972224.0,924600000.0,767200000.0,3162900000.0,1490000000.0,155600000.0,34.254,3857900000.0,1311600000.0,,851800000.0,597800000.0,866900000.0,0.7364444022890385,,32973728.0,0.16399340840428453,0.7285367039377735,1.5397980746654145,1.3203463203463204,0.351175509992483,0.3771216698709146,0.8198501775577387,0.8474320241691843,32937493.0,27900000.0,568.0,[],{},0.026237009925454625,21.3216225654337,25.69600133472367,0.038916560867728246,0.03322183310965627,,0.25521439739196966,1.0,20,20,0.3760975609756098
PGHN.SW,Partners Group Holding AG,Financial Services,17290020864.0,14.5344305,14.438358,11.808586,6.91,1.056,192.836,0.75391996,0.19734823580977426,0.48043,-0.074,-0.12,1683187456.0,19940421632.0,1504199936.0,1541300000.0,2461200000.0,2823500032.0,173100000.0,56.84,6388200000.0,3916900000.0,,2347000000.0,1260700000.0,1515000000.0,0.818137493905412,,25783135.0,0.19842345116393645,0.8083535648813358,1.6688964635705155,2.496584558062513,0.3891706584014276,0.3772456143437791,0.38527284681130836,0.35512818256998574,25904035.0,44800000.0,671.2,[],{},0.09735022700317315,13.2564967959153,12.937404549406345,0.07729525626110893,0.06880214536097579,,0.3813966148668712,1.0,20,20,0.505679819496509
LOGN.SW,Logitech International S.A.,Technology,11374881792.0,18.26207,16.32957,5.987025,1.69,2.311,3.588,0.35287997,0.1847916690484926,0.16277,0.069,0.663,723388224.0,9709590528.0,960393984.0,785054000.0,4840761000.0,84388000.0,1749678976.0,13.268695,3848588000.0,2915256000.0,,1312973000.0,711187000.0,1037207000.0,0.4320264933550737,,143502000.0,0.17847344527517844,0.430876857889306,2.2203472577120777,2.35467705153716,0.02290580337515993,0.02611329533610814,1.2578018223826504,1.2872389009592755,148509018.0,,79.44,[],{},0.0635952300188967,10.110007652859267,12.3680543351158,0.0808534610945851,0.05475830505523196,,0.3096108833557145,1.0,20,20,0.761969696969697
ABB.ST,ABB Ltd,Industrials,1735915339776.0,36.720306,36.371918,109.406395,1.19,1.429,55.751,0.32575,0.10546953325164309,0.14086,0.142,0.082,1570499968.0,1743291023360.0,7148000256.0,5729000000.0,33220000000.0,9146000384.0,5856999936.0,8.76,44885000000.0,25578000000.0,,16421000000.0,4734000000.0,5469000000.0,0.4105960264900662,,1818141427.0,0.0976717633042097,0.39240754667625805,1.5576396078192558,1.4166097993721851,0.20251754483680517,0.19132247815726766,0.740113623705024,0.7591094122319301,1838192288.0,86000000.0,958.4,[],{},0.0009047100005479847,243.88513723075053,304.29237621923545,0.003286313027045816,0.027232888527671854,,0.2012717818999438,1.0,20,20,0.18548780487804878
ADDT-B.ST,Addtech AB (publ.),Industrials,89788850176.0,40.413124,42.42347,10.446308,1.08,1.758,74.526,0.26891002,0.1007508212106992,0.096499994,0.057,0.148,2588000000.0,95836282880.0,3835000064.0,3009000000.0,22703000000.0,6833999872.0,1396999936.0,31.839,21310000000.0,9180000000.0,,6143000000.0,2147000000.0,2996000000.0,,,269960442.0,0.1021984551396316,,1.4943838515383363,1.5545539906103287,0.3354293758798686,0.334143574785286,1.0653683716564992,1.1773348457840436,269862072.0,203000000.0,332.6,[],{},0.028823177877065145,24.98990385414502,31.8498779926886,0.03139729452745653,0.024744436980422495,,0.19839124414848025,1.0,20,20,0.24853658536585366
ALFA.ST,Alfa Laval AB (publ),Industrials,232950693888.0,28.407257,25.688238,5.1266656,1.61,1.12,45.751,0.19059,0.08426972015362516,0.11635,0.077,0.007,4881999872.0,249406717952.0,13784000512.0,11751000000.0,69675000000.0,20991000576.0,4976999936.0,109.935,98161000000.0,42965000000.0,,36364000000.0,8272000000.0,9166000000.0,0.361664872622892,,413326315.0,0.08322917018569193,0.3466013472137171,1.1815256847431526,1.3374662215863933,0.21404631167164148,0.14990484555701947,0.7098032823626491,0.7539497539497539,413326315.0,571000000.0,563.6,[],{},0.02095722399671069,18.093928372599294,21.224297332312144,0.0471158118614173,0.035202272433413756,,0.19015486188649935,1.0,20,20,0.37646341463414634
ASSA-B.ST,ASSA ABLOY AB (publ),Industrials,393214822236.0,24.016283,19.50294,3.5363224,1.82,1.015,64.103,0.15566,0.07055204419041038,0.10823,0.033,0.159,18395125760.0,460905709568.0,28960999424.0,23601000000.0,152409000000.0,71387996160.0,3868999936.0,100.104,208371000000.0,49395000000.0,,47920000000.0,14701000000.0,21412000000.0,0.4262806002270207,,1110776334.0,0.06994029650499765,0.41773551231336825,1.0307804674457428,1.104579048524837,0.31363769430486965,0.3287091075780953,0.7314309572829233,0.6715502783927014,1110776334.0,3316000000.0,354.0,[],{},0.0467813640782839,15.914703177889887,19.529075444599805,0.051205701101253144,0.041638416735845424,,0.14709163545256806,1.0,20,20,0.5408536585365854
AZN.ST,AstraZeneca PLC,Healthcare,2398460575744.0,24.198092,135.73732,47.691742,1.92,0.886,64.225,0.21965,0.08963479846415484,0.17021999,0.064,0.025,4905375232.0,2426078494720.0,19904000000.0,13327000000.0,58739000000.0,32349999104.0,4968000000.0,32.427,114074000000.0,28723000000.0,,30617000000.0,10225000000.0,14575000000.0,0.8189788726399837,,1550760380.0,0.06762147354255779,0.8112366615501266,0.9381389424176111,0.9268283930237565,0.2555271139786454,0.289460277791128,0.5149201395585322,0.5197577738261162,1550103897.0,1614000000.0,1546.5,[],{},0.002045218204380265,121.88899189710611,182.04235722368125,0.005493227044798525,0.0413255722806575,,0.15968702445570773,1.0,20,20,0.3181818181818182
ATCO-A.ST,Atlas Copco AB (publ),Industrials,1018655997952.0,38.311928,32.574104,9.582377,1.46,1.272,33.668,0.25698,0.1304987799697709,0.15665,0.091,0.08,25972000768.0,1040044064768.0,42228998144.0,34811000000.0,168343000000.0,35858001920.0,14709000192.0,21.79,202454000000.0,87018000000.0,,56006000000.0,26420000000.0,32566000000.0,0.42895754501226663,,4870587525.0,0.1428133002138699,0.42848657302385573,1.5537263864585937,1.7235586032662638,0.17203908048247998,0.16643489435978095,0.8315123435447065,0.8476680509067892,4870613982.0,882000000.0,208.8,[],{},0.025496341081009198,24.628670119557928,29.876879858895176,0.03347069723220352,0.026101531616994057,,0.23770211952365344,1.0,20,20,0.27439024390243905
BOL.ST,Boliden AB (publ),Basic Materials,166061244416.0,13.079848,11.183337,2.0639515,2.0,1.573,28.232,0.16781999,0.06558062986415242,0.122279994,0.155,2.869,1669750016.0,184609243136.0,26556999680.0,12837000000.0,93509000000.0,22722000896.0,4198000128.0,283.34,143396000000.0,41459000000.0,,24399000000.0,9404000000.0,20686000000.0,0.16882866889818093,,283955454.0,0.08625378683558249,0.14464111560751958,1.699208983974753,1.6665077576493021,0.1659390777985439,0.14206657945469567,0.6521032664788418,0.7677550950151474,273471169.0,1374000000.0,584.8,[],{},0.01005502531233061,6.951434475296872,14.381026963932383,0.06953606321078461,0.0764534878386966,,0.10787666915972671,1.0,20,20,0.5843428853754942
EPI-A.ST,Epiroc AB (publ),Industrials,324868734976.0,36.780823,32.078854,7.285505,1.45,2.133,42.095,0.2123,0.10702066511564254,0.14168,0.104,0.158,5663249920.0,336719773696.0,14691000320.0,12495000000.0,61998000000.0,18773000192.0,6928000000.0,36.854,80377000000.0,45533000000.0,,19156000000.0,8602000000.0,10675000000.0,0.3705603406561502,,1209043512.0,0.10445154266709734,0.3607634739953462,2.376957611192316,2.4766600920447073,0.25144008858255473,0.25800045460527105,0.7713400599674036,0.7609135173288352,1208376598.0,816000000.0,268.5,[],{},0.017432425192957943,22.920139293550843,26.94836124017607,0.03710800783348362,0.027188081136738023,,0.20409663350810997,1.0,20,20,0.2514634146341464
EQT.ST,EQT AB (publ),Financial Services,396828737536.0,32.106853,21.83002,48.199154,1.6,6.392,34.006,0.13895,0.06402181562280085,0.35186002,0.265,0.932,1399399936.0,368782278656.0,1701699968.0,1048600000.0,2632400000.0,2628999936.0,6472000000.0,6.608,11368000000.0,6685100000.0,,978100000.0,727800000.0,430300000.0,0.6650964898951527,,1171153769.0,0.06761547238505021,0.6819089983790101,6.834781719660566,6.848613827217301,0.23263546798029558,0.19362256229803765,0.23156228008444757,0.23104928970220623,1180449205.0,69800000.0,318.5,[],{},0.003526458150912136,216.71404218772366,351.69013795155445,0.0028434121179074707,0.03114599864396551,,0.100924936717389,1.0,20,20,0.1909900746768052
ERIC-B.ST,Telefonaktiebolaget LM Ericsson (publ),Technology,317620322304.0,13.178862,14.182019,3.0907588,3.09,1.12,37.682,0.26077,0.10181109722336627,0.10831001,-0.061,-0.109,30705874944.0,307677593600.0,35283001344.0,30393000000.0,236681000000.0,39478001664.0,54103998464.0,31.468,279223000000.0,143554000000.0,,110937000000.0,28428000000.0,32954000000.0,0.4760331416548012,,3333349459.0,6.840553537592262e-05,0.44120138776827494,1.294013719498454,1.170109346800734,0.14420015543132192,0.15574572294390063,0.8476414908513984,0.847818205449185,3332672174.0,2719000000.0,97.26,[],{},0.09667478050919823,8.720278374286366,10.123304497746192,0.09878197383301428,0.0758790857662824,,0.18060325873810062,1.0,20,20,0.8659848484848486
ESSITY-B.ST,Essity AB (publ),Consumer Defensive,181561982976.0,15.158014,20.317701,1.964901,3.26,1.088,45.728,0.13964,0.07573182699442303,0.08808,0.026,-0.103,8978624512.0,218422689792.0,24491999232.0,18579000000.0,138494000000.0,42609000448.0,6872999936.0,136.699,167116000000.0,54278000000.0,,40796000000.0,12656000000.0,15459000000.0,0.33302525741187344,,683048663.0,0.112735044580212,0.3238426339439078,1.3304735758407686,1.4331861338043719,0.2226238062184351,0.2362697264739535,0.8287297446085354,0.785529241596684,694944489.0,1582000000.0,268.6,[],{},0.04945211747982974,8.918124148339023,11.756428752462458,0.08505984436732487,0.06597170315319673,,0.14707884737175428,1.0,20,20,0.6554945054945055
EVO.ST,Evolution AB (publ),Consumer Cyclical,159335940096.0,14.597798,12.020638,39.510475,5.05,2.037,2.13,0.26685,0.19234642698097554,0.51774,-0.012,0.043,915373376.0,166238011392.0,1253490944.0,1205639000.0,2066540000.0,90203000.0,1153538944.0,21.817,5521787000.0,2075627000.0,,1251394000.0,1062096000.0,1255217000.0,1.0279171949248502,,199226613.0,0.23266655095822303,1.0238463272235512,1.6586518714329779,1.818435156578623,0.016492486943085635,0.017517485316374065,0.3742520310906596,0.3858561763995173,206562243.0,5543000.0,862.0,[],{},0.005744927198775662,132.6200338245124,137.88373749687923,0.007252486900586323,0.06850348251154044,,0.2823250693788604,1.0,20,20,0.37904411764705886
SHB-A.ST,Svenska Handelsbanken AB (publ),Financial Services,301015629824.0,12.543859,13.159509,1.6123316,5.31,,,0.12749,0.007004143978301825,0.42583,-0.038,-0.061,,1314184232960.0,,,56805000000.0,1673300934656.0,656419979264.0,93.126,3387566000000.0,,,,23727000000.0,-46294000000.0,,,1980028494.0,0.007756331775813163,,,,0.4977727371215793,0.5196459737910523,0.01676867697928247,0.01760693811802927,1980028494.0,86836000000.0,150.15,[],{},,,,,0.07972028384566504,,,0.7,14,20,0.5930592109994104
HM-B.ST,H & M Hennes & Mauritz AB (publ),Consumer Cyclical,270984314880.0,22.102865,19.18079,7.983727,4.1,1.067,226.362,0.34669,0.07140298226964933,0.05574,-0.033,0.007,22312249344.0,329060319232.0,24021000192.0,18529000000.0,228285000000.0,76790996992.0,18697000960.0,21.262,170273000000.0,72495000000.0,,61603000000.0,12158000000.0,31120000000.0,0.5336355870950785,,1602438375.0,0.06448444626943522,0.5343742270063716,1.176809570962453,1.1361890472618155,0.45542746060737754,0.4270145493690834,1.3406999348105688,1.3011086819004074,1604491375.0,2653000000.0,169.75,[],{},0.08233778901144347,13.69886002255605,17.75920552819904,0.056308825212487416,0.0452430035653749,,0.17050703966136008,1.0,20,20,0.548639705882353
HEXA-B.ST,Hexagon AB (publ),Technology,255445401600.0,10.863014,17.853659,45.531105,1.59,1.527,46.892,0.27292,0.03608774688309183,0.09961,0.04,,683724992.0,255957204992.0,1269799936.0,1015400000.0,5424600000.0,2644300032.0,2161499904.0,2.09,17108300000.0,3877700000.0,,3829800000.0,617400000.0,1466900000.0,0.6630350624930871,,2684377888.0,0.05733172740259376,0.6683268223139731,1.0125071805316204,1.0615783037191568,0.24047392201446083,0.214615837091398,0.3170741686783608,0.3025741575866222,2684377888.0,136900000.0,95.16,[],{},0.002676599334798908,201.57286020842892,252.0752462005121,0.003967069417060311,0.0920554829442363,,0.07646948073954137,1.0,20,20,0.4348484848484849
INDU-C.ST,AB Industrivärden (publ),Financial Services,233830187008.0,3.7204509,,1.0425031,1.63,1.974,2.799,0.32275,0.17798391151332327,0.99306,11.979,12.356,39464251392.0,236180176896.0,63187001344.0,,35529000000.0,6279000064.0,3928999936.0,519.327,198900000000.0,,,,35401000000.0,,,,431899108.0,0.07557153436372757,,,,0.036621417797888384,0.04651704450443133,0.17862745098039215,0.07605527818255656,431899108.0,164000000.0,541.4,[],{},0.16877312504843447,3.737796886581116,,,0.26878462500338335,,,0.85,17,20,0.7650603158811093
INVE-B.ST,Investor AB (publ),Financial Services,1249767104702.95,4.761877,,1.1509446,1.38,2.236,11.589,0.27254,0.14281193354775587,0.80067,1.17,1.589,166005374976.0,1355852152832.0,271980494848.0,,216578000000.0,125865000960.0,20027000832.0,354.448,1102807000000.0,,,,157494000000.0,,,,3063309055.0,0.11904126710710122,,,,0.10456226701498993,0.10391559621464358,0.19638794458141814,0.17740864834206851,3063031333.0,4056000000.0,407.95,[],{},0.13282904818930794,4.985108044566712,,,0.21000122430713772,,,0.85,17,20,0.712935195219737
LIFCO-B.ST,Lifco AB (publ),Industrials,142169702400.0,36.8669,39.223057,6.9937882,0.85,0.944,57.938,0.20181999,0.08838125821048022,0.13166,0.108,0.178,4165750016.0,152845697024.0,7102000128.0,5170000000.0,28251000000.0,11864000512.0,1336999936.0,44.754,41106000000.0,10672000000.0,,10788000000.0,3633000000.0,5124000000.0,0.4369402852996354,,454216300.0,0.08488261462110108,0.4433944217010368,0.989247311827957,0.8756567425569177,0.26672505230379995,0.2662963820103371,0.6872719311049482,0.6720923654503844,454216300.0,408000000.0,313.0,[],{},0.029301250165661177,21.521500178716977,29.56396460812379,0.03382496269547059,0.027124602285518988,,0.17052576027442443,1.0,20,20,0.27719512195121954
NIBE-B.ST,NIBE Industrier AB (publ),Industrials,89714958336.0,33.969467,26.33136,2.9654806,0.8,1.717,72.205,0.08529,0.035001152870647916,0.0637,0.076,,3294749952.0,107691958272.0,5663000064.0,4058000000.0,40841000000.0,23341000704.0,5363999744.0,15.006,65055000000.0,21651000000.0,,13951000000.0,2277000000.0,4888000000.0,0.3150020812418893,,2016066488.0,0.016660511888191346,0.270822536462575,1.5519317611640742,1.4968372627947095,0.3355161017600492,0.33715876487799334,0.62779186841903,0.5755333352271114,2016066488.0,1049000000.0,44.5,[],{},0.036724644508672896,19.016767977207635,26.538185872843766,0.03768155083363438,0.029438201076278293,,0.07940670006261741,1.0,20,20,0.38999999999999996
NDA-SE.ST,Nordea Bank Abp,Financial Services,673320665088.0,13.02692,144.81752,21.607492,7.14,,,0.15337,0.007396653167265225,0.4058,0.015,0.029,,846608072704.0,,,11719000000.0,240998006784.0,67302998016.0,9.182,654350000000.0,,,,4840000000.0,-3164000000.0,,,3419853669.0,0.008115760682115327,,,,0.31570413387330937,0.31653070882562906,0.017909375716359748,0.01931323242774984,3487931963.0,10083000000.0,198.4,[],{},,,,,0.07676411615331943,,,0.7,14,20,0.4952898707051532
SAAB-B.ST,Saab AB (publ),Industrials,311285547008.0,43.913376,58.080406,6.2021747,0.41,1.227,28.581,0.15858,0.05063189633051065,0.080469996,0.286,0.399,7511000064.0,313289539584.0,10826000384.0,7622000000.0,79146000000.0,14458999808.0,12855000064.0,93.177,124704000000.0,82578000000.0,,63744000000.0,6314000000.0,12105000000.0,0.21691557374977888,,538943388.0,0.04178395760496078,0.21431820677322708,1.2954631024096386,1.3155385698481343,0.11795130869899922,0.104024122697174,0.6346709006928406,0.6386403934964888,536467770.0,570000000.0,577.9,[],{},0.024128971409671546,28.938622618840654,41.103324532143795,0.024328932303711245,0.022772104791032238,,0.12503280839895012,1.0,20,20,0.17500000000000002
SAND.ST,Sandvik AB (publ),Industrials,504764891136.0,30.007458,29.588234,5.0266695,1.53,1.639,42.909,0.17908001,0.08648298598846109,0.1305,0.237,0.629,14508099584.0,544341917696.0,29316999168.0,20979000000.0,120680000000.0,43121000448.0,3620000000.0,80.053,169860000000.0,69898000000.0,,36113000000.0,14690000000.0,19189000000.0,0.4060490553529997,,1254385923.0,0.06639947066990629,0.39987630006998814,1.9355356796721401,1.7915955735387314,0.21855057105851877,0.23188562998958695,0.7104674437772283,0.6664244186046512,1254385923.0,1824000000.0,402.4,[],{},0.02874229138906384,18.567450050964233,25.946990690500023,0.03854011480283647,0.03332504872622,,0.15685585471075986,1.0,20,20,0.38024390243902434
SCA-B.ST,Svenska Cellulosa Aktiebolaget SCA (publ),Basic Materials,83051995136.0,37.420883,17.862537,0.82086134,2.57,1.244,15.36,0.02168,0.021883556265661592,0.097040005,-0.014,-0.519,1243500032.0,98449997824.0,3244000000.0,4303000000.0,20427000000.0,15543000064.0,162000000.0,144.056,146457000000.0,11451000000.0,,7844000000.0,3205000000.0,4017000000.0,0.7288392813433201,,702342489.0,0.02437978601528845,0.7540529853697113,1.4598419173890873,1.2586322120739586,0.09245717172958616,0.09197188854572132,0.13947438497306378,0.1355459825944809,702342489.0,482000000.0,118.25,[],{},0.014972548581930312,30.348334717632554,22.879385968858937,0.04370746668468713,0.02672304659406353,,0.031043264340285544,1.0,20,20,0.376655138339921
SEB-A.ST,Skandinaviska Enskilda Banken AB (publ),Financial Services,446424088576.0,14.448693,14.357188,1.9575843,3.74,,,0.14083,0.008462462415012363,0.41787,0.023,0.076,,641281490944.0,,,77063000000.0,1158076956672.0,958754979840.0,115.806,3670681000000.0,,,,31063000000.0,34721000000.0,,,1961576371.0,0.009542731160788834,,,,0.24258604874681292,0.2538105736600931,0.020994196989604925,0.021714535975551025,2020427447.0,75539000000.0,226.7,[],{},,,,,0.06921041231895507,,,0.7,14,20,0.40108009377112375
SKA-B.ST,Skanska AB (publ),Industrials,113458036736.0,17.146433,16.251482,1.845528,3.11,1.47,25.14,0.11123,0.03602203522603795,0.03807,0.041,0.524,2031374976.0,113113448448.0,8696999936.0,6214000000.0,176658000000.0,15511000064.0,16074000384.0,148.467,158292000000.0,125482000000.0,,81277000000.0,5702000000.0,7360000000.0,0.08351164396743992,,413967733.0,0.03242858060710135,0.08204849247227747,1.5438808026871071,1.5481782289904118,0.10023879918125995,0.11159590437306886,1.1160260783867788,1.0308048152236766,411521664.0,367000000.0,274.0,[],{},0.017904196427501278,13.006030732480852,18.203001037656904,0.05493599642890095,0.05832116802369333,,0.08068558073102643,1.0,20,20,0.5897560975609757
SKF-B.ST,AB SKF (publ),Industrials,125403684864.0,27.874493,15.35117,2.1790388,2.84,2.191,34.361,0.083050005,0.036900264982804305,0.05032,0.001,1.451,3148875008.0,135835680768.0,10400000000.0,6879000000.0,91583000000.0,20572000256.0,12460999680.0,126.386,106422000000.0,54536000000.0,,25757000000.0,3927000000.0,8392000000.0,0.26778987366651014,,455351068.0,0.054215202699873545,0.27727355604627135,2.117327328493225,2.050640472555917,0.14079795530999228,0.1678376726152094,0.8605645449249215,0.826727408238634,455351068.0,902000000.0,275.4,[],{},0.02510990814516294,13.06112315076923,19.746428371565635,0.050642069602823726,0.03587509197028265,,0.08527862145912106,1.0,20,20,0.4953658536585366
SWED-A.ST,Swedbank AB (publ),Financial Services,433304403968.0,13.960897,15.157232,2.0928087,5.27,,,0.15016,0.010696810938551944,0.45124,0.058,-0.089,,1264272408576.0,,,67899000000.0,1132510052352.0,301566001152.0,184.25,3062782000000.0,,,,32762000000.0,-46342000000.0,,,1124225510.0,0.01158555163526428,,,,0.29831049026669215,0.3065178986456112,0.022169060677514757,0.02436524341154608,1125318943.0,46448000000.0,385.6,[],{},,,,,0.07162863532336067,,,0.7,14,20,0.4733572075764767
TEL2-B.ST,Tele2 AB (publ),Communication Services,119544913920.0,11.841379,25.975794,4.1372495,6.19,0.697,135.225,0.47615,0.07294847328244275,0.33580002,0.019,0.012,7559875072.0,146419105792.0,12076999680.0,7066000000.0,29889000000.0,30745999360.0,3585999872.0,41.501,62880000000.0,7514000000.0,,13188000000.0,4587000000.0,11343000000.0,0.43494262103114856,,693556132.0,0.06005400204835356,0.43029544993577173,0.5697603882317258,0.5373499503020108,0.45917620865139946,0.47596288135067194,0.4753339694656489,0.4590484466652183,692389827.0,985000000.0,171.7,[],{},0.0632387846885657,12.12379810148343,20.721639653552224,0.0482587293630779,0.08444962364602975,,0.14219592690976415,1.0,20,20,0.55
TELIA.ST,Telia Company AB (publ),Communication Services,176826957824.0,35.976,23.061539,3.5476494,4.65,0.661,169.141,0.105579995,0.018626057458084766,0.060349997,0.046,0.132,21041000448.0,260243947520.0,26616000512.0,10167000000.0,80982000000.0,90634002432.0,10958000128.0,12.676,189251000000.0,30855000000.0,,33630000000.0,3525000000.0,27602000000.0,0.6508236398211948,,3932109286.0,0.034654774026787814,0.6551843389118756,0.9174843889384479,0.8120759672202903,0.44091708894536885,0.4620212265998277,0.42790791065833206,0.3963587765332498,3932109286.0,3614000000.0,44.97,[],{},0.11899204005388477,9.777725522760916,25.596926086357826,0.03906719098325488,0.02779630865021125,,0.06533179969284351,1.0,20,20,0.4857142857142857
VOLV-B.ST,AB Volvo (publ),Industrials,703981092864.0,19.648127,13.903615,3.6921701,2.44,1.103,147.349,0.20883,0.05312447000416288,0.076009996,0.027,0.401,24019875840.0,917389115392.0,56166998016.0,49476000000.0,479183000000.0,260354998272.0,47068000256.0,93.766,648590000000.0,305570000000.0,,265914000000.0,34456000000.0,45595000000.0,0.24389220819603366,,2033452084.0,0.07051712652750489,0.2734332290591022,1.1491309220274224,1.2751709141638996,0.38082764149925225,0.3622502672958615,0.7388072588229853,0.737255165387565,2033452084.0,1832000000.0,346.2,[],{},0.03412005817127865,16.3332410097949,18.542103553076238,0.05393131351777476,0.05089543649631337,,0.12928952952367015,1.0,20,20,0.5943902439024391
EBS.VI,Erste Group Bank AG,Financial Services,48012570624.0,13.840984,10.940677,1.978233,0.6,,,0.13213,0.009523189373097396,0.29145,0.399,0.175,,126337400832.0,,,11761000000.0,83075997696.0,17927000064.0,62.48,368574000000.0,,,,3510000000.0,4039000000.0,,,388406224.0,0.008834271886378543,,,,0.15083266860928876,0.14863909808444717,0.03190946729829017,0.030796978537666508,388126224.0,8819000000.0,123.6,[],{},,,,,0.0722491984673922,,,0.7,14,20,0.31617192331478045
VER.VI,VERBUND AG,Utilities,21192356846.0,17.57925,15.338773,2.1917217,3.34,0.826,31.126,0.12752,0.08003363407074622,0.15873,-0.049,-0.393,37215248.0,25247856640.0,2361302016.0,2120470000.0,8013556000.0,3279200000.0,89400000.0,27.832,18609701000.0,1721500000.0,,1760937000.0,1489402000.0,1918545000.0,0.46220916157570996,,347415686.0,0.1001840390407019,0.5038668363940254,0.9776045366756448,1.4084184651466973,0.1236559362238007,0.12279419868598188,0.4306117545897164,0.44045613944548734,347415686.0,113300000.0,61.0,[],{},0.0017560693353002065,10.692345353928669,11.9067266407919,0.08398613911014349,0.056885248233001985,,0.125853148634523,1.0,20,20,0.5249999999999999
OMV.VI,OMV Aktiengesellschaft,Energy,22846429184.0,14.685535,9.158575,1.5089179,4.53,1.224,37.636,0.087910004,0.02324226336915706,0.105579995,0.397,1.189,7461875200.0,29831428096.0,5836000256.0,3576000000.0,24308000000.0,7997000192.0,4397000192.0,46.424,46338000000.0,21851000000.0,,11035000000.0,1077000000.0,5215000000.0,0.2328040151390489,,326001057.0,0.029766660520762912,0.23283958158356877,1.9801540552786587,1.7055714134686542,0.1725797401700548,0.19271505541556552,0.5245802581035004,0.5366193432077521,327215398.0,387000000.0,70.05,[],{},0.32661012974516657,5.111622136296218,8.342121950782998,0.11987357723847938,0.06809421651986121,,0.10129450754893352,1.0,20,20,0.5250000000000001
BG.VI,BAWAG Group AG,Financial Services,13929033728.0,15.826771,11.253394,2.9592185,3.48,,,0.1989,0.011893992835110724,0.45091,0.035,0.296,,19180034048.0,,,2353900000.0,19505000448.0,14263000064.0,61.131,72297000000.0,,,,859900000.0,-3276000000.0,,,76976955.0,0.010653060652359794,,,,0.24544586912320013,0.24454381071193282,0.032558750708881416,0.023274134088392368,78524046.0,1523800000.0,180.9,[],{},,,,,0.06318408221108399,,,0.7,14,20,0.28810890106571174
ANDR.VI,Andritz AG,Industrials,8192698880.0,17.63713,13.769318,3.3655393,3.22,1.068,25.381,0.20214,0.05299590016376116,0.05766,0.085,0.067,575180992.0,7740069376.0,779400000.0,585900000.0,7883100000.0,620200000.0,1093900032.0,24.84,8610100000.0,5514000000.0,,4887700000.0,456300000.0,652700000.0,0.5114992832768834,,97998794.0,0.060823226754869536,0.4934505695418406,1.1281379790085315,1.1691766961337735,0.09649132994971023,0.09950998407448242,0.9155642791605207,1.0184613499938748,97556284.0,48700000.0,83.6,[],{},0.07020653394257302,9.930804947395432,13.210563877794845,0.07569699592315385,0.056698567170509036,,0.15739845261121857,1.0,20,20,0.6958536585365854
WIE.VI,Wienerberger AG,Basic Materials,2115240192.0,34.589287,12.081106,0.7562566,4.92,1.393,95.089,0.02179,0.02702702702702703,0.01289,0.13,-0.709,155471008.0,4583379456.0,517000000.0,342000000.0,4566000000.0,2614000128.0,211000000.0,25.613,6142000000.0,2012000000.0,,1328000000.0,166000000.0,630000000.0,0.3510731493648708,,109201866.0,0.012309130570271113,0.3567471748282739,1.5150602409638554,1.4394618834080717,0.31162487788993815,0.3287628544717981,0.7434060566590687,0.7031785602991586,110266509.0,109000000.0,19.37,[],{},0.0735004036837061,8.865337439071567,13.401694315789474,0.07461743093347757,0.02891068555417173,,0.07104279185708351,1.0,20,20,0.6272809617918315
VOE.VI,Voestalpine AG,Basic Materials,7927877120.0,15.621622,9.156382,1.0458462,1.59,1.41,25.377,0.066139996,0.026540100736148778,0.03422,0.024,0.897,521312512.0,9202376704.0,1489299968.0,708900000.0,15063100000.0,2037900032.0,981100032.0,44.213,16002200000.0,7624600000.0,,5650000000.0,424700000.0,1540100000.0,0.20015136326519772,,171450616.0,0.009755756531907998,0.18027528471706142,1.3494867256637169,1.4373950926956227,0.15075427128769794,0.17077976141296403,0.9413143192810989,1.0005974209211723,171450616.0,192600000.0,46.24,[],{},0.06575688599976685,6.178994763800331,12.981205676400057,0.07703444694802183,0.06401383927994161,,0.06847819787098394,1.0,20,20,0.6946277997364954
RBI.VI,Raiffeisen Bank International AG,Financial Services,21506112145.0,9.135285,10.277089,1.0523949,2.51,,,0.12172,0.0065203433762157275,0.27903998,0.018,,,19649017856.0,,,9149000000.0,34724999168.0,37979000832.0,62.239,210265000000.0,,,,1371000000.0,9071000000.0,,,328240854.0,0.005789313038213469,,,,0.10514826528428411,0.1104222645871174,0.04351175897082253,0.04446312502814597,328414347.0,3953000000.0,65.5,[],{},,,,,0.10946565980152782,,,0.7,14,20,0.6324301390746574
POS.VI,PORR AG,Industrials,1461150848.0,11.698113,10.550199,1.9303617,2.82,0.901,70.186,0.15958999,0.02844430659549001,0.02202,-0.137,-0.313,-61673000.0,1953769856.0,210508000.0,98260000.0,6295892000.0,664299008.0,203440000.0,19.271,4578280000.0,2719770000.0,,2869319000.0,130226000.0,378338000.0,0.34376161471638966,,39278250.0,0.02489706712053997,0.34049024306677905,0.9478799673371975,0.9389091781585918,0.1430998104091493,0.09295824944287932,1.3751653459377757,1.460147002492655,38051557.0,37767000.0,37.2,[],{},-0.04220850987727723,9.281214281642503,19.88367449623448,0.05029251510777736,0.0854838724843913,,0.05749692356935003,1.0,20,20,0.6189024390243902
CAI.VI,CA Immobilien Anlagen AG,Real Estate,2121568512.0,14.746835,16.745361,0.87778777,3.86,0.799,84.494,0.06204,0.0337641902464336,0.55513,-0.108,,385480864.0,3690238720.0,148062000.0,164637000.0,300673000.0,2049347968.0,488134016.0,26.544,5461674000.0,1052634000.0,,419283000.0,184409000.0,208020000.0,0.7130503902911136,,93823352.0,-0.010994100285688362,0.6725554048776587,2.5105573085481643,2.38394854189184,0.4137711258489613,0.45130848852560557,0.05505143661082664,0.053942401523936666,97154743.0,59447000.0,23.3,[],{},0.181696165747015,24.923604435979524,22.414394820119416,0.04461418691092158,0.06781116083552843,,0.03265058183706896,1.0,20,20,0.3416666666666667
EVN.VI,EVN AG,Utilities,5242774528.0,10.388693,11.790324,0.80911493,3.11,1.14,17.705,0.081149995,0.039589509278649584,0.16882999,0.027,0.155,50625000.0,6266798592.0,680899968.0,359100000.0,3000000000.0,1205200000.0,509000000.0,36.336,11030700000.0,1411000000.0,,1226100000.0,436700000.0,935200000.0,0.40853333333333336,,178306200.0,0.043221301861897085,0.4349300844524436,1.1508033602479406,0.991342698464554,0.11922180822613253,0.10928566192640375,0.27196823411025595,0.2647339099838733,178279208.0,54200000.0,29.4,[],{},0.009656146708127136,9.203699348683182,17.451402372598164,0.057301985172846605,0.09625849950518318,,0.03662566550394713,1.0,20,20,0.7374999999999999
ATS.VI,AT & S Austria Technologie & Systemtechnik Aktiengesellschaft,Technology,6495719936.0,122.04379,19.630173,8.412579,,1.762,142.952,0.05934,-0.005501635656274832,0.03665,0.375,,107368248.0,7490624512.0,503228992.0,96896000.0,1790776000.0,2173391872.0,1208061952.0,19.875,4651344000.0,1426941000.0,,1101155000.0,-25590000.0,413718000.0,0.11362560141525238,,38850000.0,0.019405597431481656,0.11190997127626247,1.2958584395475659,1.248052124365977,0.4393805317344836,0.42849428400820405,0.3850018403283008,0.3439170770122801,38850000.0,93499000.0,167.2,[],{},0.016529075923509766,14.88512114977668,77.30581770145311,0.01293563705466378,0.008193780281651365,,0.027293194813008546,0.95,19,20,0.3471479500891266
POST.VI,Österreichische Post AG,Industrials,2154929152.0,24.728683,16.158035,3.8180733,5.8,0.676,149.926,0.13519,0.020154589666580274,0.02802,0.067,-0.761,160600000.0,3038329088.0,286800000.0,189600000.0,3043200000.0,913200000.0,74500000.0,8.355,6559300000.0,1788800000.0,,4778300000.0,132200000.0,362400000.0,0.14540615141955837,,67552638.0,0.021241855234985136,0.157087509205597,0.3743590816817697,0.34783601927230434,0.12763557086884272,0.11480460265869777,0.46395194609180856,0.4810764183058889,67552638.0,70800000.0,31.9,[],{},0.07452681210003882,10.5938950069735,16.024942447257384,0.06240272021514478,0.04043887011694072,,0.106457046603032,1.0,20,20,0.6308536585365854
VIG.VI,Vienna Insurance Group AG,Financial Services,9177600000.0,9.598393,8.925848,1.2856604,2.33,1.838,33.232,0.12872,0.01809,0.062459998,0.092,0.161,-895825984.0,-3126406912.0,1874551040.0,1246301000.0,14781083000.0,2527230976.0,14997650432.0,55.769,,,,,834866000.0,842256000.0,,,128000000.0,0.012222517986201178,,,,,0.03383575914005019,,0.25230129311741173,128000000.0,84984000.0,71.7,[],{},-0.09761004881450489,-1.6678163705801257,-2.5085488272897156,-0.3986368489707331,0.10418410665201977,,,0.9,18,20,0.5492330970443146
LNZ.VI,Lenzing Aktiengesellschaft,Consumer Cyclical,878563595.0,,-27.047592,1.8832781,,1.302,162.339,-0.110410005,-0.03732192131355668,-0.07083,0.001,,262846368.0,2806663680.0,371087008.0,28675000.0,2602432000.0,2149199872.0,592400000.0,12.08,4609409000.0,1633958000.0,,1198651000.0,-172032000.0,419745000.0,0.13002337813245457,,38618180.0,-0.02568949172376849,0.19071863862655403,1.363164090298177,1.4813238570377336,0.3617407350920693,0.3674151288925253,0.5645912523709655,0.5352651572843656,38618180.0,135823000.0,22.75,[],{},0.29917739534836973,7.563357432335653,97.87841952920662,0.010216756715218548,,,0.008407222089635208,0.9,18,20,0.6740196078431372
UQA.VI,UNIQA Insurance Group AG,Financial Services,5623603200.0,12.547945,11.143687,1.8354874,3.9,1029.319,52.726,0.13737,0.014625730809742082,0.05686,0.121,0.209,-455788864.0,3755303680.0,476563008.0,560779000.0,5927639000.0,1790899968.0,3780400128.0,9.981,29047916000.0,,,,424847000.0,1137743000.0,,,306965261.0,0.012184169376917686,,,,0.04810644591508734,0.055780006417332335,0.20406417451771755,0.19984575270559252,306965261.0,44421000.0,18.32,[],{},-0.08104925752940748,7.879973092666059,6.696584001897361,0.14932986724525033,0.07969432444914286,,,0.95,19,20,0.4467403663368096
SBO.VI,SBO AG,Energy,474359904.0,91.21212,9.603236,1.1110291,2.49,2.731,86.925,0.012460001,0.026371278517615344,0.01296,-0.147,-0.963,-11933875.0,590708864.0,45823000.0,36578000.0,455267000.0,371132000.0,254780000.0,27.092,893965000.0,556924000.0,,174558000.0,23575000.0,72434000.0,0.2867218577230504,,15759465.0,0.045954351902274496,0.3038669202742102,3.1904811008375438,3.702988941259715,0.42074466002583993,0.387069786402923,0.5092671413310365,0.5683408223634507,15759465.0,14192000.0,30.1,[],{},-0.025157849344703467,12.891099753398947,16.14929367379299,0.0619222128347815,0.010963455295195419,,0.050844653999752576,1.0,20,20,0.2916666666666667
STR.VI,Strabag SE,Industrials,11705889792.0,12.441718,13.739838,2.141409,2.92,1.159,17.007,0.18318,0.05782452792324091,0.04724,0.15,0.258,1100411008.0,9231065088.0,1633918976.0,940924000.0,18714281000.0,933379968.0,3430158080.0,47.352,15845940000.0,9579004000.0,,7809902000.0,916284000.0,1802658000.0,0.4134955545446817,,115442696.0,0.0560836494127941,0.412139004796117,1.226520383994575,1.1985112310874768,0.05230809910929866,0.06318872499246997,1.181014253493324,1.1872379993158237,115442979.0,52506000.0,101.4,[],{},0.09400490074253383,5.649646783954115,9.81063835974,0.10193016634918564,0.08037475210417082,,0.11708804761749508,1.0,20,20,0.817439024390244
DOC.VI,DO & CO Aktiengesellschaft,Industrials,2257100544.0,20.508982,15.815771,4.3742948,1.23,1.478,40.265,0.25817,0.08308066923258188,0.0442,0.05,0.163,182940000.0,2336420608.0,269350016.0,218950000.0,2461590000.0,248150000.0,269129984.0,46.979,1273100000.0,648630000.0,,450100000.0,105770000.0,244080000.0,0.27225898707745805,,10983458.0,0.07591349983984494,0.2633892050893774,1.4410797600533214,1.2003840293865966,0.2008169036210824,0.2817250753550104,1.9335401775194407,1.887464375764843,10983458.0,22960000.0,205.5,[],{},0.08105088649520081,8.67429169931811,10.67102355788993,0.09371172264544586,0.048759124173008685,,0.2660388821385176,1.0,20,20,0.6047560975609756
ALTR.LS,"Altri, SGPS, S.A.",Basic Materials,962067584.0,234.50002,12.635379,2.482795,5.36,1.923,177.497,0.02812,0.01590061242999724,0.019550001,-0.007,1.096,,1444667520.0,22172508.0,34850441.0,676291799.0,687800000.0,205200000.0,1.889,1344437901.0,483955131.0,,334137240.0,21377386.0,,0.4875865232841601,,205131672.0,0.08106802321005004,0.5666702559245069,1.4483723244975628,1.5490937697772449,0.48438960365191314,0.4411817973945493,0.503029406190476,0.6336214092574541,205131672.0,21549292.0,4.69,[],{},,65.15580104875822,41.45334975818527,0.024123502825065243,0.004264391960393009,,0.03449511847839917,0.9,18,20,0.30886651844532276
BCP.LS,"Banco Comercial Português, S.A.",Financial Services,17087484928.0,14.6,12.342809,2.2992125,2.97,,,0.13848,0.009316927918704674,0.29337,0.002,0.022,,24123850752.0,,,3919431000.0,8791361536.0,3583929088.0,0.508,109332927000.0,,,,1018647000.0,,,,14804627089.0,0.008873566060456728,,,,0.0626258546979173,0.061096543276396305,0.03584858749825659,0.03654749712076925,15113989952.0,1481158000.0,1.168,[],{},,,,,0.0684931506849315,,,0.65,13,20,0.31370180207389514
COR.LS,"Corticeira Amorim, S.G.P.S., S.A.",Basic Materials,919974976.0,17.024391,13.686275,1.2748859,5.01,24.665,7.786,0.062340003,0.04588889448618098,0.05274,-0.036,-0.629,,,130036000.0,82599000.0,860967000.0,63600000.0,,5.475,1210903000.0,686388000.0,,222293000.0,55567000.0,,0.546328721077579,,133000000.0,0.0511667207460905,0.5284662018761295,3.0877625476285804,2.322499249023731,0.11632228180126732,0.19991572419200201,0.7110123601973073,0.6893739070939969,133000000.0,5874000.0,6.98,[],{},,,,,0.05873925240556328,,0.08355064181021839,0.85,17,20,0.7238848108413326
CTT.LS,"CTT - Correios De Portugal, S.A.",Industrials,841431552.0,20.693548,10.997206,2.7182205,2.97,0.571,143.955,0.13203,0.008141138503280135,0.0299,0.101,-0.5,82756160.0,-778050112.0,118307200.0,110650435.0,1231803702.0,580184320.0,2293176064.0,2.36,6228784092.0,2825578138.0,,4921158499.0,50709394.0,,0.08195359929191055,,132624875.0,0.007976514657182797,0.07709954910408072,0.5741693015118634,0.6648206995614718,0.08998846833042548,0.08393097181658897,0.19775989724576892,0.186350620743776,134647953.0,20003043.0,6.415,[],{},0.09835162444680944,-6.57652376186741,-7.031604638517688,-0.14221504925379408,0.04832424096631472,,0.08461935556502985,0.95,19,20,0.7195121951219513
EDPR.LS,"EDP Renewables, S.A.",Utilities,13977428992.0,38.794117,26.960733,1.3367791,0.92,1.176,81.872,0.038340002,0.0071010366215016945,0.13901,,,-3187052288.0,25517021184.0,1171913984.0,901084000.0,2691597000.0,10154749952.0,562057984.0,9.867,30390070000.0,3199396000.0,,4331795000.0,215801000.0,,0.8154363376092335,,1051033116.0,-0.01756641921872525,0.7906650484367216,0.7385843512908621,0.6868191919599657,0.33833765437197083,0.3336674330620076,0.08856830537080039,0.07310091324698476,1039855871.0,391596000.0,13.19,[],{},-0.2280141998806872,21.773800408887347,28.31813813584527,0.0353130560774472,0.0257771042965097,,0.03457957213207705,0.95,19,20,0.24375000000000002
EDP.LS,"EDP, S.A.",Utilities,19611324416.0,16.358622,15.327948,1.6207721,4.37,1.091,145.948,0.08866,0.02092070301216192,0.07461,0.04,0.286,-948416000.0,45311406080.0,3874842112.0,2443358000.0,15606993000.0,24550586368.0,3207435008.0,2.927,54956375000.0,10786908000.0,,9354952000.0,1149726000.0,3268471000.0,0.37557920350191737,,4133921624.0,0.014194017679985347,0.3846557896617626,1.153069304898625,1.091044827424006,0.43004970760898986,0.4182067117370764,0.28398876381493504,0.2652054863073396,4163909782.0,1252216000.0,4.744,[],{},-0.04836062980153599,11.693742550096452,18.54472659348323,0.05392368525677851,0.06112984333276972,,0.05358074023260195,1.0,20,20,0.53125
GALP.LS,"Galp Energia, SGPS, S.A.",Energy,15248055296.0,13.519232,11.478926,3.2129798,3.28,1.529,80.965,0.24875,0.07306412681844869,0.050869998,0.352,1.346,1967500032.0,18448054272.0,3312999936.0,2135000000.0,19507000000.0,4598000128.0,2331000064.0,6.564,15329000000.0,6241000000.0,,3711000000.0,1120000000.0,1403000000.0,0.12005946583277798,,733855705.0,0.061842183504786825,0.12786823706067288,1.6817569388305038,1.720733104238259,0.319655554830713,0.2918475352322055,1.2725552873638202,1.2672295891062615,750267303.0,143000000.0,21.09,[],{},0.12903285001308537,5.568383528033971,8.640774834660421,0.11573036204909967,0.07396869881366042,,0.1837665691168876,1.0,20,20,0.44999999999999996
IBS.LS,"Ibersol, S.G.P.S., S.A.",Consumer Cyclical,403955456.0,25.35,20.820501,1.2917198,7.01,1.05,89.56,0.04976,0.022057672947018672,0.03026,0.047,,84278544.0,577397376.0,63330688.0,30827988.0,529515952.0,280039712.0,106561640.0,7.85,689395116.0,163492213.0,,153888077.0,15206452.0,,0.4861664375316119,,40020861.0,0.01819546125195572,0.47755297699806337,1.062409877277237,1.0594953534384632,0.4183309270789786,0.4183059880826967,0.7680877623159721,0.6230327130236472,41138935.0,17025436.0,10.14,[],{},0.20863326079200178,9.117181483959246,18.729648396126272,0.0533912852420029,0.03944773175542406,,0.05756784832850722,0.95,19,20,0.6419485294117646
JMT.LS,"Jerónimo Martins, SGPS, S.A.",Consumer Defensive,11575758848.0,18.237623,13.833398,3.6958265,3.59,0.612,179.457,0.19978,0.0378707937624575,0.01727,0.04,-0.005,695374976.0,16231757824.0,1760000000.0,1229000000.0,35991000000.0,6018999808.0,1584999936.0,4.984,17058000000.0,5606000000.0,,9009000000.0,646000000.0,2425000000.0,0.20655163790947736,,628434220.0,0.039163125204315134,0.20472746832416924,0.6222666222666222,0.6105356240525518,0.32665025208113496,0.3224583197123243,2.1099190995427364,2.1879045439686173,628434220.0,364000000.0,18.42,[],{},0.060071653628145795,9.222589672727272,13.207288709519934,0.07571576740646177,0.05483170696093455,,0.15268977512734502,1.0,20,20,0.6184065934065934
EGL.LS,"Mota-Engil, SGPS, S.A.",Industrials,1556887951.325,10.572916,8.080824,4.363714,3.59,1.089,336.257,0.28885,0.015587712777940929,0.02708,0.056,0.224,-169682000.0,4891904000.0,797827008.0,577113000.0,5301427000.0,3514087936.0,867427968.0,1.163,8540124000.0,4913144000.0,,4530141000.0,133121000.0,,0.7714283342956528,,306775950.0,0.015666512497532314,0.7422486697001502,1.0845454920718802,0.9324652305839809,0.3682707651551664,0.35902526628653036,0.6207669818377345,0.759895577014378,300684369.0,319139000.0,5.075,[],{},-0.10898793317501813,6.131534719867493,8.476509799640626,0.11797308369093097,0.09458128675192351,,0.1439190639960319,0.95,19,20,0.6573170731707316
NOS.LS,"NOS, S.G.P.S., S.A.",Communication Services,2530919680.0,9.496155,11.364526,2.4567165,9.17,0.538,164.375,0.26397,0.06929152009883853,0.14421,0.0,0.364,254894624.0,4236916480.0,643560000.0,419241000.0,1823162000.0,1705019008.0,6122000.0,2.01,3548414000.0,567725000.0,,885022000.0,245875000.0,,0.7088508865366874,,511704041.0,0.08103460130061817,0.7140968116382895,0.6414812287152184,0.6747614654934172,0.4720847116486408,0.460811950281372,0.5137963044898368,0.5048721838616556,511316156.0,67413000.0,4.938,[],{},0.10071225334183659,6.5835609422586865,10.106159655186396,0.09894955493670718,0.10530577902319413,,0.1574086728502601,0.95,19,20,0.8357142857142857
NBA.LS,"Novabase S.G.P.S., S.A.",Technology,268241408.0,28.48,89.0,8.486293,15.34,1.204,31.604,0.21384001,0.042573173855336585,0.025120001,-0.004,-0.494,,259190704.0,9365500.0,11383000.0,124465000.0,13453000.0,31205000.0,0.839,128837000.0,85579000.0,,51262000.0,5485000.0,,0.44761981279877877,,37708337.0,0.039532993423483334,0.4685515843443527,1.6694432523116538,2.20317952694843,0.12018286672306869,0.124824503066578,0.9660656488431119,0.8263011404221778,35103281.0,816000.0,7.12,[],{},,27.675052479846244,22.769981902837564,0.04391747012655207,0.0351123595505618,,0.14673541733805995,0.9,18,20,0.5229166666666666
PHR.LS,"Pharol, S.A.",Financial Services,74292800.0,inf,,0.79298246,,6.203,,-0.01059,0.02181000410731647,0.0,,,-604459.0,60027560.0,-1823544.0,-2517223.0,0.0,0.0,14259243.0,0.114,96320798.0,16493111.0,,1963404.0,2100757.0,,,,821822948.0,0.2549083841356889,,8.400263521924169,5.862989821022001,8.440544689008909e-06,7.83621220041733e-05,0.0,,821822948.0,,0.0904,[],{},-0.008136172011285078,-32.91807601023063,-23.846739045368647,-0.041934454773773916,0.0,,-0.02667753838135886,0.85,17,20,0.4348102877514642
RENE.LS,"REN - Redes Energéticas Nacionais, SGPS, S.A.",Utilities,2321584640.0,11.666666,14.988651,1.4919012,4.58,0.323,154.408,0.12358,0.02968405767005789,0.16826001,0.232,0.125,13149625.0,4706320384.0,507753984.0,240480000.0,1019640000.0,2402778880.0,18043000.0,2.346,5383799000.0,358557000.0,,1472825000.0,159813000.0,,0.6449805813816641,,663309888.0,0.02847301437354029,0.6754599943876849,0.24344847486972315,0.3838103768300427,0.46872700856774185,0.4726646964268712,0.1893904285802646,0.17763504014845874,663309888.0,61530000.0,3.5,[],{},0.005664073053136672,9.268898979234795,19.570527212242183,0.051097243786792736,0.08571429061224518,,0.06148851922820249,0.95,19,20,0.7562499999999999
SEM.LS,"Semapa - Sociedade de Investimento e Gestão, SGPS, S.A.",Basic Materials,1657289600.0,35.169495,10.655396,0.6890483,3.04,0.5699843898814456,47.563,,0.029544754971916165,0.31453,-0.297,0.139,,2121472768.0,276649312.0,186108509.0,2114924032.0,1321991296.0,1232097664.0,30.114,5300414241.0,1005930826.0,,1764839255.0,156599440.0,,0.5532447569256237,,79869373.0,0.04366637226675307,0.5816929726566004,0.5699843898814456,1.1354697840801597,0.24522828611123265,0.3273181922974902,0.39901108400934887,0.40315638847011664,79869373.0,43076567.0,20.75,[],{},,7.668454884861597,11.399117533094632,0.08772608906757365,0.028433732130643333,,0.05263882387926816,0.85,17,20,0.6177183323922455
SON.LS,"Sonae, SGPS, S.A.",Consumer Defensive,3918728192.0,18.318182,11.286619,1.2037038,3.07,0.7546151157295762,92.553,0.08696,0.017538701050462742,0.018660001,0.05,0.282,,,685756032.0,366885000.0,11360072000.0,3592000000.0,,1.674,11358994000.0,2478313000.0,,3284208000.0,199222000.0,,0.3192650539538834,,1944778067.0,0.01964477683969345,0.3180865959697873,0.7546151157295762,0.762961464744238,0.33412201819985116,0.3464312040206219,1.000094902770439,0.8775870975198431,1938334607.0,184548000.0,2.015,[],{},,,,,0.05459057017776109,,0.045435879043729456,0.85,17,20,0.6024332810047096
NVG.LS,"The Navigator Company, S.A.",Basic Materials,2295698688.0,21.519999,11.103848,1.6385787,3.49,1.294,71.869,0.07865,0.04537129543343548,0.059499998,-0.106,-0.136,,3124174848.0,273554528.0,204489089.0,1969765842.0,1007452288.0,179386768.0,1.97,3188523352.0,897454818.0,,636341031.0,144667435.0,,0.5500766176856061,,711183069.0,0.08557486708098201,0.5777892359451301,1.4103362415427836,1.2429160642988426,0.30308324585229507,0.30291058752645544,0.6177674191297564,0.6227743946997342,711183069.0,31890693.0,3.228,[],{},,11.420665820600126,15.277953768966128,0.06545379146461908,0.04646840364630129,,0.0801232291742687,0.9,18,20,0.6003479084321475
A5G.IR,AIB Group plc,Financial Services,23987914752.0,11.932292,11.594599,1.7008166,5.77,,,0.15133001,0.014451471809167674,0.49098998,0.02,0.082,,-5806084608.0,,,4508000000.0,12490999808.0,42274000896.0,6.735,148151000000.0,,,,2141000000.0,8603000000.0,,,2136766718.0,0.016663599167527927,,,,0.0745860642182638,0.0758639729304999,0.03042841425302563,0.034792519077485026,2328438575.0,1181000000.0,11.455,[],{},,,,,0.08380619582557985,,,0.7,14,20,0.6744905150220766
BIRG.IR,Bank of Ireland Group plc,Financial Services,18992019456.0,14.918518,11.005223,1.4589974,4.22,,,0.10549,0.0072876655804950275,0.32707,0.133,0.356,,9231020032.0,,,4214000000.0,12227000320.0,21991000064.0,13.804,164799000000.0,,,,1201000000.0,3993000000.0,,,952193201.0,0.009461538936921013,,,,0.06381106681472581,0.07707044551426646,0.025570543510579555,0.027575040324324993,1002662094.0,1876000000.0,20.14,[],{},,,,,0.06703078683821007,,,0.7,14,20,0.4124275503013045
C5H.IR,Cairn Homes plc,Consumer Cyclical,1734760960.0,11.18,10.824943,2.037172,3.75,5.008,28.914,0.19629,0.10160513373307282,0.14286,0.601,0.828,123416128.0,1952623616.0,202372992.0,168586000.0,944606000.0,248750000.0,49109000.0,1.372,1306184000.0,1282012000.0,,250330000.0,132715000.0,70622000.0,0.22100748883661547,,617728891.0,0.10684865842319612,0.2174291259968065,5.121287899972037,7.5268559896208735,0.1775821783148469,0.17578475085401896,0.7231798888977357,0.8019067727456278,616059762.0,15386000.0,2.795,[],{},0.0711430167300975,9.648637383391554,11.582359246912555,0.08633819575805028,0.08944543828264759,,0.15966790863130698,1.0,20,20,0.6608823529411766
DQ7A.IR,Donegal Investment Group plc,Consumer Defensive,15160775.0,,,0.7843875,3.04,16.255,,-0.18353,0.006125989374390112,0.0,,2.1,5353000.0,-2517225.0,-1386500.0,-1154000.0,0.0,0.0,17464000.0,15.936,18446000.0,18446000.0,,6129000.0,113000.0,596000.0,,,1212862.0,0.08248500272677695,,3.0096263664545604,4.570997807017544,0.0,0.04353753862934012,0.0,,1519420.0,11000.0,12.5,[],{},0.3530822138050331,1.81552470248828,2.1813041594454075,0.4584413391730974,,,-0.0936916456929447,0.9,18,20,0.7318681318681319
EG7.IR,FBD Holdings plc,Financial Services,684796416.0,10.026316,12.095237,1.4269662,5.25,0.493,10.93,0.14669,0.03443137816038921,0.13299,0.088,1.575,771720128.0,516834400.0,135291008.0,56723000.0,462729000.0,52773000.0,223658000.0,13.35,1369768000.0,,,,47163000.0,65719000.0,,,35943862.0,0.049188738958974375,,,,0.0389014782065284,0.0386717686427553,0.3378156008900777,0.30264047756369905,35897184.0,2567000.0,19.05,[],{},1.1269336549798765,3.820168151899644,9.111549107064153,0.10975082153974271,0.09973753071417259,,,0.95,19,20,0.7407343910079889
GL9.IR,Glanbia plc,Consumer Defensive,5317208064.0,26.506025,15.155779,3.2701643,2.07,1.532,63.691,0.12047,0.0461248112732763,0.05799,0.079,0.637,334575008.0,6145490944.0,486400000.0,274100000.0,3946400000.0,1207900032.0,375700000.0,6.727491,3974000000.0,1652300000.0,,1218800000.0,183300000.0,368500000.0,0.26895398337725523,,242479634.0,0.04250871080139373,0.30351329530952936,1.3556777157860191,1.4102418207681366,0.28326623049823857,0.2474899987095109,0.99305485656769,0.9910181958962446,256533098.0,29200000.0,22.0,[],{},0.06292306112022025,12.634644210526316,22.42061635899307,0.044601806836541,0.03772727144111575,,0.09948461091753774,1.0,20,20,0.40329670329670336
GVR.IR,Glenveagh Properties PLC,Consumer Cyclical,1263688960.0,12.474999,10.98248,1.638214,,5.938,30.795,0.13942,0.08790113695119989,0.11623,-0.185,-0.106,55911124.0,1461486464.0,145276992.0,144128000.0,925879000.0,244068000.0,75196000.0,1.523,1224239000.0,1140136000.0,,192001000.0,107612000.0,100339000.0,0.2137568731983337,,520472536.0,0.08298992965530591,0.2115964505169714,5.938177405326014,5.888974453589172,0.19869077851628644,0.20594287868214486,0.7562894173441623,0.7379121056375932,560878504.0,18499000.0,2.495,[],{},0.044244371652973846,10.059999480165448,10.140198046181172,0.09861740327415033,0.08016032706696008,,0.13962671399425328,0.95,19,20,0.6334342560553633
GRP.IR,Greencoat Renewables,,838778432.0,15.559999,9.261905,0.7858586,,,,,-0.023402786707242152,,,,,,,,-38744000.0,,,0.99,2239776000.0,,,,-52417000.0,73118000.0,,,1113335009.0,0.021088534443668476,,,,0.5047129712971297,0.48717857485660193,-0.0172981583872673,0.025671397506379683,1113535009.0,37956000.0,0.778,[],{},,,,,0.0642673563153828,,,0.5,10,20,0.7616768939180695
HMSO.IR,Hammerson Plc,Real Estate,2076630272.0,8.9,,0.89830935,5.12,0.766,86.369,0.105629995,0.05904049654049654,0.67484003,0.399,-0.348,10037500.0,3183968000.0,167700000.0,84700000.0,208300000.0,1816600064.0,469200000.0,3.963,3931200000.0,441700000.0,,271300000.0,232100000.0,96900000.0,0.6072971675468075,,529736620.0,-0.15139224485099528,0.5758354755784062,1.6280869885735347,1.838924683403688,0.4177859177859178,0.4376654009895294,0.05298636548636548,0.033569209527096994,490459528.0,65400000.0,3.56,[],{},0.004833551805219952,18.98609421586166,37.59112160566706,0.026602026151016592,0.11235955056179775,,0.023142708817180797,1.0,20,20,0.4333333333333334
IR5B.IR,Irish Continental Group plc,Industrials,1101624192.0,15.787234,13.568373,3.882784,2.21,0.838,92.704,0.25255,0.10481388189196754,0.10353,0.161,0.069,33975000.0,1327713792.0,145800000.0,85600000.0,666700000.0,263000000.0,36800000.0,1.911,714600000.0,132400000.0,,223400000.0,74900000.0,149900000.0,0.7577621118944052,,148432980.0,0.09372555155687685,0.7436237164624048,0.5926589077887198,1.0320460147904684,0.40973971452560876,0.31841652323580033,0.9329694934228939,0.9447660772961978,164580565.0,10200000.0,7.42,[],{},0.030840825979246467,9.106404609053499,15.510675140186915,0.06447172614743765,0.06334231823003321,,0.1742671009771987,1.0,20,20,0.6173170731707318
IRES.IR,Irish Residential Properties REIT Plc,Real Estate,565348672.0,7.186666,16.77821,0.77665704,4.6,0.329,76.089,0.11695,0.03920153427455257,0.94817,0.011,1.94,19669250.0,1111897728.0,53999000.0,53872000.0,85465000.0,553889024.0,7340000.0,1.388,1269134000.0,19436000.0,,23764000.0,49752000.0,57082000.0,0.7802843269174516,,524442218.0,-0.005310867948243698,0.7675934938374398,0.8178757784884699,0.7623492119397728,0.4323365381433324,0.45041028761897944,0.06734119486200826,0.06783607587636083,529578946.0,23305000.0,1.078,[],{},0.034791361462683336,20.591079982962647,20.639622215622214,0.04845049921713663,0.13914658062584237,,0.043257826991175315,1.0,20,20,0.5833333333333334
KMR.IR,Kenmare Resources plc,Basic Materials,206010224.0,,,0.3069145,9.59,3.067,26.196,-0.28888,-0.29326986406919064,-0.85454005,-0.111,,-54677500.0,380701344.0,14850000.0,951000.0,328573000.0,204682000.0,30990000.0,7.5591083,1108358000.0,231669000.0,,71489000.0,-325048000.0,101962000.0,0.055890167481807695,,88648620.0,0.04956087859413939,0.2299618803752649,3.240624431730756,5.891507327568709,0.18552579581687506,0.060525357074937426,0.296450244415613,0.3167654330228157,88433446.0,13466000.0,2.32,[],{},-0.2654115846211594,25.63645414141414,400.3168706624606,0.0024980211259774277,,,0.0009171843309039039,0.95,19,20,0.4757246376811594
KRZ.IR,Kerry Group plc,Consumer Defensive,13461422080.0,21.607141,15.019939,2.202517,1.74,1.765,46.206,0.106120005,0.061720295057689965,0.096219994,-0.037,-0.038,277550016.0,15684422656.0,1138400000.0,895000000.0,6757600000.0,2825100032.0,604499968.0,38.456,10669100000.0,2770200000.0,,1653500000.0,658500000.0,755500000.0,0.5115277613353854,,161102087.0,0.05869330669330669,0.5138185334314702,1.6753553069247051,1.3872806565708595,0.24304767974805747,0.2812867132867133,0.63338051007114,0.5537742257742257,166440652.0,87800000.0,84.7,[],{},0.020618179442747256,13.777602473647224,17.524494587709498,0.05706298660968704,0.0462809957134079,,0.09927237233240162,1.0,20,20,0.2923076923076923
KRX.IR,Kingspan Group plc,Industrials,18956648448.0,28.00532,19.496138,3.9851644,0.54,1.326,53.262,0.15213001,0.06834543362489436,0.0716,0.076,0.049,620524992.0,21330391040.0,1199399936.0,903500000.0,9199000000.0,2683699968.0,594200000.0,26.423,9820700000.0,3301200000.0,,2404400000.0,671200000.0,819700000.0,0.29680400043482985,,179935454.0,0.06777330821324914,0.295817843866171,1.372982864747962,1.597069922308546,0.273870498029672,0.2873466062426804,0.9366949402792062,0.8766230459799379,181799483.0,77600000.0,105.3,[],{},0.032733897751079925,17.784218924620653,23.608623176535694,0.04235740443321943,0.035707501289040794,,0.12182624758976848,1.0,20,20,0.3989024390243903
MLC.IR,Malin Corporation plc,Healthcare,30283176.0,inf,-58.333336,0.7861635,,16.125,,-0.05953,0.0,0.0,,,-912500.0,17445742.0,,-2500000.0,0.0,0.0,12900000.0,8.904,198500000.0,62600000.0,,1000000.0,0.0,-1300000.0,,,18971256.0,0.0,,62.6,35.8,0.0,0.0008576329331046312,0.0,,18971256.0,200000.0,7.0,[],{},-0.03013224240416527,,-6.9782968,-0.1433014428391753,0.0,,-0.012658227848101266,0.85,17,20,0.314957264957265
MIO.IR,Mincon Group plc,Industrials,165728480.0,15.599999,21.08108,1.0670314,2.75,3.134,18.631,0.072399996,0.026770385745739533,0.06515,0.186,2.921,5280250.0,181686480.0,19722000.0,10966000.0,148715000.0,28919000.0,12961000.0,0.731,206198000.0,119412000.0,,36019000.0,5520000.0,8811000.0,0.2987728204955788,,212472413.0,0.008352172226899102,0.2787040821274444,3.3152502845720315,3.6828531890803875,0.162625243697805,0.17821908608507298,0.7212242601771113,0.6827451499702046,212472413.0,2011000.0,0.78,[],{},0.03186084853973198,9.212376026772132,16.568163414189314,0.06035671999369463,0.06410256821170308,,0.0644380328947755,1.0,20,20,0.6682926829268292
OIZ.IR,Origin Enterprises plc,Basic Materials,479391616.0,12.054054,8.111746,1.1786469,3.89,1.455,101.471,0.09328,0.03585,0.017760001,0.025,,27828250.0,827600640.0,97097000.0,,2130080000.0,411907008.0,62771000.0,3.784,1402316000.0,836957000.0,,722288000.0,,569000.0,,,106630740.0,,0.1681751145450875,1.158758002348094,1.0461297159492797,0.18380878489584374,,1.5189728991183158,,111761891.0,,4.46,[],{},0.05804909612770533,8.523441918905837,,,0.0829596416276217,,,0.9,18,20,0.741159420289855
PTSB.IR,Permanent TSB Group Holdings plc,Financial Services,1607725312.0,15.526317,10.41005,0.71428573,0.62,,,0.056149997,0.003741999015263417,0.19859,0.05,,,2112725248.0,,,655000000.0,2024999936.0,1520000000.0,4.13,30465000000.0,,,,114000000.0,633000000.0,,,544991596.0,0.005599336374948154,,,,0.06899720991301493,0.06992257707728466,0.021500082061381914,0.02315774920503249,544991596.0,288000000.0,2.95,[],{},,,,,0.06440677463947181,,,0.7,14,20,0.3619716385497117
RYA.IR,Ryanair Holdings plc,Industrials,23716681728.0,12.782123,12.326789,2.5079467,1.71,0.79,1.919,0.22408001,0.11007357818885237,0.12132,0.011,-0.331,-217737504.0,21155295232.0,3421600000.0,2374200000.0,15544300000.0,181900000.0,2803500032.0,9.123,19747700000.0,7744900000.0,,8572800000.0,2173700000.0,3694900000.0,0.2258062440894733,,1043931708.0,0.09205460672873708,0.19001326307488262,0.9034271183277343,0.7371332548326955,0.07552778298232199,0.15323584851773575,0.7871448320563914,0.7967384474781516,1063868001.0,37800000.0,22.88,[],{},-0.009180774380546597,6.182866270750526,8.910494158874569,0.1122272213156699,0.07823426515297967,,0.2124582770315618,1.0,20,20,0.5928048780487805
UPR.IR,Uniphar plc,Healthcare,1070744000.0,21.710527,14.701165,2.6442308,0.48,0.993,126.538,0.1267,0.029492125600155635,0.016619999,0.133,-0.276,40300000.0,1412880640.0,107444000.0,91426000.0,3074704000.0,512689984.0,183696992.0,1.56,1732259000.0,828921000.0,,834852000.0,51088000.0,108431000.0,0.14885725585292112,,259574298.0,0.04534635367373057,0.15434577099792127,0.992895746791048,0.8779746096877661,0.2959661343944526,0.28686514539819585,1.774967831022959,1.9567442839424904,273015254.0,21192000.0,4.125,[],{},0.03763738111070433,13.149925914895201,15.45381663859296,0.06470893394080338,0.04606060460899913,,0.10187796618479686,1.0,20,20,0.5020979020979022
