ticker,model_id,model_name,passed,score,reasons,failed_criteria,details
ADBE,graham_defensive,Graham Defensive,False,0.0,[],"['P/E >= 15', 'valuation too rich on P/B or P/E×P/B', 'current ratio < 2', 'no dividend']",
ADBE,graham_enterprising,Graham Enterprising,False,0.8,"['P/E < 25: P/E=15.1', 'Debt/equity < 100%: D/E=61%', 'ROE > 8%: ROE=63.0%', 'Positive earnings growth: growth=7.9%']",['P/B >= 3'],
ADBE,graham_net_net,Graham Net-Net,False,0.0,[],['missing NCAV (balance sheet data)'],
ADBE,schloss,Schloss Low P/B,False,0.0,[],"['P/B too high', 'too much leverage']",
ADBE,deep_value,Deep Value,False,0.0,[],"['P/B not below 1.0', 'EV/EBITDA not below 8']",
ADBE,earnings_yield,Earnings Yield,False,0.5517,['E/P=6.6% (P/E=15.1)'],['earnings yield 6.6% below 8%'],
ADBE,fcf_yield,FCF Yield,True,0.8784,['FCF yield=8.8%'],[],
ADBE,low_pe_high_yield,Low P/E + High Yield,False,0.0,[],"['P/E not below 12.0', 'yield below 4%']",
ADBE,lynch_peg,Lynch PEG,False,0.0,"['PEG=1.91', 'growth=7.9%']",['PEG 1.91 >= 1.0'],
ADBE,neff_pegy,Neff PEGY,False,0.0,"['PEGY=nan', 'growth=7.9%', 'yield=nan%']",['PEGY nan >= 1.0'],
ADBE,quality_value,Quality Value,True,1.0,"['ROE >= 12%: ROE=63.0%', 'Profit margin >= 5%: margin=28.7%', 'Debt/equity < 80%: D/E=61%', 'P/E < 20: P/E=15.1', 'FCF yield >= 3%: FCF yield=8.8%']",[],
ADBE,buffett_quality,Buffett Quality,True,0.75,"['ROE >= 15%: ROE=63.0%', 'margin >= 8%: margin=28.7%', 'P/E < 25.0: P/E=15.1']",['too much debt'],
ADBE,economic_moat,Economic Moat,True,0.75,"['high ROE=63.0%', 'solid ROA=24.2%', 'wide margin=28.7%']",['leverage too high'],
ADBE,high_dividend,High Dividend Yield,False,0.0,[],['could not rank yield'],
ADBE,dividend_growth,Dividend Growth,False,0.6667,"['earnings growth: growth=7.9%', 'reasonable P/E: P/E=15.1']",['yield too low'],
ADBE,magic_formula,Magic Formula,True,0.9417,"['earnings yield rank 96%', 'ROIC rank 92%']",[],
ADBE,acquirers_multiple,Acquirer's Multiple,False,0.8544,"['EV/EBIT=12.2', 'universe rank 85%']",['EV/EBIT 12.2 above 12.0'],
ADBE,dreman_contrarian,Dreman Contrarian,False,0.7378,['low P/E rank 96%'],['P/B not cheap vs universe'],
ADBE,piotroski_f,Piotroski F-Score,True,0.7778,"['F-Score=7/9', 'positive net income', 'positive operating cash flow', 'ROA improving', 'OCF > net income', 'no share dilution', 'gross margin improving', 'asset turnover improving']","['leverage declining', 'current ratio improving']","{'f_score': 7, 'max_score': 9, 'components': [{'name': 'positive net income', 'passed': True}, {'name': 'positive operating cash flow', 'passed': True}, {'name': 'ROA improving', 'passed': True}, {'name': 'OCF > net income', 'passed': True}, {'name': 'leverage declining', 'passed': False}, {'name': 'current ratio improving', 'passed': False}, {'name': 'no share dilution', 'passed': True}, {'name': 'gross margin improving', 'passed': True}, {'name': 'asset turnover improving', 'passed': True}]}"
ADBE,composite_value,Composite Value,True,0.9181,"['top-tier on trailing_pe (percentile 100%)', 'top-tier on price_to_book (percentile 71%)', 'top-tier on fcf_yield (percentile 98%)', 'top-tier on ev_ebitda (percentile 98%)']",['missing dividend_yield'],
ADBE,earnings_quality,Earnings Quality,True,1.0,"['FCF/NI=1.29', 'OCF/NI=1.41', 'ratio=-9.84%']",[],
ADBE,financial_health,Financial Health,False,0.8,"['D/E=61%', 'leverage=22.5%', 'ratio=0.1', 'coverage=33.1x']",['weak liquidity'],
AMD,graham_defensive,Graham Defensive,False,0.25,['Current ratio >= 2: CR=2.61'],"['P/E >= 15', 'valuation too rich on P/B or P/E×P/B', 'no dividend']",
AMD,graham_enterprising,Graham Enterprising,False,0.6,"['Debt/equity < 100%: D/E=6%', 'ROE > 8%: ROE=10.2%', 'Positive earnings growth: growth=159.5%']","['P/E >= 25', 'P/B >= 3']",
AMD,graham_net_net,Graham Net-Net,False,0.0,[],['missing NCAV (balance sheet data)'],
AMD,schloss,Schloss Low P/B,False,0.5,['D/E < 50.0%: D/E=6%'],['P/B too high'],
AMD,deep_value,Deep Value,False,0.0,[],"['P/B not below 1.0', 'EV/EBITDA not below 8']",
AMD,earnings_yield,Earnings Yield,False,0.0633,['E/P=0.8% (P/E=131.6)'],['earnings yield 0.8% below 8%'],
AMD,fcf_yield,FCF Yield,False,0.1053,['FCF yield=1.1%'],['FCF yield 1.1% below 5%'],
AMD,low_pe_high_yield,Low P/E + High Yield,False,0.0,[],"['P/E not below 12.0', 'yield below 4%']",
AMD,lynch_peg,Lynch PEG,True,0.1752,"['PEG=0.82', 'growth=159.5%']",[],
AMD,neff_pegy,Neff PEGY,False,0.0,"['PEGY=nan', 'growth=159.5%', 'yield=nan%']",['PEGY nan >= 1.0'],
AMD,quality_value,Quality Value,False,0.4,"['Profit margin >= 5%: margin=15.6%', 'Debt/equity < 80%: D/E=6%']","['ROE below 12%', 'P/E >= 20', 'FCF yield below 3%']",
AMD,buffett_quality,Buffett Quality,False,0.5,"['D/E < 60.0%: D/E=6%', 'margin >= 8%: margin=15.6%']","['ROE too low', 'P/E too high']",
AMD,economic_moat,Economic Moat,False,0.5,"['wide margin=15.6%', 'low leverage D/E=6%']","['ROE below 18%', 'ROA below 8%']",
AMD,high_dividend,High Dividend Yield,False,0.0,[],['could not rank yield'],
AMD,dividend_growth,Dividend Growth,False,0.3333,['earnings growth: growth=159.5%'],"['yield too low', 'P/E out of range']",
AMD,magic_formula,Magic Formula,False,0.1942,[],['below top half on combined Magic Formula rank'],
AMD,acquirers_multiple,Acquirer's Multiple,False,0.0777,"['EV/EBIT=224.9', 'universe rank 8%']","['EV/EBIT 224.9 above 12.0', 'not in top 40% cheapest on EV/EBIT']",
AMD,dreman_contrarian,Dreman Contrarian,False,0.24,[],"['P/E not in bottom quartile', 'P/B not cheap vs universe']",
AMD,piotroski_f,Piotroski F-Score,True,0.8889,"['F-Score=8/9', 'positive net income', 'positive operating cash flow', 'ROA improving', 'OCF > net income', 'current ratio improving', 'no share dilution', 'gross margin improving', 'asset turnover improving']",['leverage declining'],"{'f_score': 8, 'max_score': 9, 'components': [{'name': 'positive net income', 'passed': True}, {'name': 'positive operating cash flow', 'passed': True}, {'name': 'ROA improving', 'passed': True}, {'name': 'OCF > net income', 'passed': True}, {'name': 'leverage declining', 'passed': False}, {'name': 'current ratio improving', 'passed': True}, {'name': 'no share dilution', 'passed': True}, {'name': 'gross margin improving', 'passed': True}, {'name': 'asset turnover improving', 'passed': True}]}"
AMD,composite_value,Composite Value,False,0.3351,[],['missing dividend_yield'],
AMD,earnings_quality,Earnings Quality,True,1.0,"['FCF/NI=2.04', 'OCF/NI=1.78', 'ratio=-4.39%']",[],
AMD,financial_health,Financial Health,True,1.0,"['D/E=6%', 'leverage=5.0%', 'CR=2.85', 'ratio=-0.9', 'coverage=28.2x']",[],
ABNB,graham_defensive,Graham Defensive,False,0.0,[],"['P/E >= 15', 'valuation too rich on P/B or P/E×P/B', 'current ratio < 2', 'no dividend']",
ABNB,graham_enterprising,Graham Enterprising,False,0.6,"['Debt/equity < 100%: D/E=32%', 'ROE > 8%: ROE=34.5%', 'Positive earnings growth: growth=33.4%']","['P/E >= 25', 'P/B >= 3']",
ABNB,graham_net_net,Graham Net-Net,False,0.0,[],['missing NCAV (balance sheet data)'],
ABNB,schloss,Schloss Low P/B,False,0.5,['D/E < 50.0%: D/E=32%'],['P/B too high'],
ABNB,deep_value,Deep Value,False,0.0,[],"['P/B not below 1.0', 'EV/EBITDA not below 8']",
ABNB,earnings_yield,Earnings Yield,False,0.1983,['E/P=2.4% (P/E=42.0)'],['earnings yield 2.4% below 8%'],
ABNB,fcf_yield,FCF Yield,False,0.291,['FCF yield=2.9%'],['FCF yield 2.9% below 5%'],
ABNB,low_pe_high_yield,Low P/E + High Yield,False,0.0,[],"['P/E not below 12.0', 'yield below 4%']",
ABNB,lynch_peg,Lynch PEG,False,0.0,"['PEG=1.26', 'growth=33.4%']",['PEG 1.26 >= 1.0'],
ABNB,neff_pegy,Neff PEGY,False,0.0,"['PEGY=nan', 'growth=33.4%', 'yield=nan%']",['PEGY nan >= 1.0'],
ABNB,quality_value,Quality Value,False,0.6,"['ROE >= 12%: ROE=34.5%', 'Profit margin >= 5%: margin=20.4%', 'Debt/equity < 80%: D/E=32%']","['P/E >= 20', 'FCF yield below 3%']",
ABNB,buffett_quality,Buffett Quality,False,0.75,"['ROE >= 15%: ROE=34.5%', 'D/E < 60.0%: D/E=32%', 'margin >= 8%: margin=20.4%']",['P/E too high'],
ABNB,economic_moat,Economic Moat,True,1.0,"['high ROE=34.5%', 'solid ROA=11.3%', 'wide margin=20.4%', 'low leverage D/E=32%']",[],
ABNB,high_dividend,High Dividend Yield,False,0.0,[],['could not rank yield'],
ABNB,dividend_growth,Dividend Growth,False,0.3333,['earnings growth: growth=33.4%'],"['yield too low', 'P/E out of range']",
ABNB,magic_formula,Magic Formula,True,0.6359,['ROIC rank 82%'],[],
ABNB,acquirers_multiple,Acquirer's Multiple,False,0.3495,"['EV/EBIT=38.9', 'universe rank 35%']","['EV/EBIT 38.9 above 12.0', 'not in top 40% cheapest on EV/EBIT']",
ABNB,dreman_contrarian,Dreman Contrarian,False,0.3755,[],"['P/E not in bottom quartile', 'P/B not cheap vs universe']",
ABNB,piotroski_f,Piotroski F-Score,False,0.6667,"['F-Score=6/9', 'positive net income', 'positive operating cash flow', 'OCF > net income', 'leverage declining', 'no share dilution', 'asset turnover improving']","['F-Score 6/9 below 7', 'ROA improving', 'current ratio improving', 'gross margin improving']","{'f_score': 6, 'max_score': 9, 'components': [{'name': 'positive net income', 'passed': True}, {'name': 'positive operating cash flow', 'passed': True}, {'name': 'ROA improving', 'passed': False}, {'name': 'OCF > net income', 'passed': True}, {'name': 'leverage declining', 'passed': True}, {'name': 'current ratio improving', 'passed': False}, {'name': 'no share dilution', 'passed': True}, {'name': 'gross margin improving', 'passed': False}, {'name': 'asset turnover improving', 'passed': True}]}"
ABNB,composite_value,Composite Value,False,0.3977,[],['missing dividend_yield'],
ABNB,earnings_quality,Earnings Quality,True,1.0,"['FCF/NI=1.28', 'OCF/NI=1.85', 'ratio=-9.61%']",[],
ABNB,financial_health,Financial Health,True,1.0,"['D/E=32%', 'leverage=9.3%', 'CR=1.38', 'ratio=-3.5', 'insufficient data — skipped']",[],
ALNY,graham_defensive,Graham Defensive,False,0.25,['Current ratio >= 2: CR=3.06'],"['P/E >= 15', 'valuation too rich on P/B or P/E×P/B', 'no dividend']",
ALNY,graham_enterprising,Graham Enterprising,False,0.2,['ROE > 8%: ROE=96.6%'],"['P/E >= 25', 'P/B >= 3', 'excessive leverage', 'negative earnings growth']",
ALNY,graham_net_net,Graham Net-Net,False,0.0,[],['missing NCAV (balance sheet data)'],
ALNY,schloss,Schloss Low P/B,False,0.0,[],"['P/B too high', 'too much leverage']",
ALNY,deep_value,Deep Value,False,0.0,[],"['P/B not below 1.0', 'EV/EBITDA not below 8']",
ALNY,earnings_yield,Earnings Yield,False,0.2092,['E/P=2.5% (P/E=39.8)'],['earnings yield 2.5% below 8%'],
ALNY,fcf_yield,FCF Yield,False,0.0888,['FCF yield=0.9%'],['FCF yield 0.9% below 5%'],
ALNY,low_pe_high_yield,Low P/E + High Yield,False,0.0,[],"['P/E not below 12.0', 'yield below 4%']",
ALNY,lynch_peg,Lynch PEG,False,0.0,"['PEG=nan', 'growth=nan%']",[],
ALNY,neff_pegy,Neff PEGY,False,0.0,"['PEGY=nan', 'growth=nan%', 'yield=nan%']",['PEGY nan >= 1.0'],
ALNY,quality_value,Quality Value,False,0.4,"['ROE >= 12%: ROE=96.6%', 'Profit margin >= 5%: margin=16.1%']","['high leverage', 'P/E >= 20', 'FCF yield below 3%']",
ALNY,buffett_quality,Buffett Quality,False,0.5,"['ROE >= 15%: ROE=96.6%', 'margin >= 8%: margin=16.1%']","['too much debt', 'P/E too high']",
ALNY,economic_moat,Economic Moat,False,0.5,"['high ROE=96.6%', 'wide margin=16.1%']","['ROA below 8%', 'leverage too high']",
ALNY,high_dividend,High Dividend Yield,False,0.0,[],['could not rank yield'],
ALNY,dividend_growth,Dividend Growth,False,0.0,[],"['yield too low', 'earnings not growing', 'P/E out of range']",
ALNY,magic_formula,Magic Formula,False,0.4029,[],['below top half on combined Magic Formula rank'],
ALNY,acquirers_multiple,Acquirer's Multiple,False,0.2039,"['EV/EBIT=60.4', 'universe rank 20%']","['EV/EBIT 60.4 above 12.0', 'not in top 40% cheapest on EV/EBIT']",
ALNY,dreman_contrarian,Dreman Contrarian,False,0.3092,[],"['P/E not in bottom quartile', 'P/B not cheap vs universe']",
ALNY,piotroski_f,Piotroski F-Score,False,0.6667,"['F-Score=6/9', 'positive net income', 'positive operating cash flow', 'ROA improving', 'OCF > net income', 'leverage declining', 'asset turnover improving']","['F-Score 6/9 below 7', 'current ratio improving', 'no share dilution', 'gross margin improving']","{'f_score': 6, 'max_score': 9, 'components': [{'name': 'positive net income', 'passed': True}, {'name': 'positive operating cash flow', 'passed': True}, {'name': 'ROA improving', 'passed': True}, {'name': 'OCF > net income', 'passed': True}, {'name': 'leverage declining', 'passed': True}, {'name': 'current ratio improving', 'passed': False}, {'name': 'no share dilution', 'passed': False}, {'name': 'gross margin improving', 'passed': False}, {'name': 'asset turnover improving', 'passed': True}]}"
ALNY,composite_value,Composite Value,False,0.1753,[],['missing dividend_yield'],
ALNY,earnings_quality,Earnings Quality,True,1.0,"['FCF/NI=0.87', 'OCF/NI=1.67', 'ratio=-4.24%']",[],
ALNY,financial_health,Financial Health,False,0.6,"['leverage=25.7%', 'CR=2.76', 'ratio=-0.3']","['high debt to equity', 'weak interest coverage']",
GOOGL,graham_defensive,Graham Defensive,False,0.5,"['Current ratio >= 2: CR=2.72', 'Dividend payer: yield=25.00%']","['P/E >= 15', 'valuation too rich on P/B or P/E×P/B']",
GOOGL,graham_enterprising,Graham Enterprising,False,0.8,"['P/E < 25: P/E=17.4', 'Debt/equity < 100%: D/E=19%', 'ROE > 8%: ROE=48.7%', 'Positive earnings growth: growth=294.0%']",['P/B >= 3'],
GOOGL,graham_net_net,Graham Net-Net,False,0.0,[],['missing NCAV (balance sheet data)'],
GOOGL,schloss,Schloss Low P/B,False,0.5,['D/E < 50.0%: D/E=19%'],['P/B too high'],
GOOGL,deep_value,Deep Value,False,0.0,[],"['P/B not below 1.0', 'EV/EBITDA not below 8']",
GOOGL,earnings_yield,Earnings Yield,False,0.4799,['E/P=5.8% (P/E=17.4)'],['earnings yield 5.8% below 8%'],
GOOGL,fcf_yield,FCF Yield,False,0.0536,['FCF yield=0.5%'],['FCF yield 0.5% below 5%'],
GOOGL,low_pe_high_yield,Low P/E + High Yield,False,0.5,['yield=25.0%'],['P/E not below 12.0'],
GOOGL,lynch_peg,Lynch PEG,True,0.9409,"['PEG=0.06', 'growth=294.0%']",[],
GOOGL,neff_pegy,Neff PEGY,True,0.9456,"['PEGY=0.05', 'growth=294.0%', 'yield=25.0%']",[],
GOOGL,quality_value,Quality Value,True,0.8,"['ROE >= 12%: ROE=48.7%', 'Profit margin >= 5%: margin=54.8%', 'Debt/equity < 80%: D/E=19%', 'P/E < 20: P/E=17.4']",['FCF yield below 3%'],
GOOGL,buffett_quality,Buffett Quality,True,1.0,"['ROE >= 15%: ROE=48.7%', 'D/E < 60.0%: D/E=19%', 'margin >= 8%: margin=54.8%', 'P/E < 25.0: P/E=17.4']",[],
GOOGL,economic_moat,Economic Moat,True,1.0,"['high ROE=48.7%', 'solid ROA=22.2%', 'wide margin=54.8%', 'low leverage D/E=19%']",[],
GOOGL,high_dividend,High Dividend Yield,False,0.082,"['yield=25.0%', 'universe rank 8%']",['not in top quartile for yield'],
GOOGL,dividend_growth,Dividend Growth,True,1.0,"['dividend payer: yield=25.0%', 'earnings growth: growth=294.0%', 'reasonable P/E: P/E=17.4']",[],
GOOGL,magic_formula,Magic Formula,True,0.6408,"['earnings yield rank 54%', 'ROIC rank 74%']",[],
GOOGL,acquirers_multiple,Acquirer's Multiple,False,0.4369,"['EV/EBIT=32.0', 'universe rank 44%']","['EV/EBIT 32.0 above 12.0', 'not in top 40% cheapest on EV/EBIT']",
GOOGL,dreman_contrarian,Dreman Contrarian,False,0.527,['low P/E rank 90%'],"['P/B not cheap vs universe', 'dividend yield below median']",
GOOGL,piotroski_f,Piotroski F-Score,False,0.6667,"['F-Score=6/9', 'positive net income', 'positive operating cash flow', 'OCF > net income', 'current ratio improving', 'no share dilution', 'gross margin improving']","['F-Score 6/9 below 7', 'ROA improving', 'leverage declining', 'asset turnover improving']","{'f_score': 6, 'max_score': 9, 'components': [{'name': 'positive net income', 'passed': True}, {'name': 'positive operating cash flow', 'passed': True}, {'name': 'ROA improving', 'passed': False}, {'name': 'OCF > net income', 'passed': True}, {'name': 'leverage declining', 'passed': False}, {'name': 'current ratio improving', 'passed': True}, {'name': 'no share dilution', 'passed': True}, {'name': 'gross margin improving', 'passed': True}, {'name': 'asset turnover improving', 'passed': False}]}"
GOOGL,composite_value,Composite Value,False,0.3693,['top-tier on trailing_pe (percentile 75%)'],[],
GOOGL,earnings_quality,Earnings Quality,False,0.6667,"['OCF/NI=1.25', 'ratio=-5.47%']",['weak free-cash conversion'],
GOOGL,financial_health,Financial Health,True,1.0,"['D/E=19%', 'leverage=10.0%', 'CR=2.01', 'ratio=-0.7', 'coverage=175.3x']",[],
GOOG,graham_defensive,Graham Defensive,False,0.5,"['Current ratio >= 2: CR=2.72', 'Dividend payer: yield=26.00%']","['P/E >= 15', 'valuation too rich on P/B or P/E×P/B']",
GOOG,graham_enterprising,Graham Enterprising,False,0.8,"['P/E < 25: P/E=17.2', 'Debt/equity < 100%: D/E=19%', 'ROE > 8%: ROE=48.7%', 'Positive earnings growth: growth=294.0%']",['P/B >= 3'],
GOOG,graham_net_net,Graham Net-Net,False,0.0,[],['missing NCAV (balance sheet data)'],
GOOG,schloss,Schloss Low P/B,False,0.5,['D/E < 50.0%: D/E=19%'],['P/B too high'],
GOOG,deep_value,Deep Value,False,0.0,[],"['P/B not below 1.0', 'EV/EBITDA not below 8']",
GOOG,earnings_yield,Earnings Yield,False,0.4834,['E/P=5.8% (P/E=17.2)'],['earnings yield 5.8% below 8%'],
GOOG,fcf_yield,FCF Yield,False,0.0539,['FCF yield=0.5%'],['FCF yield 0.5% below 5%'],
GOOG,low_pe_high_yield,Low P/E + High Yield,False,0.5,['yield=26.0%'],['P/E not below 12.0'],
GOOG,lynch_peg,Lynch PEG,True,0.9414,"['PEG=0.06', 'growth=294.0%']",[],
GOOG,neff_pegy,Neff PEGY,True,0.9461,"['PEGY=0.05', 'growth=294.0%', 'yield=26.0%']",[],
GOOG,quality_value,Quality Value,True,0.8,"['ROE >= 12%: ROE=48.7%', 'Profit margin >= 5%: margin=54.8%', 'Debt/equity < 80%: D/E=19%', 'P/E < 20: P/E=17.2']",['FCF yield below 3%'],
GOOG,buffett_quality,Buffett Quality,True,1.0,"['ROE >= 15%: ROE=48.7%', 'D/E < 60.0%: D/E=19%', 'margin >= 8%: margin=54.8%', 'P/E < 25.0: P/E=17.2']",[],
GOOG,economic_moat,Economic Moat,True,1.0,"['high ROE=48.7%', 'solid ROA=22.2%', 'wide margin=54.8%', 'low leverage D/E=19%']",[],
GOOG,high_dividend,High Dividend Yield,False,0.0984,"['yield=26.0%', 'universe rank 10%']",['not in top quartile for yield'],
GOOG,dividend_growth,Dividend Growth,True,1.0,"['dividend payer: yield=26.0%', 'earnings growth: growth=294.0%', 'reasonable P/E: P/E=17.2']",[],
GOOG,magic_formula,Magic Formula,True,0.6505,"['earnings yield rank 56%', 'ROIC rank 74%']",[],
GOOG,acquirers_multiple,Acquirer's Multiple,False,0.4563,"['EV/EBIT=31.8', 'universe rank 46%']","['EV/EBIT 31.8 above 12.0', 'not in top 40% cheapest on EV/EBIT']",
GOOG,dreman_contrarian,Dreman Contrarian,True,0.5394,"['low P/E rank 91%', 'low P/B rank 61%']",['dividend yield below median'],
GOOG,piotroski_f,Piotroski F-Score,False,0.6667,"['F-Score=6/9', 'positive net income', 'positive operating cash flow', 'OCF > net income', 'current ratio improving', 'no share dilution', 'gross margin improving']","['F-Score 6/9 below 7', 'ROA improving', 'leverage declining', 'asset turnover improving']","{'f_score': 6, 'max_score': 9, 'components': [{'name': 'positive net income', 'passed': True}, {'name': 'positive operating cash flow', 'passed': True}, {'name': 'ROA improving', 'passed': False}, {'name': 'OCF > net income', 'passed': True}, {'name': 'leverage declining', 'passed': False}, {'name': 'current ratio improving', 'passed': True}, {'name': 'no share dilution', 'passed': True}, {'name': 'gross margin improving', 'passed': True}, {'name': 'asset turnover improving', 'passed': False}]}"
GOOG,composite_value,Composite Value,False,0.4839,['top-tier on trailing_pe (percentile 88%)'],[],
GOOG,earnings_quality,Earnings Quality,False,0.6667,"['OCF/NI=1.25', 'ratio=-5.47%']",['weak free-cash conversion'],
GOOG,financial_health,Financial Health,True,1.0,"['D/E=19%', 'leverage=10.0%', 'CR=2.01', 'ratio=-0.7', 'coverage=175.3x']",[],
AMZN,graham_defensive,Graham Defensive,False,0.0,[],"['P/E >= 15', 'valuation too rich on P/B or P/E×P/B', 'current ratio < 2', 'no dividend']",
AMZN,graham_enterprising,Graham Enterprising,False,0.8,"['P/E < 25: P/E=21.1', 'Debt/equity < 100%: D/E=46%', 'ROE > 8%: ROE=30.6%', 'Positive earnings growth: growth=242.3%']",['P/B >= 3'],
AMZN,graham_net_net,Graham Net-Net,False,0.0,[],['missing NCAV (balance sheet data)'],
AMZN,schloss,Schloss Low P/B,False,0.5,['D/E < 50.0%: D/E=46%'],['P/B too high'],
AMZN,deep_value,Deep Value,False,0.0,[],"['P/B not below 1.0', 'EV/EBITDA not below 8']",
AMZN,earnings_yield,Earnings Yield,False,0.3941,['E/P=4.7% (P/E=21.1)'],['earnings yield 4.7% below 8%'],
AMZN,fcf_yield,FCF Yield,False,0.0114,['FCF yield=0.1%'],['FCF yield 0.1% below 5%'],
AMZN,low_pe_high_yield,Low P/E + High Yield,False,0.0,[],"['P/E not below 12.0', 'yield below 4%']",
AMZN,lynch_peg,Lynch PEG,True,0.9127,"['PEG=0.09', 'growth=242.3%']",[],
AMZN,neff_pegy,Neff PEGY,False,0.0,"['PEGY=nan', 'growth=242.3%', 'yield=nan%']",['PEGY nan >= 1.0'],
AMZN,quality_value,Quality Value,False,0.6,"['ROE >= 12%: ROE=30.6%', 'Profit margin >= 5%: margin=17.4%', 'Debt/equity < 80%: D/E=46%']","['P/E >= 20', 'FCF yield below 3%']",
AMZN,buffett_quality,Buffett Quality,True,1.0,"['ROE >= 15%: ROE=30.6%', 'D/E < 60.0%: D/E=46%', 'margin >= 8%: margin=17.4%', 'P/E < 25.0: P/E=21.1']",[],
AMZN,economic_moat,Economic Moat,True,1.0,"['high ROE=30.6%', 'solid ROA=9.5%', 'wide margin=17.4%', 'low leverage D/E=46%']",[],
AMZN,high_dividend,High Dividend Yield,False,0.0,[],['could not rank yield'],
AMZN,dividend_growth,Dividend Growth,False,0.6667,"['earnings growth: growth=242.3%', 'reasonable P/E: P/E=21.1']",['yield too low'],
AMZN,magic_formula,Magic Formula,False,0.4515,[],['below top half on combined Magic Formula rank'],
AMZN,acquirers_multiple,Acquirer's Multiple,False,0.3592,"['EV/EBIT=37.0', 'universe rank 36%']","['EV/EBIT 37.0 above 12.0', 'not in top 40% cheapest on EV/EBIT']",
AMZN,dreman_contrarian,Dreman Contrarian,True,0.7485,"['low P/E rank 79%', 'low P/B rank 71%']",[],
AMZN,piotroski_f,Piotroski F-Score,False,0.6667,"['F-Score=6/9', 'positive net income', 'positive operating cash flow', 'ROA improving', 'OCF > net income', 'leverage declining', 'gross margin improving']","['F-Score 6/9 below 7', 'current ratio improving', 'no share dilution', 'asset turnover improving']","{'f_score': 6, 'max_score': 9, 'components': [{'name': 'positive net income', 'passed': True}, {'name': 'positive operating cash flow', 'passed': True}, {'name': 'ROA improving', 'passed': True}, {'name': 'OCF > net income', 'passed': True}, {'name': 'leverage declining', 'passed': True}, {'name': 'current ratio improving', 'passed': False}, {'name': 'no share dilution', 'passed': False}, {'name': 'gross margin improving', 'passed': True}, {'name': 'asset turnover improving', 'passed': False}]}"
AMZN,composite_value,Composite Value,False,0.5739,"['top-tier on trailing_pe (percentile 91%)', 'top-tier on ev_ebitda (percentile 82%)']",['missing dividend_yield'],
AMZN,earnings_quality,Earnings Quality,False,0.6667,"['OCF/NI=1.80', 'ratio=-7.56%']",['weak free-cash conversion'],
AMZN,financial_health,Financial Health,False,0.8,"['D/E=46%', 'leverage=18.7%', 'ratio=0.8', 'coverage=35.2x']",['weak liquidity'],
AEP,graham_defensive,Graham Defensive,False,0.25,['Dividend payer: yield=303.00%'],"['P/E >= 15', 'valuation too rich on P/B or P/E×P/B', 'current ratio < 2']",
AEP,graham_enterprising,Graham Enterprising,False,0.4,"['P/B < 3: P/B=2.13', 'ROE > 8%: ROE=10.1%']","['P/E >= 25', 'excessive leverage', 'negative earnings growth']",
AEP,graham_net_net,Graham Net-Net,False,0.0,[],['missing NCAV (balance sheet data)'],
AEP,schloss,Schloss Low P/B,False,0.0,[],"['P/B too high', 'too much leverage']",
AEP,deep_value,Deep Value,False,0.0,[],"['P/B not below 1.0', 'EV/EBITDA not below 8']",
AEP,earnings_yield,Earnings Yield,False,0.077,['E/P=0.9% (P/E=108.3)'],['earnings yield 0.9% below 8%'],
AEP,fcf_yield,FCF Yield,False,0.0,['FCF yield=-8.8%'],['FCF yield -8.8% below 5%'],
AEP,low_pe_high_yield,Low P/E + High Yield,False,0.5,['yield=303.0%'],['P/E not below 12.0'],
AEP,lynch_peg,Lynch PEG,False,0.2,[],['missing or negative earnings growth'],
AEP,neff_pegy,Neff PEGY,True,0.5832,"['PEGY=0.42', 'growth=-43.2%', 'yield=303.0%']",[],
AEP,quality_value,Quality Value,False,0.2,['Profit margin >= 5%: margin=13.8%'],"['ROE below 12%', 'high leverage', 'P/E >= 20', 'FCF yield below 3%']",
AEP,buffett_quality,Buffett Quality,False,0.25,['margin >= 8%: margin=13.8%'],"['ROE too low', 'too much debt', 'P/E too high']",
AEP,economic_moat,Economic Moat,False,0.25,['wide margin=13.8%'],"['ROE below 18%', 'ROA below 8%', 'leverage too high']",
AEP,high_dividend,High Dividend Yield,True,0.8852,"['yield=303.0%', 'universe rank 89%']",[],
AEP,dividend_growth,Dividend Growth,False,0.3333,['dividend payer: yield=303.0%'],"['earnings not growing', 'P/E out of range']",
AEP,magic_formula,Magic Formula,False,0.4709,['earnings yield rank 76%'],['below top half on combined Magic Formula rank'],
AEP,acquirers_multiple,Acquirer's Multiple,False,0.6505,"['EV/EBIT=22.7', 'universe rank 65%']",['EV/EBIT 22.7 above 12.0'],
AEP,dreman_contrarian,Dreman Contrarian,False,0.623,"['low P/B rank 86%', 'dividend rank 89%']",['P/E not in bottom quartile'],
AEP,piotroski_f,Piotroski F-Score,False,0.6667,"['F-Score=6/9', 'positive net income', 'positive operating cash flow', 'ROA improving', 'OCF > net income', 'leverage declining', 'current ratio improving']","['F-Score 6/9 below 7', 'no share dilution', 'gross margin improving', 'asset turnover improving']","{'f_score': 6, 'max_score': 9, 'components': [{'name': 'positive net income', 'passed': True}, {'name': 'positive operating cash flow', 'passed': True}, {'name': 'ROA improving', 'passed': True}, {'name': 'OCF > net income', 'passed': True}, {'name': 'leverage declining', 'passed': True}, {'name': 'current ratio improving', 'passed': True}, {'name': 'no share dilution', 'passed': False}, {'name': 'gross margin improving', 'passed': False}, {'name': 'asset turnover improving', 'passed': False}]}"
AEP,composite_value,Composite Value,False,0.425,['top-tier on ev_ebitda (percentile 75%)'],[],
AEP,earnings_quality,Earnings Quality,False,0.6667,"['OCF/NI=1.94', 'ratio=-2.94%']",['weak free-cash conversion'],
AEP,financial_health,Financial Health,False,0.4,"['leverage=43.3%', 'coverage=2.7x']","['high debt to equity', 'weak liquidity', 'high net debt/EBITDA']",
AMGN,graham_defensive,Graham Defensive,False,0.25,['Dividend payer: yield=243.00%'],"['P/E >= 15', 'valuation too rich on P/B or P/E×P/B', 'current ratio < 2']",
AMGN,graham_enterprising,Graham Enterprising,False,0.4,"['ROE > 8%: ROE=91.5%', 'Positive earnings growth: growth=64.9%']","['P/E >= 25', 'P/B >= 3', 'excessive leverage']",
AMGN,graham_net_net,Graham Net-Net,False,0.0,[],['missing NCAV (balance sheet data)'],
AMGN,schloss,Schloss Low P/B,False,0.0,[],"['P/B too high', 'too much leverage']",
AMGN,deep_value,Deep Value,False,0.0,[],"['P/B not below 1.0', 'EV/EBITDA not below 8']",
AMGN,earnings_yield,Earnings Yield,False,0.3233,['E/P=3.9% (P/E=25.8)'],['earnings yield 3.9% below 8%'],
AMGN,fcf_yield,FCF Yield,False,0.3849,['FCF yield=3.8%'],['FCF yield 3.8% below 5%'],
AMGN,low_pe_high_yield,Low P/E + High Yield,False,0.5,['yield=243.0%'],['P/E not below 12.0'],
AMGN,lynch_peg,Lynch PEG,True,0.6029,"['PEG=0.40', 'growth=64.9%']",[],
AMGN,neff_pegy,Neff PEGY,True,0.9163,"['PEGY=0.08', 'growth=64.9%', 'yield=243.0%']",[],
AMGN,quality_value,Quality Value,False,0.6,"['ROE >= 12%: ROE=91.5%', 'Profit margin >= 5%: margin=23.0%', 'FCF yield >= 3%: FCF yield=3.8%']","['high leverage', 'P/E >= 20']",
AMGN,buffett_quality,Buffett Quality,False,0.5,"['ROE >= 15%: ROE=91.5%', 'margin >= 8%: margin=23.0%']","['too much debt', 'P/E too high']",
AMGN,economic_moat,Economic Moat,True,0.75,"['high ROE=91.5%', 'solid ROA=8.5%', 'wide margin=23.0%']",['leverage too high'],
AMGN,high_dividend,High Dividend Yield,True,0.7869,"['yield=243.0%', 'universe rank 79%']",[],
AMGN,dividend_growth,Dividend Growth,True,0.6667,"['dividend payer: yield=243.0%', 'earnings growth: growth=64.9%']",['P/E out of range'],
AMGN,magic_formula,Magic Formula,True,0.5485,['earnings yield rank 61%'],[],
AMGN,acquirers_multiple,Acquirer's Multiple,False,0.5049,"['EV/EBIT=29.5', 'universe rank 50%']","['EV/EBIT 29.5 above 12.0', 'not in top 40% cheapest on EV/EBIT']",
AMGN,dreman_contrarian,Dreman Contrarian,False,0.558,['dividend rank 79%'],"['P/E not in bottom quartile', 'P/B not cheap vs universe']",
AMGN,piotroski_f,Piotroski F-Score,True,0.8889,"['F-Score=8/9', 'positive net income', 'positive operating cash flow', 'ROA improving', 'OCF > net income', 'leverage declining', 'no share dilution', 'gross margin improving', 'asset turnover improving']",['current ratio improving'],"{'f_score': 8, 'max_score': 9, 'components': [{'name': 'positive net income', 'passed': True}, {'name': 'positive operating cash flow', 'passed': True}, {'name': 'ROA improving', 'passed': True}, {'name': 'OCF > net income', 'passed': True}, {'name': 'leverage declining', 'passed': True}, {'name': 'current ratio improving', 'passed': False}, {'name': 'no share dilution', 'passed': True}, {'name': 'gross margin improving', 'passed': True}, {'name': 'asset turnover improving', 'passed': True}]}"
AMGN,composite_value,Composite Value,True,0.6542,"['top-tier on trailing_pe (percentile 75%)', 'top-tier on dividend_yield (percentile 75%)', 'top-tier on ev_ebitda (percentile 78%)']",[],
AMGN,earnings_quality,Earnings Quality,True,1.0,"['FCF/NI=1.12', 'OCF/NI=1.29', 'ratio=-2.48%']",[],
AMGN,financial_health,Financial Health,False,0.6,"['CR=1.14', 'ratio=2.5', 'coverage=3.3x']","['high debt to equity', 'high leverage']",
ADI,graham_defensive,Graham Defensive,False,0.25,['Dividend payer: yield=115.00%'],"['P/E >= 15', 'valuation too rich on P/B or P/E×P/B', 'current ratio < 2']",
ADI,graham_enterprising,Graham Enterprising,False,0.6,"['Debt/equity < 100%: D/E=26%', 'ROE > 8%: ROE=9.6%', 'Positive earnings growth: growth=110.5%']","['P/E >= 25', 'P/B >= 3']",
ADI,graham_net_net,Graham Net-Net,False,0.0,[],['missing NCAV (balance sheet data)'],
ADI,schloss,Schloss Low P/B,False,0.5,['D/E < 50.0%: D/E=26%'],['P/B too high'],
ADI,deep_value,Deep Value,False,0.0,[],"['P/B not below 1.0', 'EV/EBITDA not below 8']",
ADI,earnings_yield,Earnings Yield,False,0.1442,['E/P=1.7% (P/E=57.8)'],['earnings yield 1.7% below 8%'],
ADI,fcf_yield,FCF Yield,False,0.204,['FCF yield=2.0%'],['FCF yield 2.0% below 5%'],
ADI,low_pe_high_yield,Low P/E + High Yield,False,0.5,['yield=115.0%'],['P/E not below 12.0'],
ADI,lynch_peg,Lynch PEG,True,0.4772,"['PEG=0.52', 'growth=110.5%']",[],
ADI,neff_pegy,Neff PEGY,True,0.7438,"['PEGY=0.26', 'growth=110.5%', 'yield=115.0%']",[],
ADI,quality_value,Quality Value,False,0.4,"['Profit margin >= 5%: margin=26.0%', 'Debt/equity < 80%: D/E=26%']","['ROE below 12%', 'P/E >= 20', 'FCF yield below 3%']",
ADI,buffett_quality,Buffett Quality,False,0.5,"['D/E < 60.0%: D/E=26%', 'margin >= 8%: margin=26.0%']","['ROE too low', 'P/E too high']",
ADI,economic_moat,Economic Moat,False,0.5,"['wide margin=26.0%', 'low leverage D/E=26%']","['ROE below 18%', 'ROA below 8%']",
ADI,high_dividend,High Dividend Yield,False,0.5246,"['yield=115.0%', 'universe rank 52%']",['not in top quartile for yield'],
ADI,dividend_growth,Dividend Growth,True,0.6667,"['dividend payer: yield=115.0%', 'earnings growth: growth=110.5%']",['P/E out of range'],
ADI,magic_formula,Magic Formula,False,0.2621,[],['below top half on combined Magic Formula rank'],
ADI,acquirers_multiple,Acquirer's Multiple,False,0.1942,"['EV/EBIT=64.9', 'universe rank 19%']","['EV/EBIT 64.9 above 12.0', 'not in top 40% cheapest on EV/EBIT']",
ADI,dreman_contrarian,Dreman Contrarian,False,0.4952,"['low P/B rank 69%', 'dividend rank 52%']",['P/E not in bottom quartile'],
ADI,piotroski_f,Piotroski F-Score,True,0.8889,"['F-Score=8/9', 'positive net income', 'positive operating cash flow', 'ROA improving', 'OCF > net income', 'current ratio improving', 'no share dilution', 'gross margin improving', 'asset turnover improving']",['leverage declining'],"{'f_score': 8, 'max_score': 9, 'components': [{'name': 'positive net income', 'passed': True}, {'name': 'positive operating cash flow', 'passed': True}, {'name': 'ROA improving', 'passed': True}, {'name': 'OCF > net income', 'passed': True}, {'name': 'leverage declining', 'passed': False}, {'name': 'current ratio improving', 'passed': True}, {'name': 'no share dilution', 'passed': True}, {'name': 'gross margin improving', 'passed': True}, {'name': 'asset turnover improving', 'passed': True}]}"
ADI,composite_value,Composite Value,False,0.6455,['top-tier on price_to_book (percentile 88%)'],[],
ADI,earnings_quality,Earnings Quality,True,1.0,"['FCF/NI=1.71', 'OCF/NI=2.12', 'ratio=-5.30%']",[],
ADI,financial_health,Financial Health,True,1.0,"['D/E=26%', 'leverage=18.1%', 'CR=2.19', 'ratio=0.9', 'coverage=9.5x']",[],
AAPL,graham_defensive,Graham Defensive,False,0.25,['Dividend payer: yield=35.00%'],"['P/E >= 15', 'valuation too rich on P/B or P/E×P/B', 'current ratio < 2']",
AAPL,graham_enterprising,Graham Enterprising,False,0.6,"['Debt/equity < 100%: D/E=78%', 'ROE > 8%: ROE=148.8%', 'Positive earnings growth: growth=28.7%']","['P/E >= 25', 'P/B >= 3']",
AAPL,graham_net_net,Graham Net-Net,False,0.0,[],['missing NCAV (balance sheet data)'],
AAPL,schloss,Schloss Low P/B,False,0.0,[],"['P/B too high', 'too much leverage']",
AAPL,deep_value,Deep Value,False,0.0,[],"['P/B not below 1.0', 'EV/EBITDA not below 8']",
AAPL,earnings_yield,Earnings Yield,False,0.2375,['E/P=2.9% (P/E=35.1)'],['earnings yield 2.9% below 8%'],
AAPL,fcf_yield,FCF Yield,False,0.2413,['FCF yield=2.4%'],['FCF yield 2.4% below 5%'],
AAPL,low_pe_high_yield,Low P/E + High Yield,False,0.5,['yield=35.0%'],['P/E not below 12.0'],
AAPL,lynch_peg,Lynch PEG,False,0.0,"['PEG=1.22', 'growth=28.7%']",['PEG 1.22 >= 1.0'],
AAPL,neff_pegy,Neff PEGY,True,0.4492,"['PEGY=0.55', 'growth=28.7%', 'yield=35.0%']",[],
AAPL,quality_value,Quality Value,False,0.6,"['ROE >= 12%: ROE=148.8%', 'Profit margin >= 5%: margin=27.6%', 'Debt/equity < 80%: D/E=78%']","['P/E >= 20', 'FCF yield below 3%']",
AAPL,buffett_quality,Buffett Quality,False,0.5,"['ROE >= 15%: ROE=148.8%', 'margin >= 8%: margin=27.6%']","['too much debt', 'P/E too high']",
AAPL,economic_moat,Economic Moat,True,0.75,"['high ROE=148.8%', 'solid ROA=31.2%', 'wide margin=27.6%']",['leverage too high'],
AAPL,high_dividend,High Dividend Yield,False,0.1475,"['yield=35.0%', 'universe rank 15%']",['not in top quartile for yield'],
AAPL,dividend_growth,Dividend Growth,True,0.6667,"['dividend payer: yield=35.0%', 'earnings growth: growth=28.7%']",['P/E out of range'],
AAPL,magic_formula,Magic Formula,True,0.7379,"['earnings yield rank 51%', 'ROIC rank 96%']",[],
AAPL,acquirers_multiple,Acquirer's Multiple,False,0.4078,"['EV/EBIT=33.7', 'universe rank 41%']","['EV/EBIT 33.7 above 12.0', 'not in top 40% cheapest on EV/EBIT']",
AAPL,dreman_contrarian,Dreman Contrarian,False,0.2515,[],"['P/E not in bottom quartile', 'P/B not cheap vs universe', 'dividend yield below median']",
AAPL,piotroski_f,Piotroski F-Score,True,0.8889,"['F-Score=8/9', 'positive net income', 'positive operating cash flow', 'ROA improving', 'leverage declining', 'current ratio improving', 'no share dilution', 'gross margin improving', 'asset turnover improving']",['OCF > net income'],"{'f_score': 8, 'max_score': 9, 'components': [{'name': 'positive net income', 'passed': True}, {'name': 'positive operating cash flow', 'passed': True}, {'name': 'ROA improving', 'passed': True}, {'name': 'OCF > net income', 'passed': False}, {'name': 'leverage declining', 'passed': True}, {'name': 'current ratio improving', 'passed': True}, {'name': 'no share dilution', 'passed': True}, {'name': 'gross margin improving', 'passed': True}, {'name': 'asset turnover improving', 'passed': True}]}"
AAPL,composite_value,Composite Value,False,0.4991,['top-tier on ev_ebitda (percentile 72%)'],[],
AAPL,earnings_quality,Earnings Quality,True,1.0,"['FCF/NI=0.96', 'OCF/NI=1.00', 'ratio=0.15%']",[],
AAPL,financial_health,Financial Health,False,0.8,"['D/E=78%', 'leverage=27.5%', 'ratio=0.1', 'insufficient data — skipped']",['weak liquidity'],
AMAT,graham_defensive,Graham Defensive,False,0.5,"['Current ratio >= 2: CR=2.42', 'Dividend payer: yield=42.00%']","['P/E >= 15', 'valuation too rich on P/B or P/E×P/B']",
AMAT,graham_enterprising,Graham Enterprising,False,0.6,"['Debt/equity < 100%: D/E=26%', 'ROE > 8%: ROE=41.1%', 'Positive earnings growth: growth=42.8%']","['P/E >= 25', 'P/B >= 3']",
AMAT,graham_net_net,Graham Net-Net,False,0.0,[],['missing NCAV (balance sheet data)'],
AMAT,schloss,Schloss Low P/B,False,0.5,['D/E < 50.0%: D/E=26%'],['P/B too high'],
AMAT,deep_value,Deep Value,False,0.0,[],"['P/B not below 1.0', 'EV/EBITDA not below 8']",
AMAT,earnings_yield,Earnings Yield,False,0.1908,['E/P=2.3% (P/E=43.7)'],['earnings yield 2.3% below 8%'],
AMAT,fcf_yield,FCF Yield,False,0.0794,['FCF yield=0.8%'],['FCF yield 0.8% below 5%'],
AMAT,low_pe_high_yield,Low P/E + High Yield,False,0.5,['yield=42.0%'],['P/E not below 12.0'],
AMAT,lynch_peg,Lynch PEG,False,0.0,"['PEG=1.02', 'growth=42.8%']",['PEG 1.02 >= 1.0'],
AMAT,neff_pegy,Neff PEGY,True,0.4848,"['PEGY=0.52', 'growth=42.8%', 'yield=42.0%']",[],
AMAT,quality_value,Quality Value,False,0.6,"['ROE >= 12%: ROE=41.1%', 'Profit margin >= 5%: margin=30.1%', 'Debt/equity < 80%: D/E=26%']","['P/E >= 20', 'FCF yield below 3%']",
AMAT,buffett_quality,Buffett Quality,False,0.75,"['ROE >= 15%: ROE=41.1%', 'D/E < 60.0%: D/E=26%', 'margin >= 8%: margin=30.1%']",['P/E too high'],
AMAT,economic_moat,Economic Moat,True,1.0,"['high ROE=41.1%', 'solid ROA=19.3%', 'wide margin=30.1%', 'low leverage D/E=26%']",[],
AMAT,high_dividend,High Dividend Yield,False,0.1967,"['yield=42.0%', 'universe rank 20%']",['not in top quartile for yield'],
AMAT,dividend_growth,Dividend Growth,True,0.6667,"['dividend payer: yield=42.0%', 'earnings growth: growth=42.8%']",['P/E out of range'],
AMAT,magic_formula,Magic Formula,True,0.6117,['ROIC rank 83%'],[],
AMAT,acquirers_multiple,Acquirer's Multiple,False,0.2816,"['EV/EBIT=47.2', 'universe rank 28%']","['EV/EBIT 47.2 above 12.0', 'not in top 40% cheapest on EV/EBIT']",
AMAT,dreman_contrarian,Dreman Contrarian,False,0.2718,[],"['P/E not in bottom quartile', 'P/B not cheap vs universe', 'dividend yield below median']",
AMAT,piotroski_f,Piotroski F-Score,False,0.6667,"['F-Score=6/9', 'positive net income', 'positive operating cash flow', 'OCF > net income', 'current ratio improving', 'no share dilution', 'gross margin improving']","['F-Score 6/9 below 7', 'ROA improving', 'leverage declining', 'asset turnover improving']","{'f_score': 6, 'max_score': 9, 'components': [{'name': 'positive net income', 'passed': True}, {'name': 'positive operating cash flow', 'passed': True}, {'name': 'ROA improving', 'passed': False}, {'name': 'OCF > net income', 'passed': True}, {'name': 'leverage declining', 'passed': False}, {'name': 'current ratio improving', 'passed': True}, {'name': 'no share dilution', 'passed': True}, {'name': 'gross margin improving', 'passed': True}, {'name': 'asset turnover improving', 'passed': False}]}"
AMAT,composite_value,Composite Value,False,0.427,[],[],
AMAT,earnings_quality,Earnings Quality,False,0.6667,"['OCF/NI=1.14', 'ratio=-2.64%']",['weak free-cash conversion'],
AMAT,financial_health,Financial Health,True,1.0,"['D/E=26%', 'leverage=19.4%', 'CR=2.61', 'ratio=-0.3', 'coverage=31.5x']",[],
APP,graham_defensive,Graham Defensive,False,0.25,['Current ratio >= 2: CR=4.30'],"['P/E >= 15', 'valuation too rich on P/B or P/E×P/B', 'no dividend']",
APP,graham_enterprising,Graham Enterprising,False,0.6,"['P/E < 25: P/E=24.3', 'ROE > 8%: ROE=203.7%', 'Positive earnings growth: growth=57.0%']","['P/B >= 3', 'excessive leverage']",
APP,graham_net_net,Graham Net-Net,False,0.0,[],['missing NCAV (balance sheet data)'],
APP,schloss,Schloss Low P/B,False,0.0,[],"['P/B too high', 'too much leverage']",
APP,deep_value,Deep Value,False,0.0,[],"['P/B not below 1.0', 'EV/EBITDA not below 8']",
APP,earnings_yield,Earnings Yield,False,0.3434,['E/P=4.1% (P/E=24.3)'],['earnings yield 4.1% below 8%'],
APP,fcf_yield,FCF Yield,False,0.3001,['FCF yield=3.0%'],['FCF yield 3.0% below 5%'],
APP,low_pe_high_yield,Low P/E + High Yield,False,0.0,[],"['P/E not below 12.0', 'yield below 4%']",
APP,lynch_peg,Lynch PEG,True,0.5743,"['PEG=0.43', 'growth=57.0%']",[],
APP,neff_pegy,Neff PEGY,False,0.0,"['PEGY=nan', 'growth=57.0%', 'yield=nan%']",['PEGY nan >= 1.0'],
APP,quality_value,Quality Value,False,0.6,"['ROE >= 12%: ROE=203.7%', 'Profit margin >= 5%: margin=64.6%', 'FCF yield >= 3%: FCF yield=3.0%']","['high leverage', 'P/E >= 20']",
APP,buffett_quality,Buffett Quality,True,0.75,"['ROE >= 15%: ROE=203.7%', 'margin >= 8%: margin=64.6%', 'P/E < 25.0: P/E=24.3']",['too much debt'],
APP,economic_moat,Economic Moat,True,0.75,"['high ROE=203.7%', 'solid ROA=45.9%', 'wide margin=64.6%']",['leverage too high'],
APP,high_dividend,High Dividend Yield,False,0.0,[],['could not rank yield'],
APP,dividend_growth,Dividend Growth,False,0.6667,"['earnings growth: growth=57.0%', 'reasonable P/E: P/E=24.3']",['yield too low'],
APP,magic_formula,Magic Formula,True,0.8252,"['earnings yield rank 68%', 'ROIC rank 97%']",[],
APP,acquirers_multiple,Acquirer's Multiple,False,0.5728,"['EV/EBIT=25.5', 'universe rank 57%']","['EV/EBIT 25.5 above 12.0', 'not in top 40% cheapest on EV/EBIT']",
APP,dreman_contrarian,Dreman Contrarian,False,0.4117,[],"['P/E not in bottom quartile', 'P/B not cheap vs universe']",
APP,piotroski_f,Piotroski F-Score,True,1.0,"['F-Score=9/9', 'positive net income', 'positive operating cash flow', 'ROA improving', 'OCF > net income', 'leverage declining', 'current ratio improving', 'no share dilution', 'gross margin improving', 'asset turnover improving']",[],"{'f_score': 9, 'max_score': 9, 'components': [{'name': 'positive net income', 'passed': True}, {'name': 'positive operating cash flow', 'passed': True}, {'name': 'ROA improving', 'passed': True}, {'name': 'OCF > net income', 'passed': True}, {'name': 'leverage declining', 'passed': True}, {'name': 'current ratio improving', 'passed': True}, {'name': 'no share dilution', 'passed': True}, {'name': 'gross margin improving', 'passed': True}, {'name': 'asset turnover improving', 'passed': True}]}"
APP,composite_value,Composite Value,False,0.3729,[],['missing dividend_yield'],
APP,earnings_quality,Earnings Quality,True,1.0,"['FCF/NI=0.95', 'OCF/NI=1.19', 'ratio=-8.78%']",[],
APP,financial_health,Financial Health,False,0.8,"['leverage=48.8%', 'CR=3.32', 'ratio=0.1', 'coverage=20.1x']",['high debt to equity'],
ARM,graham_defensive,Graham Defensive,False,0.25,['Current ratio >= 2: CR=5.25'],"['P/E >= 15', 'valuation too rich on P/B or P/E×P/B', 'no dividend']",
ARM,graham_enterprising,Graham Enterprising,False,0.6,"['Debt/equity < 100%: D/E=6%', 'ROE > 8%: ROE=13.4%', 'Positive earnings growth: growth=108.3%']","['P/E >= 25', 'P/B >= 3']",
ARM,graham_net_net,Graham Net-Net,False,0.0,[],['missing NCAV (balance sheet data)'],
ARM,schloss,Schloss Low P/B,False,0.5,['D/E < 50.0%: D/E=6%'],['P/B too high'],
ARM,deep_value,Deep Value,False,0.0,[],"['P/B not below 1.0', 'EV/EBITDA not below 8']",
ARM,earnings_yield,Earnings Yield,False,0.0292,['E/P=0.4% (P/E=285.1)'],['earnings yield 0.4% below 8%'],
ARM,fcf_yield,FCF Yield,False,0.0447,['FCF yield=0.4%'],['FCF yield 0.4% below 5%'],
ARM,low_pe_high_yield,Low P/E + High Yield,False,0.0,[],"['P/E not below 12.0', 'yield below 4%']",
ARM,lynch_peg,Lynch PEG,False,0.0,"['PEG=2.63', 'growth=108.3%']",['PEG 2.63 >= 1.0'],
ARM,neff_pegy,Neff PEGY,False,0.0,"['PEGY=nan', 'growth=108.3%', 'yield=nan%']",['PEGY nan >= 1.0'],
ARM,quality_value,Quality Value,False,0.6,"['ROE >= 12%: ROE=13.4%', 'Profit margin >= 5%: margin=20.2%', 'Debt/equity < 80%: D/E=6%']","['P/E >= 20', 'FCF yield below 3%']",
ARM,buffett_quality,Buffett Quality,False,0.5,"['D/E < 60.0%: D/E=6%', 'margin >= 8%: margin=20.2%']","['ROE too low', 'P/E too high']",
ARM,economic_moat,Economic Moat,True,0.75,"['solid ROA=8.4%', 'wide margin=20.2%', 'low leverage D/E=6%']",['ROE below 18%'],
ARM,high_dividend,High Dividend Yield,False,0.0,[],['could not rank yield'],
ARM,dividend_growth,Dividend Growth,False,0.3333,['earnings growth: growth=108.3%'],"['yield too low', 'P/E out of range']",
ARM,magic_formula,Magic Formula,False,0.233,[],['below top half on combined Magic Formula rank'],
ARM,acquirers_multiple,Acquirer's Multiple,False,0.0291,"['EV/EBIT=324.9', 'universe rank 3%']","['EV/EBIT 324.9 above 12.0', 'not in top 40% cheapest on EV/EBIT']",
ARM,dreman_contrarian,Dreman Contrarian,False,0.0661,[],"['P/E not in bottom quartile', 'P/B not cheap vs universe']",
ARM,piotroski_f,Piotroski F-Score,True,0.7778,"['F-Score=7/9', 'positive net income', 'positive operating cash flow', 'OCF > net income', 'current ratio improving', 'no share dilution', 'gross margin improving', 'asset turnover improving']","['ROA improving', 'leverage declining']","{'f_score': 7, 'max_score': 9, 'components': [{'name': 'positive net income', 'passed': True}, {'name': 'positive operating cash flow', 'passed': True}, {'name': 'ROA improving', 'passed': False}, {'name': 'OCF > net income', 'passed': True}, {'name': 'leverage declining', 'passed': False}, {'name': 'current ratio improving', 'passed': True}, {'name': 'no share dilution', 'passed': True}, {'name': 'gross margin improving', 'passed': True}, {'name': 'asset turnover improving', 'passed': True}]}"
ARM,composite_value,Composite Value,False,0.114,[],['missing dividend_yield'],
ARM,earnings_quality,Earnings Quality,True,1.0,"['FCF/NI=1.48', 'OCF/NI=1.69', 'ratio=-5.79%']",[],
ARM,financial_health,Financial Health,True,1.0,"['D/E=6%', 'leverage=4.3%', 'CR=6.00', 'ratio=-3.2', 'insufficient data — skipped']",[],
ASML,graham_defensive,Graham Defensive,False,0.25,['Dividend payer: yield=49.00%'],"['P/E >= 15', 'valuation too rich on P/B or P/E×P/B', 'current ratio < 2']",
ASML,graham_enterprising,Graham Enterprising,False,0.6,"['Debt/equity < 100%: D/E=9%', 'ROE > 8%: ROE=53.9%', 'Positive earnings growth: growth=28.5%']","['P/E >= 25', 'P/B >= 3']",
ASML,graham_net_net,Graham Net-Net,False,0.0,[],['missing NCAV (balance sheet data)'],
ASML,schloss,Schloss Low P/B,False,0.5,['D/E < 50.0%: D/E=9%'],['P/B too high'],
ASML,deep_value,Deep Value,False,0.0,[],"['P/B not below 1.0', 'EV/EBITDA not below 8']",
ASML,earnings_yield,Earnings Yield,False,0.1325,['E/P=1.6% (P/E=62.9)'],['earnings yield 1.6% below 8%'],
ASML,fcf_yield,FCF Yield,False,0.1191,['FCF yield=1.2%'],['FCF yield 1.2% below 5%'],
ASML,low_pe_high_yield,Low P/E + High Yield,False,0.5,['yield=49.0%'],['P/E not below 12.0'],
ASML,lynch_peg,Lynch PEG,False,0.0,"['PEG=2.21', 'growth=28.5%']",['PEG 2.21 >= 1.0'],
ASML,neff_pegy,Neff PEGY,True,0.1885,"['PEGY=0.81', 'growth=28.5%', 'yield=49.0%']",[],
ASML,quality_value,Quality Value,False,0.6,"['ROE >= 12%: ROE=53.9%', 'Profit margin >= 5%: margin=30.1%', 'Debt/equity < 80%: D/E=9%']","['P/E >= 20', 'FCF yield below 3%']",
ASML,buffett_quality,Buffett Quality,False,0.75,"['ROE >= 15%: ROE=53.9%', 'D/E < 60.0%: D/E=9%', 'margin >= 8%: margin=30.1%']",['P/E too high'],
ASML,economic_moat,Economic Moat,True,1.0,"['high ROE=53.9%', 'solid ROA=19.0%', 'wide margin=30.1%', 'low leverage D/E=9%']",[],
ASML,high_dividend,High Dividend Yield,False,0.2623,"['yield=49.0%', 'universe rank 26%']",['not in top quartile for yield'],
ASML,dividend_growth,Dividend Growth,True,0.6667,"['dividend payer: yield=49.0%', 'earnings growth: growth=28.5%']",['P/E out of range'],
ASML,magic_formula,Magic Formula,True,0.5049,['ROIC rank 89%'],[],
ASML,acquirers_multiple,Acquirer's Multiple,False,0.0097,"['EV/EBIT=3481.4', 'universe rank 1%']","['EV/EBIT 3481.4 above 12.0', 'not in top 40% cheapest on EV/EBIT']",
ASML,dreman_contrarian,Dreman Contrarian,False,0.164,[],"['P/E not in bottom quartile', 'P/B not cheap vs universe', 'dividend yield below median']",
ASML,piotroski_f,Piotroski F-Score,True,0.8889,"['F-Score=8/9', 'positive net income', 'positive operating cash flow', 'ROA improving', 'OCF > net income', 'leverage declining', 'no share dilution', 'gross margin improving', 'asset turnover improving']",['current ratio improving'],"{'f_score': 8, 'max_score': 9, 'components': [{'name': 'positive net income', 'passed': True}, {'name': 'positive operating cash flow', 'passed': True}, {'name': 'ROA improving', 'passed': True}, {'name': 'OCF > net income', 'passed': True}, {'name': 'leverage declining', 'passed': True}, {'name': 'current ratio improving', 'passed': False}, {'name': 'no share dilution', 'passed': True}, {'name': 'gross margin improving', 'passed': True}, {'name': 'asset turnover improving', 'passed': True}]}"
ASML,composite_value,Composite Value,False,0.2962,[],[],
ASML,earnings_quality,Earnings Quality,True,1.0,"['FCF/NI=0.88', 'OCF/NI=1.32', 'ratio=-6.03%']",[],
ASML,financial_health,Financial Health,True,1.0,"['D/E=9%', 'leverage=8.7%', 'CR=1.26', 'ratio=-0.4', 'coverage=95.5x']",[],
ALAB,graham_defensive,Graham Defensive,False,0.25,['Current ratio >= 2: CR=10.05'],"['P/E >= 15', 'valuation too rich on P/B or P/E×P/B', 'no dividend']",
ALAB,graham_enterprising,Graham Enterprising,False,0.6,"['Debt/equity < 100%: D/E=3%', 'ROE > 8%: ROE=25.8%', 'Positive earnings growth: growth=186.2%']","['P/E >= 25', 'P/B >= 3']",
ALAB,graham_net_net,Graham Net-Net,False,0.0,[],['missing NCAV (balance sheet data)'],
ALAB,schloss,Schloss Low P/B,False,0.5,['D/E < 50.0%: D/E=3%'],['P/B too high'],
ALAB,deep_value,Deep Value,False,0.0,[],"['P/B not below 1.0', 'EV/EBITDA not below 8']",
ALAB,earnings_yield,Earnings Yield,False,0.0526,['E/P=0.6% (P/E=158.4)'],['earnings yield 0.6% below 8%'],
ALAB,fcf_yield,FCF Yield,False,0.0165,['FCF yield=0.2%'],['FCF yield 0.2% below 5%'],
ALAB,low_pe_high_yield,Low P/E + High Yield,False,0.0,[],"['P/E not below 12.0', 'yield below 4%']",
ALAB,lynch_peg,Lynch PEG,True,0.1491,"['PEG=0.85', 'growth=186.2%']",[],
ALAB,neff_pegy,Neff PEGY,False,0.0,"['PEGY=nan', 'growth=186.2%', 'yield=nan%']",['PEGY nan >= 1.0'],
ALAB,quality_value,Quality Value,False,0.6,"['ROE >= 12%: ROE=25.8%', 'Profit margin >= 5%: margin=30.7%', 'Debt/equity < 80%: D/E=3%']","['P/E >= 20', 'FCF yield below 3%']",
ALAB,buffett_quality,Buffett Quality,False,0.75,"['ROE >= 15%: ROE=25.8%', 'D/E < 60.0%: D/E=3%', 'margin >= 8%: margin=30.7%']",['P/E too high'],
ALAB,economic_moat,Economic Moat,True,1.0,"['high ROE=25.8%', 'solid ROA=14.3%', 'wide margin=30.7%', 'low leverage D/E=3%']",[],
ALAB,high_dividend,High Dividend Yield,False,0.0,[],['could not rank yield'],
ALAB,dividend_growth,Dividend Growth,False,0.3333,['earnings growth: growth=186.2%'],"['yield too low', 'P/E out of range']",
ALAB,magic_formula,Magic Formula,False,0.2621,[],['below top half on combined Magic Formula rank'],
ALAB,acquirers_multiple,Acquirer's Multiple,False,0.0388,"['EV/EBIT=314.8', 'universe rank 4%']","['EV/EBIT 314.8 above 12.0', 'not in top 40% cheapest on EV/EBIT']",
ALAB,dreman_contrarian,Dreman Contrarian,False,0.0869,[],"['P/E not in bottom quartile', 'P/B not cheap vs universe']",
ALAB,piotroski_f,Piotroski F-Score,False,0.5556,"['F-Score=5/9', 'positive net income', 'positive operating cash flow', 'ROA improving', 'OCF > net income', 'asset turnover improving']","['F-Score 5/9 below 7', 'leverage declining', 'current ratio improving', 'no share dilution', 'gross margin improving']","{'f_score': 5, 'max_score': 9, 'components': [{'name': 'positive net income', 'passed': True}, {'name': 'positive operating cash flow', 'passed': True}, {'name': 'ROA improving', 'passed': True}, {'name': 'OCF > net income', 'passed': True}, {'name': 'leverage declining', 'passed': False}, {'name': 'current ratio improving', 'passed': False}, {'name': 'no share dilution', 'passed': False}, {'name': 'gross margin improving', 'passed': False}, {'name': 'asset turnover improving', 'passed': True}]}"
ALAB,composite_value,Composite Value,False,0.1308,[],['missing dividend_yield'],
ALAB,earnings_quality,Earnings Quality,False,0.6667,"['OCF/NI=1.46', 'ratio=-6.54%']",['weak free-cash conversion'],
ALAB,financial_health,Financial Health,True,1.0,"['D/E=3%', 'leverage=0.3%', 'CR=10.24', 'ratio=-4.2', 'insufficient data — skipped']",[],
ADSK,graham_defensive,Graham Defensive,False,0.0,[],"['P/E >= 15', 'valuation too rich on P/B or P/E×P/B', 'current ratio < 2', 'no dividend']",
ADSK,graham_enterprising,Graham Enterprising,False,0.6,"['Debt/equity < 100%: D/E=85%', 'ROE > 8%: ROE=50.4%', 'Positive earnings growth: growth=231.4%']","['P/E >= 25', 'P/B >= 3']",
ADSK,graham_net_net,Graham Net-Net,False,0.0,[],['missing NCAV (balance sheet data)'],
ADSK,schloss,Schloss Low P/B,False,0.0,[],"['P/B too high', 'too much leverage']",
ADSK,deep_value,Deep Value,False,0.0,[],"['P/B not below 1.0', 'EV/EBITDA not below 8']",
ADSK,earnings_yield,Earnings Yield,False,0.2268,['E/P=2.7% (P/E=36.7)'],['earnings yield 2.7% below 8%'],
ADSK,fcf_yield,FCF Yield,True,0.5761,['FCF yield=5.8%'],[],
ADSK,low_pe_high_yield,Low P/E + High Yield,False,0.0,[],"['P/E not below 12.0', 'yield below 4%']",
ADSK,lynch_peg,Lynch PEG,True,0.8412,"['PEG=0.16', 'growth=231.4%']",[],
ADSK,neff_pegy,Neff PEGY,False,0.0,"['PEGY=nan', 'growth=231.4%', 'yield=nan%']",['PEGY nan >= 1.0'],
ADSK,quality_value,Quality Value,False,0.6,"['ROE >= 12%: ROE=50.4%', 'Profit margin >= 5%: margin=19.5%', 'FCF yield >= 3%: FCF yield=5.8%']","['high leverage', 'P/E >= 20']",
ADSK,buffett_quality,Buffett Quality,False,0.5,"['ROE >= 15%: ROE=50.4%', 'margin >= 8%: margin=19.5%']","['too much debt', 'P/E too high']",
ADSK,economic_moat,Economic Moat,True,0.75,"['high ROE=50.4%', 'solid ROA=9.0%', 'wide margin=19.5%']",['leverage too high'],
ADSK,high_dividend,High Dividend Yield,False,0.0,[],['could not rank yield'],
ADSK,dividend_growth,Dividend Growth,False,0.3333,['earnings growth: growth=231.4%'],"['yield too low', 'P/E out of range']",
ADSK,magic_formula,Magic Formula,True,0.699,"['earnings yield rank 62%', 'ROIC rank 78%']",[],
ADSK,acquirers_multiple,Acquirer's Multiple,False,0.5146,"['EV/EBIT=29.5', 'universe rank 51%']","['EV/EBIT 29.5 above 12.0', 'not in top 40% cheapest on EV/EBIT']",
ADSK,dreman_contrarian,Dreman Contrarian,False,0.3857,[],"['P/E not in bottom quartile', 'P/B not cheap vs universe']",
ADSK,piotroski_f,Piotroski F-Score,True,0.8889,"['F-Score=8/9', 'positive net income', 'positive operating cash flow', 'OCF > net income', 'leverage declining', 'current ratio improving', 'no share dilution', 'gross margin improving', 'asset turnover improving']",['ROA improving'],"{'f_score': 8, 'max_score': 9, 'components': [{'name': 'positive net income', 'passed': True}, {'name': 'positive operating cash flow', 'passed': True}, {'name': 'ROA improving', 'passed': False}, {'name': 'OCF > net income', 'passed': True}, {'name': 'leverage declining', 'passed': True}, {'name': 'current ratio improving', 'passed': True}, {'name': 'no share dilution', 'passed': True}, {'name': 'gross margin improving', 'passed': True}, {'name': 'asset turnover improving', 'passed': True}]}"
ADSK,composite_value,Composite Value,True,0.6837,"['top-tier on fcf_yield (percentile 88%)', 'top-tier on ev_ebitda (percentile 74%)']",['missing dividend_yield'],
ADSK,earnings_quality,Earnings Quality,True,1.0,"['FCF/NI=2.72', 'OCF/NI=2.18', 'ratio=-10.65%']",[],
ADSK,financial_health,Financial Health,False,0.6,"['leverage=21.9%', 'ratio=-0.1', 'insufficient data — skipped']","['high debt to equity', 'weak liquidity']",
ADP,graham_defensive,Graham Defensive,False,0.25,['Dividend payer: yield=249.00%'],"['P/E >= 15', 'valuation too rich on P/B or P/E×P/B', 'current ratio < 2']",
ADP,graham_enterprising,Graham Enterprising,False,0.8,"['P/E < 25: P/E=24.9', 'Debt/equity < 100%: D/E=91%', 'ROE > 8%: ROE=72.2%', 'Positive earnings growth: growth=9.8%']",['P/B >= 3'],
ADP,graham_net_net,Graham Net-Net,False,0.0,[],['missing NCAV (balance sheet data)'],
ADP,schloss,Schloss Low P/B,False,0.0,[],"['P/B too high', 'too much leverage']",
ADP,deep_value,Deep Value,False,0.0,[],"['P/B not below 1.0', 'EV/EBITDA not below 8']",
ADP,earnings_yield,Earnings Yield,False,0.3343,['E/P=4.0% (P/E=24.9)'],['earnings yield 4.0% below 8%'],
ADP,fcf_yield,FCF Yield,False,0.4835,['FCF yield=4.8%'],['FCF yield 4.8% below 5%'],
ADP,low_pe_high_yield,Low P/E + High Yield,False,0.5,['yield=249.0%'],['P/E not below 12.0'],
ADP,lynch_peg,Lynch PEG,False,0.0,"['PEG=2.54', 'growth=9.8%']",['PEG 2.54 >= 1.0'],
ADP,neff_pegy,Neff PEGY,True,0.9037,"['PEGY=0.10', 'growth=9.8%', 'yield=249.0%']",[],
ADP,quality_value,Quality Value,False,0.6,"['ROE >= 12%: ROE=72.2%', 'Profit margin >= 5%: margin=20.1%', 'FCF yield >= 3%: FCF yield=4.8%']","['high leverage', 'P/E >= 20']",
ADP,buffett_quality,Buffett Quality,True,0.75,"['ROE >= 15%: ROE=72.2%', 'margin >= 8%: margin=20.1%', 'P/E < 25.0: P/E=24.9']",['too much debt'],
ADP,economic_moat,Economic Moat,False,0.5,"['high ROE=72.2%', 'wide margin=20.1%']","['ROA below 8%', 'leverage too high']",
ADP,high_dividend,High Dividend Yield,True,0.8033,"['yield=249.0%', 'universe rank 80%']",[],
ADP,dividend_growth,Dividend Growth,True,1.0,"['dividend payer: yield=249.0%', 'earnings growth: growth=9.8%', 'reasonable P/E: P/E=24.9']",[],
ADP,magic_formula,Magic Formula,True,0.8689,"['earnings yield rank 83%', 'ROIC rank 90%']",[],
ADP,acquirers_multiple,Acquirer's Multiple,False,0.7282,"['EV/EBIT=19.0', 'universe rank 73%']",['EV/EBIT 19.0 above 12.0'],
ADP,dreman_contrarian,Dreman Contrarian,False,0.5741,['dividend rank 80%'],"['P/E not in bottom quartile', 'P/B not cheap vs universe']",
ADP,piotroski_f,Piotroski F-Score,True,0.7778,"['F-Score=7/9', 'positive net income', 'positive operating cash flow', 'OCF > net income', 'leverage declining', 'current ratio improving', 'no share dilution', 'gross margin improving']","['ROA improving', 'asset turnover improving']","{'f_score': 7, 'max_score': 9, 'components': [{'name': 'positive net income', 'passed': True}, {'name': 'positive operating cash flow', 'passed': True}, {'name': 'ROA improving', 'passed': False}, {'name': 'OCF > net income', 'passed': True}, {'name': 'leverage declining', 'passed': True}, {'name': 'current ratio improving', 'passed': True}, {'name': 'no share dilution', 'passed': True}, {'name': 'gross margin improving', 'passed': True}, {'name': 'asset turnover improving', 'passed': False}]}"
ADP,composite_value,Composite Value,True,0.75,"['top-tier on trailing_pe (percentile 82%)', 'top-tier on dividend_yield (percentile 92%)', 'top-tier on fcf_yield (percentile 80%)', 'top-tier on ev_ebitda (percentile 84%)']",[],
ADP,earnings_quality,Earnings Quality,True,1.0,"['FCF/NI=1.19', 'OCF/NI=1.23', 'ratio=-1.63%']",[],
ADP,financial_health,Financial Health,False,0.6,"['leverage=8.3%', 'ratio=0.2', 'coverage=12.6x']","['high debt to equity', 'weak liquidity']",
AXON,graham_defensive,Graham Defensive,False,0.25,['Current ratio >= 2: CR=2.15'],"['P/E >= 15', 'valuation too rich on P/B or P/E×P/B', 'no dividend']",
AXON,graham_enterprising,Graham Enterprising,False,0.2,['Debt/equity < 100%: D/E=50%'],"['P/E >= 25', 'P/B >= 3', 'ROE <= 8%', 'negative earnings growth']",
AXON,graham_net_net,Graham Net-Net,False,0.0,[],['missing NCAV (balance sheet data)'],
AXON,schloss,Schloss Low P/B,False,0.0,[],"['P/B too high', 'too much leverage']",
AXON,deep_value,Deep Value,False,0.0,[],"['P/B not below 1.0', 'EV/EBITDA not below 8']",
AXON,earnings_yield,Earnings Yield,False,0.0325,['E/P=0.4% (P/E=256.4)'],['earnings yield 0.4% below 8%'],
AXON,fcf_yield,FCF Yield,False,0.0446,['FCF yield=0.4%'],['FCF yield 0.4% below 5%'],
AXON,low_pe_high_yield,Low P/E + High Yield,False,0.0,[],"['P/E not below 12.0', 'yield below 4%']",
AXON,lynch_peg,Lynch PEG,False,0.2,[],['missing or negative earnings growth'],
AXON,neff_pegy,Neff PEGY,False,0.0,"['PEGY=nan', 'growth=-18.2%', 'yield=nan%']",['PEGY nan >= 1.0'],
AXON,quality_value,Quality Value,False,0.4,"['Profit margin >= 5%: margin=6.2%', 'Debt/equity < 80%: D/E=50%']","['ROE below 12%', 'P/E >= 20', 'FCF yield below 3%']",
AXON,buffett_quality,Buffett Quality,False,0.25,['D/E < 60.0%: D/E=50%'],"['ROE too low', 'thin margins', 'P/E too high']",
AXON,economic_moat,Economic Moat,False,0.0,[],"['ROE below 18%', 'ROA below 8%', 'margins below 12%', 'leverage too high']",
AXON,high_dividend,High Dividend Yield,False,0.0,[],['could not rank yield'],
AXON,dividend_growth,Dividend Growth,False,0.0,[],"['yield too low', 'earnings not growing', 'P/E out of range']",
AXON,magic_formula,Magic Formula,False,0.0583,[],['below top half on combined Magic Formula rank'],
AXON,acquirers_multiple,Acquirer's Multiple,False,0.0,[],['missing EV or EBIT'],
AXON,dreman_contrarian,Dreman Contrarian,False,0.199,[],"['P/E not in bottom quartile', 'P/B not cheap vs universe']",
AXON,piotroski_f,Piotroski F-Score,False,0.4444,"['F-Score=4/9', 'positive net income', 'positive operating cash flow', 'OCF > net income', 'current ratio improving']","['F-Score 4/9 below 7', 'ROA improving', 'leverage declining', 'no share dilution', 'gross margin improving', 'asset turnover improving']","{'f_score': 4, 'max_score': 9, 'components': [{'name': 'positive net income', 'passed': True}, {'name': 'positive operating cash flow', 'passed': True}, {'name': 'ROA improving', 'passed': False}, {'name': 'OCF > net income', 'passed': True}, {'name': 'leverage declining', 'passed': False}, {'name': 'current ratio improving', 'passed': True}, {'name': 'no share dilution', 'passed': False}, {'name': 'gross margin improving', 'passed': False}, {'name': 'asset turnover improving', 'passed': False}]}"
AXON,composite_value,Composite Value,False,0.1761,[],['missing dividend_yield'],
AXON,earnings_quality,Earnings Quality,True,1.0,"['FCF/NI=1.78', 'OCF/NI=1.70', 'ratio=-1.24%']",[],
AXON,financial_health,Financial Health,False,0.6,"['D/E=50%', 'leverage=27.3%', 'CR=2.53']","['high net debt/EBITDA', 'weak interest coverage']",
BKR,graham_defensive,Graham Defensive,False,0.5,"['Current ratio >= 2: CR=2.10', 'Dividend payer: yield=142.00%']","['P/E >= 15', 'valuation too rich on P/B or P/E×P/B']",
BKR,graham_enterprising,Graham Enterprising,False,0.6,"['P/E < 25: P/E=20.8', 'Debt/equity < 100%: D/E=81%', 'ROE > 8%: ROE=16.5%']","['P/B >= 3', 'negative earnings growth']",
BKR,graham_net_net,Graham Net-Net,False,0.0,[],['missing NCAV (balance sheet data)'],
BKR,schloss,Schloss Low P/B,False,0.0,[],"['P/B too high', 'too much leverage']",
BKR,deep_value,Deep Value,False,0.0,[],"['P/B not below 1.0', 'EV/EBITDA not below 8']",
BKR,earnings_yield,Earnings Yield,False,0.3998,['E/P=4.8% (P/E=20.8)'],['earnings yield 4.8% below 8%'],
BKR,fcf_yield,FCF Yield,True,0.6861,['FCF yield=6.9%'],[],
BKR,low_pe_high_yield,Low P/E + High Yield,False,0.5,['yield=142.0%'],['P/E not below 12.0'],
BKR,lynch_peg,Lynch PEG,False,0.2,[],['missing or negative earnings growth'],
BKR,neff_pegy,Neff PEGY,True,0.8487,"['PEGY=0.15', 'growth=-4.2%', 'yield=142.0%']",[],
BKR,quality_value,Quality Value,False,0.6,"['ROE >= 12%: ROE=16.5%', 'Profit margin >= 5%: margin=11.2%', 'FCF yield >= 3%: FCF yield=6.9%']","['high leverage', 'P/E >= 20']",
BKR,buffett_quality,Buffett Quality,True,0.75,"['ROE >= 15%: ROE=16.5%', 'margin >= 8%: margin=11.2%', 'P/E < 25.0: P/E=20.8']",['too much debt'],
BKR,economic_moat,Economic Moat,False,0.0,[],"['ROE below 18%', 'ROA below 8%', 'margins below 12%', 'leverage too high']",
BKR,high_dividend,High Dividend Yield,False,0.5902,"['yield=142.0%', 'universe rank 59%']",['not in top quartile for yield'],
BKR,dividend_growth,Dividend Growth,True,0.6667,"['dividend payer: yield=142.0%', 'reasonable P/E: P/E=20.8']",['earnings not growing'],
BKR,magic_formula,Magic Formula,True,0.6456,['earnings yield rank 86%'],[],
BKR,acquirers_multiple,Acquirer's Multiple,False,0.7573,"['EV/EBIT=17.9', 'universe rank 76%']",['EV/EBIT 17.9 above 12.0'],
BKR,dreman_contrarian,Dreman Contrarian,True,0.7365,"['low P/E rank 84%', 'low P/B rank 78%', 'dividend rank 59%']",[],
BKR,piotroski_f,Piotroski F-Score,True,0.7778,"['F-Score=7/9', 'positive net income', 'positive operating cash flow', 'OCF > net income', 'leverage declining', 'current ratio improving', 'no share dilution', 'gross margin improving']","['ROA improving', 'asset turnover improving']","{'f_score': 7, 'max_score': 9, 'components': [{'name': 'positive net income', 'passed': True}, {'name': 'positive operating cash flow', 'passed': True}, {'name': 'ROA improving', 'passed': False}, {'name': 'OCF > net income', 'passed': True}, {'name': 'leverage declining', 'passed': True}, {'name': 'current ratio improving', 'passed': True}, {'name': 'no share dilution', 'passed': True}, {'name': 'gross margin improving', 'passed': True}, {'name': 'asset turnover improving', 'passed': False}]}"
BKR,composite_value,Composite Value,True,0.7916,"['top-tier on trailing_pe (percentile 84%)', 'top-tier on price_to_book (percentile 78%)', 'top-tier on fcf_yield (percentile 90%)', 'top-tier on ev_ebitda (percentile 85%)']",[],
BKR,earnings_quality,Earnings Quality,True,1.0,"['FCF/NI=1.71', 'OCF/NI=1.47', 'ratio=-2.99%']",[],
BKR,financial_health,Financial Health,False,0.8,"['leverage=14.9%', 'CR=1.36', 'ratio=-0.2', 'coverage=16.0x']",['high debt to equity'],
BKNG,graham_defensive,Graham Defensive,False,0.5,"['P/B < 1.5 or P/E×P/B < 22.5: P/B=-14.91', 'Dividend payer: yield=79.00%']","['P/E >= 15', 'current ratio < 2']",
BKNG,graham_enterprising,Graham Enterprising,False,0.6,"['P/E < 25: P/E=23.5', 'P/B < 3: P/B=-14.91', 'Positive earnings growth: growth=130.0%']","['excessive leverage', 'ROE <= 8%']",
BKNG,graham_net_net,Graham Net-Net,False,0.0,[],['missing NCAV (balance sheet data)'],
BKNG,schloss,Schloss Low P/B,False,0.5,['P/B < 1.2: P/B=-14.91'],['too much leverage'],
BKNG,deep_value,Deep Value,False,0.5,['P/B=-14.91'],['EV/EBITDA not below 8'],
BKNG,earnings_yield,Earnings Yield,False,0.3541,['E/P=4.2% (P/E=23.5)'],['earnings yield 4.2% below 8%'],
BKNG,fcf_yield,FCF Yield,False,0.4849,['FCF yield=4.8%'],['FCF yield 4.8% below 5%'],
BKNG,low_pe_high_yield,Low P/E + High Yield,False,0.5,['yield=79.0%'],['P/E not below 12.0'],
BKNG,lynch_peg,Lynch PEG,True,0.819,"['PEG=0.18', 'growth=130.0%']",[],
BKNG,neff_pegy,Neff PEGY,True,0.8874,"['PEGY=0.11', 'growth=130.0%', 'yield=79.0%']",[],
BKNG,quality_value,Quality Value,False,0.4,"['Profit margin >= 5%: margin=25.5%', 'FCF yield >= 3%: FCF yield=4.8%']","['ROE below 12%', 'high leverage', 'P/E >= 20']",
BKNG,buffett_quality,Buffett Quality,False,0.5,"['margin >= 8%: margin=25.5%', 'P/E < 25.0: P/E=23.5']","['ROE too low', 'too much debt']",
BKNG,economic_moat,Economic Moat,False,0.5,"['solid ROA=18.5%', 'wide margin=25.5%']","['ROE below 18%', 'leverage too high']",
BKNG,high_dividend,High Dividend Yield,False,0.3934,"['yield=79.0%', 'universe rank 39%']",['not in top quartile for yield'],
BKNG,dividend_growth,Dividend Growth,True,1.0,"['dividend payer: yield=79.0%', 'earnings growth: growth=130.0%', 'reasonable P/E: P/E=23.5']",[],
BKNG,magic_formula,Magic Formula,True,0.9272,"['earnings yield rank 87%', 'ROIC rank 98%']",[],
BKNG,acquirers_multiple,Acquirer's Multiple,False,0.767,"['EV/EBIT=17.6', 'universe rank 77%']",['EV/EBIT 17.6 above 12.0'],
BKNG,dreman_contrarian,Dreman Contrarian,False,0.7001,['low P/B rank 97%'],"['P/E not in bottom quartile', 'dividend yield below median']",
BKNG,piotroski_f,Piotroski F-Score,False,0.6667,"['F-Score=6/9', 'positive net income', 'positive operating cash flow', 'OCF > net income', 'current ratio improving', 'no share dilution', 'asset turnover improving']","['F-Score 6/9 below 7', 'ROA improving', 'leverage declining', 'gross margin improving']","{'f_score': 6, 'max_score': 9, 'components': [{'name': 'positive net income', 'passed': True}, {'name': 'positive operating cash flow', 'passed': True}, {'name': 'ROA improving', 'passed': False}, {'name': 'OCF > net income', 'passed': True}, {'name': 'leverage declining', 'passed': False}, {'name': 'current ratio improving', 'passed': True}, {'name': 'no share dilution', 'passed': True}, {'name': 'gross margin improving', 'passed': False}, {'name': 'asset turnover improving', 'passed': True}]}"
BKNG,composite_value,Composite Value,True,0.6818,"['top-tier on trailing_pe (percentile 82%)', 'top-tier on price_to_book (percentile 73%)', 'top-tier on fcf_yield (percentile 73%)', 'top-tier on ev_ebitda (percentile 91%)']",[],
BKNG,earnings_quality,Earnings Quality,True,1.0,"['FCF/NI=1.43', 'OCF/NI=1.74', 'ratio=-13.69%']",[],
BKNG,financial_health,Financial Health,False,0.6,"['CR=1.33', 'ratio=0.4', 'coverage=5.7x']","['high debt to equity', 'high leverage']",
AVGO,graham_defensive,Graham Defensive,False,0.5,"['Current ratio >= 2: CR=2.24', 'Dividend payer: yield=66.00%']","['P/E >= 15', 'valuation too rich on P/B or P/E×P/B']",
AVGO,graham_enterprising,Graham Enterprising,False,0.6,"['Debt/equity < 100%: D/E=74%', 'ROE > 8%: ROE=37.3%', 'Positive earnings growth: growth=85.4%']","['P/E >= 25', 'P/B >= 3']",
AVGO,graham_net_net,Graham Net-Net,False,0.0,[],['missing NCAV (balance sheet data)'],
AVGO,schloss,Schloss Low P/B,False,0.0,[],"['P/B too high', 'too much leverage']",
AVGO,deep_value,Deep Value,False,0.0,[],"['P/B not below 1.0', 'EV/EBITDA not below 8']",
AVGO,earnings_yield,Earnings Yield,False,0.1274,['E/P=1.5% (P/E=65.4)'],['earnings yield 1.5% below 8%'],
AVGO,fcf_yield,FCF Yield,False,0.1455,['FCF yield=1.5%'],['FCF yield 1.5% below 5%'],
AVGO,low_pe_high_yield,Low P/E + High Yield,False,0.5,['yield=66.0%'],['P/E not below 12.0'],
AVGO,lynch_peg,Lynch PEG,True,0.2343,"['PEG=0.77', 'growth=85.4%']",[],
AVGO,neff_pegy,Neff PEGY,True,0.5681,"['PEGY=0.43', 'growth=85.4%', 'yield=66.0%']",[],
AVGO,quality_value,Quality Value,False,0.6,"['ROE >= 12%: ROE=37.3%', 'Profit margin >= 5%: margin=38.8%', 'Debt/equity < 80%: D/E=74%']","['P/E >= 20', 'FCF yield below 3%']",
AVGO,buffett_quality,Buffett Quality,False,0.5,"['ROE >= 15%: ROE=37.3%', 'margin >= 8%: margin=38.8%']","['too much debt', 'P/E too high']",
AVGO,economic_moat,Economic Moat,True,0.75,"['high ROE=37.3%', 'solid ROA=13.5%', 'wide margin=38.8%']",['leverage too high'],
AVGO,high_dividend,High Dividend Yield,False,0.3443,"['yield=66.0%', 'universe rank 34%']",['not in top quartile for yield'],
AVGO,dividend_growth,Dividend Growth,True,0.6667,"['dividend payer: yield=66.0%', 'earnings growth: growth=85.4%']",['P/E out of range'],
AVGO,magic_formula,Magic Formula,False,0.4175,['ROIC rank 54%'],['below top half on combined Magic Formula rank'],
AVGO,acquirers_multiple,Acquirer's Multiple,False,0.1845,"['EV/EBIT=73.4', 'universe rank 18%']","['EV/EBIT 73.4 above 12.0', 'not in top 40% cheapest on EV/EBIT']",
AVGO,dreman_contrarian,Dreman Contrarian,False,0.2395,[],"['P/E not in bottom quartile', 'P/B not cheap vs universe', 'dividend yield below median']",
AVGO,piotroski_f,Piotroski F-Score,True,0.8889,"['F-Score=8/9', 'positive net income', 'positive operating cash flow', 'ROA improving', 'OCF > net income', 'leverage declining', 'current ratio improving', 'gross margin improving', 'asset turnover improving']",['no share dilution'],"{'f_score': 8, 'max_score': 9, 'components': [{'name': 'positive net income', 'passed': True}, {'name': 'positive operating cash flow', 'passed': True}, {'name': 'ROA improving', 'passed': True}, {'name': 'OCF > net income', 'passed': True}, {'name': 'leverage declining', 'passed': True}, {'name': 'current ratio improving', 'passed': True}, {'name': 'no share dilution', 'passed': False}, {'name': 'gross margin improving', 'passed': True}, {'name': 'asset turnover improving', 'passed': True}]}"
AVGO,composite_value,Composite Value,False,0.4251,[],[],
AVGO,earnings_quality,Earnings Quality,True,1.0,"['FCF/NI=1.18', 'OCF/NI=1.19', 'ratio=-2.58%']",[],
AVGO,financial_health,Financial Health,True,1.0,"['D/E=74%', 'leverage=38.1%', 'CR=1.71', 'ratio=1.1', 'coverage=8.1x']",[],
CDNS,graham_defensive,Graham Defensive,False,0.0,[],"['P/E >= 15', 'valuation too rich on P/B or P/E×P/B', 'current ratio < 2', 'no dividend']",
CDNS,graham_enterprising,Graham Enterprising,False,0.6,"['Debt/equity < 100%: D/E=39%', 'ROE > 8%: ROE=23.2%', 'Positive earnings growth: growth=125.4%']","['P/E >= 25', 'P/B >= 3']",
CDNS,graham_net_net,Graham Net-Net,False,0.0,[],['missing NCAV (balance sheet data)'],
CDNS,schloss,Schloss Low P/B,False,0.5,['D/E < 50.0%: D/E=39%'],['P/B too high'],
CDNS,deep_value,Deep Value,False,0.0,[],"['P/B not below 1.0', 'EV/EBITDA not below 8']",
CDNS,earnings_yield,Earnings Yield,False,0.129,['E/P=1.5% (P/E=64.6)'],['earnings yield 1.5% below 8%'],
CDNS,fcf_yield,FCF Yield,False,0.1799,['FCF yield=1.8%'],['FCF yield 1.8% below 5%'],
CDNS,low_pe_high_yield,Low P/E + High Yield,False,0.0,[],"['P/E not below 12.0', 'yield below 4%']",
CDNS,lynch_peg,Lynch PEG,True,0.485,"['PEG=0.51', 'growth=125.4%']",[],
CDNS,neff_pegy,Neff PEGY,False,0.0,"['PEGY=nan', 'growth=125.4%', 'yield=nan%']",['PEGY nan >= 1.0'],
CDNS,quality_value,Quality Value,False,0.6,"['ROE >= 12%: ROE=23.2%', 'Profit margin >= 5%: margin=23.6%', 'Debt/equity < 80%: D/E=39%']","['P/E >= 20', 'FCF yield below 3%']",
CDNS,buffett_quality,Buffett Quality,False,0.75,"['ROE >= 15%: ROE=23.2%', 'D/E < 60.0%: D/E=39%', 'margin >= 8%: margin=23.6%']",['P/E too high'],
CDNS,economic_moat,Economic Moat,True,1.0,"['high ROE=23.2%', 'solid ROA=10.9%', 'wide margin=23.6%', 'low leverage D/E=39%']",[],
CDNS,high_dividend,High Dividend Yield,False,0.0,[],['could not rank yield'],
CDNS,dividend_growth,Dividend Growth,False,0.3333,['earnings growth: growth=125.4%'],"['yield too low', 'P/E out of range']",
CDNS,magic_formula,Magic Formula,False,0.4709,['ROIC rank 61%'],['below top half on combined Magic Formula rank'],
CDNS,acquirers_multiple,Acquirer's Multiple,False,0.2233,"['EV/EBIT=54.9', 'universe rank 22%']","['EV/EBIT 54.9 above 12.0', 'not in top 40% cheapest on EV/EBIT']",
CDNS,dreman_contrarian,Dreman Contrarian,False,0.2809,[],"['P/E not in bottom quartile', 'P/B not cheap vs universe']",
CDNS,piotroski_f,Piotroski F-Score,True,0.7778,"['F-Score=7/9', 'positive net income', 'positive operating cash flow', 'OCF > net income', 'leverage declining', 'no share dilution', 'gross margin improving', 'asset turnover improving']","['ROA improving', 'current ratio improving']","{'f_score': 7, 'max_score': 9, 'components': [{'name': 'positive net income', 'passed': True}, {'name': 'positive operating cash flow', 'passed': True}, {'name': 'ROA improving', 'passed': False}, {'name': 'OCF > net income', 'passed': True}, {'name': 'leverage declining', 'passed': True}, {'name': 'current ratio improving', 'passed': False}, {'name': 'no share dilution', 'passed': True}, {'name': 'gross margin improving', 'passed': True}, {'name': 'asset turnover improving', 'passed': True}]}"
CDNS,composite_value,Composite Value,False,0.4917,[],['missing dividend_yield'],
CDNS,earnings_quality,Earnings Quality,True,1.0,"['FCF/NI=1.45', 'OCF/NI=1.56', 'ratio=-6.11%']",[],
CDNS,financial_health,Financial Health,True,1.0,"['D/E=39%', 'leverage=25.8%', 'CR=2.86', 'ratio=0.5', 'coverage=14.2x']",[],
CTAS,graham_defensive,Graham Defensive,False,0.25,['Dividend payer: yield=104.00%'],"['P/E >= 15', 'valuation too rich on P/B or P/E×P/B', 'current ratio < 2']",
CTAS,graham_enterprising,Graham Enterprising,False,0.6,"['Debt/equity < 100%: D/E=53%', 'ROE > 8%: ROE=40.7%', 'Positive earnings growth: growth=15.6%']","['P/E >= 25', 'P/B >= 3']",
CTAS,graham_net_net,Graham Net-Net,False,0.0,[],['missing NCAV (balance sheet data)'],
CTAS,schloss,Schloss Low P/B,False,0.0,[],"['P/B too high', 'too much leverage']",
CTAS,deep_value,Deep Value,False,0.0,[],"['P/B not below 1.0', 'EV/EBITDA not below 8']",
CTAS,earnings_yield,Earnings Yield,False,0.2051,['E/P=2.5% (P/E=40.6)'],['earnings yield 2.5% below 8%'],
CTAS,fcf_yield,FCF Yield,False,0.1834,['FCF yield=1.8%'],['FCF yield 1.8% below 5%'],
CTAS,low_pe_high_yield,Low P/E + High Yield,False,0.5,['yield=104.0%'],['P/E not below 12.0'],
CTAS,lynch_peg,Lynch PEG,False,0.0,"['PEG=2.60', 'growth=15.6%']",['PEG 2.60 >= 1.0'],
CTAS,neff_pegy,Neff PEGY,True,0.6602,"['PEGY=0.34', 'growth=15.6%', 'yield=104.0%']",[],
CTAS,quality_value,Quality Value,False,0.6,"['ROE >= 12%: ROE=40.7%', 'Profit margin >= 5%: margin=17.8%', 'Debt/equity < 80%: D/E=53%']","['P/E >= 20', 'FCF yield below 3%']",
CTAS,buffett_quality,Buffett Quality,False,0.75,"['ROE >= 15%: ROE=40.7%', 'D/E < 60.0%: D/E=53%', 'margin >= 8%: margin=17.8%']",['P/E too high'],
CTAS,economic_moat,Economic Moat,True,0.75,"['high ROE=40.7%', 'solid ROA=19.0%', 'wide margin=17.8%']",['leverage too high'],
CTAS,high_dividend,High Dividend Yield,False,0.4754,"['yield=104.0%', 'universe rank 48%']",['not in top quartile for yield'],
CTAS,dividend_growth,Dividend Growth,True,0.6667,"['dividend payer: yield=104.0%', 'earnings growth: growth=15.6%']",['P/E out of range'],
CTAS,magic_formula,Magic Formula,True,0.7184,"['earnings yield rank 58%', 'ROIC rank 85%']",[],
CTAS,acquirers_multiple,Acquirer's Multiple,False,0.4757,"['EV/EBIT=31.4', 'universe rank 48%']","['EV/EBIT 31.4 above 12.0', 'not in top 40% cheapest on EV/EBIT']",
CTAS,dreman_contrarian,Dreman Contrarian,False,0.3998,[],"['P/E not in bottom quartile', 'P/B not cheap vs universe', 'dividend yield below median']",
CTAS,piotroski_f,Piotroski F-Score,True,0.8889,"['F-Score=8/9', 'positive net income', 'positive operating cash flow', 'ROA improving', 'OCF > net income', 'leverage declining', 'no share dilution', 'gross margin improving', 'asset turnover improving']",['current ratio improving'],"{'f_score': 8, 'max_score': 9, 'components': [{'name': 'positive net income', 'passed': True}, {'name': 'positive operating cash flow', 'passed': True}, {'name': 'ROA improving', 'passed': True}, {'name': 'OCF > net income', 'passed': True}, {'name': 'leverage declining', 'passed': True}, {'name': 'current ratio improving', 'passed': False}, {'name': 'no share dilution', 'passed': True}, {'name': 'gross margin improving', 'passed': True}, {'name': 'asset turnover improving', 'passed': True}]}"
CTAS,composite_value,Composite Value,False,0.3044,[],[],
CTAS,earnings_quality,Earnings Quality,True,1.0,"['FCF/NI=0.73', 'OCF/NI=1.14', 'ratio=-2.62%']",[],
CTAS,financial_health,Financial Health,True,1.0,"['D/E=53%', 'leverage=25.7%', 'CR=1.43', 'ratio=0.8', 'coverage=24.7x']",[],
CSCO,graham_defensive,Graham Defensive,False,0.25,['Dividend payer: yield=150.00%'],"['P/E >= 15', 'valuation too rich on P/B or P/E×P/B', 'current ratio < 2']",
CSCO,graham_enterprising,Graham Enterprising,False,0.6,"['Debt/equity < 100%: D/E=59%', 'ROE > 8%: ROE=27.3%', 'Positive earnings growth: growth=52.0%']","['P/E >= 25', 'P/B >= 3']",
CSCO,graham_net_net,Graham Net-Net,False,0.0,[],['missing NCAV (balance sheet data)'],
CSCO,schloss,Schloss Low P/B,False,0.0,[],"['P/B too high', 'too much leverage']",
CSCO,deep_value,Deep Value,False,0.0,[],"['P/B not below 1.0', 'EV/EBITDA not below 8']",
CSCO,earnings_yield,Earnings Yield,False,0.2485,['E/P=3.0% (P/E=33.5)'],['earnings yield 3.0% below 8%'],
CSCO,fcf_yield,FCF Yield,False,0.2628,['FCF yield=2.6%'],['FCF yield 2.6% below 5%'],
CSCO,low_pe_high_yield,Low P/E + High Yield,False,0.5,['yield=150.0%'],['P/E not below 12.0'],
CSCO,lynch_peg,Lynch PEG,True,0.355,"['PEG=0.64', 'growth=52.0%']",[],
CSCO,neff_pegy,Neff PEGY,True,0.834,"['PEGY=0.17', 'growth=52.0%', 'yield=150.0%']",[],
CSCO,quality_value,Quality Value,False,0.6,"['ROE >= 12%: ROE=27.3%', 'Profit margin >= 5%: margin=21.0%', 'Debt/equity < 80%: D/E=59%']","['P/E >= 20', 'FCF yield below 3%']",
CSCO,buffett_quality,Buffett Quality,False,0.75,"['ROE >= 15%: ROE=27.3%', 'D/E < 60.0%: D/E=59%', 'margin >= 8%: margin=21.0%']",['P/E too high'],
CSCO,economic_moat,Economic Moat,True,0.75,"['high ROE=27.3%', 'solid ROA=8.3%', 'wide margin=21.0%']",['leverage too high'],
CSCO,high_dividend,High Dividend Yield,False,0.6066,"['yield=150.0%', 'universe rank 61%']",['not in top quartile for yield'],
CSCO,dividend_growth,Dividend Growth,True,0.6667,"['dividend payer: yield=150.0%', 'earnings growth: growth=52.0%']",['P/E out of range'],
CSCO,magic_formula,Magic Formula,True,0.5,['ROIC rank 50%'],[],
CSCO,acquirers_multiple,Acquirer's Multiple,False,0.3883,"['EV/EBIT=36.4', 'universe rank 39%']","['EV/EBIT 36.4 above 12.0', 'not in top 40% cheapest on EV/EBIT']",
CSCO,dreman_contrarian,Dreman Contrarian,False,0.5691,['dividend rank 61%'],"['P/E not in bottom quartile', 'P/B not cheap vs universe']",
CSCO,piotroski_f,Piotroski F-Score,True,1.0,"['F-Score=9/9', 'positive net income', 'positive operating cash flow', 'ROA improving', 'OCF > net income', 'leverage declining', 'current ratio improving', 'no share dilution', 'gross margin improving', 'asset turnover improving']",[],"{'f_score': 9, 'max_score': 9, 'components': [{'name': 'positive net income', 'passed': True}, {'name': 'positive operating cash flow', 'passed': True}, {'name': 'ROA improving', 'passed': True}, {'name': 'OCF > net income', 'passed': True}, {'name': 'leverage declining', 'passed': True}, {'name': 'current ratio improving', 'passed': True}, {'name': 'no share dilution', 'passed': True}, {'name': 'gross margin improving', 'passed': True}, {'name': 'asset turnover improving', 'passed': True}]}"
CSCO,composite_value,Composite Value,True,0.7301,"['top-tier on trailing_pe (percentile 74%)', 'top-tier on price_to_book (percentile 74%)', 'top-tier on dividend_yield (percentile 71%)', 'top-tier on fcf_yield (percentile 71%)', 'top-tier on ev_ebitda (percentile 77%)']",[],
CSCO,earnings_quality,Earnings Quality,True,1.0,"['FCF/NI=1.14', 'OCF/NI=1.39', 'ratio=-3.28%']",[],
CSCO,financial_health,Financial Health,False,0.8,"['D/E=59%', 'leverage=23.0%', 'ratio=0.7', 'coverage=7.8x']",['weak liquidity'],
CCEP,graham_defensive,Graham Defensive,False,0.25,['Dividend payer: yield=224.00%'],"['P/E >= 15', 'valuation too rich on P/B or P/E×P/B', 'current ratio < 2']",
CCEP,graham_enterprising,Graham Enterprising,False,0.6,"['P/E < 25: P/E=21.1', 'ROE > 8%: ROE=23.5%', 'Positive earnings growth: growth=9.0%']","['P/B >= 3', 'excessive leverage']",
CCEP,graham_net_net,Graham Net-Net,False,0.0,[],['missing NCAV (balance sheet data)'],
CCEP,schloss,Schloss Low P/B,False,0.0,[],"['P/B too high', 'too much leverage']",
CCEP,deep_value,Deep Value,False,0.0,[],"['P/B not below 1.0', 'EV/EBITDA not below 8']",
CCEP,earnings_yield,Earnings Yield,False,0.3956,['E/P=4.7% (P/E=21.1)'],['earnings yield 4.7% below 8%'],
CCEP,fcf_yield,FCF Yield,False,0.3328,['FCF yield=3.3%'],['FCF yield 3.3% below 5%'],
CCEP,low_pe_high_yield,Low P/E + High Yield,False,0.5,['yield=224.0%'],['P/E not below 12.0'],
CCEP,lynch_peg,Lynch PEG,False,0.0,"['PEG=2.34', 'growth=9.0%']",['PEG 2.34 >= 1.0'],
CCEP,neff_pegy,Neff PEGY,True,0.9096,"['PEGY=0.09', 'growth=9.0%', 'yield=224.0%']",[],
CCEP,quality_value,Quality Value,False,0.6,"['ROE >= 12%: ROE=23.5%', 'Profit margin >= 5%: margin=9.3%', 'FCF yield >= 3%: FCF yield=3.3%']","['high leverage', 'P/E >= 20']",
CCEP,buffett_quality,Buffett Quality,True,0.75,"['ROE >= 15%: ROE=23.5%', 'margin >= 8%: margin=9.3%', 'P/E < 25.0: P/E=21.1']",['too much debt'],
CCEP,economic_moat,Economic Moat,False,0.25,['high ROE=23.5%'],"['ROA below 8%', 'margins below 12%', 'leverage too high']",
CCEP,high_dividend,High Dividend Yield,False,0.7213,"['yield=224.0%', 'universe rank 72%']",['not in top quartile for yield'],
CCEP,dividend_growth,Dividend Growth,True,1.0,"['dividend payer: yield=224.0%', 'earnings growth: growth=9.0%', 'reasonable P/E: P/E=21.1']",[],
CCEP,magic_formula,Magic Formula,True,0.5922,['earnings yield rank 79%'],[],
CCEP,acquirers_multiple,Acquirer's Multiple,False,0.6796,"['EV/EBIT=20.9', 'universe rank 68%']",['EV/EBIT 20.9 above 12.0'],
CCEP,dreman_contrarian,Dreman Contrarian,True,0.7501,"['low P/E rank 81%', 'low P/B rank 72%', 'dividend rank 72%']",[],
CCEP,piotroski_f,Piotroski F-Score,True,0.8889,"['F-Score=8/9', 'positive net income', 'positive operating cash flow', 'ROA improving', 'OCF > net income', 'leverage declining', 'no share dilution', 'gross margin improving', 'asset turnover improving']",['current ratio improving'],"{'f_score': 8, 'max_score': 9, 'components': [{'name': 'positive net income', 'passed': True}, {'name': 'positive operating cash flow', 'passed': True}, {'name': 'ROA improving', 'passed': True}, {'name': 'OCF > net income', 'passed': True}, {'name': 'leverage declining', 'passed': True}, {'name': 'current ratio improving', 'passed': False}, {'name': 'no share dilution', 'passed': True}, {'name': 'gross margin improving', 'passed': True}, {'name': 'asset turnover improving', 'passed': True}]}"
CCEP,composite_value,Composite Value,False,0.6089,"['top-tier on trailing_pe (percentile 86%)', 'top-tier on ev_ebitda (percentile 75%)']",[],
CCEP,earnings_quality,Earnings Quality,True,1.0,"['FCF/NI=0.82', 'OCF/NI=1.52', 'ratio=-3.38%']",[],
CCEP,financial_health,Financial Health,False,0.6,"['leverage=35.8%', 'ratio=2.9', 'coverage=10.2x']","['high debt to equity', 'weak liquidity']",
CMCSA,graham_defensive,Graham Defensive,False,0.75,"['P/E < 15: P/E=8.4', 'P/B < 1.5 or P/E×P/B < 22.5: P/B=1.03', 'Dividend payer: yield=504.00%']",['current ratio < 2'],
CMCSA,graham_enterprising,Graham Enterprising,False,0.6,"['P/E < 25: P/E=8.4', 'P/B < 3: P/B=1.03', 'ROE > 8%: ROE=11.5%']","['excessive leverage', 'negative earnings growth']",
CMCSA,graham_net_net,Graham Net-Net,False,0.0,[],['missing NCAV (balance sheet data)'],
CMCSA,schloss,Schloss Low P/B,False,0.5,['P/B < 1.2: P/B=1.03'],['too much leverage'],
CMCSA,deep_value,Deep Value,False,0.5,['EV/EBITDA=5.2'],['P/B not below 1.0'],
CMCSA,earnings_yield,Earnings Yield,True,0.9931,['E/P=11.9% (P/E=8.4)'],[],
CMCSA,fcf_yield,FCF Yield,True,1.0,['FCF yield=13.7%'],[],
CMCSA,low_pe_high_yield,Low P/E + High Yield,True,1.0,"['P/E=8.4', 'yield=504.0%']",[],
CMCSA,lynch_peg,Lynch PEG,False,0.2,[],['missing or negative earnings growth'],
CMCSA,neff_pegy,Neff PEGY,True,0.9808,"['PEGY=0.02', 'growth=-66.8%', 'yield=504.0%']",[],
CMCSA,quality_value,Quality Value,False,0.6,"['Profit margin >= 5%: margin=9.0%', 'P/E < 20: P/E=8.4', 'FCF yield >= 3%: FCF yield=13.7%']","['ROE below 12%', 'high leverage']",
CMCSA,buffett_quality,Buffett Quality,False,0.5,"['margin >= 8%: margin=9.0%', 'P/E < 25.0: P/E=8.4']","['ROE too low', 'too much debt']",
CMCSA,economic_moat,Economic Moat,False,0.0,[],"['ROE below 18%', 'ROA below 8%', 'margins below 12%', 'leverage too high']",
CMCSA,high_dividend,High Dividend Yield,True,0.9672,"['yield=504.0%', 'universe rank 97%']",[],
CMCSA,dividend_growth,Dividend Growth,True,0.6667,"['dividend payer: yield=504.0%', 'reasonable P/E: P/E=8.4']",['earnings not growing'],
CMCSA,magic_formula,Magic Formula,True,0.6456,['earnings yield rank 99%'],[],
CMCSA,acquirers_multiple,Acquirer's Multiple,True,0.8835,"['EV/EBIT=8.5', 'universe rank 88%']",[],
CMCSA,dreman_contrarian,Dreman Contrarian,True,0.9695,"['low P/E rank 100%', 'low P/B rank 94%', 'dividend rank 97%']",[],
CMCSA,piotroski_f,Piotroski F-Score,True,0.8889,"['F-Score=8/9', 'positive net income', 'positive operating cash flow', 'ROA improving', 'OCF > net income', 'leverage declining', 'current ratio improving', 'no share dilution', 'gross margin improving']",['asset turnover improving'],"{'f_score': 8, 'max_score': 9, 'components': [{'name': 'positive net income', 'passed': True}, {'name': 'positive operating cash flow', 'passed': True}, {'name': 'ROA improving', 'passed': True}, {'name': 'OCF > net income', 'passed': True}, {'name': 'leverage declining', 'passed': True}, {'name': 'current ratio improving', 'passed': True}, {'name': 'no share dilution', 'passed': True}, {'name': 'gross margin improving', 'passed': True}, {'name': 'asset turnover improving', 'passed': False}]}"
CMCSA,composite_value,Composite Value,True,0.9303,"['top-tier on trailing_pe (percentile 100%)', 'top-tier on price_to_book (percentile 100%)', 'top-tier on dividend_yield (percentile 83%)', 'top-tier on fcf_yield (percentile 82%)', 'top-tier on ev_ebitda (percentile 100%)']",[],
CMCSA,earnings_quality,Earnings Quality,True,1.0,"['FCF/NI=0.63', 'OCF/NI=1.68', 'ratio=-5.00%']",[],
CMCSA,financial_health,Financial Health,False,0.6,"['leverage=36.3%', 'ratio=2.4', 'coverage=4.7x']","['high debt to equity', 'weak liquidity']",
CEG,graham_defensive,Graham Defensive,False,0.25,['Dividend payer: yield=60.00%'],"['P/E >= 15', 'valuation too rich on P/B or P/E×P/B', 'current ratio < 2']",
CEG,graham_enterprising,Graham Enterprising,False,0.4,"['Debt/equity < 100%: D/E=76%', 'ROE > 8%: ROE=15.1%']","['P/E >= 25', 'P/B >= 3', 'negative earnings growth']",
CEG,graham_net_net,Graham Net-Net,False,0.0,[],['missing NCAV (balance sheet data)'],
CEG,schloss,Schloss Low P/B,False,0.0,[],"['P/B too high', 'too much leverage']",
CEG,deep_value,Deep Value,False,0.0,[],"['P/B not below 1.0', 'EV/EBITDA not below 8']",
CEG,earnings_yield,Earnings Yield,False,0.3018,['E/P=3.6% (P/E=27.6)'],['earnings yield 3.6% below 8%'],
CEG,fcf_yield,FCF Yield,False,0.0,['FCF yield=-6.6%'],['FCF yield -6.6% below 5%'],
CEG,low_pe_high_yield,Low P/E + High Yield,False,0.5,['yield=60.0%'],['P/E not below 12.0'],
CEG,lynch_peg,Lynch PEG,False,0.2,[],['missing or negative earnings growth'],
CEG,neff_pegy,Neff PEGY,False,0.0,"['PEGY=2.09', 'growth=-46.8%', 'yield=60.0%']",['PEGY 2.09 >= 1.0'],
CEG,quality_value,Quality Value,False,0.6,"['ROE >= 12%: ROE=15.1%', 'Profit margin >= 5%: margin=11.1%', 'Debt/equity < 80%: D/E=76%']","['P/E >= 20', 'FCF yield below 3%']",
CEG,buffett_quality,Buffett Quality,False,0.5,"['ROE >= 15%: ROE=15.1%', 'margin >= 8%: margin=11.1%']","['too much debt', 'P/E too high']",
CEG,economic_moat,Economic Moat,False,0.0,[],"['ROE below 18%', 'ROA below 8%', 'margins below 12%', 'leverage too high']",
CEG,high_dividend,High Dividend Yield,False,0.3115,"['yield=60.0%', 'universe rank 31%']",['not in top quartile for yield'],
CEG,dividend_growth,Dividend Growth,False,0.3333,['dividend payer: yield=60.0%'],"['earnings not growing', 'P/E out of range']",
CEG,magic_formula,Magic Formula,False,0.4466,['earnings yield rank 60%'],['below top half on combined Magic Formula rank'],
CEG,acquirers_multiple,Acquirer's Multiple,False,0.4951,"['EV/EBIT=29.6', 'universe rank 50%']","['EV/EBIT 29.6 above 12.0', 'not in top 40% cheapest on EV/EBIT']",
CEG,dreman_contrarian,Dreman Contrarian,False,0.5846,['low P/B rank 79%'],"['P/E not in bottom quartile', 'dividend yield below median']",
CEG,piotroski_f,Piotroski F-Score,False,0.6667,"['F-Score=6/9', 'positive net income', 'positive operating cash flow', 'OCF > net income', 'leverage declining', 'no share dilution', 'asset turnover improving']","['F-Score 6/9 below 7', 'ROA improving', 'current ratio improving', 'gross margin improving']","{'f_score': 6, 'max_score': 9, 'components': [{'name': 'positive net income', 'passed': True}, {'name': 'positive operating cash flow', 'passed': True}, {'name': 'ROA improving', 'passed': False}, {'name': 'OCF > net income', 'passed': True}, {'name': 'leverage declining', 'passed': True}, {'name': 'current ratio improving', 'passed': False}, {'name': 'no share dilution', 'passed': True}, {'name': 'gross margin improving', 'passed': False}, {'name': 'asset turnover improving', 'passed': True}]}"
CEG,composite_value,Composite Value,False,0.3125,[],[],
CEG,earnings_quality,Earnings Quality,False,0.6667,"['OCF/NI=1.83', 'ratio=-3.35%']",['weak free-cash conversion'],
CEG,financial_health,Financial Health,True,1.0,"['D/E=76%', 'leverage=15.7%', 'CR=1.53', 'ratio=3.0', 'coverage=8.2x']",[],
CPRT,graham_defensive,Graham Defensive,False,0.25,['Current ratio >= 2: CR=7.61'],"['P/E >= 15', 'valuation too rich on P/B or P/E×P/B', 'no dividend']",
CPRT,graham_enterprising,Graham Enterprising,False,0.8,"['P/E < 25: P/E=19.6', 'Debt/equity < 100%: D/E=1%', 'ROE > 8%: ROE=17.6%', 'Positive earnings growth: growth=2.3%']",['P/B >= 3'],
CPRT,graham_net_net,Graham Net-Net,False,0.0,[],['missing NCAV (balance sheet data)'],
CPRT,schloss,Schloss Low P/B,False,0.5,['D/E < 50.0%: D/E=1%'],['P/B too high'],
CPRT,deep_value,Deep Value,False,0.0,[],"['P/B not below 1.0', 'EV/EBITDA not below 8']",
CPRT,earnings_yield,Earnings Yield,False,0.4244,['E/P=5.1% (P/E=19.6)'],['earnings yield 5.1% below 8%'],
CPRT,fcf_yield,FCF Yield,False,0.3417,['FCF yield=3.4%'],['FCF yield 3.4% below 5%'],
CPRT,low_pe_high_yield,Low P/E + High Yield,False,0.0,[],"['P/E not below 12.0', 'yield below 4%']",
CPRT,lynch_peg,Lynch PEG,False,0.0,"['PEG=8.54', 'growth=2.3%']","['growth 2.3% below 5% floor', 'PEG 8.54 >= 1.0']",
CPRT,neff_pegy,Neff PEGY,False,0.0,"['PEGY=nan', 'growth=2.3%', 'yield=nan%']",['PEGY nan >= 1.0'],
CPRT,quality_value,Quality Value,True,1.0,"['ROE >= 12%: ROE=17.6%', 'Profit margin >= 5%: margin=33.5%', 'Debt/equity < 80%: D/E=1%', 'P/E < 20: P/E=19.6', 'FCF yield >= 3%: FCF yield=3.4%']",[],
CPRT,buffett_quality,Buffett Quality,True,1.0,"['ROE >= 15%: ROE=17.6%', 'D/E < 60.0%: D/E=1%', 'margin >= 8%: margin=33.5%', 'P/E < 25.0: P/E=19.6']",[],
CPRT,economic_moat,Economic Moat,True,0.75,"['solid ROA=15.4%', 'wide margin=33.5%', 'low leverage D/E=1%']",['ROE below 18%'],
CPRT,high_dividend,High Dividend Yield,False,0.0,[],['could not rank yield'],
CPRT,dividend_growth,Dividend Growth,False,0.3333,['reasonable P/E: P/E=19.6'],"['yield too low', 'earnings not growing']",
CPRT,magic_formula,Magic Formula,True,0.7476,"['earnings yield rank 94%', 'ROIC rank 55%']",[],
CPRT,acquirers_multiple,Acquirer's Multiple,False,0.835,"['EV/EBIT=14.8', 'universe rank 83%']",['EV/EBIT 14.8 above 12.0'],
CPRT,dreman_contrarian,Dreman Contrarian,True,0.8158,"['low P/E rank 86%', 'low P/B rank 77%']",[],
CPRT,piotroski_f,Piotroski F-Score,True,0.7778,"['F-Score=7/9', 'positive net income', 'positive operating cash flow', 'OCF > net income', 'leverage declining', 'current ratio improving', 'no share dilution', 'gross margin improving']","['ROA improving', 'asset turnover improving']","{'f_score': 7, 'max_score': 9, 'components': [{'name': 'positive net income', 'passed': True}, {'name': 'positive operating cash flow', 'passed': True}, {'name': 'ROA improving', 'passed': False}, {'name': 'OCF > net income', 'passed': True}, {'name': 'leverage declining', 'passed': True}, {'name': 'current ratio improving', 'passed': True}, {'name': 'no share dilution', 'passed': True}, {'name': 'gross margin improving', 'passed': True}, {'name': 'asset turnover improving', 'passed': False}]}"
CPRT,composite_value,Composite Value,True,0.8553,"['top-tier on trailing_pe (percentile 91%)', 'top-tier on price_to_book (percentile 92%)', 'top-tier on fcf_yield (percentile 73%)', 'top-tier on ev_ebitda (percentile 85%)']",['missing dividend_yield'],
CPRT,earnings_quality,Earnings Quality,True,1.0,"['FCF/NI=0.64', 'OCF/NI=1.16', 'ratio=-2.45%']",[],
CPRT,financial_health,Financial Health,True,1.0,"['D/E=1%', 'leverage=1.0%', 'CR=8.42', 'ratio=-2.1', 'insufficient data — skipped']",[],
CRWV,graham_defensive,Graham Defensive,False,0.0,[],"['no positive trailing P/E', 'valuation too rich on P/B or P/E×P/B', 'current ratio < 2', 'no dividend']",
CRWV,graham_enterprising,Graham Enterprising,False,0.0,[],"['missing P/E', 'P/B >= 3', 'excessive leverage', 'ROE <= 8%', 'negative earnings growth']",
CRWV,graham_net_net,Graham Net-Net,False,0.0,[],['missing NCAV (balance sheet data)'],
CRWV,schloss,Schloss Low P/B,False,0.0,[],"['P/B too high', 'too much leverage']",
CRWV,deep_value,Deep Value,False,0.0,[],"['P/B not below 1.0', 'EV/EBITDA not below 8']",
CRWV,earnings_yield,Earnings Yield,False,1.0,['E/P=nan% (P/E=nan)'],['earnings yield nan% below 8%'],
CRWV,fcf_yield,FCF Yield,False,0.0,['FCF yield=-15.7%'],['FCF yield -15.7% below 5%'],
CRWV,low_pe_high_yield,Low P/E + High Yield,False,0.0,[],"['P/E not below 12.0', 'yield below 4%']",
CRWV,lynch_peg,Lynch PEG,False,0.0,"['PEG=nan', 'growth=nan%']",[],
CRWV,neff_pegy,Neff PEGY,False,0.0,"['PEGY=nan', 'growth=nan%', 'yield=nan%']",['PEGY nan >= 1.0'],
CRWV,quality_value,Quality Value,False,0.0,[],"['ROE below 12%', 'thin margins', 'high leverage', 'missing P/E', 'FCF yield below 3%']",
CRWV,buffett_quality,Buffett Quality,False,0.0,[],"['ROE too low', 'too much debt', 'thin margins', 'missing P/E']",
CRWV,economic_moat,Economic Moat,False,0.0,[],"['ROE below 18%', 'ROA below 8%', 'margins below 12%', 'leverage too high']",
CRWV,high_dividend,High Dividend Yield,False,0.0,[],['could not rank yield'],
CRWV,dividend_growth,Dividend Growth,False,0.0,[],"['yield too low', 'earnings not growing', 'P/E out of range']",
CRWV,magic_formula,Magic Formula,False,0.0874,[],['below top half on combined Magic Formula rank'],
CRWV,acquirers_multiple,Acquirer's Multiple,False,0.0,[],['missing EV or EBIT'],
CRWV,dreman_contrarian,Dreman Contrarian,False,0.0,[],['missing valuation data'],
CRWV,piotroski_f,Piotroski F-Score,False,0.4444,"['F-Score=4/9', 'positive operating cash flow', 'ROA improving', 'OCF > net income', 'current ratio improving']","['F-Score 4/9 below 7', 'positive net income', 'leverage declining', 'no share dilution', 'gross margin improving', 'asset turnover improving']","{'f_score': 4, 'max_score': 9, 'components': [{'name': 'positive net income', 'passed': False}, {'name': 'positive operating cash flow', 'passed': True}, {'name': 'ROA improving', 'passed': True}, {'name': 'OCF > net income', 'passed': True}, {'name': 'leverage declining', 'passed': False}, {'name': 'current ratio improving', 'passed': True}, {'name': 'no share dilution', 'passed': False}, {'name': 'gross margin improving', 'passed': False}, {'name': 'asset turnover improving', 'passed': False}]}"
CRWV,composite_value,Composite Value,False,0.4243,[],"['missing trailing_pe', 'missing dividend_yield']",
CRWV,earnings_quality,Earnings Quality,False,0.5,['ratio=-8.57%'],['negative net income'],
CRWV,financial_health,Financial Health,False,0.0,[],"['high debt to equity', 'high leverage', 'weak liquidity', 'high net debt/EBITDA', 'weak interest coverage']",
COST,graham_defensive,Graham Defensive,False,0.25,['Dividend payer: yield=61.00%'],"['P/E >= 15', 'valuation too rich on P/B or P/E×P/B', 'current ratio < 2']",
COST,graham_enterprising,Graham Enterprising,False,0.6,"['Debt/equity < 100%: D/E=60%', 'ROE > 8%: ROE=29.2%', 'Positive earnings growth: growth=45.5%']","['P/E >= 25', 'P/B >= 3']",
COST,graham_net_net,Graham Net-Net,False,0.0,[],['missing NCAV (balance sheet data)'],
COST,schloss,Schloss Low P/B,False,0.0,[],"['P/B too high', 'too much leverage']",
COST,deep_value,Deep Value,False,0.0,[],"['P/B not below 1.0', 'EV/EBITDA not below 8']",
COST,earnings_yield,Earnings Yield,False,0.1725,['E/P=2.1% (P/E=48.3)'],['earnings yield 2.1% below 8%'],
COST,fcf_yield,FCF Yield,False,0.1632,['FCF yield=1.6%'],['FCF yield 1.6% below 5%'],
COST,low_pe_high_yield,Low P/E + High Yield,False,0.5,['yield=61.0%'],['P/E not below 12.0'],
COST,lynch_peg,Lynch PEG,False,0.0,"['PEG=1.06', 'growth=45.5%']",['PEG 1.06 >= 1.0'],
COST,neff_pegy,Neff PEGY,True,0.5463,"['PEGY=0.45', 'growth=45.5%', 'yield=61.0%']",[],
COST,quality_value,Quality Value,False,0.4,"['ROE >= 12%: ROE=29.2%', 'Debt/equity < 80%: D/E=60%']","['thin margins', 'P/E >= 20', 'FCF yield below 3%']",
COST,buffett_quality,Buffett Quality,False,0.25,['ROE >= 15%: ROE=29.2%'],"['too much debt', 'thin margins', 'P/E too high']",
COST,economic_moat,Economic Moat,False,0.5,"['high ROE=29.2%', 'solid ROA=10.5%']","['margins below 12%', 'leverage too high']",
COST,high_dividend,High Dividend Yield,False,0.3279,"['yield=61.0%', 'universe rank 33%']",['not in top quartile for yield'],
COST,dividend_growth,Dividend Growth,True,0.6667,"['dividend payer: yield=61.0%', 'earnings growth: growth=45.5%']",['P/E out of range'],
COST,magic_formula,Magic Formula,True,0.5825,['ROIC rank 73%'],[],
COST,acquirers_multiple,Acquirer's Multiple,False,0.3301,"['EV/EBIT=40.9', 'universe rank 33%']","['EV/EBIT 40.9 above 12.0', 'not in top 40% cheapest on EV/EBIT']",
COST,dreman_contrarian,Dreman Contrarian,False,0.2686,[],"['P/E not in bottom quartile', 'P/B not cheap vs universe', 'dividend yield below median']",
COST,piotroski_f,Piotroski F-Score,True,0.7778,"['F-Score=7/9', 'positive net income', 'positive operating cash flow', 'OCF > net income', 'leverage declining', 'current ratio improving', 'no share dilution', 'gross margin improving']","['ROA improving', 'asset turnover improving']","{'f_score': 7, 'max_score': 9, 'components': [{'name': 'positive net income', 'passed': True}, {'name': 'positive operating cash flow', 'passed': True}, {'name': 'ROA improving', 'passed': False}, {'name': 'OCF > net income', 'passed': True}, {'name': 'leverage declining', 'passed': True}, {'name': 'current ratio improving', 'passed': True}, {'name': 'no share dilution', 'passed': True}, {'name': 'gross margin improving', 'passed': True}, {'name': 'asset turnover improving', 'passed': False}]}"
COST,composite_value,Composite Value,False,0.1045,[],[],
COST,earnings_quality,Earnings Quality,True,1.0,"['FCF/NI=0.86', 'OCF/NI=1.65', 'ratio=-6.79%']",[],
COST,financial_health,Financial Health,False,0.8,"['D/E=60%', 'leverage=10.6%', 'ratio=-0.1', 'coverage=67.4x']",['weak liquidity'],
CRWD,graham_defensive,Graham Defensive,False,0.0,[],"['no positive trailing P/E', 'valuation too rich on P/B or P/E×P/B', 'current ratio < 2', 'no dividend']",
CRWD,graham_enterprising,Graham Enterprising,False,0.2,['Debt/equity < 100%: D/E=18%'],"['missing P/E', 'P/B >= 3', 'ROE <= 8%', 'negative earnings growth']",
CRWD,graham_net_net,Graham Net-Net,False,0.0,[],['missing NCAV (balance sheet data)'],
CRWD,schloss,Schloss Low P/B,False,0.5,['D/E < 50.0%: D/E=18%'],['P/B too high'],
CRWD,deep_value,Deep Value,False,0.0,[],"['P/B not below 1.0', 'EV/EBITDA not below 8']",
CRWD,earnings_yield,Earnings Yield,False,1.0,['E/P=nan% (P/E=nan)'],['earnings yield nan% below 8%'],
CRWD,fcf_yield,FCF Yield,False,0.0872,['FCF yield=0.9%'],['FCF yield 0.9% below 5%'],
CRWD,low_pe_high_yield,Low P/E + High Yield,False,0.0,[],"['P/E not below 12.0', 'yield below 4%']",
CRWD,lynch_peg,Lynch PEG,False,0.0,"['PEG=nan', 'growth=nan%']",[],
CRWD,neff_pegy,Neff PEGY,False,0.0,"['PEGY=nan', 'growth=nan%', 'yield=nan%']",['PEGY nan >= 1.0'],
CRWD,quality_value,Quality Value,False,0.2,['Debt/equity < 80%: D/E=18%'],"['ROE below 12%', 'thin margins', 'missing P/E', 'FCF yield below 3%']",
CRWD,buffett_quality,Buffett Quality,False,0.25,['D/E < 60.0%: D/E=18%'],"['ROE too low', 'thin margins', 'missing P/E']",
CRWD,economic_moat,Economic Moat,False,0.25,['low leverage D/E=18%'],"['ROE below 18%', 'ROA below 8%', 'margins below 12%']",
CRWD,high_dividend,High Dividend Yield,False,0.0,[],['could not rank yield'],
CRWD,dividend_growth,Dividend Growth,False,0.0,[],"['yield too low', 'earnings not growing', 'P/E out of range']",
CRWD,magic_formula,Magic Formula,False,0.0388,[],['below top half on combined Magic Formula rank'],
CRWD,acquirers_multiple,Acquirer's Multiple,False,0.0,[],['missing EV or EBIT'],
CRWD,dreman_contrarian,Dreman Contrarian,False,0.0,[],['missing valuation data'],
CRWD,piotroski_f,Piotroski F-Score,False,0.4444,"['F-Score=4/9', 'positive operating cash flow', 'OCF > net income', 'leverage declining', 'current ratio improving']","['F-Score 4/9 below 7', 'positive net income', 'ROA improving', 'no share dilution', 'gross margin improving', 'asset turnover improving']","{'f_score': 4, 'max_score': 9, 'components': [{'name': 'positive net income', 'passed': False}, {'name': 'positive operating cash flow', 'passed': True}, {'name': 'ROA improving', 'passed': False}, {'name': 'OCF > net income', 'passed': True}, {'name': 'leverage declining', 'passed': True}, {'name': 'current ratio improving', 'passed': True}, {'name': 'no share dilution', 'passed': False}, {'name': 'gross margin improving', 'passed': False}, {'name': 'asset turnover improving', 'passed': False}]}"
CRWD,composite_value,Composite Value,False,0.1563,[],"['missing trailing_pe', 'missing dividend_yield']",
CRWD,earnings_quality,Earnings Quality,False,0.5,['ratio=-16.01%'],['negative net income'],
CRWD,financial_health,Financial Health,True,0.8,"['D/E=18%', 'leverage=7.4%', 'CR=1.77', 'ratio=-62.9']",['weak interest coverage'],
CSX,graham_defensive,Graham Defensive,False,0.25,['Dividend payer: yield=112.00%'],"['P/E >= 15', 'valuation too rich on P/B or P/E×P/B', 'current ratio < 2']",
CSX,graham_enterprising,Graham Enterprising,False,0.4,"['ROE > 8%: ROE=24.4%', 'Positive earnings growth: growth=22.7%']","['P/E >= 25', 'P/B >= 3', 'excessive leverage']",
CSX,graham_net_net,Graham Net-Net,False,0.0,[],['missing NCAV (balance sheet data)'],
CSX,schloss,Schloss Low P/B,False,0.0,[],"['P/B too high', 'too much leverage']",
CSX,deep_value,Deep Value,False,0.0,[],"['P/B not below 1.0', 'EV/EBITDA not below 8']",
CSX,earnings_yield,Earnings Yield,False,0.2858,['E/P=3.4% (P/E=29.2)'],['earnings yield 3.4% below 8%'],
CSX,fcf_yield,FCF Yield,False,0.2102,['FCF yield=2.1%'],['FCF yield 2.1% below 5%'],
CSX,low_pe_high_yield,Low P/E + High Yield,False,0.5,['yield=112.0%'],['P/E not below 12.0'],
CSX,lynch_peg,Lynch PEG,False,0.0,"['PEG=1.28', 'growth=22.7%']",['PEG 1.28 >= 1.0'],
CSX,neff_pegy,Neff PEGY,True,0.7835,"['PEGY=0.22', 'growth=22.7%', 'yield=112.0%']",[],
CSX,quality_value,Quality Value,False,0.4,"['ROE >= 12%: ROE=24.4%', 'Profit margin >= 5%: margin=22.2%']","['high leverage', 'P/E >= 20', 'FCF yield below 3%']",
CSX,buffett_quality,Buffett Quality,False,0.5,"['ROE >= 15%: ROE=24.4%', 'margin >= 8%: margin=22.2%']","['too much debt', 'P/E too high']",
CSX,economic_moat,Economic Moat,False,0.5,"['high ROE=24.4%', 'wide margin=22.2%']","['ROA below 8%', 'leverage too high']",
CSX,high_dividend,High Dividend Yield,False,0.5082,"['yield=112.0%', 'universe rank 51%']",['not in top quartile for yield'],
CSX,dividend_growth,Dividend Growth,True,0.6667,"['dividend payer: yield=112.0%', 'earnings growth: growth=22.7%']",['P/E out of range'],
CSX,magic_formula,Magic Formula,True,0.5534,['earnings yield rank 74%'],[],
CSX,acquirers_multiple,Acquirer's Multiple,False,0.6311,"['EV/EBIT=23.5', 'universe rank 63%']",['EV/EBIT 23.5 above 12.0'],
CSX,dreman_contrarian,Dreman Contrarian,True,0.5837,"['low P/B rank 63%', 'dividend rank 51%']",['P/E not in bottom quartile'],
CSX,piotroski_f,Piotroski F-Score,False,0.5556,"['F-Score=5/9', 'positive net income', 'positive operating cash flow', 'OCF > net income', 'leverage declining', 'no share dilution']","['F-Score 5/9 below 7', 'ROA improving', 'current ratio improving', 'gross margin improving', 'asset turnover improving']","{'f_score': 5, 'max_score': 9, 'components': [{'name': 'positive net income', 'passed': True}, {'name': 'positive operating cash flow', 'passed': True}, {'name': 'ROA improving', 'passed': False}, {'name': 'OCF > net income', 'passed': True}, {'name': 'leverage declining', 'passed': True}, {'name': 'current ratio improving', 'passed': False}, {'name': 'no share dilution', 'passed': True}, {'name': 'gross margin improving', 'passed': False}, {'name': 'asset turnover improving', 'passed': False}]}"
CSX,composite_value,Composite Value,False,0.5635,['top-tier on ev_ebitda (percentile 77%)'],[],
CSX,earnings_quality,Earnings Quality,True,1.0,"['FCF/NI=0.68', 'OCF/NI=1.60', 'ratio=-3.95%']",[],
CSX,financial_health,Financial Health,False,0.6,"['leverage=44.3%', 'ratio=2.6', 'coverage=5.6x']","['high debt to equity', 'weak liquidity']",
DDOG,graham_defensive,Graham Defensive,False,0.25,['Current ratio >= 2: CR=3.21'],"['P/E >= 15', 'valuation too rich on P/B or P/E×P/B', 'no dividend']",
DDOG,graham_enterprising,Graham Enterprising,False,0.4,"['Debt/equity < 100%: D/E=29%', 'Positive earnings growth: growth=1498.5%']","['P/E >= 25', 'P/B >= 3', 'ROE <= 8%']",
DDOG,graham_net_net,Graham Net-Net,False,0.0,[],['missing NCAV (balance sheet data)'],
DDOG,schloss,Schloss Low P/B,False,0.5,['D/E < 50.0%: D/E=29%'],['P/B too high'],
DDOG,deep_value,Deep Value,False,0.0,[],"['P/B not below 1.0', 'EV/EBITDA not below 8']",
DDOG,earnings_yield,Earnings Yield,False,0.0166,['E/P=0.2% (P/E=500.9)'],['earnings yield 0.2% below 8%'],
DDOG,fcf_yield,FCF Yield,False,0.1146,['FCF yield=1.1%'],['FCF yield 1.1% below 5%'],
DDOG,low_pe_high_yield,Low P/E + High Yield,False,0.0,[],"['P/E not below 12.0', 'yield below 4%']",
DDOG,lynch_peg,Lynch PEG,True,0.6657,"['PEG=0.33', 'growth=1498.5%']",[],
DDOG,neff_pegy,Neff PEGY,False,0.0,"['PEGY=nan', 'growth=1498.5%', 'yield=nan%']",['PEGY nan >= 1.0'],
DDOG,quality_value,Quality Value,False,0.2,['Debt/equity < 80%: D/E=29%'],"['ROE below 12%', 'thin margins', 'P/E >= 20', 'FCF yield below 3%']",
DDOG,buffett_quality,Buffett Quality,False,0.25,['D/E < 60.0%: D/E=29%'],"['ROE too low', 'thin margins', 'P/E too high']",
DDOG,economic_moat,Economic Moat,False,0.25,['low leverage D/E=29%'],"['ROE below 18%', 'ROA below 8%', 'margins below 12%']",
DDOG,high_dividend,High Dividend Yield,False,0.0,[],['could not rank yield'],
DDOG,dividend_growth,Dividend Growth,False,0.3333,['earnings growth: growth=1498.5%'],"['yield too low', 'P/E out of range']",
DDOG,magic_formula,Magic Formula,False,0.0777,[],['below top half on combined Magic Formula rank'],
DDOG,acquirers_multiple,Acquirer's Multiple,False,0.0,[],['missing EV or EBIT'],
DDOG,dreman_contrarian,Dreman Contrarian,False,0.079,[],"['P/E not in bottom quartile', 'P/B not cheap vs universe']",
DDOG,piotroski_f,Piotroski F-Score,False,0.6667,"['F-Score=6/9', 'positive net income', 'positive operating cash flow', 'OCF > net income', 'leverage declining', 'current ratio improving', 'asset turnover improving']","['F-Score 6/9 below 7', 'ROA improving', 'no share dilution', 'gross margin improving']","{'f_score': 6, 'max_score': 9, 'components': [{'name': 'positive net income', 'passed': True}, {'name': 'positive operating cash flow', 'passed': True}, {'name': 'ROA improving', 'passed': False}, {'name': 'OCF > net income', 'passed': True}, {'name': 'leverage declining', 'passed': True}, {'name': 'current ratio improving', 'passed': True}, {'name': 'no share dilution', 'passed': False}, {'name': 'gross margin improving', 'passed': False}, {'name': 'asset turnover improving', 'passed': True}]}"
DDOG,composite_value,Composite Value,False,0.2147,[],['missing dividend_yield'],
DDOG,earnings_quality,Earnings Quality,True,1.0,"['FCF/NI=9.76', 'OCF/NI=9.75', 'ratio=-14.18%']",[],
DDOG,financial_health,Financial Health,True,0.8,"['D/E=29%', 'leverage=19.3%', 'CR=3.38', 'ratio=-44.7']",['weak interest coverage'],
DXCM,graham_defensive,Graham Defensive,False,0.0,[],"['P/E >= 15', 'valuation too rich on P/B or P/E×P/B', 'current ratio < 2', 'no dividend']",
DXCM,graham_enterprising,Graham Enterprising,False,0.6,"['Debt/equity < 100%: D/E=53%', 'ROE > 8%: ROE=38.5%', 'Positive earnings growth: growth=43.6%']","['P/E >= 25', 'P/B >= 3']",
DXCM,graham_net_net,Graham Net-Net,False,0.0,[],['missing NCAV (balance sheet data)'],
DXCM,schloss,Schloss Low P/B,False,0.0,[],"['P/B too high', 'too much leverage']",
DXCM,deep_value,Deep Value,False,0.0,[],"['P/B not below 1.0', 'EV/EBITDA not below 8']",
DXCM,earnings_yield,Earnings Yield,False,0.2349,['E/P=2.8% (P/E=35.5)'],['earnings yield 2.8% below 8%'],
DXCM,fcf_yield,FCF Yield,False,0.3015,['FCF yield=3.0%'],['FCF yield 3.0% below 5%'],
DXCM,low_pe_high_yield,Low P/E + High Yield,False,0.0,[],"['P/E not below 12.0', 'yield below 4%']",
DXCM,lynch_peg,Lynch PEG,True,0.1864,"['PEG=0.81', 'growth=43.6%']",[],
DXCM,neff_pegy,Neff PEGY,False,0.0,"['PEGY=nan', 'growth=43.6%', 'yield=nan%']",['PEGY nan >= 1.0'],
DXCM,quality_value,Quality Value,True,0.8,"['ROE >= 12%: ROE=38.5%', 'Profit margin >= 5%: margin=20.1%', 'Debt/equity < 80%: D/E=53%', 'FCF yield >= 3%: FCF yield=3.0%']",['P/E >= 20'],
DXCM,buffett_quality,Buffett Quality,False,0.75,"['ROE >= 15%: ROE=38.5%', 'D/E < 60.0%: D/E=53%', 'margin >= 8%: margin=20.1%']",['P/E too high'],
DXCM,economic_moat,Economic Moat,True,0.75,"['high ROE=38.5%', 'solid ROA=13.2%', 'wide margin=20.1%']",['leverage too high'],
DXCM,high_dividend,High Dividend Yield,False,0.0,[],['could not rank yield'],
DXCM,dividend_growth,Dividend Growth,False,0.3333,['earnings growth: growth=43.6%'],"['yield too low', 'P/E out of range']",
DXCM,magic_formula,Magic Formula,True,0.5631,['ROIC rank 65%'],[],
DXCM,acquirers_multiple,Acquirer's Multiple,False,0.3689,"['EV/EBIT=36.5', 'universe rank 37%']","['EV/EBIT 36.5 above 12.0', 'not in top 40% cheapest on EV/EBIT']",
DXCM,dreman_contrarian,Dreman Contrarian,False,0.45,[],"['P/E not in bottom quartile', 'P/B not cheap vs universe']",
DXCM,piotroski_f,Piotroski F-Score,True,0.8889,"['F-Score=8/9', 'positive net income', 'positive operating cash flow', 'ROA improving', 'OCF > net income', 'leverage declining', 'current ratio improving', 'no share dilution', 'asset turnover improving']",['gross margin improving'],"{'f_score': 8, 'max_score': 9, 'components': [{'name': 'positive net income', 'passed': True}, {'name': 'positive operating cash flow', 'passed': True}, {'name': 'ROA improving', 'passed': True}, {'name': 'OCF > net income', 'passed': True}, {'name': 'leverage declining', 'passed': True}, {'name': 'current ratio improving', 'passed': True}, {'name': 'no share dilution', 'passed': True}, {'name': 'gross margin improving', 'passed': False}, {'name': 'asset turnover improving', 'passed': True}]}"
DXCM,composite_value,Composite Value,False,0.5104,[],['missing dividend_yield'],
DXCM,earnings_quality,Earnings Quality,True,1.0,"['FCF/NI=1.22', 'OCF/NI=1.72', 'ratio=-9.53%']",[],
DXCM,financial_health,Financial Health,True,1.0,"['D/E=53%', 'leverage=21.9%', 'CR=1.88', 'ratio=-0.4', 'coverage=49.8x']",[],
FANG,graham_defensive,Graham Defensive,False,0.5,"['P/B < 1.5 or P/E×P/B < 22.5: P/B=1.50', 'Dividend payer: yield=217.00%']","['P/E >= 15', 'current ratio < 2']",
FANG,graham_enterprising,Graham Enterprising,False,0.6,"['P/B < 3: P/B=1.50', 'Debt/equity < 100%: D/E=29%', 'Positive earnings growth: growth=179.5%']","['P/E >= 25', 'ROE <= 8%']",
FANG,graham_net_net,Graham Net-Net,False,0.0,[],['missing NCAV (balance sheet data)'],
FANG,schloss,Schloss Low P/B,False,0.5,['D/E < 50.0%: D/E=29%'],['P/B too high'],
FANG,deep_value,Deep Value,False,0.5,['EV/EBITDA=6.4'],['P/B not below 1.0'],
FANG,earnings_yield,Earnings Yield,False,0.2157,['E/P=2.6% (P/E=38.6)'],['earnings yield 2.6% below 8%'],
FANG,fcf_yield,FCF Yield,True,0.8882,['FCF yield=8.9%'],[],
FANG,low_pe_high_yield,Low P/E + High Yield,False,0.5,['yield=217.0%'],['P/E not below 12.0'],
FANG,lynch_peg,Lynch PEG,True,0.7847,"['PEG=0.22', 'growth=179.5%']",[],
FANG,neff_pegy,Neff PEGY,True,0.9025,"['PEGY=0.10', 'growth=179.5%', 'yield=217.0%']",[],
FANG,quality_value,Quality Value,False,0.6,"['Profit margin >= 5%: margin=9.0%', 'Debt/equity < 80%: D/E=29%', 'FCF yield >= 3%: FCF yield=8.9%']","['ROE below 12%', 'P/E >= 20']",
FANG,buffett_quality,Buffett Quality,False,0.5,"['D/E < 60.0%: D/E=29%', 'margin >= 8%: margin=9.0%']","['ROE too low', 'P/E too high']",
FANG,economic_moat,Economic Moat,False,0.25,['low leverage D/E=29%'],"['ROE below 18%', 'ROA below 8%', 'margins below 12%']",
FANG,high_dividend,High Dividend Yield,False,0.6721,"['yield=217.0%', 'universe rank 67%']",['not in top quartile for yield'],
FANG,dividend_growth,Dividend Growth,True,0.6667,"['dividend payer: yield=217.0%', 'earnings growth: growth=179.5%']",['P/E out of range'],
FANG,magic_formula,Magic Formula,True,0.5922,['earnings yield rank 92%'],[],
FANG,acquirers_multiple,Acquirer's Multiple,False,0.8155,"['EV/EBIT=15.2', 'universe rank 82%']",['EV/EBIT 15.2 above 12.0'],
FANG,dreman_contrarian,Dreman Contrarian,False,0.6961,"['low P/B rank 92%', 'dividend rank 67%']",['P/E not in bottom quartile'],
FANG,piotroski_f,Piotroski F-Score,False,0.5556,"['F-Score=5/9', 'positive net income', 'positive operating cash flow', 'OCF > net income', 'no share dilution', 'asset turnover improving']","['F-Score 5/9 below 7', 'ROA improving', 'leverage declining', 'current ratio improving', 'gross margin improving']","{'f_score': 5, 'max_score': 9, 'components': [{'name': 'positive net income', 'passed': True}, {'name': 'positive operating cash flow', 'passed': True}, {'name': 'ROA improving', 'passed': False}, {'name': 'OCF > net income', 'passed': True}, {'name': 'leverage declining', 'passed': False}, {'name': 'current ratio improving', 'passed': False}, {'name': 'no share dilution', 'passed': True}, {'name': 'gross margin improving', 'passed': False}, {'name': 'asset turnover improving', 'passed': True}]}"
FANG,composite_value,Composite Value,True,0.7744,"['top-tier on price_to_book (percentile 92%)', 'top-tier on fcf_yield (percentile 94%)', 'top-tier on ev_ebitda (percentile 96%)']",[],
FANG,earnings_quality,Earnings Quality,True,1.0,"['FCF/NI=3.03', 'OCF/NI=5.26', 'ratio=-9.98%']",[],
FANG,financial_health,Financial Health,False,0.8,"['D/E=29%', 'leverage=20.9%', 'ratio=1.0', 'coverage=18.6x']",['weak liquidity'],
DASH,graham_defensive,Graham Defensive,False,0.0,[],"['P/E >= 15', 'valuation too rich on P/B or P/E×P/B', 'current ratio < 2', 'no dividend']",
DASH,graham_enterprising,Graham Enterprising,False,0.4,"['Debt/equity < 100%: D/E=33%', 'ROE > 8%: ROE=8.9%']","['P/E >= 25', 'P/B >= 3', 'negative earnings growth']",
DASH,graham_net_net,Graham Net-Net,False,0.0,[],['missing NCAV (balance sheet data)'],
DASH,schloss,Schloss Low P/B,False,0.5,['D/E < 50.0%: D/E=33%'],['P/B too high'],
DASH,deep_value,Deep Value,False,0.0,[],"['P/B not below 1.0', 'EV/EBITDA not below 8']",
DASH,earnings_yield,Earnings Yield,False,0.0733,['E/P=0.9% (P/E=113.6)'],['earnings yield 0.9% below 8%'],
DASH,fcf_yield,FCF Yield,True,0.5444,['FCF yield=5.4%'],[],
DASH,low_pe_high_yield,Low P/E + High Yield,False,0.0,[],"['P/E not below 12.0', 'yield below 4%']",
DASH,lynch_peg,Lynch PEG,False,0.2,[],['missing or negative earnings growth'],
DASH,neff_pegy,Neff PEGY,False,0.0,"['PEGY=nan', 'growth=-30.0%', 'yield=nan%']",['PEGY nan >= 1.0'],
DASH,quality_value,Quality Value,False,0.6,"['Profit margin >= 5%: margin=5.3%', 'Debt/equity < 80%: D/E=33%', 'FCF yield >= 3%: FCF yield=5.4%']","['ROE below 12%', 'P/E >= 20']",
DASH,buffett_quality,Buffett Quality,False,0.25,['D/E < 60.0%: D/E=33%'],"['ROE too low', 'thin margins', 'P/E too high']",
DASH,economic_moat,Economic Moat,False,0.25,['low leverage D/E=33%'],"['ROE below 18%', 'ROA below 8%', 'margins below 12%']",
DASH,high_dividend,High Dividend Yield,False,0.0,[],['could not rank yield'],
DASH,dividend_growth,Dividend Growth,False,0.0,[],"['yield too low', 'earnings not growing', 'P/E out of range']",
DASH,magic_formula,Magic Formula,False,0.199,[],['below top half on combined Magic Formula rank'],
DASH,acquirers_multiple,Acquirer's Multiple,False,0.0971,"['EV/EBIT=126.9', 'universe rank 10%']","['EV/EBIT 126.9 above 12.0', 'not in top 40% cheapest on EV/EBIT']",
DASH,dreman_contrarian,Dreman Contrarian,False,0.3098,[],"['P/E not in bottom quartile', 'P/B not cheap vs universe']",
DASH,piotroski_f,Piotroski F-Score,False,0.5556,"['F-Score=5/9', 'positive net income', 'positive operating cash flow', 'ROA improving', 'OCF > net income', 'gross margin improving']","['F-Score 5/9 below 7', 'leverage declining', 'current ratio improving', 'no share dilution', 'asset turnover improving']","{'f_score': 5, 'max_score': 9, 'components': [{'name': 'positive net income', 'passed': True}, {'name': 'positive operating cash flow', 'passed': True}, {'name': 'ROA improving', 'passed': True}, {'name': 'OCF > net income', 'passed': True}, {'name': 'leverage declining', 'passed': False}, {'name': 'current ratio improving', 'passed': False}, {'name': 'no share dilution', 'passed': False}, {'name': 'gross margin improving', 'passed': True}, {'name': 'asset turnover improving', 'passed': False}]}"
DASH,composite_value,Composite Value,False,0.4091,['top-tier on fcf_yield (percentile 82%)'],['missing dividend_yield'],
DASH,earnings_quality,Earnings Quality,True,1.0,"['FCF/NI=5.51', 'OCF/NI=2.60', 'ratio=-7.61%']",[],
DASH,financial_health,Financial Health,True,1.0,"['D/E=33%', 'leverage=16.7%', 'CR=1.41', 'ratio=-1.4', 'insufficient data — skipped']",[],
EA,graham_defensive,Graham Defensive,False,0.25,['Dividend payer: yield=36.00%'],"['P/E >= 15', 'valuation too rich on P/B or P/E×P/B', 'current ratio < 2']",
EA,graham_enterprising,Graham Enterprising,False,0.6,"['Debt/equity < 100%: D/E=27%', 'ROE > 8%: ROE=13.5%', 'Positive earnings growth: growth=85.3%']","['P/E >= 25', 'P/B >= 3']",
EA,graham_net_net,Graham Net-Net,False,0.0,[],['missing NCAV (balance sheet data)'],
EA,schloss,Schloss Low P/B,False,0.5,['D/E < 50.0%: D/E=27%'],['P/B too high'],
EA,deep_value,Deep Value,False,0.0,[],"['P/B not below 1.0', 'EV/EBITDA not below 8']",
EA,earnings_yield,Earnings Yield,False,0.139,['E/P=1.7% (P/E=60.0)'],['earnings yield 1.7% below 8%'],
EA,fcf_yield,FCF Yield,False,0.419,['FCF yield=4.2%'],['FCF yield 4.2% below 5%'],
EA,low_pe_high_yield,Low P/E + High Yield,False,0.5,['yield=36.0%'],['P/E not below 12.0'],
EA,lynch_peg,Lynch PEG,True,0.2971,"['PEG=0.70', 'growth=85.3%']",[],
EA,neff_pegy,Neff PEGY,True,0.5057,"['PEGY=0.49', 'growth=85.3%', 'yield=36.0%']",[],
EA,quality_value,Quality Value,True,0.8,"['ROE >= 12%: ROE=13.5%', 'Profit margin >= 5%: margin=11.8%', 'Debt/equity < 80%: D/E=27%', 'FCF yield >= 3%: FCF yield=4.2%']",['P/E >= 20'],
EA,buffett_quality,Buffett Quality,False,0.5,"['D/E < 60.0%: D/E=27%', 'margin >= 8%: margin=11.8%']","['ROE too low', 'P/E too high']",
EA,economic_moat,Economic Moat,False,0.25,['low leverage D/E=27%'],"['ROE below 18%', 'ROA below 8%', 'margins below 12%']",
EA,high_dividend,High Dividend Yield,False,0.1639,"['yield=36.0%', 'universe rank 16%']",['not in top quartile for yield'],
EA,dividend_growth,Dividend Growth,True,0.6667,"['dividend payer: yield=36.0%', 'earnings growth: growth=85.3%']",['P/E out of range'],
EA,magic_formula,Magic Formula,False,0.3981,[],['below top half on combined Magic Formula rank'],
EA,acquirers_multiple,Acquirer's Multiple,False,0.301,"['EV/EBIT=44.3', 'universe rank 30%']","['EV/EBIT 44.3 above 12.0', 'not in top 40% cheapest on EV/EBIT']",
EA,dreman_contrarian,Dreman Contrarian,False,0.3252,[],"['P/E not in bottom quartile', 'P/B not cheap vs universe', 'dividend yield below median']",
EA,piotroski_f,Piotroski F-Score,False,0.6667,"['F-Score=6/9', 'positive net income', 'positive operating cash flow', 'OCF > net income', 'leverage declining', 'current ratio improving', 'no share dilution']","['F-Score 6/9 below 7', 'ROA improving', 'gross margin improving', 'asset turnover improving']","{'f_score': 6, 'max_score': 9, 'components': [{'name': 'positive net income', 'passed': True}, {'name': 'positive operating cash flow', 'passed': True}, {'name': 'ROA improving', 'passed': False}, {'name': 'OCF > net income', 'passed': True}, {'name': 'leverage declining', 'passed': True}, {'name': 'current ratio improving', 'passed': True}, {'name': 'no share dilution', 'passed': True}, {'name': 'gross margin improving', 'passed': False}, {'name': 'asset turnover improving', 'passed': False}]}"
EA,composite_value,Composite Value,False,0.3388,[],[],
EA,earnings_quality,Earnings Quality,True,1.0,"['FCF/NI=2.50', 'OCF/NI=2.88', 'ratio=-12.69%']",[],
EA,financial_health,Financial Health,False,0.8,"['D/E=27%', 'leverage=11.8%', 'ratio=-0.8', 'coverage=21.9x']",['weak liquidity'],
EXC,graham_defensive,Graham Defensive,False,0.25,['Dividend payer: yield=366.00%'],"['P/E >= 15', 'valuation too rich on P/B or P/E×P/B', 'current ratio < 2']",
EXC,graham_enterprising,Graham Enterprising,False,0.6,"['P/E < 25: P/E=16.9', 'P/B < 3: P/B=1.59', 'ROE > 8%: ROE=9.7%']","['excessive leverage', 'negative earnings growth']",
EXC,graham_net_net,Graham Net-Net,False,0.0,[],['missing NCAV (balance sheet data)'],
EXC,schloss,Schloss Low P/B,False,0.0,[],"['P/B too high', 'too much leverage']",
EXC,deep_value,Deep Value,False,0.0,[],"['P/B not below 1.0', 'EV/EBITDA not below 8']",
EXC,earnings_yield,Earnings Yield,False,0.4943,['E/P=5.9% (P/E=16.9)'],['earnings yield 5.9% below 8%'],
EXC,fcf_yield,FCF Yield,False,0.0,['FCF yield=-5.7%'],['FCF yield -5.7% below 5%'],
EXC,low_pe_high_yield,Low P/E + High Yield,False,0.5,['yield=366.0%'],['P/E not below 12.0'],
EXC,lynch_peg,Lynch PEG,False,0.2,[],['missing or negative earnings growth'],
EXC,neff_pegy,Neff PEGY,True,0.9539,"['PEGY=0.05', 'growth=-0.2%', 'yield=366.0%']",[],
EXC,quality_value,Quality Value,False,0.4,"['Profit margin >= 5%: margin=11.0%', 'P/E < 20: P/E=16.9']","['ROE below 12%', 'high leverage', 'FCF yield below 3%']",
EXC,buffett_quality,Buffett Quality,False,0.5,"['margin >= 8%: margin=11.0%', 'P/E < 25.0: P/E=16.9']","['ROE too low', 'too much debt']",
EXC,economic_moat,Economic Moat,False,0.0,[],"['ROE below 18%', 'ROA below 8%', 'margins below 12%', 'leverage too high']",
EXC,high_dividend,High Dividend Yield,True,0.918,"['yield=366.0%', 'universe rank 92%']",[],
EXC,dividend_growth,Dividend Growth,True,0.6667,"['dividend payer: yield=366.0%', 'reasonable P/E: P/E=16.9']",['earnings not growing'],
EXC,magic_formula,Magic Formula,True,0.5,['earnings yield rank 83%'],[],
EXC,acquirers_multiple,Acquirer's Multiple,False,0.7184,"['EV/EBIT=19.1', 'universe rank 72%']",['EV/EBIT 19.1 above 12.0'],
EXC,dreman_contrarian,Dreman Contrarian,True,0.9213,"['low P/E rank 93%', 'low P/B rank 91%', 'dividend rank 92%']",[],
EXC,piotroski_f,Piotroski F-Score,True,0.7778,"['F-Score=7/9', 'positive net income', 'positive operating cash flow', 'ROA improving', 'OCF > net income', 'leverage declining', 'current ratio improving', 'gross margin improving']","['no share dilution', 'asset turnover improving']","{'f_score': 7, 'max_score': 9, 'components': [{'name': 'positive net income', 'passed': True}, {'name': 'positive operating cash flow', 'passed': True}, {'name': 'ROA improving', 'passed': True}, {'name': 'OCF > net income', 'passed': True}, {'name': 'leverage declining', 'passed': True}, {'name': 'current ratio improving', 'passed': True}, {'name': 'no share dilution', 'passed': False}, {'name': 'gross margin improving', 'passed': True}, {'name': 'asset turnover improving', 'passed': False}]}"
EXC,composite_value,Composite Value,True,0.9,"['top-tier on trailing_pe (percentile 100%)', 'top-tier on price_to_book (percentile 100%)', 'top-tier on dividend_yield (percentile 75%)', 'top-tier on fcf_yield (percentile 75%)', 'top-tier on ev_ebitda (percentile 100%)']",[],
EXC,earnings_quality,Earnings Quality,False,0.6667,"['OCF/NI=2.26', 'ratio=-2.99%']",['weak free-cash conversion'],
EXC,financial_health,Financial Health,False,0.2,['leverage=43.0%'],"['high debt to equity', 'weak liquidity', 'high net debt/EBITDA', 'weak interest coverage']",
FAST,graham_defensive,Graham Defensive,False,0.5,"['Current ratio >= 2: CR=4.18', 'Dividend payer: yield=188.00%']","['P/E >= 15', 'valuation too rich on P/B or P/E×P/B']",
FAST,graham_enterprising,Graham Enterprising,False,0.6,"['Debt/equity < 100%: D/E=11%', 'ROE > 8%: ROE=34.3%', 'Positive earnings growth: growth=14.6%']","['P/E >= 25', 'P/B >= 3']",
FAST,graham_net_net,Graham Net-Net,False,0.0,[],['missing NCAV (balance sheet data)'],
FAST,schloss,Schloss Low P/B,False,0.5,['D/E < 50.0%: D/E=11%'],['P/B too high'],
FAST,deep_value,Deep Value,False,0.0,[],"['P/B not below 1.0', 'EV/EBITDA not below 8']",
FAST,earnings_yield,Earnings Yield,False,0.1911,['E/P=2.3% (P/E=43.6)'],['earnings yield 2.3% below 8%'],
FAST,fcf_yield,FCF Yield,False,0.1565,['FCF yield=1.6%'],['FCF yield 1.6% below 5%'],
FAST,low_pe_high_yield,Low P/E + High Yield,False,0.5,['yield=188.0%'],['P/E not below 12.0'],
FAST,lynch_peg,Lynch PEG,False,0.0,"['PEG=2.99', 'growth=14.6%']",['PEG 2.99 >= 1.0'],
FAST,neff_pegy,Neff PEGY,True,0.7848,"['PEGY=0.22', 'growth=14.6%', 'yield=188.0%']",[],
FAST,quality_value,Quality Value,False,0.6,"['ROE >= 12%: ROE=34.3%', 'Profit margin >= 5%: margin=15.5%', 'Debt/equity < 80%: D/E=11%']","['P/E >= 20', 'FCF yield below 3%']",
FAST,buffett_quality,Buffett Quality,False,0.75,"['ROE >= 15%: ROE=34.3%', 'D/E < 60.0%: D/E=11%', 'margin >= 8%: margin=15.5%']",['P/E too high'],
FAST,economic_moat,Economic Moat,True,1.0,"['high ROE=34.3%', 'solid ROA=24.9%', 'wide margin=15.5%', 'low leverage D/E=11%']",[],
FAST,high_dividend,High Dividend Yield,False,0.6393,"['yield=188.0%', 'universe rank 64%']",['not in top quartile for yield'],
FAST,dividend_growth,Dividend Growth,True,0.6667,"['dividend payer: yield=188.0%', 'earnings growth: growth=14.6%']",['P/E out of range'],
FAST,magic_formula,Magic Formula,True,0.6845,"['earnings yield rank 50%', 'ROIC rank 86%']",[],
FAST,acquirers_multiple,Acquirer's Multiple,False,0.3981,"['EV/EBIT=35.5', 'universe rank 40%']","['EV/EBIT 35.5 above 12.0', 'not in top 40% cheapest on EV/EBIT']",
FAST,dreman_contrarian,Dreman Contrarian,False,0.4459,['dividend rank 64%'],"['P/E not in bottom quartile', 'P/B not cheap vs universe']",
FAST,piotroski_f,Piotroski F-Score,True,0.8889,"['F-Score=8/9', 'positive net income', 'positive operating cash flow', 'ROA improving', 'OCF > net income', 'leverage declining', 'current ratio improving', 'no share dilution', 'asset turnover improving']",['gross margin improving'],"{'f_score': 8, 'max_score': 9, 'components': [{'name': 'positive net income', 'passed': True}, {'name': 'positive operating cash flow', 'passed': True}, {'name': 'ROA improving', 'passed': True}, {'name': 'OCF > net income', 'passed': True}, {'name': 'leverage declining', 'passed': True}, {'name': 'current ratio improving', 'passed': True}, {'name': 'no share dilution', 'passed': True}, {'name': 'gross margin improving', 'passed': False}, {'name': 'asset turnover improving', 'passed': True}]}"
FAST,composite_value,Composite Value,False,0.36,[],[],
FAST,earnings_quality,Earnings Quality,True,1.0,"['FCF/NI=0.73', 'OCF/NI=1.03', 'ratio=-0.74%']",[],
FAST,financial_health,Financial Health,True,1.0,"['D/E=11%', 'leverage=8.7%', 'CR=4.85', 'ratio=0.1', 'coverage=267.0x']",[],
FER,graham_defensive,Graham Defensive,False,0.25,['Dividend payer: yield=258.00%'],"['P/E >= 15', 'valuation too rich on P/B or P/E×P/B', 'current ratio < 2']",
FER,graham_enterprising,Graham Enterprising,False,0.2,['ROE > 8%: ROE=11.6%'],"['P/E >= 25', 'P/B >= 3', 'excessive leverage', 'negative earnings growth']",
FER,graham_net_net,Graham Net-Net,False,0.0,[],['missing NCAV (balance sheet data)'],
FER,schloss,Schloss Low P/B,False,0.0,[],"['P/B too high', 'too much leverage']",
FER,deep_value,Deep Value,False,0.0,[],"['P/B not below 1.0', 'EV/EBITDA not below 8']",
FER,earnings_yield,Earnings Yield,False,0.1247,['E/P=1.5% (P/E=66.8)'],['earnings yield 1.5% below 8%'],
FER,fcf_yield,FCF Yield,False,0.1924,['FCF yield=1.9%'],['FCF yield 1.9% below 5%'],
FER,low_pe_high_yield,Low P/E + High Yield,False,0.5,['yield=258.0%'],['P/E not below 12.0'],
FER,lynch_peg,Lynch PEG,False,0.2,[],['missing or negative earnings growth'],
FER,neff_pegy,Neff PEGY,True,0.6757,"['PEGY=0.32', 'growth=-52.0%', 'yield=258.0%']",[],
FER,quality_value,Quality Value,False,0.2,['Profit margin >= 5%: margin=6.1%'],"['ROE below 12%', 'high leverage', 'P/E >= 20', 'FCF yield below 3%']",
FER,buffett_quality,Buffett Quality,False,0.0,[],"['ROE too low', 'too much debt', 'thin margins', 'P/E too high']",
FER,economic_moat,Economic Moat,False,0.0,[],"['ROE below 18%', 'ROA below 8%', 'margins below 12%', 'leverage too high']",
FER,high_dividend,High Dividend Yield,True,0.8361,"['yield=258.0%', 'universe rank 84%']",[],
FER,dividend_growth,Dividend Growth,False,0.3333,['dividend payer: yield=258.0%'],"['earnings not growing', 'P/E out of range']",
FER,magic_formula,Magic Formula,False,0.2427,[],['below top half on combined Magic Formula rank'],
FER,acquirers_multiple,Acquirer's Multiple,False,0.2136,"['EV/EBIT=56.6', 'universe rank 21%']","['EV/EBIT 56.6 above 12.0', 'not in top 40% cheapest on EV/EBIT']",
FER,dreman_contrarian,Dreman Contrarian,False,0.537,['dividend rank 84%'],"['P/E not in bottom quartile', 'P/B not cheap vs universe']",
FER,piotroski_f,Piotroski F-Score,True,0.7778,"['F-Score=7/9', 'positive net income', 'positive operating cash flow', 'OCF > net income', 'leverage declining', 'no share dilution', 'gross margin improving', 'asset turnover improving']","['ROA improving', 'current ratio improving']","{'f_score': 7, 'max_score': 9, 'components': [{'name': 'positive net income', 'passed': True}, {'name': 'positive operating cash flow', 'passed': True}, {'name': 'ROA improving', 'passed': False}, {'name': 'OCF > net income', 'passed': True}, {'name': 'leverage declining', 'passed': True}, {'name': 'current ratio improving', 'passed': False}, {'name': 'no share dilution', 'passed': True}, {'name': 'gross margin improving', 'passed': True}, {'name': 'asset turnover improving', 'passed': True}]}"
FER,composite_value,Composite Value,False,0.4355,['top-tier on dividend_yield (percentile 88%)'],[],
FER,earnings_quality,Earnings Quality,True,1.0,"['FCF/NI=1.00', 'OCF/NI=2.17', 'ratio=-3.79%']",[],
FER,financial_health,Financial Health,False,0.4,"['leverage=39.1%', 'CR=1.13']","['high debt to equity', 'high net debt/EBITDA', 'weak interest coverage']",
FTNT,graham_defensive,Graham Defensive,False,0.0,[],"['P/E >= 15', 'valuation too rich on P/B or P/E×P/B', 'current ratio < 2', 'no dividend']",
FTNT,graham_enterprising,Graham Enterprising,False,0.6,"['Debt/equity < 100%: D/E=36%', 'ROE > 8%: ROE=117.4%', 'Positive earnings growth: growth=43.9%']","['P/E >= 25', 'P/B >= 3']",
FTNT,graham_net_net,Graham Net-Net,False,0.0,[],['missing NCAV (balance sheet data)'],
FTNT,schloss,Schloss Low P/B,False,0.5,['D/E < 50.0%: D/E=36%'],['P/B too high'],
FTNT,deep_value,Deep Value,False,0.0,[],"['P/B not below 1.0', 'EV/EBITDA not below 8']",
FTNT,earnings_yield,Earnings Yield,False,0.1474,['E/P=1.8% (P/E=56.5)'],['earnings yield 1.8% below 8%'],
FTNT,fcf_yield,FCF Yield,False,0.193,['FCF yield=1.9%'],['FCF yield 1.9% below 5%'],
FTNT,low_pe_high_yield,Low P/E + High Yield,False,0.0,[],"['P/E not below 12.0', 'yield below 4%']",
FTNT,lynch_peg,Lynch PEG,False,0.0,"['PEG=1.29', 'growth=43.9%']",['PEG 1.29 >= 1.0'],
FTNT,neff_pegy,Neff PEGY,False,0.0,"['PEGY=nan', 'growth=43.9%', 'yield=nan%']",['PEGY nan >= 1.0'],
FTNT,quality_value,Quality Value,False,0.6,"['ROE >= 12%: ROE=117.4%', 'Profit margin >= 5%: margin=28.2%', 'Debt/equity < 80%: D/E=36%']","['P/E >= 20', 'FCF yield below 3%']",
FTNT,buffett_quality,Buffett Quality,False,0.75,"['ROE >= 15%: ROE=117.4%', 'D/E < 60.0%: D/E=36%', 'margin >= 8%: margin=28.2%']",['P/E too high'],
FTNT,economic_moat,Economic Moat,True,1.0,"['high ROE=117.4%', 'solid ROA=17.8%', 'wide margin=28.2%', 'low leverage D/E=36%']",[],
FTNT,high_dividend,High Dividend Yield,False,0.0,[],['could not rank yield'],
FTNT,dividend_growth,Dividend Growth,False,0.3333,['earnings growth: growth=43.9%'],"['yield too low', 'P/E out of range']",
FTNT,magic_formula,Magic Formula,True,0.6068,['ROIC rank 87%'],[],
FTNT,acquirers_multiple,Acquirer's Multiple,False,0.233,"['EV/EBIT=54.6', 'universe rank 23%']","['EV/EBIT 54.6 above 12.0', 'not in top 40% cheapest on EV/EBIT']",
FTNT,dreman_contrarian,Dreman Contrarian,False,0.1631,[],"['P/E not in bottom quartile', 'P/B not cheap vs universe']",
FTNT,piotroski_f,Piotroski F-Score,False,0.6667,"['F-Score=6/9', 'positive net income', 'positive operating cash flow', 'OCF > net income', 'leverage declining', 'no share dilution', 'asset turnover improving']","['F-Score 6/9 below 7', 'ROA improving', 'current ratio improving', 'gross margin improving']","{'f_score': 6, 'max_score': 9, 'components': [{'name': 'positive net income', 'passed': True}, {'name': 'positive operating cash flow', 'passed': True}, {'name': 'ROA improving', 'passed': False}, {'name': 'OCF > net income', 'passed': True}, {'name': 'leverage declining', 'passed': True}, {'name': 'current ratio improving', 'passed': False}, {'name': 'no share dilution', 'passed': True}, {'name': 'gross margin improving', 'passed': False}, {'name': 'asset turnover improving', 'passed': True}]}"
FTNT,composite_value,Composite Value,False,0.4194,[],['missing dividend_yield'],
FTNT,earnings_quality,Earnings Quality,True,1.0,"['FCF/NI=1.22', 'OCF/NI=1.40', 'ratio=-7.10%']",[],
FTNT,financial_health,Financial Health,True,1.0,"['D/E=36%', 'leverage=9.6%', 'CR=1.17', 'ratio=-1.4', 'coverage=103.7x']",[],
GEHC,graham_defensive,Graham Defensive,False,0.25,['Dividend payer: yield=19.00%'],"['P/E >= 15', 'valuation too rich on P/B or P/E×P/B', 'current ratio < 2']",
GEHC,graham_enterprising,Graham Enterprising,False,0.8,"['P/E < 25: P/E=17.0', 'Debt/equity < 100%: D/E=94%', 'ROE > 8%: ROE=19.4%', 'Positive earnings growth: growth=16.8%']",['P/B >= 3'],
GEHC,graham_net_net,Graham Net-Net,False,0.0,[],['missing NCAV (balance sheet data)'],
GEHC,schloss,Schloss Low P/B,False,0.0,[],"['P/B too high', 'too much leverage']",
GEHC,deep_value,Deep Value,False,0.0,[],"['P/B not below 1.0', 'EV/EBITDA not below 8']",
GEHC,earnings_yield,Earnings Yield,False,0.4908,['E/P=5.9% (P/E=17.0)'],['earnings yield 5.9% below 8%'],
GEHC,fcf_yield,FCF Yield,False,0.4726,['FCF yield=4.7%'],['FCF yield 4.7% below 5%'],
GEHC,low_pe_high_yield,Low P/E + High Yield,False,0.5,['yield=19.0%'],['P/E not below 12.0'],
GEHC,lynch_peg,Lynch PEG,False,0.0,"['PEG=1.01', 'growth=16.8%']",['PEG 1.01 >= 1.0'],
GEHC,neff_pegy,Neff PEGY,True,0.5257,"['PEGY=0.47', 'growth=16.8%', 'yield=19.0%']",[],
GEHC,quality_value,Quality Value,True,0.8,"['ROE >= 12%: ROE=19.4%', 'Profit margin >= 5%: margin=9.3%', 'P/E < 20: P/E=17.0', 'FCF yield >= 3%: FCF yield=4.7%']",['high leverage'],
GEHC,buffett_quality,Buffett Quality,True,0.75,"['ROE >= 15%: ROE=19.4%', 'margin >= 8%: margin=9.3%', 'P/E < 25.0: P/E=17.0']",['too much debt'],
GEHC,economic_moat,Economic Moat,False,0.25,['high ROE=19.4%'],"['ROA below 8%', 'margins below 12%', 'leverage too high']",
GEHC,high_dividend,High Dividend Yield,False,0.0656,"['yield=19.0%', 'universe rank 7%']",['not in top quartile for yield'],
GEHC,dividend_growth,Dividend Growth,True,1.0,"['dividend payer: yield=19.0%', 'earnings growth: growth=16.8%', 'reasonable P/E: P/E=17.0']",[],
GEHC,magic_formula,Magic Formula,True,0.6408,['earnings yield rank 93%'],[],
GEHC,acquirers_multiple,Acquirer's Multiple,False,0.8252,"['EV/EBIT=15.2', 'universe rank 83%']",['EV/EBIT 15.2 above 12.0'],
GEHC,dreman_contrarian,Dreman Contrarian,True,0.6008,"['low P/E rank 92%', 'low P/B rank 81%']",['dividend yield below median'],
GEHC,piotroski_f,Piotroski F-Score,False,0.4444,"['F-Score=4/9', 'positive net income', 'positive operating cash flow', 'current ratio improving', 'no share dilution']","['F-Score 4/9 below 7', 'ROA improving', 'OCF > net income', 'leverage declining', 'gross margin improving', 'asset turnover improving']","{'f_score': 4, 'max_score': 9, 'components': [{'name': 'positive net income', 'passed': True}, {'name': 'positive operating cash flow', 'passed': True}, {'name': 'ROA improving', 'passed': False}, {'name': 'OCF > net income', 'passed': False}, {'name': 'leverage declining', 'passed': False}, {'name': 'current ratio improving', 'passed': True}, {'name': 'no share dilution', 'passed': True}, {'name': 'gross margin improving', 'passed': False}, {'name': 'asset turnover improving', 'passed': False}]}"
GEHC,composite_value,Composite Value,True,0.7333,"['top-tier on trailing_pe (percentile 100%)', 'top-tier on price_to_book (percentile 89%)', 'top-tier on fcf_yield (percentile 78%)', 'top-tier on ev_ebitda (percentile 100%)']",[],
GEHC,earnings_quality,Earnings Quality,True,1.0,"['FCF/NI=0.75', 'OCF/NI=0.95', 'ratio=0.26%']",[],
GEHC,financial_health,Financial Health,False,0.8,"['leverage=28.4%', 'CR=1.37', 'ratio=2.4', 'coverage=6.3x']",['high debt to equity'],
GILD,graham_defensive,Graham Defensive,False,0.25,['Dividend payer: yield=237.00%'],"['no positive trailing P/E', 'valuation too rich on P/B or P/E×P/B', 'current ratio < 2']",
GILD,graham_enterprising,Graham Enterprising,False,0.0,[],"['missing P/E', 'P/B >= 3', 'excessive leverage', 'ROE <= 8%', 'negative earnings growth']",
GILD,graham_net_net,Graham Net-Net,False,0.0,[],['missing NCAV (balance sheet data)'],
GILD,schloss,Schloss Low P/B,False,0.0,[],"['P/B too high', 'too much leverage']",
GILD,deep_value,Deep Value,False,0.0,[],"['P/B not below 1.0', 'EV/EBITDA not below 8']",
GILD,earnings_yield,Earnings Yield,False,1.0,['E/P=nan% (P/E=nan)'],['earnings yield nan% below 8%'],
GILD,fcf_yield,FCF Yield,True,0.5694,['FCF yield=5.7%'],[],
GILD,low_pe_high_yield,Low P/E + High Yield,False,0.5,['yield=237.0%'],['P/E not below 12.0'],
GILD,lynch_peg,Lynch PEG,False,0.0,"['PEG=nan', 'growth=nan%']",[],
GILD,neff_pegy,Neff PEGY,False,0.0,"['PEGY=nan', 'growth=nan%', 'yield=237.0%']",['PEGY nan >= 1.0'],
GILD,quality_value,Quality Value,False,0.2,['FCF yield >= 3%: FCF yield=5.7%'],"['ROE below 12%', 'thin margins', 'high leverage', 'missing P/E']",
GILD,buffett_quality,Buffett Quality,False,0.0,[],"['ROE too low', 'too much debt', 'thin margins', 'missing P/E']",
GILD,economic_moat,Economic Moat,False,0.25,['solid ROA=14.4%'],"['ROE below 18%', 'margins below 12%', 'leverage too high']",
GILD,high_dividend,High Dividend Yield,False,0.7705,"['yield=237.0%', 'universe rank 77%']",['no positive earnings'],
GILD,dividend_growth,Dividend Growth,False,0.3333,['dividend payer: yield=237.0%'],"['earnings not growing', 'P/E out of range']",
GILD,magic_formula,Magic Formula,True,0.7961,"['earnings yield rank 90%', 'ROIC rank 69%']",[],
GILD,acquirers_multiple,Acquirer's Multiple,False,0.7961,"['EV/EBIT=16.5', 'universe rank 80%']",['EV/EBIT 16.5 above 12.0'],
GILD,dreman_contrarian,Dreman Contrarian,False,0.5323,['dividend rank 77%'],['P/B not cheap vs universe'],
GILD,piotroski_f,Piotroski F-Score,True,0.8889,"['F-Score=8/9', 'positive net income', 'positive operating cash flow', 'ROA improving', 'OCF > net income', 'leverage declining', 'no share dilution', 'gross margin improving', 'asset turnover improving']",['current ratio improving'],"{'f_score': 8, 'max_score': 9, 'components': [{'name': 'positive net income', 'passed': True}, {'name': 'positive operating cash flow', 'passed': True}, {'name': 'ROA improving', 'passed': True}, {'name': 'OCF > net income', 'passed': True}, {'name': 'leverage declining', 'passed': True}, {'name': 'current ratio improving', 'passed': False}, {'name': 'no share dilution', 'passed': True}, {'name': 'gross margin improving', 'passed': True}, {'name': 'asset turnover improving', 'passed': True}]}"
GILD,composite_value,Composite Value,True,0.6667,"['top-tier on fcf_yield (percentile 89%)', 'top-tier on ev_ebitda (percentile 89%)']",['missing trailing_pe'],
GILD,earnings_quality,Earnings Quality,True,1.0,"['FCF/NI=1.15', 'OCF/NI=1.18', 'ratio=-2.56%']",[],
GILD,financial_health,Financial Health,False,0.8,"['leverage=42.2%', 'CR=1.55', 'ratio=1.5', 'coverage=11.4x']",['high debt to equity'],
HONA,graham_defensive,Graham Defensive,False,0.25,['P/B < 1.5 or P/E×P/B < 22.5: P/B=-9.26'],"['P/E >= 15', 'current ratio < 2', 'no dividend']",
HONA,graham_enterprising,Graham Enterprising,False,0.2,['P/B < 3: P/B=-9.26'],"['P/E >= 25', 'excessive leverage', 'ROE <= 8%', 'negative earnings growth']",
HONA,graham_net_net,Graham Net-Net,False,0.0,[],['missing NCAV (balance sheet data)'],
HONA,schloss,Schloss Low P/B,False,0.5,['P/B < 1.2: P/B=-9.26'],['too much leverage'],
HONA,deep_value,Deep Value,False,0.5,['P/B=-9.26'],['EV/EBITDA not below 8'],
HONA,earnings_yield,Earnings Yield,False,0.1643,['E/P=2.0% (P/E=50.7)'],['earnings yield 2.0% below 8%'],
HONA,fcf_yield,FCF Yield,False,1.0,['FCF yield=nan%'],['FCF yield nan% below 5%'],
HONA,low_pe_high_yield,Low P/E + High Yield,False,0.0,[],"['P/E not below 12.0', 'yield below 4%']",
HONA,lynch_peg,Lynch PEG,False,0.2,[],['missing or negative earnings growth'],
HONA,neff_pegy,Neff PEGY,False,0.0,"['PEGY=nan', 'growth=-70.9%', 'yield=nan%']",['PEGY nan >= 1.0'],
HONA,quality_value,Quality Value,False,0.2,['Profit margin >= 5%: margin=10.9%'],"['ROE below 12%', 'high leverage', 'P/E >= 20', 'FCF yield below 3%']",
HONA,buffett_quality,Buffett Quality,False,0.25,['margin >= 8%: margin=10.9%'],"['ROE too low', 'too much debt', 'P/E too high']",
HONA,economic_moat,Economic Moat,False,0.25,['solid ROA=10.1%'],"['ROE below 18%', 'margins below 12%', 'leverage too high']",
HONA,high_dividend,High Dividend Yield,False,0.0,[],['could not rank yield'],
HONA,dividend_growth,Dividend Growth,False,0.0,[],"['yield too low', 'earnings not growing', 'P/E out of range']",
HONA,magic_formula,Magic Formula,True,0.801,"['earnings yield rank 80%', 'ROIC rank 81%']",[],
HONA,acquirers_multiple,Acquirer's Multiple,False,0.6893,"['EV/EBIT=20.8', 'universe rank 69%']",['EV/EBIT 20.8 above 12.0'],
HONA,dreman_contrarian,Dreman Contrarian,False,0.6397,['low P/B rank 96%'],['P/E not in bottom quartile'],
HONA,piotroski_f,Piotroski F-Score,False,0.5556,"['F-Score=5/9', 'positive net income', 'positive operating cash flow', 'OCF > net income', 'no share dilution', 'asset turnover improving']","['F-Score 5/9 below 7', 'ROA improving', 'leverage declining', 'current ratio improving', 'gross margin improving']","{'f_score': 5, 'max_score': 9, 'components': [{'name': 'positive net income', 'passed': True}, {'name': 'positive operating cash flow', 'passed': True}, {'name': 'ROA improving', 'passed': False}, {'name': 'OCF > net income', 'passed': True}, {'name': 'leverage declining', 'passed': False}, {'name': 'current ratio improving', 'passed': False}, {'name': 'no share dilution', 'passed': True}, {'name': 'gross margin improving', 'passed': False}, {'name': 'asset turnover improving', 'passed': True}]}"
HONA,composite_value,Composite Value,False,0.62,['top-tier on price_to_book (percentile 100%)'],"['missing dividend_yield', 'missing fcf_yield']",
HONA,earnings_quality,Earnings Quality,False,0.6667,"['OCF/NI=2.08', 'ratio=-10.88%']",['weak free-cash conversion'],
HONA,financial_health,Financial Health,False,0.6,"['leverage=1.5%', 'CR=1.28', 'coverage=4.0x']","['high debt to equity', 'high net debt/EBITDA']",
HON,graham_defensive,Graham Defensive,False,0.5,"['P/E < 15: P/E=9.0', 'Dividend payer: yield=120.00%']","['valuation too rich on P/B or P/E×P/B', 'current ratio < 2']",
HON,graham_enterprising,Graham Enterprising,False,0.6,"['P/E < 25: P/E=9.0', 'ROE > 8%: ROE=46.6%', 'Positive earnings growth: growth=263.9%']","['P/B >= 3', 'excessive leverage']",
HON,graham_net_net,Graham Net-Net,False,0.0,[],['missing NCAV (balance sheet data)'],
HON,schloss,Schloss Low P/B,False,0.0,[],"['P/B too high', 'too much leverage']",
HON,deep_value,Deep Value,False,0.0,[],"['P/B not below 1.0', 'EV/EBITDA not below 8']",
HON,earnings_yield,Earnings Yield,True,0.9268,['E/P=11.1% (P/E=9.0)'],[],
HON,fcf_yield,FCF Yield,False,0.352,['FCF yield=3.5%'],['FCF yield 3.5% below 5%'],
HON,low_pe_high_yield,Low P/E + High Yield,True,1.0,"['P/E=9.0', 'yield=120.0%']",[],
HON,lynch_peg,Lynch PEG,True,0.9659,"['PEG=0.03', 'growth=263.9%']",[],
HON,neff_pegy,Neff PEGY,True,0.9766,"['PEGY=0.02', 'growth=263.9%', 'yield=120.0%']",[],
HON,quality_value,Quality Value,True,0.8,"['ROE >= 12%: ROE=46.6%', 'Profit margin >= 5%: margin=21.6%', 'P/E < 20: P/E=9.0', 'FCF yield >= 3%: FCF yield=3.5%']",['high leverage'],
HON,buffett_quality,Buffett Quality,True,0.75,"['ROE >= 15%: ROE=46.6%', 'margin >= 8%: margin=21.6%', 'P/E < 25.0: P/E=9.0']",['too much debt'],
HON,economic_moat,Economic Moat,False,0.5,"['high ROE=46.6%', 'wide margin=21.6%']","['ROA below 8%', 'leverage too high']",
HON,high_dividend,High Dividend Yield,False,0.541,"['yield=120.0%', 'universe rank 54%']",['not in top quartile for yield'],
HON,dividend_growth,Dividend Growth,True,1.0,"['dividend payer: yield=120.0%', 'earnings growth: growth=263.9%', 'reasonable P/E: P/E=9.0']",[],
HON,magic_formula,Magic Formula,True,0.665,['earnings yield rank 91%'],[],
HON,acquirers_multiple,Acquirer's Multiple,False,0.8058,"['EV/EBIT=15.3', 'universe rank 81%']",['EV/EBIT 15.3 above 12.0'],
HON,dreman_contrarian,Dreman Contrarian,True,0.7514,"['low P/E rank 98%', 'low P/B rank 74%', 'dividend rank 54%']",[],
HON,piotroski_f,Piotroski F-Score,False,0.5556,"['F-Score=5/9', 'positive net income', 'positive operating cash flow', 'OCF > net income', 'no share dilution', 'asset turnover improving']","['F-Score 5/9 below 7', 'ROA improving', 'leverage declining', 'current ratio improving', 'gross margin improving']","{'f_score': 5, 'max_score': 9, 'components': [{'name': 'positive net income', 'passed': True}, {'name': 'positive operating cash flow', 'passed': True}, {'name': 'ROA improving', 'passed': False}, {'name': 'OCF > net income', 'passed': True}, {'name': 'leverage declining', 'passed': False}, {'name': 'current ratio improving', 'passed': False}, {'name': 'no share dilution', 'passed': True}, {'name': 'gross margin improving', 'passed': False}, {'name': 'asset turnover improving', 'passed': True}]}"
HON,composite_value,Composite Value,True,0.7906,"['top-tier on trailing_pe (percentile 100%)', 'top-tier on fcf_yield (percentile 82%)', 'top-tier on ev_ebitda (percentile 92%)']",[],
HON,earnings_quality,Earnings Quality,False,0.6667,"['OCF/NI=1.36', 'ratio=-2.28%']",['weak free-cash conversion'],
HON,financial_health,Financial Health,False,0.8,"['leverage=48.3%', 'CR=1.30', 'ratio=3.0', 'coverage=4.9x']",['high debt to equity'],
IDXX,graham_defensive,Graham Defensive,False,0.0,[],"['P/E >= 15', 'valuation too rich on P/B or P/E×P/B', 'current ratio < 2', 'no dividend']",
IDXX,graham_enterprising,Graham Enterprising,False,0.6,"['Debt/equity < 100%: D/E=68%', 'ROE > 8%: ROE=74.2%', 'Positive earnings growth: growth=17.6%']","['P/E >= 25', 'P/B >= 3']",
IDXX,graham_net_net,Graham Net-Net,False,0.0,[],['missing NCAV (balance sheet data)'],
IDXX,schloss,Schloss Low P/B,False,0.0,[],"['P/B too high', 'too much leverage']",
IDXX,deep_value,Deep Value,False,0.0,[],"['P/B not below 1.0', 'EV/EBITDA not below 8']",
IDXX,earnings_yield,Earnings Yield,False,0.2149,['E/P=2.6% (P/E=38.8)'],['earnings yield 2.6% below 8%'],
IDXX,fcf_yield,FCF Yield,False,0.2095,['FCF yield=2.1%'],['FCF yield 2.1% below 5%'],
IDXX,low_pe_high_yield,Low P/E + High Yield,False,0.0,[],"['P/E not below 12.0', 'yield below 4%']",
IDXX,lynch_peg,Lynch PEG,False,0.0,"['PEG=2.20', 'growth=17.6%']",['PEG 2.20 >= 1.0'],
IDXX,neff_pegy,Neff PEGY,False,0.0,"['PEGY=nan', 'growth=17.6%', 'yield=nan%']",['PEGY nan >= 1.0'],
IDXX,quality_value,Quality Value,False,0.6,"['ROE >= 12%: ROE=74.2%', 'Profit margin >= 5%: margin=25.0%', 'Debt/equity < 80%: D/E=68%']","['P/E >= 20', 'FCF yield below 3%']",
IDXX,buffett_quality,Buffett Quality,False,0.5,"['ROE >= 15%: ROE=74.2%', 'margin >= 8%: margin=25.0%']","['too much debt', 'P/E too high']",
IDXX,economic_moat,Economic Moat,True,0.75,"['high ROE=74.2%', 'solid ROA=31.6%', 'wide margin=25.0%']",['leverage too high'],
IDXX,high_dividend,High Dividend Yield,False,0.0,[],['could not rank yield'],
IDXX,dividend_growth,Dividend Growth,False,0.3333,['earnings growth: growth=17.6%'],"['yield too low', 'P/E out of range']",
IDXX,magic_formula,Magic Formula,True,0.7427,"['earnings yield rank 53%', 'ROIC rank 95%']",[],
IDXX,acquirers_multiple,Acquirer's Multiple,False,0.4272,"['EV/EBIT=32.6', 'universe rank 43%']","['EV/EBIT 32.6 above 12.0', 'not in top 40% cheapest on EV/EBIT']",
IDXX,dreman_contrarian,Dreman Contrarian,False,0.3055,[],"['P/E not in bottom quartile', 'P/B not cheap vs universe']",
IDXX,piotroski_f,Piotroski F-Score,True,0.8889,"['F-Score=8/9', 'positive net income', 'positive operating cash flow', 'ROA improving', 'OCF > net income', 'leverage declining', 'no share dilution', 'gross margin improving', 'asset turnover improving']",['current ratio improving'],"{'f_score': 8, 'max_score': 9, 'components': [{'name': 'positive net income', 'passed': True}, {'name': 'positive operating cash flow', 'passed': True}, {'name': 'ROA improving', 'passed': True}, {'name': 'OCF > net income', 'passed': True}, {'name': 'leverage declining', 'passed': True}, {'name': 'current ratio improving', 'passed': False}, {'name': 'no share dilution', 'passed': True}, {'name': 'gross margin improving', 'passed': True}, {'name': 'asset turnover improving', 'passed': True}]}"
IDXX,composite_value,Composite Value,False,0.2908,[],['missing dividend_yield'],
IDXX,earnings_quality,Earnings Quality,True,1.0,"['FCF/NI=0.86', 'OCF/NI=1.12', 'ratio=-3.65%']",[],
IDXX,financial_health,Financial Health,True,1.0,"['D/E=68%', 'leverage=29.1%', 'CR=1.23', 'ratio=0.6', 'coverage=35.0x']",[],
INTC,graham_defensive,Graham Defensive,False,0.0,[],"['no positive trailing P/E', 'valuation too rich on P/B or P/E×P/B', 'current ratio < 2', 'no dividend']",
INTC,graham_enterprising,Graham Enterprising,False,0.2,['Debt/equity < 100%: D/E=49%'],"['missing P/E', 'P/B >= 3', 'ROE <= 8%', 'negative earnings growth']",
INTC,graham_net_net,Graham Net-Net,False,0.0,[],['missing NCAV (balance sheet data)'],
INTC,schloss,Schloss Low P/B,False,0.5,['D/E < 50.0%: D/E=49%'],['P/B too high'],
INTC,deep_value,Deep Value,False,0.0,[],"['P/B not below 1.0', 'EV/EBITDA not below 8']",
INTC,earnings_yield,Earnings Yield,False,1.0,['E/P=nan% (P/E=nan)'],['earnings yield nan% below 8%'],
INTC,fcf_yield,FCF Yield,False,0.0898,['FCF yield=0.9%'],['FCF yield 0.9% below 5%'],
INTC,low_pe_high_yield,Low P/E + High Yield,False,0.0,[],"['P/E not below 12.0', 'yield below 4%']",
INTC,lynch_peg,Lynch PEG,False,0.0,"['PEG=nan', 'growth=nan%']",[],
INTC,neff_pegy,Neff PEGY,False,0.0,"['PEGY=nan', 'growth=nan%', 'yield=nan%']",['PEGY nan >= 1.0'],
INTC,quality_value,Quality Value,False,0.2,['Debt/equity < 80%: D/E=49%'],"['ROE below 12%', 'thin margins', 'missing P/E', 'FCF yield below 3%']",
INTC,buffett_quality,Buffett Quality,False,0.25,['D/E < 60.0%: D/E=49%'],"['ROE too low', 'thin margins', 'missing P/E']",
INTC,economic_moat,Economic Moat,False,0.25,['low leverage D/E=49%'],"['ROE below 18%', 'ROA below 8%', 'margins below 12%']",
INTC,high_dividend,High Dividend Yield,False,0.0,[],['could not rank yield'],
INTC,dividend_growth,Dividend Growth,False,0.0,[],"['yield too low', 'earnings not growing', 'P/E out of range']",
INTC,magic_formula,Magic Formula,False,0.1019,[],['below top half on combined Magic Formula rank'],
INTC,acquirers_multiple,Acquirer's Multiple,False,0.0,[],['missing EV or EBIT'],
INTC,dreman_contrarian,Dreman Contrarian,False,0.0,[],['missing valuation data'],
INTC,piotroski_f,Piotroski F-Score,False,0.6667,"['F-Score=6/9', 'positive operating cash flow', 'ROA improving', 'OCF > net income', 'leverage declining', 'current ratio improving', 'gross margin improving']","['F-Score 6/9 below 7', 'positive net income', 'no share dilution', 'asset turnover improving']","{'f_score': 6, 'max_score': 9, 'components': [{'name': 'positive net income', 'passed': False}, {'name': 'positive operating cash flow', 'passed': True}, {'name': 'ROA improving', 'passed': True}, {'name': 'OCF > net income', 'passed': True}, {'name': 'leverage declining', 'passed': True}, {'name': 'current ratio improving', 'passed': True}, {'name': 'no share dilution', 'passed': False}, {'name': 'gross margin improving', 'passed': True}, {'name': 'asset turnover improving', 'passed': False}]}"
INTC,composite_value,Composite Value,False,0.5906,['top-tier on price_to_book (percentile 86%)'],"['missing trailing_pe', 'missing dividend_yield']",
INTC,earnings_quality,Earnings Quality,False,0.5,['ratio=-4.71%'],['negative net income'],
INTC,financial_health,Financial Health,True,0.8,"['D/E=49%', 'leverage=22.0%', 'CR=2.02', 'ratio=1.2']",['weak interest coverage'],
INTU,graham_defensive,Graham Defensive,False,0.25,['Dividend payer: yield=139.00%'],"['P/E >= 15', 'valuation too rich on P/B or P/E×P/B', 'current ratio < 2']",
INTU,graham_enterprising,Graham Enterprising,False,0.8,"['P/E < 25: P/E=21.1', 'Debt/equity < 100%: D/E=33%', 'ROE > 8%: ROE=22.5%', 'Positive earnings growth: growth=10.7%']",['P/B >= 3'],
INTU,graham_net_net,Graham Net-Net,False,0.0,[],['missing NCAV (balance sheet data)'],
INTU,schloss,Schloss Low P/B,False,0.5,['D/E < 50.0%: D/E=33%'],['P/B too high'],
INTU,deep_value,Deep Value,False,0.0,[],"['P/B not below 1.0', 'EV/EBITDA not below 8']",
INTU,earnings_yield,Earnings Yield,False,0.3949,['E/P=4.7% (P/E=21.1)'],['earnings yield 4.7% below 8%'],
INTU,fcf_yield,FCF Yield,True,0.5534,['FCF yield=5.5%'],[],
INTU,low_pe_high_yield,Low P/E + High Yield,False,0.5,['yield=139.0%'],['P/E not below 12.0'],
INTU,lynch_peg,Lynch PEG,False,0.0,"['PEG=1.97', 'growth=10.7%']",['PEG 1.97 >= 1.0'],
INTU,neff_pegy,Neff PEGY,True,0.859,"['PEGY=0.14', 'growth=10.7%', 'yield=139.0%']",[],
INTU,quality_value,Quality Value,True,0.8,"['ROE >= 12%: ROE=22.5%', 'Profit margin >= 5%: margin=21.9%', 'Debt/equity < 80%: D/E=33%', 'FCF yield >= 3%: FCF yield=5.5%']",['P/E >= 20'],
INTU,buffett_quality,Buffett Quality,True,1.0,"['ROE >= 15%: ROE=22.5%', 'D/E < 60.0%: D/E=33%', 'margin >= 8%: margin=21.9%', 'P/E < 25.0: P/E=21.1']",[],
INTU,economic_moat,Economic Moat,True,1.0,"['high ROE=22.5%', 'solid ROA=10.5%', 'wide margin=21.9%', 'low leverage D/E=33%']",[],
INTU,high_dividend,High Dividend Yield,False,0.5738,"['yield=139.0%', 'universe rank 57%']",['not in top quartile for yield'],
INTU,dividend_growth,Dividend Growth,True,1.0,"['dividend payer: yield=139.0%', 'earnings growth: growth=10.7%', 'reasonable P/E: P/E=21.1']",[],
INTU,magic_formula,Magic Formula,True,0.699,"['earnings yield rank 82%', 'ROIC rank 58%']",[],
INTU,acquirers_multiple,Acquirer's Multiple,False,0.7087,"['EV/EBIT=19.2', 'universe rank 71%']",['EV/EBIT 19.2 above 12.0'],
INTU,dreman_contrarian,Dreman Contrarian,True,0.7005,"['low P/E rank 80%', 'low P/B rank 73%', 'dividend rank 57%']",[],
INTU,piotroski_f,Piotroski F-Score,True,1.0,"['F-Score=9/9', 'positive net income', 'positive operating cash flow', 'ROA improving', 'OCF > net income', 'leverage declining', 'current ratio improving', 'no share dilution', 'gross margin improving', 'asset turnover improving']",[],"{'f_score': 9, 'max_score': 9, 'components': [{'name': 'positive net income', 'passed': True}, {'name': 'positive operating cash flow', 'passed': True}, {'name': 'ROA improving', 'passed': True}, {'name': 'OCF > net income', 'passed': True}, {'name': 'leverage declining', 'passed': True}, {'name': 'current ratio improving', 'passed': True}, {'name': 'no share dilution', 'passed': True}, {'name': 'gross margin improving', 'passed': True}, {'name': 'asset turnover improving', 'passed': True}]}"
INTU,composite_value,Composite Value,True,0.8481,"['top-tier on trailing_pe (percentile 89%)', 'top-tier on price_to_book (percentile 93%)', 'top-tier on fcf_yield (percentile 83%)', 'top-tier on ev_ebitda (percentile 93%)']",[],
INTU,earnings_quality,Earnings Quality,True,1.0,"['FCF/NI=1.35', 'OCF/NI=1.60', 'ratio=-6.33%']",[],
INTU,financial_health,Financial Health,True,1.0,"['D/E=33%', 'leverage=18.0%', 'CR=1.36', 'ratio=0.0', 'coverage=20.0x']",[],
ISRG,graham_defensive,Graham Defensive,False,0.25,['Current ratio >= 2: CR=4.96'],"['P/E >= 15', 'valuation too rich on P/B or P/E×P/B', 'no dividend']",
ISRG,graham_enterprising,Graham Enterprising,False,0.4,"['ROE > 8%: ROE=17.4%', 'Positive earnings growth: growth=26.5%']","['P/E >= 25', 'P/B >= 3', 'excessive leverage']",
ISRG,graham_net_net,Graham Net-Net,False,0.0,[],['missing NCAV (balance sheet data)'],
ISRG,schloss,Schloss Low P/B,False,0.0,[],"['P/B too high', 'too much leverage']",
ISRG,deep_value,Deep Value,False,0.0,[],"['P/B not below 1.0', 'EV/EBITDA not below 8']",
ISRG,earnings_yield,Earnings Yield,False,0.1842,['E/P=2.2% (P/E=45.2)'],['earnings yield 2.2% below 8%'],
ISRG,fcf_yield,FCF Yield,False,0.185,['FCF yield=1.9%'],['FCF yield 1.9% below 5%'],
ISRG,low_pe_high_yield,Low P/E + High Yield,False,0.0,[],"['P/E not below 12.0', 'yield below 4%']",
ISRG,lynch_peg,Lynch PEG,False,0.0,"['PEG=1.71', 'growth=26.5%']",['PEG 1.71 >= 1.0'],
ISRG,neff_pegy,Neff PEGY,False,0.0,"['PEGY=nan', 'growth=26.5%', 'yield=nan%']",['PEGY nan >= 1.0'],
ISRG,quality_value,Quality Value,False,0.4,"['ROE >= 12%: ROE=17.4%', 'Profit margin >= 5%: margin=28.4%']","['high leverage', 'P/E >= 20', 'FCF yield below 3%']",
ISRG,buffett_quality,Buffett Quality,False,0.5,"['ROE >= 15%: ROE=17.4%', 'margin >= 8%: margin=28.4%']","['too much debt', 'P/E too high']",
ISRG,economic_moat,Economic Moat,False,0.5,"['solid ROA=14.0%', 'wide margin=28.4%']","['ROE below 18%', 'leverage too high']",
ISRG,high_dividend,High Dividend Yield,False,0.0,[],['could not rank yield'],
ISRG,dividend_growth,Dividend Growth,False,0.3333,['earnings growth: growth=26.5%'],"['yield too low', 'P/E out of range']",
ISRG,magic_formula,Magic Formula,False,0.4563,['ROIC rank 51%'],['below top half on combined Magic Formula rank'],
ISRG,acquirers_multiple,Acquirer's Multiple,False,0.2913,"['EV/EBIT=45.6', 'universe rank 29%']","['EV/EBIT 45.6 above 12.0', 'not in top 40% cheapest on EV/EBIT']",
ISRG,dreman_contrarian,Dreman Contrarian,False,0.4656,[],"['P/E not in bottom quartile', 'P/B not cheap vs universe']",
ISRG,piotroski_f,Piotroski F-Score,True,0.7778,"['F-Score=7/9', 'positive net income', 'positive operating cash flow', 'ROA improving', 'OCF > net income', 'current ratio improving', 'no share dilution', 'asset turnover improving']","['leverage declining', 'gross margin improving']","{'f_score': 7, 'max_score': 9, 'components': [{'name': 'positive net income', 'passed': True}, {'name': 'positive operating cash flow', 'passed': True}, {'name': 'ROA improving', 'passed': True}, {'name': 'OCF > net income', 'passed': True}, {'name': 'leverage declining', 'passed': False}, {'name': 'current ratio improving', 'passed': True}, {'name': 'no share dilution', 'passed': True}, {'name': 'gross margin improving', 'passed': False}, {'name': 'asset turnover improving', 'passed': True}]}"
ISRG,composite_value,Composite Value,False,0.2543,[],['missing dividend_yield'],
ISRG,earnings_quality,Earnings Quality,True,1.0,"['FCF/NI=0.92', 'OCF/NI=1.06', 'ratio=-0.85%']",[],
ISRG,financial_health,Financial Health,False,0.6,"['CR=4.87', 'insufficient data — skipped', 'insufficient data — skipped']","['high debt to equity', 'high leverage']",
KDP,graham_defensive,Graham Defensive,False,0.25,['Dividend payer: yield=292.00%'],"['P/E >= 15', 'valuation too rich on P/B or P/E×P/B', 'current ratio < 2']",
KDP,graham_enterprising,Graham Enterprising,False,0.4,"['P/B < 3: P/B=1.69', 'Debt/equity < 100%: D/E=100%']","['P/E >= 25', 'ROE <= 8%', 'negative earnings growth']",
KDP,graham_net_net,Graham Net-Net,False,0.0,[],['missing NCAV (balance sheet data)'],
KDP,schloss,Schloss Low P/B,False,0.0,[],"['P/B too high', 'too much leverage']",
KDP,deep_value,Deep Value,False,0.0,[],"['P/B not below 1.0', 'EV/EBITDA not below 8']",
KDP,earnings_yield,Earnings Yield,False,0.2624,['E/P=3.1% (P/E=31.8)'],['earnings yield 3.1% below 8%'],
KDP,fcf_yield,FCF Yield,True,1.0,['FCF yield=10.8%'],[],
KDP,low_pe_high_yield,Low P/E + High Yield,False,0.5,['yield=292.0%'],['P/E not below 12.0'],
KDP,lynch_peg,Lynch PEG,False,0.2,[],['missing or negative earnings growth'],
KDP,neff_pegy,Neff PEGY,True,0.8428,"['PEGY=0.16', 'growth=-90.0%', 'yield=292.0%']",[],
KDP,quality_value,Quality Value,False,0.4,"['Profit margin >= 5%: margin=7.1%', 'FCF yield >= 3%: FCF yield=10.8%']","['ROE below 12%', 'high leverage', 'P/E >= 20']",
KDP,buffett_quality,Buffett Quality,False,0.0,[],"['ROE too low', 'too much debt', 'thin margins', 'P/E too high']",
KDP,economic_moat,Economic Moat,False,0.0,[],"['ROE below 18%', 'ROA below 8%', 'margins below 12%', 'leverage too high']",
KDP,high_dividend,High Dividend Yield,True,0.8525,"['yield=292.0%', 'universe rank 85%']",[],
KDP,dividend_growth,Dividend Growth,False,0.3333,['dividend payer: yield=292.0%'],"['earnings not growing', 'P/E out of range']",
KDP,magic_formula,Magic Formula,True,0.5097,['earnings yield rank 75%'],[],
KDP,acquirers_multiple,Acquirer's Multiple,False,0.6408,"['EV/EBIT=22.8', 'universe rank 64%']",['EV/EBIT 22.8 above 12.0'],
KDP,dreman_contrarian,Dreman Contrarian,False,0.7789,"['low P/B rank 90%', 'dividend rank 85%']",['P/E not in bottom quartile'],
KDP,piotroski_f,Piotroski F-Score,True,0.7778,"['F-Score=7/9', 'positive net income', 'positive operating cash flow', 'ROA improving', 'leverage declining', 'current ratio improving', 'no share dilution', 'asset turnover improving']","['OCF > net income', 'gross margin improving']","{'f_score': 7, 'max_score': 9, 'components': [{'name': 'positive net income', 'passed': True}, {'name': 'positive operating cash flow', 'passed': True}, {'name': 'ROA improving', 'passed': True}, {'name': 'OCF > net income', 'passed': False}, {'name': 'leverage declining', 'passed': True}, {'name': 'current ratio improving', 'passed': True}, {'name': 'no share dilution', 'passed': True}, {'name': 'gross margin improving', 'passed': False}, {'name': 'asset turnover improving', 'passed': True}]}"
KDP,composite_value,Composite Value,True,0.6893,"['top-tier on trailing_pe (percentile 71%)', 'top-tier on price_to_book (percentile 88%)', 'top-tier on fcf_yield (percentile 88%)']",[],
KDP,earnings_quality,Earnings Quality,True,1.0,"['FCF/NI=2.22', 'OCF/NI=0.96', 'ratio=0.16%']",[],
KDP,financial_health,Financial Health,False,0.4,"['leverage=29.1%', 'coverage=4.8x']","['high debt to equity', 'weak liquidity', 'high net debt/EBITDA']",
KLAC,graham_defensive,Graham Defensive,False,0.5,"['Current ratio >= 2: CR=2.88', 'Dividend payer: yield=45.00%']","['P/E >= 15', 'valuation too rich on P/B or P/E×P/B']",
KLAC,graham_enterprising,Graham Enterprising,False,0.6,"['Debt/equity < 100%: D/E=97%', 'ROE > 8%: ROE=87.5%', 'Positive earnings growth: growth=13.8%']","['P/E >= 25', 'P/B >= 3']",
KLAC,graham_net_net,Graham Net-Net,False,0.0,[],['missing NCAV (balance sheet data)'],
KLAC,schloss,Schloss Low P/B,False,0.0,[],"['P/B too high', 'too much leverage']",
KLAC,deep_value,Deep Value,False,0.0,[],"['P/B not below 1.0', 'EV/EBITDA not below 8']",
KLAC,earnings_yield,Earnings Yield,False,0.1501,['E/P=1.8% (P/E=55.5)'],['earnings yield 1.8% below 8%'],
KLAC,fcf_yield,FCF Yield,False,0.0986,['FCF yield=1.0%'],['FCF yield 1.0% below 5%'],
KLAC,low_pe_high_yield,Low P/E + High Yield,False,0.5,['yield=45.0%'],['P/E not below 12.0'],
KLAC,lynch_peg,Lynch PEG,False,0.0,"['PEG=4.02', 'growth=13.8%']",['PEG 4.02 >= 1.0'],
KLAC,neff_pegy,Neff PEGY,True,0.056,"['PEGY=0.94', 'growth=13.8%', 'yield=45.0%']",[],
KLAC,quality_value,Quality Value,False,0.4,"['ROE >= 12%: ROE=87.5%', 'Profit margin >= 5%: margin=35.6%']","['high leverage', 'P/E >= 20', 'FCF yield below 3%']",
KLAC,buffett_quality,Buffett Quality,False,0.5,"['ROE >= 15%: ROE=87.5%', 'margin >= 8%: margin=35.6%']","['too much debt', 'P/E too high']",
KLAC,economic_moat,Economic Moat,True,0.75,"['high ROE=87.5%', 'solid ROA=26.9%', 'wide margin=35.6%']",['leverage too high'],
KLAC,high_dividend,High Dividend Yield,False,0.2295,"['yield=45.0%', 'universe rank 23%']",['not in top quartile for yield'],
KLAC,dividend_growth,Dividend Growth,True,0.6667,"['dividend payer: yield=45.0%', 'earnings growth: growth=13.8%']",['P/E out of range'],
KLAC,magic_formula,Magic Formula,True,0.6311,['ROIC rank 88%'],[],
KLAC,acquirers_multiple,Acquirer's Multiple,False,0.2718,"['EV/EBIT=47.2', 'universe rank 27%']","['EV/EBIT 47.2 above 12.0', 'not in top 40% cheapest on EV/EBIT']",
KLAC,dreman_contrarian,Dreman Contrarian,False,0.1954,[],"['P/E not in bottom quartile', 'P/B not cheap vs universe', 'dividend yield below median']",
KLAC,piotroski_f,Piotroski F-Score,True,0.7778,"['F-Score=7/9', 'positive net income', 'positive operating cash flow', 'ROA improving', 'leverage declining', 'current ratio improving', 'no share dilution', 'gross margin improving']","['OCF > net income', 'asset turnover improving']","{'f_score': 7, 'max_score': 9, 'components': [{'name': 'positive net income', 'passed': True}, {'name': 'positive operating cash flow', 'passed': True}, {'name': 'ROA improving', 'passed': True}, {'name': 'OCF > net income', 'passed': False}, {'name': 'leverage declining', 'passed': True}, {'name': 'current ratio improving', 'passed': True}, {'name': 'no share dilution', 'passed': True}, {'name': 'gross margin improving', 'passed': True}, {'name': 'asset turnover improving', 'passed': False}]}"
KLAC,composite_value,Composite Value,False,0.3743,[],[],
KLAC,earnings_quality,Earnings Quality,False,0.6667,"['OCF/NI=0.86', 'ratio=3.83%']",['weak free-cash conversion'],
KLAC,financial_health,Financial Health,False,0.8,"['leverage=34.3%', 'CR=2.88', 'ratio=0.2', 'coverage=19.9x']",['high debt to equity'],
KHC,graham_defensive,Graham Defensive,False,0.5,"['P/B < 1.5 or P/E×P/B < 22.5: P/B=0.84', 'Dividend payer: yield=627.00%']","['no positive trailing P/E', 'current ratio < 2']",
KHC,graham_enterprising,Graham Enterprising,False,0.4,"['P/B < 3: P/B=0.84', 'Debt/equity < 100%: D/E=53%']","['missing P/E', 'ROE <= 8%', 'negative earnings growth']",
KHC,graham_net_net,Graham Net-Net,False,0.0,[],['missing NCAV (balance sheet data)'],
KHC,schloss,Schloss Low P/B,False,0.5,['P/B < 1.2: P/B=0.84'],['too much leverage'],
KHC,deep_value,Deep Value,False,0.5,['P/B=0.84'],['EV/EBITDA not below 8'],
KHC,earnings_yield,Earnings Yield,False,1.0,['E/P=nan% (P/E=nan)'],['earnings yield nan% below 8%'],
KHC,fcf_yield,FCF Yield,True,1.0,['FCF yield=10.7%'],[],
KHC,low_pe_high_yield,Low P/E + High Yield,False,0.5,['yield=627.0%'],['P/E not below 12.0'],
KHC,lynch_peg,Lynch PEG,False,0.0,"['PEG=nan', 'growth=nan%']",[],
KHC,neff_pegy,Neff PEGY,False,0.0,"['PEGY=nan', 'growth=nan%', 'yield=627.0%']",['PEGY nan >= 1.0'],
KHC,quality_value,Quality Value,False,0.4,"['Debt/equity < 80%: D/E=53%', 'FCF yield >= 3%: FCF yield=10.7%']","['ROE below 12%', 'thin margins', 'missing P/E']",
KHC,buffett_quality,Buffett Quality,False,0.25,['D/E < 60.0%: D/E=53%'],"['ROE too low', 'thin margins', 'missing P/E']",
KHC,economic_moat,Economic Moat,False,0.0,[],"['ROE below 18%', 'ROA below 8%', 'margins below 12%', 'leverage too high']",
KHC,high_dividend,High Dividend Yield,False,0.9836,"['yield=627.0%', 'universe rank 98%']",['no positive earnings'],
KHC,dividend_growth,Dividend Growth,False,0.3333,['dividend payer: yield=627.0%'],"['earnings not growing', 'P/E out of range']",
KHC,magic_formula,Magic Formula,True,0.5922,['earnings yield rank 97%'],[],
KHC,acquirers_multiple,Acquirer's Multiple,True,0.8641,"['EV/EBIT=10.1', 'universe rank 86%']",[],
KHC,dreman_contrarian,Dreman Contrarian,False,0.9673,"['low P/B rank 95%', 'dividend rank 98%']",[],
KHC,piotroski_f,Piotroski F-Score,False,0.5556,"['F-Score=5/9', 'positive operating cash flow', 'OCF > net income', 'current ratio improving', 'no share dilution', 'asset turnover improving']","['F-Score 5/9 below 7', 'positive net income', 'ROA improving', 'leverage declining', 'gross margin improving']","{'f_score': 5, 'max_score': 9, 'components': [{'name': 'positive net income', 'passed': False}, {'name': 'positive operating cash flow', 'passed': True}, {'name': 'ROA improving', 'passed': False}, {'name': 'OCF > net income', 'passed': True}, {'name': 'leverage declining', 'passed': False}, {'name': 'current ratio improving', 'passed': True}, {'name': 'no share dilution', 'passed': True}, {'name': 'gross margin improving', 'passed': False}, {'name': 'asset turnover improving', 'passed': True}]}"
KHC,composite_value,Composite Value,True,0.8952,"['top-tier on price_to_book (percentile 100%)', 'top-tier on dividend_yield (percentile 86%)', 'top-tier on fcf_yield (percentile 75%)', 'top-tier on ev_ebitda (percentile 100%)']",['missing trailing_pe'],
KHC,earnings_quality,Earnings Quality,False,0.5,['ratio=-12.60%'],['negative net income'],
KHC,financial_health,Financial Health,True,1.0,"['D/E=53%', 'leverage=25.9%', 'CR=1.15', 'ratio=3.0', 'coverage=4.9x']",[],
LRCX,graham_defensive,Graham Defensive,False,0.5,"['Current ratio >= 2: CR=2.63', 'Dividend payer: yield=31.00%']","['P/E >= 15', 'valuation too rich on P/B or P/E×P/B']",
LRCX,graham_enterprising,Graham Enterprising,False,0.6,"['Debt/equity < 100%: D/E=33%', 'ROE > 8%: ROE=65.1%', 'Positive earnings growth: growth=34.8%']","['P/E >= 25', 'P/B >= 3']",
LRCX,graham_net_net,Graham Net-Net,False,0.0,[],['missing NCAV (balance sheet data)'],
LRCX,schloss,Schloss Low P/B,False,0.5,['D/E < 50.0%: D/E=33%'],['P/B too high'],
LRCX,deep_value,Deep Value,False,0.0,[],"['P/B not below 1.0', 'EV/EBITDA not below 8']",
LRCX,earnings_yield,Earnings Yield,False,0.1442,['E/P=1.7% (P/E=57.8)'],['earnings yield 1.7% below 8%'],
LRCX,fcf_yield,FCF Yield,False,0.0743,['FCF yield=0.7%'],['FCF yield 0.7% below 5%'],
LRCX,low_pe_high_yield,Low P/E + High Yield,False,0.5,['yield=31.0%'],['P/E not below 12.0'],
LRCX,lynch_peg,Lynch PEG,False,0.0,"['PEG=1.66', 'growth=34.8%']",['PEG 1.66 >= 1.0'],
LRCX,neff_pegy,Neff PEGY,True,0.1216,"['PEGY=0.88', 'growth=34.8%', 'yield=31.0%']",[],
LRCX,quality_value,Quality Value,False,0.6,"['ROE >= 12%: ROE=65.1%', 'Profit margin >= 5%: margin=31.3%', 'Debt/equity < 80%: D/E=33%']","['P/E >= 20', 'FCF yield below 3%']",
LRCX,buffett_quality,Buffett Quality,False,0.75,"['ROE >= 15%: ROE=65.1%', 'D/E < 60.0%: D/E=33%', 'margin >= 8%: margin=31.3%']",['P/E too high'],
LRCX,economic_moat,Economic Moat,True,1.0,"['high ROE=65.1%', 'solid ROA=30.9%', 'wide margin=31.3%', 'low leverage D/E=33%']",[],
LRCX,high_dividend,High Dividend Yield,False,0.1311,"['yield=31.0%', 'universe rank 13%']",['not in top quartile for yield'],
LRCX,dividend_growth,Dividend Growth,True,0.6667,"['dividend payer: yield=31.0%', 'earnings growth: growth=34.8%']",['P/E out of range'],
LRCX,magic_formula,Magic Formula,True,0.6456,['ROIC rank 93%'],[],
LRCX,acquirers_multiple,Acquirer's Multiple,False,0.2524,"['EV/EBIT=50.5', 'universe rank 25%']","['EV/EBIT 50.5 above 12.0', 'not in top 40% cheapest on EV/EBIT']",
LRCX,dreman_contrarian,Dreman Contrarian,False,0.1578,[],"['P/E not in bottom quartile', 'P/B not cheap vs universe', 'dividend yield below median']",
LRCX,piotroski_f,Piotroski F-Score,True,0.8889,"['F-Score=8/9', 'positive net income', 'positive operating cash flow', 'ROA improving', 'leverage declining', 'current ratio improving', 'no share dilution', 'gross margin improving', 'asset turnover improving']",['OCF > net income'],"{'f_score': 8, 'max_score': 9, 'components': [{'name': 'positive net income', 'passed': True}, {'name': 'positive operating cash flow', 'passed': True}, {'name': 'ROA improving', 'passed': True}, {'name': 'OCF > net income', 'passed': False}, {'name': 'leverage declining', 'passed': True}, {'name': 'current ratio improving', 'passed': True}, {'name': 'no share dilution', 'passed': True}, {'name': 'gross margin improving', 'passed': True}, {'name': 'asset turnover improving', 'passed': True}]}"
LRCX,composite_value,Composite Value,False,0.2878,[],[],
LRCX,earnings_quality,Earnings Quality,False,0.6667,"['OCF/NI=0.81', 'ratio=5.98%']",['weak free-cash conversion'],
LRCX,financial_health,Financial Health,True,1.0,"['D/E=33%', 'leverage=15.9%', 'CR=2.63', 'ratio=-0.2', 'coverage=52.3x']",[],
LIN,graham_defensive,Graham Defensive,False,0.25,['Dividend payer: yield=133.00%'],"['P/E >= 15', 'valuation too rich on P/B or P/E×P/B', 'current ratio < 2']",
LIN,graham_enterprising,Graham Enterprising,False,0.6,"['Debt/equity < 100%: D/E=69%', 'ROE > 8%: ROE=18.4%', 'Positive earnings growth: growth=11.3%']","['P/E >= 25', 'P/B >= 3']",
LIN,graham_net_net,Graham Net-Net,False,0.0,[],['missing NCAV (balance sheet data)'],
LIN,schloss,Schloss Low P/B,False,0.0,[],"['P/B too high', 'too much leverage']",
LIN,deep_value,Deep Value,False,0.0,[],"['P/B not below 1.0', 'EV/EBITDA not below 8']",
LIN,earnings_yield,Earnings Yield,False,0.2676,['E/P=3.2% (P/E=31.1)'],['earnings yield 3.2% below 8%'],
LIN,fcf_yield,FCF Yield,False,0.187,['FCF yield=1.9%'],['FCF yield 1.9% below 5%'],
LIN,low_pe_high_yield,Low P/E + High Yield,False,0.5,['yield=133.0%'],['P/E not below 12.0'],
LIN,lynch_peg,Lynch PEG,False,0.0,"['PEG=2.76', 'growth=11.3%']",['PEG 2.76 >= 1.0'],
LIN,neff_pegy,Neff PEGY,True,0.7842,"['PEGY=0.22', 'growth=11.3%', 'yield=133.0%']",[],
LIN,quality_value,Quality Value,False,0.6,"['ROE >= 12%: ROE=18.4%', 'Profit margin >= 5%: margin=20.4%', 'Debt/equity < 80%: D/E=69%']","['P/E >= 20', 'FCF yield below 3%']",
LIN,buffett_quality,Buffett Quality,False,0.5,"['ROE >= 15%: ROE=18.4%', 'margin >= 8%: margin=20.4%']","['too much debt', 'P/E too high']",
LIN,economic_moat,Economic Moat,False,0.5,"['high ROE=18.4%', 'wide margin=20.4%']","['ROA below 8%', 'leverage too high']",
LIN,high_dividend,High Dividend Yield,False,0.5574,"['yield=133.0%', 'universe rank 56%']",['not in top quartile for yield'],
LIN,dividend_growth,Dividend Growth,True,0.6667,"['dividend payer: yield=133.0%', 'earnings growth: growth=11.3%']",['P/E out of range'],
LIN,magic_formula,Magic Formula,True,0.534,['earnings yield rank 66%'],[],
LIN,acquirers_multiple,Acquirer's Multiple,False,0.5534,"['EV/EBIT=26.7', 'universe rank 55%']","['EV/EBIT 26.7 above 12.0', 'not in top 40% cheapest on EV/EBIT']",
LIN,dreman_contrarian,Dreman Contrarian,False,0.6091,"['low P/B rank 68%', 'dividend rank 56%']",['P/E not in bottom quartile'],
LIN,piotroski_f,Piotroski F-Score,False,0.5556,"['F-Score=5/9', 'positive net income', 'positive operating cash flow', 'OCF > net income', 'no share dilution', 'gross margin improving']","['F-Score 5/9 below 7', 'ROA improving', 'leverage declining', 'current ratio improving', 'asset turnover improving']","{'f_score': 5, 'max_score': 9, 'components': [{'name': 'positive net income', 'passed': True}, {'name': 'positive operating cash flow', 'passed': True}, {'name': 'ROA improving', 'passed': False}, {'name': 'OCF > net income', 'passed': True}, {'name': 'leverage declining', 'passed': False}, {'name': 'current ratio improving', 'passed': False}, {'name': 'no share dilution', 'passed': True}, {'name': 'gross margin improving', 'passed': True}, {'name': 'asset turnover improving', 'passed': False}]}"
LIN,composite_value,Composite Value,False,0.5871,[],[],
LIN,earnings_quality,Earnings Quality,True,1.0,"['FCF/NI=0.60', 'OCF/NI=1.50', 'ratio=-3.98%']",[],
LIN,financial_health,Financial Health,False,0.8,"['D/E=69%', 'leverage=32.3%', 'ratio=1.7', 'coverage=19.9x']",['weak liquidity'],
LITE,graham_defensive,Graham Defensive,False,0.0,[],"['no positive trailing P/E', 'valuation too rich on P/B or P/E×P/B', 'current ratio < 2', 'no dividend']",
LITE,graham_enterprising,Graham Enterprising,False,0.2,['Debt/equity < 100%: D/E=36%'],"['missing P/E', 'P/B >= 3', 'ROE <= 8%', 'negative earnings growth']",
LITE,graham_net_net,Graham Net-Net,False,0.0,[],['missing NCAV (balance sheet data)'],
LITE,schloss,Schloss Low P/B,False,0.5,['D/E < 50.0%: D/E=36%'],['P/B too high'],
LITE,deep_value,Deep Value,False,0.0,[],"['P/B not below 1.0', 'EV/EBITDA not below 8']",
LITE,earnings_yield,Earnings Yield,False,1.0,['E/P=nan% (P/E=nan)'],['earnings yield nan% below 8%'],
LITE,fcf_yield,FCF Yield,False,1.0,['FCF yield=nan%'],['FCF yield nan% below 5%'],
LITE,low_pe_high_yield,Low P/E + High Yield,False,0.0,[],"['P/E not below 12.0', 'yield below 4%']",
LITE,lynch_peg,Lynch PEG,False,0.0,"['PEG=nan', 'growth=nan%']",[],
LITE,neff_pegy,Neff PEGY,False,0.0,"['PEGY=nan', 'growth=nan%', 'yield=nan%']",['PEGY nan >= 1.0'],
LITE,quality_value,Quality Value,False,0.2,['Debt/equity < 80%: D/E=36%'],"['ROE below 12%', 'thin margins', 'missing P/E', 'FCF yield below 3%']",
LITE,buffett_quality,Buffett Quality,False,0.25,['D/E < 60.0%: D/E=36%'],"['ROE too low', 'thin margins', 'missing P/E']",
LITE,economic_moat,Economic Moat,False,0.25,['low leverage D/E=36%'],"['ROE below 18%', 'ROA below 8%', 'margins below 12%']",
LITE,high_dividend,High Dividend Yield,False,0.0,[],['could not rank yield'],
LITE,dividend_growth,Dividend Growth,False,0.0,[],"['yield too low', 'earnings not growing', 'P/E out of range']",
LITE,magic_formula,Magic Formula,False,0.0243,[],['below top half on combined Magic Formula rank'],
LITE,acquirers_multiple,Acquirer's Multiple,False,0.0,[],['missing EV or EBIT'],
LITE,dreman_contrarian,Dreman Contrarian,False,0.0,[],['missing valuation data'],
LITE,piotroski_f,Piotroski F-Score,True,0.7778,"['F-Score=7/9', 'positive net income', 'positive operating cash flow', 'ROA improving', 'OCF > net income', 'leverage declining', 'gross margin improving', 'asset turnover improving']","['current ratio improving', 'no share dilution']","{'f_score': 7, 'max_score': 9, 'components': [{'name': 'positive net income', 'passed': True}, {'name': 'positive operating cash flow', 'passed': True}, {'name': 'ROA improving', 'passed': True}, {'name': 'OCF > net income', 'passed': True}, {'name': 'leverage declining', 'passed': True}, {'name': 'current ratio improving', 'passed': False}, {'name': 'no share dilution', 'passed': False}, {'name': 'gross margin improving', 'passed': True}, {'name': 'asset turnover improving', 'passed': True}]}"
LITE,composite_value,Composite Value,False,0.2566,[],"['missing trailing_pe', 'missing dividend_yield', 'missing fcf_yield']",
LITE,earnings_quality,Earnings Quality,False,0.6667,"['OCF/NI=4.88', 'ratio=-2.38%']",['weak free-cash conversion'],
LITE,financial_health,Financial Health,False,0.6,"['D/E=36%', 'CR=4.37', 'ratio=-1.3']","['high leverage', 'weak interest coverage']",
MAR,graham_defensive,Graham Defensive,False,0.5,"['P/B < 1.5 or P/E×P/B < 22.5: P/B=-20.64', 'Dividend payer: yield=82.00%']","['P/E >= 15', 'current ratio < 2']",
MAR,graham_enterprising,Graham Enterprising,False,0.4,"['P/B < 3: P/B=-20.64', 'Positive earnings growth: growth=4.3%']","['P/E >= 25', 'excessive leverage', 'ROE <= 8%']",
MAR,graham_net_net,Graham Net-Net,False,0.0,[],['missing NCAV (balance sheet data)'],
MAR,schloss,Schloss Low P/B,False,0.5,['P/B < 1.2: P/B=-20.64'],['too much leverage'],
MAR,deep_value,Deep Value,False,0.5,['P/B=-20.64'],['EV/EBITDA not below 8'],
MAR,earnings_yield,Earnings Yield,False,0.2259,['E/P=2.7% (P/E=36.9)'],['earnings yield 2.7% below 8%'],
MAR,fcf_yield,FCF Yield,False,0.2215,['FCF yield=2.2%'],['FCF yield 2.2% below 5%'],
MAR,low_pe_high_yield,Low P/E + High Yield,False,0.5,['yield=82.0%'],['P/E not below 12.0'],
MAR,lynch_peg,Lynch PEG,False,0.0,"['PEG=8.58', 'growth=4.3%']","['growth 4.3% below 5% floor', 'PEG 8.58 >= 1.0']",
MAR,neff_pegy,Neff PEGY,True,0.5725,"['PEGY=0.43', 'growth=4.3%', 'yield=82.0%']",[],
MAR,quality_value,Quality Value,False,0.2,['Profit margin >= 5%: margin=35.0%'],"['ROE below 12%', 'high leverage', 'P/E >= 20', 'FCF yield below 3%']",
MAR,buffett_quality,Buffett Quality,False,0.25,['margin >= 8%: margin=35.0%'],"['ROE too low', 'too much debt', 'P/E too high']",
MAR,economic_moat,Economic Moat,False,0.5,"['solid ROA=9.4%', 'wide margin=35.0%']","['ROE below 18%', 'leverage too high']",
MAR,high_dividend,High Dividend Yield,False,0.4098,"['yield=82.0%', 'universe rank 41%']",['not in top quartile for yield'],
MAR,dividend_growth,Dividend Growth,True,0.6667,"['dividend payer: yield=82.0%', 'earnings growth: growth=4.3%']",['P/E out of range'],
MAR,magic_formula,Magic Formula,True,0.6553,"['earnings yield rank 67%', 'ROIC rank 64%']",[],
MAR,acquirers_multiple,Acquirer's Multiple,False,0.5631,"['EV/EBIT=26.7', 'universe rank 56%']","['EV/EBIT 26.7 above 12.0', 'not in top 40% cheapest on EV/EBIT']",
MAR,dreman_contrarian,Dreman Contrarian,False,0.6352,['low P/B rank 99%'],"['P/E not in bottom quartile', 'dividend yield below median']",
MAR,piotroski_f,Piotroski F-Score,True,0.7778,"['F-Score=7/9', 'positive net income', 'positive operating cash flow', 'ROA improving', 'OCF > net income', 'current ratio improving', 'no share dilution', 'gross margin improving']","['leverage declining', 'asset turnover improving']","{'f_score': 7, 'max_score': 9, 'components': [{'name': 'positive net income', 'passed': True}, {'name': 'positive operating cash flow', 'passed': True}, {'name': 'ROA improving', 'passed': True}, {'name': 'OCF > net income', 'passed': True}, {'name': 'leverage declining', 'passed': False}, {'name': 'current ratio improving', 'passed': True}, {'name': 'no share dilution', 'passed': True}, {'name': 'gross margin improving', 'passed': True}, {'name': 'asset turnover improving', 'passed': False}]}"
MAR,composite_value,Composite Value,False,0.5864,['top-tier on price_to_book (percentile 91%)'],[],
MAR,earnings_quality,Earnings Quality,True,1.0,"['FCF/NI=0.79', 'OCF/NI=1.23', 'ratio=-2.22%']",[],
MAR,financial_health,Financial Health,False,0.4,"['ratio=3.6', 'coverage=5.1x']","['high debt to equity', 'high leverage', 'weak liquidity']",
MRVL,graham_defensive,Graham Defensive,False,0.5,"['Current ratio >= 2: CR=3.28', 'Dividend payer: yield=11.00%']","['P/E >= 15', 'valuation too rich on P/B or P/E×P/B']",
MRVL,graham_enterprising,Graham Enterprising,False,0.4,"['Debt/equity < 100%: D/E=29%', 'ROE > 8%: ROE=16.0%']","['P/E >= 25', 'P/B >= 3', 'negative earnings growth']",
MRVL,graham_net_net,Graham Net-Net,False,0.0,[],['missing NCAV (balance sheet data)'],
MRVL,schloss,Schloss Low P/B,False,0.5,['D/E < 50.0%: D/E=29%'],['P/B too high'],
MRVL,deep_value,Deep Value,False,0.0,[],"['P/B not below 1.0', 'EV/EBITDA not below 8']",
MRVL,earnings_yield,Earnings Yield,False,0.1092,['E/P=1.3% (P/E=76.3)'],['earnings yield 1.3% below 8%'],
MRVL,fcf_yield,FCF Yield,False,0.1139,['FCF yield=1.1%'],['FCF yield 1.1% below 5%'],
MRVL,low_pe_high_yield,Low P/E + High Yield,False,0.5,['yield=11.0%'],['P/E not below 12.0'],
MRVL,lynch_peg,Lynch PEG,False,0.2,[],['missing or negative earnings growth'],
MRVL,neff_pegy,Neff PEGY,False,0.0,[],['no growth or dividend yield'],
MRVL,quality_value,Quality Value,False,0.6,"['ROE >= 12%: ROE=16.0%', 'Profit margin >= 5%: margin=29.0%', 'Debt/equity < 80%: D/E=29%']","['P/E >= 20', 'FCF yield below 3%']",
MRVL,buffett_quality,Buffett Quality,False,0.75,"['ROE >= 15%: ROE=16.0%', 'D/E < 60.0%: D/E=29%', 'margin >= 8%: margin=29.0%']",['P/E too high'],
MRVL,economic_moat,Economic Moat,True,0.75,"['solid ROA=12.0%', 'wide margin=29.0%', 'low leverage D/E=29%']",['ROE below 18%'],
MRVL,high_dividend,High Dividend Yield,False,0.0164,"['yield=11.0%', 'universe rank 2%']",['not in top quartile for yield'],
MRVL,dividend_growth,Dividend Growth,False,0.3333,['dividend payer: yield=11.0%'],"['earnings not growing', 'P/E out of range']",
MRVL,magic_formula,Magic Formula,False,0.2136,[],['below top half on combined Magic Formula rank'],
MRVL,acquirers_multiple,Acquirer's Multiple,False,0.0874,"['EV/EBIT=146.2', 'universe rank 9%']","['EV/EBIT 146.2 above 12.0', 'not in top 40% cheapest on EV/EBIT']",
MRVL,dreman_contrarian,Dreman Contrarian,False,0.214,[],"['P/E not in bottom quartile', 'P/B not cheap vs universe', 'dividend yield below median']",
MRVL,piotroski_f,Piotroski F-Score,True,0.8889,"['F-Score=8/9', 'positive net income', 'positive operating cash flow', 'ROA improving', 'leverage declining', 'current ratio improving', 'no share dilution', 'gross margin improving', 'asset turnover improving']",['OCF > net income'],"{'f_score': 8, 'max_score': 9, 'components': [{'name': 'positive net income', 'passed': True}, {'name': 'positive operating cash flow', 'passed': True}, {'name': 'ROA improving', 'passed': True}, {'name': 'OCF > net income', 'passed': False}, {'name': 'leverage declining', 'passed': True}, {'name': 'current ratio improving', 'passed': True}, {'name': 'no share dilution', 'passed': True}, {'name': 'gross margin improving', 'passed': True}, {'name': 'asset turnover improving', 'passed': True}]}"
MRVL,composite_value,Composite Value,False,0.345,[],[],
MRVL,earnings_quality,Earnings Quality,False,0.6667,"['FCF/NI=0.85', 'ratio=4.13%']",['operating cash below earnings'],
MRVL,financial_health,Financial Health,True,1.0,"['D/E=29%', 'leverage=21.5%', 'CR=2.01', 'ratio=0.5', 'coverage=6.6x']",[],
MELI,graham_defensive,Graham Defensive,False,0.0,[],"['P/E >= 15', 'valuation too rich on P/B or P/E×P/B', 'current ratio < 2', 'no dividend']",
MELI,graham_enterprising,Graham Enterprising,False,0.2,['ROE > 8%: ROE=27.5%'],"['P/E >= 25', 'P/B >= 3', 'excessive leverage', 'negative earnings growth']",
MELI,graham_net_net,Graham Net-Net,False,0.0,[],['missing NCAV (balance sheet data)'],
MELI,schloss,Schloss Low P/B,False,0.0,[],"['P/B too high', 'too much leverage']",
MELI,deep_value,Deep Value,False,0.0,[],"['P/B not below 1.0', 'EV/EBITDA not below 8']",
MELI,earnings_yield,Earnings Yield,False,0.1658,['E/P=2.0% (P/E=50.2)'],['earnings yield 2.0% below 8%'],
MELI,fcf_yield,FCF Yield,False,0.0378,['FCF yield=0.4%'],['FCF yield 0.4% below 5%'],
MELI,low_pe_high_yield,Low P/E + High Yield,False,0.0,[],"['P/E not below 12.0', 'yield below 4%']",
MELI,lynch_peg,Lynch PEG,False,0.2,[],['missing or negative earnings growth'],
MELI,neff_pegy,Neff PEGY,False,0.0,"['PEGY=nan', 'growth=-10.9%', 'yield=nan%']",['PEGY nan >= 1.0'],
MELI,quality_value,Quality Value,False,0.4,"['ROE >= 12%: ROE=27.5%', 'Profit margin >= 5%: margin=5.3%']","['high leverage', 'P/E >= 20', 'FCF yield below 3%']",
MELI,buffett_quality,Buffett Quality,False,0.25,['ROE >= 15%: ROE=27.5%'],"['too much debt', 'thin margins', 'P/E too high']",
MELI,economic_moat,Economic Moat,False,0.25,['high ROE=27.5%'],"['ROA below 8%', 'margins below 12%', 'leverage too high']",
MELI,high_dividend,High Dividend Yield,False,0.0,[],['could not rank yield'],
MELI,dividend_growth,Dividend Growth,False,0.0,[],"['yield too low', 'earnings not growing', 'P/E out of range']",
MELI,magic_formula,Magic Formula,True,0.6262,"['earnings yield rank 57%', 'ROIC rank 68%']",[],
MELI,acquirers_multiple,Acquirer's Multiple,False,0.466,"['EV/EBIT=31.5', 'universe rank 47%']","['EV/EBIT 31.5 above 12.0', 'not in top 40% cheapest on EV/EBIT']",
MELI,dreman_contrarian,Dreman Contrarian,False,0.3658,[],"['P/E not in bottom quartile', 'P/B not cheap vs universe']",
MELI,piotroski_f,Piotroski F-Score,False,0.5556,"['F-Score=5/9', 'positive net income', 'positive operating cash flow', 'OCF > net income', 'leverage declining', 'no share dilution']","['F-Score 5/9 below 7', 'ROA improving', 'current ratio improving', 'gross margin improving', 'asset turnover improving']","{'f_score': 5, 'max_score': 9, 'components': [{'name': 'positive net income', 'passed': True}, {'name': 'positive operating cash flow', 'passed': True}, {'name': 'ROA improving', 'passed': False}, {'name': 'OCF > net income', 'passed': True}, {'name': 'leverage declining', 'passed': True}, {'name': 'current ratio improving', 'passed': False}, {'name': 'no share dilution', 'passed': True}, {'name': 'gross margin improving', 'passed': False}, {'name': 'asset turnover improving', 'passed': False}]}"
MELI,composite_value,Composite Value,False,0.3182,[],['missing dividend_yield'],
MELI,earnings_quality,Earnings Quality,False,0.6667,"['OCF/NI=6.07', 'ratio=-23.72%']",['weak free-cash conversion'],
MELI,financial_health,Financial Health,False,0.8,"['leverage=26.7%', 'CR=1.17', 'ratio=1.9', 'coverage=20.0x']",['high debt to equity'],
META,graham_defensive,Graham Defensive,False,0.5,"['Current ratio >= 2: CR=2.23', 'Dividend payer: yield=36.00%']","['P/E >= 15', 'valuation too rich on P/B or P/E×P/B']",
META,graham_enterprising,Graham Enterprising,False,0.6,"['P/E < 25: P/E=22.2', 'Debt/equity < 100%: D/E=43%', 'ROE > 8%: ROE=29.8%']","['P/B >= 3', 'negative earnings growth']",
META,graham_net_net,Graham Net-Net,False,0.0,[],['missing NCAV (balance sheet data)'],
META,schloss,Schloss Low P/B,False,0.5,['D/E < 50.0%: D/E=43%'],['P/B too high'],
META,deep_value,Deep Value,False,0.0,[],"['P/B not below 1.0', 'EV/EBITDA not below 8']",
META,earnings_yield,Earnings Yield,False,0.375,['E/P=4.5% (P/E=22.2)'],['earnings yield 4.5% below 8%'],
META,fcf_yield,FCF Yield,False,0.1434,['FCF yield=1.4%'],['FCF yield 1.4% below 5%'],
META,low_pe_high_yield,Low P/E + High Yield,False,0.5,['yield=36.0%'],['P/E not below 12.0'],
META,lynch_peg,Lynch PEG,False,0.2,[],['missing or negative earnings growth'],
META,neff_pegy,Neff PEGY,True,0.0166,"['PEGY=0.98', 'growth=-13.4%', 'yield=36.0%']",[],
META,quality_value,Quality Value,False,0.6,"['ROE >= 12%: ROE=29.8%', 'Profit margin >= 5%: margin=29.8%', 'Debt/equity < 80%: D/E=43%']","['P/E >= 20', 'FCF yield below 3%']",
META,buffett_quality,Buffett Quality,True,1.0,"['ROE >= 15%: ROE=29.8%', 'D/E < 60.0%: D/E=43%', 'margin >= 8%: margin=29.8%', 'P/E < 25.0: P/E=22.2']",[],
META,economic_moat,Economic Moat,True,1.0,"['high ROE=29.8%', 'solid ROA=16.5%', 'wide margin=29.8%', 'low leverage D/E=43%']",[],
META,high_dividend,High Dividend Yield,False,0.1639,"['yield=36.0%', 'universe rank 16%']",['not in top quartile for yield'],
META,dividend_growth,Dividend Growth,True,0.6667,"['dividend payer: yield=36.0%', 'reasonable P/E: P/E=22.2']",['earnings not growing'],
META,magic_formula,Magic Formula,True,0.7864,"['earnings yield rank 85%', 'ROIC rank 72%']",[],
META,acquirers_multiple,Acquirer's Multiple,False,0.7476,"['EV/EBIT=18.3', 'universe rank 75%']",['EV/EBIT 18.3 above 12.0'],
META,dreman_contrarian,Dreman Contrarian,True,0.5296,"['low P/E rank 76%', 'low P/B rank 67%']",['dividend yield below median'],
META,piotroski_f,Piotroski F-Score,False,0.5556,"['F-Score=5/9', 'positive net income', 'positive operating cash flow', 'OCF > net income', 'no share dilution', 'gross margin improving']","['F-Score 5/9 below 7', 'ROA improving', 'leverage declining', 'current ratio improving', 'asset turnover improving']","{'f_score': 5, 'max_score': 9, 'components': [{'name': 'positive net income', 'passed': True}, {'name': 'positive operating cash flow', 'passed': True}, {'name': 'ROA improving', 'passed': False}, {'name': 'OCF > net income', 'passed': True}, {'name': 'leverage declining', 'passed': False}, {'name': 'current ratio improving', 'passed': False}, {'name': 'no share dilution', 'passed': True}, {'name': 'gross margin improving', 'passed': True}, {'name': 'asset turnover improving', 'passed': False}]}"
META,composite_value,Composite Value,False,0.5008,"['top-tier on price_to_book (percentile 73%)', 'top-tier on ev_ebitda (percentile 73%)']",[],
META,earnings_quality,Earnings Quality,False,0.6667,"['OCF/NI=1.92', 'ratio=-15.12%']",['weak free-cash conversion'],
META,financial_health,Financial Health,True,1.0,"['D/E=43%', 'leverage=22.9%', 'CR=2.60', 'ratio=0.2', 'coverage=71.5x']",[],
MCHP,graham_defensive,Graham Defensive,False,0.25,['Dividend payer: yield=230.00%'],"['P/E >= 15', 'valuation too rich on P/B or P/E×P/B', 'current ratio < 2']",
MCHP,graham_enterprising,Graham Enterprising,False,0.2,['Debt/equity < 100%: D/E=84%'],"['P/E >= 25', 'P/B >= 3', 'ROE <= 8%', 'negative earnings growth']",
MCHP,graham_net_net,Graham Net-Net,False,0.0,[],['missing NCAV (balance sheet data)'],
MCHP,schloss,Schloss Low P/B,False,0.0,[],"['P/B too high', 'too much leverage']",
MCHP,deep_value,Deep Value,False,0.0,[],"['P/B not below 1.0', 'EV/EBITDA not below 8']",
MCHP,earnings_yield,Earnings Yield,False,0.0716,['E/P=0.9% (P/E=116.4)'],['earnings yield 0.9% below 8%'],
MCHP,fcf_yield,FCF Yield,False,0.3175,['FCF yield=3.2%'],['FCF yield 3.2% below 5%'],
MCHP,low_pe_high_yield,Low P/E + High Yield,False,0.5,['yield=230.0%'],['P/E not below 12.0'],
MCHP,lynch_peg,Lynch PEG,False,0.0,"['PEG=nan', 'growth=nan%']",[],
MCHP,neff_pegy,Neff PEGY,False,0.0,"['PEGY=nan', 'growth=nan%', 'yield=230.0%']",['PEGY nan >= 1.0'],
MCHP,quality_value,Quality Value,False,0.4,"['Profit margin >= 5%: margin=9.3%', 'FCF yield >= 3%: FCF yield=3.2%']","['ROE below 12%', 'high leverage', 'P/E >= 20']",
MCHP,buffett_quality,Buffett Quality,False,0.25,['margin >= 8%: margin=9.3%'],"['ROE too low', 'too much debt', 'P/E too high']",
MCHP,economic_moat,Economic Moat,False,0.0,[],"['ROE below 18%', 'ROA below 8%', 'margins below 12%', 'leverage too high']",
MCHP,high_dividend,High Dividend Yield,False,0.7377,"['yield=230.0%', 'universe rank 74%']",['not in top quartile for yield'],
MCHP,dividend_growth,Dividend Growth,False,0.3333,['dividend payer: yield=230.0%'],"['earnings not growing', 'P/E out of range']",
MCHP,magic_formula,Magic Formula,False,0.199,[],['below top half on combined Magic Formula rank'],
MCHP,acquirers_multiple,Acquirer's Multiple,False,0.1553,"['EV/EBIT=90.8', 'universe rank 16%']","['EV/EBIT 90.8 above 12.0', 'not in top 40% cheapest on EV/EBIT']",
MCHP,dreman_contrarian,Dreman Contrarian,False,0.4848,"['low P/B rank 62%', 'dividend rank 74%']",['P/E not in bottom quartile'],
MCHP,piotroski_f,Piotroski F-Score,True,0.7778,"['F-Score=7/9', 'positive net income', 'positive operating cash flow', 'ROA improving', 'OCF > net income', 'no share dilution', 'gross margin improving', 'asset turnover improving']","['leverage declining', 'current ratio improving']","{'f_score': 7, 'max_score': 9, 'components': [{'name': 'positive net income', 'passed': True}, {'name': 'positive operating cash flow', 'passed': True}, {'name': 'ROA improving', 'passed': True}, {'name': 'OCF > net income', 'passed': True}, {'name': 'leverage declining', 'passed': False}, {'name': 'current ratio improving', 'passed': False}, {'name': 'no share dilution', 'passed': True}, {'name': 'gross margin improving', 'passed': True}, {'name': 'asset turnover improving', 'passed': True}]}"
MCHP,composite_value,Composite Value,False,0.62,"['top-tier on price_to_book (percentile 81%)', 'top-tier on dividend_yield (percentile 88%)', 'top-tier on fcf_yield (percentile 73%)']",[],
MCHP,earnings_quality,Earnings Quality,True,1.0,"['FCF/NI=5.93', 'OCF/NI=4.18', 'ratio=-5.09%']",[],
MCHP,financial_health,Financial Health,False,0.6,"['leverage=38.5%', 'CR=2.09', 'ratio=3.4']","['high debt to equity', 'weak interest coverage']",
MU,graham_defensive,Graham Defensive,False,0.5,"['Current ratio >= 2: CR=3.42', 'Dividend payer: yield=5.00%']","['P/E >= 15', 'valuation too rich on P/B or P/E×P/B']",
MU,graham_enterprising,Graham Enterprising,False,0.8,"['P/E < 25: P/E=22.0', 'Debt/equity < 100%: D/E=6%', 'ROE > 8%: ROE=66.6%', 'Positive earnings growth: growth=1368.5%']",['P/B >= 3'],
MU,graham_net_net,Graham Net-Net,False,0.0,[],['missing NCAV (balance sheet data)'],
MU,schloss,Schloss Low P/B,False,0.5,['D/E < 50.0%: D/E=6%'],['P/B too high'],
MU,deep_value,Deep Value,False,0.0,[],"['P/B not below 1.0', 'EV/EBITDA not below 8']",
MU,earnings_yield,Earnings Yield,False,0.3792,['E/P=4.5% (P/E=22.0)'],['earnings yield 4.5% below 8%'],
MU,fcf_yield,FCF Yield,False,0.0696,['FCF yield=0.7%'],['FCF yield 0.7% below 5%'],
MU,low_pe_high_yield,Low P/E + High Yield,False,0.5,['yield=5.0%'],['P/E not below 12.0'],
MU,lynch_peg,Lynch PEG,True,0.9839,"['PEG=0.02', 'growth=1368.5%']",[],
MU,neff_pegy,Neff PEGY,True,0.984,"['PEGY=0.02', 'growth=1368.5%', 'yield=5.0%']",[],
MU,quality_value,Quality Value,False,0.6,"['ROE >= 12%: ROE=66.6%', 'Profit margin >= 5%: margin=55.9%', 'Debt/equity < 80%: D/E=6%']","['P/E >= 20', 'FCF yield below 3%']",
MU,buffett_quality,Buffett Quality,True,1.0,"['ROE >= 15%: ROE=66.6%', 'D/E < 60.0%: D/E=6%', 'margin >= 8%: margin=55.9%', 'P/E < 25.0: P/E=22.0']",[],
MU,economic_moat,Economic Moat,True,1.0,"['high ROE=66.6%', 'solid ROA=10.3%', 'wide margin=55.9%', 'low leverage D/E=6%']",[],
MU,high_dividend,High Dividend Yield,False,0.0,"['yield=5.0%', 'universe rank 0%']",['not in top quartile for yield'],
MU,dividend_growth,Dividend Growth,True,1.0,"['dividend payer: yield=5.0%', 'earnings growth: growth=1368.5%', 'reasonable P/E: P/E=22.0']",[],
MU,magic_formula,Magic Formula,False,0.3447,[],['below top half on combined Magic Formula rank'],
MU,acquirers_multiple,Acquirer's Multiple,False,0.1068,"['EV/EBIT=109.9', 'universe rank 11%']","['EV/EBIT 109.9 above 12.0', 'not in top 40% cheapest on EV/EBIT']",
MU,dreman_contrarian,Dreman Contrarian,False,0.4035,['low P/E rank 77%'],"['P/B not cheap vs universe', 'dividend yield below median']",
MU,piotroski_f,Piotroski F-Score,True,0.7778,"['F-Score=7/9', 'positive net income', 'positive operating cash flow', 'ROA improving', 'OCF > net income', 'leverage declining', 'gross margin improving', 'asset turnover improving']","['current ratio improving', 'no share dilution']","{'f_score': 7, 'max_score': 9, 'components': [{'name': 'positive net income', 'passed': True}, {'name': 'positive operating cash flow', 'passed': True}, {'name': 'ROA improving', 'passed': True}, {'name': 'OCF > net income', 'passed': True}, {'name': 'leverage declining', 'passed': True}, {'name': 'current ratio improving', 'passed': False}, {'name': 'no share dilution', 'passed': False}, {'name': 'gross margin improving', 'passed': True}, {'name': 'asset turnover improving', 'passed': True}]}"
MU,composite_value,Composite Value,False,0.5185,"['top-tier on trailing_pe (percentile 87%)', 'top-tier on ev_ebitda (percentile 86%)']",[],
MU,earnings_quality,Earnings Quality,True,1.0,"['FCF/NI=0.89', 'OCF/NI=2.05', 'ratio=-10.85%']",[],
MU,financial_health,Financial Health,True,1.0,"['D/E=6%', 'leverage=18.5%', 'CR=2.52', 'ratio=-0.3', 'coverage=20.6x']",[],
MSFT,graham_defensive,Graham Defensive,False,0.25,['Dividend payer: yield=73.00%'],"['P/E >= 15', 'valuation too rich on P/B or P/E×P/B', 'current ratio < 2']",
MSFT,graham_enterprising,Graham Enterprising,False,0.6,"['Debt/equity < 100%: D/E=29%', 'ROE > 8%: ROE=34.0%', 'Positive earnings growth: growth=31.7%']","['P/E >= 25', 'P/B >= 3']",
MSFT,graham_net_net,Graham Net-Net,False,0.0,[],['missing NCAV (balance sheet data)'],
MSFT,schloss,Schloss Low P/B,False,0.5,['D/E < 50.0%: D/E=29%'],['P/B too high'],
MSFT,deep_value,Deep Value,False,0.0,[],"['P/B not below 1.0', 'EV/EBITDA not below 8']",
MSFT,earnings_yield,Earnings Yield,False,0.3016,['E/P=3.6% (P/E=27.6)'],['earnings yield 3.6% below 8%'],
MSFT,fcf_yield,FCF Yield,False,0.045,['FCF yield=0.4%'],['FCF yield 0.4% below 5%'],
MSFT,low_pe_high_yield,Low P/E + High Yield,False,0.5,['yield=73.0%'],['P/E not below 12.0'],
MSFT,lynch_peg,Lynch PEG,True,0.1284,"['PEG=0.87', 'growth=31.7%']",[],
MSFT,neff_pegy,Neff PEGY,True,0.7361,"['PEGY=0.26', 'growth=31.7%', 'yield=73.0%']",[],
MSFT,quality_value,Quality Value,False,0.6,"['ROE >= 12%: ROE=34.0%', 'Profit margin >= 5%: margin=40.3%', 'Debt/equity < 80%: D/E=29%']","['P/E >= 20', 'FCF yield below 3%']",
MSFT,buffett_quality,Buffett Quality,False,0.75,"['ROE >= 15%: ROE=34.0%', 'D/E < 60.0%: D/E=29%', 'margin >= 8%: margin=40.3%']",['P/E too high'],
MSFT,economic_moat,Economic Moat,True,1.0,"['high ROE=34.0%', 'solid ROA=17.6%', 'wide margin=40.3%', 'low leverage D/E=29%']",[],
MSFT,high_dividend,High Dividend Yield,False,0.3607,"['yield=73.0%', 'universe rank 36%']",['not in top quartile for yield'],
MSFT,dividend_growth,Dividend Growth,True,0.6667,"['dividend payer: yield=73.0%', 'earnings growth: growth=31.7%']",['P/E out of range'],
MSFT,magic_formula,Magic Formula,True,0.733,"['earnings yield rank 71%', 'ROIC rank 76%']",[],
MSFT,acquirers_multiple,Acquirer's Multiple,False,0.6019,"['EV/EBIT=24.0', 'universe rank 60%']",['EV/EBIT 24.0 above 12.0'],
MSFT,dreman_contrarian,Dreman Contrarian,False,0.5157,[],"['P/E not in bottom quartile', 'P/B not cheap vs universe', 'dividend yield below median']",
MSFT,piotroski_f,Piotroski F-Score,False,0.6667,"['F-Score=6/9', 'positive net income', 'positive operating cash flow', 'ROA improving', 'OCF > net income', 'leverage declining', 'no share dilution']","['F-Score 6/9 below 7', 'current ratio improving', 'gross margin improving', 'asset turnover improving']","{'f_score': 6, 'max_score': 9, 'components': [{'name': 'positive net income', 'passed': True}, {'name': 'positive operating cash flow', 'passed': True}, {'name': 'ROA improving', 'passed': True}, {'name': 'OCF > net income', 'passed': True}, {'name': 'leverage declining', 'passed': True}, {'name': 'current ratio improving', 'passed': False}, {'name': 'no share dilution', 'passed': True}, {'name': 'gross margin improving', 'passed': False}, {'name': 'asset turnover improving', 'passed': False}]}"
MSFT,composite_value,Composite Value,False,0.5896,"['top-tier on trailing_pe (percentile 76%)', 'top-tier on price_to_book (percentile 76%)', 'top-tier on ev_ebitda (percentile 79%)']",[],
MSFT,earnings_quality,Earnings Quality,False,0.6667,"['OCF/NI=1.37', 'ratio=-6.49%']",['weak free-cash conversion'],
MSFT,financial_health,Financial Health,True,1.0,"['D/E=29%', 'leverage=7.5%', 'CR=1.23', 'ratio=0.3', 'coverage=50.9x']",[],
MSTR,graham_defensive,Graham Defensive,False,0.5,"['P/B < 1.5 or P/E×P/B < 22.5: P/B=1.12', 'Current ratio >= 2: CR=5.39']","['no positive trailing P/E', 'no dividend']",
MSTR,graham_enterprising,Graham Enterprising,False,0.4,"['P/B < 3: P/B=1.12', 'Debt/equity < 100%: D/E=15%']","['missing P/E', 'ROE <= 8%', 'negative earnings growth']",
MSTR,graham_net_net,Graham Net-Net,False,0.0,[],['missing NCAV (balance sheet data)'],
MSTR,schloss,Schloss Low P/B,True,1.0,"['P/B < 1.2: P/B=1.12', 'D/E < 50.0%: D/E=15%']",[],
MSTR,deep_value,Deep Value,False,0.5,['EV/EBITDA=-1.5'],['P/B not below 1.0'],
MSTR,earnings_yield,Earnings Yield,False,1.0,['E/P=nan% (P/E=nan)'],['earnings yield nan% below 8%'],
MSTR,fcf_yield,FCF Yield,False,0.0,['FCF yield=-61.6%'],['FCF yield -61.6% below 5%'],
MSTR,low_pe_high_yield,Low P/E + High Yield,False,0.0,[],"['P/E not below 12.0', 'yield below 4%']",
MSTR,lynch_peg,Lynch PEG,False,0.0,"['PEG=nan', 'growth=nan%']",[],
MSTR,neff_pegy,Neff PEGY,False,0.0,"['PEGY=nan', 'growth=nan%', 'yield=nan%']",['PEGY nan >= 1.0'],
MSTR,quality_value,Quality Value,False,0.2,['Debt/equity < 80%: D/E=15%'],"['ROE below 12%', 'thin margins', 'missing P/E', 'FCF yield below 3%']",
MSTR,buffett_quality,Buffett Quality,False,0.25,['D/E < 60.0%: D/E=15%'],"['ROE too low', 'thin margins', 'missing P/E']",
MSTR,economic_moat,Economic Moat,False,0.25,['low leverage D/E=15%'],"['ROE below 18%', 'ROA below 8%', 'margins below 12%']",
MSTR,high_dividend,High Dividend Yield,False,0.0,[],['could not rank yield'],
MSTR,dividend_growth,Dividend Growth,False,0.0,[],"['yield too low', 'earnings not growing', 'P/E out of range']",
MSTR,magic_formula,Magic Formula,False,0.0777,[],['below top half on combined Magic Formula rank'],
MSTR,acquirers_multiple,Acquirer's Multiple,False,0.0,[],['missing EV or EBIT'],
MSTR,dreman_contrarian,Dreman Contrarian,False,0.0,[],['missing valuation data'],
MSTR,piotroski_f,Piotroski F-Score,False,0.3333,"['F-Score=3/9', 'OCF > net income', 'leverage declining', 'current ratio improving']","['F-Score 3/9 below 7', 'positive net income', 'positive operating cash flow', 'ROA improving', 'no share dilution', 'gross margin improving', 'asset turnover improving']","{'f_score': 3, 'max_score': 9, 'components': [{'name': 'positive net income', 'passed': False}, {'name': 'positive operating cash flow', 'passed': False}, {'name': 'ROA improving', 'passed': False}, {'name': 'OCF > net income', 'passed': True}, {'name': 'leverage declining', 'passed': True}, {'name': 'current ratio improving', 'passed': True}, {'name': 'no share dilution', 'passed': False}, {'name': 'gross margin improving', 'passed': False}, {'name': 'asset turnover improving', 'passed': False}]}"
MSTR,composite_value,Composite Value,False,0.6364,"['top-tier on price_to_book (percentile 100%)', 'top-tier on ev_ebitda (percentile 100%)']","['missing trailing_pe', 'missing dividend_yield']",
MSTR,earnings_quality,Earnings Quality,False,0.5,['ratio=-6.13%'],['negative net income'],
MSTR,financial_health,Financial Health,True,0.8,"['D/E=15%', 'leverage=13.4%', 'CR=5.62', 'insufficient data — skipped']",['weak interest coverage'],
MDLZ,graham_defensive,Graham Defensive,False,0.25,['Dividend payer: yield=314.00%'],"['P/E >= 15', 'valuation too rich on P/B or P/E×P/B', 'current ratio < 2']",
MDLZ,graham_enterprising,Graham Enterprising,False,0.6,"['Debt/equity < 100%: D/E=83%', 'ROE > 8%: ROE=13.3%', 'Positive earnings growth: growth=144.9%']","['P/E >= 25', 'P/B >= 3']",
MDLZ,graham_net_net,Graham Net-Net,False,0.0,[],['missing NCAV (balance sheet data)'],
MDLZ,schloss,Schloss Low P/B,False,0.0,[],"['P/B too high', 'too much leverage']",
MDLZ,deep_value,Deep Value,False,0.0,[],"['P/B not below 1.0', 'EV/EBITDA not below 8']",
MDLZ,earnings_yield,Earnings Yield,False,0.2135,['E/P=2.6% (P/E=39.0)'],['earnings yield 2.6% below 8%'],
MDLZ,fcf_yield,FCF Yield,False,0.2774,['FCF yield=2.8%'],['FCF yield 2.8% below 5%'],
MDLZ,low_pe_high_yield,Low P/E + High Yield,False,0.5,['yield=314.0%'],['P/E not below 12.0'],
MDLZ,lynch_peg,Lynch PEG,True,0.7307,"['PEG=0.27', 'growth=144.9%']",[],
MDLZ,neff_pegy,Neff PEGY,True,0.915,"['PEGY=0.09', 'growth=144.9%', 'yield=314.0%']",[],
MDLZ,quality_value,Quality Value,False,0.4,"['ROE >= 12%: ROE=13.3%', 'Profit margin >= 5%: margin=8.9%']","['high leverage', 'P/E >= 20', 'FCF yield below 3%']",
MDLZ,buffett_quality,Buffett Quality,False,0.25,['margin >= 8%: margin=8.9%'],"['ROE too low', 'too much debt', 'P/E too high']",
MDLZ,economic_moat,Economic Moat,False,0.0,[],"['ROE below 18%', 'ROA below 8%', 'margins below 12%', 'leverage too high']",
MDLZ,high_dividend,High Dividend Yield,True,0.9016,"['yield=314.0%', 'universe rank 90%']",[],
MDLZ,dividend_growth,Dividend Growth,True,0.6667,"['dividend payer: yield=314.0%', 'earnings growth: growth=144.9%']",['P/E out of range'],
MDLZ,magic_formula,Magic Formula,False,0.4466,['earnings yield rank 64%'],['below top half on combined Magic Formula rank'],
MDLZ,acquirers_multiple,Acquirer's Multiple,False,0.534,"['EV/EBIT=28.1', 'universe rank 53%']","['EV/EBIT 28.1 above 12.0', 'not in top 40% cheapest on EV/EBIT']",
MDLZ,dreman_contrarian,Dreman Contrarian,False,0.726,"['low P/B rank 80%', 'dividend rank 90%']",['P/E not in bottom quartile'],
MDLZ,piotroski_f,Piotroski F-Score,False,0.5556,"['F-Score=5/9', 'positive net income', 'positive operating cash flow', 'OCF > net income', 'no share dilution', 'asset turnover improving']","['F-Score 5/9 below 7', 'ROA improving', 'leverage declining', 'current ratio improving', 'gross margin improving']","{'f_score': 5, 'max_score': 9, 'components': [{'name': 'positive net income', 'passed': True}, {'name': 'positive operating cash flow', 'passed': True}, {'name': 'ROA improving', 'passed': False}, {'name': 'OCF > net income', 'passed': True}, {'name': 'leverage declining', 'passed': False}, {'name': 'current ratio improving', 'passed': False}, {'name': 'no share dilution', 'passed': True}, {'name': 'gross margin improving', 'passed': False}, {'name': 'asset turnover improving', 'passed': True}]}"
MDLZ,composite_value,Composite Value,False,0.5759,['top-tier on price_to_book (percentile 75%)'],[],
MDLZ,earnings_quality,Earnings Quality,True,1.0,"['FCF/NI=0.92', 'OCF/NI=1.84', 'ratio=-2.89%']",[],
MDLZ,financial_health,Financial Health,False,0.6,"['leverage=30.5%', 'ratio=3.3', 'coverage=6.0x']","['high debt to equity', 'weak liquidity']",
MPWR,graham_defensive,Graham Defensive,False,0.5,"['Current ratio >= 2: CR=4.97', 'Dividend payer: yield=57.00%']","['P/E >= 15', 'valuation too rich on P/B or P/E×P/B']",
MPWR,graham_enterprising,Graham Enterprising,False,0.6,"['Debt/equity < 100%: D/E=0%', 'ROE > 8%: ROE=22.0%', 'Positive earnings growth: growth=85.8%']","['P/E >= 25', 'P/B >= 3']",
MPWR,graham_net_net,Graham Net-Net,False,0.0,[],['missing NCAV (balance sheet data)'],
MPWR,schloss,Schloss Low P/B,False,0.5,['D/E < 50.0%: D/E=0%'],['P/B too high'],
MPWR,deep_value,Deep Value,False,0.0,[],"['P/B not below 1.0', 'EV/EBITDA not below 8']",
MPWR,earnings_yield,Earnings Yield,False,0.0975,['E/P=1.2% (P/E=85.5)'],['earnings yield 1.2% below 8%'],
MPWR,fcf_yield,FCF Yield,False,0.0645,['FCF yield=0.6%'],['FCF yield 0.6% below 5%'],
MPWR,low_pe_high_yield,Low P/E + High Yield,False,0.5,['yield=57.0%'],['P/E not below 12.0'],
MPWR,lynch_peg,Lynch PEG,True,0.0036,"['PEG=1.00', 'growth=85.8%']",[],
MPWR,neff_pegy,Neff PEGY,True,0.4013,"['PEGY=0.60', 'growth=85.8%', 'yield=57.0%']",[],
MPWR,quality_value,Quality Value,False,0.6,"['ROE >= 12%: ROE=22.0%', 'Profit margin >= 5%: margin=24.5%', 'Debt/equity < 80%: D/E=0%']","['P/E >= 20', 'FCF yield below 3%']",
MPWR,buffett_quality,Buffett Quality,False,0.75,"['ROE >= 15%: ROE=22.0%', 'D/E < 60.0%: D/E=0%', 'margin >= 8%: margin=24.5%']",['P/E too high'],
MPWR,economic_moat,Economic Moat,True,1.0,"['high ROE=22.0%', 'solid ROA=14.8%', 'wide margin=24.5%', 'low leverage D/E=0%']",[],
MPWR,high_dividend,High Dividend Yield,False,0.2951,"['yield=57.0%', 'universe rank 30%']",['not in top quartile for yield'],
MPWR,dividend_growth,Dividend Growth,True,0.6667,"['dividend payer: yield=57.0%', 'earnings growth: growth=85.8%']",['P/E out of range'],
MPWR,magic_formula,Magic Formula,False,0.4272,['ROIC rank 60%'],['below top half on combined Magic Formula rank'],
MPWR,acquirers_multiple,Acquirer's Multiple,False,0.1456,"['EV/EBIT=92.6', 'universe rank 15%']","['EV/EBIT 92.6 above 12.0', 'not in top 40% cheapest on EV/EBIT']",
MPWR,dreman_contrarian,Dreman Contrarian,False,0.2248,[],"['P/E not in bottom quartile', 'P/B not cheap vs universe', 'dividend yield below median']",
MPWR,piotroski_f,Piotroski F-Score,False,0.5556,"['F-Score=5/9', 'positive net income', 'positive operating cash flow', 'OCF > net income', 'current ratio improving', 'asset turnover improving']","['F-Score 5/9 below 7', 'ROA improving', 'leverage declining', 'no share dilution', 'gross margin improving']","{'f_score': 5, 'max_score': 9, 'components': [{'name': 'positive net income', 'passed': True}, {'name': 'positive operating cash flow', 'passed': True}, {'name': 'ROA improving', 'passed': False}, {'name': 'OCF > net income', 'passed': True}, {'name': 'leverage declining', 'passed': False}, {'name': 'current ratio improving', 'passed': True}, {'name': 'no share dilution', 'passed': False}, {'name': 'gross margin improving', 'passed': False}, {'name': 'asset turnover improving', 'passed': True}]}"
MPWR,composite_value,Composite Value,False,0.3095,[],[],
MPWR,earnings_quality,Earnings Quality,True,1.0,"['FCF/NI=0.71', 'OCF/NI=1.35', 'ratio=-5.17%']",[],
MPWR,financial_health,Financial Health,True,1.0,"['D/E=0%', 'leverage=0.5%', 'CR=5.91', 'ratio=-1.4', 'insufficient data — skipped']",[],
MNST,graham_defensive,Graham Defensive,False,0.25,['Current ratio >= 2: CR=3.73'],"['P/E >= 15', 'valuation too rich on P/B or P/E×P/B', 'no dividend']",
MNST,graham_enterprising,Graham Enterprising,False,0.6,"['Debt/equity < 100%: D/E=1%', 'ROE > 8%: ROE=25.7%', 'Positive earnings growth: growth=18.0%']","['P/E >= 25', 'P/B >= 3']",
MNST,graham_net_net,Graham Net-Net,False,0.0,[],['missing NCAV (balance sheet data)'],
MNST,schloss,Schloss Low P/B,False,0.5,['D/E < 50.0%: D/E=1%'],['P/B too high'],
MNST,deep_value,Deep Value,False,0.0,[],"['P/B not below 1.0', 'EV/EBITDA not below 8']",
MNST,earnings_yield,Earnings Yield,False,0.1922,['E/P=2.3% (P/E=43.4)'],['earnings yield 2.3% below 8%'],
MNST,fcf_yield,FCF Yield,False,0.1833,['FCF yield=1.8%'],['FCF yield 1.8% below 5%'],
MNST,low_pe_high_yield,Low P/E + High Yield,False,0.0,[],"['P/E not below 12.0', 'yield below 4%']",
MNST,lynch_peg,Lynch PEG,False,0.0,"['PEG=2.41', 'growth=18.0%']",['PEG 2.41 >= 1.0'],
MNST,neff_pegy,Neff PEGY,False,0.0,"['PEGY=nan', 'growth=18.0%', 'yield=nan%']",['PEGY nan >= 1.0'],
MNST,quality_value,Quality Value,False,0.6,"['ROE >= 12%: ROE=25.7%', 'Profit margin >= 5%: margin=23.1%', 'Debt/equity < 80%: D/E=1%']","['P/E >= 20', 'FCF yield below 3%']",
MNST,buffett_quality,Buffett Quality,False,0.75,"['ROE >= 15%: ROE=25.7%', 'D/E < 60.0%: D/E=1%', 'margin >= 8%: margin=23.1%']",['P/E too high'],
MNST,economic_moat,Economic Moat,True,1.0,"['high ROE=25.7%', 'solid ROA=19.1%', 'wide margin=23.1%', 'low leverage D/E=1%']",[],
MNST,high_dividend,High Dividend Yield,False,0.0,[],['could not rank yield'],
MNST,dividend_growth,Dividend Growth,False,0.3333,['earnings growth: growth=18.0%'],"['yield too low', 'P/E out of range']",
MNST,magic_formula,Magic Formula,True,0.6408,['ROIC rank 80%'],[],
MNST,acquirers_multiple,Acquirer's Multiple,False,0.3786,"['EV/EBIT=36.5', 'universe rank 38%']","['EV/EBIT 36.5 above 12.0', 'not in top 40% cheapest on EV/EBIT']",
MNST,dreman_contrarian,Dreman Contrarian,False,0.438,[],"['P/E not in bottom quartile', 'P/B not cheap vs universe']",
MNST,piotroski_f,Piotroski F-Score,False,0.6667,"['F-Score=6/9', 'positive net income', 'positive operating cash flow', 'OCF > net income', 'current ratio improving', 'no share dilution', 'gross margin improving']","['F-Score 6/9 below 7', 'ROA improving', 'leverage declining', 'asset turnover improving']","{'f_score': 6, 'max_score': 9, 'components': [{'name': 'positive net income', 'passed': True}, {'name': 'positive operating cash flow', 'passed': True}, {'name': 'ROA improving', 'passed': False}, {'name': 'OCF > net income', 'passed': True}, {'name': 'leverage declining', 'passed': False}, {'name': 'current ratio improving', 'passed': True}, {'name': 'no share dilution', 'passed': True}, {'name': 'gross margin improving', 'passed': True}, {'name': 'asset turnover improving', 'passed': False}]}"
MNST,composite_value,Composite Value,False,0.2612,[],['missing dividend_yield'],
MNST,earnings_quality,Earnings Quality,True,1.0,"['FCF/NI=0.88', 'OCF/NI=1.10', 'ratio=-1.93%']",[],
MNST,financial_health,Financial Health,False,0.8,"['D/E=1%', 'CR=3.70', 'ratio=-1.1', 'insufficient data — skipped']",['high leverage'],
NBIS,graham_defensive,Graham Defensive,False,0.25,['Current ratio >= 2: CR=4.03'],"['no positive trailing P/E', 'valuation too rich on P/B or P/E×P/B', 'no dividend']",
NBIS,graham_enterprising,Graham Enterprising,False,0.2,['Debt/equity < 100%: D/E=99%'],"['missing P/E', 'P/B >= 3', 'ROE <= 8%', 'negative earnings growth']",
NBIS,graham_net_net,Graham Net-Net,False,0.0,[],['missing NCAV (balance sheet data)'],
NBIS,schloss,Schloss Low P/B,False,0.0,[],"['P/B too high', 'too much leverage']",
NBIS,deep_value,Deep Value,False,0.0,[],"['P/B not below 1.0', 'EV/EBITDA not below 8']",
NBIS,earnings_yield,Earnings Yield,False,1.0,['E/P=nan% (P/E=nan)'],['earnings yield nan% below 8%'],
NBIS,fcf_yield,FCF Yield,False,0.0,['FCF yield=-12.7%'],['FCF yield -12.7% below 5%'],
NBIS,low_pe_high_yield,Low P/E + High Yield,False,0.0,[],"['P/E not below 12.0', 'yield below 4%']",
NBIS,lynch_peg,Lynch PEG,False,0.0,"['PEG=nan', 'growth=nan%']",[],
NBIS,neff_pegy,Neff PEGY,False,0.0,"['PEGY=nan', 'growth=nan%', 'yield=nan%']",['PEGY nan >= 1.0'],
NBIS,quality_value,Quality Value,False,0.0,[],"['ROE below 12%', 'thin margins', 'high leverage', 'missing P/E', 'FCF yield below 3%']",
NBIS,buffett_quality,Buffett Quality,False,0.0,[],"['ROE too low', 'too much debt', 'thin margins', 'missing P/E']",
NBIS,economic_moat,Economic Moat,False,0.0,[],"['ROE below 18%', 'ROA below 8%', 'margins below 12%', 'leverage too high']",
NBIS,high_dividend,High Dividend Yield,False,0.0,[],['could not rank yield'],
NBIS,dividend_growth,Dividend Growth,False,0.0,[],"['yield too low', 'earnings not growing', 'P/E out of range']",
NBIS,magic_formula,Magic Formula,False,0.0097,[],['below top half on combined Magic Formula rank'],
NBIS,acquirers_multiple,Acquirer's Multiple,False,0.0,[],['missing EV or EBIT'],
NBIS,dreman_contrarian,Dreman Contrarian,False,0.0,[],['missing valuation data'],
NBIS,piotroski_f,Piotroski F-Score,False,0.6667,"['F-Score=6/9', 'positive net income', 'positive operating cash flow', 'ROA improving', 'OCF > net income', 'gross margin improving', 'asset turnover improving']","['F-Score 6/9 below 7', 'leverage declining', 'current ratio improving', 'no share dilution']","{'f_score': 6, 'max_score': 9, 'components': [{'name': 'positive net income', 'passed': True}, {'name': 'positive operating cash flow', 'passed': True}, {'name': 'ROA improving', 'passed': True}, {'name': 'OCF > net income', 'passed': True}, {'name': 'leverage declining', 'passed': False}, {'name': 'current ratio improving', 'passed': False}, {'name': 'no share dilution', 'passed': False}, {'name': 'gross margin improving', 'passed': True}, {'name': 'asset turnover improving', 'passed': True}]}"
NBIS,composite_value,Composite Value,False,0.157,[],"['missing trailing_pe', 'missing dividend_yield']",
NBIS,earnings_quality,Earnings Quality,False,0.6667,"['OCF/NI=4.66', 'ratio=-2.43%']",['weak free-cash conversion'],
NBIS,financial_health,Financial Health,False,0.4,"['leverage=40.0%', 'CR=3.08']","['high debt to equity', 'high net debt/EBITDA', 'weak interest coverage']",
NFLX,graham_defensive,Graham Defensive,False,0.0,[],"['P/E >= 15', 'valuation too rich on P/B or P/E×P/B', 'current ratio < 2', 'no dividend']",
NFLX,graham_enterprising,Graham Enterprising,False,0.8,"['P/E < 25: P/E=24.6', 'Debt/equity < 100%: D/E=55%', 'ROE > 8%: ROE=49.5%', 'Positive earnings growth: growth=11.1%']",['P/B >= 3'],
NFLX,graham_net_net,Graham Net-Net,False,0.0,[],['missing NCAV (balance sheet data)'],
NFLX,schloss,Schloss Low P/B,False,0.0,[],"['P/B too high', 'too much leverage']",
NFLX,deep_value,Deep Value,False,0.0,[],"['P/B not below 1.0', 'EV/EBITDA not below 8']",
NFLX,earnings_yield,Earnings Yield,False,0.339,['E/P=4.1% (P/E=24.6)'],['earnings yield 4.1% below 8%'],
NFLX,fcf_yield,FCF Yield,True,0.7801,['FCF yield=7.8%'],[],
NFLX,low_pe_high_yield,Low P/E + High Yield,False,0.0,[],"['P/E not below 12.0', 'yield below 4%']",
NFLX,lynch_peg,Lynch PEG,False,0.0,"['PEG=2.21', 'growth=11.1%']",['PEG 2.21 >= 1.0'],
NFLX,neff_pegy,Neff PEGY,False,0.0,"['PEGY=nan', 'growth=11.1%', 'yield=nan%']",['PEGY nan >= 1.0'],
NFLX,quality_value,Quality Value,True,0.8,"['ROE >= 12%: ROE=49.5%', 'Profit margin >= 5%: margin=28.2%', 'Debt/equity < 80%: D/E=55%', 'FCF yield >= 3%: FCF yield=7.8%']",['P/E >= 20'],
NFLX,buffett_quality,Buffett Quality,True,1.0,"['ROE >= 15%: ROE=49.5%', 'D/E < 60.0%: D/E=55%', 'margin >= 8%: margin=28.2%', 'P/E < 25.0: P/E=24.6']",[],
NFLX,economic_moat,Economic Moat,True,0.75,"['high ROE=49.5%', 'solid ROA=19.8%', 'wide margin=28.2%']",['leverage too high'],
NFLX,high_dividend,High Dividend Yield,False,0.0,[],['could not rank yield'],
NFLX,dividend_growth,Dividend Growth,False,0.6667,"['earnings growth: growth=11.1%', 'reasonable P/E: P/E=24.6']",['yield too low'],
NFLX,magic_formula,Magic Formula,True,0.7621,"['earnings yield rank 70%', 'ROIC rank 83%']",[],
NFLX,acquirers_multiple,Acquirer's Multiple,False,0.5922,"['EV/EBIT=25.0', 'universe rank 59%']","['EV/EBIT 25.0 above 12.0', 'not in top 40% cheapest on EV/EBIT']",
NFLX,dreman_contrarian,Dreman Contrarian,False,0.5826,[],"['P/E not in bottom quartile', 'P/B not cheap vs universe']",
NFLX,piotroski_f,Piotroski F-Score,True,0.7778,"['F-Score=7/9', 'positive net income', 'positive operating cash flow', 'ROA improving', 'leverage declining', 'no share dilution', 'gross margin improving', 'asset turnover improving']","['OCF > net income', 'current ratio improving']","{'f_score': 7, 'max_score': 9, 'components': [{'name': 'positive net income', 'passed': True}, {'name': 'positive operating cash flow', 'passed': True}, {'name': 'ROA improving', 'passed': True}, {'name': 'OCF > net income', 'passed': False}, {'name': 'leverage declining', 'passed': True}, {'name': 'current ratio improving', 'passed': False}, {'name': 'no share dilution', 'passed': True}, {'name': 'gross margin improving', 'passed': True}, {'name': 'asset turnover improving', 'passed': True}]}"
NFLX,composite_value,Composite Value,False,0.4304,['top-tier on fcf_yield (percentile 73%)'],['missing dividend_yield'],
NFLX,earnings_quality,Earnings Quality,True,1.0,"['FCF/NI=2.31', 'OCF/NI=0.92', 'ratio=1.50%']",[],
NFLX,financial_health,Financial Health,True,1.0,"['D/E=55%', 'leverage=26.0%', 'CR=1.19', 'ratio=0.5', 'coverage=17.2x']",[],
NVDA,graham_defensive,Graham Defensive,False,0.5,"['Current ratio >= 2: CR=3.44', 'Dividend payer: yield=44.00%']","['P/E >= 15', 'valuation too rich on P/B or P/E×P/B']",
NVDA,graham_enterprising,Graham Enterprising,False,0.6,"['Debt/equity < 100%: D/E=7%', 'ROE > 8%: ROE=114.3%', 'Positive earnings growth: growth=214.5%']","['P/E >= 25', 'P/B >= 3']",
NVDA,graham_net_net,Graham Net-Net,False,0.0,[],['missing NCAV (balance sheet data)'],
NVDA,schloss,Schloss Low P/B,False,0.5,['D/E < 50.0%: D/E=7%'],['P/B too high'],
NVDA,deep_value,Deep Value,False,0.0,[],"['P/B not below 1.0', 'EV/EBITDA not below 8']",
NVDA,earnings_yield,Earnings Yield,False,0.2417,['E/P=2.9% (P/E=34.5)'],['earnings yield 2.9% below 8%'],
NVDA,fcf_yield,FCF Yield,False,0.085,['FCF yield=0.8%'],['FCF yield 0.8% below 5%'],
NVDA,low_pe_high_yield,Low P/E + High Yield,False,0.5,['yield=44.0%'],['P/E not below 12.0'],
NVDA,lynch_peg,Lynch PEG,True,0.8393,"['PEG=0.16', 'growth=214.5%']",[],
NVDA,neff_pegy,Neff PEGY,True,0.8666,"['PEGY=0.13', 'growth=214.5%', 'yield=44.0%']",[],
NVDA,quality_value,Quality Value,False,0.6,"['ROE >= 12%: ROE=114.3%', 'Profit margin >= 5%: margin=63.0%', 'Debt/equity < 80%: D/E=7%']","['P/E >= 20', 'FCF yield below 3%']",
NVDA,buffett_quality,Buffett Quality,False,0.75,"['ROE >= 15%: ROE=114.3%', 'D/E < 60.0%: D/E=7%', 'margin >= 8%: margin=63.0%']",['P/E too high'],
NVDA,economic_moat,Economic Moat,True,1.0,"['high ROE=114.3%', 'solid ROA=58.1%', 'wide margin=63.0%', 'low leverage D/E=7%']",[],
NVDA,high_dividend,High Dividend Yield,False,0.2131,"['yield=44.0%', 'universe rank 21%']",['not in top quartile for yield'],
NVDA,dividend_growth,Dividend Growth,True,0.6667,"['dividend payer: yield=44.0%', 'earnings growth: growth=214.5%']",['P/E out of range'],
NVDA,magic_formula,Magic Formula,True,0.7087,['ROIC rank 99%'],[],
NVDA,acquirers_multiple,Acquirer's Multiple,False,0.3204,"['EV/EBIT=41.5', 'universe rank 32%']","['EV/EBIT 41.5 above 12.0', 'not in top 40% cheapest on EV/EBIT']",
NVDA,dreman_contrarian,Dreman Contrarian,False,0.2934,[],"['P/E not in bottom quartile', 'P/B not cheap vs universe', 'dividend yield below median']",
NVDA,piotroski_f,Piotroski F-Score,False,0.4444,"['F-Score=4/9', 'positive net income', 'positive operating cash flow', 'leverage declining', 'no share dilution']","['F-Score 4/9 below 7', 'ROA improving', 'OCF > net income', 'current ratio improving', 'gross margin improving', 'asset turnover improving']","{'f_score': 4, 'max_score': 9, 'components': [{'name': 'positive net income', 'passed': True}, {'name': 'positive operating cash flow', 'passed': True}, {'name': 'ROA improving', 'passed': False}, {'name': 'OCF > net income', 'passed': False}, {'name': 'leverage declining', 'passed': True}, {'name': 'current ratio improving', 'passed': False}, {'name': 'no share dilution', 'passed': True}, {'name': 'gross margin improving', 'passed': False}, {'name': 'asset turnover improving', 'passed': False}]}"
NVDA,composite_value,Composite Value,False,0.4389,['top-tier on trailing_pe (percentile 71%)'],[],
NVDA,earnings_quality,Earnings Quality,False,0.3333,['OCF/NI=0.86'],"['weak free-cash conversion', 'high accruals vs assets']",
NVDA,financial_health,Financial Health,True,1.0,"['D/E=7%', 'leverage=5.3%', 'CR=3.91', 'ratio=-0.2', 'coverage=503.4x']",[],
NXPI,graham_defensive,Graham Defensive,False,0.5,"['Current ratio >= 2: CR=2.04', 'Dividend payer: yield=173.00%']","['P/E >= 15', 'valuation too rich on P/B or P/E×P/B']",
NXPI,graham_enterprising,Graham Enterprising,False,0.6,"['Debt/equity < 100%: D/E=93%', 'ROE > 8%: ROE=27.9%', 'Positive earnings growth: growth=72.6%']","['P/E >= 25', 'P/B >= 3']",
NXPI,graham_net_net,Graham Net-Net,False,0.0,[],['missing NCAV (balance sheet data)'],
NXPI,schloss,Schloss Low P/B,False,0.0,[],"['P/B too high', 'too much leverage']",
NXPI,deep_value,Deep Value,False,0.0,[],"['P/B not below 1.0', 'EV/EBITDA not below 8']",
NXPI,earnings_yield,Earnings Yield,False,0.1782,['E/P=2.1% (P/E=46.8)'],['earnings yield 2.1% below 8%'],
NXPI,fcf_yield,FCF Yield,True,0.6007,['FCF yield=6.0%'],[],
NXPI,low_pe_high_yield,Low P/E + High Yield,False,0.5,['yield=173.0%'],['P/E not below 12.0'],
NXPI,lynch_peg,Lynch PEG,True,0.356,"['PEG=0.64', 'growth=72.6%']",[],
NXPI,neff_pegy,Neff PEGY,True,0.8096,"['PEGY=0.19', 'growth=72.6%', 'yield=173.0%']",[],
NXPI,quality_value,Quality Value,False,0.6,"['ROE >= 12%: ROE=27.9%', 'Profit margin >= 5%: margin=22.6%', 'FCF yield >= 3%: FCF yield=6.0%']","['high leverage', 'P/E >= 20']",
NXPI,buffett_quality,Buffett Quality,False,0.5,"['ROE >= 15%: ROE=27.9%', 'margin >= 8%: margin=22.6%']","['too much debt', 'P/E too high']",
NXPI,economic_moat,Economic Moat,False,0.5,"['high ROE=27.9%', 'wide margin=22.6%']","['ROA below 8%', 'leverage too high']",
NXPI,high_dividend,High Dividend Yield,False,0.623,"['yield=173.0%', 'universe rank 62%']",['not in top quartile for yield'],
NXPI,dividend_growth,Dividend Growth,True,0.6667,"['dividend payer: yield=173.0%', 'earnings growth: growth=72.6%']",['P/E out of range'],
NXPI,magic_formula,Magic Formula,True,0.6117,['earnings yield rank 78%'],[],
NXPI,acquirers_multiple,Acquirer's Multiple,False,0.6699,"['EV/EBIT=22.2', 'universe rank 67%']",['EV/EBIT 22.2 above 12.0'],
NXPI,dreman_contrarian,Dreman Contrarian,False,0.5569,"['low P/B rank 70%', 'dividend rank 62%']",['P/E not in bottom quartile'],
NXPI,piotroski_f,Piotroski F-Score,False,0.4444,"['F-Score=4/9', 'positive net income', 'positive operating cash flow', 'OCF > net income', 'no share dilution']","['F-Score 4/9 below 7', 'ROA improving', 'leverage declining', 'current ratio improving', 'gross margin improving', 'asset turnover improving']","{'f_score': 4, 'max_score': 9, 'components': [{'name': 'positive net income', 'passed': True}, {'name': 'positive operating cash flow', 'passed': True}, {'name': 'ROA improving', 'passed': False}, {'name': 'OCF > net income', 'passed': True}, {'name': 'leverage declining', 'passed': False}, {'name': 'current ratio improving', 'passed': False}, {'name': 'no share dilution', 'passed': True}, {'name': 'gross margin improving', 'passed': False}, {'name': 'asset turnover improving', 'passed': False}]}"
NXPI,composite_value,Composite Value,True,0.8041,"['top-tier on price_to_book (percentile 90%)', 'top-tier on dividend_yield (percentile 75%)', 'top-tier on fcf_yield (percentile 93%)', 'top-tier on ev_ebitda (percentile 95%)']",[],
NXPI,earnings_quality,Earnings Quality,True,1.0,"['FCF/NI=1.76', 'OCF/NI=1.40', 'ratio=-3.01%']",[],
NXPI,financial_health,Financial Health,False,0.8,"['leverage=46.0%', 'CR=2.05', 'ratio=1.5', 'coverage=6.5x']",['high debt to equity'],
ORLY,graham_defensive,Graham Defensive,False,0.25,['P/B < 1.5 or P/E×P/B < 22.5: P/B=-40.48'],"['P/E >= 15', 'current ratio < 2', 'no dividend']",
ORLY,graham_enterprising,Graham Enterprising,False,0.4,"['P/B < 3: P/B=-40.48', 'Positive earnings growth: growth=10.3%']","['P/E >= 25', 'excessive leverage', 'ROE <= 8%']",
ORLY,graham_net_net,Graham Net-Net,False,0.0,[],['missing NCAV (balance sheet data)'],
ORLY,schloss,Schloss Low P/B,False,0.5,['P/B < 1.2: P/B=-40.48'],['too much leverage'],
ORLY,deep_value,Deep Value,False,0.5,['P/B=-40.48'],['EV/EBITDA not below 8'],
ORLY,earnings_yield,Earnings Yield,False,0.2883,['E/P=3.5% (P/E=28.9)'],['earnings yield 3.5% below 8%'],
ORLY,fcf_yield,FCF Yield,False,0.2133,['FCF yield=2.1%'],['FCF yield 2.1% below 5%'],
ORLY,low_pe_high_yield,Low P/E + High Yield,False,0.0,[],"['P/E not below 12.0', 'yield below 4%']",
ORLY,lynch_peg,Lynch PEG,False,0.0,"['PEG=2.81', 'growth=10.3%']",['PEG 2.81 >= 1.0'],
ORLY,neff_pegy,Neff PEGY,False,0.0,"['PEGY=nan', 'growth=10.3%', 'yield=nan%']",['PEGY nan >= 1.0'],
ORLY,quality_value,Quality Value,False,0.2,['Profit margin >= 5%: margin=14.3%'],"['ROE below 12%', 'high leverage', 'P/E >= 20', 'FCF yield below 3%']",
ORLY,buffett_quality,Buffett Quality,False,0.25,['margin >= 8%: margin=14.3%'],"['ROE too low', 'too much debt', 'P/E too high']",
ORLY,economic_moat,Economic Moat,False,0.5,"['solid ROA=15.3%', 'wide margin=14.3%']","['ROE below 18%', 'leverage too high']",
ORLY,high_dividend,High Dividend Yield,False,0.0,[],['could not rank yield'],
ORLY,dividend_growth,Dividend Growth,False,0.3333,['earnings growth: growth=10.3%'],"['yield too low', 'P/E out of range']",
ORLY,magic_formula,Magic Formula,True,0.8155,"['earnings yield rank 72%', 'ROIC rank 91%']",[],
ORLY,acquirers_multiple,Acquirer's Multiple,False,0.6117,"['EV/EBIT=24.0', 'universe rank 61%']",['EV/EBIT 24.0 above 12.0'],
ORLY,dreman_contrarian,Dreman Contrarian,False,0.8132,['low P/B rank 100%'],['P/E not in bottom quartile'],
ORLY,piotroski_f,Piotroski F-Score,True,0.7778,"['F-Score=7/9', 'positive net income', 'positive operating cash flow', 'OCF > net income', 'leverage declining', 'current ratio improving', 'no share dilution', 'gross margin improving']","['ROA improving', 'asset turnover improving']","{'f_score': 7, 'max_score': 9, 'components': [{'name': 'positive net income', 'passed': True}, {'name': 'positive operating cash flow', 'passed': True}, {'name': 'ROA improving', 'passed': False}, {'name': 'OCF > net income', 'passed': True}, {'name': 'leverage declining', 'passed': True}, {'name': 'current ratio improving', 'passed': True}, {'name': 'no share dilution', 'passed': True}, {'name': 'gross margin improving', 'passed': True}, {'name': 'asset turnover improving', 'passed': False}]}"
ORLY,composite_value,Composite Value,True,0.6818,"['top-tier on trailing_pe (percentile 73%)', 'top-tier on price_to_book (percentile 100%)', 'top-tier on ev_ebitda (percentile 73%)']",['missing dividend_yield'],
ORLY,earnings_quality,Earnings Quality,True,1.0,"['FCF/NI=0.62', 'OCF/NI=1.09', 'ratio=-1.35%']",[],
ORLY,financial_health,Financial Health,False,0.6,"['leverage=51.3%', 'ratio=2.2', 'coverage=14.7x']","['high debt to equity', 'weak liquidity']",
ODFL,graham_defensive,Graham Defensive,False,0.25,['Dividend payer: yield=55.00%'],"['P/E >= 15', 'valuation too rich on P/B or P/E×P/B', 'current ratio < 2']",
ODFL,graham_enterprising,Graham Enterprising,False,0.6,"['Debt/equity < 100%: D/E=0%', 'ROE > 8%: ROE=24.8%', 'Positive earnings growth: growth=32.3%']","['P/E >= 25', 'P/B >= 3']",
ODFL,graham_net_net,Graham Net-Net,False,0.0,[],['missing NCAV (balance sheet data)'],
ODFL,schloss,Schloss Low P/B,False,0.5,['D/E < 50.0%: D/E=0%'],['P/B too high'],
ODFL,deep_value,Deep Value,False,0.0,[],"['P/B not below 1.0', 'EV/EBITDA not below 8']",
ODFL,earnings_yield,Earnings Yield,False,0.205,['E/P=2.5% (P/E=40.6)'],['earnings yield 2.5% below 8%'],
ODFL,fcf_yield,FCF Yield,False,0.2213,['FCF yield=2.2%'],['FCF yield 2.2% below 5%'],
ODFL,low_pe_high_yield,Low P/E + High Yield,False,0.5,['yield=55.0%'],['P/E not below 12.0'],
ODFL,lynch_peg,Lynch PEG,False,0.0,"['PEG=1.26', 'growth=32.3%']",['PEG 1.26 >= 1.0'],
ODFL,neff_pegy,Neff PEGY,True,0.5344,"['PEGY=0.47', 'growth=32.3%', 'yield=55.0%']",[],
ODFL,quality_value,Quality Value,False,0.6,"['ROE >= 12%: ROE=24.8%', 'Profit margin >= 5%: margin=19.4%', 'Debt/equity < 80%: D/E=0%']","['P/E >= 20', 'FCF yield below 3%']",
ODFL,buffett_quality,Buffett Quality,False,0.75,"['ROE >= 15%: ROE=24.8%', 'D/E < 60.0%: D/E=0%', 'margin >= 8%: margin=19.4%']",['P/E too high'],
ODFL,economic_moat,Economic Moat,True,1.0,"['high ROE=24.8%', 'solid ROA=18.7%', 'wide margin=19.4%', 'low leverage D/E=0%']",[],
ODFL,high_dividend,High Dividend Yield,False,0.2787,"['yield=55.0%', 'universe rank 28%']",['not in top quartile for yield'],
ODFL,dividend_growth,Dividend Growth,True,0.6667,"['dividend payer: yield=55.0%', 'earnings growth: growth=32.3%']",['P/E out of range'],
ODFL,magic_formula,Magic Formula,True,0.6699,"['earnings yield rank 55%', 'ROIC rank 79%']",[],
ODFL,acquirers_multiple,Acquirer's Multiple,False,0.4466,"['EV/EBIT=31.9', 'universe rank 45%']","['EV/EBIT 31.9 above 12.0', 'not in top 40% cheapest on EV/EBIT']",
ODFL,dreman_contrarian,Dreman Contrarian,False,0.4024,[],"['P/E not in bottom quartile', 'P/B not cheap vs universe', 'dividend yield below median']",
ODFL,piotroski_f,Piotroski F-Score,False,0.6667,"['F-Score=6/9', 'positive net income', 'positive operating cash flow', 'OCF > net income', 'leverage declining', 'current ratio improving', 'no share dilution']","['F-Score 6/9 below 7', 'ROA improving', 'gross margin improving', 'asset turnover improving']","{'f_score': 6, 'max_score': 9, 'components': [{'name': 'positive net income', 'passed': True}, {'name': 'positive operating cash flow', 'passed': True}, {'name': 'ROA improving', 'passed': False}, {'name': 'OCF > net income', 'passed': True}, {'name': 'leverage declining', 'passed': True}, {'name': 'current ratio improving', 'passed': True}, {'name': 'no share dilution', 'passed': True}, {'name': 'gross margin improving', 'passed': False}, {'name': 'asset turnover improving', 'passed': False}]}"
ODFL,composite_value,Composite Value,False,0.3843,[],[],
ODFL,earnings_quality,Earnings Quality,True,1.0,"['FCF/NI=0.95', 'OCF/NI=1.34', 'ratio=-6.33%']",[],
ODFL,financial_health,Financial Health,True,1.0,"['D/E=0%', 'leverage=0.7%', 'CR=1.44', 'ratio=-0.1', 'coverage=4598.1x']",[],
PCAR,graham_defensive,Graham Defensive,False,0.5,"['Current ratio >= 2: CR=5.52', 'Dividend payer: yield=107.00%']","['P/E >= 15', 'valuation too rich on P/B or P/E×P/B']",
PCAR,graham_enterprising,Graham Enterprising,False,0.6,"['Debt/equity < 100%: D/E=73%', 'ROE > 8%: ROE=12.8%', 'Positive earnings growth: growth=4.2%']","['P/E >= 25', 'P/B >= 3']",
PCAR,graham_net_net,Graham Net-Net,False,0.0,[],['missing NCAV (balance sheet data)'],
PCAR,schloss,Schloss Low P/B,False,0.0,[],"['P/B too high', 'too much leverage']",
PCAR,deep_value,Deep Value,False,0.0,[],"['P/B not below 1.0', 'EV/EBITDA not below 8']",
PCAR,earnings_yield,Earnings Yield,False,0.3026,['E/P=3.6% (P/E=27.5)'],['earnings yield 3.6% below 8%'],
PCAR,fcf_yield,FCF Yield,False,0.2823,['FCF yield=2.8%'],['FCF yield 2.8% below 5%'],
PCAR,low_pe_high_yield,Low P/E + High Yield,False,0.5,['yield=107.0%'],['P/E not below 12.0'],
PCAR,lynch_peg,Lynch PEG,False,0.0,"['PEG=6.56', 'growth=4.2%']","['growth 4.2% below 5% floor', 'PEG 6.56 >= 1.0']",
PCAR,neff_pegy,Neff PEGY,True,0.7524,"['PEGY=0.25', 'growth=4.2%', 'yield=107.0%']",[],
PCAR,quality_value,Quality Value,False,0.6,"['ROE >= 12%: ROE=12.8%', 'Profit margin >= 5%: margin=9.0%', 'Debt/equity < 80%: D/E=73%']","['P/E >= 20', 'FCF yield below 3%']",
PCAR,buffett_quality,Buffett Quality,False,0.25,['margin >= 8%: margin=9.0%'],"['ROE too low', 'too much debt', 'P/E too high']",
PCAR,economic_moat,Economic Moat,False,0.0,[],"['ROE below 18%', 'ROA below 8%', 'margins below 12%', 'leverage too high']",
PCAR,high_dividend,High Dividend Yield,False,0.4918,"['yield=107.0%', 'universe rank 49%']",['not in top quartile for yield'],
PCAR,dividend_growth,Dividend Growth,True,0.6667,"['dividend payer: yield=107.0%', 'earnings growth: growth=4.2%']",['P/E out of range'],
PCAR,magic_formula,Magic Formula,True,0.5049,['earnings yield rank 69%'],[],
PCAR,acquirers_multiple,Acquirer's Multiple,False,0.5825,"['EV/EBIT=25.3', 'universe rank 58%']","['EV/EBIT 25.3 above 12.0', 'not in top 40% cheapest on EV/EBIT']",
PCAR,dreman_contrarian,Dreman Contrarian,False,0.6386,['low P/B rank 76%'],"['P/E not in bottom quartile', 'dividend yield below median']",
PCAR,piotroski_f,Piotroski F-Score,False,0.6667,"['F-Score=6/9', 'positive net income', 'positive operating cash flow', 'OCF > net income', 'leverage declining', 'current ratio improving', 'no share dilution']","['F-Score 6/9 below 7', 'ROA improving', 'gross margin improving', 'asset turnover improving']","{'f_score': 6, 'max_score': 9, 'components': [{'name': 'positive net income', 'passed': True}, {'name': 'positive operating cash flow', 'passed': True}, {'name': 'ROA improving', 'passed': False}, {'name': 'OCF > net income', 'passed': True}, {'name': 'leverage declining', 'passed': True}, {'name': 'current ratio improving', 'passed': True}, {'name': 'no share dilution', 'passed': True}, {'name': 'gross margin improving', 'passed': False}, {'name': 'asset turnover improving', 'passed': False}]}"
PCAR,composite_value,Composite Value,False,0.6091,"['top-tier on trailing_pe (percentile 73%)', 'top-tier on price_to_book (percentile 85%)']",[],
PCAR,earnings_quality,Earnings Quality,True,1.0,"['FCF/NI=0.82', 'OCF/NI=1.86', 'ratio=-4.60%']",[],
PCAR,financial_health,Financial Health,True,1.0,"['D/E=73%', 'leverage=35.3%', 'CR=3.08', 'ratio=1.9', 'insufficient data — skipped']",[],
PLTR,graham_defensive,Graham Defensive,False,0.25,['Current ratio >= 2: CR=7.23'],"['P/E >= 15', 'valuation too rich on P/B or P/E×P/B', 'no dividend']",
PLTR,graham_enterprising,Graham Enterprising,False,0.6,"['Debt/equity < 100%: D/E=2%', 'ROE > 8%: ROE=38.1%', 'Positive earnings growth: growth=215.4%']","['P/E >= 25', 'P/B >= 3']",
PLTR,graham_net_net,Graham Net-Net,False,0.0,[],['missing NCAV (balance sheet data)'],
PLTR,schloss,Schloss Low P/B,False,0.5,['D/E < 50.0%: D/E=2%'],['P/B too high'],
PLTR,deep_value,Deep Value,False,0.0,[],"['P/B not below 1.0', 'EV/EBITDA not below 8']",
PLTR,earnings_yield,Earnings Yield,False,0.056,['E/P=0.7% (P/E=148.8)'],['earnings yield 0.7% below 8%'],
PLTR,fcf_yield,FCF Yield,False,0.0516,['FCF yield=0.5%'],['FCF yield 0.5% below 5%'],
PLTR,low_pe_high_yield,Low P/E + High Yield,False,0.0,[],"['P/E not below 12.0', 'yield below 4%']",
PLTR,lynch_peg,Lynch PEG,True,0.3094,"['PEG=0.69', 'growth=215.4%']",[],
PLTR,neff_pegy,Neff PEGY,False,0.0,"['PEGY=nan', 'growth=215.4%', 'yield=nan%']",['PEGY nan >= 1.0'],
PLTR,quality_value,Quality Value,False,0.6,"['ROE >= 12%: ROE=38.1%', 'Profit margin >= 5%: margin=49.0%', 'Debt/equity < 80%: D/E=2%']","['P/E >= 20', 'FCF yield below 3%']",
PLTR,buffett_quality,Buffett Quality,False,0.75,"['ROE >= 15%: ROE=38.1%', 'D/E < 60.0%: D/E=2%', 'margin >= 8%: margin=49.0%']",['P/E too high'],
PLTR,economic_moat,Economic Moat,True,1.0,"['high ROE=38.1%', 'solid ROA=18.3%', 'wide margin=49.0%', 'low leverage D/E=2%']",[],
PLTR,high_dividend,High Dividend Yield,False,0.0,[],['could not rank yield'],
PLTR,dividend_growth,Dividend Growth,False,0.3333,['earnings growth: growth=215.4%'],"['yield too low', 'P/E out of range']",
PLTR,magic_formula,Magic Formula,False,0.3641,['ROIC rank 57%'],['below top half on combined Magic Formula rank'],
PLTR,acquirers_multiple,Acquirer's Multiple,False,0.0485,"['EV/EBIT=289.3', 'universe rank 5%']","['EV/EBIT 289.3 above 12.0', 'not in top 40% cheapest on EV/EBIT']",
PLTR,dreman_contrarian,Dreman Contrarian,False,0.0679,[],"['P/E not in bottom quartile', 'P/B not cheap vs universe']",
PLTR,piotroski_f,Piotroski F-Score,True,0.8889,"['F-Score=8/9', 'positive net income', 'positive operating cash flow', 'ROA improving', 'OCF > net income', 'leverage declining', 'current ratio improving', 'gross margin improving', 'asset turnover improving']",['no share dilution'],"{'f_score': 8, 'max_score': 9, 'components': [{'name': 'positive net income', 'passed': True}, {'name': 'positive operating cash flow', 'passed': True}, {'name': 'ROA improving', 'passed': True}, {'name': 'OCF > net income', 'passed': True}, {'name': 'leverage declining', 'passed': True}, {'name': 'current ratio improving', 'passed': True}, {'name': 'no share dilution', 'passed': False}, {'name': 'gross margin improving', 'passed': True}, {'name': 'asset turnover improving', 'passed': True}]}"
PLTR,composite_value,Composite Value,False,0.1378,[],['missing dividend_yield'],
PLTR,earnings_quality,Earnings Quality,True,1.0,"['FCF/NI=1.33', 'OCF/NI=1.31', 'ratio=-5.72%']",[],
PLTR,financial_health,Financial Health,True,1.0,"['D/E=2%', 'leverage=2.6%', 'CR=7.11', 'ratio=-3.5', 'insufficient data — skipped']",[],
PANW,graham_defensive,Graham Defensive,False,0.0,[],"['P/E >= 15', 'valuation too rich on P/B or P/E×P/B', 'current ratio < 2', 'no dividend']",
PANW,graham_enterprising,Graham Enterprising,False,0.2,['Debt/equity < 100%: D/E=8%'],"['P/E >= 25', 'P/B >= 3', 'ROE <= 8%', 'negative earnings growth']",
PANW,graham_net_net,Graham Net-Net,False,0.0,[],['missing NCAV (balance sheet data)'],
PANW,schloss,Schloss Low P/B,False,0.5,['D/E < 50.0%: D/E=8%'],['P/B too high'],
PANW,deep_value,Deep Value,False,0.0,[],"['P/B not below 1.0', 'EV/EBITDA not below 8']",
PANW,earnings_yield,Earnings Yield,False,0.0249,['E/P=0.3% (P/E=334.1)'],['earnings yield 0.3% below 8%'],
PANW,fcf_yield,FCF Yield,False,0.1143,['FCF yield=1.1%'],['FCF yield 1.1% below 5%'],
PANW,low_pe_high_yield,Low P/E + High Yield,False,0.0,[],"['P/E not below 12.0', 'yield below 4%']",
PANW,lynch_peg,Lynch PEG,False,0.0,"['PEG=nan', 'growth=nan%']",[],
PANW,neff_pegy,Neff PEGY,False,0.0,"['PEGY=nan', 'growth=nan%', 'yield=nan%']",['PEGY nan >= 1.0'],
PANW,quality_value,Quality Value,False,0.4,"['Profit margin >= 5%: margin=7.9%', 'Debt/equity < 80%: D/E=8%']","['ROE below 12%', 'P/E >= 20', 'FCF yield below 3%']",
PANW,buffett_quality,Buffett Quality,False,0.25,['D/E < 60.0%: D/E=8%'],"['ROE too low', 'thin margins', 'P/E too high']",
PANW,economic_moat,Economic Moat,False,0.25,['low leverage D/E=8%'],"['ROE below 18%', 'ROA below 8%', 'margins below 12%']",
PANW,high_dividend,High Dividend Yield,False,0.0,[],['could not rank yield'],
PANW,dividend_growth,Dividend Growth,False,0.0,[],"['yield too low', 'earnings not growing', 'P/E out of range']",
PANW,magic_formula,Magic Formula,False,0.2282,[],['below top half on combined Magic Formula rank'],
PANW,acquirers_multiple,Acquirer's Multiple,False,0.068,"['EV/EBIT=251.2', 'universe rank 7%']","['EV/EBIT 251.2 above 12.0', 'not in top 40% cheapest on EV/EBIT']",
PANW,dreman_contrarian,Dreman Contrarian,False,0.2267,[],"['P/E not in bottom quartile', 'P/B not cheap vs universe']",
PANW,piotroski_f,Piotroski F-Score,False,0.5556,"['F-Score=5/9', 'positive net income', 'positive operating cash flow', 'OCF > net income', 'leverage declining', 'current ratio improving']","['F-Score 5/9 below 7', 'ROA improving', 'no share dilution', 'gross margin improving', 'asset turnover improving']","{'f_score': 5, 'max_score': 9, 'components': [{'name': 'positive net income', 'passed': True}, {'name': 'positive operating cash flow', 'passed': True}, {'name': 'ROA improving', 'passed': False}, {'name': 'OCF > net income', 'passed': True}, {'name': 'leverage declining', 'passed': True}, {'name': 'current ratio improving', 'passed': True}, {'name': 'no share dilution', 'passed': False}, {'name': 'gross margin improving', 'passed': False}, {'name': 'asset turnover improving', 'passed': False}]}"
PANW,composite_value,Composite Value,False,0.3148,[],['missing dividend_yield'],
PANW,earnings_quality,Earnings Quality,True,1.0,"['FCF/NI=3.16', 'OCF/NI=3.28', 'ratio=-10.95%']",[],
PANW,financial_health,Financial Health,False,0.8,"['D/E=8%', 'leverage=1.4%', 'ratio=-0.7', 'coverage=654.2x']",['weak liquidity'],
PAYX,graham_defensive,Graham Defensive,False,0.25,['Dividend payer: yield=380.00%'],"['P/E >= 15', 'valuation too rich on P/B or P/E×P/B', 'current ratio < 2']",
PAYX,graham_enterprising,Graham Enterprising,False,0.4,"['P/E < 25: P/E=25.0', 'Positive earnings growth: growth=43.4%']","['P/B >= 3', 'excessive leverage', 'ROE <= 8%']",
PAYX,graham_net_net,Graham Net-Net,False,0.0,[],['missing NCAV (balance sheet data)'],
PAYX,schloss,Schloss Low P/B,False,0.0,[],"['P/B too high', 'too much leverage']",
PAYX,deep_value,Deep Value,False,0.0,[],"['P/B not below 1.0', 'EV/EBITDA not below 8']",
PAYX,earnings_yield,Earnings Yield,False,0.334,['E/P=4.0% (P/E=25.0)'],['earnings yield 4.0% below 8%'],
PAYX,fcf_yield,FCF Yield,False,1.0,['FCF yield=nan%'],['FCF yield nan% below 5%'],
PAYX,low_pe_high_yield,Low P/E + High Yield,False,0.5,['yield=380.0%'],['P/E not below 12.0'],
PAYX,lynch_peg,Lynch PEG,True,0.425,"['PEG=0.57', 'growth=43.4%']",[],
PAYX,neff_pegy,Neff PEGY,True,0.9411,"['PEGY=0.06', 'growth=43.4%', 'yield=380.0%']",[],
PAYX,quality_value,Quality Value,False,0.2,['Profit margin >= 5%: margin=26.6%'],"['ROE below 12%', 'high leverage', 'P/E >= 20', 'FCF yield below 3%']",
PAYX,buffett_quality,Buffett Quality,False,0.5,"['margin >= 8%: margin=26.6%', 'P/E < 25.0: P/E=25.0']","['ROE too low', 'too much debt']",
PAYX,economic_moat,Economic Moat,False,0.5,"['solid ROA=10.9%', 'wide margin=26.6%']","['ROE below 18%', 'leverage too high']",
PAYX,high_dividend,High Dividend Yield,True,0.9344,"['yield=380.0%', 'universe rank 93%']",[],
PAYX,dividend_growth,Dividend Growth,True,1.0,"['dividend payer: yield=380.0%', 'earnings growth: growth=43.4%', 'reasonable P/E: P/E=25.0']",[],
PAYX,magic_formula,Magic Formula,True,0.8058,"['earnings yield rank 84%', 'ROIC rank 77%']",[],
PAYX,acquirers_multiple,Acquirer's Multiple,False,0.7379,"['EV/EBIT=18.7', 'universe rank 74%']",['EV/EBIT 18.7 above 12.0'],
PAYX,dreman_contrarian,Dreman Contrarian,False,0.6795,['dividend rank 93%'],"['P/E not in bottom quartile', 'P/B not cheap vs universe']",
PAYX,piotroski_f,Piotroski F-Score,True,0.8889,"['F-Score=8/9', 'positive net income', 'positive operating cash flow', 'ROA improving', 'OCF > net income', 'leverage declining', 'no share dilution', 'gross margin improving', 'asset turnover improving']",['current ratio improving'],"{'f_score': 8, 'max_score': 9, 'components': [{'name': 'positive net income', 'passed': True}, {'name': 'positive operating cash flow', 'passed': True}, {'name': 'ROA improving', 'passed': True}, {'name': 'OCF > net income', 'passed': True}, {'name': 'leverage declining', 'passed': True}, {'name': 'current ratio improving', 'passed': False}, {'name': 'no share dilution', 'passed': True}, {'name': 'gross margin improving', 'passed': True}, {'name': 'asset turnover improving', 'passed': True}]}"
PAYX,composite_value,Composite Value,True,0.7572,"['top-tier on trailing_pe (percentile 79%)', 'top-tier on dividend_yield (percentile 96%)']",['missing fcf_yield'],
PAYX,earnings_quality,Earnings Quality,False,0.6667,"['OCF/NI=1.45', 'ratio=-4.93%']",['weak free-cash conversion'],
PAYX,financial_health,Financial Health,False,0.8,"['leverage=28.5%', 'CR=1.26', 'ratio=2.2', 'coverage=9.3x']",['high debt to equity'],
PYPL,graham_defensive,Graham Defensive,False,0.5,"['P/E < 15: P/E=11.7', 'Dividend payer: yield=91.00%']","['valuation too rich on P/B or P/E×P/B', 'current ratio < 2']",
PYPL,graham_enterprising,Graham Enterprising,True,0.8,"['P/E < 25: P/E=11.7', 'P/B < 3: P/B=2.68', 'Debt/equity < 100%: D/E=72%', 'ROE > 8%: ROE=24.5%']",['negative earnings growth'],
PYPL,graham_net_net,Graham Net-Net,False,0.0,[],['missing NCAV (balance sheet data)'],
PYPL,schloss,Schloss Low P/B,False,0.0,[],"['P/B too high', 'too much leverage']",
PYPL,deep_value,Deep Value,False,0.0,[],"['P/B not below 1.0', 'EV/EBITDA not below 8']",
PYPL,earnings_yield,Earnings Yield,True,0.7149,['E/P=8.6% (P/E=11.7)'],[],
PYPL,fcf_yield,FCF Yield,True,0.8385,['FCF yield=8.4%'],[],
PYPL,low_pe_high_yield,Low P/E + High Yield,True,1.0,"['P/E=11.7', 'yield=91.0%']",[],
PYPL,lynch_peg,Lynch PEG,False,0.2,[],['missing or negative earnings growth'],
PYPL,neff_pegy,Neff PEGY,True,0.8674,"['PEGY=0.13', 'growth=-3.1%', 'yield=91.0%']",[],
PYPL,quality_value,Quality Value,True,1.0,"['ROE >= 12%: ROE=24.5%', 'Profit margin >= 5%: margin=14.4%', 'Debt/equity < 80%: D/E=72%', 'P/E < 20: P/E=11.7', 'FCF yield >= 3%: FCF yield=8.4%']",[],
PYPL,buffett_quality,Buffett Quality,True,0.75,"['ROE >= 15%: ROE=24.5%', 'margin >= 8%: margin=14.4%', 'P/E < 25.0: P/E=11.7']",['too much debt'],
PYPL,economic_moat,Economic Moat,False,0.5,"['high ROE=24.5%', 'wide margin=14.4%']","['ROA below 8%', 'leverage too high']",
PYPL,high_dividend,High Dividend Yield,False,0.4426,"['yield=91.0%', 'universe rank 44%']",['not in top quartile for yield'],
PYPL,dividend_growth,Dividend Growth,True,0.6667,"['dividend payer: yield=91.0%', 'reasonable P/E: P/E=11.7']",['earnings not growing'],
PYPL,magic_formula,Magic Formula,True,0.7864,"['earnings yield rank 98%', 'ROIC rank 59%']",[],
PYPL,acquirers_multiple,Acquirer's Multiple,True,0.8738,"['EV/EBIT=8.7', 'universe rank 87%']",[],
PYPL,dreman_contrarian,Dreman Contrarian,True,0.7444,"['low P/E rank 97%', 'low P/B rank 82%']",['dividend yield below median'],
PYPL,piotroski_f,Piotroski F-Score,True,1.0,"['F-Score=9/9', 'positive net income', 'positive operating cash flow', 'ROA improving', 'OCF > net income', 'leverage declining', 'current ratio improving', 'no share dilution', 'gross margin improving', 'asset turnover improving']",[],"{'f_score': 9, 'max_score': 9, 'components': [{'name': 'positive net income', 'passed': True}, {'name': 'positive operating cash flow', 'passed': True}, {'name': 'ROA improving', 'passed': True}, {'name': 'OCF > net income', 'passed': True}, {'name': 'leverage declining', 'passed': True}, {'name': 'current ratio improving', 'passed': True}, {'name': 'no share dilution', 'passed': True}, {'name': 'gross margin improving', 'passed': True}, {'name': 'asset turnover improving', 'passed': True}]}"
PYPL,composite_value,Composite Value,True,0.8201,"['top-tier on trailing_pe (percentile 97%)', 'top-tier on price_to_book (percentile 82%)', 'top-tier on fcf_yield (percentile 92%)', 'top-tier on ev_ebitda (percentile 94%)']",[],
PYPL,earnings_quality,Earnings Quality,True,1.0,"['FCF/NI=0.85', 'OCF/NI=1.23', 'ratio=-1.48%']",[],
PYPL,financial_health,Financial Health,True,1.0,"['D/E=72%', 'leverage=12.5%', 'CR=1.29', 'ratio=0.5', 'coverage=14.5x']",[],
PDD,graham_defensive,Graham Defensive,False,0.75,"['P/E < 15: P/E=8.9', 'P/B < 1.5 or P/E×P/B < 22.5: P/B=1.90', 'Current ratio >= 2: CR=2.54']",['no dividend'],
PDD,graham_enterprising,Graham Enterprising,True,0.8,"['P/E < 25: P/E=8.9', 'P/B < 3: P/B=1.90', 'Debt/equity < 100%: D/E=1%', 'ROE > 8%: ROE=25.4%']",['negative earnings growth'],
PDD,graham_net_net,Graham Net-Net,False,0.0,[],['missing NCAV (balance sheet data)'],
PDD,schloss,Schloss Low P/B,False,0.5,['D/E < 50.0%: D/E=1%'],['P/B too high'],
PDD,deep_value,Deep Value,False,0.5,['EV/EBITDA=-3.2'],['P/B not below 1.0'],
PDD,earnings_yield,Earnings Yield,True,0.9396,['E/P=11.3% (P/E=8.9)'],[],
PDD,fcf_yield,FCF Yield,True,1.0,['FCF yield=59.4%'],[],
PDD,low_pe_high_yield,Low P/E + High Yield,False,0.5,['P/E=8.9'],['yield below 4%'],
PDD,lynch_peg,Lynch PEG,False,0.2,[],['missing or negative earnings growth'],
PDD,neff_pegy,Neff PEGY,False,0.0,"['PEGY=nan', 'growth=-14.9%', 'yield=nan%']",['PEGY nan >= 1.0'],
PDD,quality_value,Quality Value,True,1.0,"['ROE >= 12%: ROE=25.4%', 'Profit margin >= 5%: margin=21.6%', 'Debt/equity < 80%: D/E=1%', 'P/E < 20: P/E=8.9', 'FCF yield >= 3%: FCF yield=59.4%']",[],
PDD,buffett_quality,Buffett Quality,True,1.0,"['ROE >= 15%: ROE=25.4%', 'D/E < 60.0%: D/E=1%', 'margin >= 8%: margin=21.6%', 'P/E < 25.0: P/E=8.9']",[],
PDD,economic_moat,Economic Moat,True,1.0,"['high ROE=25.4%', 'solid ROA=15.5%', 'wide margin=21.6%', 'low leverage D/E=1%']",[],
PDD,high_dividend,High Dividend Yield,False,0.0,[],['could not rank yield'],
PDD,dividend_growth,Dividend Growth,False,0.3333,['reasonable P/E: P/E=8.9'],"['yield too low', 'earnings not growing']",
PDD,magic_formula,Magic Formula,False,0.3301,['ROIC rank 66%'],['below top half on combined Magic Formula rank'],
PDD,acquirers_multiple,Acquirer's Multiple,True,0.8932,"['EV/EBIT=-3.4', 'universe rank 89%']",[],
PDD,dreman_contrarian,Dreman Contrarian,True,0.9406,"['low P/E rank 99%', 'low P/B rank 89%']",[],
PDD,piotroski_f,Piotroski F-Score,False,0.5556,"['F-Score=5/9', 'positive net income', 'positive operating cash flow', 'OCF > net income', 'leverage declining', 'current ratio improving']","['F-Score 5/9 below 7', 'ROA improving', 'no share dilution', 'gross margin improving', 'asset turnover improving']","{'f_score': 5, 'max_score': 9, 'components': [{'name': 'positive net income', 'passed': True}, {'name': 'positive operating cash flow', 'passed': True}, {'name': 'ROA improving', 'passed': False}, {'name': 'OCF > net income', 'passed': True}, {'name': 'leverage declining', 'passed': True}, {'name': 'current ratio improving', 'passed': True}, {'name': 'no share dilution', 'passed': False}, {'name': 'gross margin improving', 'passed': False}, {'name': 'asset turnover improving', 'passed': False}]}"
PDD,composite_value,Composite Value,True,0.8864,"['top-tier on trailing_pe (percentile 100%)', 'top-tier on fcf_yield (percentile 91%)', 'top-tier on ev_ebitda (percentile 100%)']",['missing dividend_yield'],
PDD,earnings_quality,Earnings Quality,True,1.0,"['FCF/NI=0.73', 'OCF/NI=1.09', 'ratio=-1.44%']",[],
PDD,financial_health,Financial Health,True,1.0,"['D/E=1%', 'leverage=0.9%', 'CR=2.43', 'ratio=-4.4', 'insufficient data — skipped']",[],
PEP,graham_defensive,Graham Defensive,False,0.25,['Dividend payer: yield=420.00%'],"['P/E >= 15', 'valuation too rich on P/B or P/E×P/B', 'current ratio < 2']",
PEP,graham_enterprising,Graham Enterprising,False,0.6,"['P/E < 25: P/E=18.5', 'ROE > 8%: ROE=51.5%', 'Positive earnings growth: growth=137.0%']","['P/B >= 3', 'excessive leverage']",
PEP,graham_net_net,Graham Net-Net,False,0.0,[],['missing NCAV (balance sheet data)'],
PEP,schloss,Schloss Low P/B,False,0.0,[],"['P/B too high', 'too much leverage']",
PEP,deep_value,Deep Value,False,0.0,[],"['P/B not below 1.0', 'EV/EBITDA not below 8']",
PEP,earnings_yield,Earnings Yield,False,0.4516,['E/P=5.4% (P/E=18.5)'],['earnings yield 5.4% below 8%'],
PEP,fcf_yield,FCF Yield,False,0.4072,['FCF yield=4.1%'],['FCF yield 4.1% below 5%'],
PEP,low_pe_high_yield,Low P/E + High Yield,False,0.5,['yield=420.0%'],['P/E not below 12.0'],
PEP,lynch_peg,Lynch PEG,True,0.8653,"['PEG=0.13', 'growth=137.0%']",[],
PEP,neff_pegy,Neff PEGY,True,0.9669,"['PEGY=0.03', 'growth=137.0%', 'yield=420.0%']",[],
PEP,quality_value,Quality Value,True,0.8,"['ROE >= 12%: ROE=51.5%', 'Profit margin >= 5%: margin=10.8%', 'P/E < 20: P/E=18.5', 'FCF yield >= 3%: FCF yield=4.1%']",['high leverage'],
PEP,buffett_quality,Buffett Quality,True,0.75,"['ROE >= 15%: ROE=51.5%', 'margin >= 8%: margin=10.8%', 'P/E < 25.0: P/E=18.5']",['too much debt'],
PEP,economic_moat,Economic Moat,False,0.25,['high ROE=51.5%'],"['ROA below 8%', 'margins below 12%', 'leverage too high']",
PEP,high_dividend,High Dividend Yield,True,0.9508,"['yield=420.0%', 'universe rank 95%']",[],
PEP,dividend_growth,Dividend Growth,True,1.0,"['dividend payer: yield=420.0%', 'earnings growth: growth=137.0%', 'reasonable P/E: P/E=18.5']",[],
PEP,magic_formula,Magic Formula,True,0.7233,"['earnings yield rank 88%', 'ROIC rank 56%']",[],
PEP,acquirers_multiple,Acquirer's Multiple,False,0.7767,"['EV/EBIT=17.4', 'universe rank 78%']",['EV/EBIT 17.4 above 12.0'],
PEP,dreman_contrarian,Dreman Contrarian,True,0.7934,"['low P/E rank 89%', 'dividend rank 95%']",['P/B not cheap vs universe'],
PEP,piotroski_f,Piotroski F-Score,False,0.5556,"['F-Score=5/9', 'positive net income', 'positive operating cash flow', 'OCF > net income', 'current ratio improving', 'no share dilution']","['F-Score 5/9 below 7', 'ROA improving', 'leverage declining', 'gross margin improving', 'asset turnover improving']","{'f_score': 5, 'max_score': 9, 'components': [{'name': 'positive net income', 'passed': True}, {'name': 'positive operating cash flow', 'passed': True}, {'name': 'ROA improving', 'passed': False}, {'name': 'OCF > net income', 'passed': True}, {'name': 'leverage declining', 'passed': False}, {'name': 'current ratio improving', 'passed': True}, {'name': 'no share dilution', 'passed': True}, {'name': 'gross margin improving', 'passed': False}, {'name': 'asset turnover improving', 'passed': False}]}"
PEP,composite_value,Composite Value,True,0.7491,"['top-tier on trailing_pe (percentile 100%)', 'top-tier on dividend_yield (percentile 71%)', 'top-tier on ev_ebitda (percentile 88%)']",[],
PEP,earnings_quality,Earnings Quality,True,1.0,"['FCF/NI=0.95', 'OCF/NI=1.47', 'ratio=-3.58%']",[],
PEP,financial_health,Financial Health,False,0.6,"['leverage=46.5%', 'ratio=2.3', 'coverage=12.0x']","['high debt to equity', 'weak liquidity']",
QCOM,graham_defensive,Graham Defensive,False,0.5,"['Current ratio >= 2: CR=2.02', 'Dividend payer: yield=222.00%']","['P/E >= 15', 'valuation too rich on P/B or P/E×P/B']",
QCOM,graham_enterprising,Graham Enterprising,False,0.6,"['P/E < 25: P/E=18.9', 'Debt/equity < 100%: D/E=55%', 'ROE > 8%: ROE=33.8%']","['P/B >= 3', 'negative earnings growth']",
QCOM,graham_net_net,Graham Net-Net,False,0.0,[],['missing NCAV (balance sheet data)'],
QCOM,schloss,Schloss Low P/B,False,0.0,[],"['P/B too high', 'too much leverage']",
QCOM,deep_value,Deep Value,False,0.0,[],"['P/B not below 1.0', 'EV/EBITDA not below 8']",
QCOM,earnings_yield,Earnings Yield,False,0.4398,['E/P=5.3% (P/E=18.9)'],['earnings yield 5.3% below 8%'],
QCOM,fcf_yield,FCF Yield,True,0.5883,['FCF yield=5.9%'],[],
QCOM,low_pe_high_yield,Low P/E + High Yield,False,0.5,['yield=222.0%'],['P/E not below 12.0'],
QCOM,lynch_peg,Lynch PEG,False,0.2,[],['missing or negative earnings growth'],
QCOM,neff_pegy,Neff PEGY,True,0.9048,"['PEGY=0.10', 'growth=-23.0%', 'yield=222.0%']",[],
QCOM,quality_value,Quality Value,True,1.0,"['ROE >= 12%: ROE=33.8%', 'Profit margin >= 5%: margin=21.0%', 'Debt/equity < 80%: D/E=55%', 'P/E < 20: P/E=18.9', 'FCF yield >= 3%: FCF yield=5.9%']",[],
QCOM,buffett_quality,Buffett Quality,True,1.0,"['ROE >= 15%: ROE=33.8%', 'D/E < 60.0%: D/E=55%', 'margin >= 8%: margin=21.0%', 'P/E < 25.0: P/E=18.9']",[],
QCOM,economic_moat,Economic Moat,True,0.75,"['high ROE=33.8%', 'solid ROA=11.1%', 'wide margin=21.0%']",['leverage too high'],
QCOM,high_dividend,High Dividend Yield,False,0.6885,"['yield=222.0%', 'universe rank 69%']",['not in top quartile for yield'],
QCOM,dividend_growth,Dividend Growth,True,0.6667,"['dividend payer: yield=222.0%', 'reasonable P/E: P/E=18.9']",['earnings not growing'],
QCOM,magic_formula,Magic Formula,True,0.8981,"['earnings yield rank 95%', 'ROIC rank 84%']",[],
QCOM,acquirers_multiple,Acquirer's Multiple,False,0.8447,"['EV/EBIT=14.6', 'universe rank 84%']",['EV/EBIT 14.6 above 12.0'],
QCOM,dreman_contrarian,Dreman Contrarian,True,0.735,"['low P/E rank 88%', 'low P/B rank 64%', 'dividend rank 69%']",[],
QCOM,piotroski_f,Piotroski F-Score,False,0.6667,"['F-Score=6/9', 'positive net income', 'positive operating cash flow', 'OCF > net income', 'current ratio improving', 'no share dilution', 'asset turnover improving']","['F-Score 6/9 below 7', 'ROA improving', 'leverage declining', 'gross margin improving']","{'f_score': 6, 'max_score': 9, 'components': [{'name': 'positive net income', 'passed': True}, {'name': 'positive operating cash flow', 'passed': True}, {'name': 'ROA improving', 'passed': False}, {'name': 'OCF > net income', 'passed': True}, {'name': 'leverage declining', 'passed': False}, {'name': 'current ratio improving', 'passed': True}, {'name': 'no share dilution', 'passed': True}, {'name': 'gross margin improving', 'passed': False}, {'name': 'asset turnover improving', 'passed': True}]}"
QCOM,composite_value,Composite Value,True,0.8867,"['top-tier on trailing_pe (percentile 95%)', 'top-tier on price_to_book (percentile 83%)', 'top-tier on dividend_yield (percentile 83%)', 'top-tier on fcf_yield (percentile 90%)', 'top-tier on ev_ebitda (percentile 91%)']",[],
QCOM,earnings_quality,Earnings Quality,True,1.0,"['FCF/NI=1.85', 'OCF/NI=2.53', 'ratio=-16.89%']",[],
QCOM,financial_health,Financial Health,True,1.0,"['D/E=55%', 'leverage=29.5%', 'CR=2.82', 'ratio=0.6', 'coverage=18.7x']",[],
REGN,graham_defensive,Graham Defensive,False,0.5,"['Current ratio >= 2: CR=3.33', 'Dividend payer: yield=47.00%']","['P/E >= 15', 'valuation too rich on P/B or P/E×P/B']",
REGN,graham_enterprising,Graham Enterprising,True,0.8,"['P/E < 25: P/E=19.9', 'P/B < 3: P/B=2.54', 'Debt/equity < 100%: D/E=9%', 'ROE > 8%: ROE=14.0%']",['negative earnings growth'],
REGN,graham_net_net,Graham Net-Net,False,0.0,[],['missing NCAV (balance sheet data)'],
REGN,schloss,Schloss Low P/B,False,0.5,['D/E < 50.0%: D/E=9%'],['P/B too high'],
REGN,deep_value,Deep Value,False,0.0,[],"['P/B not below 1.0', 'EV/EBITDA not below 8']",
REGN,earnings_yield,Earnings Yield,False,0.4192,['E/P=5.0% (P/E=19.9)'],['earnings yield 5.0% below 8%'],
REGN,fcf_yield,FCF Yield,False,0.3706,['FCF yield=3.7%'],['FCF yield 3.7% below 5%'],
REGN,low_pe_high_yield,Low P/E + High Yield,False,0.5,['yield=47.0%'],['P/E not below 12.0'],
REGN,lynch_peg,Lynch PEG,False,0.2,[],['missing or negative earnings growth'],
REGN,neff_pegy,Neff PEGY,True,0.5323,"['PEGY=0.47', 'growth=-4.5%', 'yield=47.0%']",[],
REGN,quality_value,Quality Value,True,1.0,"['ROE >= 12%: ROE=14.0%', 'Profit margin >= 5%: margin=27.9%', 'Debt/equity < 80%: D/E=9%', 'P/E < 20: P/E=19.9', 'FCF yield >= 3%: FCF yield=3.7%']",[],
REGN,buffett_quality,Buffett Quality,False,0.75,"['D/E < 60.0%: D/E=9%', 'margin >= 8%: margin=27.9%', 'P/E < 25.0: P/E=19.9']",['ROE too low'],
REGN,economic_moat,Economic Moat,True,0.75,"['solid ROA=11.1%', 'wide margin=27.9%', 'low leverage D/E=9%']",['ROE below 18%'],
REGN,high_dividend,High Dividend Yield,False,0.2459,"['yield=47.0%', 'universe rank 25%']",['not in top quartile for yield'],
REGN,dividend_growth,Dividend Growth,True,0.6667,"['dividend payer: yield=47.0%', 'reasonable P/E: P/E=19.9']",['earnings not growing'],
REGN,magic_formula,Magic Formula,True,0.5825,['earnings yield rank 81%'],[],
REGN,acquirers_multiple,Acquirer's Multiple,False,0.699,"['EV/EBIT=20.2', 'universe rank 70%']",['EV/EBIT 20.2 above 12.0'],
REGN,dreman_contrarian,Dreman Contrarian,True,0.6451,"['low P/E rank 85%', 'low P/B rank 84%']",['dividend yield below median'],
REGN,piotroski_f,Piotroski F-Score,False,0.5556,"['F-Score=5/9', 'positive net income', 'positive operating cash flow', 'OCF > net income', 'leverage declining', 'no share dilution']","['F-Score 5/9 below 7', 'ROA improving', 'current ratio improving', 'gross margin improving', 'asset turnover improving']","{'f_score': 5, 'max_score': 9, 'components': [{'name': 'positive net income', 'passed': True}, {'name': 'positive operating cash flow', 'passed': True}, {'name': 'ROA improving', 'passed': False}, {'name': 'OCF > net income', 'passed': True}, {'name': 'leverage declining', 'passed': True}, {'name': 'current ratio improving', 'passed': False}, {'name': 'no share dilution', 'passed': True}, {'name': 'gross margin improving', 'passed': False}, {'name': 'asset turnover improving', 'passed': False}]}"
REGN,composite_value,Composite Value,True,0.6799,"['top-tier on trailing_pe (percentile 88%)', 'top-tier on price_to_book (percentile 100%)']",[],
REGN,earnings_quality,Earnings Quality,True,1.0,"['FCF/NI=0.68', 'OCF/NI=1.11', 'ratio=-1.17%']",[],
REGN,financial_health,Financial Health,True,1.0,"['D/E=9%', 'leverage=6.7%', 'CR=4.13', 'ratio=-1.1', 'coverage=84.5x']",[],
RKLB,graham_defensive,Graham Defensive,False,0.25,['Current ratio >= 2: CR=5.48'],"['no positive trailing P/E', 'valuation too rich on P/B or P/E×P/B', 'no dividend']",
RKLB,graham_enterprising,Graham Enterprising,False,0.2,['Debt/equity < 100%: D/E=4%'],"['missing P/E', 'P/B >= 3', 'ROE <= 8%', 'negative earnings growth']",
RKLB,graham_net_net,Graham Net-Net,False,0.0,[],['missing NCAV (balance sheet data)'],
RKLB,schloss,Schloss Low P/B,False,0.5,['D/E < 50.0%: D/E=4%'],['P/B too high'],
RKLB,deep_value,Deep Value,False,0.5,['EV/EBITDA=-304.6'],['P/B not below 1.0'],
RKLB,earnings_yield,Earnings Yield,False,1.0,['E/P=nan% (P/E=nan)'],['earnings yield nan% below 8%'],
RKLB,fcf_yield,FCF Yield,False,0.0,['FCF yield=-0.5%'],['FCF yield -0.5% below 5%'],
RKLB,low_pe_high_yield,Low P/E + High Yield,False,0.0,[],"['P/E not below 12.0', 'yield below 4%']",
RKLB,lynch_peg,Lynch PEG,False,0.0,"['PEG=nan', 'growth=nan%']",[],
RKLB,neff_pegy,Neff PEGY,False,0.0,"['PEGY=nan', 'growth=nan%', 'yield=nan%']",['PEGY nan >= 1.0'],
RKLB,quality_value,Quality Value,False,0.2,['Debt/equity < 80%: D/E=4%'],"['ROE below 12%', 'thin margins', 'missing P/E', 'FCF yield below 3%']",
RKLB,buffett_quality,Buffett Quality,False,0.25,['D/E < 60.0%: D/E=4%'],"['ROE too low', 'thin margins', 'missing P/E']",
RKLB,economic_moat,Economic Moat,False,0.25,['low leverage D/E=4%'],"['ROE below 18%', 'ROA below 8%', 'margins below 12%']",
RKLB,high_dividend,High Dividend Yield,False,0.0,[],['could not rank yield'],
RKLB,dividend_growth,Dividend Growth,False,0.0,[],"['yield too low', 'earnings not growing', 'P/E out of range']",
RKLB,magic_formula,Magic Formula,False,0.0097,[],['below top half on combined Magic Formula rank'],
RKLB,acquirers_multiple,Acquirer's Multiple,False,0.0,[],['missing EV or EBIT'],
RKLB,dreman_contrarian,Dreman Contrarian,False,0.0,[],['missing valuation data'],
RKLB,piotroski_f,Piotroski F-Score,False,0.5556,"['F-Score=5/9', 'ROA improving', 'OCF > net income', 'leverage declining', 'current ratio improving', 'gross margin improving']","['F-Score 5/9 below 7', 'positive net income', 'positive operating cash flow', 'no share dilution', 'asset turnover improving']","{'f_score': 5, 'max_score': 9, 'components': [{'name': 'positive net income', 'passed': False}, {'name': 'positive operating cash flow', 'passed': False}, {'name': 'ROA improving', 'passed': True}, {'name': 'OCF > net income', 'passed': True}, {'name': 'leverage declining', 'passed': True}, {'name': 'current ratio improving', 'passed': True}, {'name': 'no share dilution', 'passed': False}, {'name': 'gross margin improving', 'passed': True}, {'name': 'asset turnover improving', 'passed': False}]}"
RKLB,composite_value,Composite Value,False,0.3007,['top-tier on ev_ebitda (percentile 100%)'],"['missing trailing_pe', 'missing dividend_yield']",
RKLB,earnings_quality,Earnings Quality,False,0.5,['ratio=-1.41%'],['negative net income'],
RKLB,financial_health,Financial Health,True,0.8,"['D/E=4%', 'leverage=10.9%', 'CR=4.08', 'insufficient data — skipped']",['weak interest coverage'],
ROP,graham_defensive,Graham Defensive,False,0.25,['Dividend payer: yield=91.00%'],"['P/E >= 15', 'valuation too rich on P/B or P/E×P/B', 'current ratio < 2']",
ROP,graham_enterprising,Graham Enterprising,True,1.0,"['P/E < 25: P/E=16.6', 'P/B < 3: P/B=2.11', 'Debt/equity < 100%: D/E=61%', 'ROE > 8%: ROE=13.1%', 'Positive earnings growth: growth=233.0%']",[],
ROP,graham_net_net,Graham Net-Net,False,0.0,[],['missing NCAV (balance sheet data)'],
ROP,schloss,Schloss Low P/B,False,0.0,[],"['P/B too high', 'too much leverage']",
ROP,deep_value,Deep Value,False,0.0,[],"['P/B not below 1.0', 'EV/EBITDA not below 8']",
ROP,earnings_yield,Earnings Yield,False,0.5008,['E/P=6.0% (P/E=16.6)'],['earnings yield 6.0% below 8%'],
ROP,fcf_yield,FCF Yield,True,0.5737,['FCF yield=5.7%'],[],
ROP,low_pe_high_yield,Low P/E + High Yield,False,0.5,['yield=91.0%'],['P/E not below 12.0'],
ROP,lynch_peg,Lynch PEG,True,0.9286,"['PEG=0.07', 'growth=233.0%']",[],
ROP,neff_pegy,Neff PEGY,True,0.9486,"['PEGY=0.05', 'growth=233.0%', 'yield=91.0%']",[],
ROP,quality_value,Quality Value,True,1.0,"['ROE >= 12%: ROE=13.1%', 'Profit margin >= 5%: margin=30.2%', 'Debt/equity < 80%: D/E=61%', 'P/E < 20: P/E=16.6', 'FCF yield >= 3%: FCF yield=5.7%']",[],
ROP,buffett_quality,Buffett Quality,False,0.5,"['margin >= 8%: margin=30.2%', 'P/E < 25.0: P/E=16.6']","['ROE too low', 'too much debt']",
ROP,economic_moat,Economic Moat,False,0.25,['wide margin=30.2%'],"['ROE below 18%', 'ROA below 8%', 'leverage too high']",
ROP,high_dividend,High Dividend Yield,False,0.4426,"['yield=91.0%', 'universe rank 44%']",['not in top quartile for yield'],
ROP,dividend_growth,Dividend Growth,True,1.0,"['dividend payer: yield=91.0%', 'earnings growth: growth=233.0%', 'reasonable P/E: P/E=16.6']",[],
ROP,magic_formula,Magic Formula,True,0.5049,['earnings yield rank 77%'],[],
ROP,acquirers_multiple,Acquirer's Multiple,False,0.6602,"['EV/EBIT=22.6', 'universe rank 66%']",['EV/EBIT 22.6 above 12.0'],
ROP,dreman_contrarian,Dreman Contrarian,True,0.7534,"['low P/E rank 95%', 'low P/B rank 87%']",['dividend yield below median'],
ROP,piotroski_f,Piotroski F-Score,False,0.6667,"['F-Score=6/9', 'positive net income', 'positive operating cash flow', 'OCF > net income', 'current ratio improving', 'no share dilution', 'asset turnover improving']","['F-Score 6/9 below 7', 'ROA improving', 'leverage declining', 'gross margin improving']","{'f_score': 6, 'max_score': 9, 'components': [{'name': 'positive net income', 'passed': True}, {'name': 'positive operating cash flow', 'passed': True}, {'name': 'ROA improving', 'passed': False}, {'name': 'OCF > net income', 'passed': True}, {'name': 'leverage declining', 'passed': False}, {'name': 'current ratio improving', 'passed': True}, {'name': 'no share dilution', 'passed': True}, {'name': 'gross margin improving', 'passed': False}, {'name': 'asset turnover improving', 'passed': True}]}"
ROP,composite_value,Composite Value,True,0.8586,"['top-tier on trailing_pe (percentile 97%)', 'top-tier on price_to_book (percentile 98%)', 'top-tier on fcf_yield (percentile 85%)', 'top-tier on ev_ebitda (percentile 88%)']",[],
ROP,earnings_quality,Earnings Quality,True,1.0,"['FCF/NI=1.47', 'OCF/NI=1.65', 'ratio=-2.90%']",[],
ROP,financial_health,Financial Health,False,0.8,"['D/E=61%', 'leverage=27.0%', 'ratio=3.4', 'coverage=6.9x']",['weak liquidity'],
ROST,graham_defensive,Graham Defensive,False,0.25,['Dividend payer: yield=73.00%'],"['P/E >= 15', 'valuation too rich on P/B or P/E×P/B', 'current ratio < 2']",
ROST,graham_enterprising,Graham Enterprising,False,0.6,"['Debt/equity < 100%: D/E=75%', 'ROE > 8%: ROE=39.0%', 'Positive earnings growth: growth=37.4%']","['P/E >= 25', 'P/B >= 3']",
ROST,graham_net_net,Graham Net-Net,False,0.0,[],['missing NCAV (balance sheet data)'],
ROST,schloss,Schloss Low P/B,False,0.0,[],"['P/B too high', 'too much leverage']",
ROST,deep_value,Deep Value,False,0.0,[],"['P/B not below 1.0', 'EV/EBITDA not below 8']",
ROST,earnings_yield,Earnings Yield,False,0.2432,['E/P=2.9% (P/E=34.3)'],['earnings yield 2.9% below 8%'],
ROST,fcf_yield,FCF Yield,False,0.2602,['FCF yield=2.6%'],['FCF yield 2.6% below 5%'],
ROST,low_pe_high_yield,Low P/E + High Yield,False,0.5,['yield=73.0%'],['P/E not below 12.0'],
ROST,lynch_peg,Lynch PEG,True,0.0837,"['PEG=0.92', 'growth=37.4%']",[],
ROST,neff_pegy,Neff PEGY,True,0.6896,"['PEGY=0.31', 'growth=37.4%', 'yield=73.0%']",[],
ROST,quality_value,Quality Value,False,0.6,"['ROE >= 12%: ROE=39.0%', 'Profit margin >= 5%: margin=9.7%', 'Debt/equity < 80%: D/E=75%']","['P/E >= 20', 'FCF yield below 3%']",
ROST,buffett_quality,Buffett Quality,False,0.5,"['ROE >= 15%: ROE=39.0%', 'margin >= 8%: margin=9.7%']","['too much debt', 'P/E too high']",
ROST,economic_moat,Economic Moat,False,0.5,"['high ROE=39.0%', 'solid ROA=13.8%']","['margins below 12%', 'leverage too high']",
ROST,high_dividend,High Dividend Yield,False,0.3607,"['yield=73.0%', 'universe rank 36%']",['not in top quartile for yield'],
ROST,dividend_growth,Dividend Growth,True,0.6667,"['dividend payer: yield=73.0%', 'earnings growth: growth=37.4%']",['P/E out of range'],
ROST,magic_formula,Magic Formula,True,0.6699,"['earnings yield rank 63%', 'ROIC rank 71%']",[],
ROST,acquirers_multiple,Acquirer's Multiple,False,0.5243,"['EV/EBIT=29.3', 'universe rank 52%']","['EV/EBIT 29.3 above 12.0', 'not in top 40% cheapest on EV/EBIT']",
ROST,dreman_contrarian,Dreman Contrarian,False,0.4345,[],"['P/E not in bottom quartile', 'P/B not cheap vs universe', 'dividend yield below median']",
ROST,piotroski_f,Piotroski F-Score,False,0.6667,"['F-Score=6/9', 'positive net income', 'positive operating cash flow', 'OCF > net income', 'leverage declining', 'no share dilution', 'asset turnover improving']","['F-Score 6/9 below 7', 'ROA improving', 'current ratio improving', 'gross margin improving']","{'f_score': 6, 'max_score': 9, 'components': [{'name': 'positive net income', 'passed': True}, {'name': 'positive operating cash flow', 'passed': True}, {'name': 'ROA improving', 'passed': False}, {'name': 'OCF > net income', 'passed': True}, {'name': 'leverage declining', 'passed': True}, {'name': 'current ratio improving', 'passed': False}, {'name': 'no share dilution', 'passed': True}, {'name': 'gross margin improving', 'passed': False}, {'name': 'asset turnover improving', 'passed': True}]}"
ROST,composite_value,Composite Value,False,0.4045,[],[],
ROST,earnings_quality,Earnings Quality,True,1.0,"['FCF/NI=0.95', 'OCF/NI=1.41', 'ratio=-5.67%']",[],
ROST,financial_health,Financial Health,True,1.0,"['D/E=75%', 'leverage=33.5%', 'CR=1.58', 'ratio=0.2', 'coverage=71.4x']",[],
SNDK,graham_defensive,Graham Defensive,False,0.25,['Current ratio >= 2: CR=2.29'],"['P/E >= 15', 'valuation too rich on P/B or P/E×P/B', 'no dividend']",
SNDK,graham_enterprising,Graham Enterprising,False,0.4,"['P/E < 25: P/E=22.3', 'ROE > 8%: ROE=91.6%']","['P/B >= 3', 'excessive leverage', 'negative earnings growth']",
SNDK,graham_net_net,Graham Net-Net,False,0.0,[],['missing NCAV (balance sheet data)'],
SNDK,schloss,Schloss Low P/B,False,0.0,[],"['P/B too high', 'too much leverage']",
SNDK,deep_value,Deep Value,False,0.0,[],"['P/B not below 1.0', 'EV/EBITDA not below 8']",
SNDK,earnings_yield,Earnings Yield,False,0.3742,['E/P=4.5% (P/E=22.3)'],['earnings yield 4.5% below 8%'],
SNDK,fcf_yield,FCF Yield,False,0.3232,['FCF yield=3.2%'],['FCF yield 3.2% below 5%'],
SNDK,low_pe_high_yield,Low P/E + High Yield,False,0.0,[],"['P/E not below 12.0', 'yield below 4%']",
SNDK,lynch_peg,Lynch PEG,False,0.0,"['PEG=nan', 'growth=nan%']",[],
SNDK,neff_pegy,Neff PEGY,False,0.0,"['PEGY=nan', 'growth=nan%', 'yield=nan%']",['PEGY nan >= 1.0'],
SNDK,quality_value,Quality Value,False,0.6,"['ROE >= 12%: ROE=91.6%', 'Profit margin >= 5%: margin=56.5%', 'FCF yield >= 3%: FCF yield=3.2%']","['high leverage', 'P/E >= 20']",
SNDK,buffett_quality,Buffett Quality,True,0.75,"['ROE >= 15%: ROE=91.6%', 'margin >= 8%: margin=56.5%', 'P/E < 25.0: P/E=22.3']",['too much debt'],
SNDK,economic_moat,Economic Moat,False,0.5,"['high ROE=91.6%', 'wide margin=56.5%']","['ROA below 8%', 'leverage too high']",
SNDK,high_dividend,High Dividend Yield,False,0.0,[],['could not rank yield'],
SNDK,dividend_growth,Dividend Growth,False,0.3333,['reasonable P/E: P/E=22.3'],"['yield too low', 'earnings not growing']",
SNDK,magic_formula,Magic Formula,False,0.1359,[],['below top half on combined Magic Formula rank'],
SNDK,acquirers_multiple,Acquirer's Multiple,False,0.0194,"['EV/EBIT=472.9', 'universe rank 2%']","['EV/EBIT 472.9 above 12.0', 'not in top 40% cheapest on EV/EBIT']",
SNDK,dreman_contrarian,Dreman Contrarian,False,0.4913,[],"['P/E not in bottom quartile', 'P/B not cheap vs universe']",
SNDK,piotroski_f,Piotroski F-Score,False,0.5556,"['F-Score=5/9', 'positive operating cash flow', 'OCF > net income', 'current ratio improving', 'gross margin improving', 'asset turnover improving']","['F-Score 5/9 below 7', 'positive net income', 'ROA improving', 'leverage declining', 'no share dilution']","{'f_score': 5, 'max_score': 9, 'components': [{'name': 'positive net income', 'passed': False}, {'name': 'positive operating cash flow', 'passed': True}, {'name': 'ROA improving', 'passed': False}, {'name': 'OCF > net income', 'passed': True}, {'name': 'leverage declining', 'passed': False}, {'name': 'current ratio improving', 'passed': True}, {'name': 'no share dilution', 'passed': False}, {'name': 'gross margin improving', 'passed': True}, {'name': 'asset turnover improving', 'passed': True}]}"
SNDK,composite_value,Composite Value,True,0.7119,"['top-tier on trailing_pe (percentile 84%)', 'top-tier on fcf_yield (percentile 76%)', 'top-tier on ev_ebitda (percentile 81%)']",['missing dividend_yield'],
SNDK,earnings_quality,Earnings Quality,False,0.5,['ratio=-13.28%'],['negative net income'],
SNDK,financial_health,Financial Health,False,0.8,"['leverage=15.7%', 'CR=3.56', 'insufficient data — skipped', 'coverage=8.0x']",['high debt to equity'],
STX,graham_defensive,Graham Defensive,False,0.25,['Dividend payer: yield=30.00%'],"['P/E >= 15', 'valuation too rich on P/B or P/E×P/B', 'current ratio < 2']",
STX,graham_enterprising,Graham Enterprising,False,0.4,"['ROE > 8%: ROE=371.5%', 'Positive earnings growth: growth=148.8%']","['P/E >= 25', 'P/B >= 3', 'excessive leverage']",
STX,graham_net_net,Graham Net-Net,False,0.0,[],['missing NCAV (balance sheet data)'],
STX,schloss,Schloss Low P/B,False,0.0,[],"['P/B too high', 'too much leverage']",
STX,deep_value,Deep Value,False,0.0,[],"['P/B not below 1.0', 'EV/EBITDA not below 8']",
STX,earnings_yield,Earnings Yield,False,0.1192,['E/P=1.4% (P/E=69.9)'],['earnings yield 1.4% below 8%'],
STX,fcf_yield,FCF Yield,False,0.0881,['FCF yield=0.9%'],['FCF yield 0.9% below 5%'],
STX,low_pe_high_yield,Low P/E + High Yield,False,0.5,['yield=30.0%'],['P/E not below 12.0'],
STX,lynch_peg,Lynch PEG,True,0.53,"['PEG=0.47', 'growth=148.8%']",[],
STX,neff_pegy,Neff PEGY,True,0.6089,"['PEGY=0.39', 'growth=148.8%', 'yield=30.0%']",[],
STX,quality_value,Quality Value,False,0.4,"['ROE >= 12%: ROE=371.5%', 'Profit margin >= 5%: margin=26.1%']","['high leverage', 'P/E >= 20', 'FCF yield below 3%']",
STX,buffett_quality,Buffett Quality,False,0.5,"['ROE >= 15%: ROE=371.5%', 'margin >= 8%: margin=26.1%']","['too much debt', 'P/E too high']",
STX,economic_moat,Economic Moat,True,0.75,"['high ROE=371.5%', 'solid ROA=31.9%', 'wide margin=26.1%']",['leverage too high'],
STX,high_dividend,High Dividend Yield,False,0.1148,"['yield=30.0%', 'universe rank 11%']",['not in top quartile for yield'],
STX,dividend_growth,Dividend Growth,True,0.6667,"['dividend payer: yield=30.0%', 'earnings growth: growth=148.8%']",['P/E out of range'],
STX,magic_formula,Magic Formula,True,0.6456,['ROIC rank 94%'],[],
STX,acquirers_multiple,Acquirer's Multiple,False,0.2427,"['EV/EBIT=52.7', 'universe rank 24%']","['EV/EBIT 52.7 above 12.0', 'not in top 40% cheapest on EV/EBIT']",
STX,dreman_contrarian,Dreman Contrarian,False,0.1034,[],"['P/E not in bottom quartile', 'P/B not cheap vs universe', 'dividend yield below median']",
STX,piotroski_f,Piotroski F-Score,True,0.8889,"['F-Score=8/9', 'positive net income', 'positive operating cash flow', 'ROA improving', 'OCF > net income', 'leverage declining', 'current ratio improving', 'gross margin improving', 'asset turnover improving']",['no share dilution'],"{'f_score': 8, 'max_score': 9, 'components': [{'name': 'positive net income', 'passed': True}, {'name': 'positive operating cash flow', 'passed': True}, {'name': 'ROA improving', 'passed': True}, {'name': 'OCF > net income', 'passed': True}, {'name': 'leverage declining', 'passed': True}, {'name': 'current ratio improving', 'passed': True}, {'name': 'no share dilution', 'passed': False}, {'name': 'gross margin improving', 'passed': True}, {'name': 'asset turnover improving', 'passed': True}]}"
STX,composite_value,Composite Value,False,0.2389,[],[],
STX,earnings_quality,Earnings Quality,True,1.0,"['FCF/NI=0.61', 'OCF/NI=1.15', 'ratio=-4.91%']",[],
STX,financial_health,Financial Health,False,0.8,"['leverage=38.7%', 'CR=1.67', 'ratio=0.5', 'coverage=14.9x']",['high debt to equity'],
SHOP,graham_defensive,Graham Defensive,False,0.25,['Current ratio >= 2: CR=5.35'],"['P/E >= 15', 'valuation too rich on P/B or P/E×P/B', 'no dividend']",
SHOP,graham_enterprising,Graham Enterprising,False,0.6,"['Debt/equity < 100%: D/E=1%', 'ROE > 8%: ROE=15.5%', 'Positive earnings growth: growth=68.1%']","['P/E >= 25', 'P/B >= 3']",
SHOP,graham_net_net,Graham Net-Net,False,0.0,[],['missing NCAV (balance sheet data)'],
SHOP,schloss,Schloss Low P/B,False,0.5,['D/E < 50.0%: D/E=1%'],['P/B too high'],
SHOP,deep_value,Deep Value,False,0.0,[],"['P/B not below 1.0', 'EV/EBITDA not below 8']",
SHOP,earnings_yield,Earnings Yield,False,0.0799,['E/P=1.0% (P/E=104.3)'],['earnings yield 1.0% below 8%'],
SHOP,fcf_yield,FCF Yield,False,0.0793,['FCF yield=0.8%'],['FCF yield 0.8% below 5%'],
SHOP,low_pe_high_yield,Low P/E + High Yield,False,0.0,[],"['P/E not below 12.0', 'yield below 4%']",
SHOP,lynch_peg,Lynch PEG,False,0.0,"['PEG=1.53', 'growth=68.1%']",['PEG 1.53 >= 1.0'],
SHOP,neff_pegy,Neff PEGY,False,0.0,"['PEGY=nan', 'growth=68.1%', 'yield=nan%']",['PEGY nan >= 1.0'],
SHOP,quality_value,Quality Value,False,0.6,"['ROE >= 12%: ROE=15.5%', 'Profit margin >= 5%: margin=14.5%', 'Debt/equity < 80%: D/E=1%']","['P/E >= 20', 'FCF yield below 3%']",
SHOP,buffett_quality,Buffett Quality,False,0.75,"['ROE >= 15%: ROE=15.5%', 'D/E < 60.0%: D/E=1%', 'margin >= 8%: margin=14.5%']",['P/E too high'],
SHOP,economic_moat,Economic Moat,True,0.75,"['solid ROA=8.1%', 'wide margin=14.5%', 'low leverage D/E=1%']",['ROE below 18%'],
SHOP,high_dividend,High Dividend Yield,False,0.0,[],['could not rank yield'],
SHOP,dividend_growth,Dividend Growth,False,0.3333,['earnings growth: growth=68.1%'],"['yield too low', 'P/E out of range']",
SHOP,magic_formula,Magic Formula,False,0.3398,[],['below top half on combined Magic Formula rank'],
SHOP,acquirers_multiple,Acquirer's Multiple,False,0.1165,"['EV/EBIT=102.8', 'universe rank 12%']","['EV/EBIT 102.8 above 12.0', 'not in top 40% cheapest on EV/EBIT']",
SHOP,dreman_contrarian,Dreman Contrarian,False,0.1983,[],"['P/E not in bottom quartile', 'P/B not cheap vs universe']",
SHOP,piotroski_f,Piotroski F-Score,True,0.7778,"['F-Score=7/9', 'positive net income', 'positive operating cash flow', 'OCF > net income', 'leverage declining', 'current ratio improving', 'no share dilution', 'asset turnover improving']","['ROA improving', 'gross margin improving']","{'f_score': 7, 'max_score': 9, 'components': [{'name': 'positive net income', 'passed': True}, {'name': 'positive operating cash flow', 'passed': True}, {'name': 'ROA improving', 'passed': False}, {'name': 'OCF > net income', 'passed': True}, {'name': 'leverage declining', 'passed': True}, {'name': 'current ratio improving', 'passed': True}, {'name': 'no share dilution', 'passed': True}, {'name': 'gross margin improving', 'passed': False}, {'name': 'asset turnover improving', 'passed': True}]}"
SHOP,composite_value,Composite Value,False,0.2954,[],['missing dividend_yield'],
SHOP,earnings_quality,Earnings Quality,True,1.0,"['FCF/NI=1.29', 'OCF/NI=1.65', 'ratio=-5.28%']",[],
SHOP,financial_health,Financial Health,True,1.0,"['D/E=1%', 'leverage=1.2%', 'CR=5.96', 'ratio=-2.0', 'insufficient data — skipped']",[],
SPCX,graham_defensive,Graham Defensive,False,0.25,['Current ratio >= 2: CR=5.12'],"['no positive trailing P/E', 'valuation too rich on P/B or P/E×P/B', 'no dividend']",
SPCX,graham_enterprising,Graham Enterprising,False,0.2,['Debt/equity < 100%: D/E=31%'],"['missing P/E', 'P/B >= 3', 'ROE <= 8%', 'negative earnings growth']",
SPCX,graham_net_net,Graham Net-Net,False,0.0,[],['missing NCAV (balance sheet data)'],
SPCX,schloss,Schloss Low P/B,False,0.5,['D/E < 50.0%: D/E=31%'],['P/B too high'],
SPCX,deep_value,Deep Value,False,0.0,[],"['P/B not below 1.0', 'EV/EBITDA not below 8']",
SPCX,earnings_yield,Earnings Yield,False,1.0,['E/P=nan% (P/E=nan)'],['earnings yield nan% below 8%'],
SPCX,fcf_yield,FCF Yield,False,1.0,['FCF yield=nan%'],['FCF yield nan% below 5%'],
SPCX,low_pe_high_yield,Low P/E + High Yield,False,0.0,[],"['P/E not below 12.0', 'yield below 4%']",
SPCX,lynch_peg,Lynch PEG,False,0.0,"['PEG=nan', 'growth=nan%']",[],
SPCX,neff_pegy,Neff PEGY,False,0.0,"['PEGY=nan', 'growth=nan%', 'yield=nan%']",['PEGY nan >= 1.0'],
SPCX,quality_value,Quality Value,False,0.2,['Debt/equity < 80%: D/E=31%'],"['ROE below 12%', 'thin margins', 'missing P/E', 'FCF yield below 3%']",
SPCX,buffett_quality,Buffett Quality,False,0.25,['D/E < 60.0%: D/E=31%'],"['ROE too low', 'thin margins', 'missing P/E']",
SPCX,economic_moat,Economic Moat,False,0.25,['low leverage D/E=31%'],"['ROE below 18%', 'ROA below 8%', 'margins below 12%']",
SPCX,high_dividend,High Dividend Yield,False,0.0,[],['could not rank yield'],
SPCX,dividend_growth,Dividend Growth,False,0.0,[],"['yield too low', 'earnings not growing', 'P/E out of range']",
SPCX,magic_formula,Magic Formula,False,0.0583,[],['below top half on combined Magic Formula rank'],
SPCX,acquirers_multiple,Acquirer's Multiple,False,0.0,[],['missing EV or EBIT'],
SPCX,dreman_contrarian,Dreman Contrarian,False,0.0,[],['missing valuation data'],
SPCX,piotroski_f,Piotroski F-Score,False,0.5556,"['F-Score=5/9', 'positive operating cash flow', 'OCF > net income', 'current ratio improving', 'no share dilution', 'gross margin improving']","['F-Score 5/9 below 7', 'positive net income', 'ROA improving', 'leverage declining', 'asset turnover improving']","{'f_score': 5, 'max_score': 9, 'components': [{'name': 'positive net income', 'passed': False}, {'name': 'positive operating cash flow', 'passed': True}, {'name': 'ROA improving', 'passed': False}, {'name': 'OCF > net income', 'passed': True}, {'name': 'leverage declining', 'passed': False}, {'name': 'current ratio improving', 'passed': True}, {'name': 'no share dilution', 'passed': True}, {'name': 'gross margin improving', 'passed': True}, {'name': 'asset turnover improving', 'passed': False}]}"
SPCX,composite_value,Composite Value,False,0.1648,[],"['missing trailing_pe', 'missing dividend_yield', 'missing fcf_yield']",
SPCX,earnings_quality,Earnings Quality,False,0.5,['ratio=-12.73%'],['negative net income'],
SPCX,financial_health,Financial Health,True,0.8,"['D/E=31%', 'leverage=25.3%', 'CR=1.45', 'ratio=-10.2']",['weak interest coverage'],
SBUX,graham_defensive,Graham Defensive,False,0.5,"['P/B < 1.5 or P/E×P/B < 22.5: P/B=-15.99', 'Dividend payer: yield=230.00%']","['P/E >= 15', 'current ratio < 2']",
SBUX,graham_enterprising,Graham Enterprising,False,0.4,"['P/B < 3: P/B=-15.99', 'Positive earnings growth: growth=85.7%']","['P/E >= 25', 'excessive leverage', 'ROE <= 8%']",
SBUX,graham_net_net,Graham Net-Net,False,0.0,[],['missing NCAV (balance sheet data)'],
SBUX,schloss,Schloss Low P/B,False,0.5,['P/B < 1.2: P/B=-15.99'],['too much leverage'],
SBUX,deep_value,Deep Value,False,0.5,['P/B=-15.99'],['EV/EBITDA not below 8'],
SBUX,earnings_yield,Earnings Yield,False,0.1339,['E/P=1.6% (P/E=62.2)'],['earnings yield 1.6% below 8%'],
SBUX,fcf_yield,FCF Yield,False,0.2497,['FCF yield=2.5%'],['FCF yield 2.5% below 5%'],
SBUX,low_pe_high_yield,Low P/E + High Yield,False,0.5,['yield=230.0%'],['P/E not below 12.0'],
SBUX,lynch_peg,Lynch PEG,True,0.2736,"['PEG=0.73', 'growth=85.7%']",[],
SBUX,neff_pegy,Neff PEGY,True,0.8028,"['PEGY=0.20', 'growth=85.7%', 'yield=230.0%']",[],
SBUX,quality_value,Quality Value,False,0.2,['Profit margin >= 5%: margin=5.2%'],"['ROE below 12%', 'high leverage', 'P/E >= 20', 'FCF yield below 3%']",
SBUX,buffett_quality,Buffett Quality,False,0.0,[],"['ROE too low', 'too much debt', 'thin margins', 'P/E too high']",
SBUX,economic_moat,Economic Moat,False,0.0,[],"['ROE below 18%', 'ROA below 8%', 'margins below 12%', 'leverage too high']",
SBUX,high_dividend,High Dividend Yield,False,0.7377,"['yield=230.0%', 'universe rank 74%']",['not in top quartile for yield'],
SBUX,dividend_growth,Dividend Growth,True,0.6667,"['dividend payer: yield=230.0%', 'earnings growth: growth=85.7%']",['P/E out of range'],
SBUX,magic_formula,Magic Formula,False,0.4854,['ROIC rank 52%'],['below top half on combined Magic Formula rank'],
SBUX,acquirers_multiple,Acquirer's Multiple,False,0.3398,"['EV/EBIT=39.5', 'universe rank 34%']","['EV/EBIT 39.5 above 12.0', 'not in top 40% cheapest on EV/EBIT']",
SBUX,dreman_contrarian,Dreman Contrarian,False,0.6496,"['low P/B rank 98%', 'dividend rank 74%']",['P/E not in bottom quartile'],
SBUX,piotroski_f,Piotroski F-Score,False,0.5556,"['F-Score=5/9', 'positive net income', 'positive operating cash flow', 'OCF > net income', 'no share dilution', 'asset turnover improving']","['F-Score 5/9 below 7', 'ROA improving', 'leverage declining', 'current ratio improving', 'gross margin improving']","{'f_score': 5, 'max_score': 9, 'components': [{'name': 'positive net income', 'passed': True}, {'name': 'positive operating cash flow', 'passed': True}, {'name': 'ROA improving', 'passed': False}, {'name': 'OCF > net income', 'passed': True}, {'name': 'leverage declining', 'passed': False}, {'name': 'current ratio improving', 'passed': False}, {'name': 'no share dilution', 'passed': True}, {'name': 'gross margin improving', 'passed': False}, {'name': 'asset turnover improving', 'passed': True}]}"
SBUX,composite_value,Composite Value,False,0.5409,"['top-tier on price_to_book (percentile 82%)', 'top-tier on dividend_yield (percentile 75%)']",[],
SBUX,earnings_quality,Earnings Quality,True,1.0,"['FCF/NI=1.65', 'OCF/NI=2.56', 'ratio=-9.03%']",[],
SBUX,financial_health,Financial Health,False,0.4,"['ratio=3.3', 'coverage=6.6x']","['high debt to equity', 'high leverage', 'weak liquidity']",
SNPS,graham_defensive,Graham Defensive,False,0.0,[],"['P/E >= 15', 'valuation too rich on P/B or P/E×P/B', 'current ratio < 2', 'no dividend']",
SNPS,graham_enterprising,Graham Enterprising,False,0.4,"['P/B < 3: P/B=2.65', 'Debt/equity < 100%: D/E=36%']","['P/E >= 25', 'ROE <= 8%', 'negative earnings growth']",
SNPS,graham_net_net,Graham Net-Net,False,0.0,[],['missing NCAV (balance sheet data)'],
SNPS,schloss,Schloss Low P/B,False,0.5,['D/E < 50.0%: D/E=36%'],['P/B too high'],
SNPS,deep_value,Deep Value,False,0.0,[],"['P/B not below 1.0', 'EV/EBITDA not below 8']",
SNPS,earnings_yield,Earnings Yield,False,0.0866,['E/P=1.0% (P/E=96.2)'],['earnings yield 1.0% below 8%'],
SNPS,fcf_yield,FCF Yield,False,0.4385,['FCF yield=4.4%'],['FCF yield 4.4% below 5%'],
SNPS,low_pe_high_yield,Low P/E + High Yield,False,0.0,[],"['P/E not below 12.0', 'yield below 4%']",
SNPS,lynch_peg,Lynch PEG,False,0.2,[],['missing or negative earnings growth'],
SNPS,neff_pegy,Neff PEGY,False,0.0,"['PEGY=nan', 'growth=-96.0%', 'yield=nan%']",['PEGY nan >= 1.0'],
SNPS,quality_value,Quality Value,False,0.6,"['Profit margin >= 5%: margin=8.9%', 'Debt/equity < 80%: D/E=36%', 'FCF yield >= 3%: FCF yield=4.4%']","['ROE below 12%', 'P/E >= 20']",
SNPS,buffett_quality,Buffett Quality,False,0.5,"['D/E < 60.0%: D/E=36%', 'margin >= 8%: margin=8.9%']","['ROE too low', 'P/E too high']",
SNPS,economic_moat,Economic Moat,False,0.25,['low leverage D/E=36%'],"['ROE below 18%', 'ROA below 8%', 'margins below 12%']",
SNPS,high_dividend,High Dividend Yield,False,0.0,[],['could not rank yield'],
SNPS,dividend_growth,Dividend Growth,False,0.0,[],"['yield too low', 'earnings not growing', 'P/E out of range']",
SNPS,magic_formula,Magic Formula,False,0.1748,[],['below top half on combined Magic Formula rank'],
SNPS,acquirers_multiple,Acquirer's Multiple,False,0.1262,"['EV/EBIT=97.3', 'universe rank 13%']","['EV/EBIT 97.3 above 12.0', 'not in top 40% cheapest on EV/EBIT']",
SNPS,dreman_contrarian,Dreman Contrarian,False,0.4881,['low P/B rank 83%'],['P/E not in bottom quartile'],
SNPS,piotroski_f,Piotroski F-Score,False,0.3333,"['F-Score=3/9', 'positive net income', 'positive operating cash flow', 'OCF > net income']","['F-Score 3/9 below 7', 'ROA improving', 'leverage declining', 'current ratio improving', 'no share dilution', 'gross margin improving', 'asset turnover improving']","{'f_score': 3, 'max_score': 9, 'components': [{'name': 'positive net income', 'passed': True}, {'name': 'positive operating cash flow', 'passed': True}, {'name': 'ROA improving', 'passed': False}, {'name': 'OCF > net income', 'passed': True}, {'name': 'leverage declining', 'passed': False}, {'name': 'current ratio improving', 'passed': False}, {'name': 'no share dilution', 'passed': False}, {'name': 'gross margin improving', 'passed': False}, {'name': 'asset turnover improving', 'passed': False}]}"
SNPS,composite_value,Composite Value,False,0.5639,"['top-tier on price_to_book (percentile 95%)', 'top-tier on fcf_yield (percentile 78%)']",['missing dividend_yield'],
SNPS,earnings_quality,Earnings Quality,True,1.0,"['FCF/NI=2.66', 'OCF/NI=1.14', 'ratio=-0.39%']",[],
SNPS,financial_health,Financial Health,False,0.6,"['D/E=36%', 'leverage=29.6%', 'CR=1.62']","['high net debt/EBITDA', 'weak interest coverage']",
TMUS,graham_defensive,Graham Defensive,False,0.25,['Dividend payer: yield=223.00%'],"['P/E >= 15', 'valuation too rich on P/B or P/E×P/B', 'current ratio < 2']",
TMUS,graham_enterprising,Graham Enterprising,False,0.6,"['P/E < 25: P/E=19.1', 'ROE > 8%: ROE=18.0%', 'Positive earnings growth: growth=5.3%']","['P/B >= 3', 'excessive leverage']",
TMUS,graham_net_net,Graham Net-Net,False,0.0,[],['missing NCAV (balance sheet data)'],
TMUS,schloss,Schloss Low P/B,False,0.0,[],"['P/B too high', 'too much leverage']",
TMUS,deep_value,Deep Value,False,0.0,[],"['P/B not below 1.0', 'EV/EBITDA not below 8']",
TMUS,earnings_yield,Earnings Yield,False,0.4367,['E/P=5.2% (P/E=19.1)'],['earnings yield 5.2% below 8%'],
TMUS,fcf_yield,FCF Yield,True,0.5787,['FCF yield=5.8%'],[],
TMUS,low_pe_high_yield,Low P/E + High Yield,False,0.5,['yield=223.0%'],['P/E not below 12.0'],
TMUS,lynch_peg,Lynch PEG,False,0.0,"['PEG=3.60', 'growth=5.3%']",['PEG 3.60 >= 1.0'],
TMUS,neff_pegy,Neff PEGY,True,0.9164,"['PEGY=0.08', 'growth=5.3%', 'yield=223.0%']",[],
TMUS,quality_value,Quality Value,True,0.8,"['ROE >= 12%: ROE=18.0%', 'Profit margin >= 5%: margin=11.5%', 'P/E < 20: P/E=19.1', 'FCF yield >= 3%: FCF yield=5.8%']",['high leverage'],
TMUS,buffett_quality,Buffett Quality,True,0.75,"['ROE >= 15%: ROE=18.0%', 'margin >= 8%: margin=11.5%', 'P/E < 25.0: P/E=19.1']",['too much debt'],
TMUS,economic_moat,Economic Moat,False,0.0,[],"['ROE below 18%', 'ROA below 8%', 'margins below 12%', 'leverage too high']",
TMUS,high_dividend,High Dividend Yield,False,0.7049,"['yield=223.0%', 'universe rank 70%']",['not in top quartile for yield'],
TMUS,dividend_growth,Dividend Growth,True,1.0,"['dividend payer: yield=223.0%', 'earnings growth: growth=5.3%', 'reasonable P/E: P/E=19.1']",[],
TMUS,magic_formula,Magic Formula,True,0.6165,['earnings yield rank 89%'],[],
TMUS,acquirers_multiple,Acquirer's Multiple,False,0.7864,"['EV/EBIT=16.9', 'universe rank 79%']",['EV/EBIT 16.9 above 12.0'],
TMUS,dreman_contrarian,Dreman Contrarian,True,0.776,"['low P/E rank 87%', 'low P/B rank 75%', 'dividend rank 70%']",[],
TMUS,piotroski_f,Piotroski F-Score,False,0.6667,"['F-Score=6/9', 'positive net income', 'positive operating cash flow', 'OCF > net income', 'current ratio improving', 'no share dilution', 'asset turnover improving']","['F-Score 6/9 below 7', 'ROA improving', 'leverage declining', 'gross margin improving']","{'f_score': 6, 'max_score': 9, 'components': [{'name': 'positive net income', 'passed': True}, {'name': 'positive operating cash flow', 'passed': True}, {'name': 'ROA improving', 'passed': False}, {'name': 'OCF > net income', 'passed': True}, {'name': 'leverage declining', 'passed': False}, {'name': 'current ratio improving', 'passed': True}, {'name': 'no share dilution', 'passed': True}, {'name': 'gross margin improving', 'passed': False}, {'name': 'asset turnover improving', 'passed': True}]}"
TMUS,composite_value,Composite Value,True,0.7169,"['top-tier on price_to_book (percentile 82%)', 'top-tier on ev_ebitda (percentile 91%)']",[],
TMUS,earnings_quality,Earnings Quality,True,1.0,"['FCF/NI=1.03', 'OCF/NI=2.54', 'ratio=-7.74%']",[],
TMUS,financial_health,Financial Health,False,0.4,"['ratio=3.4', 'coverage=4.9x']","['high debt to equity', 'high leverage', 'weak liquidity']",
TTWO,graham_defensive,Graham Defensive,False,0.0,[],"['no positive trailing P/E', 'valuation too rich on P/B or P/E×P/B', 'current ratio < 2', 'no dividend']",
TTWO,graham_enterprising,Graham Enterprising,False,0.2,['Debt/equity < 100%: D/E=82%'],"['missing P/E', 'P/B >= 3', 'ROE <= 8%', 'negative earnings growth']",
TTWO,graham_net_net,Graham Net-Net,False,0.0,[],['missing NCAV (balance sheet data)'],
TTWO,schloss,Schloss Low P/B,False,0.0,[],"['P/B too high', 'too much leverage']",
TTWO,deep_value,Deep Value,False,0.0,[],"['P/B not below 1.0', 'EV/EBITDA not below 8']",
TTWO,earnings_yield,Earnings Yield,False,1.0,['E/P=nan% (P/E=nan)'],['earnings yield nan% below 8%'],
TTWO,fcf_yield,FCF Yield,False,0.272,['FCF yield=2.7%'],['FCF yield 2.7% below 5%'],
TTWO,low_pe_high_yield,Low P/E + High Yield,False,0.0,[],"['P/E not below 12.0', 'yield below 4%']",
TTWO,lynch_peg,Lynch PEG,False,0.0,"['PEG=nan', 'growth=nan%']",[],
TTWO,neff_pegy,Neff PEGY,False,0.0,"['PEGY=nan', 'growth=nan%', 'yield=nan%']",['PEGY nan >= 1.0'],
TTWO,quality_value,Quality Value,False,0.0,[],"['ROE below 12%', 'thin margins', 'high leverage', 'missing P/E', 'FCF yield below 3%']",
TTWO,buffett_quality,Buffett Quality,False,0.0,[],"['ROE too low', 'too much debt', 'thin margins', 'missing P/E']",
TTWO,economic_moat,Economic Moat,False,0.0,[],"['ROE below 18%', 'ROA below 8%', 'margins below 12%', 'leverage too high']",
TTWO,high_dividend,High Dividend Yield,False,0.0,[],['could not rank yield'],
TTWO,dividend_growth,Dividend Growth,False,0.0,[],"['yield too low', 'earnings not growing', 'P/E out of range']",
TTWO,magic_formula,Magic Formula,False,0.0437,[],['below top half on combined Magic Formula rank'],
TTWO,acquirers_multiple,Acquirer's Multiple,False,0.0,[],['missing EV or EBIT'],
TTWO,dreman_contrarian,Dreman Contrarian,False,0.0,[],['missing valuation data'],
TTWO,piotroski_f,Piotroski F-Score,True,0.7778,"['F-Score=7/9', 'positive operating cash flow', 'ROA improving', 'OCF > net income', 'leverage declining', 'current ratio improving', 'gross margin improving', 'asset turnover improving']","['positive net income', 'no share dilution']","{'f_score': 7, 'max_score': 9, 'components': [{'name': 'positive net income', 'passed': False}, {'name': 'positive operating cash flow', 'passed': True}, {'name': 'ROA improving', 'passed': True}, {'name': 'OCF > net income', 'passed': True}, {'name': 'leverage declining', 'passed': True}, {'name': 'current ratio improving', 'passed': True}, {'name': 'no share dilution', 'passed': False}, {'name': 'gross margin improving', 'passed': True}, {'name': 'asset turnover improving', 'passed': True}]}"
TTWO,composite_value,Composite Value,False,0.2479,[],"['missing trailing_pe', 'missing dividend_yield']",
TTWO,earnings_quality,Earnings Quality,False,0.5,['ratio=-9.83%'],['negative net income'],
TTWO,financial_health,Financial Health,False,0.6,"['leverage=31.5%', 'CR=1.24', 'ratio=1.5']","['high debt to equity', 'weak interest coverage']",
TER,graham_defensive,Graham Defensive,False,0.5,"['Current ratio >= 2: CR=2.12', 'Dividend payer: yield=12.00%']","['P/E >= 15', 'valuation too rich on P/B or P/E×P/B']",
TER,graham_enterprising,Graham Enterprising,False,0.6,"['Debt/equity < 100%: D/E=3%', 'ROE > 8%: ROE=36.5%', 'Positive earnings growth: growth=385.8%']","['P/E >= 25', 'P/B >= 3']",
TER,graham_net_net,Graham Net-Net,False,0.0,[],['missing NCAV (balance sheet data)'],
TER,schloss,Schloss Low P/B,False,0.5,['D/E < 50.0%: D/E=3%'],['P/B too high'],
TER,deep_value,Deep Value,False,0.0,[],"['P/B not below 1.0', 'EV/EBITDA not below 8']",
TER,earnings_yield,Earnings Yield,False,0.1451,['E/P=1.7% (P/E=57.4)'],['earnings yield 1.7% below 8%'],
TER,fcf_yield,FCF Yield,False,0.0668,['FCF yield=0.7%'],['FCF yield 0.7% below 5%'],
TER,low_pe_high_yield,Low P/E + High Yield,False,0.5,['yield=12.0%'],['P/E not below 12.0'],
TER,lynch_peg,Lynch PEG,True,0.8511,"['PEG=0.15', 'growth=385.8%']",[],
TER,neff_pegy,Neff PEGY,True,0.8556,"['PEGY=0.14', 'growth=385.8%', 'yield=12.0%']",[],
TER,quality_value,Quality Value,False,0.6,"['ROE >= 12%: ROE=36.5%', 'Profit margin >= 5%: margin=25.8%', 'Debt/equity < 80%: D/E=3%']","['P/E >= 20', 'FCF yield below 3%']",
TER,buffett_quality,Buffett Quality,False,0.75,"['ROE >= 15%: ROE=36.5%', 'D/E < 60.0%: D/E=3%', 'margin >= 8%: margin=25.8%']",['P/E too high'],
TER,economic_moat,Economic Moat,True,1.0,"['high ROE=36.5%', 'solid ROA=13.2%', 'wide margin=25.8%', 'low leverage D/E=3%']",[],
TER,high_dividend,High Dividend Yield,False,0.0328,"['yield=12.0%', 'universe rank 3%']",['not in top quartile for yield'],
TER,dividend_growth,Dividend Growth,True,0.6667,"['dividend payer: yield=12.0%', 'earnings growth: growth=385.8%']",['P/E out of range'],
TER,magic_formula,Magic Formula,False,0.4563,['ROIC rank 67%'],['below top half on combined Magic Formula rank'],
TER,acquirers_multiple,Acquirer's Multiple,False,0.1359,"['EV/EBIT=94.8', 'universe rank 14%']","['EV/EBIT 94.8 above 12.0', 'not in top 40% cheapest on EV/EBIT']",
TER,dreman_contrarian,Dreman Contrarian,False,0.1683,[],"['P/E not in bottom quartile', 'P/B not cheap vs universe', 'dividend yield below median']",
TER,piotroski_f,Piotroski F-Score,False,0.5556,"['F-Score=5/9', 'positive net income', 'positive operating cash flow', 'OCF > net income', 'no share dilution', 'asset turnover improving']","['F-Score 5/9 below 7', 'ROA improving', 'leverage declining', 'current ratio improving', 'gross margin improving']","{'f_score': 5, 'max_score': 9, 'components': [{'name': 'positive net income', 'passed': True}, {'name': 'positive operating cash flow', 'passed': True}, {'name': 'ROA improving', 'passed': False}, {'name': 'OCF > net income', 'passed': True}, {'name': 'leverage declining', 'passed': False}, {'name': 'current ratio improving', 'passed': False}, {'name': 'no share dilution', 'passed': True}, {'name': 'gross margin improving', 'passed': False}, {'name': 'asset turnover improving', 'passed': True}]}"
TER,composite_value,Composite Value,False,0.3135,[],[],
TER,earnings_quality,Earnings Quality,True,1.0,"['FCF/NI=0.79', 'OCF/NI=1.22', 'ratio=-2.88%']",[],
TER,financial_health,Financial Health,True,1.0,"['D/E=3%', 'leverage=6.8%', 'CR=1.75', 'ratio=-0.2', 'coverage=100.6x']",[],
TSLA,graham_defensive,Graham Defensive,False,0.0,[],"['P/E >= 15', 'valuation too rich on P/B or P/E×P/B', 'current ratio < 2', 'no dividend']",
TSLA,graham_enterprising,Graham Enterprising,False,0.2,['Debt/equity < 100%: D/E=18%'],"['P/E >= 25', 'P/B >= 3', 'ROE <= 8%', 'negative earnings growth']",
TSLA,graham_net_net,Graham Net-Net,False,0.0,[],['missing NCAV (balance sheet data)'],
TSLA,schloss,Schloss Low P/B,False,0.5,['D/E < 50.0%: D/E=18%'],['P/B too high'],
TSLA,deep_value,Deep Value,False,0.0,[],"['P/B not below 1.0', 'EV/EBITDA not below 8']",
TSLA,earnings_yield,Earnings Yield,False,0.0268,['E/P=0.3% (P/E=311.2)'],['earnings yield 0.3% below 8%'],
TSLA,fcf_yield,FCF Yield,False,0.0358,['FCF yield=0.4%'],['FCF yield 0.4% below 5%'],
TSLA,low_pe_high_yield,Low P/E + High Yield,False,0.0,[],"['P/E not below 12.0', 'yield below 4%']",
TSLA,lynch_peg,Lynch PEG,False,0.2,[],['missing or negative earnings growth'],
TSLA,neff_pegy,Neff PEGY,False,0.0,"['PEGY=nan', 'growth=-3.0%', 'yield=nan%']",['PEGY nan >= 1.0'],
TSLA,quality_value,Quality Value,False,0.2,['Debt/equity < 80%: D/E=18%'],"['ROE below 12%', 'thin margins', 'P/E >= 20', 'FCF yield below 3%']",
TSLA,buffett_quality,Buffett Quality,False,0.25,['D/E < 60.0%: D/E=18%'],"['ROE too low', 'thin margins', 'P/E too high']",
TSLA,economic_moat,Economic Moat,False,0.25,['low leverage D/E=18%'],"['ROE below 18%', 'ROA below 8%', 'margins below 12%']",
TSLA,high_dividend,High Dividend Yield,False,0.0,[],['could not rank yield'],
TSLA,dividend_growth,Dividend Growth,False,0.0,[],"['yield too low', 'earnings not growing', 'P/E out of range']",
TSLA,magic_formula,Magic Formula,False,0.1602,[],['below top half on combined Magic Formula rank'],
TSLA,acquirers_multiple,Acquirer's Multiple,False,0.0583,"['EV/EBIT=273.3', 'universe rank 6%']","['EV/EBIT 273.3 above 12.0', 'not in top 40% cheapest on EV/EBIT']",
TSLA,dreman_contrarian,Dreman Contrarian,False,0.1537,[],"['P/E not in bottom quartile', 'P/B not cheap vs universe']",
TSLA,piotroski_f,Piotroski F-Score,False,0.6667,"['F-Score=6/9', 'positive net income', 'positive operating cash flow', 'OCF > net income', 'leverage declining', 'current ratio improving', 'gross margin improving']","['F-Score 6/9 below 7', 'ROA improving', 'no share dilution', 'asset turnover improving']","{'f_score': 6, 'max_score': 9, 'components': [{'name': 'positive net income', 'passed': True}, {'name': 'positive operating cash flow', 'passed': True}, {'name': 'ROA improving', 'passed': False}, {'name': 'OCF > net income', 'passed': True}, {'name': 'leverage declining', 'passed': True}, {'name': 'current ratio improving', 'passed': True}, {'name': 'no share dilution', 'passed': False}, {'name': 'gross margin improving', 'passed': True}, {'name': 'asset turnover improving', 'passed': False}]}"
TSLA,composite_value,Composite Value,False,0.0909,[],['missing dividend_yield'],
TSLA,earnings_quality,Earnings Quality,True,1.0,"['FCF/NI=1.27', 'OCF/NI=3.89', 'ratio=-7.95%']",[],
TSLA,financial_health,Financial Health,True,1.0,"['D/E=18%', 'leverage=10.7%', 'CR=2.16', 'ratio=-2.6', 'coverage=14.3x']",[],
TXN,graham_defensive,Graham Defensive,False,0.5,"['Current ratio >= 2: CR=4.86', 'Dividend payer: yield=203.00%']","['P/E >= 15', 'valuation too rich on P/B or P/E×P/B']",
TXN,graham_enterprising,Graham Enterprising,False,0.6,"['Debt/equity < 100%: D/E=78%', 'ROE > 8%: ROE=35.2%', 'Positive earnings growth: growth=51.8%']","['P/E >= 25', 'P/B >= 3']",
TXN,graham_net_net,Graham Net-Net,False,0.0,[],['missing NCAV (balance sheet data)'],
TXN,schloss,Schloss Low P/B,False,0.0,[],"['P/B too high', 'too much leverage']",
TXN,deep_value,Deep Value,False,0.0,[],"['P/B not below 1.0', 'EV/EBITDA not below 8']",
TXN,earnings_yield,Earnings Yield,False,0.1958,['E/P=2.3% (P/E=42.6)'],['earnings yield 2.3% below 8%'],
TXN,fcf_yield,FCF Yield,False,0.1389,['FCF yield=1.4%'],['FCF yield 1.4% below 5%'],
TXN,low_pe_high_yield,Low P/E + High Yield,False,0.5,['yield=203.0%'],['P/E not below 12.0'],
TXN,lynch_peg,Lynch PEG,True,0.1785,"['PEG=0.82', 'growth=51.8%']",[],
TXN,neff_pegy,Neff PEGY,True,0.833,"['PEGY=0.17', 'growth=51.8%', 'yield=203.0%']",[],
TXN,quality_value,Quality Value,False,0.6,"['ROE >= 12%: ROE=35.2%', 'Profit margin >= 5%: margin=31.1%', 'Debt/equity < 80%: D/E=78%']","['P/E >= 20', 'FCF yield below 3%']",
TXN,buffett_quality,Buffett Quality,False,0.5,"['ROE >= 15%: ROE=35.2%', 'margin >= 8%: margin=31.1%']","['too much debt', 'P/E too high']",
TXN,economic_moat,Economic Moat,True,0.75,"['high ROE=35.2%', 'solid ROA=14.5%', 'wide margin=31.1%']",['leverage too high'],
TXN,high_dividend,High Dividend Yield,False,0.6557,"['yield=203.0%', 'universe rank 66%']",['not in top quartile for yield'],
TXN,dividend_growth,Dividend Growth,True,0.6667,"['dividend payer: yield=203.0%', 'earnings growth: growth=51.8%']",['P/E out of range'],
TXN,magic_formula,Magic Formula,True,0.5194,['ROIC rank 62%'],[],
TXN,acquirers_multiple,Acquirer's Multiple,False,0.3107,"['EV/EBIT=42.7', 'universe rank 31%']","['EV/EBIT 42.7 above 12.0', 'not in top 40% cheapest on EV/EBIT']",
TXN,dreman_contrarian,Dreman Contrarian,False,0.462,['dividend rank 66%'],"['P/E not in bottom quartile', 'P/B not cheap vs universe']",
TXN,piotroski_f,Piotroski F-Score,True,0.7778,"['F-Score=7/9', 'positive net income', 'positive operating cash flow', 'ROA improving', 'OCF > net income', 'current ratio improving', 'no share dilution', 'asset turnover improving']","['leverage declining', 'gross margin improving']","{'f_score': 7, 'max_score': 9, 'components': [{'name': 'positive net income', 'passed': True}, {'name': 'positive operating cash flow', 'passed': True}, {'name': 'ROA improving', 'passed': True}, {'name': 'OCF > net income', 'passed': True}, {'name': 'leverage declining', 'passed': False}, {'name': 'current ratio improving', 'passed': True}, {'name': 'no share dilution', 'passed': True}, {'name': 'gross margin improving', 'passed': False}, {'name': 'asset turnover improving', 'passed': True}]}"
TXN,composite_value,Composite Value,False,0.6343,['top-tier on dividend_yield (percentile 79%)'],[],
TXN,earnings_quality,Earnings Quality,True,1.0,"['FCF/NI=0.71', 'OCF/NI=1.43', 'ratio=-6.22%']",[],
TXN,financial_health,Financial Health,True,1.0,"['D/E=78%', 'leverage=40.6%', 'CR=4.35', 'ratio=0.7', 'coverage=11.3x']",[],
TRI,graham_defensive,Graham Defensive,False,0.25,['Dividend payer: yield=253.00%'],"['P/E >= 15', 'valuation too rich on P/B or P/E×P/B', 'current ratio < 2']",
TRI,graham_enterprising,Graham Enterprising,False,0.6,"['Debt/equity < 100%: D/E=29%', 'ROE > 8%: ROE=14.2%', 'Positive earnings growth: growth=47.2%']","['P/E >= 25', 'P/B >= 3']",
TRI,graham_net_net,Graham Net-Net,False,0.0,[],['missing NCAV (balance sheet data)'],
TRI,schloss,Schloss Low P/B,False,0.5,['D/E < 50.0%: D/E=29%'],['P/B too high'],
TRI,deep_value,Deep Value,False,0.0,[],"['P/B not below 1.0', 'EV/EBITDA not below 8']",
TRI,earnings_yield,Earnings Yield,False,0.3048,['E/P=3.7% (P/E=27.3)'],['earnings yield 3.7% below 8%'],
TRI,fcf_yield,FCF Yield,False,0.4697,['FCF yield=4.7%'],['FCF yield 4.7% below 5%'],
TRI,low_pe_high_yield,Low P/E + High Yield,False,0.5,['yield=253.0%'],['P/E not below 12.0'],
TRI,lynch_peg,Lynch PEG,True,0.4208,"['PEG=0.58', 'growth=47.2%']",[],
TRI,neff_pegy,Neff PEGY,True,0.9089,"['PEGY=0.09', 'growth=47.2%', 'yield=253.0%']",[],
TRI,quality_value,Quality Value,True,0.8,"['ROE >= 12%: ROE=14.2%', 'Profit margin >= 5%: margin=21.2%', 'Debt/equity < 80%: D/E=29%', 'FCF yield >= 3%: FCF yield=4.7%']",['P/E >= 20'],
TRI,buffett_quality,Buffett Quality,False,0.5,"['D/E < 60.0%: D/E=29%', 'margin >= 8%: margin=21.2%']","['ROE too low', 'P/E too high']",
TRI,economic_moat,Economic Moat,True,0.75,"['solid ROA=8.4%', 'wide margin=21.2%', 'low leverage D/E=29%']",['ROE below 18%'],
TRI,high_dividend,High Dividend Yield,True,0.8197,"['yield=253.0%', 'universe rank 82%']",[],
TRI,dividend_growth,Dividend Growth,True,0.6667,"['dividend payer: yield=253.0%', 'earnings growth: growth=47.2%']",['P/E out of range'],
TRI,magic_formula,Magic Formula,True,0.5971,['earnings yield rank 73%'],[],
TRI,acquirers_multiple,Acquirer's Multiple,False,0.6214,"['EV/EBIT=23.8', 'universe rank 62%']",['EV/EBIT 23.8 above 12.0'],
TRI,dreman_contrarian,Dreman Contrarian,True,0.745,"['low P/B rank 75%', 'dividend rank 82%']",['P/E not in bottom quartile'],
TRI,piotroski_f,Piotroski F-Score,True,0.7778,"['F-Score=7/9', 'positive net income', 'positive operating cash flow', 'OCF > net income', 'leverage declining', 'no share dilution', 'gross margin improving', 'asset turnover improving']","['ROA improving', 'current ratio improving']","{'f_score': 7, 'max_score': 9, 'components': [{'name': 'positive net income', 'passed': True}, {'name': 'positive operating cash flow', 'passed': True}, {'name': 'ROA improving', 'passed': False}, {'name': 'OCF > net income', 'passed': True}, {'name': 'leverage declining', 'passed': True}, {'name': 'current ratio improving', 'passed': False}, {'name': 'no share dilution', 'passed': True}, {'name': 'gross margin improving', 'passed': True}, {'name': 'asset turnover improving', 'passed': True}]}"
TRI,composite_value,Composite Value,True,0.7825,"['top-tier on trailing_pe (percentile 82%)', 'top-tier on price_to_book (percentile 77%)', 'top-tier on dividend_yield (percentile 75%)', 'top-tier on fcf_yield (percentile 91%)']",[],
TRI,earnings_quality,Earnings Quality,True,1.0,"['FCF/NI=1.40', 'OCF/NI=1.76', 'ratio=-6.40%']",[],
TRI,financial_health,Financial Health,False,0.8,"['D/E=29%', 'leverage=13.2%', 'ratio=1.1', 'coverage=10.9x']",['weak liquidity'],
VRTX,graham_defensive,Graham Defensive,False,0.25,['Current ratio >= 2: CR=3.19'],"['P/E >= 15', 'valuation too rich on P/B or P/E×P/B', 'no dividend']",
VRTX,graham_enterprising,Graham Enterprising,False,0.6,"['Debt/equity < 100%: D/E=10%', 'ROE > 8%: ROE=23.5%', 'Positive earnings growth: growth=8.0%']","['P/E >= 25', 'P/B >= 3']",
VRTX,graham_net_net,Graham Net-Net,False,0.0,[],['missing NCAV (balance sheet data)'],
VRTX,schloss,Schloss Low P/B,False,0.5,['D/E < 50.0%: D/E=10%'],['P/B too high'],
VRTX,deep_value,Deep Value,False,0.0,[],"['P/B not below 1.0', 'EV/EBITDA not below 8']",
VRTX,earnings_yield,Earnings Yield,False,0.2824,['E/P=3.4% (P/E=29.5)'],['earnings yield 3.4% below 8%'],
VRTX,fcf_yield,FCF Yield,False,0.205,['FCF yield=2.1%'],['FCF yield 2.1% below 5%'],
VRTX,low_pe_high_yield,Low P/E + High Yield,False,0.0,[],"['P/E not below 12.0', 'yield below 4%']",
VRTX,lynch_peg,Lynch PEG,False,0.0,"['PEG=3.69', 'growth=8.0%']",['PEG 3.69 >= 1.0'],
VRTX,neff_pegy,Neff PEGY,False,0.0,"['PEGY=nan', 'growth=8.0%', 'yield=nan%']",['PEGY nan >= 1.0'],
VRTX,quality_value,Quality Value,False,0.6,"['ROE >= 12%: ROE=23.5%', 'Profit margin >= 5%: margin=35.0%', 'Debt/equity < 80%: D/E=10%']","['P/E >= 20', 'FCF yield below 3%']",
VRTX,buffett_quality,Buffett Quality,False,0.75,"['ROE >= 15%: ROE=23.5%', 'D/E < 60.0%: D/E=10%', 'margin >= 8%: margin=35.0%']",['P/E too high'],
VRTX,economic_moat,Economic Moat,True,1.0,"['high ROE=23.5%', 'solid ROA=15.4%', 'wide margin=35.0%', 'low leverage D/E=10%']",[],
VRTX,high_dividend,High Dividend Yield,False,0.0,[],['could not rank yield'],
VRTX,dividend_growth,Dividend Growth,False,0.3333,['earnings growth: growth=8.0%'],"['yield too low', 'P/E out of range']",
VRTX,magic_formula,Magic Formula,True,0.6408,"['earnings yield rank 65%', 'ROIC rank 63%']",[],
VRTX,acquirers_multiple,Acquirer's Multiple,False,0.5437,"['EV/EBIT=26.9', 'universe rank 54%']","['EV/EBIT 26.9 above 12.0', 'not in top 40% cheapest on EV/EBIT']",
VRTX,dreman_contrarian,Dreman Contrarian,False,0.6257,['low P/B rank 65%'],['P/E not in bottom quartile'],
VRTX,piotroski_f,Piotroski F-Score,False,0.6667,"['F-Score=6/9', 'positive net income', 'positive operating cash flow', 'ROA improving', 'current ratio improving', 'no share dilution', 'gross margin improving']","['F-Score 6/9 below 7', 'OCF > net income', 'leverage declining', 'asset turnover improving']","{'f_score': 6, 'max_score': 9, 'components': [{'name': 'positive net income', 'passed': True}, {'name': 'positive operating cash flow', 'passed': True}, {'name': 'ROA improving', 'passed': True}, {'name': 'OCF > net income', 'passed': False}, {'name': 'leverage declining', 'passed': False}, {'name': 'current ratio improving', 'passed': True}, {'name': 'no share dilution', 'passed': True}, {'name': 'gross margin improving', 'passed': True}, {'name': 'asset turnover improving', 'passed': False}]}"
VRTX,composite_value,Composite Value,False,0.5286,['top-tier on price_to_book (percentile 78%)'],['missing dividend_yield'],
VRTX,earnings_quality,Earnings Quality,True,1.0,"['FCF/NI=0.66', 'OCF/NI=0.92', 'ratio=1.25%']",[],
VRTX,financial_health,Financial Health,True,1.0,"['D/E=10%', 'leverage=7.9%', 'CR=2.90', 'ratio=-1.2', 'coverage=342.4x']",[],
WMT,graham_defensive,Graham Defensive,False,0.25,['Dividend payer: yield=86.00%'],"['P/E >= 15', 'valuation too rich on P/B or P/E×P/B', 'current ratio < 2']",
WMT,graham_enterprising,Graham Enterprising,False,0.6,"['Debt/equity < 100%: D/E=75%', 'ROE > 8%: ROE=24.1%', 'Positive earnings growth: growth=19.4%']","['P/E >= 25', 'P/B >= 3']",
WMT,graham_net_net,Graham Net-Net,False,0.0,[],['missing NCAV (balance sheet data)'],
WMT,schloss,Schloss Low P/B,False,0.0,[],"['P/B too high', 'too much leverage']",
WMT,deep_value,Deep Value,False,0.0,[],"['P/B not below 1.0', 'EV/EBITDA not below 8']",
WMT,earnings_yield,Earnings Yield,False,0.2053,['E/P=2.5% (P/E=40.6)'],['earnings yield 2.5% below 8%'],
WMT,fcf_yield,FCF Yield,False,0.0748,['FCF yield=0.7%'],['FCF yield 0.7% below 5%'],
WMT,low_pe_high_yield,Low P/E + High Yield,False,0.5,['yield=86.0%'],['P/E not below 12.0'],
WMT,lynch_peg,Lynch PEG,False,0.0,"['PEG=2.09', 'growth=19.4%']",['PEG 2.09 >= 1.0'],
WMT,neff_pegy,Neff PEGY,True,0.6149,"['PEGY=0.39', 'growth=19.4%', 'yield=86.0%']",[],
WMT,quality_value,Quality Value,False,0.4,"['ROE >= 12%: ROE=24.1%', 'Debt/equity < 80%: D/E=75%']","['thin margins', 'P/E >= 20', 'FCF yield below 3%']",
WMT,buffett_quality,Buffett Quality,False,0.25,['ROE >= 15%: ROE=24.1%'],"['too much debt', 'thin margins', 'P/E too high']",
WMT,economic_moat,Economic Moat,False,0.25,['high ROE=24.1%'],"['ROA below 8%', 'margins below 12%', 'leverage too high']",
WMT,high_dividend,High Dividend Yield,False,0.4262,"['yield=86.0%', 'universe rank 43%']",['not in top quartile for yield'],
WMT,dividend_growth,Dividend Growth,True,0.6667,"['dividend payer: yield=86.0%', 'earnings growth: growth=19.4%']",['P/E out of range'],
WMT,magic_formula,Magic Formula,True,0.5291,"['earnings yield rank 52%', 'ROIC rank 53%']",[],
WMT,acquirers_multiple,Acquirer's Multiple,False,0.4175,"['EV/EBIT=33.2', 'universe rank 42%']","['EV/EBIT 33.2 above 12.0', 'not in top 40% cheapest on EV/EBIT']",
WMT,dreman_contrarian,Dreman Contrarian,False,0.4557,[],"['P/E not in bottom quartile', 'P/B not cheap vs universe', 'dividend yield below median']",
WMT,piotroski_f,Piotroski F-Score,False,0.6667,"['F-Score=6/9', 'positive net income', 'positive operating cash flow', 'ROA improving', 'OCF > net income', 'no share dilution', 'gross margin improving']","['F-Score 6/9 below 7', 'leverage declining', 'current ratio improving', 'asset turnover improving']","{'f_score': 6, 'max_score': 9, 'components': [{'name': 'positive net income', 'passed': True}, {'name': 'positive operating cash flow', 'passed': True}, {'name': 'ROA improving', 'passed': True}, {'name': 'OCF > net income', 'passed': True}, {'name': 'leverage declining', 'passed': False}, {'name': 'current ratio improving', 'passed': False}, {'name': 'no share dilution', 'passed': True}, {'name': 'gross margin improving', 'passed': True}, {'name': 'asset turnover improving', 'passed': False}]}"
WMT,composite_value,Composite Value,False,0.267,[],[],
WMT,earnings_quality,Earnings Quality,False,0.6667,"['OCF/NI=1.90', 'ratio=-6.91%']",['weak free-cash conversion'],
WMT,financial_health,Financial Health,False,0.8,"['D/E=75%', 'leverage=23.6%', 'ratio=1.4', 'coverage=10.7x']",['weak liquidity'],
WBD,graham_defensive,Graham Defensive,False,0.0,[],"['no positive trailing P/E', 'valuation too rich on P/B or P/E×P/B', 'current ratio < 2', 'no dividend']",
WBD,graham_enterprising,Graham Enterprising,False,0.4,"['P/B < 3: P/B=2.15', 'Debt/equity < 100%: D/E=94%']","['missing P/E', 'ROE <= 8%', 'negative earnings growth']",
WBD,graham_net_net,Graham Net-Net,False,0.0,[],['missing NCAV (balance sheet data)'],
WBD,schloss,Schloss Low P/B,False,0.0,[],"['P/B too high', 'too much leverage']",
WBD,deep_value,Deep Value,False,0.0,[],"['P/B not below 1.0', 'EV/EBITDA not below 8']",
WBD,earnings_yield,Earnings Yield,False,1.0,['E/P=nan% (P/E=nan)'],['earnings yield nan% below 8%'],
WBD,fcf_yield,FCF Yield,True,1.0,['FCF yield=23.0%'],[],
WBD,low_pe_high_yield,Low P/E + High Yield,False,0.0,[],"['P/E not below 12.0', 'yield below 4%']",
WBD,lynch_peg,Lynch PEG,False,0.2,[],['missing or negative earnings growth'],
WBD,neff_pegy,Neff PEGY,False,0.0,"['PEGY=nan', 'growth=-90.6%', 'yield=nan%']",['PEGY nan >= 1.0'],
WBD,quality_value,Quality Value,False,0.2,['FCF yield >= 3%: FCF yield=23.0%'],"['ROE below 12%', 'thin margins', 'high leverage', 'missing P/E']",
WBD,buffett_quality,Buffett Quality,False,0.0,[],"['ROE too low', 'too much debt', 'thin margins', 'missing P/E']",
WBD,economic_moat,Economic Moat,False,0.0,[],"['ROE below 18%', 'ROA below 8%', 'margins below 12%', 'leverage too high']",
WBD,high_dividend,High Dividend Yield,False,0.0,[],['could not rank yield'],
WBD,dividend_growth,Dividend Growth,False,0.0,[],"['yield too low', 'earnings not growing', 'P/E out of range']",
WBD,magic_formula,Magic Formula,False,0.1942,[],['below top half on combined Magic Formula rank'],
WBD,acquirers_multiple,Acquirer's Multiple,False,0.1748,"['EV/EBIT=76.4', 'universe rank 17%']","['EV/EBIT 76.4 above 12.0', 'not in top 40% cheapest on EV/EBIT']",
WBD,dreman_contrarian,Dreman Contrarian,False,0.0,[],['missing valuation data'],
WBD,piotroski_f,Piotroski F-Score,True,0.7778,"['F-Score=7/9', 'positive net income', 'positive operating cash flow', 'ROA improving', 'OCF > net income', 'leverage declining', 'current ratio improving', 'gross margin improving']","['no share dilution', 'asset turnover improving']","{'f_score': 7, 'max_score': 9, 'components': [{'name': 'positive net income', 'passed': True}, {'name': 'positive operating cash flow', 'passed': True}, {'name': 'ROA improving', 'passed': True}, {'name': 'OCF > net income', 'passed': True}, {'name': 'leverage declining', 'passed': True}, {'name': 'current ratio improving', 'passed': True}, {'name': 'no share dilution', 'passed': False}, {'name': 'gross margin improving', 'passed': True}, {'name': 'asset turnover improving', 'passed': False}]}"
WBD,composite_value,Composite Value,True,0.8843,"['top-tier on price_to_book (percentile 91%)', 'top-tier on fcf_yield (percentile 91%)', 'top-tier on ev_ebitda (percentile 82%)']","['missing trailing_pe', 'missing dividend_yield']",
WBD,earnings_quality,Earnings Quality,True,1.0,"['FCF/NI=22.24', 'OCF/NI=5.94', 'ratio=-3.59%']",[],
WBD,financial_health,Financial Health,False,0.4,"['leverage=32.5%', 'ratio=3.7']","['high debt to equity', 'weak liquidity', 'weak interest coverage']",
WDC,graham_defensive,Graham Defensive,False,0.25,['Dividend payer: yield=12.00%'],"['P/E >= 15', 'valuation too rich on P/B or P/E×P/B', 'current ratio < 2']",
WDC,graham_enterprising,Graham Enterprising,False,0.8,"['P/E < 25: P/E=21.0', 'Debt/equity < 100%: D/E=13%', 'ROE > 8%: ROE=130.9%', 'Positive earnings growth: growth=984.1%']",['P/B >= 3'],
WDC,graham_net_net,Graham Net-Net,False,0.0,[],['missing NCAV (balance sheet data)'],
WDC,schloss,Schloss Low P/B,False,0.5,['D/E < 50.0%: D/E=13%'],['P/B too high'],
WDC,deep_value,Deep Value,False,0.0,[],"['P/B not below 1.0', 'EV/EBITDA not below 8']",
WDC,earnings_yield,Earnings Yield,False,0.3975,['E/P=4.8% (P/E=21.0)'],['earnings yield 4.8% below 8%'],
WDC,fcf_yield,FCF Yield,False,0.1294,['FCF yield=1.3%'],['FCF yield 1.3% below 5%'],
WDC,low_pe_high_yield,Low P/E + High Yield,False,0.5,['yield=12.0%'],['P/E not below 12.0'],
WDC,lynch_peg,Lynch PEG,True,0.9787,"['PEG=0.02', 'growth=984.1%']",[],
WDC,neff_pegy,Neff PEGY,True,0.979,"['PEGY=0.02', 'growth=984.1%', 'yield=12.0%']",[],
WDC,quality_value,Quality Value,False,0.6,"['ROE >= 12%: ROE=130.9%', 'Profit margin >= 5%: margin=72.9%', 'Debt/equity < 80%: D/E=13%']","['P/E >= 20', 'FCF yield below 3%']",
WDC,buffett_quality,Buffett Quality,True,1.0,"['ROE >= 15%: ROE=130.9%', 'D/E < 60.0%: D/E=13%', 'margin >= 8%: margin=72.9%', 'P/E < 25.0: P/E=21.0']",[],
WDC,economic_moat,Economic Moat,True,1.0,"['high ROE=130.9%', 'solid ROA=13.3%', 'wide margin=72.9%', 'low leverage D/E=13%']",[],
WDC,high_dividend,High Dividend Yield,False,0.0328,"['yield=12.0%', 'universe rank 3%']",['not in top quartile for yield'],
WDC,dividend_growth,Dividend Growth,True,1.0,"['dividend payer: yield=12.0%', 'earnings growth: growth=984.1%', 'reasonable P/E: P/E=21.0']",[],
WDC,magic_formula,Magic Formula,False,0.4854,['ROIC rank 70%'],['below top half on combined Magic Formula rank'],
WDC,acquirers_multiple,Acquirer's Multiple,False,0.165,"['EV/EBIT=85.9', 'universe rank 17%']","['EV/EBIT 85.9 above 12.0', 'not in top 40% cheapest on EV/EBIT']",
WDC,dreman_contrarian,Dreman Contrarian,False,0.4285,['low P/E rank 82%'],['dividend yield below median'],
WDC,piotroski_f,Piotroski F-Score,False,0.5556,"['F-Score=5/9', 'positive net income', 'positive operating cash flow', 'ROA improving', 'gross margin improving', 'asset turnover improving']","['F-Score 5/9 below 7', 'OCF > net income', 'leverage declining', 'current ratio improving', 'no share dilution']","{'f_score': 5, 'max_score': 9, 'components': [{'name': 'positive net income', 'passed': True}, {'name': 'positive operating cash flow', 'passed': True}, {'name': 'ROA improving', 'passed': True}, {'name': 'OCF > net income', 'passed': False}, {'name': 'leverage declining', 'passed': False}, {'name': 'current ratio improving', 'passed': False}, {'name': 'no share dilution', 'passed': False}, {'name': 'gross margin improving', 'passed': True}, {'name': 'asset turnover improving', 'passed': True}]}"
WDC,composite_value,Composite Value,False,0.5387,['top-tier on trailing_pe (percentile 92%)'],['missing price_to_book'],
WDC,earnings_quality,Earnings Quality,True,1.0,"['FCF/NI=1.22', 'OCF/NI=0.91', 'ratio=1.21%']",[],
WDC,financial_health,Financial Health,False,0.8,"['D/E=13%', 'leverage=33.6%', 'ratio=-0.1', 'coverage=6.0x']",['weak liquidity'],
WDAY,graham_defensive,Graham Defensive,False,0.0,[],"['P/E >= 15', 'valuation too rich on P/B or P/E×P/B', 'current ratio < 2', 'no dividend']",
WDAY,graham_enterprising,Graham Enterprising,False,0.6,"['Debt/equity < 100%: D/E=57%', 'ROE > 8%: ROE=10.9%', 'Positive earnings growth: growth=248.0%']","['P/E >= 25', 'P/B >= 3']",
WDAY,graham_net_net,Graham Net-Net,False,0.0,[],['missing NCAV (balance sheet data)'],
WDAY,schloss,Schloss Low P/B,False,0.0,[],"['P/B too high', 'too much leverage']",
WDAY,deep_value,Deep Value,False,0.0,[],"['P/B not below 1.0', 'EV/EBITDA not below 8']",
WDAY,earnings_yield,Earnings Yield,False,0.1351,['E/P=1.6% (P/E=61.7)'],['earnings yield 1.6% below 8%'],
WDAY,fcf_yield,FCF Yield,True,0.6356,['FCF yield=6.4%'],[],
WDAY,low_pe_high_yield,Low P/E + High Yield,False,0.0,[],"['P/E not below 12.0', 'yield below 4%']",
WDAY,lynch_peg,Lynch PEG,True,0.7512,"['PEG=0.25', 'growth=248.0%']",[],
WDAY,neff_pegy,Neff PEGY,False,0.0,"['PEGY=nan', 'growth=248.0%', 'yield=nan%']",['PEGY nan >= 1.0'],
WDAY,quality_value,Quality Value,False,0.6,"['Profit margin >= 5%: margin=8.6%', 'Debt/equity < 80%: D/E=57%', 'FCF yield >= 3%: FCF yield=6.4%']","['ROE below 12%', 'P/E >= 20']",
WDAY,buffett_quality,Buffett Quality,False,0.5,"['D/E < 60.0%: D/E=57%', 'margin >= 8%: margin=8.6%']","['ROE too low', 'P/E too high']",
WDAY,economic_moat,Economic Moat,False,0.0,[],"['ROE below 18%', 'ROA below 8%', 'margins below 12%', 'leverage too high']",
WDAY,high_dividend,High Dividend Yield,False,0.0,[],['could not rank yield'],
WDAY,dividend_growth,Dividend Growth,False,0.3333,['earnings growth: growth=248.0%'],"['yield too low', 'P/E out of range']",
WDAY,magic_formula,Magic Formula,False,0.3398,[],['below top half on combined Magic Formula rank'],
WDAY,acquirers_multiple,Acquirer's Multiple,False,0.2621,"['EV/EBIT=47.4', 'universe rank 26%']","['EV/EBIT 47.4 above 12.0', 'not in top 40% cheapest on EV/EBIT']",
WDAY,dreman_contrarian,Dreman Contrarian,False,0.4101,[],"['P/E not in bottom quartile', 'P/B not cheap vs universe']",
WDAY,piotroski_f,Piotroski F-Score,True,0.7778,"['F-Score=7/9', 'positive net income', 'positive operating cash flow', 'ROA improving', 'OCF > net income', 'no share dilution', 'gross margin improving', 'asset turnover improving']","['leverage declining', 'current ratio improving']","{'f_score': 7, 'max_score': 9, 'components': [{'name': 'positive net income', 'passed': True}, {'name': 'positive operating cash flow', 'passed': True}, {'name': 'ROA improving', 'passed': True}, {'name': 'OCF > net income', 'passed': True}, {'name': 'leverage declining', 'passed': False}, {'name': 'current ratio improving', 'passed': False}, {'name': 'no share dilution', 'passed': True}, {'name': 'gross margin improving', 'passed': True}, {'name': 'asset turnover improving', 'passed': True}]}"
WDAY,composite_value,Composite Value,True,0.6748,"['top-tier on price_to_book (percentile 79%)', 'top-tier on fcf_yield (percentile 95%)']",['missing dividend_yield'],
WDAY,earnings_quality,Earnings Quality,True,1.0,"['FCF/NI=4.50', 'OCF/NI=4.24', 'ratio=-12.43%']",[],
WDAY,financial_health,Financial Health,True,1.0,"['D/E=57%', 'leverage=21.1%', 'CR=1.32', 'ratio=-0.4', 'coverage=9.0x']",[],
XEL,graham_defensive,Graham Defensive,False,0.25,['Dividend payer: yield=299.00%'],"['P/E >= 15', 'valuation too rich on P/B or P/E×P/B', 'current ratio < 2']",
XEL,graham_enterprising,Graham Enterprising,True,0.8,"['P/E < 25: P/E=21.7', 'P/B < 3: P/B=2.08', 'ROE > 8%: ROE=9.9%', 'Positive earnings growth: growth=24.0%']",['excessive leverage'],
XEL,graham_net_net,Graham Net-Net,False,0.0,[],['missing NCAV (balance sheet data)'],
XEL,schloss,Schloss Low P/B,False,0.0,[],"['P/B too high', 'too much leverage']",
XEL,deep_value,Deep Value,False,0.0,[],"['P/B not below 1.0', 'EV/EBITDA not below 8']",
XEL,earnings_yield,Earnings Yield,False,0.3842,['E/P=4.6% (P/E=21.7)'],['earnings yield 4.6% below 8%'],
XEL,fcf_yield,FCF Yield,False,0.0,['FCF yield=-16.0%'],['FCF yield -16.0% below 5%'],
XEL,low_pe_high_yield,Low P/E + High Yield,False,0.5,['yield=299.0%'],['P/E not below 12.0'],
XEL,lynch_peg,Lynch PEG,True,0.0962,"['PEG=0.90', 'growth=24.0%']",[],
XEL,neff_pegy,Neff PEGY,True,0.9328,"['PEGY=0.07', 'growth=24.0%', 'yield=299.0%']",[],
XEL,quality_value,Quality Value,False,0.2,['Profit margin >= 5%: margin=15.3%'],"['ROE below 12%', 'high leverage', 'P/E >= 20', 'FCF yield below 3%']",
XEL,buffett_quality,Buffett Quality,False,0.5,"['margin >= 8%: margin=15.3%', 'P/E < 25.0: P/E=21.7']","['ROE too low', 'too much debt']",
XEL,economic_moat,Economic Moat,False,0.25,['wide margin=15.3%'],"['ROE below 18%', 'ROA below 8%', 'leverage too high']",
XEL,high_dividend,High Dividend Yield,True,0.8689,"['yield=299.0%', 'universe rank 87%']",[],
XEL,dividend_growth,Dividend Growth,True,1.0,"['dividend payer: yield=299.0%', 'earnings growth: growth=24.0%', 'reasonable P/E: P/E=21.7']",[],
XEL,magic_formula,Magic Formula,False,0.3592,['earnings yield rank 59%'],['below top half on combined Magic Formula rank'],
XEL,acquirers_multiple,Acquirer's Multiple,False,0.4854,"['EV/EBIT=30.9', 'universe rank 49%']","['EV/EBIT 30.9 above 12.0', 'not in top 40% cheapest on EV/EBIT']",
XEL,dreman_contrarian,Dreman Contrarian,True,0.8438,"['low P/E rank 78%', 'low P/B rank 88%', 'dividend rank 87%']",[],
XEL,piotroski_f,Piotroski F-Score,False,0.6667,"['F-Score=6/9', 'positive net income', 'positive operating cash flow', 'OCF > net income', 'leverage declining', 'current ratio improving', 'gross margin improving']","['F-Score 6/9 below 7', 'ROA improving', 'no share dilution', 'asset turnover improving']","{'f_score': 6, 'max_score': 9, 'components': [{'name': 'positive net income', 'passed': True}, {'name': 'positive operating cash flow', 'passed': True}, {'name': 'ROA improving', 'passed': False}, {'name': 'OCF > net income', 'passed': True}, {'name': 'leverage declining', 'passed': True}, {'name': 'current ratio improving', 'passed': True}, {'name': 'no share dilution', 'passed': False}, {'name': 'gross margin improving', 'passed': True}, {'name': 'asset turnover improving', 'passed': False}]}"
XEL,composite_value,Composite Value,False,0.4625,"['top-tier on trailing_pe (percentile 75%)', 'top-tier on price_to_book (percentile 75%)']",[],
XEL,earnings_quality,Earnings Quality,False,0.6667,"['OCF/NI=2.02', 'ratio=-2.54%']",['weak free-cash conversion'],
XEL,financial_health,Financial Health,False,0.2,['leverage=42.7%'],"['high debt to equity', 'weak liquidity', 'high net debt/EBITDA', 'weak interest coverage']",
