ticker,name,sector,market_cap,trailing_pe,forward_pe,price_to_book,dividend_yield,current_ratio,debt_to_equity,return_on_equity,return_on_assets,profit_margins,revenue_growth,earnings_growth,free_cashflow,enterprise_value,ebitda,ebit,total_revenue,total_debt,total_cash,book_value,total_assets,total_current_assets,total_liabilities,total_current_liabilities,net_income,operating_cashflow,gross_margin,ncav,shares_outstanding,return_on_assets_prev,gross_margin_prev,current_ratio_bs,current_ratio_bs_prev,leverage,leverage_prev,asset_turnover,asset_turnover_prev,shares_outstanding_prev,interest_expense,last_price,errors,data_sources,fcf_yield,ev_ebitda,ev_ebit,earnings_yield_ebit,earnings_yield_pe,ncav_to_market,roic_proxy,data_quality_score,metrics_present,metrics_total,sector_composite_score,models_passed,model_count,mean_model_score,weighted_model_score,weighted_pass_score,min_model_score,max_model_score,pass_rate,weight_sum,families_passed,family_count,passed_families,family_mean_score,risk_family_passed,risk_mean_score,composite_score,signal,signal_rank,weeks_at_signal,signal_trend,conviction_score,stability_label,signal_since,timing_signal,timing_score,rsi_14
FIS,"Fidelity National Information Services, Inc.",Technology,19864991744.0,5.84522,5.748421,1.2393425,4.62,0.535,132.51,0.22348,0.0114070711896798,0.27648002,0.291,,2653125120.0,40379990016.0,3524000000.0,1759000000.0,10677000000.0,21255999488.0,744000000.0,31.081,33488000000.0,4488000000.0,,7616000000.0,382000000.0,2816000000.0,0.3686428772127001,,514000000.0,0.0429197253137579,0.375629505282907,0.5892857142857143,0.8510009845749918,0.398082895365504,0.3416114136869524,0.3188306258958432,0.299757281553398,531000000.0,391000000.0,38.52,[],{},0.1335578264612844,11.458566973893303,22.956219451961346,0.043561179666043,0.1710799593514016,,0.0679885590599876,1.0,20,20,0.9148162042382914,10.0,22.0,0.5773136363636363,0.5773136363636363,0.4545454545454545,0.0,1.0,0.4545454545454545,22.0,4,5,"cheapness,quality,dividend,risk",0.54811,True,0.7,0.9635,strong_buy,4,13,stable,0.7513,persistent,2026-07-25,neutral,0.5,37.213064439777504
HPQ,HP Inc.,Technology,29515618304.0,12.350943,10.43031,-320.88235,3.7,0.788,,,0.0605472958414134,0.04143,0.125,-0.113,3389874944.0,35685617664.0,4636000256.0,3624000000.0,55295000000.0,10339000320.0,4168999936.0,-0.102,41769000000.0,22453000000.0,,29258000000.0,2529000000.0,3697000000.0,0.2060222443258884,,921149000.0,0.0695331880027061,0.2206538583618066,0.7674140406042792,0.7236727437515251,0.260528142881084,0.273096294069007,1.3238286767698533,1.3420281139592574,938989000.0,555000000.0,32.73,[],{},0.1148502094411689,7.697501228093116,9.847024741721857,0.101553517557745,0.0809654776967232,,0.2896650947166493,0.9,18,20,0.965673319379812,11.0,22.0,0.6404863636363637,0.6404863636363637,0.5,0.0,1.0,0.5,22.0,4,5,"cheapness,dividend,garp,risk",0.6340683333333332,True,0.8,0.9633,strong_buy,4,13,stable,0.6944,persistent,2026-07-25,neutral,0.5,64.19224104838271
IT,"Gartner, Inc.",Technology,10774477824.0,15.26118,10.42993,-65.67359,,0.88,,1.13581,0.0901910851658545,0.11996,-0.006,0.331,1052553024.0,12615268352.0,1383901056.0,1175711000.0,6497226000.0,3329496064.0,1488706048.0,-2.598,8085400000.0,4066337000.0,,4072092000.0,729231000.0,1290365000.0,0.6839304958762401,,70849298.0,0.1468966993572452,0.677215679648263,0.9985867215180796,1.0573227721934102,0.4140735152249734,0.3397911882016307,0.8035750859574047,0.7343471119156204,77379853.0,125277000.0,170.62,[],{},0.097689469614523,9.115729984673123,10.729905862920395,0.0931974625663516,0.0655257326104534,,0.2929530950527594,0.9,18,20,0.92632923005792,10.0,22.0,0.5779363636363636,0.5779363636363636,0.4545454545454545,0.0,1.0,0.4545454545454545,22.0,4,5,"cheapness,quality,garp,risk",0.5362666666666667,True,0.8,0.9314,strong_buy,4,8,stable,0.6688,persistent,2026-07-26,neutral,0.5,42.61596006103178
CMCSA,Comcast Corporation,Communication Services,89319186432.0,7.890282,6.9430075,0.9944293,5.37,0.796,100.474,0.114879996,0.073351893218306,0.08966,-0.012,-0.668,12697624576.0,172231180288.0,34072999936.0,20670000000.0,123707000000.0,90381000704.0,7661000192.0,25.311,272631000000.0,29567000000.0,,33524000000.0,19998000000.0,33643000000.0,0.7174695045551182,,3604212627.0,0.0608239328953349,0.7007540551680662,0.8819651592888677,0.6771178090497966,0.362897102677245,0.3722348062251372,0.4537525079686462,0.4647854521413465,3787746392.0,4409000000.0,25.17,[],{},0.1421601011297487,5.054770070481181,8.332422848959846,0.1200131124076153,0.1267381824882811,,0.0864466535902336,1.0,20,20,0.855,13.0,22.0,0.7136636363636364,0.7136636363636364,0.5909090909090909,0.0,1.0,0.5909090909090909,22.0,5,5,"cheapness,quality,dividend,garp,risk",0.6954983333333333,True,0.8,0.9108,strong_buy,4,8,stable,0.8829,persistent,2026-07-26,neutral,0.5,44.497333010323175
CTSH,Cognizant Technology Solutions Corporation,Technology,26269906944.0,12.488222,9.227614,1.8227278,2.27,2.182,14.479,0.14924,0.107771119273149,0.10258,0.045,0.038,2215500032.0,27312906240.0,4036000000.0,3327000000.0,21108000000.0,2094000000.0,1051000000.0,31.996,20692000000.0,7818000000.0,,3659000000.0,2230000000.0,2883000000.0,0.337170740951298,,479000000.0,0.112190724231193,0.3434333198216457,2.1366493577480186,2.093165969316597,0.0556736903150976,0.0741260142241811,1.0201043881693408,0.9884804167084044,495000000.0,37000000.0,58.32,[],{},0.0843360441558783,6.767320673934589,8.209469864743012,0.1218105451966725,0.0800754502922834,,0.1953267187224799,1.0,20,20,0.8481078439402241,13.0,22.0,0.7170681818181819,0.7170681818181819,0.5909090909090909,0.0,1.0,0.5909090909090909,22.0,5,5,"cheapness,quality,dividend,garp,risk",0.7417683333333333,True,1.0,0.9098,strong_buy,4,20,stable,0.879,persistent,2026-07-16,neutral,0.5,47.24763708493325
FSLR,"First Solar, Inc.",Technology,22264516608.0,12.517825,8.9410715,2.1573243,,2.518,1.88,0.18509,0.1147206243229832,0.32465,-0.037,0.233,1598684800.0,20731561984.0,2385900032.0,1596864000.0,5219376000.0,194010000.0,1726963968.0,96.031,13321310000.0,6028832000.0,,2254102000.0,1528229000.0,2057105000.0,0.4062437732020073,,107309794.0,0.1065659460321249,0.4416871974322259,2.674604787183544,2.449663095287377,0.0491944861278658,0.0592857635961185,0.3918065115217647,0.3469287164907083,107060281.0,44131000.0,207.17,[],{},0.0718041549316892,8.689199759397129,12.98267227766422,0.0770257446704889,0.0798860824464313,,0.1442878818216844,0.95,19,20,0.8356953443434885,12.0,22.0,0.6204,0.6204,0.5454545454545454,0.0,1.0,0.5454545454545454,22.0,4,5,"cheapness,quality,garp,risk",0.6179016666666667,True,1.0,0.9039,strong_buy,4,7,stable,0.661,persistent,2026-08-02,neutral,0.625,45.56599181775065
MO,"Altria Group, Inc.",Consumer Defensive,114861678592.0,14.271784,11.730841,-43.047558,6.54,0.518,,,0.1983893537424679,0.38999,0.012,-0.027,9014625280.0,137121685504.0,15735000064.0,12035000000.0,20139000000.0,24576999424.0,2367000064.0,-1.598,35017000000.0,5932000000.0,,9154000000.0,6947000000.0,9290000000.0,0.7220815333432643,,1674318297.0,0.3202092276203201,0.7027489728037566,0.6480227223071882,0.513950575105341,0.7341862523916954,0.7085879978394974,0.5751206556815261,0.5811751997043523,1690651867.0,1177000000.0,68.79,[],{},0.0784824441929047,8.714438191692148,11.39357586240133,0.0877687577698928,0.0700683250250984,,0.4653365812164095,0.9,18,20,0.9033887259693713,9.0,22.0,0.644090909090909,0.644090909090909,0.4090909090909091,0.0,1.0,0.4090909090909091,22.0,4,5,"cheapness,dividend,garp,risk",0.6646316666666666,True,0.7,0.9038,strong_buy,4,13,stable,0.6506,persistent,2026-07-25,neutral,0.5,51.729012579453034
ACN,Accenture plc,Technology,108870615040.0,14.041831,12.139751,3.4134035,3.71,1.339,25.035,0.24406,0.1174163941262878,0.10656,0.056,0.09,12089380864.0,108704972800.0,12943767552.0,10840988000.0,69672977000.0,8388769792.0,10171567104.0,52.121,65394897000.0,28900689000.0,,20352097000.0,7678433000.0,11474399000.0,0.319139528084181,,621855922.0,0.1298852151124028,0.3260935295334426,1.4200349477501015,1.099159011741437,0.1251300388163315,0.0736702112871576,1.0654191717742134,1.1602668029598535,625280287.0,228555000.0,177.91,[],{},0.1110435617504159,8.398248219715866,10.027220102079257,0.0997285379018097,0.0712157837535575,,0.2406819291873507,1.0,20,20,0.8593143755788002,13.0,22.0,0.6999454545454546,0.6999454545454546,0.5909090909090909,0.0,1.0,0.5909090909090909,22.0,5,5,"cheapness,quality,dividend,garp,risk",0.7666000000000001,True,1.0,0.9021,strong_buy,4,23,stable,0.8807,persistent,2026-07-16,neutral,0.5,49.5302680099552
DVA,DaVita Inc.,Healthcare,11568854016.0,15.498291,10.511653,-15.157569,,1.467,1241.986,0.88475,0.0427230320095939,0.060489997,0.052,0.558,1042460032.0,26130984960.0,2826204928.0,2010615000.0,13643069000.0,13406474240.0,688876992.0,-11.963,17480103000.0,4058003000.0,,3141634000.0,746803000.0,1886500000.0,0.3224782488456226,,68549000.0,0.0541699440240093,0.3290556394380264,1.2916854732282628,1.2598572009914542,0.7365134518944196,0.6980994451460053,0.7804913392100722,0.7414145965223102,80536000.0,579926000.0,181.33,[],{},0.090109187181224,9.245962563122388,12.99651348468006,0.07694371272563,0.064523243240174,,0.1402252220930979,0.95,19,20,0.9043769676536306,8.0,22.0,0.5375681818181819,0.5375681818181819,0.3636363636363636,0.0,1.0,0.3636363636363636,22.0,4,5,"cheapness,quality,garp,risk",0.5034150000000001,True,0.7,0.8992,strong_buy,4,6,stable,0.6854,persistent,2026-08-16,neutral,0.625,42.38933549854074
MAS,Masco Corporation,Industrials,13337757696.0,15.990543,14.514616,-36.54241,1.84,1.865,,58.625,0.1557392809075178,0.11614,-0.029,0.245,897124992.0,16529758208.0,1508000000.0,1253000000.0,7562000000.0,3492999936.0,548000000.0,-1.851,5201000000.0,2840000000.0,,1573000000.0,810000000.0,1022000000.0,0.3542713567839196,,204300000.0,0.1638755980861244,0.3616504854368932,1.8054672600127144,1.75,0.6181503557008268,0.6407496012759171,1.4539511632378388,1.5606060606060606,212500000.0,101000000.0,67.64,[],{},0.0672620550206162,10.961378122015915,13.192145417398244,0.0758026816988513,0.0625369632538432,,0.3453693495038589,0.95,19,20,0.9114437558320254,11.0,22.0,0.6558818181818181,0.6558818181818181,0.5,0.0,1.0,0.5,22.0,5,5,"cheapness,quality,dividend,garp,risk",0.6948466666666666,True,0.8,0.893,strong_buy,4,8,stable,0.8571,persistent,2026-07-26,neutral,0.5,33.977672230828176
SWK,"Stanley Black & Decker, Inc.",Industrials,13475215360.0,22.4196,13.978926,1.5040877,3.66,1.432,58.172,0.06886,0.0189185499701087,0.040689997,0.004,2.478,1419049984.0,18094315520.0,1791000064.0,1255400000.0,15130400000.0,5211500032.0,592400000.0,59.325,21243700000.0,5979000000.0,,5245700000.0,401900000.0,971200000.0,0.3032504097710569,,155036411.0,0.0134697856642668,0.2937972236865225,1.1397906857044815,1.2970977648518376,0.2822860424502323,0.2851219054506176,0.7122299787701766,0.7032711028930518,154372933.0,516300000.0,89.23,[],{},0.1053081487819724,10.102911710448716,14.413187446232277,0.0693809057663652,0.0446038287926635,,0.0784723090386298,1.0,20,20,0.8028812818695686,10.0,22.0,0.5991136363636363,0.5991136363636363,0.4545454545454545,0.0,1.0,0.4545454545454545,22.0,5,5,"cheapness,quality,dividend,garp,risk",0.7374133333333333,True,0.9,0.8918,strong_buy,4,13,stable,0.8473,persistent,2026-07-25,neutral,0.5,34.76838752733357
LULU,lululemon athletica inc.,Consumer Cyclical,10725586944.0,8.210169,10.692578,2.258275,,2.19,44.689,0.30898002,0.1867365485743151,0.12782,-0.043,-0.059,1148515840.0,11476977664.0,2383926016.0,2210615000.0,11102600000.0,2141127040.0,1389736960.0,42.9,8456743000.0,4262701000.0,,1887548000.0,1579183000.0,1602477000.0,0.566005440167168,,116495961.0,0.2386618848782869,0.5922493744407651,2.258327205453848,2.1636426890189875,0.2126635514405487,0.2072511485814302,1.3128695054348938,1.3925712704444335,121281961.0,,96.88,[],{},0.1070818637708672,4.814317888630316,5.191757797716925,0.1926129913918076,0.1218001724446841,,0.3365123123913965,0.95,19,20,0.8319400111465775,12.0,22.0,0.6711136363636364,0.6711136363636364,0.5454545454545454,0.0,1.0,0.5454545454545454,22.0,3,5,"cheapness,quality,risk",0.5757033333333333,True,1.0,0.89,strong_buy,4,20,stable,0.4908,persistent,2026-07-16,neutral,0.5,30.973895503455907
ACGL,Arch Capital Group Ltd.,Financial Services,32826241024.0,7.521501,9.859275,1.4081208,,0.589,17.836,0.19936001,0.0555141908860312,0.24396999,-0.105,-0.071,4302125056.0,33342554112.0,5565000192.0,5127000000.0,19300000000.0,4286000128.0,4464000000.0,68.318,79241000000.0,,,,4399000000.0,6172000000.0,,,359000000.0,0.0608129072292894,,,,0.0344392423114296,0.0384734719205709,0.2435607829280296,0.2387668180407864,376400000.0,148000000.0,96.2,[],{},0.1310574991773995,5.991474027248335,6.50332633352838,0.153767464327359,0.1329521860064899,,,0.9,18,20,0.8538406155300993,10.0,22.0,0.6052909090909092,0.6052909090909092,0.4545454545454545,0.0,1.0,0.4545454545454545,22.0,3,5,"cheapness,quality,risk",0.5302716666666667,True,0.9,0.8819,strong_buy,4,13,stable,0.4686,persistent,2026-07-25,neutral,0.5,40.47694448148227
ZTS,Zoetis Inc.,Healthcare,30107473920.0,11.963875,11.155274,,2.89,3.084,293.996,0.64911,0.1728195513027736,0.27685,-0.002,0.012,2016999936.0,37686472704.0,4065999872.0,3597000000.0,9467000000.0,9255000064.0,1676000000.0,,15467000000.0,6768000000.0,,2235000000.0,2673000000.0,2904000000.0,0.7183901975282561,,424927535.0,0.1746154386457821,0.7062445980985307,3.0281879194630874,1.754396248534584,0.5972716105256353,0.4736953009763293,0.6120773259197,0.6501369670576667,448473073.0,222000000.0,72.86,[],{},0.0669933300070097,9.268685167336868,10.477195636363636,0.0954453877456729,0.0835849588866483,,0.2718409915356711,0.9,18,20,0.8823107012681475,13.0,22.0,0.6417318181818182,0.6417318181818182,0.5909090909090909,0.0,1.0,0.5909090909090909,22.0,5,5,"cheapness,quality,dividend,garp,risk",0.6638333333333334,True,0.8,0.8784,strong_buy,4,8,stable,0.7923,persistent,2026-07-26,neutral,0.5,40.77494526347034
OTIS,Otis Worldwide Corporation,Industrials,25843642368.0,17.818897,14.9401865,-4.496324,2.54,0.831,,,0.1299164554585562,0.10167,0.073,0.13,1436249984.0,34170642432.0,2640000000.0,2219000000.0,14431000000.0,8846000128.0,813000000.0,-15.099,10653000000.0,6501000000.0,,7656000000.0,1384000000.0,1596000000.0,0.3028203173723234,,389800000.0,0.1453693884764934,0.2985064160998527,0.8491379310344828,0.9898051361465996,0.79892987890735,0.7725344644750796,1.3546418849150474,1.2602509720749382,397600000.0,,67.89,[],{},0.0555745960088964,12.943425163636364,15.399117815232088,0.064938784935514,0.0561201964408908,,0.740407073740407,0.9,18,20,0.8674045956231818,7.0,22.0,0.586759090909091,0.586759090909091,0.3181818181818182,0.0,1.0,0.3181818181818182,22.0,4,5,"cheapness,dividend,garp,risk",0.6152183333333333,True,0.7,0.8643,strong_buy,4,13,stable,0.6234,persistent,2026-07-25,neutral,0.5,32.94033191298084
EG,"Everest Group, Ltd.",Financial Services,14226305024.0,7.7767763,6.209503,0.93058074,2.17,0.388,23.26,0.12572,0.0254502991329942,0.11376,-0.113,-0.115,2064625024.0,14195304448.0,,2038000000.0,17218000000.0,3588999936.0,3620000000.0,398.708,62514000000.0,,,,1591000000.0,3068000000.0,,,40700000.0,0.024369464510747,,,,0.0574111399046613,0.0636658916242168,0.2754263045077902,0.3030830123710974,42978585.0,151000000.0,371.03,[],{},0.1451272850200347,,6.965311309126594,0.1435686009740451,0.1285879857441701,,,0.9,18,20,0.8161969223350298,12.0,22.0,0.7073727272727273,0.7073727272727273,0.5454545454545454,0.0,1.0,0.5454545454545454,22.0,5,5,"cheapness,quality,dividend,garp,risk",0.6979016666666666,True,0.9,0.8633,strong_buy,4,13,stable,0.7558,persistent,2026-07-25,neutral,0.375,49.34914683840078
PNR,Pentair plc,Industrials,9054107648.0,14.812011,10.975786,2.4154816,1.84,1.451,47.067,0.17126,0.0951840204984859,0.16237,-0.17,-0.111,558312512.0,10729160704.0,1034800000.0,930900000.0,4176000000.0,1764700032.0,91800000.0,23.486,6868800000.0,1541800000.0,,959300000.0,653800000.0,814800000.0,0.4047653256704981,,163235706.0,0.0970138835026758,0.3915940041148231,1.6072135932450746,1.604401742822031,0.2570900302818542,0.2741177383076087,0.6079664570230608,0.6333359187155821,164817183.0,69400000.0,56.73,[],{},0.0616640019873552,10.368342388867411,11.525578154474164,0.0867635433639227,0.0675127772994497,,0.1575260174295625,1.0,20,20,0.8098833479630377,14.0,22.0,0.6552636363636363,0.6552636363636363,0.6363636363636364,0.0,1.0,0.6363636363636364,22.0,5,5,"cheapness,quality,dividend,garp,risk",0.71419,True,1.0,0.8577,strong_buy,4,20,stable,0.8338,persistent,2026-07-16,neutral,0.625,26.052891368877454
CI,The Cigna Group,Healthcare,74227793920.0,11.507989,8.388601,1.7380571,2.24,0.846,74.29,0.16758,0.0377218700726321,0.022720002,0.067,0.102,7980125184.0,99138797568.0,12757999616.0,8154000000.0,273854000000.0,31878000640.0,7256999936.0,161.623,157919000000.0,47814000000.0,,56342000000.0,5957000000.0,9601000000.0,0.0895148509789888,,263464000.0,0.0220296251627844,0.1015283487982839,0.8486386709736964,0.8428913917107919,0.1992350508805146,0.2051051763845497,1.7341421868172924,1.5790763467003677,273789000.0,1408000000.0,280.91,[],{},0.1075085862392823,7.770716456494366,12.158302375275936,0.0822483245714889,0.0868961553578127,,0.0802740777932012,1.0,20,20,0.8380855280650228,12.0,22.0,0.6613363636363636,0.6613363636363636,0.5454545454545454,0.0,1.0,0.5454545454545454,22.0,5,5,"cheapness,quality,dividend,garp,risk",0.6765033333333335,True,0.9,0.8552,strong_buy,4,13,stable,0.8466,persistent,2026-07-25,neutral,0.625,51.82171441155324
PTC,PTC Inc.,Technology,13966383104.0,12.496601,14.447375,4.1071825,,1.025,46.335,0.35053003,0.1109230650193164,0.41429,-0.068,-0.12,1031425152.0,15222623232.0,1275965952.0,998028000.0,2739226000.0,1607693952.0,351454016.0,31.339,6617172000.0,1383367000.0,,1237404000.0,733997000.0,867696000.0,0.8375515565345831,,119536000.0,0.0589536342049601,0.8064731700016359,1.1179590497525465,0.7789769990636957,0.2070169855037771,0.3023910549973667,0.4139572010520506,0.3600621723801613,120155000.0,77019000.0,128.715,[],{},0.0738505556033757,11.930273851069028,15.252701559475286,0.0655621560613817,0.0800217595168478,,0.1855150631030929,0.95,19,20,0.8283002987061215,10.0,22.0,0.5603136363636364,0.5603136363636364,0.4545454545454545,0.0,1.0,0.4545454545454545,22.0,3,5,"cheapness,quality,risk",0.54989,True,1.0,0.8545,strong_buy,4,20,stable,0.4796,persistent,2026-07-16,neutral,0.5,32.84612957253776
FDX,FedEx Corporation,Industrials,73793839104.0,16.664885,14.947618,2.3645751,1.58,1.475,135.697,0.14846,0.044806290871969,0.0468,0.125,-0.043,5656625152.0,103159013376.0,11843999744.0,6623000000.0,94720000000.0,42944000000.0,13550999552.0,131.863,98937000000.0,27903000000.0,,18912000000.0,4433000000.0,8925000000.0,0.2177153716216216,,240000000.0,0.0466979355678044,0.2160339376293701,1.4754124365482233,1.193043929660632,0.43404388651364,0.4269916806463761,0.95737691662371,1.0034121903066406,238000000.0,970000000.0,311.8,[],{},0.0766544364771148,8.709812192309348,15.57587398097539,0.064201854818639,0.0600064146857299,,0.0827616369884411,1.0,20,20,0.7953031538670844,7.0,22.0,0.4933272727272728,0.4933272727272728,0.3181818181818182,0.0,1.0,0.3181818181818182,22.0,4,5,"cheapness,dividend,garp,risk",0.5632433333333333,True,0.9,0.8468,strong_buy,4,2,stable,0.4926,building,2026-09-09,neutral,0.5,40.55499208272389
PRU,"Prudential Financial, Inc.",Financial Services,40875601920.0,10.664267,7.9759054,1.2952739,4.76,0.777,163.891,0.12011,0.0046217075503399,0.06007,0.141,0.892,7527750144.0,61434601472.0,5206000128.0,,60967000000.0,56684998656.0,39136002048.0,91.471,773740000000.0,,,,3576000000.0,6271000000.0,,,347943691.0,0.0037072433308364,,,,0.0296714658670871,0.0293235198555711,0.0787952025228112,0.0960797295221367,354567002.0,,118.48,[],{},0.1841624291853363,11.800729919613248,,,0.0937710955661556,,,0.9,18,20,0.7955458863387252,12.0,22.0,0.5952318181818183,0.5952318181818183,0.5454545454545454,0.0,1.0,0.5454545454545454,22.0,5,5,"cheapness,quality,dividend,garp,risk",0.7217383333333334,True,0.8,0.8415,strong_buy,4,13,stable,0.7367,persistent,2026-07-25,neutral,0.375,47.11907208319893
AOS,A. O. Smith Corporation,Industrials,7707375104.0,16.110796,13.863525,4.1846223,2.49,1.594,36.766,0.27133,0.1737940689830724,0.13149,-0.007,-0.15,484612512.0,8203275264.0,783699968.0,728000000.0,3830200000.0,677200000.0,181300000.0,13.552,3142800000.0,1291500000.0,,862500000.0,546200000.0,616800000.0,0.3883348128035089,,138542508.0,0.1646913580246913,0.3813676959744375,1.4973913043478262,1.5524966562639322,0.0611238386152475,0.0668827160493827,1.2187221585847017,1.178425925925926,144319615.0,13500000.0,56.71,[],{},0.0628764664312878,10.467367103427009,11.268235252747251,0.0887450410441328,0.0620701795243388,,0.31925623821427,1.0,20,20,0.8037685683232823,13.0,22.0,0.6615454545454545,0.6615454545454545,0.5909090909090909,0.0,1.0,0.5909090909090909,22.0,5,5,"cheapness,quality,dividend,garp,risk",0.74273,True,1.0,0.8334,strong_buy,4,23,stable,0.8186,persistent,2026-07-16,neutral,0.5,34.94448396588585
EXE,Expand Energy Corporation,Energy,22425772032.0,8.329321,11.120793,1.1695745,2.38,0.959,19.207,0.14893,0.0643051578463605,0.2197,-0.106,-0.455,1466249984.0,25490771968.0,6720999936.0,2771000000.0,12189000000.0,3728000000.0,663000000.0,82.825,28287000000.0,2916000000.0,,2901000000.0,1819000000.0,4575000000.0,0.5084912626138322,,239249874.0,-0.0255969025596902,0.2703150912106136,1.0051706308169597,0.6394492475184118,0.1788807579453459,0.206173370617337,0.4309046558489766,0.1513228651322865,231769886.0,235000000.0,96.87,[],{},0.0653823637334654,3.792705283549046,9.199123770479972,0.1087060055881631,0.1200578054321594,,0.1091546521704876,1.0,20,20,0.7976190476190476,14.0,22.0,0.7434090909090909,0.7434090909090909,0.6363636363636364,0.0,1.0,0.6363636363636364,22.0,5,5,"cheapness,quality,dividend,garp,risk",0.7301133333333334,True,0.9,0.831,strong_buy,4,13,stable,0.8143,persistent,2026-07-25,neutral,0.375,53.40418196544822
UPS,"United Parcel Service, Inc.",Industrials,85052637184.0,18.444649,12.38034,5.6464276,6.61,1.179,189.9,0.29602,0.0762347790395402,0.050819997,0.076,-0.53,5593999872.0,109104635904.0,12083999744.0,7867000000.0,88661000000.0,28672999424.0,4653000192.0,17.705,73090000000.0,19045000000.0,,15620000000.0,5572000000.0,8450000000.0,0.1808010286371685,,848900000.0,0.0825174825174825,0.179598111342923,1.219270166453265,1.174502767471565,0.3911615816117116,0.3660910518053375,1.213038719387057,1.2997002997002998,853900000.0,1017000000.0,99.97,[],{},0.0657710337646336,9.02885122603326,13.868645723147324,0.072105093746173,0.0542162661918912,,0.1368888115538541,1.0,20,20,0.7926432622140098,8.0,22.0,0.5506363636363637,0.5506363636363637,0.3636363636363636,0.0,1.0,0.3636363636363636,22.0,5,5,"cheapness,quality,dividend,garp,risk",0.66174,True,0.9,0.8278,strong_buy,4,13,stable,0.8102,persistent,2026-07-25,neutral,0.5,37.96984820498949
AIG,"American International Group, Inc.",Financial Services,39232675840.0,13.691606,8.539226,0.9695552,2.67,0.612,22.466,0.0722,0.0191995237327446,0.11089,0.005,-0.101,7365000192.0,37884674048.0,8145999872.0,4275000000.0,26774000000.0,9127000064.0,10494999552.0,77.386,161254000000.0,,,,3096000000.0,3314000000.0,,,538182168.0,-0.0087030907129839,,,,0.0569970357324469,0.0553055379923383,0.166036191350292,0.169040800386804,606159452.0,396000000.0,75.03,[],{},0.1877261755490802,4.650708893112047,8.861912058011695,0.1128424648601585,0.0730374508293621,,,0.95,19,20,0.7430108446540671,9.0,22.0,0.6678590909090909,0.6678590909090909,0.4090909090909091,0.0,1.0,0.4090909090909091,22.0,4,5,"cheapness,dividend,garp,risk",0.6822766666666666,True,0.9,0.8248,strong_buy,4,13,stable,0.5958,persistent,2026-07-25,neutral,0.5,40.53657862240593
LDOS,"Leidos Holdings, Inc.",Technology,16257515520.0,11.962143,10.160545,3.0767589,1.34,1.629,123.276,0.27781,0.1073149040243089,0.07803,0.072,-0.067,1146625024.0,22139514880.0,2382000128.0,2100000000.0,17174000000.0,6577999872.0,748000000.0,42.106,13493000000.0,4814000000.0,,2827000000.0,1448000000.0,1750000000.0,0.1804471876091766,,126380657.0,0.0963873943120676,0.1679270195654783,1.7028652281570569,1.2174157303370787,0.3879789520492107,0.4066871637202152,1.2728081227303043,1.280707148347425,131163899.0,203000000.0,129.55,[],{},0.0705289207683315,9.294506167213774,10.542626133333334,0.0948530268789701,0.0835970611620342,,0.196887305456591,1.0,20,20,0.7995717255533419,11.0,22.0,0.5942136363636364,0.5942136363636364,0.5,0.0,1.0,0.5,22.0,5,5,"cheapness,quality,dividend,garp,risk",0.6357583333333333,True,0.9,0.8203,strong_buy,4,13,stable,0.8099,persistent,2026-07-25,accumulate,0.75,44.5345743661809
SNA,Snap-on Incorporated,Industrials,19388876800.0,19.271463,17.566725,3.208996,2.59,3.433,21.595,0.17932,0.1208825172663837,0.19597,0.042,0.051,1109474944.0,19079677952.0,1415500032.0,1327700000.0,5156100000.0,1310000000.0,1644199936.0,116.806,8412300000.0,4402800000.0,,918500000.0,1016900000.0,1081700000.0,0.517290199957332,,51867055.0,0.1321927869516766,0.5196930545767755,4.793467610234077,4.149141965678627,0.1535727446714929,0.163711883294499,0.6129239328126672,0.6468949447877621,52381673.0,50500000.0,374.83,[],{},0.0572222390932929,13.479108103616063,14.370473715447767,0.0695871284274389,0.051890196400761,,0.1771731297872908,1.0,20,20,0.7769584575320945,10.0,22.0,0.6504500000000001,0.6504500000000001,0.4545454545454545,0.0,1.0,0.4545454545454545,22.0,5,5,"cheapness,quality,dividend,garp,risk",0.7359466666666666,True,1.0,0.8201,strong_buy,4,20,stable,0.7985,persistent,2026-07-16,neutral,0.625,29.18895619283586
APA,APA Corporation,Energy,15601153024.0,9.454352,10.231043,2.2240536,2.23,0.946,48.854,0.26659,0.080738697145431,0.19564,0.092,0.263,2146749952.0,19961153536.0,5720000000.0,2750000000.0,8920000000.0,3880999936.0,444000000.0,20.022,17761000000.0,2121000000.0,,2571000000.0,1434000000.0,4545000000.0,0.4056053811659192,,352964646.0,0.0414646725116039,0.44181986238061,0.8249708284714119,1.1519458544839256,0.2584313946286808,0.317792676637442,0.5022239738753449,0.5021660649819495,365397149.0,278000000.0,44.53,[],{},0.137602005999015,3.4897121566433564,7.258601285818182,0.1377675891846815,0.105771395014698,,0.1810401579986833,1.0,20,20,0.8166666666666667,16.0,22.0,0.8066636363636364,0.8066636363636364,0.7272727272727273,0.0,1.0,0.7272727272727273,22.0,5,5,"cheapness,quality,dividend,garp,risk",0.8366450000000001,True,0.9,0.8167,strong_buy,4,13,stable,0.8167,persistent,2026-07-25,wait,0.25,62.932639714930374
VZ,Verizon Communications Inc.,Communication Services,207614132224.0,12.945597,9.464589,1.9978411,5.69,0.604,184.081,0.15842,0.0424827709037297,0.11643,-0.007,-0.22,17466624000.0,400740122624.0,51081998336.0,29259000000.0,138191000000.0,193646002176.0,1796000000.0,25.012,404258000000.0,56922000000.0,,62370000000.0,17174000000.0,37137000000.0,0.5892279526163064,,4217175350.0,0.0455042876340941,0.5986512152417129,0.9126503126503126,0.6256349292121474,0.4493244413221259,0.4376194078152171,0.3418386278069945,0.3503617000813597,4209680158.0,6694000000.0,49.97,[],{},0.0841302266512128,7.84503613167339,13.69630276578147,0.0730124046686801,0.077246340976009,,0.0855806579932609,1.0,20,20,0.7733333333333334,10.0,22.0,0.5988045454545454,0.5988045454545454,0.4545454545454545,0.0,1.0,0.4545454545454545,22.0,5,5,"cheapness,quality,dividend,garp,risk",0.6577316666666666,True,0.8,0.8075,strong_buy,4,13,stable,0.7904,persistent,2026-07-25,neutral,0.375,59.295819737644074
DECK,Deckers Outdoor Corporation,Consumer Cyclical,10878205952.0,11.411428,9.5944805,4.7451587,,2.747,20.521,0.42558,0.2776942131616304,0.18361,0.057,0.011,871420352.0,9766513664.0,1326978944.0,1262903000.0,5472296000.0,472334016.0,1602589056.0,16.834,3687765000.0,2850420000.0,,804074000.0,1024071000.0,1181955000.0,0.5770385958654284,,139978000.0,0.2705946246931589,0.57879814955516,3.544972228924204,3.715187267595829,0.1017402139236095,0.0775785574799762,1.4839058345637537,1.3964314003605347,150201000.0,2530000.0,79.88,[],{},0.0801069915246259,7.359961292648816,7.733383849749347,0.1293095001397624,0.0876314515589109,,0.4379467148179191,0.95,19,20,0.7758573316028855,10.0,22.0,0.6233272727272728,0.6233272727272728,0.4545454545454545,0.0,1.0,0.4545454545454545,22.0,3,5,"cheapness,quality,risk",0.5452183333333334,True,1.0,0.8049,strong_buy,4,20,stable,0.4505,persistent,2026-07-16,neutral,0.625,29.529512200850277
CINF,Cincinnati Financial Corporation,Financial Services,26028341248.0,7.984463,18.778193,1.5604957,2.22,1.151,5.255,0.21484,0.0583630066826008,0.23843001,0.316,0.855,2984875008.0,25012340736.0,4365000192.0,3033000000.0,12631000000.0,876000000.0,1892000000.0,108.677,41002000000.0,,,,2393000000.0,3112000000.0,,,155418513.0,0.0627928001972548,,,,0.0216087020145358,0.0239719459740829,0.3080581435051949,0.3105942302950604,156315102.0,53000000.0,169.59,[],{},0.1146778805287623,5.730203811180038,8.246732850642928,0.121260142423801,0.1252432380236466,,,0.95,19,20,0.7957030203385702,14.0,22.0,0.7654272727272727,0.7654272727272727,0.6363636363636364,0.0,1.0,0.6363636363636364,22.0,5,5,"cheapness,quality,dividend,garp,risk",0.8287516666666667,True,0.9,0.8028,strong_buy,4,13,stable,0.7593,persistent,2026-07-25,neutral,0.625,42.86611445210694
ALL,The Allstate Corporation,Financial Services,63667101696.0,5.078459,9.120235,2.0176935,1.7,0.363,22.261,0.46113998,0.0858564772290786,0.18971,0.118,0.612,15158625280.0,67430105088.0,17116000256.0,13555000000.0,67069000000.0,7496999936.0,5714999808.0,124.791,119758000000.0,,,,10282000000.0,10110000000.0,,,260135910.0,0.0418126271087737,,,,0.0625427946358489,0.0724352025229131,0.5600377427812756,0.5690441420213767,264969685.0,399000000.0,251.79,[],{},0.2380919639216491,3.939594769774698,4.974555889929915,0.2010229701156475,0.1969101256897023,,,0.95,19,20,0.8225141163184642,14.0,22.0,0.7705272727272728,0.7705272727272728,0.6363636363636364,0.0,1.0,0.6363636363636364,22.0,5,5,"cheapness,quality,dividend,garp,risk",0.8302466666666668,True,0.9,0.8012,strong_buy,4,13,stable,0.7713,persistent,2026-07-25,neutral,0.5,43.872671082062325
ADBE,Adobe Inc.,Technology,98909929472.0,14.577036,9.048969,8.619877,,0.751,61.443,0.62953997,0.2417276918904258,0.28689,0.127,0.079,9218374656.0,100360921088.0,9729000448.0,8706000000.0,23769000000.0,7077000192.0,5625999872.0,28.867,29496000000.0,10163000000.0,,10200000000.0,7130000000.0,10031000000.0,0.8926753334174765,,413000000.0,0.1839232550446576,0.89035108114392,0.9963725490196078,1.067579127459367,0.2253864930838079,0.2003307972213033,0.8058380797396257,0.711379424412835,441000000.0,263000000.0,248.83,[],{},0.0931996889008963,10.315645643600654,11.527787857569493,0.0867469121010385,0.0686010516815627,,0.451181592039801,0.95,19,20,0.7820067277584614,9.0,22.0,0.5186636363636364,0.5186636363636364,0.4090909090909091,0.0,1.0,0.4090909090909091,22.0,3,5,"cheapness,quality,risk",0.504995,True,0.9,0.7892,strong_buy,4,13,stable,0.4478,persistent,2026-07-25,neutral,0.5,40.15496272949562
TROW,"T. Rowe Price Group, Inc.",Financial Services,22942121984.0,10.819921,10.424168,2.085151,4.83,4.039,3.702,0.19399999,0.1455256662343639,0.29262,0.107,0.286,2023912448.0,21328719872.0,2963800064.0,2477400000.0,7314800000.0,450600000.0,3234299904.0,51.579,14341800000.0,4309400000.0,,407600000.0,2087100000.0,1753400000.0,0.5127002788866408,,218565000.0,0.1558862826603325,0.5193554753580693,10.572620215897938,8.005447117566954,0.0311815811125521,0.0206873515439429,0.5100336080547769,0.5265439429928741,222966000.0,,107.55,[],{},0.0882181887713565,7.196409815584645,8.60931616694922,0.1161532438358989,0.0924221165755276,,0.1777927688708357,1.0,20,20,0.7473963142569281,17.0,22.0,0.8086590909090909,0.8086590909090909,0.7727272727272727,0.0,1.0,0.7727272727272727,22.0,5,5,"cheapness,quality,dividend,garp,risk",0.873705,True,1.0,0.7756,strong_buy,4,20,stable,0.7615,persistent,2026-07-16,neutral,0.5,35.40138597926102
INTU,Intuit Inc.,Technology,83583401984.0,19.082977,11.445754,4.4794054,1.76,1.507,43.892,0.23596,0.1241233077801337,0.21289,0.137,-0.008,6438624768.0,86209437696.0,6848999936.0,6177000000.0,21448000000.0,8336000000.0,7200000000.0,69.824,36786000000.0,15311000000.0,,10163000000.0,4566000000.0,8838000000.0,0.8017064528161134,,268384000.0,0.1046864007792629,0.7956560989857151,1.5065433435009348,1.3603664416586307,0.2289186103408905,0.1796363439580063,0.5830478986570978,0.5095243249093566,279129000.0,256000000.0,312.77,[],{},0.077032336745907,12.587157030453795,13.956522210781934,0.0716510879212776,0.0524027252142053,,0.232017428539233,1.0,20,20,0.7471516793515232,11.0,22.0,0.6402863636363635,0.6402863636363635,0.5,0.0,1.0,0.5,22.0,5,5,"cheapness,quality,dividend,garp,risk",0.7169516666666667,True,1.0,0.7732,strong_buy,4,20,stable,0.7602,persistent,2026-07-16,neutral,0.5,38.522479231862675
BBY,"Best Buy Co., Inc.",Consumer Cyclical,18474911744.0,14.63289,12.212316,5.822977,4.36,1.117,130.097,0.43126,0.072869802317655,0.03014,0.036,0.701,1403374976.0,20205912064.0,2617999872.0,1750000000.0,41691000000.0,4140999936.0,2409999872.0,15.128,14670000000.0,8504000000.0,,7679000000.0,1069000000.0,1962000000.0,0.2248207047084502,,209100000.0,0.0627114057637667,0.2259921017145058,1.1074358640447974,1.0259481037924152,0.2817314246762099,0.2741848193749154,2.841922290388548,2.8093627384657016,211400000.0,47000000.0,88.09,[],{},0.0759611193518024,7.718072212342721,11.546235465142855,0.0866083151533604,0.0683392002536751,,0.2503218423687598,1.0,20,20,0.7497424302656861,11.0,22.0,0.6462045454545456,0.6462045454545456,0.5,0.0,1.0,0.5,22.0,5,5,"cheapness,quality,dividend,garp,risk",0.7639766666666666,True,0.9,0.7713,strong_buy,4,13,stable,0.7605,persistent,2026-07-25,neutral,0.375,55.37192750938247
APTV,Aptiv PLC,Consumer Cyclical,9486766080.0,20.674208,6.9877663,1.08765,,2.018,64.938,0.05158,0.0070473668474778,0.010720001,0.023,-0.353,1615874944.0,14409766912.0,3232999936.0,2017000000.0,20398000000.0,5683999744.0,761000000.0,42.008,23413000000.0,8745000000.0,,5037000000.0,165000000.0,2185000000.0,0.1910971663888616,,212746899.0,0.0761787023616676,0.1882514077005022,1.7361524717093508,1.525238744884038,0.3457053773544612,0.3788899309404041,0.8712253876051766,0.8403529712677977,235035739.0,361000000.0,45.69,[],{},0.1703293757191491,4.457088523740695,7.144158112047595,0.1399745056472985,0.0483694466070961,,0.1097627340008707,0.95,19,20,0.6793955904763018,7.0,22.0,0.4901818181818181,0.4901818181818181,0.3181818181818182,0.0,1.0,0.3181818181818182,22.0,3,5,"cheapness,quality,risk",0.4421383333333333,True,1.0,0.7669,strong_buy,4,6,stable,0.4122,persistent,2026-08-16,accumulate,0.75,41.00235515531821
STZ,"Constellation Brands, Inc.",Consumer Defensive,21147285504.0,11.571028,9.991172,2.5714998,3.39,0.913,123.205,0.2369,0.0770165064724549,0.20143999,-0.033,0.307,2210487552.0,31872268288.0,3455800064.0,2863100000.0,9139000000.0,10533799936.0,96600000.0,48.147,21900500000.0,2906300000.0,,2689800000.0,1686700000.0,2669000000.0,0.5155378050114893,,172798369.0,-0.0037594158588233,0.5205951786221557,1.080489255706744,0.9209952418715304,0.5115225679779001,0.5594555774675207,0.4172964087577909,0.4714833989922549,178220194.0,361600000.0,123.81,[],{},0.1045281935396336,9.222833409843933,11.132083506688554,0.0898304436361049,0.0864227448071165,,0.1490367347363708,1.0,20,20,0.7545210166177908,16.0,22.0,0.6820909090909092,0.6820909090909092,0.7272727272727273,0.0,1.0,0.7272727272727273,22.0,5,5,"cheapness,quality,dividend,garp,risk",0.7603016666666667,True,0.8,0.7665,strong_buy,4,13,stable,0.7605,persistent,2026-07-25,neutral,0.625,36.2299162805245
BR,"Broadridge Financial Solutions, Inc.",Technology,19183028224.0,17.506765,14.533744,6.752017,2.59,1.236,123.939,0.40916002,0.1256861144958805,0.15037,0.075,0.084,1194499968.0,22299727872.0,1808999936.0,1300600000.0,7476800000.0,3520499968.0,403800000.0,24.917,8945300000.0,1748100000.0,,1414800000.0,1124300000.0,1345600000.0,0.3177963834795634,,114058297.0,0.0982445874780573,0.31017113991668,1.2355810008481765,0.9762531563960672,0.3932344359607839,0.4047981275599766,0.835835578460197,0.806214160327677,117200000.0,111800000.0,168.24,[],{},0.0622685821055902,12.327102631804626,17.145723413809012,0.0583235816807011,0.0571207758829229,,0.1727109753668415,1.0,20,20,0.7522988301407358,10.0,22.0,0.5842772727272727,0.5842772727272727,0.4545454545454545,0.0,1.0,0.4545454545454545,22.0,5,5,"cheapness,quality,dividend,garp,risk",0.6917516666666667,True,0.9,0.7664,strong_buy,4,13,stable,0.7593,persistent,2026-07-25,neutral,0.375,45.632402798411476
AMCR,Amcor plc,Consumer Cyclical,19880865792.0,18.143461,9.869924,1.684821,6.03,1.254,128.294,0.09396,0.0298153389944736,0.04705,0.259,,1504000000.0,33899665408.0,3536000000.0,2197000000.0,23506000000.0,15139999744.0,1115000064.0,25.522,37095000000.0,9326000000.0,,7435000000.0,1106000000.0,2151000000.0,0.1995235259082787,,461900000.0,0.0137862191766038,0.1888200413085482,1.2543375924680564,1.207098897953342,0.4007009030866693,0.4048993686936815,0.6336703059711551,0.4049263475961798,460971988.0,676000000.0,43.0,[],{},0.0756506288878628,9.5870094479638,15.42997970323168,0.0648088992489444,0.0551162757756086,,0.0740728253540121,1.0,20,20,0.6961082952362022,8.0,22.0,0.4784,0.4784,0.3636363636363636,0.0,1.0,0.3636363636363636,22.0,4,5,"cheapness,quality,dividend,risk",0.517655,True,0.9,0.7646,strong_buy,4,5,stable,0.5843,persistent,2026-09-04,neutral,0.5,36.4844444521993
GEN,Gen Digital Inc.,Technology,17936660480.0,17.42151,9.060562,6.758006,1.68,0.466,307.831,0.41944,0.0624158060170633,0.20732,0.063,0.64,1547124992.0,25579661312.0,2409999872.0,2155000000.0,5000000000.0,8176000000.0,533000000.0,4.434,15589000000.0,1081000000.0,,2710000000.0,973000000.0,1545000000.0,0.7846,,598000000.0,0.0414972571797353,0.8027954256670902,0.3988929889298893,0.5064889512451771,0.5298607992815447,0.5366247176508551,0.3207389826159471,0.2539528880283963,617000000.0,569000000.0,29.965,[],{},0.0862549075802097,10.61396791310701,11.869912441763342,0.0842466197544625,0.0574003057140282,,0.1673266557962574,1.0,20,20,0.7586214995942513,11.0,22.0,0.5949954545454545,0.5949954545454545,0.5,0.0,1.0,0.5,22.0,5,5,"cheapness,quality,dividend,garp,risk",0.7043583333333333,True,0.8,0.7644,strong_buy,4,8,stable,0.7615,persistent,2026-07-26,wait,0.25,55.854762979728456
BMY,Bristol-Myers Squibb Company,Healthcare,130223054848.0,14.198219,9.721396,5.8352404,3.91,1.532,201.859,0.46598998,0.0783446989049068,0.18871,0.057,1.531,8114375168.0,164209065984.0,18929999872.0,13724000000.0,48195000000.0,45053001728.0,11066999808.0,10.925,90038000000.0,29390000000.0,,23417000000.0,7054000000.0,14156000000.0,0.7108413735864716,,2035753027.0,-0.0966275390646091,0.710807453416149,1.2550711021907162,1.2526289223521494,0.5235456140740576,0.5528978542811788,0.5352739954241542,0.5215813742535339,2029000000.0,1891000000.0,63.75,[],{},0.0623113562914902,8.674541315073496,11.965102447099971,0.0835763842742837,0.0704313688921124,,0.2060011107608712,1.0,20,20,0.7564925201920647,13.0,22.0,0.6596227272727273,0.6596227272727273,0.5909090909090909,0.0,1.0,0.5909090909090909,22.0,5,5,"cheapness,quality,dividend,garp,risk",0.8052033333333334,True,0.9,0.7617,strong_buy,4,13,stable,0.7591,persistent,2026-07-25,neutral,0.625,42.89179325623988
CF,"CF Industries Holdings, Inc.",Basic Materials,20447295488.0,10.243366,13.033907,3.5633094,1.74,4.86,40.504,0.29867,0.1032793867120954,0.27122,0.176,0.996,1276749952.0,24752293888.0,3872999936.0,2375000000.0,7084000000.0,3612999936.0,2480000000.0,37.917,14088000000.0,2985000000.0,,887000000.0,1455000000.0,2752000000.0,0.3845285149632976,,153552162.0,0.0904500222783306,0.3463611859838275,3.3652762119503947,3.0806845965770173,0.2580919931856899,0.2410515372048121,0.502839295854628,0.4408139016783009,169882990.0,145000000.0,135.11,[],{},0.0624410183121426,6.390987424999534,10.422018479157895,0.0959507030235855,0.0976241598708861,,0.1799106128323611,1.0,20,20,0.7725,15.0,22.0,0.786159090909091,0.786159090909091,0.6818181818181818,0.0,1.0,0.6818181818181818,22.0,5,5,"cheapness,quality,dividend,garp,risk",0.8616466666666668,True,1.0,0.76,strong_buy,4,20,stable,0.7662,persistent,2026-07-16,neutral,0.375,60.49997494973327
CVS,CVS Health Corporation,Healthcare,121873088512.0,25.208996,11.193916,1.5279403,2.79,0.866,95.503,0.06205,0.0069733136650127,0.011849999,0.071,1.888,8076000256.0,184418091008.0,16679999488.0,10385000000.0,402067000000.0,76305997824.0,13957999616.0,62.365,253538000000.0,74714000000.0,,88692000000.0,1768000000.0,10639000000.0,0.1376934689989479,,1271000000.0,0.0182216693323855,0.1378748903594065,0.8423984124836513,0.811320308714203,0.3153373458810908,0.3274687518511937,1.585825398954003,1.4723021937878875,1260000000.0,3119000000.0,95.29,[],{},0.0662656567959612,11.056240807481732,17.758121425902743,0.0563122627679163,0.0396683787010002,,0.0629981922521626,1.0,20,20,0.7000671684123639,7.0,22.0,0.484631818181818,0.484631818181818,0.3181818181818182,0.0,1.0,0.3181818181818182,22.0,5,5,"cheapness,quality,dividend,garp,risk",0.6096416666666666,True,0.8,0.7565,strong_buy,4,6,stable,0.7283,persistent,2026-08-16,neutral,0.5,45.23263503702387
HIG,"The Hartford Insurance Group, Inc.",Financial Services,37055291392.0,9.434483,9.993499,1.9253775,1.76,1.772,22.33,0.22061001,0.0446062071932741,0.1489,0.081,0.361,5507500032.0,37782290432.0,5585999872.0,4959000000.0,28071000000.0,4384000000.0,3991000064.0,71.051,85997000000.0,,,,3836000000.0,5922000000.0,,,276923402.0,0.0384468035147126,,,,0.0508273544425968,0.0539565233510881,0.3264183634312825,0.3260625084963605,287556225.0,199000000.0,136.8,[],{},0.1486292463264513,6.763747099491519,7.618933339786247,0.1312519686683668,0.105994149334945,,,0.95,19,20,0.7589256651277113,15.0,22.0,0.7527545454545455,0.7527545454545455,0.6818181818181818,0.0,1.0,0.6818181818181818,22.0,5,5,"cheapness,quality,dividend,garp,risk",0.8075199999999999,True,0.9,0.753,strong_buy,4,13,stable,0.7182,persistent,2026-07-25,neutral,0.5,47.09505829007222
NXPI,NXP Semiconductors N.V.,Technology,57106358272.0,19.046677,12.51526,5.011729,1.82,2.04,93.325,0.27921,0.0760918674698795,0.22564,0.195,0.726,3555000064.0,65222361088.0,5068000256.0,3035000000.0,12269000000.0,10976000000.0,3222000128.0,45.187,26560000000.0,7940000000.0,,3881000000.0,2021000000.0,2820000000.0,0.5473958757844976,,252854704.0,0.1029321304080377,0.5643729189789123,2.045864467920639,2.357972885732731,0.4601656626506024,0.4451096985851958,0.4619352409638554,0.5172852163215091,254324627.0,466000000.0,226.465,[],{},0.0622522635232207,12.869447078417828,21.490069551235585,0.0465331206870153,0.0525025966471736,,0.1338242426914767,1.0,20,20,0.7315205979971053,9.0,22.0,0.575409090909091,0.575409090909091,0.4090909090909091,0.0,1.0,0.4090909090909091,22.0,5,5,"cheapness,quality,dividend,garp,risk",0.7066633333333334,True,0.9,0.7522,strong_buy,4,5,stable,0.7419,persistent,2026-09-04,accumulate,0.875,44.000223036604176
LEN,Lennar Corporation,Consumer Cyclical,18765731840.0,12.666667,12.148508,0.86795694,2.48,8.508,28.692,0.07368,0.0603587749989929,0.04934,-0.052,-0.315,1077926016.0,23302326272.0,2285495040.0,2750407000.0,34186934000.0,6245007872.0,1853501952.0,89.751,34430437000.0,19394535000.0,,1812484000.0,2078179000.0,216812000.0,0.099076594584352,,246991918.0,0.0951892587429541,0.1551561431512456,10.7005275632778,15.93281814030357,0.1706337622145196,0.1014029774466163,0.9929276819809172,0.8578810513869788,268233819.0,,77.9,[],{},0.057441192551966,10.195745719929455,8.47231928656377,0.1180314346256871,0.0789473663434903,,0.0843218763605429,1.0,20,20,0.698935764924137,10.0,22.0,0.6160045454545454,0.6160045454545454,0.4545454545454545,0.0,1.0,0.4545454545454545,22.0,4,5,"cheapness,dividend,garp,risk",0.60069,True,0.66665,0.7494,strong_buy,4,20,stable,0.5793,persistent,2026-07-16,neutral,0.5,34.38225743127907
ROP,"Roper Technologies, Inc.",Technology,38430900224.0,16.258577,15.995942,2.0550764,0.93,0.553,60.531,0.13066,0.0444312693408913,0.30244,0.085,2.33,2265687552.0,49385402368.0,3238000128.0,2235400000.0,7902500000.0,11319400448.0,364900000.0,189.083,34577000000.0,1928100000.0,,3725600000.0,1536300000.0,2540300000.0,0.6924391015501423,,106600000.0,0.0494435880988169,0.693019093078759,0.5175273781404337,0.4025624967381661,0.2703907221563467,0.2447510268169154,0.2285478786476559,0.2246455207804766,107300000.0,325000000.0,388.58,[],{},0.0589548394337399,15.251822240817404,22.092422997226446,0.04526438771001,0.0615059977266153,,0.072457003571961,1.0,20,20,0.7071190629506171,9.0,22.0,0.5633863636363637,0.5633863636363637,0.4090909090909091,0.0,1.0,0.4090909090909091,22.0,5,5,"cheapness,quality,dividend,garp,risk",0.695515,True,0.9,0.7395,strong_buy,4,8,stable,0.7233,persistent,2026-07-26,neutral,0.625,41.53733770479569
PPG,"PPG Industries, Inc.",Basic Materials,23352614912.0,15.380674,12.112541,2.7659295,2.76,1.58,86.938,0.19297001,0.0713186713729749,0.09573,0.072,-0.015,1104625024.0,29360615424.0,2697999872.0,2169000000.0,15875000000.0,7468000256.0,1607000064.0,37.98,22098000000.0,7959000000.0,,4900000000.0,1576000000.0,1941000000.0,0.4131653543307086,,223426948.0,0.057428086245047,0.4160934048595771,1.6242857142857143,1.307738332668528,0.357317404289981,0.3290794010188854,0.7183908045977011,0.8153656151906551,229927883.0,241000000.0,105.05,[],{},0.0473019843029388,10.882363534819325,13.536475529737206,0.0738744732927843,0.0650166566172587,,0.1261193161995581,1.0,20,20,0.7383333333333333,9.0,22.0,0.5581727272727273,0.5581727272727273,0.4090909090909091,0.0,1.0,0.4090909090909091,22.0,5,5,"cheapness,quality,dividend,garp,risk",0.6463616666666667,True,0.9,0.7383,strong_buy,4,6,stable,0.7383,persistent,2026-08-16,neutral,0.5,33.16677184940565
CCL,Carnival Corporation Ltd.,Consumer Cyclical,30776014848.0,10.213635,8.535191,2.3772748,1.98,0.334,201.556,0.26689,0.0533983400081258,0.11237001,0.053,-0.065,1899374976.0,54719016960.0,7302000128.0,4482000000.0,26621000000.0,26169999360.0,2243000064.0,9.452,51687000000.0,4219000000.0,,13092000000.0,2760000000.0,6218000000.0,0.4009616468201795,,1313148640.0,0.0390566076197076,0.375004995803525,0.3222578673999389,0.2907807523457003,0.541586859365024,0.5886213995963879,0.5150424671580862,0.5100393419899301,1308000000.0,1349000000.0,22.47,[],{},0.0617160794008205,7.49370254735772,12.208616010709504,0.0819093662314214,0.0979083352792615,,0.1161290322580645,1.0,20,20,0.7081246273106739,12.0,22.0,0.6251590909090908,0.6251590909090908,0.5454545454545454,0.0,1.0,0.5454545454545454,22.0,5,5,"cheapness,quality,dividend,garp,risk",0.6515666666666666,True,0.8,0.7354,strong_buy,4,5,stable,0.7218,persistent,2026-09-04,accumulate,0.75,26.899620625366182
EOG,"EOG Resources, Inc.",Energy,77347078144.0,11.439877,10.255362,2.4318886,2.78,1.851,25.891,0.22507,0.0961408521400027,0.25733,0.587,1.094,4478750208.0,80690069504.0,14494999552.0,7250000000.0,22582000000.0,8249999872.0,4906999808.0,60.636,51799000000.0,7656000000.0,,4691000000.0,4980000000.0,10044000000.0,0.6337791161101762,,537670216.0,0.1356970287797228,0.6833775344340833,1.6320613941590278,2.0974971983563693,0.1623197359022375,0.1073835459670241,0.4359543620533215,0.4954435637689145,557208477.0,235000000.0,147.46,[],{},0.0579045817304402,5.566752121276644,11.129664759172414,0.0898499659817569,0.0874135272608263,,0.1539016727519742,1.0,20,20,0.7142857142857143,16.0,22.0,0.7703181818181818,0.7703181818181818,0.7272727272727273,0.0,1.0,0.7272727272727273,22.0,5,5,"cheapness,quality,dividend,garp,risk",0.861955,True,1.0,0.731,strong_buy,4,6,stable,0.7226,persistent,2026-08-16,neutral,0.5,54.686115634866
CPRT,"Copart, Inc.",Industrials,28468703232.0,19.83871,16.915495,3.2446976,,7.613,1.059,0.17607,0.1538464054055821,0.33481997,0.021,0.023,999977152.0,24379287552.0,1961246976.0,1696714000.0,4646958000.0,93116000.0,4199712000.0,9.477,10090902000.0,5754628000.0,,683281000.0,1552449000.0,1799750000.0,0.4518317144247914,,967478690.0,0.1617297304480761,0.4501608870608944,8.422051835189329,7.028978613258412,0.0102804486655405,0.0140883157145833,0.4605096749527446,0.502722074324815,962967011.0,,30.75,[],{},0.0351254900460651,12.430503577740124,14.368530908567973,0.0695965374862157,0.0504065032454227,,0.1803552672880848,0.95,19,20,0.6830639249210858,8.0,22.0,0.5021818181818181,0.5021818181818181,0.3636363636363636,0.0,1.0,0.3636363636363636,22.0,3,5,"cheapness,quality,risk",0.4961683333333333,True,1.0,0.7305,strong_buy,4,1,improving,0.2518,new,2026-09-11,neutral,0.625,43.34637934099791
GD,General Dynamics Corporation,Industrials,95844884480.0,21.508804,19.058691,3.5674722,1.8,1.441,35.335,0.17803,0.0735384024175094,0.08179,0.081,0.134,4400124928.0,100846706688.0,6632999936.0,5356000000.0,52550000000.0,9479000064.0,4333000192.0,99.3,57249000000.0,24248000000.0,,16796000000.0,4210000000.0,5120000000.0,0.1513035204567079,,270389759.0,0.067680744452398,0.1543297845586386,1.4436770659680875,1.3681552962298025,0.1709898862862233,0.1910522548317824,0.9179199636674876,0.8539012168933429,270340502.0,402000000.0,354.25,[],{},0.0459088135154273,15.203785264743292,18.828735378640776,0.0531103114410113,0.0464925897320929,,0.132400563617037,1.0,20,20,0.6966995425078747,9.0,22.0,0.5761227272727273,0.5761227272727273,0.4090909090909091,0.0,1.0,0.4090909090909091,22.0,5,5,"cheapness,quality,dividend,garp,risk",0.6737,True,1.0,0.7277,strong_buy,4,15,stable,0.7122,persistent,2026-07-16,accumulate,0.75,29.483819984749175
MDT,Medtronic plc,Healthcare,117194620928.0,22.622221,14.317527,2.3347435,3.13,2.067,55.365,0.106479995,0.0516081179859827,0.13934,0.137,0.407,5412499968.0,137146613760.0,10407999488.0,6828000000.0,36364000000.0,28152999936.0,8819000320.0,39.242,93028000000.0,24787000000.0,,11658000000.0,4801000000.0,7330000000.0,0.6501759982400176,,1280177293.0,0.0508507853403141,0.6531591973044697,2.126179447589638,1.849056603773585,0.3005654211635206,0.3110383944153577,0.3908930644537128,0.3658049738219895,1281934628.0,715000000.0,91.62,[],{},0.0461838600196952,13.177038864973472,20.085912970123022,0.0497861362581556,0.0442043245886422,,0.0839129900454713,1.0,20,20,0.6889275273316239,9.0,22.0,0.5855818181818182,0.5855818181818182,0.4090909090909091,0.0,1.0,0.4090909090909091,22.0,5,5,"cheapness,quality,dividend,garp,risk",0.726435,True,1.0,0.7256,strong_buy,4,5,stable,0.7073,persistent,2026-09-04,neutral,0.375,54.21192589300069
TRV,"The Travelers Companies, Inc.",Financial Services,76663832576.0,9.862087,12.16738,2.3149302,1.36,0.323,27.378,0.26511,0.0437553928800066,0.16951999,0.003,0.571,14775124992.0,80670834688.0,11480000512.0,8221000000.0,48828000000.0,9068000256.0,5061000192.0,158.778,143708000000.0,,,,6288000000.0,10606000000.0,,,217500000.0,0.0375331296128058,,,,0.0644849277702006,0.0603127885936526,0.3397723160853954,0.3485873458018305,226600000.0,425000000.0,367.56,[],{},0.192726146026587,7.027075878931807,9.812776388273932,0.1019079575883314,0.1013984159742253,,,0.95,19,20,0.7368950465561719,14.0,22.0,0.72175,0.72175,0.6363636363636364,0.0,1.0,0.6363636363636364,22.0,5,5,"cheapness,quality,dividend,garp,risk",0.78712,True,0.9,0.7135,strong_buy,4,8,stable,0.6889,persistent,2026-07-26,neutral,0.5,51.59588024658148
MKC,"McCormick & Company, Incorporated",Consumer Defensive,13738313728.0,8.573825,15.494004,1.9638739,3.73,0.781,65.143,0.24728,0.0598012181449047,0.21912001,0.167,-0.142,714025024.0,18918313984.0,1451500032.0,1091900000.0,6840300000.0,4933499904.0,331200000.0,26.02,13200400000.0,2138100000.0,,3062200000.0,789400000.0,962200000.0,0.3789599871350672,,268400000.0,0.0603276129851648,0.385353302497137,0.6982234994448436,0.7419869571250174,0.3154449865155601,0.3449423502138436,0.5181888427623406,0.514425835673244,268000000.0,196200000.0,51.1,[],{},0.0519732652883554,13.033629739527282,17.326049989925817,0.0577165597802988,0.1166340577280268,,0.1077015643802647,1.0,20,20,0.7139296187683285,13.0,22.0,0.6479227272727273,0.6479227272727273,0.5909090909090909,0.0,1.0,0.5909090909090909,22.0,5,5,"cheapness,quality,dividend,garp,risk",0.7082866666666666,True,0.9,0.7124,strong_buy,4,5,stable,0.7132,persistent,2026-09-04,neutral,0.5,38.038251985030705
IBM,International Business Machines Corporation,Technology,220478291968.0,20.801779,17.779419,6.3995843,2.82,0.791,188.97,0.34460998,0.0697458519884119,0.15522,0.011,-0.018,12049750016.0,277707292672.0,16472999936.0,12492000000.0,67536000000.0,65272000512.0,8131999744.0,36.568,151880000000.0,36944000000.0,,38658000000.0,10593000000.0,13193000000.0,0.5818674484719261,,936952129.0,0.0439074175323491,0.566522716045448,0.9556624760722232,1.0404320801400035,0.4253818804319199,0.4257043921997449,0.4446668422438767,0.4574667395662475,926290070.0,1935000000.0,234.02,[],{},0.0546527728804652,16.858331436346337,22.230811132885048,0.0449826141755459,0.0480728114648271,,0.1103319142922753,1.0,20,20,0.6969774264831075,7.0,22.0,0.49895,0.49895,0.3181818181818182,0.0,1.0,0.3181818181818182,22.0,5,5,"cheapness,quality,dividend,garp,risk",0.6093633333333333,True,0.8,0.7102,strong_buy,4,13,stable,0.7036,persistent,2026-07-25,neutral,0.5,49.39391808861648
HST,"Host Hotels & Resorts, Inc.",Real Estate,15381243904.0,14.759999,20.97405,2.374008,3.63,1.671,85.298,0.15558,0.058625182006284,0.16474001,0.036,0.084,1692375040.0,19090653184.0,1695000064.0,831000000.0,6114000000.0,5645000192.0,1952999936.0,9.326,13049000000.0,1122000000.0,,1427000000.0,765000000.0,1510000000.0,0.5260058881256133,,687800000.0,0.0534181483752299,0.5336030964109781,0.7862648913805186,0.6521116678596993,0.4322170281247605,0.4324800735744942,0.4685416507012032,0.4356223175965665,699100000.0,235000000.0,22.14,[],{},0.110028489929861,11.262921807181714,22.973108524669072,0.0435291549215543,0.0677506820969296,,0.0715023231801755,1.0,20,20,0.7282918263090676,11.0,22.0,0.5892636363636364,0.5892636363636364,0.5,0.0,1.0,0.5,22.0,5,5,"cheapness,quality,dividend,garp,risk",0.67066,True,0.8,0.7093,strong_buy,4,8,stable,0.7188,persistent,2026-07-26,neutral,0.625,39.7270276700172
GDDY,GoDaddy Inc.,Technology,12205039616.0,13.906205,8.739061,1818.302,,0.632,57334.33,4.42861,0.1088999240811957,0.17834999,0.066,0.298,1204950016.0,14843938816.0,1379000064.0,1138400000.0,4951100000.0,3841400064.0,1202499968.0,0.053,8034900000.0,1840900000.0,,2995500000.0,875000000.0,1599400000.0,0.6361414635131587,,134737000.0,0.1137649658790101,0.6387649785708038,0.614555166082457,0.7233175214942188,0.4807278248640306,0.4729217767200136,0.6161993304210382,0.5553100031571022,141208000.0,151000000.0,96.37,[],{},0.09872561285425,10.764277104486052,13.039299732958538,0.0766912349957236,0.0719103450581952,,0.2258999087192919,0.95,19,20,0.7180900161848526,8.0,22.0,0.4940318181818182,0.4940318181818182,0.3636363636363636,0.0,1.0,0.3636363636363636,22.0,4,5,"cheapness,quality,garp,risk",0.509665,True,0.8,0.6961,strong_buy,4,13,stable,0.5374,persistent,2026-07-25,neutral,0.375,50.21084238130214
KHC,The Kraft Heinz Company,Consumer Defensive,28922241024.0,,11.654744,0.80338615,6.5,1.061,52.591,-0.0876,-0.0714792262734453,-0.13639,-0.014,,3250500096.0,45366243328.0,5493000192.0,4637000000.0,24942000000.0,19000999936.0,2680999936.0,30.359,81786000000.0,10127000000.0,,8778000000.0,-5846000000.0,4462000000.0,0.33313286825435,,1183655579.0,0.0310804535209034,0.3469782558229513,1.1536796536796536,1.0554253412381085,0.2594453818501944,0.2250501206293112,0.3049666202039469,0.2927497819611041,1195000000.0,947000000.0,24.39,[],{},0.1123875599163529,8.25891894088614,9.783533174034936,0.1022125629066149,,,0.0635135875520491,0.95,19,20,0.7869664385793418,5.0,22.0,0.5356590909090909,0.5356590909090909,0.2272727272727272,0.0,1.0,0.2272727272727272,22.0,2,5,"cheapness,risk",0.4716699999999999,True,0.75,0.9055,buy,3,20,stable,0.3216,persistent,2026-07-16,neutral,0.5,43.67495094468279
XYL,Xylem Inc.,Industrials,24878020608.0,25.612982,17.060257,2.2607682,1.6,1.613,28.642,0.09182999,0.0542701599183395,0.111549996,0.015,0.195,1183750016.0,26902020096.0,1978000000.0,1326000000.0,9035000000.0,3055000064.0,1276000000.0,47.13,17634000000.0,4641000000.0,,2856000000.0,957000000.0,1241000000.0,0.3846153846153846,,243584000.0,0.0539622870308615,0.3751459939266526,1.625,1.7542808219178083,0.1169899058636724,0.1288425392590796,0.5123624815696949,0.5191293275935245,243000000.0,29000000.0,106.55,[],{},0.0475821623694347,13.600616833164812,20.288099619909502,0.0492899787922305,0.0390427010802568,,0.0897279740154283,1.0,20,20,0.6669060173435019,6.0,22.0,0.5100045454545454,0.5100045454545454,0.2727272727272727,0.0,1.0,0.2727272727272727,22.0,5,5,"cheapness,quality,dividend,garp,risk",0.5874866666666667,True,1.0,0.7281,buy,3,15,stable,0.6975,persistent,2026-07-19,neutral,0.625,35.8553318774197
PFE,Pfizer Inc.,Healthcare,157595975680.0,36.38158,9.544355,1.8497458,6.19,1.267,74.253,0.05014,0.0373318601076095,0.06804,0.026,,12485624832.0,209673977856.0,25383000064.0,17407000000.0,62579000000.0,63480000512.0,11704000512.0,14.948,208160000000.0,42898000000.0,,36984000000.0,7771000000.0,11704000000.0,0.7432525288035923,,5686000000.0,0.0376342574368779,0.719443003756267,1.1599069868051048,1.1712524712175834,0.3072684473481937,0.2982670715477328,0.3006293235972329,0.2981639768318057,5666990035.0,2671000000.0,27.65,[],{},0.0792255308431997,8.26040961774943,12.045382768771184,0.0830193626218833,0.0274864368177522,,0.101690657568818,1.0,20,20,0.6501880794006429,6.0,22.0,0.4380318181818181,0.4380318181818181,0.2727272727272727,0.0,1.0,0.2727272727272727,22.0,3,5,"cheapness,dividend,risk",0.4793683333333333,True,1.0,0.7261,buy,3,5,stable,0.4129,persistent,2026-09-04,neutral,0.5,52.582796996717185
ZBH,"Zimmer Biomet Holdings, Inc.",Healthcare,17631793152.0,22.995026,10.1949215,1.3957,1.01,1.691,60.175,0.06413,0.0305347808953,0.09481,0.048,0.338,1090899968.0,24777691136.0,2555000064.0,1356200000.0,8231500000.0,7601699840.0,464500000.0,66.232,23091700000.0,5119900000.0,,2583700000.0,705100000.0,1697100000.0,0.6970539998785155,,195481555.0,0.0423022377406355,0.7146354804261194,1.981615512636916,1.9060345179321885,0.3256191618633535,0.2904054705527186,0.3564700736628312,0.3593958427918166,199073712.0,292800000.0,92.44,[],{},0.0618711868155201,9.697726229098052,18.26993889986728,0.0547347205418002,0.0434876655499324,,0.0661302906182953,1.0,20,20,0.6765797818414163,7.0,22.0,0.5088636363636364,0.5088636363636364,0.3181818181818182,0.0,1.0,0.3181818181818182,22.0,4,5,"cheapness,dividend,garp,risk",0.6079450000000001,True,1.0,0.7183,buy,3,1,deteriorating,0.3487,new,2026-09-11,neutral,0.5,36.47781811596841
INVH,Invitation Homes Inc.,Real Estate,16277575680.0,25.757008,40.341938,1.7976648,4.26,0.43,94.425,0.070539996,0.0314729589315797,0.23197001,0.101,0.605,1168785536.0,24788408320.0,1500342016.0,752396000.0,2729296000.0,8585699840.0,113062000.0,15.331,18680290000.0,569072000.0,,375350000.0,587924000.0,1206230000.0,0.5842455343795616,,610788732.0,0.024272401975707,0.5903830630842531,1.516110297056081,0.8245035825703276,0.4486022433270575,0.4386034699518757,0.1461056546766672,0.1400432523458299,612605478.0,353327000.0,27.56,[],{},0.0718034158757479,16.52183839128051,32.94595973396988,0.0303527354514708,0.0388243851925658,,0.0411034398364594,1.0,20,20,0.683032293377121,8.0,22.0,0.4706409090909091,0.4706409090909091,0.3636363636363636,0.0,1.0,0.3636363636363636,22.0,5,5,"cheapness,quality,dividend,garp,risk",0.6023783333333333,True,0.7,0.7085,buy,3,1,deteriorating,0.4349,new,2026-09-11,neutral,0.625,23.785091521489562
DOC,"Healthpeak Properties, Inc.",Real Estate,14441255936.0,58.200005,145.5,1.7902972,5.98,2.286,108.653,0.03039,0.0035084056278864,0.08248,0.111,0.682,1645113088.0,24378828800.0,1570761984.0,544132000.0,2822512000.0,10320379904.0,1640912000.0,11.378,20336018000.0,1302670000.0,,1809259000.0,71347000.0,1251959000.0,0.5999666254740458,,695036731.0,0.0121947482364931,0.6019695243272508,0.7200019455478734,1.0565835981821965,0.4988269581586719,0.4525606177672018,0.1387937402494431,0.1354405889582614,699485139.0,305178000.0,20.37,[],{},0.1139175910523797,15.520383768085898,44.80315217631016,0.0223198581221424,0.0171821291080645,,0.0293700587350437,1.0,20,20,0.6286982302499544,7.0,22.0,0.4170727272727272,0.4170727272727272,0.3181818181818182,0.0,1.0,0.3181818181818182,22.0,4,5,"cheapness,dividend,garp,risk",0.5184133333333334,True,0.6,0.7051,buy,3,13,stable,0.5335,persistent,2026-07-25,neutral,0.5,37.52995095952787
CRH,CRH plc,Basic Materials,58318839808.0,15.794595,13.4571905,2.4286585,1.75,1.579,77.592,0.15812,0.0639476075365598,0.099350005,0.056,0.139,2019124992.0,76606840832.0,7731999744.0,5323000000.0,37447000000.0,19812999168.0,3024999936.0,36.094,58329000000.0,15254000000.0,,8754000000.0,3730000000.0,5625000000.0,0.3612572435709135,,668630350.0,0.0683223677711259,0.3570504891487687,1.7425177061914554,1.367812742812743,0.3378250955785287,0.3075099282792958,0.6419962625795059,0.7028233852962678,677291893.0,810000000.0,87.66,[],{},0.0346221735317001,9.90776556756182,14.391666509862858,0.0694846562289838,0.063312797827358,,0.1073726676752395,1.0,20,20,0.6916666666666667,9.0,22.0,0.5384545454545455,0.5384545454545455,0.4090909090909091,0.0,1.0,0.4090909090909091,22.0,5,5,"cheapness,quality,dividend,garp,risk",0.6155649999999999,True,0.83335,0.6992,buy,3,7,stable,0.6954,persistent,2026-08-02,neutral,0.5,33.13401507016704
CDW,CDW Corporation,Technology,17827485696.0,17.118849,11.836452,7.316573,1.77,1.167,263.278,0.44009998,0.0665452140602188,0.04597,0.1,0.049,676787520.0,23895185408.0,2010899968.0,1655600000.0,22424100000.0,6429499904.0,361800000.0,19.49,16028200000.0,8500500000.0,,7226100000.0,1066600000.0,1205200000.0,0.2173286776280876,,129400000.0,0.0734276215391323,0.2191754727673618,1.1763606924897247,1.346832529592284,0.361088581375326,0.4082120667102681,1.3990404412223456,1.4305850773926314,132600000.0,227400000.0,142.6,[],{},0.0379631503589904,11.88283146265384,14.43294600628171,0.0692859239939487,0.0584151422797175,,0.1880914781699821,1.0,20,20,0.6921726807437372,5.0,22.0,0.5019909090909092,0.5019909090909092,0.2272727272727272,0.0,1.0,0.2272727272727272,22.0,4,5,"cheapness,dividend,garp,risk",0.596425,True,0.9,0.6964,buy,3,7,stable,0.5554,persistent,2026-08-02,neutral,0.5,49.73815178771695
TEL,TE Connectivity plc,Technology,59243089920.0,20.042116,15.85533,4.479151,1.52,1.876,43.441,0.23290001,0.0734420477652406,0.15609,0.138,0.192,2336875008.0,63969091584.0,4951000064.0,3384000000.0,17262000000.0,5817999872.0,1239000064.0,45.685,25081000000.0,7966000000.0,,5120000000.0,1842000000.0,4139000000.0,0.3521608156644653,,294558144.0,0.1397129605320731,0.3443357526033449,1.555859375,1.6078803202697007,0.2320481639488058,0.1895073072547475,0.6882500697739324,0.6933140806860943,299918100.0,77000000.0,204.63,[],{},0.0394455287723115,12.920438448210854,18.903395858156028,0.0529005480022544,0.0498949312537658,,0.169530584640048,1.0,20,20,0.6754102371578605,9.0,22.0,0.57745,0.57745,0.4090909090909091,0.0,1.0,0.4090909090909091,22.0,5,5,"cheapness,quality,dividend,garp,risk",0.67286,True,1.0,0.6958,buy,3,20,stable,0.6856,persistent,2026-07-16,wait,0.25,47.872666730678816
BDX,"Becton, Dickinson and Company",Healthcare,48054480896.0,31.169611,13.272156,1.9681604,2.34,0.865,68.84,0.06607,0.0303298689561681,0.0419,0.054,-0.314,4478374912.0,64153481216.0,6120999936.0,2986000000.0,21840000000.0,16807999488.0,709000000.0,89.637,55325000000.0,9255000000.0,,8313000000.0,1678000000.0,3431000000.0,0.4544413919413919,,285402168.0,0.0297629438257165,0.452225195757756,1.113316492241068,1.168825368468066,0.3466967916854948,0.3510456306951087,0.3947582467239042,0.3522326571937297,289101319.0,613000000.0,176.42,[],{},0.0931937007433738,10.480882517035855,21.484755933020764,0.0465446292765681,0.0320825306417843,,0.063515698119629,1.0,20,20,0.6440871822002997,6.0,22.0,0.4454818181818181,0.4454818181818181,0.2727272727272727,0.0,1.0,0.2727272727272727,22.0,4,5,"cheapness,quality,garp,risk",0.538265,True,1.0,0.6954,buy,3,13,stable,0.5358,persistent,2026-07-25,neutral,0.625,44.06558515293868
LOW,"Lowe's Companies, Inc.",Consumer Cyclical,110297604096.0,16.77389,15.089667,-14.829146,2.52,1.105,,,0.1228945035460992,0.073460005,0.083,0.0,4615374848.0,149156610048.0,12728999936.0,10153000000.0,86286000000.0,42031001600.0,3172000000.0,-13.257,54144000000.0,20955000000.0,,19463000000.0,6654000000.0,9864000000.0,0.334758825301903,,560951457.0,0.1614078233028629,0.3331620336066161,1.0766582746750244,1.0853548008743403,0.8251514479905437,0.920560530833836,1.5936391843971631,1.9413020277481323,560000000.0,1527000000.0,196.59,[],{},0.0418447425565373,11.717857710577649,14.690890381956072,0.0680693936174378,0.0596164634440788,,0.292753957498342,0.9,18,20,0.7030705919594809,6.0,22.0,0.5470272727272728,0.5470272727272728,0.2727272727272727,0.0,1.0,0.2727272727272727,22.0,4,5,"cheapness,dividend,garp,risk",0.5808,True,0.7,0.695,buy,3,13,stable,0.5033,persistent,2026-07-25,neutral,0.5,33.566995084340135
WBD,"Warner Bros. Discovery, Inc.",Communication Services,70701260800.0,,402.85715,2.1538227,,0.777,94.199,-0.08786,0.0072638257481141,-0.08769,-0.112,-0.906,16167374848.0,100570832896.0,7792999936.0,1309000000.0,37296000000.0,32022999040.0,3411000064.0,13.093,100085000000.0,13206000000.0,,12500000000.0,727000000.0,4319000000.0,0.4400203775203775,,2480000000.0,-0.1081771231828615,0.4158337783881387,1.05648,0.8904490828589501,0.3253934155967428,0.3778213465952563,0.3726432532347504,0.3760615914307574,2454000000.0,2085000000.0,28.2,[],{},0.2286716625002534,12.905278291022432,76.83027723147441,0.0130157020908202,,,0.0149454815322258,0.9,18,20,0.6041666666666666,4.0,22.0,0.2626136363636364,0.2626136363636364,0.1818181818181818,0.0,1.0,0.1818181818181818,22.0,3,5,"cheapness,quality,risk",0.2622183333333333,True,0.7,0.6932,buy,3,8,stable,0.3503,persistent,2026-07-26,neutral,0.375,55.127325368453384
SWKS,"Skyworks Solutions, Inc.",Technology,12644228096.0,39.636795,16.932486,2.2038922,4.13,3.101,11.869,0.05094,0.0602627257799671,0.072270006,-0.031,-0.686,448812512.0,12526128128.0,880200000.0,524200000.0,4086900000.0,681100032.0,799200000.0,38.128,7917000000.0,3077000000.0,,1323200000.0,477100000.0,1300800000.0,0.4115833516846509,,148700000.0,0.0719519998068402,0.4118717089516515,2.3254232164449817,5.543388086942094,0.1519641278261967,0.1449180882015621,0.5162182644941266,0.5043883476392259,159900000.0,27100000.0,84.03,[],{},0.0354954457158188,14.231002190411273,23.8957041739794,0.0418485261082585,0.0252290832293579,,0.0794989232309138,1.0,20,20,0.6179505368268332,5.0,22.0,0.4784454545454545,0.4784454545454545,0.2272727272727272,0.0,1.0,0.2272727272727272,22.0,4,5,"cheapness,dividend,garp,risk",0.5897249999999999,True,1.0,0.6928,buy,3,7,stable,0.5243,persistent,2026-08-02,neutral,0.375,80.29594667127617
CPAY,"Corpay, Inc.",Technology,26819977216.0,24.695887,12.988734,7.571691,,0.972,275.291,0.29215,0.0405112288315702,0.22723,0.215,-0.07,1946175872.0,34738536448.0,2798278912.0,1951847000.0,4528403000.0,10741731328.0,3183238912.0,53.947,26408135000.0,13963240000.0,,14296677000.0,1069826000.0,1499901000.0,0.7859781914286339,,68362289.0,0.0558971023661985,0.7813396554964551,0.97667730760092,0.9963237899093936,0.3787350753849145,0.4452896472696405,0.1714775768906058,0.2213388727791359,70170016.0,403848000.0,408.47,[],{},0.0725644118310051,12.41425088079283,17.797776387186087,0.0561867942514421,0.0404925727105894,,0.1611570630059568,0.95,19,20,0.669336290032029,5.0,22.0,0.3858454545454545,0.3858454545454545,0.2272727272727272,0.0,1.0,0.2272727272727272,22.0,3,5,"cheapness,quality,risk",0.4031416666666667,True,0.8,0.6921,buy,3,13,stable,0.388,persistent,2026-07-25,neutral,0.375,53.87382912661159
SMCI,"Super Micro Computer, Inc.",Technology,24557367296.0,11.942492,7.0185056,2.3947723,,3.872,63.951,0.21465999,0.0744838275522635,0.0571,0.932,4.347,-8248783872.0,30499090432.0,2824158976.0,2770486000.0,39063072000.0,9259886592.0,7544584192.0,15.609,29945467000.0,27726252000.0,,7160106000.0,2230453000.0,-6809886000.0,0.1082160409708688,,656882499.0,0.074819653471869,0.110591541742001,3.872324236540632,5.246373239076217,0.2925622432269966,0.3408971147908228,1.3044736286797598,1.5673683548991115,594136852.0,194574000.0,37.38,[],{},-0.3358985420779855,10.79935325567168,11.008570493408016,0.0908383155286878,0.0837346175320862,,0.1215906124989637,0.95,19,20,0.6444587776422935,9.0,22.0,0.4623045454545454,0.4623045454545454,0.4090909090909091,0.0,1.0,0.4090909090909091,22.0,4,5,"cheapness,quality,garp,risk",0.4485183333333333,True,0.5,0.6899,buy,3,5,stable,0.5071,persistent,2026-09-04,neutral,0.375,53.79072960635923
QCOM,QUALCOMM Incorporated,Technology,188918546432.0,20.168756,17.34337,6.7596593,2.09,2.016,55.21,0.33754003,0.1105039586781804,0.21013,-0.04,-0.23,10241000448.0,192731381760.0,11998999552.0,12394000000.0,44284000000.0,15269999616.0,8304000000.0,26.167,50143000000.0,25754000000.0,,9144000000.0,5541000000.0,14012000000.0,0.5542859723602204,,1074000000.0,0.1838851216593538,0.5621374672758072,2.8164916885389326,2.402037319116527,0.2953752268512055,0.2653298038220256,0.8831541790479229,0.7064220183486238,1113000000.0,664000000.0,176.88,[],{},0.054208549882561,16.062287603625705,15.550377744069712,0.0643071195091296,0.0495816400376899,,0.3023000560989292,1.0,20,20,0.6762865035925633,10.0,22.0,0.5835136363636363,0.5835136363636363,0.4545454545454545,0.0,1.0,0.4545454545454545,22.0,5,5,"cheapness,quality,dividend,garp,risk",0.6805783333333333,True,1.0,0.6894,buy,3,2,stable,0.5121,building,2026-09-09,neutral,0.625,62.75933514875113
UBER,"Uber Technologies, Inc.",Technology,148208156672.0,15.570815,16.472565,5.418969,,0.843,51.872,0.3716,0.1626646386848322,0.17345,0.122,0.855,7244749824.0,158631165952.0,7473999872.0,5565000000.0,52017000000.0,14730999808.0,5391000064.0,13.39,61802000000.0,13993000000.0,,12320000000.0,10053000000.0,10099000000.0,0.3975431109060499,,2067905000.0,0.1923347123565685,0.3939924507708399,1.1357954545454545,1.06700941094458,0.1954629300022653,0.2171181016314105,0.8416717905569399,0.8582077901803138,2107953000.0,440000000.0,72.56,[],{},0.0488822611837308,21.224400410586465,28.50515111446541,0.0350813786597515,0.0642227140968536,,0.1124651388383654,0.95,19,20,0.6966923270305078,8.0,22.0,0.4909272727272728,0.4909272727272728,0.3636363636363636,0.0,1.0,0.3636363636363636,22.0,4,5,"cheapness,quality,garp,risk",0.5879833333333333,True,1.0,0.6869,buy,3,8,stable,0.5258,persistent,2026-07-26,neutral,0.375,43.388252005431696
TTD,"The Trade Desk, Inc.",Communication Services,6564226560.0,16.435293,13.8614645,2.6818967,,1.724,16.863,0.15441,0.0720442305004534,0.13608,0.03,-0.236,582992768.0,5513003520.0,697982016.0,589321000.0,2896284000.0,434110016.0,1485332992.0,5.209,6153220000.0,5261004000.0,,3265997000.0,443304000.0,992721000.0,0.7862547319254604,,475923000.0,0.0643126883707019,0.8069347124606977,1.6108416511099062,1.8571508614164431,0.0709108401779881,0.0510827066512804,0.4706940431188873,0.4000082788621832,496101000.0,,13.97,[],{},0.0888136268105895,7.898489350189791,9.354839756261867,0.1068965397649519,0.0608446712814916,,0.2041134335657481,0.95,19,20,0.6568627450980392,9.0,22.0,0.5462772727272728,0.5462772727272728,0.4090909090909091,0.0,1.0,0.4090909090909091,22.0,3,5,"cheapness,quality,risk",0.5169666666666667,True,1.0,0.6849,buy,3,6,stable,0.3824,persistent,2026-08-16,neutral,0.625,43.28940424973154
KIM,Kimco Realty Corporation,Real Estate,15622684672.0,27.4,26.46591,1.520632,4.75,0.971,84.993,0.05806,0.0296999987302071,0.27759,0.049,-0.058,871483392.0,23936589824.0,1332118016.0,717677000.0,2140116000.0,8858840064.0,702396032.0,15.316,19688250000.0,965693000.0,,291537000.0,584741000.0,1120015000.0,0.6905149066686105,,674093047.0,0.0202258544307661,0.6869668053336894,3.312420035878808,5.233553413489341,0.421875026983099,0.4223722760569527,0.1087001638032836,0.1002966238724216,679493522.0,330196000.0,23.29,[],{},0.055783203098372,17.968820732471798,33.35287298325012,0.0299824246175794,0.0364963503649635,,0.0369999288023697,1.0,20,20,0.6527052545155994,6.0,22.0,0.4268318181818182,0.4268318181818182,0.2727272727272727,0.0,1.0,0.2727272727272727,22.0,5,5,"cheapness,quality,dividend,garp,risk",0.5334766666666667,True,0.7,0.6843,buy,3,13,stable,0.6685,persistent,2026-07-25,neutral,0.625,35.194812163494774
HII,"Huntington Ingalls Industries, Inc.",Industrials,11099094016.0,16.726248,13.519235,2.0894163,1.97,1.23,55.252,0.12968001,0.0474547023295944,0.05013,0.109,0.365,-300249984.0,14022092800.0,1170000000.0,611000000.0,12484000000.0,2935000064.0,12000000.0,134.808,12749000000.0,3451000000.0,,3045000000.0,605000000.0,1196000000.0,0.1269625120153797,,39241527.0,0.0453010460423358,0.1257043779800606,1.1333333333333333,1.0792377131394182,0.2292728841477763,0.2807017543859649,0.9792140560043924,0.9500864838151716,39129419.0,105000000.0,281.67,[],{},-0.0270517560773133,11.984694700854702,22.949415384615385,0.0435740947314226,0.0597862712546173,,0.0629637262984336,1.0,20,20,0.6234465713455588,9.0,22.0,0.5182045454545454,0.5182045454545454,0.4090909090909091,0.0,1.0,0.4090909090909091,22.0,5,5,"cheapness,quality,dividend,garp,risk",0.6555500000000001,True,0.83335,0.6832,buy,3,7,stable,0.6533,persistent,2026-08-02,neutral,0.625,35.94624875937602
DHI,"D.R. Horton, Inc.",Consumer Cyclical,37919105024.0,13.239259,11.5501995,1.5977985,1.3,6.011,29.451,0.12632,0.1010735469902343,0.09154,0.0,-0.048,2413900032.0,43615301632.0,4127399936.0,4424200000.0,34250400000.0,7187899904.0,2078700032.0,84.848,35471200000.0,34142700000.0,,1962900000.0,3585200000.0,3420900000.0,0.23696657557284,,294475153.0,0.1317405406004271,0.2591042732069976,17.394008864435275,17.06157623373435,0.1700280791177067,0.1653819628132937,0.9655833464895464,1.0193079494686228,324027360.0,,135.57,[],{},0.0636592037304725,10.56725839712762,9.858347640703403,0.1014368772989069,0.0755329282401681,,0.1320329589982183,1.0,20,20,0.6533840190816936,12.0,22.0,0.6305227272727273,0.6305227272727273,0.5454545454545454,0.0,1.0,0.5454545454545454,22.0,5,5,"cheapness,quality,dividend,garp,risk",0.663505,True,1.0,0.6813,buy,3,4,stable,0.6673,persistent,2026-09-06,neutral,0.5,36.08496538083839
INCY,Incyte Corporation,Healthcare,24988577792.0,16.052084,13.874321,3.9052203,,4.593,0.603,0.30667,0.1849173602714468,0.27706,0.377,0.377,1180664576.0,20491104256.0,1942312960.0,1342790000.0,5141242000.0,38267000.0,4535739904.0,31.568,6957973000.0,5023902000.0,,1515170000.0,1286650000.0,1413498000.0,0.9276244922919404,,198460009.0,0.0059906449324635,0.9264126310915004,3.31573486803461,1.9727964907814188,0.0058080133395171,0.0079980574256996,0.7388993892330424,0.7790165607397946,193434305.0,2428000.0,123.28,[],{},0.0472481701770952,10.549846846514374,15.260095961393814,0.0655303873927056,0.0622972070168583,,0.2467092782891462,0.95,19,20,0.6882791467521338,9.0,22.0,0.564590909090909,0.564590909090909,0.4090909090909091,0.0,1.0,0.4090909090909091,22.0,4,5,"cheapness,quality,garp,risk",0.6030183333333333,True,1.0,0.6771,buy,3,5,stable,0.5188,persistent,2026-09-04,neutral,0.375,48.27117335042128
EQT,EQT Corporation,Energy,34378358784.0,12.663594,14.030357,1.3610361,1.21,0.673,19.595,0.11078,0.0487941317460005,0.29176,-0.039,-0.74,2460903936.0,43525730304.0,6995361792.0,3014406000.0,8353217000.0,5655713792.0,112863000.0,40.381,41792874000.0,1895151000.0,,2484841000.0,2039247000.0,5125952000.0,0.4587503233784062,,624076000.0,0.0057889913082404,0.146915126827968,0.7626850168682825,0.6965853614939211,0.1880332996481649,0.2351492602796542,0.1998718011113569,0.1311111867097009,596870000.0,438695000.0,54.96,[],{},0.0715829383090075,6.222084232123159,14.439239539730217,0.0692557248079758,0.0789665240373309,,0.0766867678166445,1.0,20,20,0.6452380952380953,9.0,22.0,0.62595,0.62595,0.4090909090909091,0.0,1.0,0.4090909090909091,22.0,5,5,"cheapness,quality,dividend,garp,risk",0.6369866666666667,True,0.9,0.6762,buy,3,7,stable,0.6607,persistent,2026-08-02,wait,0.25,56.982493249846726
UDR,"UDR, Inc.",Real Estate,12909178880.0,22.382164,62.75,3.898813,4.89,0.178,156.144,0.13739,0.0356133895874981,0.29563,-0.001,0.909,779827776.0,18225051648.0,1040777024.0,322375000.0,1712317000.0,5994848256.0,2830000.0,9.013,10605674000.0,186911000.0,,923960000.0,377704000.0,902887000.0,0.2710520306695547,,328273044.0,0.0082206279445741,0.2494296709856553,0.2022933893242131,0.3898050396855976,0.5661433681631172,0.5514285457348077,0.1614529166180291,0.1534139762696068,330858719.0,196619000.0,35.14,[],{},0.0604087822509126,17.51100497775785,56.53370034276851,0.0176885644126762,0.0446784323446115,,0.0332973066545861,1.0,20,20,0.6782785987958402,8.0,22.0,0.4823954545454546,0.4823954545454546,0.3636363636363636,0.0,1.0,0.3636363636363636,22.0,5,5,"cheapness,quality,dividend,garp,risk",0.6366133333333333,True,0.5,0.676,buy,3,13,stable,0.6771,persistent,2026-07-25,neutral,0.625,25.268246421398146
LMT,Lockheed Martin Corporation,Industrials,122346790912.0,19.340387,16.200766,13.90588,2.63,1.193,234.238,0.89165,0.0838402406417112,0.08163,0.105,4.438,5562625024.0,139093786624.0,9680000000.0,7731000000.0,75048000000.0,20537999360.0,3791000064.0,38.122,59840000000.0,25362000000.0,,23335000000.0,5017000000.0,8557000000.0,0.1015216927832853,,229000000.0,0.0959418882715716,0.0975465563109665,1.0868652239125778,1.1250772399588054,0.3626336898395721,0.3644569106568135,1.254144385026738,1.277361238470252,234000000.0,1118000000.0,530.12,[],{},0.0454660476383153,14.369192833057852,17.991694040098306,0.05558120306911,0.0517052735294283,,0.2117792083276263,1.0,20,20,0.6895700173558,8.0,22.0,0.5779681818181819,0.5779681818181819,0.3636363636363636,0.0,1.0,0.3636363636363636,22.0,5,5,"cheapness,quality,dividend,garp,risk",0.7370283333333333,True,0.8,0.6759,buy,3,2,stable,0.5121,building,2026-09-09,neutral,0.625,39.58914547784723
MOS,The Mosaic Company,Basic Materials,8074549248.0,,16.317406,0.7043425,3.36,1.337,52.249,-0.05073,0.0220873280746402,-0.05213,-0.06,,-746275008.0,14030649344.0,1718700032.0,1078700000.0,12052400000.0,6079099904.0,294000000.0,36.062,24480100000.0,5237500000.0,,3982800000.0,540700000.0,824800000.0,0.1578025953337094,,317408647.0,0.0076295585412667,0.1359280037400654,1.3150296273978106,1.07839282717618,0.2156649686888534,0.1941109753969638,0.4923345901364782,0.4852032804048159,316932047.0,241500000.0,25.4,[],{},-0.0924231167683875,8.163524223405611,13.006998557522945,0.076881687622055,,,0.0526264434828001,0.95,19,20,0.5700000000000001,4.0,22.0,0.4729999999999999,0.4729999999999999,0.1818181818181818,0.0,1.0,0.1818181818181818,22.0,3,5,"cheapness,quality,risk",0.4509466666666666,True,0.83335,0.6733,buy,3,6,stable,0.3543,persistent,2026-08-16,neutral,0.375,61.285791815890775
NVR,"NVR, Inc.",Consumer Cyclical,16305344512.0,16.077213,14.790881,4.808141,,5.67,32.15,0.31544,0.2287573865489258,0.1185,-0.109,-0.226,918313280.0,16220933120.0,1536605952.0,1689318000.0,10341845000.0,1090254976.0,1093735936.0,1266.244,5856930000.0,5136237000.0,,939168000.0,1339816000.0,1121320000.0,0.2309495065919088,,2799387.0,0.2635842599923397,0.2554183966703501,5.468922493100276,5.074515551128229,0.1797687525717398,0.1599258610108654,1.7657450234167047,1.6523414555865017,3011644.0,28835000.0,6088.28,[],{},0.0563197716751193,10.556338857653987,9.602060192337971,0.104144316945436,0.0621998352575163,,0.3435135738573766,0.95,19,20,0.644475818552426,9.0,22.0,0.5165000000000001,0.5165000000000001,0.4090909090909091,0.0,1.0,0.4090909090909091,22.0,3,5,"cheapness,quality,risk",0.5106783333333333,True,1.0,0.6712,buy,3,13,stable,0.375,persistent,2026-07-25,neutral,0.5,39.51640962057604
CRM,"Salesforce, Inc.",Technology,199989002240.0,22.37569,15.1797495,5.211014,0.72,0.839,110.417,0.19381,0.0663995369752014,0.2199,0.108,1.189,17731874816.0,230962003968.0,12899000320.0,8917000000.0,41525000000.0,42375999488.0,11402999808.0,46.632,112305000000.0,28222000000.0,,37118000000.0,7457000000.0,14996000000.0,0.7767609873570138,,929000000.0,0.0602071350847194,0.7719224172054361,0.760331914435045,1.0624374553252325,0.1529406526868794,0.1106793098087983,0.3697520146030898,0.3681699829006684,962000000.0,,243.0,[],{},0.0886642496206895,17.90541888815148,25.901312545474937,0.0386080820516064,0.0446913592385307,,0.1185976299094258,1.0,20,20,0.652625038698764,8.0,22.0,0.5230954545454545,0.5230954545454545,0.3636363636363636,0.0,1.0,0.3636363636363636,22.0,5,5,"cheapness,quality,dividend,garp,risk",0.6498616666666667,True,0.8,0.6656,buy,3,6,stable,0.6591,persistent,2026-08-16,wait,0.125,62.64341963853016
HPE,Hewlett Packard Enterprise Company,Technology,73302605824.0,30.340658,12.011372,2.7659788,0.97,1.113,76.464,0.10936,0.0007509287803335,0.06666,0.337,4.102,4738625024.0,87469604864.0,6889999872.0,1644000000.0,34296000000.0,20320999424.0,6216000000.0,19.964,75906000000.0,24994000000.0,,24643000000.0,57000000.0,2919000000.0,0.3025717284814556,,1318292428.0,0.0361903960034801,0.3278786470607761,1.0142433956904595,1.2881453817425788,0.3171949516507259,0.2780724649883528,0.4518219903564935,0.4227638853807078,1297258235.0,,55.22,[],{},0.064644700836113,12.695153336571789,53.205355756691,0.0187951003386391,0.0329590742560692,,0.0320699139730409,1.0,20,20,0.6225601681725228,6.0,22.0,0.4224681818181818,0.4224681818181818,0.2727272727272727,0.0,1.0,0.2727272727272727,22.0,4,5,"cheapness,dividend,garp,risk",0.570185,True,0.9,0.6621,buy,3,4,stable,0.5139,persistent,2026-09-06,neutral,0.5,53.95175983116497
TXT,Textron Inc.,Industrials,13621362688.0,15.028462,10.904539,1.6907542,0.1,1.861,52.285,0.12126,0.0508025814992553,0.06125,0.03,0.052,452750016.0,16396363776.0,1680000000.0,1001000000.0,14799000000.0,4211000064.0,1436000000.0,46.843,18129000000.0,8572000000.0,,4353000000.0,921000000.0,1312000000.0,0.182106899114805,,174310000.0,0.0489369283762917,0.1826010801342869,1.969216632207673,1.7639963586709149,0.2139114126537591,0.2130894405511343,0.8163163991395003,0.8137546026844044,182964000.0,126000000.0,79.2,[],{},0.033238232207036,9.759740342857144,16.379983792207792,0.0610501214583445,0.0665404084596281,,0.0726626016260162,1.0,20,20,0.6287497751739807,9.0,22.0,0.455459090909091,0.455459090909091,0.4090909090909091,0.0,1.0,0.4090909090909091,22.0,5,5,"cheapness,quality,dividend,garp,risk",0.4665116666666667,True,0.83335,0.6592,buy,3,20,stable,0.644,persistent,2026-07-16,neutral,0.625,32.8946262498111
BSX,Boston Scientific Corporation,Healthcare,62461792256.0,18.185654,12.567466,2.5011604,,1.24,50.151,0.15338999,0.0663567879467863,0.17499,0.075,0.151,2451375104.0,74788790272.0,5711000064.0,3971000000.0,20074000000.0,12624000000.0,539000000.0,17.232,43673000000.0,8794000000.0,,5439000000.0,2898000000.0,4534000000.0,0.6900966424230348,,1483000317.0,0.0470618098743495,0.686093031587747,1.616841331127045,1.0814189717143303,0.2618551507796579,0.2727757329610357,0.4596432578480983,0.4251047087193806,1474556348.0,349000000.0,43.1,[],{},0.0392459936780716,13.095568102588626,18.83374219894233,0.0530961924314838,0.0549883990974424,,0.1038604383532981,0.95,19,20,0.645832520991689,8.0,22.0,0.4656727272727272,0.4656727272727272,0.3636363636363636,0.0,1.0,0.3636363636363636,22.0,3,5,"cheapness,quality,risk",0.501305,True,1.0,0.6558,buy,3,20,stable,0.371,persistent,2026-07-16,neutral,0.5,33.576850002067744
FICO,Fair Isaac Corporation,Technology,20748199936.0,28.489618,18.106005,-5.063914,,1.183,,,0.3489826473811019,0.3405,0.257,0.412,774413504.0,26097766400.0,1263363968.0,935772000.0,1990869000.0,5598009856.0,248444000.0,-189.709,1868133000.0,705165000.0,,849215000.0,651946000.0,778807000.0,0.8223278377432166,,23763783.0,0.2985131708543767,0.7972630399772697,0.8303727560158499,1.623553387590886,1.6459631086223518,1.298681401072482,1.0656998190171685,0.9997916040896824,24392000.0,133647000.0,960.67,[],{},0.0373243706147405,20.657361663808352,27.889022539678468,0.0358564018720008,0.0351005057351067,,0.9183977513401472,0.85,17,20,0.6639992067033567,5.0,22.0,0.3801681818181817,0.3801681818181817,0.2272727272727272,0.0,1.0,0.2272727272727272,22.0,4,5,"cheapness,quality,garp,risk",0.3571383333333333,True,0.6,0.6537,buy,3,13,stable,0.448,persistent,2026-07-25,neutral,0.5,35.68733887718973
TSN,"Tyson Foods, Inc.",Consumer Defensive,18455506944.0,31.987804,12.567166,1.0208212,3.94,1.433,44.025,0.03263,0.0129303289868514,0.01031,-0.001,2.041,1191250048.0,25827508224.0,2772000000.0,1441000000.0,54441000000.0,8006000128.0,740000000.0,51.39,36658000000.0,9916000000.0,,6389000000.0,474000000.0,2155000000.0,0.0654286291581712,,353009005.0,0.0215633423180593,0.0680372920144816,1.5520425731726404,2.0369751410068937,0.240875115936494,0.2638005390835579,1.4851055704075509,1.436900269541779,355829698.0,449000000.0,52.46,[],{},0.0645471322795217,9.31728290909091,17.923322848022206,0.0557932258699645,0.0312619146972389,,0.0476064620568898,1.0,20,20,0.5915933528836755,9.0,22.0,0.5821272727272727,0.5821272727272727,0.4090909090909091,0.0,1.0,0.4090909090909091,22.0,4,5,"cheapness,dividend,garp,risk",0.7090366666666666,True,1.0,0.6537,buy,3,6,stable,0.4981,persistent,2026-08-16,neutral,0.625,36.659546068290275
NKE,"NIKE, Inc.",Consumer Cyclical,54325723136.0,17.438095,15.983378,3.653232,4.39,1.961,74.289,0.22138001,0.0809164280135381,0.066989996,-0.011,4.28,1889250048.0,56341721088.0,4928999936.0,3797000000.0,46398000000.0,11043000320.0,9027000320.0,10.024,38410000000.0,24603000000.0,,12547000000.0,3108000000.0,2868000000.0,0.4291348765032975,,1483498703.0,0.0880013122283277,0.4273467360556263,1.960867139555272,2.2110543251940187,0.2872429054933611,0.3010743869433281,1.2079666753449625,1.2659996172667378,1476000000.0,,36.62,[],{},0.0347763442240873,11.430659732108383,14.838483299446931,0.0673923324789719,0.0573457135082702,,0.1468120480996017,1.0,20,20,0.607864572980852,8.0,22.0,0.6184363636363636,0.6184363636363636,0.3636363636363636,0.0,1.0,0.3636363636363636,22.0,5,5,"cheapness,quality,dividend,garp,risk",0.7998633333333334,True,1.0,0.6489,buy,3,20,stable,0.6284,persistent,2026-07-16,neutral,0.5,33.68393926263322
BF-B,Brown-Forman Corporation,Consumer Defensive,12201200640.0,16.829113,15.514776,3.0729227,3.53,3.263,61.502,0.18122,0.0905751203445655,0.18416001,-0.014,0.057,685625024.0,14341200896.0,1186000000.0,1152000000.0,3928000000.0,2440999936.0,301000000.0,8.653,7894000000.0,3991000000.0,,1232000000.0,715000000.0,1000000000.0,0.6053971486761711,,458703000.0,0.1074697007172891,0.5894339622641509,3.239448051948052,3.884259259259259,0.316949581960983,0.3379915904031659,0.4975931086901444,0.4915904031659658,471777000.0,103000000.0,26.59,[],{},0.0561932423070128,12.092074954468805,12.448959111111112,0.0803280010059207,0.0594208381630095,,0.1729210447313119,1.0,20,20,0.6352883675464321,11.0,22.0,0.629340909090909,0.629340909090909,0.5,0.0,1.0,0.5,22.0,5,5,"cheapness,quality,dividend,garp,risk",0.7371016666666667,True,1.0,0.6464,buy,3,14,stable,0.6408,persistent,2026-07-20,neutral,0.5,45.42389435477491
ALLE,Allegion plc,Industrials,12863514624.0,19.930172,15.476475,6.0733933,1.45,1.93,104.895,0.3373,0.1232459750751383,0.15357,0.127,0.162,484449984.0,14765214720.0,1049299968.0,859500000.0,4067300000.0,2222299904.0,320600000.0,24.907,5223700000.0,1391800000.0,,755400000.0,643800000.0,783800000.0,0.4519705947434416,,86066997.0,0.1331387316725344,0.442314829542442,1.842467566851999,2.0408953938872147,0.3790608189597412,0.4455412451535273,0.7786243467274154,0.8405454788537814,86254744.0,101000000.0,151.27,[],{},0.0376607792007435,14.071490679774804,17.17884202443281,0.0582111412735351,0.0501751816291399,,0.1923550343531097,1.0,20,20,0.6456699507919256,7.0,22.0,0.5304409090909091,0.5304409090909091,0.3181818181818182,0.0,1.0,0.3181818181818182,22.0,5,5,"cheapness,quality,dividend,garp,risk",0.6323433333333333,True,0.9,0.6425,buy,3,13,stable,0.6441,persistent,2026-07-25,neutral,0.5,39.34424584027804
HRL,Hormel Foods Corporation,Consumer Defensive,11469309952.0,33.612904,13.414611,1.462251,5.58,1.882,4.244,0.042930003,0.0357046779021376,0.028210001,-0.029,-0.051,621551616.0,11145048064.0,1264931968.0,895192000.0,12106160000.0,250000000.0,574262976.0,14.252,13393119000.0,3405656000.0,,1380796000.0,478197000.0,845251000.0,0.1562688746885883,,550107260.0,0.0599221614369742,0.1696311077187204,2.466443993174951,2.32007312232768,0.213350153911124,0.2127885869525168,0.9039089401057364,0.8873120551966475,548605305.0,78038000.0,20.84,[],{},0.0541925903651784,8.81078852139501,12.449896853412453,0.0803219505971975,0.0297504791612173,,0.074522804623219,1.0,20,20,0.5729960899315738,6.0,22.0,0.5197590909090909,0.5197590909090909,0.2727272727272727,0.0,1.0,0.2727272727272727,22.0,4,5,"cheapness,dividend,garp,risk",0.6126183333333334,True,1.0,0.6397,buy,3,6,stable,0.4851,persistent,2026-08-16,accumulate,0.875,24.783571933475415
KVUE,Kenvue Inc.,Consumer Defensive,34170562560.0,20.929413,14.327595,3.2368999,4.73,1.005,81.617,0.15581,0.0542916235780765,0.107609995,0.03,0.085,1907500032.0,41673560064.0,3480999936.0,2715000000.0,15124000000.0,8613000192.0,1110000000.0,5.496,27076000000.0,5697000000.0,,5945000000.0,1470000000.0,2197000000.0,0.581327691087014,,1916115445.0,0.0402328034061169,0.5796829505014558,0.9582842724978974,0.96271127374107,0.3203575121879154,0.3406116948556697,0.5585758605407003,0.6036873559626577,1913768088.0,430000000.0,17.79,[],{},0.0558229039586523,11.971721008385565,15.349377555801103,0.0651492216127071,0.0477796486695541,,0.1284842175003549,1.0,20,20,0.6106060606060606,8.0,22.0,0.5387454545454545,0.5387454545454545,0.3636363636363636,0.0,1.0,0.3636363636363636,22.0,5,5,"cheapness,quality,dividend,garp,risk",0.6424000000000001,True,0.8,0.6378,buy,3,7,stable,0.6242,persistent,2026-08-02,neutral,0.5,32.54717265941858
ALGN,"Align Technology, Inc.",Healthcare,10707127296.0,26.535212,12.01095,2.5370748,,1.395,2.855,0.10155,0.0658279129241687,0.09991,0.043,-0.121,584361344.0,9725377536.0,910062016.0,585311000.0,4034964000.0,120842000.0,1102590976.0,59.407,6233693000.0,2616562000.0,,1920015000.0,410351000.0,593223000.0,0.6718803439138491,,71364000.0,0.0678019502461944,0.6999626407722708,1.3627820615984771,1.2229676054340792,0.0183592615164076,0.0191930293180574,0.6472830792276745,0.6434866282624787,73849000.0,,150.72,[],{},0.0545768559432657,10.68649978244999,16.61574365764525,0.06018388467012,0.037685773906762,,0.1356872256111837,0.95,19,20,0.6006674787560498,5.0,22.0,0.3996136363636364,0.3996136363636364,0.2272727272727272,0.0,1.0,0.2272727272727272,22.0,3,5,"cheapness,quality,risk",0.400785,True,1.0,0.6375,buy,3,5,stable,0.3529,persistent,2026-09-04,neutral,0.5,34.172777621815285
DOV,Dover Corporation,Industrials,25235032064.0,23.16069,16.091866,3.2755847,1.1,1.979,42.316,0.14914,0.081502125212415,0.13475999,0.069,0.141,906472128.0,26739050496.0,1908990976.0,1373361000.0,8092571000.0,3259987968.0,1755970944.0,57.202,13422423000.0,4506940000.0,,2518489000.0,1093956000.0,1333575000.0,0.397669541607976,,134846325.0,0.2156120794681657,0.3819591735456742,1.7895412685939862,2.04163071976807,0.2663306766594973,0.2521314780528828,0.602914317333018,0.6192189563487877,137216447.0,109772000.0,187.37,[],{},0.0359211799573325,14.006902511413443,19.46979016879029,0.0513616218423854,0.0431766065691479,,0.1259509641199222,1.0,20,20,0.6102401564635367,7.0,22.0,0.5433636363636363,0.5433636363636363,0.3181818181818182,0.0,1.0,0.3181818181818182,22.0,5,5,"cheapness,quality,dividend,garp,risk",0.6346866666666667,True,1.0,0.6338,buy,3,7,stable,0.622,persistent,2026-08-02,neutral,0.5,32.29857411543368
PHM,"PulteGroup, Inc.",Consumer Cyclical,22174517248.0,12.151358,10.365485,1.6787564,0.87,7.272,19.065,0.14901,0.1229320700207436,0.1162,-0.096,-0.182,1078512896.0,22965274624.0,2753777920.0,2978583000.0,17311953000.0,2481007104.0,1337081984.0,69.343,18048423000.0,17368409000.0,,1373716000.0,2218730000.0,1871249000.0,0.2641298760457586,,192724978.0,0.1775687677838035,0.2909243631926316,12.643376796950752,11.081974412742424,0.1272509515097247,0.1298401158781077,0.9591947728618728,1.0335864409114546,202912881.0,605000.0,116.41,[],{},0.0486374915826983,8.339552168389817,7.710134189310823,0.1296994287578522,0.0822953286373424,,0.1786288058914618,1.0,20,20,0.6093884582256676,10.0,22.0,0.6086909090909091,0.6086909090909091,0.4545454545454545,0.0,1.0,0.4545454545454545,22.0,5,5,"cheapness,quality,dividend,garp,risk",0.6131483333333334,True,0.83335,0.6314,buy,3,20,stable,0.6204,persistent,2026-07-16,neutral,0.625,32.43666796533391
LVS,Las Vegas Sands Corp.,Consumer Cyclical,27592069120.0,16.837944,12.099248,47.49164,2.77,0.997,1703.902,1.22869,0.0742244525547445,0.12588,-0.007,-0.198,2212875008.0,39814656000.0,4639000064.0,3089000000.0,13017000000.0,15283999744.0,3376000000.0,0.897,21920000000.0,4832000000.0,,4222000000.0,1627000000.0,3023000000.0,0.4978873780440961,,674914434.0,0.0699699990322268,0.4886705611612675,1.1444812884888678,0.7395276676435097,0.7200729927007299,0.6654408206716346,0.5938412408759124,0.5466950546791832,716299901.0,746000000.0,42.6,[],{},0.0801996761596978,8.582594406275913,12.889173195208803,0.0775844955184342,0.0593896737036303,,0.1745394959882472,1.0,20,20,0.6434862187769164,8.0,22.0,0.5548727272727273,0.5548727272727273,0.3636363636363636,0.0,1.0,0.3636363636363636,22.0,5,5,"cheapness,quality,dividend,garp,risk",0.6438416666666666,True,0.8,0.6264,buy,3,8,stable,0.6349,persistent,2026-07-26,neutral,0.5,33.445472041177055
UNH,UnitedHealth Group Incorporated,Healthcare,348518121472.0,25.245773,17.3066,3.5693734,2.36,0.777,69.211,0.14152999,0.038942958385689,0.03135,0.004,0.615,24272250880.0,397880131584.0,26680999936.0,18964000000.0,447567000000.0,73328001024.0,31467999232.0,108.781,309581000000.0,90582000000.0,,114897000000.0,12056000000.0,19697000000.0,0.1852616479767275,,905838620.0,0.0482938735005598,0.2233422771174034,0.7883756756051071,0.8266341585637329,0.2532099838168363,0.2578265913007329,1.4457185679999742,1.341962866855752,915000000.0,4002000000.0,388.28,[],{},0.0696441573180866,14.91248950707992,20.980812675806792,0.0476625960801371,0.0396105914443578,,0.0974091348030654,1.0,20,20,0.6182309735696694,5.0,22.0,0.4724909090909092,0.4724909090909092,0.2272727272727272,0.0,1.0,0.2272727272727272,22.0,4,5,"cheapness,dividend,garp,risk",0.5969450000000001,True,0.9,0.6261,buy,3,6,stable,0.4977,persistent,2026-08-16,neutral,0.625,40.83504230208063
DD,"DuPont de Nemours, Inc.",Basic Materials,17193670656.0,54.87931,15.985416,1.2486882,1.88,2.427,22.902,0.01792,-0.0361066048667439,0.00787,0.04,1.496,1835250048.0,18744672256.0,1583000064.0,860000000.0,6849000000.0,3179000064.0,1740000000.0,101.963,21575000000.0,5575000000.0,,2305000000.0,-779000000.0,560000000.0,0.3450138706380493,,136398481.0,0.0191887760672562,0.3304063104628665,2.418655097613883,3.7800218340611353,0.1480417149478563,0.1957364341085271,0.3174507531865585,0.1833988426684135,139331447.0,313000000.0,127.32,[],{},0.1067398628668952,11.841232784687998,21.79613053023256,0.0458797032167218,0.0182218034446861,,0.0446289569278671,1.0,20,20,0.5908333333333333,5.0,22.0,0.5083409090909091,0.5083409090909091,0.2272727272727272,0.0,1.0,0.2272727272727272,22.0,4,5,"cheapness,dividend,garp,risk",0.5835983333333333,True,0.75,0.6258,buy,3,4,stable,0.4867,persistent,2026-09-06,neutral,0.625,30.08483386513919
BXP,"BXP, Inc.",Real Estate,11525510144.0,34.630436,28.666288,1.9717786,4.36,0.506,211.631,0.05308,0.010578547164957,0.09304,0.037,-0.232,880636864.0,28611170304.0,1617154048.0,1014351000.0,3482279000.0,16358486016.0,495528000.0,32.316,26166164000.0,3266567000.0,,1479115000.0,276800000.0,1245157000.0,0.6063876559000586,,158548298.0,0.0005471347879124,0.6120202399317549,2.208460464534536,2.509236913056423,0.663403890612319,0.6511053487485902,0.1330832826699396,0.1306391264244787,158174995.0,653138000.0,63.72,[],{},0.0764076256059212,17.692297366094834,28.206380536914736,0.0354529713123334,0.0288763329459669,,0.0410883860602374,1.0,20,20,0.587322568874293,4.0,22.0,0.3906954545454544,0.3906954545454544,0.1818181818181818,0.0,1.0,0.1818181818181818,22.0,4,5,"cheapness,dividend,garp,risk",0.4838366666666666,True,0.6,0.6243,buy,3,6,stable,0.4846,persistent,2026-08-16,neutral,0.5,35.20369888900068
PYPL,"PayPal Holdings, Inc.",Financial Services,45604618240.0,9.853974,9.214511,2.3185318,1.07,1.288,71.751,0.24497,0.0652713507041023,0.14364,0.048,-0.031,4423124992.0,48569618432.0,6456000000.0,6396000000.0,33172000000.0,14220999680.0,11256000512.0,22.993,80173000000.0,59759000000.0,,46443000000.0,5233000000.0,6416000000.0,0.4662064391655613,,920000000.0,0.0526770403302635,0.4609868855552411,1.286717051008763,1.2795339635084635,0.1245681214373916,0.1254874563353445,0.413755254262657,0.4038996506827564,993000000.0,441000000.0,53.31,[],{},0.0969885323614102,7.523175097893432,7.593748973108193,0.1316872606062313,0.1014818995869077,,0.189623480581085,1.0,20,20,0.6497113628059921,14.0,22.0,0.6796181818181818,0.6796181818181818,0.6363636363636364,0.0,1.0,0.6363636363636364,22.0,5,5,"cheapness,quality,dividend,garp,risk",0.6935100000000001,True,1.0,0.6198,buy,3,20,stable,0.6348,persistent,2026-07-16,neutral,0.625,41.501404706233146
JKHY,"Jack Henry & Associates, Inc.",Technology,11317576704.0,22.703234,20.610317,5.512225,1.54,1.167,3.793,0.24040002,0.1598290497760283,0.19760999,0.047,-0.104,352223744.0,11383342080.0,702214016.0,635033000.0,2544339000.0,77821000.0,12056000.0,29.284,3145711000.0,649095000.0,,556239000.0,502776000.0,761960000.0,0.4365330248838696,,70070759.0,0.1497215806988899,0.4271233635668601,1.1669354360266,1.2719006166664175,0.0127157262698321,,0.8088279565414623,0.7803256930915876,72836391.0,5387000.0,161.42,[],{},0.0311218340473462,16.210644932498756,17.925591394462966,0.0557861650416114,0.0440465882525811,,0.2452364806416134,1.0,20,20,0.6025852312538615,9.0,22.0,0.5768,0.5768,0.4090909090909091,0.0,1.0,0.4090909090909091,22.0,5,5,"cheapness,quality,dividend,garp,risk",0.6744533333333333,True,1.0,0.6161,buy,3,13,stable,0.6093,persistent,2026-07-25,neutral,0.375,50.54488012558231
MCK,McKesson Corporation,Healthcare,102699786240.0,23.92341,17.452604,-24.09882,0.42,0.893,,,0.0578453166186849,0.01117,0.077,-0.176,6801249792.0,112270786560.0,7071000064.0,6454000000.0,403430000000.0,11795999744.0,5164000256.0,-36.552,82323000000.0,57210000000.0,,67017000000.0,4762000000.0,6155000000.0,0.036065736311132,,120000000.0,0.0438514772424807,0.0371061492657032,0.8536639957025829,0.8992597883254334,0.1046366143119176,0.0983497471386744,4.900574566038653,4.778426936385414,125000000.0,247000000.0,880.86,[],{},0.0662245759315029,15.877639024725088,17.395535568639602,0.0574860139289292,0.0418000611116893,,0.4216647066509865,0.9,18,20,0.6545799476397216,5.0,22.0,0.4415727272727272,0.4415727272727272,0.2272727272727272,0.0,1.0,0.2272727272727272,22.0,4,5,"cheapness,dividend,garp,risk",0.4123,True,0.8,0.6152,buy,3,8,stable,0.4571,persistent,2026-07-26,neutral,0.5,50.588543594534116
AVY,Avery Dennison Corporation,Consumer Cyclical,12790765568.0,18.587006,15.087286,5.5149994,2.36,1.132,158.653,0.3116,0.0781667177931536,0.076220006,0.109,0.108,1004600000.0,16201265152.0,1496499968.0,1123800000.0,8855500000.0,3685199872.0,274700000.0,30.602,8801700000.0,2990300000.0,,2653600000.0,688000000.0,881400000.0,0.2875388176839252,,76877487.0,0.0838747293020156,0.289034571764679,1.126884232740428,1.0754908125480334,0.4241112512355567,0.3750743675781157,1.00611245554836,1.041824325932272,79800396.0,135400000.0,168.77,[],{},0.0785410376461994,10.8261045763016,14.416502181882898,0.0693649532586824,0.0538010263729403,,0.1827881784616385,1.0,20,20,0.5965472404425892,6.0,22.0,0.5328409090909091,0.5328409090909091,0.2727272727272727,0.0,1.0,0.2727272727272727,22.0,5,5,"cheapness,quality,dividend,garp,risk",0.6264866666666666,True,0.9,0.6118,buy,3,13,stable,0.6042,persistent,2026-07-25,neutral,0.375,41.554899773685946
AIZ,"Assurant, Inc.",Financial Services,13858499584.0,13.424272,11.99012,2.2753556,1.26,0.382,36.211,0.18341999,0.0240482121599576,0.07903,0.094,0.305,2149574912.0,14032698368.0,1737100032.0,1197100000.0,12814300000.0,2208100096.0,2033900032.0,123.484,36289600000.0,,,,872700000.0,1833900000.0,,,49792919.0,0.0217072237483081,,,,0.0608135664212336,0.059482133372929,0.3531121864115338,0.3391575244284792,50833749.0,109700000.0,280.97,[],{},0.1551087763123896,8.078232749695788,11.72224406315262,0.0853078979257369,0.0744919352051269,,,0.95,19,20,0.6164718061137497,10.0,22.0,0.6247636363636364,0.6247636363636364,0.4545454545454545,0.0,1.0,0.4545454545454545,22.0,5,5,"cheapness,quality,dividend,garp,risk",0.7109449999999999,True,0.9,0.6112,buy,3,13,stable,0.5831,persistent,2026-07-25,neutral,0.5,48.40123765402988
SW,Smurfit Westrock Plc,Consumer Cyclical,22140110848.0,44.904255,12.385018,1.2275344,4.29,1.447,78.427,0.02715,0.0154793276789866,0.01587,0.011,,1215000064.0,35621306368.0,4576000000.0,2224000000.0,31179000000.0,14163999744.0,677000000.0,34.386,45157000000.0,10439000000.0,,7064000000.0,699000000.0,3392000000.0,0.1938163507489015,,522310486.0,0.007289928928906,0.198730399355725,1.47777463193658,1.371198690849584,0.3050025466705051,0.3106789460453849,0.6904577363420954,0.4823921936058868,520444261.0,840000000.0,42.21,[],{},0.0548777769154554,7.784376391608392,16.016774446043165,0.0624345434449845,0.0222696045174338,,0.058383430026514,1.0,20,20,0.529412641621944,5.0,22.0,0.4375227272727272,0.4375227272727272,0.2272727272727272,0.0,1.0,0.2272727272727272,22.0,4,5,"cheapness,quality,dividend,risk",0.4731216666666666,True,1.0,0.6092,buy,3,20,stable,0.4554,persistent,2026-07-16,neutral,0.5,32.63767834684023
REG,Regency Centers Corporation,Real Estate,14079861760.0,25.356901,29.9184,2.0691266,4.01,0.964,71.972,0.081870005,0.0405698422224945,0.32996,0.089,0.089,743363968.0,19207739392.0,1071214976.0,583065000.0,1553524000.0,5143966208.0,193275008.0,36.397,13001283000.0,411250000.0,,511847000.0,527460000.0,827692000.0,0.7057277518725169,,182902234.0,0.0323103018158304,0.7021453961196887,0.8034627535181411,0.7296491159015268,0.4105843246393452,0.4049535824071751,0.1194900534047293,0.1173263860336552,180882203.0,206456000.0,75.31,[],{},0.0527962547268645,17.930798039925836,32.94270688859733,0.0303557325565779,0.0394369958694873,,0.0466846541349024,1.0,20,20,0.6140047436599161,6.0,22.0,0.4569318181818182,0.4569318181818182,0.2727272727272727,0.0,1.0,0.2727272727272727,22.0,5,5,"cheapness,quality,dividend,garp,risk",0.5696016666666667,True,0.8,0.6089,buy,3,6,stable,0.6115,persistent,2026-08-16,neutral,0.625,39.98866456551347
MAA,"Mid-America Apartment Communities, Inc.",Real Estate,14808612864.0,37.269463,37.956196,2.6576145,4.8,0.048,102.377,0.0705,0.0373189734307453,0.18173,0.01,0.137,921182272.0,20254453760.0,1238054016.0,619438000.0,2209126000.0,5715268096.0,51836000.0,46.839,11975383000.0,120376000.0,,1334529000.0,446909000.0,1078175000.0,0.3052089378333332,,116878077.0,0.0446602201472033,0.3255418150948305,0.0902011121526771,0.0753146524203987,0.453401031098546,0.423881780191594,0.1844722628077949,0.1854848083394618,116883421.0,185257000.0,124.48,[],{},0.0622058446972714,16.35991119792951,32.698113063777164,0.0305828045199279,0.0268316181534464,,0.0582131847688164,1.0,20,20,0.5684131545338442,5.0,22.0,0.4101727272727272,0.4101727272727272,0.2272727272727272,0.0,1.0,0.2272727272727272,22.0,4,5,"cheapness,dividend,garp,risk",0.526975,True,0.7,0.6083,buy,3,8,stable,0.4707,persistent,2026-07-26,neutral,0.625,29.93792949230874
MCD,McDonald's Corporation,Consumer Cyclical,179068698624.0,20.57317,18.102919,-175.0,2.94,1.081,,,0.1438796941947408,0.3172,0.037,0.057,6262374912.0,232850685952.0,14929999872.0,12394000000.0,26885000000.0,54604001280.0,822000000.0,-1.446,59515000000.0,4163000000.0,,4361000000.0,8563000000.0,10551000000.0,0.5740747628789288,,710600000.0,0.1490159834728716,0.5675154320987654,0.9545975693648244,1.191142191142191,0.921011509703436,0.9413939328041752,0.4517348567588003,0.4697183864303577,715200000.0,1582000000.0,253.05,[],{},0.0349719127916903,15.596161282539091,18.787371788930127,0.0532272428115367,0.0486069963938469,,0.2247162490481198,0.9,18,20,0.6153450459006014,5.0,22.0,0.55595,0.55595,0.2272727272727272,0.0,1.0,0.2272727272727272,22.0,4,5,"cheapness,dividend,garp,risk",0.6116133333333333,True,0.7,0.6082,buy,3,8,stable,0.4405,persistent,2026-07-26,neutral,0.5,32.91961429769418
ADP,"Automatic Data Processing, Inc.",Technology,106200244224.0,24.280653,19.952322,17.63274,2.56,1.051,91.436,0.72239,0.0698412648176309,0.20109,0.068,0.098,5243049984.0,107484848128.0,6411200000.0,5779000000.0,21947400000.0,5514699776.0,4230099968.0,15.161,63193300000.0,52561100000.0,,50024900000.0,4413500000.0,5441200000.0,0.4641643201472611,,397800000.0,0.0764428238706522,0.4602716807143656,1.0506987520214932,1.0478193142643957,0.0834075764361095,0.1698616995163886,0.3473058061535004,0.385257067265263,405300000.0,459300000.0,267.33,[],{},0.0493694720036729,16.765168475168455,18.59921234261983,0.0537657176862546,0.0411850537957113,,0.4388536192703745,1.0,20,20,0.6166661219924908,6.0,22.0,0.5298272727272727,0.5298272727272727,0.2727272727272727,0.0,1.0,0.2727272727272727,22.0,5,5,"cheapness,quality,dividend,garp,risk",0.6299466666666667,True,0.8,0.6057,buy,3,13,stable,0.6112,persistent,2026-07-25,neutral,0.625,44.020383028257726
DG,Dollar General Corporation,Consumer Defensive,27133657088.0,16.182894,14.908656,2.9211695,1.89,1.209,169.811,0.19692,0.0488413702095968,0.03903,0.052,0.333,1738019712.0,41317167104.0,3581925888.0,2203668000.0,42724369000.0,15773100032.0,1589590016.0,42.103,30963730000.0,7897803000.0,,6961135000.0,1512311000.0,3634500000.0,0.3066093029952063,,220222000.0,0.0361437269256123,0.2959077578156848,1.1345567928218605,1.1885688154763447,0.5076473667739643,0.5609332466892644,1.3798198408266704,1.3044890084015432,219939000.0,230567000.0,122.99,[],{},0.0640540162486481,11.534902841630206,18.74927035469953,0.0533354088496221,0.0617936445730905,,0.0918095730899096,1.0,20,20,0.6147116324535679,9.0,22.0,0.5478227272727273,0.5478227272727273,0.4090909090909091,0.0,1.0,0.4090909090909091,22.0,5,5,"cheapness,quality,dividend,garp,risk",0.671015,True,0.9,0.6046,buy,3,13,stable,0.6097,persistent,2026-07-25,wait,0.25,46.39995730008511
FTV,Fortive Corporation,Technology,16462949376.0,29.464863,16.77783,2.7216895,0.5,1.241,59.283,0.07318,0.0493452720720413,0.12382,0.079,0.04,939112512.0,19695648768.0,1234599936.0,720200000.0,4159100000.0,3598099968.0,374200000.0,20.028,11737700000.0,1605700000.0,,2246600000.0,579200000.0,1083200000.0,0.6350171912192542,,313400000.0,0.0489477612378864,0.6417947021490358,0.714724472536277,1.1581040028591851,0.281707659933377,0.2178701347547322,0.3543368803087487,0.2398258120250821,341200000.0,120500000.0,54.51,[],{},0.0570440016883643,15.953061549486424,27.347471213551792,0.0365664522394472,0.0339387289871329,,0.0758816154081191,1.0,20,20,0.5694984646912611,4.0,22.0,0.4004818181818182,0.4004818181818182,0.1818181818181818,0.0,1.0,0.1818181818181818,22.0,4,5,"cheapness,dividend,garp,risk",0.4653333333333333,True,0.9,0.6038,buy,3,7,stable,0.4693,persistent,2026-08-02,accumulate,0.75,28.675893987514726
GEHC,GE HealthCare Technologies Inc.,Healthcare,29016324096.0,15.009344,11.873823,2.643839,0.21,1.264,93.965,0.19376,0.0564677830163117,0.093339995,0.058,0.168,1573124992.0,37721325568.0,3592999936.0,2762000000.0,20625000000.0,10540999680.0,2079000064.0,24.298,36906000000.0,12501000000.0,,9105000000.0,2084000000.0,1987000000.0,0.3998545454545454,,455736583.0,0.0602314968720722,0.4170902806018707,1.3729818780889622,1.036428347116089,0.2835040372839105,0.2833570068602859,0.5588522191513575,0.594517815588262,456955918.0,440000000.0,64.24,[],{},0.0542151716666571,10.498560044505384,13.65725038667632,0.0732211808151057,0.0666251636314018,,0.0993489442825797,1.0,20,20,0.6298925106564588,9.0,22.0,0.5069363636363637,0.5069363636363637,0.4090909090909091,0.0,1.0,0.4090909090909091,22.0,5,5,"cheapness,quality,dividend,garp,risk",0.5556233333333334,True,0.9,0.6035,buy,3,8,stable,0.6167,persistent,2026-07-26,neutral,0.625,28.938508535926644
SBAC,SBA Communications Corporation,Real Estate,19246505984.0,20.157778,22.16637,-4.157005,2.68,0.165,,,0.0910264283095343,0.34512,0.023,-0.105,752056384.0,34213722112.0,1833553024.0,1554271000.0,2815139000.0,15209066496.0,327051008.0,-43.642,11575012000.0,773431000.0,,2678301000.0,1053632000.0,1291328000.0,0.7545513738397998,,105666000.0,0.0656489394723953,0.7829080389336752,0.2887767282318156,1.100550853867991,1.3234655825842772,1.380023676276147,0.2432083007775715,0.2346987072991458,107561000.0,476767000.0,181.42,[],{},0.0390749564947112,18.65979421601936,22.01271342770984,0.0454282932126481,0.0496086423811195,,0.174701752141887,0.9,18,20,0.6335157817916438,6.0,22.0,0.5246272727272726,0.5246272727272726,0.2727272727272727,0.0,1.0,0.2727272727272727,22.0,5,5,"cheapness,quality,dividend,garp,risk",0.5719483333333333,True,0.6,0.6032,buy,3,13,stable,0.5565,persistent,2026-07-25,neutral,0.375,44.10856507566113
CAH,"Cardinal Health, Inc.",Healthcare,54892523520.0,33.242256,16.766666,-19.075407,0.86,0.883,,,0.0299132620115534,0.00674,0.058,0.688,4752500224.0,60193521664.0,4244000000.0,3173000000.0,254248000000.0,9998000128.0,4856000000.0,-12.373,57299000000.0,38753000000.0,,43904000000.0,1714000000.0,5174000000.0,0.0384427802775243,,233000000.0,0.0293851888106622,0.036697247706422,0.8826758381924198,0.9351106769159576,0.1550812405103055,0.1605172998004593,4.4372153091677,4.189940137796016,238677005.0,348000000.0,236.02,[],{},0.0865782791397526,14.183204916116871,18.970539446580524,0.0527133138631042,0.030082194180804,,0.2368794326241134,0.9,18,20,0.6211819555468369,7.0,22.0,0.4903727272727272,0.4903727272727272,0.3181818181818182,0.0,1.0,0.3181818181818182,22.0,5,5,"cheapness,quality,dividend,garp,risk",0.5295916666666667,True,0.8,0.6029,buy,3,13,stable,0.5508,persistent,2026-07-25,neutral,0.5,48.90452666279594
NEM,Newmont Corporation,Basic Materials,132912742400.0,16.234234,12.508155,3.7902646,0.81,2.546,15.807,0.25905,0.1240349433658374,0.33363998,0.151,0.114,8815875072.0,129672740864.0,17057999872.0,11023000000.0,22669000000.0,5598000128.0,9009000448.0,33.28,57121000000.0,13066000000.0,,5712000000.0,7085000000.0,10334000000.0,0.5321363977237638,,1089000000.0,0.0594154288452323,0.3823466438282839,2.2874649859943976,1.6273366034734191,0.0978449256840741,0.159221991517152,0.3968592986817457,0.3315409324034144,1126980806.0,229000000.0,126.14,[],{},0.0663282911240269,7.601872542914743,11.763833880431823,0.0850063006808875,0.0615982250841031,,0.2144177089614659,1.0,20,20,0.635,11.0,22.0,0.670068181818182,0.670068181818182,0.5,0.0,1.0,0.5,22.0,5,5,"cheapness,quality,dividend,garp,risk",0.7129833333333334,True,1.0,0.6025,buy,3,6,stable,0.6188,persistent,2026-08-16,wait,0.25,56.88418433177385
DPZ,"Domino's Pizza, Inc.",Consumer Cyclical,10496834560.0,18.214695,15.204559,-2.6347692,2.48,1.538,,,0.3505495907563187,0.118640006,0.043,0.068,531496512.0,15454851072.0,1023513984.0,949946000.0,4939994000.0,5122852864.0,164836000.0,-120.428,1716459000.0,894201000.0,,541621000.0,601704000.0,792062000.0,0.3995065581051313,,33627992.0,0.3363072124388245,0.3927621357738032,1.6509718050075606,0.5614259436811534,2.9411037490554683,2.992056478564064,2.878014563703532,2.709488069461772,34281927.0,195972000.0,317.3,[],{},0.0506339800786571,15.09979474007851,16.269189061272957,0.0614658786147117,0.0549007271326805,,0.8085761611388124,0.9,18,20,0.616650838873061,7.0,22.0,0.5835272727272728,0.5835272727272728,0.3181818181818182,0.0,1.0,0.3181818181818182,22.0,5,5,"cheapness,quality,dividend,garp,risk",0.6228849999999999,True,0.7,0.6014,buy,3,13,stable,0.5481,persistent,2026-07-25,neutral,0.5,37.167196430565674
DLTR,"Dollar Tree, Inc.",Consumer Defensive,22264213504.0,14.506112,15.0054,6.501562,,1.134,223.945,0.46032003,0.0952384488571386,0.08035,0.07,1.972,1049587520.0,28876910592.0,2503800064.0,1653100000.0,19411800000.0,7670799872.0,1058099968.0,18.251,13466200000.0,3446200000.0,,3228600000.0,1282500000.0,2534000000.0,0.364046610824344,,198505205.0,-0.1625241364514053,0.3580737833148448,1.0673976336492597,1.0607158247824922,0.5239488497126138,0.4200064363870414,1.441520250701757,0.94285024672817,215078018.0,85500000.0,118.66,[],{},0.0471423578385749,11.533233426740578,17.468338631661727,0.0572464285863727,0.0689364593352098,,0.1614733922012971,0.95,19,20,0.6162670346731068,6.0,22.0,0.4785136363636363,0.4785136363636363,0.2727272727272727,0.0,1.0,0.2727272727272727,22.0,4,5,"cheapness,quality,garp,risk",0.53951,True,0.8,0.5956,buy,3,13,stable,0.4605,persistent,2026-07-25,neutral,0.5,36.0958672679169
CB,Chubb Limited,Financial Services,130658844672.0,11.962912,11.634371,1.7327707,1.21,0.41,30.941,0.14822,0.0378588975753414,0.18070999,0.061,-0.007,10488000512.0,153177833472.0,14883000320.0,13808000000.0,59783000000.0,25013999616.0,7968000000.0,195.45,272327000000.0,,,,10310000000.0,12816000000.0,,,391101227.0,0.0376072813407531,,,,0.0632585090718144,0.0615661047747294,0.2195265250966668,0.2271768580560377,400703663.0,764000000.0,338.67,[],{},0.0802701151868333,10.292133990359275,11.093412041714949,0.0901435911908495,0.083591687375114,,,0.95,19,20,0.5955249886515872,10.0,22.0,0.6082045454545454,0.6082045454545454,0.4545454545454545,0.0,1.0,0.4545454545454545,22.0,5,5,"cheapness,quality,dividend,garp,risk",0.6402033333333333,True,0.9,0.5933,buy,3,7,stable,0.5647,persistent,2026-08-02,neutral,0.5,45.250897700235846
OXY,Occidental Petroleum Corporation,Energy,61137821696.0,18.094673,15.54075,1.8273625,1.83,1.411,34.511,0.10629,0.0276292970327607,0.30318,0.534,9.649,3788124928.0,80535822336.0,13717999616.0,3722000000.0,21593000000.0,14625999872.0,4150000128.0,33.469,84186000000.0,8827000000.0,,9428000000.0,2326000000.0,10532000000.0,0.3493261705182235,,986026416.0,0.0357656972321376,0.3765384440710295,0.9362537123462028,0.952631026152715,0.2773739101513315,0.3150564690736731,0.2564915781721426,0.2576979343437299,938457983.0,1079000000.0,61.16,[],{},0.0619604170203506,5.870813864294542,21.637781390650183,0.0462154590595922,0.055264883758883,,0.0497873137323095,1.0,20,20,0.5404761904761904,6.0,22.0,0.6228045454545454,0.6228045454545454,0.2727272727272727,0.0,1.0,0.2727272727272727,22.0,4,5,"cheapness,dividend,garp,risk",0.7494666666666666,True,0.9,0.5929,buy,3,6,stable,0.4534,persistent,2026-08-16,neutral,0.375,62.527482014442306
FOX,Fox Corporation,Communication Services,24410599424.0,14.849105,10.10618,2.0950458,1.02,3.169,64.06,0.14291,0.0749488479672627,0.09839,0.281,0.031,555374976.0,27913887744.0,3881999872.0,3496000000.0,17126000000.0,7568000000.0,4204999936.0,27.713,22482000000.0,8453000000.0,,2667000000.0,1685000000.0,1970000000.0,,,419586946.0,0.0975641302004742,,3.1694788151481066,2.9095616154642734,0.3366248554399075,0.3218366027161026,0.7617649675295792,0.702737658978228,446335925.0,401000000.0,58.06,[],{},0.0227513862463355,7.190594710045369,7.98452166590389,0.1252423178047441,0.0673441261274669,,0.1764319959626545,1.0,20,20,0.5683333333333332,8.0,22.0,0.5561136363636364,0.5561136363636364,0.3636363636363636,0.0,1.0,0.3636363636363636,22.0,5,5,"cheapness,quality,dividend,garp,risk",0.5838733333333334,True,0.83335,0.5925,buy,3,20,stable,0.5804,persistent,2026-07-16,neutral,0.5,50.17188535436612
EXR,Extra Space Storage Inc.,Real Estate,30114861056.0,29.923244,28.386337,2.1744328,4.78,0.886,101.674,0.06953,0.0332831283821792,0.2728,0.038,0.06,1499437568.0,43465252864.0,2310663936.0,1489001000.0,3377542000.0,14414687232.0,696604032.0,62.752,29264046000.0,1894482000.0,,1655284000.0,973999000.0,1850193000.0,0.7077694370639951,,211155322.0,0.029627121201018,0.7219897927539729,1.1445057162396302,0.9314158572695502,0.4781210704767208,0.4516047704781272,0.1154160979654009,0.1128990000875626,211995510.0,635132000.0,136.45,[],{},0.0497906188314043,18.810720237942903,29.19088225192596,0.0342572722321204,0.0334188365405836,,0.053932190077918,1.0,20,20,0.5659040321109288,5.0,22.0,0.4233181818181818,0.4233181818181818,0.2272727272727272,0.0,1.0,0.2272727272727272,22.0,4,5,"quality,dividend,garp,risk",0.5401433333333333,True,0.7,0.587,buy,3,5,stable,0.4612,persistent,2026-09-04,accumulate,0.75,28.172898390282825
FANG,"Diamondback Energy, Inc.",Energy,57513263104.0,38.607143,11.24248,1.5204726,2.17,0.467,28.678,0.034930002,0.0234171603878467,0.09029,0.525,1.795,5035500032.0,75751202816.0,11779999744.0,4918000000.0,14929000000.0,12613999616.0,462000000.0,135.083,71059000000.0,1915000000.0,,4600000000.0,1664000000.0,8758000000.0,0.3497220175497354,,284594908.0,0.0496047078404565,0.4530527079742357,0.4163043478260869,0.438578258158387,0.2093893806555116,0.1980770373892884,0.2100930212921656,0.1638084764905189,290984373.0,265000000.0,205.39,[],{},0.0875537182248625,6.430492738727176,15.402847258235054,0.0649230615115887,0.025901942549854,,0.0740005115936141,1.0,20,20,0.523809523809524,6.0,22.0,0.5665227272727272,0.5665227272727272,0.2727272727272727,0.0,1.0,0.2727272727272727,22.0,4,5,"cheapness,dividend,garp,risk",0.6646616666666667,True,0.9,0.5857,buy,3,5,stable,0.4438,persistent,2026-09-04,neutral,0.5,56.94899373738728
UNP,Union Pacific Corporation,Industrials,169774907392.0,23.046774,20.189375,8.737312,1.99,0.986,150.772,0.39696,0.1024132686734196,0.28847,0.115,0.066,4720750080.0,198829899776.0,12883999744.0,9846000000.0,24510000000.0,31168999424.0,2114000000.0,32.708,69698000000.0,4555000000.0,,5014000000.0,7138000000.0,9290000000.0,0.4577723378212974,,593245884.0,0.0996381894705752,0.4552164948453608,0.9084563222975668,0.7653216596878569,0.4709173864386352,0.4794063353762091,0.3516600189388504,0.3581185852469911,604241260.0,1309000000.0,285.78,[],{},0.0278059352381213,15.43231168322507,20.19397722689417,0.0495197151489409,0.0433900206597244,,0.1522169315441222,1.0,20,20,0.5834803682688627,7.0,22.0,0.4995818181818182,0.4995818181818182,0.3181818181818182,0.0,1.0,0.3181818181818182,22.0,5,5,"cheapness,quality,dividend,garp,risk",0.6117683333333334,True,0.8,0.5841,buy,3,13,stable,0.5838,persistent,2026-07-25,neutral,0.625,37.59186690002192
ADSK,"Autodesk, Inc.",Technology,44226490368.0,26.752213,14.887015,13.072836,,0.855,109.518,0.53854,0.0901580171653164,0.21078,0.161,0.596,3157499904.0,43776491520.0,2286000128.0,1794000000.0,7206000000.0,3704999936.0,4155000064.0,16.187,12467000000.0,4942000000.0,,5808000000.0,1124000000.0,2452000000.0,0.9097973910630032,,212000000.0,0.1026493122865318,0.9057250040776382,0.8508953168044077,0.6759852455833819,0.2192989492259565,0.2362226530047078,0.5780059356701692,0.5659558755654021,214000000.0,,211.61,[],{},0.071393860958151,19.149820240080057,24.40161177257525,0.0409808995127072,0.0373800851540767,,0.2694098212944886,0.95,19,20,0.6083854855890131,6.0,22.0,0.3898,0.3898,0.2727272727272727,0.0,1.0,0.2727272727272727,22.0,4,5,"cheapness,quality,garp,risk",0.4412566666666667,True,0.8,0.584,buy,3,5,stable,0.4531,persistent,2026-09-04,neutral,0.625,34.922050083320556
WYNN,"Wynn Resorts, Limited",Consumer Cyclical,9104951296.0,21.61858,17.087112,-53.168972,1.11,0.912,,,0.0249718552252775,0.060549997,0.069,1.061,476188864.0,18475724800.0,1808924032.0,1206597000.0,7137924000.0,12342463488.0,2100722944.0,-1.663,13108117000.0,2683521000.0,,1643178000.0,327334000.0,1352653000.0,0.4142669493258824,,103989787.0,0.0386099112780642,0.4351226107999188,1.6331286080996703,1.897768415637459,0.9288846750452412,0.9374062786278556,0.5445422862795625,0.5492357313701696,107821567.0,625556000.0,88.42,[],{},0.0522999902491735,10.213654345435774,15.3122581939123,0.0653071537415409,0.046256507134141,,0.1052423392745482,0.9,18,20,0.5920386198163976,6.0,22.0,0.5204409090909091,0.5204409090909091,0.2727272727272727,0.0,1.0,0.2727272727272727,22.0,4,5,"cheapness,dividend,garp,risk",0.5786316666666667,True,0.6,0.582,buy,3,13,stable,0.4227,persistent,2026-07-25,neutral,0.625,28.547621273608698
EMR,Emerson Electric Co.,Industrials,82760785920.0,32.898003,20.48011,4.061037,1.48,0.896,67.677,0.128,0.0546420741588027,0.13828,0.07,0.23,3706249984.0,94397784064.0,6057999872.0,3532000000.0,18016000000.0,13802000384.0,2180000000.0,36.535,41964000000.0,8583000000.0,,9797000000.0,2293000000.0,3098000000.0,0.528363676731794,,562800000.0,0.0444785969353161,0.5079464898239195,0.8760845156680617,1.7749912922326716,0.3278762749022972,0.1888532296704786,0.4293203698408159,0.3953351715409302,570200000.0,387000000.0,148.37,[],{},0.0447826823150593,15.58233510375353,26.726439429218573,0.0374161325397783,0.030396981847196,,0.1098019709640314,1.0,20,20,0.5397342863906853,5.0,22.0,0.4321181818181818,0.4321181818181818,0.2272727272727272,0.0,1.0,0.2272727272727272,22.0,4,5,"quality,dividend,garp,risk",0.5339783333333333,True,0.9,0.5798,buy,3,13,stable,0.4478,persistent,2026-07-25,neutral,0.5,42.09931150625238
GL,Globe Life Inc.,Financial Services,13125885952.0,11.28883,10.340085,2.1379397,0.78,0.795,55.675,0.20944999,0.0376857794255878,0.19577,0.08,0.197,1163503360.0,16097753088.0,1680269056.0,1577196000.0,5994318000.0,3427248896.0,455380992.0,79.89,30813692000.0,,,,1161238000.0,1396391000.0,,,79093101.0,0.03682608799278,,,,0.085203973610173,0.0942232406656156,0.1945342349758023,0.1987217303400333,83977567.0,141221000.0,170.8,[],{},0.0886418916220063,9.580461551986112,10.20656474401406,0.0979761580003183,0.088583139262439,,,0.95,19,20,0.609960668061691,12.0,22.0,0.620309090909091,0.620309090909091,0.5454545454545454,0.0,1.0,0.5454545454545454,22.0,5,5,"cheapness,quality,dividend,garp,risk",0.6896533333333333,True,0.9,0.5792,buy,3,6,stable,0.5649,persistent,2026-08-16,neutral,0.625,41.44176761454615
VRSN,"VeriSign, Inc.",Technology,26112040960.0,31.159655,26.278849,-11.584119,1.13,0.591,,,0.6227468134851799,0.49769002,0.06,0.077,832837504.0,27389353984.0,1186000000.0,1121000000.0,1656600000.0,2340300032.0,1034099968.0,-24.935,1325900000.0,652500000.0,,1333100000.0,825700000.0,1091100000.0,0.881504285886756,,91900000.0,0.5586206896551724,0.8771028637472711,0.4894606556147325,0.4335445104826595,1.3560600346934155,1.2808389619623175,1.2494154913643565,1.1072875933167436,95000000.0,77000000.0,288.85,[],{},0.0318947685964414,23.09389037436762,24.432965195361284,0.0409283110749838,0.0320927815150713,,-155.69444444444446,0.9,18,20,0.5920462419932523,4.0,22.0,0.4469090909090909,0.4469090909090909,0.1818181818181818,0.0,1.0,0.1818181818181818,22.0,4,5,"quality,dividend,garp,risk",0.48918,True,0.7,0.5782,buy,3,4,stable,0.4213,persistent,2026-09-06,neutral,0.625,52.7521850381819
TGT,Target Corporation,Consumer Defensive,70747627520.0,16.341028,16.320135,3.9649158,2.95,0.988,107.583,0.26408002,0.0622793746848209,0.04078,0.053,1.005,3432999936.0,84532633600.0,8593000448.0,5117000000.0,104780000000.0,19196000256.0,5410999808.0,39.277,59490000000.0,20005000000.0,,21230000000.0,3705000000.0,6562000000.0,0.2793376598587517,,452840187.0,0.0708165278955841,0.2821162472083028,0.9422986340084786,0.9353334294918024,0.3410657253319886,0.3440426526337655,1.7613044209110775,1.8446917897142063,455566995.0,445000000.0,155.73,[],{},0.0485245944824016,9.837382659473125,16.519959663865546,0.0605328354516095,0.0611956603954169,,0.133742812336644,1.0,20,20,0.5854594330400782,6.0,22.0,0.5490227272727274,0.5490227272727274,0.2727272727272727,0.0,1.0,0.2727272727272727,22.0,4,5,"cheapness,dividend,garp,risk",0.69634,True,0.8,0.5767,buy,3,13,stable,0.4649,persistent,2026-07-25,neutral,0.375,48.085153053109984
COP,ConocoPhillips,Energy,164631281664.0,18.055334,14.248417,2.5192566,2.46,1.542,35.639,0.1418,0.0655081639180245,0.144,0.355,1.07,7691375104.0,180229292032.0,26780000256.0,11342000000.0,58944000000.0,23289999360.0,7692000256.0,54.397,121939000000.0,15532000000.0,,11972000000.0,7988000000.0,19796000000.0,0.2508821932681867,,1225168096.0,0.0752972796872454,0.2992602064115444,1.297360507851654,1.2905806664467172,0.1922600644584587,0.1981104414399739,0.4833892356014073,0.4458788076233914,1275866724.0,1233000000.0,137.04,[],{},0.0467187950325109,6.729995904000039,15.890433083406808,0.0629309468628784,0.0553852950047891,,0.1031400329189666,1.0,20,20,0.5452380952380952,10.0,22.0,0.6672818181818182,0.6672818181818182,0.4545454545454545,0.0,1.0,0.4545454545454545,22.0,5,5,"cheapness,quality,dividend,garp,risk",0.796955,True,1.0,0.5738,buy,3,2,stable,0.4196,building,2026-09-09,neutral,0.375,67.36323014150182
BKNG,Booking Holdings Inc.,Consumer Cyclical,130988163072.0,19.262983,14.084872,-12.254323,0.97,1.094,,,0.1846637506834335,0.25527,0.081,1.3,7725875200.0,134698164224.0,10412999680.0,9282000000.0,26917000000.0,20924000256.0,17213999104.0,-14.226,29264000000.0,22264000000.0,,16698000000.0,5404000000.0,9409000000.0,,,797352800.0,0.2122852605745633,,1.3333333333333333,1.3095801112034255,0.6592741935483871,0.616464558972138,0.9197990705303444,0.856756171502815,823671625.0,1617000000.0,174.33,[],{},0.0589814760266035,12.935577486160067,14.511760851540616,0.0689096251123678,0.0519130396366959,,0.7386598758554831,0.9,18,20,0.5975783475783475,6.0,22.0,0.6069863636363636,0.6069863636363636,0.2727272727272727,0.0,1.0,0.2727272727272727,22.0,4,5,"cheapness,dividend,garp,risk",0.6814183333333333,True,0.8,0.5727,buy,3,2,stable,0.316,building,2026-09-09,neutral,0.625,30.271901088755058
FRT,Federal Realty Investment Trust,Real Estate,10039120896.0,23.246964,35.996613,3.1134608,4.03,0.564,134.114,0.12550999,0.0450225946995003,0.32663,0.072,-0.456,456137632.0,15127875584.0,837700992.0,459513000.0,1278975000.0,4851821056.0,115276000.0,36.885,9130460000.0,366261000.0,,351018000.0,411077000.0,622378000.0,0.6724853886901621,,86266009.0,0.0346294914916636,0.6741666195407384,1.0434251234979404,1.1618805582686476,0.5507178170650767,0.5350594744225554,0.1400778274040957,0.1410541086391084,85666220.0,183614000.0,114.84,[],{},0.0454360134443389,18.058801085913004,32.92153994337483,0.0303752498127366,0.0430163697934921,,0.0523396589441561,1.0,20,20,0.5915330231709542,4.0,22.0,0.4263863636363636,0.4263863636363636,0.1818181818181818,0.0,1.0,0.1818181818181818,22.0,3,5,"dividend,garp,risk",0.5428200000000001,True,0.6,0.57,buy,3,6,stable,0.3485,persistent,2026-08-16,neutral,0.5,33.19467355721538
TMUS,"T-Mobile US, Inc.",Communication Services,190034509824.0,18.550785,12.269938,3.3842745,2.3,0.924,214.035,0.17994,0.0501375224072579,0.11455,0.079,0.053,11335999488.0,307636502528.0,34370998272.0,18557000000.0,88309000000.0,120427003904.0,2824999936.0,52.348,219237000000.0,24461000000.0,,24500000000.0,10992000000.0,27950000000.0,0.6288713494660794,,1106930661.0,0.0545052515201768,0.6357125307125308,0.998408163265306,0.912263309209874,0.5577023951249105,0.5477155286370082,0.4028015344125307,0.3912803134088014,1144579681.0,3774000000.0,177.16,[],{},0.0596523205100947,8.950467486963074,16.577922214150995,0.0603211902602845,0.0539060745946869,,0.0952926254384118,1.0,20,20,0.5625,7.0,22.0,0.4979272727272728,0.4979272727272728,0.3181818181818182,0.0,1.0,0.3181818181818182,22.0,5,5,"cheapness,quality,dividend,garp,risk",0.58253,True,0.7,0.5646,buy,3,6,stable,0.5635,persistent,2026-08-16,neutral,0.5,44.72237278828845
PGR,The Progressive Corporation,Financial Services,125628014592.0,10.8095,13.271291,3.6584706,0.19,0.293,24.428,0.34943,0.0919058184803192,0.12849,0.073,0.05,15114500096.0,131917766656.0,15397999616.0,14501000000.0,87637000000.0,8386999808.0,2156000000.0,59.093,123039000000.0,,,,11308000000.0,17548000000.0,,,586100000.0,0.0801929169227859,,,,0.0560553970692219,0.0651851151354674,0.7122700932224741,0.7124970447775308,586000000.0,278000000.0,216.19,[],{},0.1203115415386218,8.567201581101793,9.097149621129578,0.1099245413835275,0.0925112169850594,,,0.95,19,20,0.5972792595298989,10.0,22.0,0.6160000000000001,0.6160000000000001,0.4545454545454545,0.0,1.0,0.4545454545454545,22.0,5,5,"cheapness,quality,dividend,garp,risk",0.6292899999999999,True,0.9,0.5437,buy,3,6,stable,0.542,persistent,2026-08-16,neutral,0.375,49.02072341088848
TPR,"Tapestry, Inc.",Consumer Cyclical,23103514624.0,15.658109,13.061809,33.54661,1.63,1.752,571.608,1.97135,0.2282977419788693,0.19086,0.089,,1399924992.0,25907613696.0,2023500032.0,1914400000.0,8004200000.0,3956100096.0,1152000000.0,3.454,6691700000.0,2882300000.0,,1645000000.0,1527700000.0,1978500000.0,0.7782164363709053,,200400000.0,0.0278398298001671,0.7544039824839175,1.7521580547112463,1.866272721433618,0.5907318020831777,0.5925385608996276,1.1961384999327525,1.0653749715067244,208100000.0,55200000.0,115.87,[],{},0.060593594298668,12.803367079956637,13.53302010865023,0.0738933358534511,0.063864672292165,,0.3793369924901421,1.0,20,20,0.5761644470946796,8.0,22.0,0.4923636363636363,0.4923636363636363,0.3636363636363636,0.0,1.0,0.3636363636363636,22.0,4,5,"cheapness,quality,dividend,risk",0.5118216666666667,True,0.8,0.5246,buy,3,1,improving,0.2752,new,2026-09-11,accumulate,0.875,29.795830332790914
EIX,Edison International,Utilities,21838192640.0,5.92999,8.723039,1.2516818,6.11,0.662,228.042,0.19734,0.0499968093931465,0.19281,-0.041,0.551,82375000.0,66783195136.0,8929999872.0,5240000000.0,19317000000.0,43540000768.0,242000000.0,45.339,94026000000.0,7686000000.0,,10536000000.0,4701000000.0,5800000000.0,0.4807164673603561,,384787056.0,0.01806517954171,0.4101369395988408,0.729498861047836,0.8478492712406683,0.4418884138429796,0.4412414260507835,0.2054431752919405,0.2056462449900092,384784719.0,1539000000.0,56.75,[],{},0.003772061239588,7.47852139902024,12.74488456793893,0.0784628526582031,0.1686343484558995,,0.062762007426039,1.0,20,20,0.9513978494623656,11.0,22.0,0.6737454545454546,0.6737454545454546,0.5,0.0,1.0,0.5,22.0,4,5,"cheapness,quality,dividend,garp",0.742005,False,0.53335,0.9595,hold,2,20,stable,0.7644,persistent,2026-07-16,accumulate,0.75,34.64790406976988
FISV,"Fiserv, Inc.",Financials,26019346432.0,9.32,6.054554,0.9657173,,1.03197990791126,,,0.0434278012803713,,,,,,,5698000000.0,21193000000.0,,,50.667,80133000000.0,24654000000.0,,23890000000.0,3480000000.0,6062000000.0,0.5936394092388997,,534000000.0,0.0405696071317508,0.6082811888932342,1.03197990791126,1.0595748521911812,0.3634332921517976,0.3233647766144915,0.2644728139468134,0.2650564942469161,564000000.0,1531000000.0,48.93,[],{},,,,,0.1072961373390558,,0.1013103852923919,0.65,13,20,0.9427170597133468,2.0,22.0,0.3992,0.3992,0.0909090909090909,0.0,1.0,0.0909090909090909,22.0,1,5,cheapness,0.3132266666666666,False,0.63335,0.9427,hold,2,20,stable,0.1226,persistent,2026-07-16,neutral,0.5,37.470737323705045
CNC,Centene Corporation,Healthcare,32307273728.0,,12.310542,1.4319183,,1.145,71.082,-0.20358999,-0.0869610538522678,-0.02829,0.046,,9639624704.0,21450272768.0,4606000128.0,-312000000.0,194777000000.0,16104999936.0,27057000448.0,45.673,76747000000.0,40370000000.0,,36696000000.0,-6674000000.0,5088000000.0,0.0711942375126426,,491757000.0,0.0400873309479046,0.103200446431309,1.1001199040767389,1.1091036455444967,0.2366476865545233,0.235660137061071,2.5379102766231907,1.9779368063557523,495907000.0,678000000.0,65.4,[],{},0.2983732018107597,4.657028261376548,-68.75087425641026,-0.0145452695811611,,,-0.0077900676637287,0.9,18,20,0.7793074586372851,3.0,22.0,0.2837909090909091,0.2837909090909091,0.1363636363636363,0.0,1.0,0.1363636363636363,22.0,2,5,"cheapness,risk",0.2405366666666666,True,0.65,0.9328,hold,2,20,stable,0.3082,persistent,2026-07-16,wait,0.25,50.25786181894738
CHTR,"Charter Communications, Inc.",Communication Services,18944323584.0,3.4843826,3.1871057,0.98900944,,0.361,441.578,0.27201998,0.0323383891111644,0.09052,-0.017,0.161,2198374912.0,117915648000.0,21814999040.0,13324000000.0,54774000000.0,96710000640.0,509000000.0,142.122,154213000000.0,5144000000.0,,13306000000.0,4987000000.0,16077000000.0,0.5653777339613685,,126631550.0,0.0338821490467937,0.5579740401198149,0.3865925146550428,0.3138810618419101,0.6297847781963907,0.6383348886815091,0.355184063600345,0.3671843754166111,141946427.0,5042000000.0,140.56,[],{},0.1160439908161568,5.405255704288126,8.849868507955568,0.1129960291614561,0.2869948897115948,,0.094558822485753,0.95,19,20,0.9019607843137252,12.0,22.0,0.6216909090909092,0.6216909090909092,0.5454545454545454,0.0,1.0,0.5454545454545454,22.0,3,5,"cheapness,quality,garp",0.5069633333333334,False,0.43335,0.9297,hold,2,20,stable,0.522,persistent,2026-07-16,neutral,0.5,44.932634850934974
VTRS,Viatris Inc.,Healthcare,18813917184.0,,6.1564593,1.3012391,2.91,1.585,95.535,-0.02754,-0.0945040881238724,-0.02787,0.049,,2677337600.0,30927118336.0,4292499968.0,253500000.0,14299900000.0,13623700480.0,1510499968.0,12.588,37193100000.0,9789200000.0,,7094300000.0,-3514900000.0,2315900000.0,0.3505968573206806,,1151215081.0,-0.0152815963027307,0.3815377935180096,1.3798683450093738,1.6473509360833305,0.3951808265511614,0.3447130062239614,0.3844772283030992,0.3551561532400502,1193647828.0,471300000.0,16.38,[],{},0.1423062286187216,7.2049198757268345,122.0004668086785,0.0081966899484753,,,0.0084222626815687,0.95,19,20,0.8145542981639654,2.0,22.0,0.3869272727272727,0.3869272727272727,0.0909090909090909,0.0,1.0,0.0909090909090909,22.0,1,5,cheapness,0.3438533333333333,False,0.55,0.9251,hold,2,20,stable,0.1653,persistent,2026-07-16,neutral,0.375,45.706437879970096
ARE,"Alexandria Real Estate Equities, Inc.",Real Estate,8529042432.0,,-61.18519,0.5439997,5.72,2.35,68.67,-0.040760003,-0.0419452180318342,-0.36078998,-0.119,,1344973952.0,24954421248.0,1781940992.0,555045000.0,2945175000.0,13167778816.0,470448992.0,91.103,34081835000.0,939781000.0,,2182600000.0,-1429570000.0,1414046000.0,0.686740176729736,,170537867.0,0.0086056742092967,0.7018515883170378,0.4305786676440942,0.4002596753853375,0.3744252033377898,0.3397913084899536,0.0864148013157155,0.0812660087819984,172203443.0,226698000.0,49.56,[],{},0.157693429564122,14.00406711559616,44.95927582087939,0.022242351144268,,,0.0173999470520217,0.95,19,20,0.799567597153804,2.0,22.0,0.4493772727272727,0.4493772727272727,0.0909090909090909,0.0,1.0,0.0909090909090909,22.0,1,5,cheapness,0.3806666666666666,False,0.45,0.9212,hold,2,23,stable,0.1635,persistent,2026-07-16,neutral,0.5,43.61994056795092
TAP,Molson Coors Beverage Company,Consumer Defensive,7167288832.0,,7.825398,0.7099586,4.99,0.879,76.03,-0.19466,-0.0940963304366182,-0.20808001,-0.033,-0.423,935137472.0,13242089472.0,2263399936.0,1630700000.0,11140800000.0,7913699840.0,2128099968.0,54.144,22738400000.0,2935500000.0,,5310800000.0,-2139600000.0,1784400000.0,0.3836887835703002,,190735943.0,0.0430627333172193,0.3899028124193687,0.5527415831889734,0.9353737028766584,0.2793644231784118,0.2375970196782572,0.4899553178763677,0.4460890950457138,203147943.0,247900000.0,38.44,[],{},0.1304729715683934,5.850530107994135,8.12049394247869,0.1231452183923138,,,0.0935699694737083,0.95,19,20,0.7972629521016619,5.0,22.0,0.5457045454545454,0.5457045454545454,0.2272727272727272,0.0,1.0,0.2272727272727272,22.0,1,5,cheapness,0.46043,False,0.65,0.9155,hold,2,20,stable,0.1627,persistent,2026-07-16,neutral,0.5,35.71624037527741
TFC,Truist Financial Corporation,Financial Services,61484449792.0,11.543578,10.119695,1.0477123,4.15,,,0.09059,0.0096924779649996,0.30692,0.082,0.367,,89728442368.0,,,20319000000.0,73295003648.0,50461999104.0,48.038,547538000000.0,,,,5307000000.0,5739000000.0,,,1262470000.0,0.0090704399295148,,,,0.117443903436839,0.0990067322318779,0.0371097531130259,0.0249973643387502,1315936000.0,10119000000.0,50.33,[],{},,,,,0.0866282533890272,,,0.7,14,20,0.7905885674427874,9.0,22.0,0.5916227272727274,0.5916227272727274,0.4090909090909091,0.0,1.0,0.4090909090909091,22.0,3,5,"cheapness,dividend,garp",0.6625016666666667,False,0.53335,0.9003,hold,2,20,stable,0.3551,persistent,2026-07-16,neutral,0.375,45.96868250421264
IP,International Paper Company,Consumer Cyclical,18158952448.0,,11.468995,1.25609,5.34,1.098,68.509,-0.16479,-0.092614055420925,-0.14205,-0.022,,1646499968.0,27335952384.0,3934000128.0,-10000000.0,23634000000.0,9902999552.0,726000000.0,27.299,37964000000.0,10106000000.0,,7899000000.0,-3516000000.0,1698000000.0,0.296056528729796,,528000000.0,0.0244298245614035,0.2802652352383959,1.2794024560070896,1.5086895255988728,0.2717574544305131,0.2553508771929824,0.6225371404488462,0.6945175438596491,347417000.0,551000000.0,34.29,[],{},0.0906715281465117,6.948640440918664,-2733.5952384,-0.0003658186061903,,,-0.0003326126725428,0.95,19,20,0.7558073279003512,3.0,22.0,0.4070454545454546,0.4070454545454546,0.1363636363636363,0.0,1.0,0.1363636363636363,22.0,2,5,"cheapness,risk",0.3896266666666667,True,0.65,0.8802,hold,2,20,stable,0.3108,persistent,2026-07-16,accumulate,0.75,29.936824953127584
ES,Eversource Energy,Utilities,25986789376.0,18.299734,14.032425,1.5900342,4.47,0.8,180.7,0.09016,0.0265317332320206,0.10354,0.023,-0.854,811961344.0,54130827264.0,4933026816.0,2988589000.0,13547244000.0,29807785984.0,1819319040.0,43.389,63786711000.0,5077186000.0,,7808512000.0,1692372000.0,4113572000.0,0.8469225179674922,,375416880.0,0.0136195891404729,0.8308580534314937,0.6502117176742509,0.7552604487723995,0.4721186831532982,0.4885490746977797,0.2123834853312941,0.1996963345410448,366608052.0,1243266000.0,68.99,[],{},0.0312451581552388,10.973146768314669,18.11250301195648,0.0552104808120598,0.0546456030453776,,0.0533884450266075,1.0,20,20,0.7894623655913978,6.0,22.0,0.4705590909090908,0.4705590909090908,0.2727272727272727,0.0,0.9494,0.2727272727272727,22.0,4,5,"cheapness,quality,dividend,garp",0.53564,False,0.43335,0.8604,hold,2,20,stable,0.6599,persistent,2026-07-16,neutral,0.5,36.44201995811968
GIS,"General Mills, Inc.",Consumer Defensive,19225274368.0,,11.208707,3.4730537,6.58,0.682,217.629,-0.01028,-0.002918375437673,-0.00475,0.022,-0.145,2308499968.0,22056376320.0,3449600000.0,2807200000.0,18424600000.0,0.0,399000000.0,10.354,30016700000.0,4618300000.0,,6774100000.0,-87600000.0,2166200000.0,0.3362732433811317,,533681218.0,0.0694019854192935,0.345519485184691,0.6817584623787661,0.6714392984867575,0.464421472047227,0.46253980061141,0.6138116448510329,0.5892334999440599,542413328.0,569600000.0,35.96,[],{},0.1200763080834072,6.393893877551021,7.857073354231975,0.1272738531149617,,,0.12077822618812,0.95,19,20,0.7193222548061259,4.0,22.0,0.4501772727272727,0.4501772727272727,0.1818181818181818,0.0,1.0,0.1818181818181818,22.0,1,5,cheapness,0.4090766666666667,False,0.55,0.8399,hold,2,20,stable,0.1481,persistent,2026-07-16,neutral,0.5,35.74802239048843
EXC,Exelon Corporation,Utilities,44702720000.0,16.07037,14.281012,1.5081682,3.84,1.088,177.362,0.09711,0.0237453890366303,0.10989001,0.099,-0.002,-2685125120.0,95649497088.0,8354999808.0,5145000000.0,24258000000.0,52672999424.0,1812999936.0,28.77,116570000000.0,9546000000.0,,10331000000.0,2768000000.0,6254000000.0,0.429301673674664,,1022401000.0,0.0228234246270318,0.4084158415841584,0.9240151001839124,0.8723337842055977,0.4296131080037745,0.4328007867587026,0.2080981384575791,0.2136495212647517,1005046000.0,2127000000.0,43.39,[],{},-0.0600662581605772,11.4481746602094,18.5907671696793,0.0537901416801644,0.0622263208625563,,0.0484285431903538,1.0,20,20,0.791505376344086,6.0,22.0,0.4448818181818181,0.4448818181818181,0.2727272727272727,0.0,0.9581,0.2727272727272727,22.0,4,5,"cheapness,quality,dividend,garp",0.5145083333333333,False,0.43335,0.8318,hold,2,20,stable,0.6493,persistent,2026-07-16,neutral,0.625,40.27948321368085
HBAN,Huntington Bancshares Incorporated,Financial Services,33801539584.0,12.770992,8.910263,1.1364717,3.73,,,0.09002,0.009822039394774,0.26131,0.476,-0.029,,42726539264.0,,,8131000000.0,22609999872.0,16606999552.0,14.721,225106000000.0,,,,2211000000.0,2482000000.0,,,1567732506.0,0.0094990941585467,,,,0.082005810595897,0.0804534103706605,0.0361207608859826,0.0361210400039171,1453635809.0,4319000000.0,16.73,[],{},,,,,0.0783024529339616,,,0.7,14,20,0.7188043201470312,5.0,22.0,0.5013454545454545,0.5013454545454545,0.2272727272727272,0.0,1.0,0.2272727272727272,22.0,3,5,"cheapness,dividend,garp",0.5484733333333333,False,0.53335,0.8216,hold,2,20,stable,0.3235,persistent,2026-07-16,neutral,0.625,42.28401662615005
KEY,KeyCorp,Financial Services,23188703232.0,12.707602,10.169936,1.3466783,3.77,,,0.1033,0.009919677190166,0.2754,0.101,0.253,,38191702016.0,,,7285000000.0,15345999872.0,2843000064.0,16.136,184381000000.0,,,,1829000000.0,2208000000.0,,,1102400694.0,-0.00086018977603,,,,0.0595939928734522,0.0760546674645238,0.0395105786387968,0.0234869208411694,1106786451.0,3750000000.0,21.73,[],{},,,,,0.078693053181867,,,0.7,14,20,0.7180625214512684,8.0,22.0,0.5315454545454547,0.5315454545454547,0.3636363636363636,0.0,1.0,0.3636363636363636,22.0,4,5,"cheapness,quality,dividend,garp",0.62431,False,0.53335,0.8108,hold,2,20,stable,0.4281,persistent,2026-07-16,neutral,0.625,44.26730576784507
LYB,LyondellBasell Industries N.V.,Basic Materials,20771340288.0,,10.03571,1.9463028,4.28,1.641,132.759,-0.02269,-0.0219098314854571,-0.01132,0.198,3.96,1228000000.0,32575340544.0,3568000000.0,831000000.0,30153000000.0,14330000384.0,2648999936.0,33.037,34003000000.0,10868000000.0,,6129000000.0,-745000000.0,2262000000.0,0.0854641329220973,,322084769.0,0.0380462149611145,0.1390668982451937,1.7732093326806984,1.82938105891126,0.430403199717672,0.361522967604767,0.886774696350322,0.9342024282437196,323889832.0,487000000.0,64.3,[],{},0.0591199211496929,9.12986001793722,39.20016912635379,0.0255100940196636,,,0.0298127287077563,0.95,19,20,0.7133333333333334,3.0,22.0,0.3563,0.3563,0.1363636363636363,0.0,1.0,0.1363636363636363,22.0,2,5,"cheapness,dividend",0.3707283333333333,False,0.55,0.81,hold,2,20,stable,0.2894,persistent,2026-07-16,neutral,0.5,53.194760926523934
RF,Regions Financial Corporation,Financial Services,25515290624.0,12.174797,10.525723,1.4618313,3.66,,,0.118669994,0.0135756293525759,0.30837,0.034,0.085,,31438288896.0,,,7526000000.0,9484999680.0,5001999872.0,20.488,158814000000.0,,,,2156000000.0,2181000000.0,,,867013150.0,0.012034176297822,,,,0.0307529562884884,0.0412772882735121,0.047388769252081,0.0450280352443071,908477658.0,2082000000.0,29.95,[],{},,,,,0.0821368931243781,,,0.7,14,20,0.720155058070659,8.0,22.0,0.5082363636363637,0.5082363636363637,0.3636363636363636,0.0,1.0,0.3636363636363636,22.0,4,5,"cheapness,quality,dividend,garp",0.572155,False,0.53335,0.8019,hold,2,15,stable,0.4262,persistent,2026-07-16,neutral,0.625,44.82444485975272
ED,"Consolidated Edison, Inc.",Utilities,39471812608.0,17.67053,16.44558,1.5354404,3.27,1.268,110.113,0.08962,0.0271168719756578,0.12533,0.132,0.221,-844875008.0,66321809408.0,6161999872.0,3000000000.0,16918000000.0,28320000000.0,1470000000.0,69.511,74603000000.0,6750000000.0,,6614000000.0,2023000000.0,4800000000.0,0.5325097529258778,,361121447.0,0.0257929197018225,0.5353303618248558,1.0205624433020866,1.0359085963003265,0.3803600391405171,0.3943340608259403,0.2267737222363711,0.2162070236104419,346597693.0,1233000000.0,106.73,[],{},-0.0214045150748603,10.763033233636524,22.107269802666668,0.0452339890418931,0.0565913982206532,,0.0441247848916736,1.0,20,20,0.7348387096774194,7.0,22.0,0.4560090909090908,0.4560090909090908,0.3181818181818182,0.0,1.0,0.3181818181818182,22.0,3,5,"cheapness,dividend,garp",0.54411,False,0.43335,0.7913,hold,2,20,stable,0.4578,persistent,2026-07-16,neutral,0.5,45.09625155861525
T,AT&T Inc.,Communication Services,175078457344.0,8.295455,9.965986,1.5913054,4.41,0.971,129.054,0.18339,0.052244418107654,0.16943,0.023,0.062,10142000128.0,341259452416.0,44939001856.0,25000000000.0,125648000000.0,165755994112.0,17570000896.0,16.056,420198000000.0,48732000000.0,,53780000000.0,21953000000.0,40284000000.0,0.5955367375525277,,6878770356.0,0.0277308476551121,0.5976572717760921,0.906136110078096,0.6649598907663424,0.3689760541459026,0.356952342354893,0.2990209377483948,0.3098722121607417,7175895450.0,6804000000.0,25.55,[],{},0.0579283155783847,7.593836941672904,13.65037809664,0.07325804405712,0.1205479386001129,,0.0682280892314242,1.0,20,20,0.7741666666666667,12.0,22.0,0.6620772727272728,0.6620772727272728,0.5454545454545454,0.0,1.0,0.5454545454545454,22.0,4,5,"cheapness,quality,dividend,garp",0.6805266666666666,False,0.63335,0.7912,hold,2,20,stable,0.6261,persistent,2026-07-16,wait,0.25,56.84850282670863
DAL,"Delta Air Lines, Inc.",Industrials,51452424192.0,13.0617695,9.0940895,2.345816,1.09,0.424,96.649,0.20125,0.0615492455452119,0.05784,0.187,-0.254,2817374976.0,67593416704.0,7506999808.0,5822000000.0,63364000000.0,21084000256.0,4664999936.0,33.353,81317000000.0,10968000000.0,,27624000000.0,5005000000.0,8342000000.0,0.2416514108957767,,653171237.0,0.0458658387730191,0.2460620021738072,0.3970460469157255,0.3691038620172478,0.2493205602764489,0.3021148437085389,0.7792220568884735,0.8178501300217588,646472635.0,679000000.0,78.24,[],{},0.0547568947477902,9.004052009161848,11.609999433871522,0.0861326484721916,0.076559305383547,,0.108431266645559,1.0,20,20,0.7705209199650117,9.0,22.0,0.5165636363636364,0.5165636363636364,0.4090909090909091,0.0,0.8605,0.4090909090909091,22.0,4,5,"cheapness,quality,dividend,garp",0.5336716666666667,False,0.63335,0.7893,hold,2,20,stable,0.6239,persistent,2026-07-16,neutral,0.625,37.62261982293508
UAL,"United Airlines Holdings, Inc.",Industrials,34563428352.0,10.027307,7.1070037,2.0701385,,0.78,201.641,0.23252001,0.0438598786102971,0.05558,0.16,-0.172,910124992.0,51595927552.0,7090999808.0,4972000000.0,59070000000.0,33667999744.0,16636999680.0,51.441,76448000000.0,16857000000.0,,26133000000.0,3353000000.0,8431000000.0,0.2877941425427459,,323470682.0,0.0425063779814532,0.289013896920947,0.645046492939961,0.8099425238054387,0.405975303474257,0.4539907941093098,0.7726820845542067,0.7702576839490841,327899771.0,1167000000.0,106.49,[],{},0.0263320230484987,7.276255669022858,10.377298381335478,0.0963641945382038,0.0997276736415869,,0.098817450064593,0.95,19,20,0.7404151999660715,6.0,22.0,0.4683590909090909,0.4683590909090909,0.2727272727272727,0.0,0.8943,0.2727272727272727,22.0,2,5,"cheapness,quality",0.3926583333333333,False,0.63335,0.7859,hold,2,20,stable,0.29,persistent,2026-07-16,neutral,0.625,37.44329663693397
BRK-B,Berkshire Hathaway Inc.,Financial Services,1085339860992.0,12.738693,22.845516,0.00097084424,,2.891,17.142,0.121199995,0.0547940722121854,0.22296,0.1,1.078,71975247872.0,-233924444160.0,130683002880.0,87528000000.0,410522000000.0,128598999040.0,365513998336.0,522225.9,1222176000000.0,,,,66968000000.0,45969000000.0,,,1438223.0,0.0771266707745426,,,,0.1056157214672845,0.1081238013278665,0.3358943392768308,0.3676566301031042,1438223.0,5069000000.0,507.0,[],{},0.0663158614723821,-1.7900143018201204,-2.6725669975322184,-0.3741720978083524,0.0785009890732118,,,0.9,18,20,0.7144934700222799,9.0,22.0,0.611,0.611,0.4090909090909091,0.0,1.0,0.4090909090909091,22.0,3,5,"cheapness,quality,garp",0.5651133333333334,False,0.73335,0.7854,hold,2,20,stable,0.405,persistent,2026-07-16,accumulate,0.75,53.092763831510325
HON,Honeywell International Inc.,Industrials,64078925824.0,7.879189,20.317186,3.4568365,1.37,1.211,185.369,0.46577,0.0641820822192967,0.21581,0.043,2.639,2610374912.0,90157932544.0,8512000000.0,6567000000.0,37442000000.0,34955001856.0,9196000256.0,58.487,73681000000.0,30387000000.0,,23414000000.0,4729000000.0,6408000000.0,0.3693445862934672,,317650000.0,0.0758683972551731,0.3847394648155082,1.2978132741095072,1.3129469326307863,0.482661744547441,0.4265785414117772,0.5081635699841207,0.4616867918506303,324900000.0,1344000000.0,202.18,[],{},0.0407368706393376,10.591862375939847,13.728937497182883,0.0728388486148469,0.1269166154029304,,0.1306423697455587,1.0,20,20,0.78589844320472,9.0,22.0,0.6267272727272728,0.6267272727272728,0.4090909090909091,0.0,1.0,0.4090909090909091,22.0,4,5,"cheapness,quality,dividend,garp",0.715895,False,0.73335,0.7734,hold,2,20,stable,0.6237,persistent,2026-07-16,neutral,0.625,29.074321532881513
VICI,VICI Properties Inc.,Real Estate,27229646848.0,9.774703,8.270903,0.9334541,7.3,11.236,60.277,0.09849,0.059401656975465,0.67496,0.057,-0.414,267028992.0,45204336640.0,3639224064.0,3655301000.0,4006116000.0,17843673088.0,300947008.0,26.493,46724168000.0,19339997000.0,,724974000.0,2775493000.0,2509991000.0,0.993327701943728,,1068811371.0,0.059045020668325,0.993012842911718,26.67681461680005,27.91675515877101,0.378599357831262,0.3890345465421938,0.0857396968523869,0.0848422951913798,1056366685.0,843614000.0,24.73,[],{},0.0098065536248265,12.421421667099638,12.366789120786496,0.0808617330038536,0.1023048986756937,,0.079464457572887,1.0,20,20,0.7436083743842364,10.0,22.0,0.6474136363636365,0.6474136363636365,0.4545454545454545,0.0,1.0,0.4545454545454545,22.0,3,5,"cheapness,dividend,garp",0.6643333333333333,False,0.73335,0.7734,hold,2,20,stable,0.4551,persistent,2026-07-16,neutral,0.625,29.192653231229258
USB,U.S. Bancorp,Financial Services,97237991424.0,12.3829365,10.786697,1.6039166,3.48,,,0.12623,0.0109338552311347,0.29896,0.104,0.216,,133825994752.0,,,28540000000.0,99696001024.0,70379003904.0,38.911,692345000000.0,,,,7570000000.0,7970000000.0,,,1555397637.0,0.0092862049952971,,,,0.0988134528305974,0.0967481328816277,0.0412222230246481,0.0402982082150259,1559796088.0,14321000000.0,62.41,[],{},,,,,0.0807562891079995,,,0.7,14,20,0.7043337097684924,8.0,22.0,0.5279863636363638,0.5279863636363638,0.3636363636363636,0.0,1.0,0.3636363636363636,22.0,3,5,"cheapness,dividend,garp",0.6165933333333333,False,0.53335,0.768,hold,2,20,stable,0.3092,persistent,2026-07-16,neutral,0.5,47.373368792464916
DUK,Duke Energy Corporation,Utilities,93073055744.0,17.977411,16.64315,1.7313551,3.6,0.661,162.155,0.098570004,0.0253811255977439,0.15995,0.011,0.106,-4477374976.0,187691057152.0,16616999936.0,8577000000.0,32237000000.0,92205998080.0,673000000.0,68.946,195736000000.0,11613000000.0,,21047000000.0,4968000000.0,12330000000.0,0.5117721872382666,,777661224.0,0.0242778102746011,0.5006094146325395,0.5517650971634912,0.6690086273699437,0.4642426533698451,0.4573823540460334,0.1646963256631381,0.1629092587325523,776000000.0,3634000000.0,119.37,[],{},-0.0481060274663716,11.295122938851048,21.88306600816136,0.0456974356165194,0.0556253622949377,,0.0490986839468999,1.0,20,20,0.7402150537634409,7.0,22.0,0.4534363636363636,0.4534363636363636,0.3181818181818182,0.0,1.0,0.3181818181818182,22.0,4,5,"cheapness,quality,dividend,garp",0.5334366666666667,False,0.43335,0.7676,hold,2,20,stable,0.6031,persistent,2026-07-16,neutral,0.5,39.94791465885033
MTB,M&T Bank Corporation,Financial Services,34518372352.0,12.593257,11.335773,1.3578367,2.52,,,0.10742,0.0133530045431127,0.32092,0.062,0.255,,37957373952.0,,,9632000000.0,18684999680.0,17679998976.0,176.03,213510000000.0,,,,2851000000.0,3003000000.0,,,151832266.0,0.012436029888758,,,,0.06093859772376,0.0653756517142788,0.0451126410940939,0.0443574157276374,165513959.0,3538000000.0,239.02,[],{},,,,,0.0794075750220931,,,0.7,14,20,0.6887766964493308,7.0,22.0,0.5178045454545455,0.5178045454545455,0.3181818181818182,0.0,1.0,0.3181818181818182,22.0,4,5,"cheapness,quality,dividend,garp",0.60273,False,0.53335,0.7654,hold,2,20,stable,0.4072,persistent,2026-07-16,neutral,0.5,47.150198824840984
TRMB,Trimble Inc.,Technology,13253942272.0,,13.78474,2.3362105,,0.954,28.553,-0.01939,0.0455326460481099,-0.027679998,0.11,,686174976.0,14498842624.0,880099968.0,611300000.0,3587300000.0,1459299968.0,214400000.0,24.33,9312000000.0,1631900000.0,,1503400000.0,424000000.0,386200000.0,0.6907423410364341,,236000000.0,0.1585531654774828,0.650585073168083,1.0854729280297992,1.2697986577181208,0.1495060137457044,0.1465594468977583,0.3852341065292096,0.3881938808848792,245800000.0,74400000.0,56.84,[],{},0.0517713871026584,16.47408607109505,23.718047806314413,0.042161986018671,,,0.0782854801116717,0.9,18,20,0.6374188738074661,3.0,22.0,0.3251818181818182,0.3251818181818182,0.1363636363636363,0.0,1.0,0.1363636363636363,22.0,2,5,"cheapness,risk",0.3140466666666667,True,0.9,0.7514,hold,2,20,stable,0.25,persistent,2026-07-16,neutral,0.625,43.945999054821364
UHS,"Universal Health Services, Inc.",Healthcare,10179515392.0,7.1727576,7.191252,1.3547729,0.46,1.116,68.74,0.20948,0.0958806686908911,0.08424,0.083,0.101,498316992.0,15444316160.0,2699612928.0,1994015000.0,17364829000.0,5262175232.0,138800000.0,127.49,15527593000.0,3407915000.0,,3239601000.0,1488796000.0,1864397000.0,0.9044615411991676,,61064008.0,0.0789299800570141,0.8996845766677712,1.0519551636142843,1.2741043953011346,0.3327304495938295,0.3424682072923311,1.118320721054448,1.0938638258341593,64977334.0,152257000.0,172.72,[],{},0.0489529189563997,5.7209372498604365,7.745335997973937,0.1291099573035417,0.1394163940518497,,0.1622734617665766,1.0,20,20,0.7542155562619127,13.0,22.0,0.6697545454545456,0.6697545454545456,0.5909090909090909,0.0,1.0,0.5909090909090909,22.0,4,5,"cheapness,quality,dividend,garp",0.6598066666666667,False,0.73335,0.7432,hold,2,20,stable,0.599,persistent,2026-07-16,neutral,0.625,54.535367709432066
NOC,Northrop Grumman Corporation,Industrials,73723609088.0,16.391346,17.04831,4.122315,1.92,1.168,95.348,0.26958,0.0813982910640948,0.104820006,0.051,-0.058,2478000128.0,88468611072.0,7255000064.0,4280000000.0,41954000000.0,17052000256.0,2307000064.0,125.888,51377000000.0,15287000000.0,,13882000000.0,4182000000.0,4757000000.0,0.1981455880249797,,141997194.0,0.084564111914747,0.2037871956717764,1.1012102002593287,1.0103340883352208,0.3312571773361621,0.3340829433335359,0.8165910816123947,0.8313174902246804,144952026.0,665000000.0,518.95,[],{},0.0336120295608716,12.194157173201097,20.6702362317757,0.0483787407549184,0.061007802531897,,0.1141485531404187,1.0,20,20,0.718155700281167,7.0,22.0,0.5032136363636364,0.5032136363636364,0.3181818181818182,0.0,0.912,0.3181818181818182,22.0,4,5,"cheapness,quality,dividend,garp",0.5884266666666667,False,0.73335,0.7422,hold,2,20,stable,0.5841,persistent,2026-07-16,neutral,0.625,38.158456046598744
SYF,Synchrony Financial,Financial Services,24545978368.0,7.9327025,7.18672,1.6149681,1.76,,,0.20786,0.0298249296779881,0.35507,0.006,0.036,,26500976640.0,,,14981000000.0,16432000000.0,16193000448.0,46.713,119095000000.0,,,,3552000000.0,9851000000.0,,,347400000.0,0.0292894034136092,,,,0.1274780637306352,0.1294291956505361,0.1257903354464923,0.1260306538426123,388261077.0,4135000000.0,75.44,[],{},,,,,0.1260604440920354,,,0.7,14,20,0.7434193044806857,8.0,22.0,0.5474818181818182,0.5474818181818182,0.3636363636363636,0.0,1.0,0.3636363636363636,22.0,4,5,"cheapness,quality,dividend,garp",0.5759083333333332,False,0.53335,0.7309,hold,2,20,stable,0.4128,persistent,2026-07-16,neutral,0.5,41.24156853000391
ELV,"Elevance Health, Inc.",Healthcare,90334740480.0,17.545914,14.069703,2.0124068,1.73,1.518,68.953,0.11133,0.0466031244341284,0.02468,0.014,-0.131,4306375168.0,84003733504.0,8323999744.0,8112000000.0,199125000000.0,31043999744.0,37513998336.0,206.986,121494000000.0,,,,5662000000.0,4290000000.0,,,220723898.0,0.0511596471866471,,,,0.2637661119067608,0.2671936623634388,1.6389698256704035,1.5126316419851311,227479695.0,1402000000.0,416.54,[],{},0.047671307241464,10.09175109172132,10.355489830374754,0.0965671365024952,0.0569933261954891,,,0.95,19,20,0.6953687759078662,5.0,22.0,0.4478363636363637,0.4478363636363637,0.2272727272727272,0.0,0.8964,0.2272727272727272,22.0,3,5,"cheapness,dividend,garp",0.5182766666666667,False,0.73335,0.7224,hold,2,20,stable,0.4041,persistent,2026-07-16,neutral,0.5,60.97877069173399
PNC,"The PNC Financial Services Group, Inc.",Financial Services,96935329792.0,13.263101,11.3527775,1.6698048,3.32,,,0.12623,0.012092640505464,0.31366,0.236,0.249,,177372332032.0,,,23077000000.0,87963000832.0,13459000320.0,145.514,573572000000.0,,,,6936000000.0,4384000000.0,,,390413875.0,0.0105153578864291,,,,0.099553325476139,0.1101228845185505,0.040233832892819,0.0371564072437941,395937013.0,10897000000.0,242.98,[],{},,,,,0.0753971488266582,,,0.7,14,20,0.6612927779807576,7.0,22.0,0.5082545454545454,0.5082545454545454,0.3181818181818182,0.0,1.0,0.3181818181818182,22.0,3,5,"cheapness,dividend,garp",0.5825916666666667,False,0.36665,0.7205,hold,2,20,stable,0.2902,persistent,2026-07-16,neutral,0.5,45.75831420037346
CFG,"Citizens Financial Group, Inc.",Financial Services,29326538752.0,15.10412,10.656647,1.2226299,2.65,,,0.08270001,0.0080892065862311,0.26051,0.147,0.413,,33919539200.0,,,8247000000.0,16348999680.0,13866999808.0,56.951,226351000000.0,,,,1831000000.0,2211000000.0,,,429242174.0,0.0069372612299502,,,,0.0498429430397921,0.0570105874835073,0.0364345640178307,0.0358999820706966,440543381.0,3810000000.0,69.63,[],{},,,,,0.0662071011088365,,,0.7,14,20,0.6216757453969731,7.0,22.0,0.5061909090909091,0.5061909090909091,0.3181818181818182,0.0,1.0,0.3181818181818182,22.0,4,5,"cheapness,quality,dividend,garp",0.6117216666666667,False,0.53335,0.7144,hold,2,20,stable,0.3741,persistent,2026-07-16,neutral,0.625,44.849813432172894
HCA,"HCA Healthcare, Inc.",Healthcare,91192598528.0,14.144055,13.136055,-13.8224,0.74,0.993,,,0.111725955204216,0.08768,0.087,0.116,3738125056.0,145047601152.0,15747000320.0,11965000000.0,75600000000.0,51552002048.0,1130000000.0,-30.473,60720000000.0,15783000000.0,,16350000000.0,6784000000.0,12636000000.0,0.415,,224605100.0,0.0967855762606489,0.4061867059473393,0.9653211009174312,1.0815049087434934,0.8019927536231884,0.760119637726211,1.245059288537549,1.1863458404046174,249981400.0,2248000000.0,421.21,[],{},0.0409915400628948,9.211125814722788,12.122657848056832,0.0824901611951616,0.0707010825396253,,0.2696641875140861,0.9,18,20,0.7266448484867246,6.0,22.0,0.5506954545454547,0.5506954545454547,0.2727272727272727,0.0,1.0,0.2727272727272727,22.0,4,5,"cheapness,quality,dividend,garp",0.5276316666666666,False,0.53335,0.7125,hold,2,8,stable,0.5181,persistent,2026-07-26,neutral,0.5,56.575266504950626
DOW,Dow Inc.,Basic Materials,21410179072.0,,16.424238,1.3499727,4.76,1.749,111.913,-0.0554,-0.0448085004612388,-0.03129,0.197,,237624992.0,38117179392.0,3963000064.0,158000000.0,39968000000.0,19435999232.0,4236000000.0,21.956,58538000000.0,18062000000.0,,9183000000.0,-2623000000.0,1032000000.0,0.0633757005604483,,717222413.0,0.0194723618090452,0.1072060329578251,1.966895350103452,1.6125583203732503,0.3347910758823328,0.3078761864879955,0.6827701663876456,0.7496510329424902,703612794.0,865000000.0,29.64,[],{},0.0110986924117212,9.618263632710352,241.24797083544303,0.0041451125849348,,,0.0032012967277884,0.95,19,20,0.5966666666666668,1.0,22.0,0.3033863636363636,0.3033863636363636,0.0454545454545454,0.0,1.0,0.0454545454545454,22.0,1,5,cheapness,0.3199683333333333,False,0.55,0.7067,hold,2,20,stable,0.1238,persistent,2026-07-16,neutral,0.375,45.613485965073785
COF,Capital One Financial Corporation,Financial Services,127058853888.0,11.615816,8.614931,1.2338332,1.52,,,0.09031,0.0036666173399759,0.21867001,11.11,,,130227847168.0,,,53434000000.0,48994000896.0,56639000576.0,167.859,669009000000.0,,,,2453000000.0,27718000000.0,,,625102271.0,0.009691029574982,,,,0.0753547411170851,0.091787311483972,0.0798703754359059,0.0797969576287784,381230343.0,15818000000.0,207.11,[],{},,,,,0.0860895179469096,,,0.7,14,20,0.6456790225971812,5.0,22.0,0.4253045454545455,0.4253045454545455,0.2272727272727272,0.0,1.0,0.2272727272727272,22.0,2,5,"cheapness,dividend",0.3912816666666666,False,0.53335,0.7045,hold,2,13,stable,0.189,persistent,2026-07-25,neutral,0.5,40.098098833718794
PEG,Public Service Enterprise Group Incorporated,Utilities,36125487104.0,18.029852,15.512304,2.0829382,3.69,0.877,142.409,0.11835,0.0366645824649159,0.16041,-0.089,-0.427,107750000.0,60611485696.0,4463000064.0,2980000000.0,12168000000.0,24678000640.0,192000000.0,34.797,57576000000.0,4596000000.0,,5740000000.0,2111000000.0,3298000000.0,0.3482084155161078,,498153976.0,0.0324304538799414,0.3435374149659864,0.8006968641114982,0.6510376633358954,0.4203487564262887,0.4183748169838945,0.2113380575239683,0.1883235724743777,498225421.0,961000000.0,72.48,[],{},0.0029826587442213,13.58088389577043,20.339424730201344,0.0491655989913585,0.0554635723022019,,0.0574890037811559,1.0,20,20,0.7096774193548387,6.0,22.0,0.4539772727272728,0.4539772727272728,0.2727272727272727,0.0,0.9447,0.2727272727272727,22.0,4,5,"cheapness,quality,dividend,garp",0.5433633333333333,False,0.53335,0.6919,hold,2,20,stable,0.5606,persistent,2026-07-16,neutral,0.625,38.12638125255099
DVN,Devon Energy Corporation,Energy,55022002176.0,10.642553,9.361326,1.3777716,2.61,0.717,28.488,0.11522,0.083610240830406,0.17464,0.642,0.44,782625024.0,65964998656.0,8924000256.0,3856000000.0,17188000000.0,11893000192.0,950000000.0,36.305,31599000000.0,4006000000.0,,4086000000.0,2642000000.0,6711000000.0,0.2554689318128927,,622000000.0,0.0948210830135458,0.2954830614805521,0.9804209495839452,1.0356603203384709,0.2717174594132726,0.3018465676145495,0.5439412639640495,0.5228115057889731,651000000.0,497000000.0,50.02,[],{},0.0142238557858472,7.391864272039752,17.107105460580915,0.0584552426068952,0.0939624167246336,,0.1401519281794061,1.0,20,20,0.6285714285714286,10.0,22.0,0.6884454545454546,0.6884454545454546,0.4545454545454545,0.0,1.0,0.4545454545454545,22.0,4,5,"cheapness,quality,dividend,garp",0.7505366666666666,False,0.73335,0.6786,hold,2,6,stable,0.5229,persistent,2026-08-16,neutral,0.5,65.97675556627154
IVZ,Invesco Ltd.,Financial Services,14097087488.0,,9.767215,1.4151487,2.68,0.708,12.056,-0.0057300003,-0.0103971358972466,-0.00934,0.205,,1140787456.0,18314487808.0,1444800000.0,-695700000.0,6377100000.0,1624000000.0,915400000.0,22.563,27094000000.0,10765800000.0,,897000000.0,-281700000.0,1525300000.0,0.3523858807294852,,444000000.0,0.0286868402637649,0.3341354870611505,12.002006688963212,10.11813583815029,0.3611316158559091,0.2794041963945218,0.2353694544917694,0.2246296591123666,448000000.0,82500000.0,31.93,[],{},0.0809236274493638,12.676140509413068,-26.32526636193761,-0.0379863202997197,,,-0.0265564759323586,0.95,19,20,0.597147876278311,3.0,22.0,0.4120727272727272,0.4120727272727272,0.1363636363636363,0.0,1.0,0.1363636363636363,22.0,2,5,"cheapness,risk",0.3973833333333333,True,0.65,0.6777,hold,2,7,stable,0.2422,persistent,2026-08-02,neutral,0.375,50.823591036515964
WFC,Wells Fargo & Company,Financial Services,270496727040.0,13.001452,11.319976,1.6815805,2.23,,,0.12575,0.0099309746531628,0.27232,0.095,0.25,,270035746816.0,,,83699000000.0,478470012928.0,496412000256.0,53.194,2148631000000.0,,,,21338000000.0,-19001000000.0,,,3092618850.0,0.0102194735846661,,,,0.0898409266179255,0.0910860716793317,0.0389545715388077,0.0426438392720658,3288943829.0,39830000000.0,89.45,[],{},,,,,0.076914486166622,,,0.7,14,20,0.6278661662293378,6.0,22.0,0.4788636363636364,0.4788636363636364,0.2727272727272727,0.0,1.0,0.2727272727272727,22.0,3,5,"cheapness,dividend,garp",0.5431516666666667,False,0.36665,0.6751,hold,2,15,stable,0.2736,persistent,2026-07-16,neutral,0.5,59.091702557727906
COO,"The Cooper Companies, Inc.",Healthcare,10300711936.0,21.842741,11.541271,1.2880138,,1.274,33.093,0.02853,0.0302465550069383,0.05573,0.079,,424275008.0,14968544256.0,886400000.0,682900000.0,4092400000.0,2726599936.0,138800000.0,42.057,12394800000.0,2106400000.0,,1112800000.0,374900000.0,796100000.0,0.6553855928061773,,195900000.0,0.0318549434844744,0.6663500539097397,1.892882818116463,1.9079976535001957,0.2021250847129441,0.2097976484344549,0.3301707167521864,0.3163083019358191,199600000.0,100000000.0,54.17,[],{},0.0411889013726516,16.88689559566787,21.919086624688827,0.0456223389743639,0.0457818000039463,,0.0605300478638539,0.95,19,20,0.6217277947597724,3.0,22.0,0.3987499999999999,0.3987499999999999,0.1363636363636363,0.0,1.0,0.1363636363636363,22.0,2,5,"cheapness,risk",0.4078733333333333,True,1.0,0.6666,hold,2,1,improving,0.153,new,2026-09-11,neutral,0.625,14.683291727067939
AFL,Aflac Incorporated,Financial Services,57388769280.0,12.375135,15.178799,1.896706,2.13,0.892,53.365,0.16908,0.031304198506053,0.26908,-0.01,0.468,5152249856.0,64629768192.0,6064999936.0,4753000000.0,17355000000.0,16176000000.0,8935000064.0,60.352,116470000000.0,,,,3646000000.0,2555000000.0,,,518690000.0,0.0462973989078475,,,,0.0721988494891388,0.0637769423132538,0.1490083283248905,0.1627001003691543,549964000.0,220000000.0,114.47,[],{},0.0897780161630955,10.656186129265608,13.597678980012624,0.0735419626739174,0.0808071992749978,,,0.95,19,20,0.6584416691577819,10.0,22.0,0.5947136363636365,0.5947136363636365,0.4545454545454545,0.0,1.0,0.4545454545454545,22.0,4,5,"cheapness,quality,dividend,garp",0.6970133333333333,False,0.73335,0.6651,hold,2,23,stable,0.5029,persistent,2026-07-16,neutral,0.5,36.17999323305404
C,Citigroup Inc.,Financial Services,232324988928.0,14.860516,10.75036,1.2070979,1.94,,,0.08529,0.0053838586603502,0.21832001,0.155,0.61,,40209993728.0,,,85213000000.0,881620025344.0,1095719976960.0,114.738,2657202000000.0,,,,14306000000.0,-67632000000.0,,,1747547001.0,0.0053898412415079,,,,0.1383805220679496,0.1427168930850487,0.0320686948150723,0.0342855442859905,1877071466.0,83072000000.0,138.5,[],{},,,,,0.067292414341467,,,0.7,14,20,0.5930016275284817,6.0,22.0,0.475290909090909,0.475290909090909,0.2727272727272727,0.0,1.0,0.2727272727272727,22.0,3,5,"cheapness,dividend,garp",0.5529833333333334,False,0.36665,0.6639,hold,2,20,stable,0.2639,persistent,2026-07-16,neutral,0.625,59.1823758472115
PNW,Pinnacle West Capital Corporation,Utilities,11706440704.0,18.646719,17.349648,1.6639963,3.75,0.594,233.288,0.09365,0.0205294097060899,0.11525,0.071,-0.095,-929501376.0,28242944000.0,2149111040.0,1067630000.0,5339939000.0,16505294848.0,9124000.0,58.047,30031599000.0,1703709000.0,,3161026000.0,616531000.0,1805095000.0,0.4160073738670048,,120903871.0,0.0233234339970179,0.4170201847250149,0.5389734219206043,0.5940663134534567,0.4761528681839418,0.4232633637209245,0.1778106786788142,0.1963361345696777,119096814.0,421968000.0,96.59,[],{},-0.0794008528725897,13.141686713405,26.45386884969512,0.0378016541051811,0.0536287375811262,,0.0397323123701158,1.0,20,20,0.624731182795699,5.0,22.0,0.3983045454545454,0.3983045454545454,0.2272727272727272,0.0,0.949,0.2272727272727272,22.0,3,5,"cheapness,dividend,garp",0.4976966666666667,False,0.53335,0.6602,hold,2,20,stable,0.3855,persistent,2026-07-16,neutral,0.625,34.69278964000577
VRSK,"Verisk Analytics, Inc.",Industrials,22889236480.0,27.307453,20.22251,-19.73073,1.12,1.005,,,0.1466064078766847,0.28237,0.044,-0.034,1055550016.0,26954135552.0,1515800064.0,1343900000.0,3072700000.0,4617099776.0,552200000.0,-8.913,6195500000.0,2765400000.0,,2300300000.0,908300000.0,1436000000.0,0.6987991017671754,,138397709.0,0.2245175510586911,0.6873026338619564,1.2021910185627962,0.7358140285737348,0.7909611815027036,0.7610851877037071,0.4959567427971915,0.6757098975308932,140414637.0,170900000.0,175.86,[],{},0.0461155625231235,17.782117966713585,20.05665269142049,0.0498587683291621,0.0366200392251888,,0.3450143766687205,0.9,18,20,0.6690427339390527,3.0,22.0,0.476409090909091,0.476409090909091,0.1363636363636363,0.0,1.0,0.1363636363636363,22.0,3,5,"cheapness,garp,risk",0.4984983333333334,True,0.8,0.6453,hold,2,5,stable,0.3549,persistent,2026-09-04,neutral,0.5,38.05462792374722
GPN,Global Payments Inc.,Industrials,23431958528.0,41.378506,5.5386605,1.0184717,1.15,0.825,98.273,0.02428,0.0262494712073181,-0.091529995,0.686,-0.952,7867763200.0,42437750784.0,4482187776.0,1471866000.0,7705878000.0,23555809280.0,5408962048.0,86.944,53338484000.0,12602671000.0,,7456844000.0,1400107000.0,2656592000.0,0.7257442954586096,,236692592.0,0.0334902209424964,0.7371407851891877,1.6900810852419603,0.9645782615357108,0.4099362104104796,0.3553191809257595,0.1444712601880473,0.1649803354662925,248708899.0,649643000.0,88.55,[],{},0.3357706181751057,9.468088555154722,28.832618447603245,0.034682940844144,0.0241671364355204,,0.0320796292373158,1.0,20,20,0.5757363148209924,2.0,22.0,0.3473318181818182,0.3473318181818182,0.0909090909090909,0.0,1.0,0.0909090909090909,22.0,2,5,"cheapness,risk",0.337375,True,0.7,0.6427,hold,2,20,stable,0.2437,persistent,2026-07-16,neutral,0.375,48.25640985687186
LHX,"L3Harris Technologies, Inc.",Industrials,46250123264.0,25.31804,18.47025,2.4164972,2.0,1.1891779684472736,34.574,,0.0389853137516688,0.103690006,1.9,-0.061,,61982826496.0,2146000000.0,2150000000.0,21865000000.0,7926000128.0,1001000000.0,102.781,41195000000.0,8593000000.0,,7226000000.0,1606000000.0,3106000000.0,0.2572604619254516,,186844093.0,0.0357610533082545,0.2590386869871043,1.1891779684472736,1.0766409013494038,0.269838572642311,0.2913263969905478,0.5307682971234373,0.5077260065236542,189794911.0,597000000.0,248.37,[],{},,28.88295736067101,28.82922162604651,0.0346870273839278,0.0394975282446824,,0.0632930024434042,0.9,18,20,0.6614437212434071,3.0,22.0,0.4714545454545454,0.4714545454545454,0.1363636363636363,0.0,1.0,0.1363636363636363,22.0,3,5,"quality,garp,risk",0.5417883333333333,True,0.83335,0.6412,hold,2,20,stable,0.3517,persistent,2026-07-16,neutral,0.625,27.067956128483658
FITB,Fifth Third Bancorp,Financial Services,49362161664.0,18.2651,11.0218115,1.527688,2.95,,,0.08438,0.0117643766093219,0.23239,0.518,-0.057,,67774160896.0,,,8821000000.0,24935000064.0,8705000448.0,35.629,214376000000.0,,,,2522000000.0,4514000000.0,,,661197787.0,0.0108675743329873,,,,0.0651145650632533,0.086860755094469,0.0411473299249916,0.0388583880860576,669853830.0,3921000000.0,54.43,[],{},,,,,0.0547492211923285,,,0.7,14,20,0.5489504102036071,4.0,22.0,0.4424318181818181,0.4424318181818181,0.1818181818181818,0.0,1.0,0.1818181818181818,22.0,4,5,"cheapness,quality,dividend,garp",0.5271433333333333,False,0.53335,0.6373,hold,2,20,stable,0.3322,persistent,2026-07-16,neutral,0.625,43.07144205626444
AES,The AES Corporation,Utilities,10558892032.0,5.5430713,6.243408,2.1356423,4.75,0.746,256.886,0.095740005,0.0175784268273837,0.1434,0.199,,-3089125120.0,49530892288.0,4070000128.0,1970000000.0,12233000000.0,32942999552.0,1852999936.0,6.93,51768000000.0,6502000000.0,,8492000000.0,910000000.0,4306000000.0,0.1807406196354124,,712201777.0,0.0354174577057756,0.1884671770646685,0.7656617993405558,0.7969898494924746,0.5775189306135065,0.6121166097118508,0.2363042806366867,0.2589967514660591,711074269.0,1407000000.0,14.8,[],{},-0.2925614837842865,12.16975202217979,25.1425849177665,0.0397731579020489,0.1804054008830808,,0.0455217672612995,1.0,20,20,0.5864516129032259,5.0,22.0,0.4306590909090909,0.4306590909090909,0.2272727272727272,0.0,1.0,0.2272727272727272,22.0,2,5,"cheapness,dividend",0.403645,False,0.33335,0.6348,hold,2,23,stable,0.2443,persistent,2026-07-16,neutral,0.5,60.44571410587357
PSKY,Paramount Skydance Corporation,Communication Services,11645796352.0,346.0,12.200282,0.98857147,1.96,1.04,126.479,-0.00896,-0.1428175903280882,-0.021329999,0.009,-0.541,17593124864.0,27259797504.0,3310000128.0,1608000000.0,29213000000.0,16202000384.0,1627000064.0,10.5,43342000000.0,13320000000.0,,10599000000.0,-6190000000.0,752000000.0,0.2963749015849108,,1107500087.0,-0.0131681538594819,0.2449750438418993,1.2567223322954997,1.3022531408991798,0.3416547459738821,0.3367625400675734,0.6740113515758387,0.6422073984232869,670702683.0,860000000.0,10.38,[],{},1.510684570830455,8.235588051312607,16.9526103880597,0.0589879656943177,0.0028901734104046,,0.0491097333781266,1.0,20,20,0.5774999999999999,1.0,22.0,0.3670863636363636,0.3670863636363636,0.0454545454545454,0.0,1.0,0.0454545454545454,22.0,1,5,cheapness,0.3194533333333333,False,0.45,0.6304,hold,2,20,stable,0.1208,persistent,2026-07-16,neutral,0.375,52.681818415598194
BLDR,"Builders FirstSource, Inc.",Industrials,6344963072.0,67.01137,13.20415,1.5841506,,1.789,130.786,0.02506,0.0387272825967984,0.0070999996,-0.088,,464577120.0,11517526016.0,1022512000.0,786276000.0,15190638000.0,5238214144.0,65651000.0,37.225,11237530000.0,,,1574941000.0,435199000.0,1215886000.0,0.3038566912067814,,110585000.0,0.1018510101873876,0.3282245435075972,,,0.4538605013735224,0.4094103553538165,1.351777303375386,1.5496890037556152,113578000.0,273894000.0,58.97,[],{},0.073219830395886,11.263951930148496,14.64819734546139,0.0682677858862845,0.0149228407059876,,0.0813732220215513,0.9,18,20,0.5443881662253943,3.0,22.0,0.2503272727272727,0.2503272727272727,0.1363636363636363,0.0,1.0,0.1363636363636363,22.0,2,5,"cheapness,risk",0.2299333333333333,True,0.7,0.6284,hold,2,7,stable,0.2111,persistent,2026-08-02,neutral,0.5,31.809366667512876
BAC,Bank of America Corporation,Financial Services,437466365952.0,14.481482,11.816996,1.5901582,2.04,,,0.111990005,0.0089423631005663,0.29524,0.168,0.341,,383305351168.0,,,113097000000.0,788985020416.0,868142022656.0,39.342,3411738000000.0,,,,30509000000.0,12613000000.0,,,7212464345.0,0.0082706308130594,,,,0.1072485636353084,0.1001656088570842,0.0331493801692861,0.0324582321338828,7610862311.0,78470000000.0,62.56,[],{},,,,,0.0690537059673864,,,0.7,14,20,0.5716209408664652,5.0,22.0,0.4652545454545455,0.4652545454545455,0.2272727272727272,0.0,1.0,0.2272727272727272,22.0,3,5,"cheapness,dividend,garp",0.5436799999999999,False,0.36665,0.6254,hold,2,20,stable,0.2514,persistent,2026-07-16,neutral,0.625,53.949346636510036
TDY,Teledyne Technologies Incorporated,Technology,27651158016.0,28.816423,22.319157,2.5324786,,2.181,18.565,0.09154,0.0585399043525478,0.15292,0.098,0.212,912675008.0,29338058752.0,1592400000.0,1149800000.0,6115400000.0,2027000064.0,340100000.0,235.54,15285300000.0,3055600000.0,,1860100000.0,894800000.0,1191300000.0,0.4275762828269614,,46185578.0,0.0576881095736065,0.4294179894179894,1.6427073813235848,2.334020291693088,0.1728523483346745,0.1963874511460864,0.4000837405873617,0.3992817154325552,46706612.0,59600000.0,596.5,[],{},0.0330067553580176,18.423799768902285,25.51579296573317,0.0391914137782417,0.0347024334005646,,0.0856449065935703,0.95,19,20,0.5746706287619008,3.0,22.0,0.3968954545454545,0.3968954545454545,0.1363636363636363,0.0,1.0,0.1363636363636363,22.0,2,5,"quality,risk",0.41923,True,1.0,0.6248,hold,2,20,stable,0.2279,persistent,2026-07-16,accumulate,0.75,29.661716627552536
LUV,Southwest Airlines Co.,Industrials,18927464448.0,24.18125,8.090977,2.6726997,1.86,0.489,97.275,0.11099,0.0151749767729947,0.02783,0.164,0.205,-834750016.0,22025465856.0,2337999872.0,428000000.0,28063000000.0,6888999936.0,3791000064.0,14.476,29061000000.0,5645000000.0,,10921000000.0,441000000.0,1842000000.0,0.1744289634037701,,515581396.0,0.0137777777777777,0.1622457519193683,0.5168940573207582,0.918377321603128,0.2058084718351054,0.2387555555555555,0.965658442586284,0.8143111111111111,593313675.0,113000000.0,38.69,[],{},-0.0441025800520367,9.420644594457874,51.461368822429904,0.0194320520981583,0.0413543551305246,,0.0235942668136714,1.0,20,20,0.547961227696106,4.0,22.0,0.3729090909090908,0.3729090909090908,0.1818181818181818,0.0,1.0,0.1818181818181818,22.0,4,5,"cheapness,quality,dividend,garp",0.47883,False,0.63335,0.6214,hold,2,20,stable,0.4677,persistent,2026-07-16,accumulate,0.875,35.71672528079459
PAYX,"Paychex, Inc.",Technology,41001832448.0,23.45825,18.02298,10.965347,4.15,1.152,123.967,,0.1088194380042659,0.26633,0.125,0.434,,44454150144.0,1608000000.0,2510500000.0,6512000000.0,4630300160.0,1143699968.0,10.504,16174500000.0,8613300000.0,,6840600000.0,1760100000.0,2556700000.0,0.7428593366093366,,355600000.0,0.1000537306584722,0.7235314177001633,1.2591439347425664,1.281787731983957,0.2849114346656775,0.3032039169046311,0.4026090451018578,0.3363720334941228,360500000.0,269500000.0,115.18,[],{},,27.64561576119403,17.707289441943836,0.0564739173253285,0.0426289258576407,,0.2689658127899377,0.9,18,20,0.6082620352915821,6.0,22.0,0.5429636363636364,0.5429636363636364,0.2727272727272727,0.0,1.0,0.2727272727272727,22.0,4,5,"cheapness,quality,dividend,garp",0.6660999999999999,False,0.73335,0.6152,hold,2,20,stable,0.4404,persistent,2026-07-16,neutral,0.5,38.87669575426496
PPL,PPL Corporation,Utilities,25744558080.0,20.48503,16.159431,1.7107565,3.3,0.905,135.434,0.086330004,0.0261029086729732,0.13471,0.042,0.212,-1938375040.0,45788557312.0,3759000064.0,2129000000.0,9042000000.0,20376000512.0,332000000.0,19.997,45244000000.0,3931000000.0,,4546000000.0,1181000000.0,2629000000.0,0.4273390842733908,,751041000.0,0.021622148092235,0.4009690380524698,0.8647162340519138,0.8640864086408641,0.4276810184775882,0.4092137622050695,0.1998497038281319,0.2060434877888431,738033000.0,808000000.0,34.21,[],{},-0.0752926126747482,12.181047228628088,21.507072480976984,0.0464963328172395,0.0488161354901603,,0.0523121529313479,1.0,20,20,0.5613978494623655,6.0,22.0,0.4376454545454545,0.4376454545454545,0.2727272727272727,0.0,1.0,0.2727272727272727,22.0,3,5,"cheapness,dividend,garp",0.5330516666666666,False,0.53335,0.613,hold,2,20,stable,0.3523,persistent,2026-07-16,neutral,0.5,42.71628884678388
PCG,PG&E Corporation,Utilities,30899208192.0,10.240875,7.7874355,0.95598257,1.41,1.216,189.45,0.09318,0.0190875002648099,0.11828,0.001,0.398,-6150125056.0,96461209600.0,10453000192.0,4849000000.0,24935000000.0,64703000576.0,972000000.0,14.676,141611000000.0,15830000000.0,,16300000000.0,2703000000.0,8716000000.0,0.3958291558050932,,2197942874.0,0.0187939548107137,0.375035832753184,0.9711656441717792,1.0542559706062462,0.4331231330899436,0.4365030674846625,0.1760809541631653,0.1826948975011222,2193573536.0,3028000000.0,14.03,[],{},-0.1990382736601097,9.228088379241084,19.89301084759744,0.0502689114112042,0.0976479060627143,,0.0386957250361101,1.0,20,20,0.5854838709677419,8.0,22.0,0.5579500000000001,0.5579500000000001,0.3636363636363636,0.0,1.0,0.3636363636363636,22.0,4,5,"cheapness,quality,dividend,garp",0.5883416666666668,False,0.43335,0.6113,hold,2,20,stable,0.4787,persistent,2026-07-16,accumulate,0.75,35.941592220993385
NCLH,Norwegian Cruise Line Holdings Ltd.,Consumer Cyclical,6690366464.0,8.830303,8.610043,2.6003926,,0.2,621.051,0.3673,0.018776383952355,0.07492,0.049,6.163,-1680301312.0,22451085312.0,2594191872.0,1560868000.0,9827592000.0,15978818560.0,218100000.0,5.603,22541401000.0,1138541000.0,,5452577000.0,423246000.0,2089746000.0,0.4261907698243883,,455257489.0,0.0455816532264626,0.3999044901547536,0.2088078719475213,0.1747323281204456,0.6479710821878374,0.6560147214212493,0.4359796447434655,0.4746990845331486,439861281.0,953506000.0,14.57,[],{},-0.2511523578030418,8.65436576003581,14.383718105566905,0.0695230532648559,0.113246397094188,,0.0913385262789294,0.95,19,20,0.5888618019260974,4.0,22.0,0.4367772727272727,0.4367772727272727,0.1818181818181818,0.0,0.9857,0.1818181818181818,22.0,2,5,"cheapness,garp",0.4206333333333333,False,0.33335,0.6109,hold,2,20,stable,0.228,persistent,2026-07-16,neutral,0.625,24.43582313698981
HAS,"Hasbro, Inc.",Consumer Cyclical,12716569600.0,15.817545,13.816121,18.060898,3.15,1.661,531.042,1.5956,-0.0580691642651296,0.15968001,0.162,,688150016.0,15241669632.0,1300199936.0,1058000000.0,4701300000.0,3878200064.0,1378200064.0,4.992,5552000000.0,2583700000.0,,1871100000.0,-322400000.0,893200000.0,0.645821368557633,,140385121.0,0.0608173114836837,0.6460645629307218,1.380845491956603,1.600299721687005,0.5935698847262247,0.5379240729933915,0.8467759365994236,0.6522562023878996,139528691.0,163400000.0,90.16,[],{},0.054114437906273,11.722558361977953,14.406114964083176,0.0694149673588726,0.0632209359922794,,0.2874297046917873,1.0,20,20,0.6344157887762538,7.0,22.0,0.4564954545454545,0.4564954545454545,0.3181818181818182,0.0,0.8433,0.3181818181818182,22.0,3,5,"cheapness,quality,dividend",0.4619033333333333,False,0.55,0.6106,hold,2,20,stable,0.3735,persistent,2026-07-16,accumulate,0.75,42.8547751492161
EFX,Equifax Inc.,Industrials,19742160896.0,29.480701,16.52049,4.5115037,1.33,0.602,120.956,0.14275,0.055654827126987,0.10729,0.106,0.007,947537472.0,25178861568.0,1924300032.0,1095200000.0,6074500000.0,5467100160.0,170100000.0,37.247,11864200000.0,1412200000.0,,2335400000.0,660300000.0,1615700000.0,0.5644744423409334,,120400000.0,0.0513716686225487,0.5566527609089789,0.604692986212212,0.7510902566933481,0.4292999106555857,0.4260846641835468,0.5120024949006254,0.4831113832338384,123952015.0,212300000.0,168.04,[],{},0.0479956311262756,13.084685937374656,22.9901950036523,0.0434968037392086,0.0339204959882059,,0.1149357736546049,1.0,20,20,0.5704739332485784,3.0,22.0,0.3893636363636363,0.3893636363636363,0.1363636363636363,0.0,1.0,0.1363636363636363,22.0,3,5,"quality,garp,risk",0.4530016666666666,True,0.8,0.6106,hold,2,6,stable,0.3543,persistent,2026-08-16,neutral,0.5,36.198197208462595
ON,ON Semiconductor Corporation,Technology,27318487040.0,46.164474,15.493144,3.7841773,,3.464,65.055,0.08312,0.0096613728731006,0.10168,0.092,0.366,1656649984.0,28182302720.0,2089900032.0,751100000.0,5995400000.0,4709000192.0,3864499968.0,18.543,12524100000.0,5823100000.0,,1287700000.0,121000000.0,1759800000.0,0.3309036928311705,,396740551.0,0.1116268506295334,0.4541038928031854,4.522093655354508,5.058435720707222,0.2399214314801063,0.2389600987948729,0.4787090489536174,0.5026544024755497,422955173.0,70900000.0,70.17,[],{},0.0606420839329175,13.485000377281205,37.52137228065504,0.0266514772572849,0.021661678631928,,0.066845252927984,0.95,19,20,0.5482695555077413,3.0,22.0,0.2974227272727272,0.2974227272727272,0.1363636363636363,0.0,1.0,0.1363636363636363,22.0,2,5,"cheapness,risk",0.3466433333333333,True,1.0,0.6103,hold,2,20,stable,0.2201,persistent,2026-07-16,accumulate,0.75,35.42418682401026
CCI,Crown Castle Inc.,Real Estate,32281190400.0,30.651453,25.58375,-9.623502,5.65,0.522,,,0.0140871882733676,0.20716,-0.049,-0.675,1036249984.0,53790392320.0,2689999872.0,2086000000.0,4264000000.0,23403999232.0,1042000000.0,-7.676,31518000000.0,1144000000.0,,4479000000.0,444000000.0,3057000000.0,0.7408536585365854,,435479010.0,-0.1192265395894428,0.7556053811659192,0.2554141549453003,0.5006890215893431,0.9380671362396092,0.8974828934506354,0.1352877720667555,0.1362414467253176,434598208.0,941000000.0,73.87,[],{},0.0321007364090266,19.99642932325017,25.786381744966445,0.0387801596164301,0.0326248807846075,,0.0771478235141832,0.9,18,20,0.5986681262543331,3.0,22.0,0.4425681818181818,0.4425681818181818,0.1363636363636363,0.0,1.0,0.1363636363636363,22.0,3,5,"dividend,garp,risk",0.4976283333333334,True,0.5,0.5989,hold,2,7,stable,0.3233,persistent,2026-08-02,neutral,0.625,41.46914266942539
ZBRA,Zebra Technologies Corporation,Technology,16275340288.0,31.647655,15.508905,4.7459474,,0.516,86.23,0.15286,0.0492825217595859,0.092180006,0.204,1.215,576750016.0,19080339456.0,1184000000.0,800000000.0,5396000000.0,2961999872.0,157000000.0,72.485,8502000000.0,1796000000.0,,1852000000.0,419000000.0,917000000.0,0.4805411415863602,,49592946.0,0.0662650602409638,0.4844408753262397,0.9697624190064796,1.431924882629108,0.3172194777699365,0.2964357429718876,0.6346741943072218,0.6251255020080321,51506059.0,108000000.0,344.01,[],{},0.035437048061308,16.11515156756757,23.85042432,0.0419279752252223,0.0315979177604154,,0.1203007518796992,0.95,19,20,0.552718946242407,2.0,22.0,0.3375681818181819,0.3375681818181819,0.0909090909090909,0.0,1.0,0.0909090909090909,22.0,2,5,"garp,risk",0.401695,True,0.8,0.594,hold,2,20,stable,0.2179,persistent,2026-07-16,neutral,0.375,48.769758709668636
FERG,Ferguson Enterprises Inc.,Industrials,42747248640.0,21.987064,17.60884,6.893679,1.59,1.729,111.063,,,0.063200004,0.046,0.069,,49197248512.0,3070599936.0,,31446200320.0,6887000064.0,437000000.0,32.054,17729000000.0,10146000000.0,,6028000000.0,,1908000000.0,,,194128511.0,0.1119961380642046,0.3067095767505364,1.6831453218314532,1.804064417177914,0.3365108015116476,0.3329109341057205,1.7737153996277286,1.8562635771180305,201343253.0,,220.97,[],{},,16.022031374132094,,,0.0454812884521553,,,0.75,15,20,0.5924138704971385,2.0,22.0,0.3320681818181818,0.3320681818181818,0.0909090909090909,0.0,1.0,0.0909090909090909,22.0,2,5,"dividend,garp",0.4019316666666667,False,0.4,0.5922,hold,2,6,stable,0.1777,persistent,2026-08-16,neutral,0.625,38.13383689232645
SJM,The J. M. Smucker Company,Consumer Defensive,12933083136.0,57.37915,11.124128,2.329389,3.63,0.87,120.682,0.03931,-0.0085514877245767,0.02506,0.05,,1464337536.0,19830083584.0,2263899904.0,1343000000.0,9050900000.0,6940199936.0,43200000.0,51.975,16219400000.0,1973100000.0,,2538200000.0,-138700000.0,1473600000.0,0.3352705255830912,,106661858.0,-0.0700779466273422,0.3878823300214299,0.7773619100149712,0.8094268476621418,0.4370691887492756,0.4419272004691601,0.5580292735859527,0.4968371547488228,106425081.0,381200000.0,121.07,[],{},0.113224164771966,8.759258105432563,14.765512720774383,0.0677253827151594,0.0174279333172415,,0.0981639037511329,1.0,20,20,0.5275659824046921,3.0,22.0,0.3498363636363636,0.3498363636363636,0.1363636363636363,0.0,1.0,0.1363636363636363,22.0,2,5,"cheapness,dividend",0.34488,False,0.55,0.5877,hold,2,20,stable,0.2231,persistent,2026-07-16,neutral,0.5,43.758526774037016
AKAM,"Akamai Technologies, Inc.",Technology,15396360192.0,40.123592,14.905893,3.239492,,1.637,196.672,0.08918,0.0393767471688797,0.09507,0.054,-0.268,710060096.0,21379958784.0,1079897984.0,628242000.0,4208175000.0,9338986496.0,3355386880.0,33.07,11479643000.0,2286680000.0,,967518000.0,452031000.0,1518765000.0,0.589486416320614,,144711094.0,0.0486959658243468,0.5939050924441166,2.3634495688969093,1.2327588803833744,0.4943871512380655,0.4469766708442696,0.366577166206301,0.384921473441681,150025096.0,30759000.0,107.13,[],{},0.0461186986498893,19.798128249862536,34.03140634341543,0.0293846216612051,0.024922992936425,,0.0597635587476366,0.95,19,20,0.5352213061411732,1.0,22.0,0.2370999999999999,0.2370999999999999,0.0454545454545454,0.0,1.0,0.0454545454545454,22.0,1,5,risk,0.2771233333333333,True,0.8,0.5793,hold,2,23,stable,0.1059,persistent,2026-07-16,accumulate,0.75,43.98502925019161
MMM,3M Company,Industrials,83990552576.0,29.23878,16.655622,28.452131,1.9,1.24,437.937,0.81891996,0.0861315029284711,0.11902001,0.025,0.328,6350125056.0,91900551168.0,6488000000.0,4791000000.0,24948000000.0,13159999488.0,5303000064.0,5.724,37733000000.0,16387000000.0,,9595000000.0,3250000000.0,2306000000.0,0.3991101491101491,,530279131.0,0.1046704123607906,0.4121261444557477,1.7078686816050026,1.4111584932480454,0.3339782153552593,0.3271796929868566,0.6611719184798452,0.6164091501956457,539470303.0,946000000.0,162.86,[],{},0.0756052301269717,14.164696542540074,19.18191424921728,0.0521324403293485,0.0342011533996972,,0.1702679650294974,1.0,20,20,0.5954441370754632,5.0,22.0,0.4593227272727272,0.4593227272727272,0.2272727272727272,0.0,0.8688,0.2272727272727272,22.0,3,5,"cheapness,dividend,garp",0.5419966666666667,False,0.73335,0.5779,hold,2,20,stable,0.352,persistent,2026-07-16,neutral,0.625,26.98360677189268
BAX,Baxter International Inc.,Healthcare,12500963328.0,,11.873895,2.0143287,0.16,1.946,156.449,-0.14371,-0.0477187733732236,-0.09268,0.053,0.368,1000374976.0,19990964224.0,1884000000.0,177000000.0,11244000000.0,9667000320.0,2150000128.0,12.004,20055000000.0,6872000000.0,,2970000000.0,-957000000.0,845000000.0,0.3005158306652437,,514281327.0,-0.0251726010394849,0.3745769086122602,2.3138047138047138,1.359698970972201,0.487658937920718,0.5216430067488945,0.5606581899775617,0.4125358777441626,510927308.0,290000000.0,24.18,[],{},0.0800238309442387,10.610915193205944,112.94330070056498,0.0088540001380975,,,0.0103599648814749,0.95,19,20,0.5303764313700023,2.0,22.0,0.3016545454545454,0.3016545454545454,0.0909090909090909,0.0,1.0,0.0909090909090909,22.0,2,5,"cheapness,dividend",0.28858,False,0.55,0.5727,hold,2,20,stable,0.2096,persistent,2026-07-16,neutral,0.375,37.68092210848187
SOLV,Solventum Corporation,Healthcare,14920110080.0,10.997491,12.129272,3.1063936,,1.021,110.313,0.33960998,0.1088568630194487,0.17256,0.022,0.039,489000000.0,19812110336.0,1139000064.0,632000000.0,8325000000.0,5295000064.0,403000000.0,28.216,14294000000.0,3859000000.0,,3136000000.0,1556000000.0,369000000.0,0.5346546546546547,,173490864.0,0.0331327384657951,0.556457475163557,1.230548469387755,1.201997780244173,0.3522456974954526,0.5540568582693505,0.5824122009234644,0.5709344954001522,172785606.0,347000000.0,87.65,[],{},0.0327745571164043,17.394301336931267,31.348275848101267,0.0318996810174033,0.0909298311769475,,0.0566409750851407,0.95,19,20,0.6159195369865248,5.0,22.0,0.3790363636363636,0.3790363636363636,0.2272727272727272,0.0,0.8,0.2272727272727272,22.0,2,5,"cheapness,quality",0.330465,False,0.2,0.5714,hold,2,20,stable,0.2256,persistent,2026-07-16,neutral,0.5,46.993916798305214
CVX,Chevron Corporation,Energy,417350713344.0,20.5764,15.792943,2.1979337,3.33,1.252,18.959,0.12231,0.0379584706739256,0.09834,0.535,3.219,21934000128.0,451570728960.0,50661998592.0,16674000000.0,184432000000.0,37075001344.0,8529999872.0,96.8,324012000000.0,38552000000.0,,33387000000.0,12299000000.0,33939000000.0,0.3041012405656285,,1980248122.0,0.0687364266865936,0.2943220242588437,1.1547009315002843,1.0610249494268376,0.1257916373467649,0.0955133144961041,0.5692134859202745,0.752765258544863,1769012274.0,1217000000.0,212.76,[],{},0.0525553196069919,8.913401395722024,27.08232751349406,0.0369244482218797,0.0485993662642639,,0.0573729032258064,1.0,20,20,0.5261904761904762,10.0,22.0,0.5952227272727272,0.5952227272727272,0.4545454545454545,0.0,1.0,0.4545454545454545,22.0,5,5,"cheapness,quality,dividend,garp,risk",0.771085,True,1.0,0.5714,hold,2,1,deteriorating,0.343,new,2026-09-11,neutral,0.375,68.11840440867759
EVRG,"Evergy, Inc.",Utilities,18758944768.0,20.649746,17.822445,1.8349121,3.42,0.359,160.554,0.092539996,0.0252028808342047,0.15192,0.044,0.23,-1443362560.0,35287846912.0,2840399872.0,1532900000.0,5961600000.0,16497999872.0,21800000.0,44.34,33948500000.0,1815800000.0,,3695900000.0,855600000.0,2045200000.0,0.522661701556629,,230262674.0,0.0270583388317364,0.5189745694594086,0.4913011715684948,0.5022116644823067,0.4478018174587979,0.4358297632434073,0.1756071696834911,0.1811313390392818,229983615.0,616300000.0,81.36,[],{},-0.0769426307210075,12.42354897275534,23.02031894578903,0.0434398846668857,0.048426745781764,,0.0506700250556976,1.0,20,20,0.5301075268817205,6.0,22.0,0.4209318181818182,0.4209318181818182,0.2727272727272727,0.0,1.0,0.2727272727272727,22.0,3,5,"cheapness,dividend,garp",0.5140533333333334,False,0.43335,0.5704,hold,2,20,stable,0.3302,persistent,2026-07-16,neutral,0.5,45.381240200398565
HSIC,"Henry Schein, Inc.",Healthcare,9729284096.0,25.676472,14.554003,3.094757,,1.319,80.733,0.088549994,0.0354881854658938,0.02963,0.067,0.171,446000000.0,14951282688.0,1080000000.0,758000000.0,13184000000.0,3812999936.0,157000000.0,28.209,11215000000.0,4464000000.0,,3228000000.0,398000000.0,712000000.0,0.3113622572815534,,115771149.0,0.0381679389312977,0.316894184486704,1.382899628252788,1.4209775240813414,0.3063753901025412,0.280876883930319,1.1755684351315203,1.240262282247015,124155884.0,150000000.0,87.3,[],{},0.045840988463207,13.843780266666666,19.72464734564644,0.0506979913240738,0.0389461605161332,,0.0949042193564542,0.95,19,20,0.5401438519209474,2.0,22.0,0.2869227272727273,0.2869227272727273,0.0909090909090909,0.0,1.0,0.0909090909090909,22.0,2,5,"cheapness,risk",0.30446,True,0.9,0.5695,hold,2,13,stable,0.2108,persistent,2026-07-25,neutral,0.5,43.34596771611658
FE,FirstEnergy Corp.,Utilities,26762096640.0,24.73262,15.681156,2.068981,4.03,0.541,200.908,0.09491,0.0182455638236977,0.06939,0.088,0.083,-2014625024.0,57173098496.0,5422000128.0,2833000000.0,15090000000.0,28982999040.0,63000000.0,22.354,55904000000.0,2979000000.0,,5271000000.0,1020000000.0,3700000000.0,0.6530815109343936,,577851052.0,0.0187917915609868,0.6751781472684085,0.5651678998292544,0.5555333199919952,0.4750286204922724,0.4615901929136884,0.2699270177447052,0.2588578894781339,576612245.0,1032000000.0,46.25,[],{},-0.0752790430099874,10.544650893818645,20.18111489445817,0.0495512762912124,0.0404324329569612,,0.0559516520846088,1.0,20,20,0.5084946236559139,4.0,22.0,0.4137227272727273,0.4137227272727273,0.1818181818181818,0.0,1.0,0.1818181818181818,22.0,3,5,"cheapness,dividend,garp",0.5122883333333333,False,0.53335,0.5649,hold,2,4,stable,0.322,persistent,2026-09-06,neutral,0.625,43.70492046269051
O,Realty Income Corporation,Real Estate,56366206976.0,43.80147,38.221176,1.4251878,5.42,1.528,74.722,0.03225,0.0145419479404885,0.20898001,0.096,0.692,1582081920.0,89514573824.0,5357639168.0,2593823000.0,5749377000.0,31333789696.0,569948032.0,41.798,72795612000.0,5108171000.0,,3594827000.0,1058590000.0,3994754000.0,0.925418006159624,,933975000.0,0.0125048523616003,0.9283504409480906,1.420978255699092,1.6757956732452994,0.4031265785635541,0.3887139513351623,0.0789797192720901,0.0765764366022949,891511000.0,1106497000.0,59.57,[],{},0.0280679152435009,16.707839221172424,34.510671631796,0.0289765441446425,0.02283028400645,,0.0374825661298495,1.0,20,20,0.49552590768108,5.0,22.0,0.4367454545454545,0.4367454545454545,0.2272727272727272,0.0,1.0,0.2272727272727272,22.0,3,5,"dividend,garp,risk",0.585735,True,0.8,0.5577,hold,2,5,stable,0.316,persistent,2026-09-04,neutral,0.625,29.509940815497913
OMC,Omnicom Group Inc.,Communication Services,21796784128.0,214.72972,6.596333,2.2559488,4.09,0.924,107.744,0.060510002,-0.0010015565475151,0.017439999,0.634,0.588,4260624896.0,30800986112.0,3676499968.0,444700000.0,17271900000.0,11411200000.0,3336199936.0,35.218,54415300000.0,27465400000.0,,29538200000.0,-54500000.0,2938200000.0,0.0849414366688088,,313100000.0,0.0499853143241044,0.1863969252538386,0.9298264620051324,0.995257755992221,0.1972515083074061,0.2319594067662141,0.3174088905142487,0.5296667533177811,196411095.0,263300000.0,79.45,[],{},0.1954703442021444,8.377801272974198,69.26239287609624,0.0144378494371238,0.0046570172028352,,0.0178758778153402,1.0,20,20,0.5016666666666667,4.0,22.0,0.3142136363636364,0.3142136363636364,0.1818181818181818,0.0,1.0,0.1818181818181818,22.0,3,5,"cheapness,dividend,garp",0.3824716666666666,False,0.45,0.555,hold,2,20,stable,0.317,persistent,2026-07-16,neutral,0.5,39.24471905907473
L,Loews Corporation,Financial Services,22298974208.0,13.334963,37.613792,1.1664065,0.23,0.507,44.609,0.09313,0.0193056005929494,0.09024,0.039,0.156,1262000000.0,25754976256.0,3236999936.0,2720000000.0,18176000000.0,8935999488.0,6397000192.0,93.518,86348000000.0,,,,1667000000.0,3279000000.0,,,206003999.0,0.0172558973920896,,,,0.1098925279103164,0.109149042627192,0.2104970584147866,0.2103779456451436,214700344.0,437000000.0,109.08,[],{},0.0565945315792707,7.956433971335117,9.468741270588236,0.1056106584204804,0.0749908342452843,,,0.95,19,20,0.5283371530430355,9.0,22.0,0.5959818181818183,0.5959818181818183,0.4090909090909091,0.0,1.0,0.4090909090909091,22.0,4,5,"cheapness,dividend,garp,risk",0.604025,True,0.9,0.5505,hold,2,1,deteriorating,0.2562,new,2026-09-11,neutral,0.625,39.944104618580944
LII,Lennox International Inc.,Industrials,12877999104.0,16.553532,14.22256,9.927004,1.45,1.569,156.082,0.71757007,0.1974129060708511,0.14871,0.03,0.001,277737504.0,14850598912.0,1170800000.0,1053200000.0,5195300000.0,2024700032.0,52100000.0,37.536,4081800000.0,1903800000.0,,1191800000.0,805800000.0,757600000.0,0.3339171943872346,,34796050.0,0.2240607734806629,0.3327841536704548,1.597415673770767,1.547551968324069,0.433803714047724,0.4112154696132596,1.2727963153510706,1.4754972375690607,35596211.0,46400000.0,372.62,[],{},0.0215668211930324,12.684146662111376,14.10045472085074,0.0709196986761903,0.0604100683769481,,0.3644290657439446,1.0,20,20,0.570226032777712,5.0,22.0,0.4912545454545455,0.4912545454545455,0.2272727272727272,0.0,0.8859,0.2272727272727272,22.0,4,5,"cheapness,quality,dividend,garp",0.5528466666666667,False,0.73335,0.5474,hold,2,20,stable,0.4471,persistent,2026-07-16,neutral,0.625,30.605744374969987
DIS,The Walt Disney Company,Communication Services,182718005248.0,21.464504,14.157071,1.6637841,1.44,0.709,39.404,0.0801,0.0628006116022155,0.086990006,0.068,-0.483,4860375040.0,230384009216.0,20963000320.0,13832000000.0,94425000000.0,46041001984.0,5184999936.0,63.602,197514000000.0,24267000000.0,,34162000000.0,12404000000.0,18101000000.0,0.3776436325125761,,1791000000.0,0.0253390344462055,0.3575157890128173,0.7103506820443768,0.7295297551952369,0.2272092104863452,0.2484112140006829,0.4780673775023543,0.4656073061222409,1808587380.0,1812000000.0,105.82,[],{},0.0266004164909916,10.990030324819458,16.655871111625217,0.0600388891879713,0.046588544510509,,0.08467603702434,1.0,20,20,0.52,5.0,22.0,0.4932499999999999,0.4932499999999999,0.2272727272727272,0.0,0.8889,0.2272727272727272,22.0,4,5,"cheapness,quality,dividend,garp",0.5484216666666667,False,0.73335,0.5392,hold,2,15,stable,0.4237,persistent,2026-07-16,neutral,0.5,52.048805461938635
PEP,"PepsiCo, Inc.",Consumer Defensive,186663895040.0,17.909567,15.224964,8.447178,4.33,0.934,238.949,0.51508,0.0767232469576066,0.10785,0.064,1.37,7831875072.0,229182439424.0,18882000896.0,13491000000.0,93925000000.0,53213999104.0,10716000256.0,16.177,107399000000.0,27949000000.0,,32764000000.0,8240000000.0,12087000000.0,0.541485227575193,,1367340122.0,0.0962932429851106,0.5455396607659982,0.8530399218654621,0.8189370877727042,0.4646318867028557,0.4518885660570843,0.8745425935064572,0.9234620527411102,1371989025.0,1121000000.0,136.65,[],{},0.04195709657897,12.137614052997447,16.98780219583426,0.0588657666525702,0.055836079119054,,0.1807596971930059,1.0,20,20,0.5607771260997068,8.0,22.0,0.5678090909090909,0.5678090909090909,0.3636363636363636,0.0,1.0,0.3636363636363636,22.0,5,5,"cheapness,quality,dividend,garp,risk",0.7320333333333333,True,0.8,0.5381,hold,2,1,deteriorating,0.3434,new,2026-09-11,neutral,0.5,43.31967686391707
PFG,"Principal Financial Group, Inc.",Financial Services,24613470208.0,16.237288,11.065104,2.0320287,2.95,1.586,35.307,0.12949,0.0034715336292919,0.09932999,0.064,0.028,1056374976.0,23543369728.0,2151500032.0,,15625500000.0,4550900224.0,6367699968.0,56.574,341376500000.0,,,,1185100000.0,4536700000.0,,,217380912.0,0.005008550561812,,,,0.0115825195934693,0.0130968336778638,0.0457720434769235,0.0514171870755803,226225161.0,,114.96,[],{},0.0429185712974618,10.942769871174232,,,0.0615866393451911,,,0.9,18,20,0.507816925189048,6.0,22.0,0.50825,0.50825,0.2727272727272727,0.0,1.0,0.2727272727272727,22.0,5,5,"cheapness,quality,dividend,garp,risk",0.6173616666666667,True,0.9,0.5376,hold,2,7,stable,0.4704,persistent,2026-08-02,neutral,0.375,56.85019232259934
ALB,Albemarle Corporation,Basic Materials,14409597952.0,469.65387,10.8088255,1.7920458,1.3,2.086,18.976,0.02648,-0.0311848919010509,0.03795,0.311,,1334340224.0,17270636544.0,1482468992.0,67285000.0,5142733000.0,1998937984.0,1631687936.0,68.14,16374211000.0,4008139000.0,,1798044000.0,-510628000.0,1282267000.0,0.1300318332684197,,117715875.0,-0.0710098690225181,0.0116296973738481,2.2291662495467297,1.953893892794376,0.2013318992896818,0.2176854550026915,0.3140751636826959,0.3237591595102341,117559774.0,207651000.0,122.11,[],{},0.0926007948622049,11.649914188559295,256.6788518094672,0.0038959189389794,0.0021292276373662,,0.0046160969478464,1.0,20,20,0.5141666666666667,3.0,22.0,0.339190909090909,0.339190909090909,0.1363636363636363,0.0,0.926,0.1363636363636363,22.0,3,5,"cheapness,quality,risk",0.3454883333333333,True,0.65,0.5367,hold,2,23,stable,0.3153,persistent,2026-07-16,neutral,0.5,38.909589404497865
ITW,Illinois Tool Works Inc.,Industrials,75528962048.0,23.913437,21.393154,26.097227,2.61,1.109,334.853,1.04618,0.1898687143918751,0.19393998,0.061,0.101,2432999936.0,84384956416.0,4806000128.0,4216000000.0,16044000000.0,9694000128.0,839000000.0,10.162,16148000000.0,6200000000.0,,5126000000.0,3066000000.0,3126000000.0,0.4409748192470705,,288600000.0,0.2314993031127629,0.4428229966033463,1.2095200936402652,1.3593314763231197,0.5704111964329948,0.536138581004845,0.9935595739410452,1.055153647043207,294000000.0,292000000.0,265.2,[],{},0.0322128077763571,17.558250971399058,20.01540711954459,0.0499615118507143,0.0418174936542998,,0.3825077118490292,1.0,20,20,0.5615968412136455,6.0,22.0,0.5025772727272727,0.5025772727272727,0.2727272727272727,0.0,1.0,0.2727272727272727,22.0,5,5,"cheapness,quality,dividend,garp,risk",0.6184666666666667,True,0.8,0.5366,hold,2,20,stable,0.5491,persistent,2026-07-16,neutral,0.625,32.38378800040864
SO,The Southern Company,Utilities,100944355328.0,21.298544,17.819756,2.5510204,3.44,0.787,182.058,0.114829995,0.0278769586437194,0.15435,0.001,0.304,-3913374976.0,177819353088.0,14257999872.0,7285000000.0,29553000000.0,77086998528.0,2984000000.0,34.398,155720000000.0,10917000000.0,,16888000000.0,4341000000.0,9802000000.0,0.4846885256995906,,1119237015.0,0.0303140928502548,0.5000374195479719,0.646435338702037,0.6686675420496467,0.4756935525301823,0.4565160490425679,0.1897829437451836,0.1840749414519906,1099000000.0,3238000000.0,87.75,[],{},-0.0387676454347963,12.471549634195425,24.40897091118737,0.0409685440504036,0.0469515662666894,,0.0524734931427912,1.0,20,20,0.54,5.0,22.0,0.4167227272727272,0.4167227272727272,0.2272727272727272,0.0,1.0,0.2272727272727272,22.0,3,5,"cheapness,dividend,garp",0.52562,False,0.43335,0.5335,hold,2,20,stable,0.3221,persistent,2026-07-16,neutral,0.5,35.17330278095983
GRMN,Garmin Ltd.,Technology,52494462976.0,28.090818,24.734123,5.8157425,1.54,3.028,2.513,0.21886998,0.1513495630985433,0.24471001,0.114,0.353,1043656256.0,50055127040.0,2311467008.0,1876076000.0,7245519000.0,226856992.0,2666190080.0,46.804,10993669000.0,6248216000.0,,1720071000.0,1663887000.0,1633359000.0,0.5874393538958355,,192620000.0,0.1465585424349051,0.5870433449586249,3.632533773315172,3.5388962355871705,0.0149936295153146,0.0140060871019831,0.6590628660913841,0.6538482265819928,192468000.0,,272.2,[],{},0.019881263600642,21.65513367344588,26.68075655783668,0.037480196554107,0.0355988209385714,,0.2023029249273043,1.0,20,20,0.5209354320032793,8.0,22.0,0.5305363636363637,0.5305363636363637,0.3636363636363636,0.0,1.0,0.3636363636363636,22.0,5,5,"cheapness,quality,dividend,garp,risk",0.6436483333333334,True,1.0,0.5332,hold,2,7,stable,0.5271,persistent,2026-08-02,neutral,0.625,36.99802038549962
WDAY,"Workday, Inc.",Technology,44606689280.0,37.696537,13.999242,6.8963075,,0.908,58.39,0.16006,0.0383423702556158,0.12319,0.128,2.06,3046374912.0,44975689728.0,1586000000.0,1024000000.0,9552000000.0,3772000000.0,3403000064.0,26.839,18074000000.0,8429000000.0,,6378000000.0,693000000.0,2939000000.0,0.7570142378559463,,259131000.0,0.029259609501029,0.7550319677954062,1.321574161179053,1.9006849315068493,0.2114086533141529,0.1870167436168437,0.5284939692375789,0.4698225510374367,266352000.0,114000000.0,185.09,[],{},0.0682941272076401,28.357938037831023,43.921572,0.0227678553946111,0.0265276356817603,,0.0875512995896032,0.95,19,20,0.5138462662557552,6.0,22.0,0.3802045454545454,0.3802045454545454,0.2727272727272727,0.0,1.0,0.2727272727272727,22.0,4,5,"cheapness,quality,garp,risk",0.4878599999999999,True,1.0,0.5303,hold,2,7,stable,0.3968,persistent,2026-08-02,neutral,0.375,48.96809067978573
AEE,Ameren Corporation,Utilities,29054699520.0,18.707664,18.067259,2.1224747,2.82,0.531,157.846,0.11943,0.0300354814753692,0.18583,-0.062,0.119,-1786249984.0,50979700736.0,3910000128.0,2026000000.0,8799000000.0,21808001024.0,12000000.0,49.447,48476000000.0,2571000000.0,,3907000000.0,1456000000.0,3353000000.0,0.4740311399022616,,276400000.0,0.0265034306471142,0.4792076610258428,0.6580496544663424,0.663346029885731,0.4090684049839095,0.4197946096237499,0.1815125010314382,0.1709269473967442,269900000.0,776000000.0,104.95,[],{},-0.0614788661906629,13.038286206419276,25.1627348153998,0.0397413082217117,0.0534540282528059,,0.0454576050618142,1.0,20,20,0.5689247311827956,4.0,22.0,0.4272318181818182,0.4272318181818182,0.1818181818181818,0.0,1.0,0.1818181818181818,22.0,3,5,"cheapness,dividend,garp",0.527275,False,0.53335,0.5302,hold,2,23,stable,0.3297,persistent,2026-07-16,neutral,0.625,39.48074001246498
OKE,"ONEOK, Inc.",Energy,60338987008.0,16.560553,15.395082,2.6306098,4.47,0.737,143.07,0.16277,0.0509146021218169,0.09287,0.528,0.142,899875008.0,93343981568.0,7670000128.0,5822000000.0,33629000000.0,33021999104.0,161000000.0,36.387,66641000000.0,4488000000.0,,6365000000.0,3393000000.0,5599000000.0,0.259954206191085,,629707691.0,0.0473708033526354,0.3342704396718591,0.7051060487038492,0.8980716253443526,0.4924295853903753,0.5006633473286612,0.5046292822736753,0.3386661255833554,583110633.0,1783000000.0,95.72,[],{},0.0149136578623815,12.170010431582616,16.03297519203023,0.0623714555796909,0.060384456968315,,0.0965890238237441,1.0,20,20,0.5166666666666667,7.0,22.0,0.4894636363636364,0.4894636363636364,0.3181818181818182,0.0,1.0,0.3181818181818182,22.0,4,5,"cheapness,quality,dividend,garp",0.5762016666666667,False,0.53335,0.5286,hold,2,20,stable,0.4181,persistent,2026-07-16,neutral,0.375,56.762287370089616
WEC,"WEC Energy Group, Inc.",Utilities,34328231936.0,20.616438,17.561552,,3.59,0.534,157.985,0.11988,0.0302552685162359,0.16686001,0.026,0.197,-2353637376.0,57739534336.0,3965199872.0,2374900000.0,9800100000.0,23023200256.0,50000000.0,,51518300000.0,3284700000.0,,5593400000.0,1558700000.0,3379400000.0,0.4217814103937715,,325461519.0,0.0322697790689818,0.4402260491401062,0.5872456824114135,0.6013548400421322,0.4331315280201404,0.4291728599418958,0.1902256091524759,0.1815734578744679,317680855.0,895100000.0,105.35,[],{},-0.0685627322836787,14.56156970641605,24.31240655859194,0.0411312634802334,0.0485049842266641,,0.0517126874527761,0.9,18,20,0.5725806451612903,3.0,22.0,0.4062454545454544,0.4062454545454544,0.1363636363636363,0.0,1.0,0.1363636363636363,22.0,2,5,"dividend,garp",0.5143283333333334,False,0.53335,0.5262,hold,2,15,stable,0.1978,persistent,2026-07-16,neutral,0.5,40.129705534761115
AMGN,Amgen Inc.,Healthcare,206775517184.0,24.330153,15.673234,17.690563,2.58,1.371,490.281,0.91473,0.0851235290221447,0.22951001,0.095,0.649,8645624832.0,250090520576.0,17268000768.0,9080000000.0,36751000000.0,57303998464.0,13989000192.0,21.62,90586000000.0,29057000000.0,,25489000000.0,7711000000.0,9958000000.0,0.6724714973742211,,538800000.0,0.0445344570389485,0.6153063666826233,1.1399819529993331,1.256764362093597,0.6027863025191531,0.6543951915852743,0.4057028679928465,0.3639412450048454,537000000.0,2755000000.0,382.47,[],{},0.0418116465128057,14.482887969257703,27.54300887400881,0.0363068539306777,0.041101262289637,,0.139484154415718,1.0,20,20,0.5562181651615521,7.0,22.0,0.5283818181818181,0.5283818181818181,0.3181818181818182,0.0,1.0,0.3181818181818182,22.0,4,5,"quality,dividend,garp,risk",0.6950866666666666,True,0.8,0.5258,hold,2,23,stable,0.4328,persistent,2026-07-16,neutral,0.5,33.663747710373016
CMI,Cummins Inc.,Industrials,75719598080.0,28.322865,15.941038,5.8939576,1.59,1.727,59.586,0.21114,0.0836373264297481,0.07822,0.094,0.047,2229374976.0,81140596736.0,5020000256.0,3865000000.0,33670000000.0,8286000128.0,3924000000.0,93.321,33992000000.0,16925000000.0,,9610000000.0,2843000000.0,3621000000.0,0.2529254529254529,,138136253.0,0.1251109701965757,0.2474634918773092,1.7611862643080125,1.313156489229126,0.2387032242880677,0.2409004438807863,0.9905271828665568,1.0812301838934686,137400000.0,329000000.0,550.03,[],{},0.0294425093704881,16.163464660986662,20.993686089521347,0.0476333691823244,0.0353071626051954,,0.1585185792797965,1.0,20,20,0.5114586865856114,6.0,22.0,0.4668727272727273,0.4668727272727273,0.2727272727272727,0.0,1.0,0.2727272727272727,22.0,5,5,"cheapness,quality,dividend,garp,risk",0.5770633333333334,True,1.0,0.5213,hold,2,13,stable,0.5164,persistent,2026-07-25,accumulate,0.75,31.41164775280339
DELL,Dell Technologies Inc.,Technology,322115436544.0,31.15744,17.709856,-229.03256,0.47,0.962,,,0.0586063226902039,0.07525,0.577,2.729,6033375232.0,345829441536.0,17725999104.0,8446000000.0,113538000000.0,35284000768.0,11569999872.0,-2.212,101286000000.0,57602000000.0,,63269000000.0,5936000000.0,11185000000.0,0.1999947154256724,,651771798.0,0.05758282547087,0.2223570897904088,0.9104300684379396,0.7786661508371483,0.3110301522421657,0.3080656083063727,1.1209643978437296,1.1983923958568454,696130464.0,1560000000.0,506.62,[],{},0.0187304753126162,19.509729155856785,40.94594382382193,0.0244224435099774,0.0320950630090276,,0.2221637688402556,0.9,18,20,0.5362625546276819,4.0,22.0,0.4300136363636362,0.4300136363636362,0.1818181818181818,0.0,1.0,0.1818181818181818,22.0,3,5,"dividend,garp,risk",0.5319116666666667,True,0.8,0.5209,hold,2,6,stable,0.2854,persistent,2026-08-16,neutral,0.375,57.67852957028973
PCAR,PACCAR Inc,Industrials,64516554752.0,25.642258,16.912691,3.174813,1.15,5.519,72.91,0.12755999,0.0535860087242479,0.09003,0.005,0.042,1943650048.0,70665453568.0,3271600128.0,2961700000.0,28444800000.0,14816300032.0,8667400192.0,38.607,44336200000.0,34342600000.0,,11155100000.0,2375800000.0,4415800000.0,0.1665506524918438,,525400000.0,0.0958568733892383,0.1993120206274989,3.0786456419037034,2.6372762177915527,0.3526756916470063,0.3660848155987369,0.6415705450624997,0.7753259525229796,524400000.0,,122.57,[],{},0.0301263769504019,21.599660961989056,23.859760802241954,0.0419115685311495,0.0389981256720839,,0.0892586442281901,1.0,20,20,0.5053297332986935,5.0,22.0,0.43065,0.43065,0.2272727272727272,0.0,1.0,0.2272727272727272,22.0,4,5,"quality,dividend,garp,risk",0.5264866666666667,True,1.0,0.5208,hold,2,20,stable,0.4105,persistent,2026-07-16,neutral,0.625,38.95268551146614
DGX,Quest Diagnostics Incorporated,Healthcare,25511698432.0,24.988108,19.169477,3.38285,1.46,1.591,81.074,0.14602,0.0611402157164869,0.09187,0.102,0.15,909625024.0,31672698880.0,2265999872.0,1556000000.0,11035000000.0,6403999744.0,626000000.0,68.327,16225000000.0,2378000000.0,,2278000000.0,992000000.0,1886000000.0,0.3321250566379701,,110242362.0,0.0539218720980622,0.3286061588330632,1.0438981562774363,1.1028123559243892,0.4058551617873652,0.4387420293443942,0.6801232665639445,0.6111558224478425,110615181.0,277000000.0,231.14,[],{},0.0356552123107191,13.97736128380505,20.355204935732647,0.049127483764339,0.0400190362551658,,0.1115652111565211,1.0,20,20,0.5208031038397173,5.0,22.0,0.4610181818181818,0.4610181818181818,0.2272727272727272,0.0,1.0,0.2272727272727272,22.0,5,5,"cheapness,quality,dividend,garp,risk",0.5556116666666667,True,0.8,0.52,hold,2,5,stable,0.5204,persistent,2026-09-04,neutral,0.5,41.39387785842589
BIIB,Biogen Inc.,Healthcare,31830642688.0,37.466087,13.021757,1.6881905,,1.865,44.329,0.04575,0.0439171860935138,0.083229996,0.034,-0.848,1266987520.0,38900744192.0,3359200000.0,2469000000.0,9890600000.0,8355100160.0,1284999936.0,127.61,29439500000.0,8974100000.0,,3349400000.0,1292900000.0,2204600000.0,0.7569207125957981,,146800000.0,0.0581904004734521,0.7612211783916741,2.67931569833403,1.3487194327883083,0.2234141204843832,0.2363802305226868,0.3359635863380832,0.344960480297191,145719340.0,267500000.0,215.43,[],{},0.0398040194292919,11.580359666587285,15.755667959497773,0.0634692227946568,0.0266908044066624,,0.0946335966516034,0.95,19,20,0.4682956119712862,3.0,22.0,0.3667818181818182,0.3667818181818182,0.1363636363636363,0.0,1.0,0.1363636363636363,22.0,2,5,"cheapness,risk",0.3850433333333333,True,1.0,0.5191,hold,2,7,stable,0.1876,persistent,2026-08-02,neutral,0.5,51.35516741596856
STE,STERIS plc,Healthcare,20713897984.0,26.3259,17.346949,2.8742473,1.2,1.906,28.312,0.11389,0.0728588458816078,0.13333,0.073,0.14,798862528.0,22290597888.0,1640499968.0,1105900000.0,5935900000.0,2044499968.0,482300000.0,73.915,10737200000.0,2394600000.0,,1145000000.0,782300000.0,1341400000.0,0.4424771306794252,,97800000.0,0.0605806756810028,0.4401135635131422,2.091353711790393,1.957346898845627,0.1943895987780799,0.2170635077068632,0.5528350035390978,0.5380514053691804,98301000.0,60700000.0,212.45,[],{},0.0385664991020552,13.587685658522366,20.156070067818067,0.0496128459880995,0.0379854060070121,,0.1152915910844227,1.0,20,20,0.5083970683041942,6.0,22.0,0.5089045454545454,0.5089045454545454,0.2727272727272727,0.0,1.0,0.2727272727272727,22.0,5,5,"cheapness,quality,dividend,garp,risk",0.587615,True,1.0,0.5181,hold,2,20,stable,0.5132,persistent,2026-07-16,neutral,0.625,28.47553573092874
GM,General Motors Company,Consumer Cyclical,77891371008.0,37.44348,5.803684,1.2181736,0.86,1.136,202.341,0.03164,0.0095881742296042,0.01051,0.019,-0.262,21933750272.0,181260124160.0,16462000128.0,2909000000.0,185019000000.0,128771997696.0,24718999552.0,70.696,281284000000.0,108767000000.0,,93342000000.0,2697000000.0,26867000000.0,0.0626746442257281,,904000000.0,0.0214754737079149,0.1248652916635545,1.165252512266718,1.127564535397081,0.4668306764693334,0.467159468260408,0.6577658167545968,0.6700076136416441,1000000000.0,727000000.0,86.12,[],{},0.2815940968576255,11.010820237554064,62.31011487108972,0.0160487587299245,0.0267069193354891,,0.0154781794383373,1.0,20,20,0.4864746902537601,3.0,22.0,0.321790909090909,0.321790909090909,0.1363636363636363,0.0,1.0,0.1363636363636363,22.0,3,5,"cheapness,garp,risk",0.371905,True,0.8,0.5175,hold,2,20,stable,0.3012,persistent,2026-07-16,neutral,0.625,51.84707074173171
RTX,RTX Corporation,Industrials,267017830400.0,34.69702,25.219389,4.022741,1.48,1.011,57.02,0.12274,0.0393502417012023,0.08276,0.145,0.287,9880000512.0,299335843840.0,15895000064.0,9300000000.0,88603000000.0,38855999488.0,8304999936.0,49.25,171079000000.0,60332000000.0,,58784000000.0,6732000000.0,10567000000.0,0.2007719828899698,,1342287676.0,0.0293133408243839,0.1908642770442666,1.0263336962438758,0.9928930658847744,0.2309225562459448,0.2633718324215128,0.5179069318852694,0.4957479077249925,1332122758.0,1835000000.0,198.12,[],{},0.0370012762713242,18.83207566119831,32.18664987526882,0.0310687817425934,0.0288209189146503,,0.0828175786989625,1.0,20,20,0.4856785133965562,5.0,22.0,0.4239090909090909,0.4239090909090909,0.2272727272727272,0.0,1.0,0.2272727272727272,22.0,4,5,"quality,dividend,garp,risk",0.5380416666666666,True,0.9,0.5168,hold,2,20,stable,0.401,persistent,2026-07-16,neutral,0.625,33.05318801476844
KMI,"Kinder Morgan, Inc.",Energy,68919525376.0,20.22876,20.085403,2.1769712,3.76,0.458,98.619,0.109910004,0.042008027712102,0.19305,0.108,0.212,1075000064.0,102501523456.0,7634999808.0,4724000000.0,16937000000.0,32425000960.0,91000000.0,14.217,72748000000.0,2754000000.0,,4322000000.0,3056000000.0,5917000000.0,0.5287240951762414,,2224777750.0,0.0365930511014326,0.5568874172185431,0.6372049976862564,0.4942168202313272,0.4368779897729147,0.4434999369809682,0.232817397041843,0.21146386208635,2221647775.0,,30.95,[],{},0.0155979028894234,13.42521624540164,21.69803629466554,0.0460871198858603,0.0494345674178743,,0.0690380849384736,1.0,20,20,0.4714285714285715,7.0,22.0,0.4650181818181818,0.4650181818181818,0.3181818181818182,0.0,1.0,0.3181818181818182,22.0,4,5,"cheapness,quality,dividend,garp",0.5574783333333333,False,0.53335,0.5167,hold,2,20,stable,0.3953,persistent,2026-07-16,neutral,0.5,42.9671357655101
KMB,Kimberly-Clark Corporation,Consumer Defensive,32752384000.0,19.50099,13.149919,18.715317,5.19,0.909,348.933,1.04913,0.1182009591765118,0.1179,0.006,-0.323,941124992.0,38459383808.0,3480999936.0,2351000000.0,16447000000.0,6538999808.0,956000000.0,5.262,17098000000.0,5310000000.0,,7125000000.0,2021000000.0,2777000000.0,0.360126466832857,,331898000.0,0.1538136105403118,0.3742338589705445,0.7452631578947368,0.7966876070816676,0.4267165750380161,0.4553366372537169,0.9619253713884665,1.0156533301099964,331799000.0,256000000.0,98.48,[],{},0.02873454927739,11.048372454781912,16.35873407401106,0.0611294245310026,0.0512794478639289,,0.2357364885190013,1.0,20,20,0.5287145650048876,5.0,22.0,0.4950454545454545,0.4950454545454545,0.2272727272727272,0.0,0.9599,0.2272727272727272,22.0,4,5,"cheapness,quality,dividend,garp",0.5990949999999999,False,0.63335,0.5136,hold,2,20,stable,0.4169,persistent,2026-07-16,neutral,0.5,30.05127134248022
REGN,"Regeneron Pharmaceuticals, Inc.",Healthcare,81670078464.0,20.001513,13.084705,2.5094352,0.47,3.335,8.535,0.14043,0.1110711142122405,0.27865,0.167,-0.045,3065299968.0,73922969600.0,4702400000.0,3702000000.0,14342900000.0,2706599936.0,7994599936.0,316.111,40558700000.0,18021900000.0,,4368400000.0,4504900000.0,4978900000.0,0.8535372902272205,,105717146.0,0.1168609670704513,0.8612519363469934,4.125515062723194,4.731105646122252,0.066715649170215,0.0716219007717283,0.3536331292669636,0.3761182645910687,109617146.0,43800000.0,793.26,[],{},0.0375327173139814,15.720264035386188,19.968387250135063,0.0500791569931736,0.0499962177861244,,0.1022926032666211,1.0,20,20,0.5310071753714646,8.0,22.0,0.5226727272727273,0.5226727272727273,0.3636363636363636,0.0,1.0,0.3636363636363636,22.0,5,5,"cheapness,quality,dividend,garp,risk",0.5772666666666667,True,1.0,0.5127,hold,2,7,stable,0.5219,persistent,2026-08-02,neutral,0.5,49.19027749921729
GILD,"Gilead Sciences, Inc.",Healthcare,179557908480.0,,14.643381,15.191985,2.25,1.265,223.465,-0.2068,0.1441810819511038,-0.10637999,0.102,,9768875008.0,200837906432.0,14600999936.0,11701000000.0,29442000000.0,26246000640.0,4881999872.0,9.532,59023000000.0,18342000000.0,,11813000000.0,8510000000.0,10019000000.0,0.7882616670063175,,1240679623.0,0.008136282735825,0.7826041594212979,1.5526961821721832,1.5972175941352882,0.4224793724480287,0.4527671836596322,0.4988224929264863,0.4873972370539876,1246265857.0,1024000000.0,144.81,[],{},0.0544051503534198,13.75507892009623,17.164166005640542,0.0582609140270128,,,0.2478500317729294,0.95,19,20,0.4328207307454079,4.0,22.0,0.3936363636363636,0.3936363636363636,0.1818181818181818,0.0,1.0,0.1818181818181818,22.0,3,5,"cheapness,quality,risk",0.4156216666666666,True,0.9,0.5126,hold,2,6,stable,0.2694,persistent,2026-08-16,neutral,0.5,52.86419566151121
ABBV,AbbVie Inc.,Healthcare,450614919168.0,70.833336,15.663853,-75.91545,2.76,0.809,,,0.0315467303672738,0.098000005,0.102,2.904,16870250496.0,514977923072.0,30762999808.0,20091000000.0,61160000000.0,70884999168.0,6568999936.0,-3.359,133960000000.0,29062000000.0,,43289000000.0,4226000000.0,19030000000.0,0.7023544800523218,,1767876035.0,0.0316511419714266,0.6999325451769801,0.6713483794959458,0.6601976825208392,0.5038518960883845,0.4967705181228313,0.4565541952821738,0.4167918260444951,1765256986.0,2893000000.0,255.0,[],{},0.0374382866132099,16.740172489227746,25.632269328156887,0.0390133229015936,0.0141176465273356,,0.2215813214809586,0.9,18,20,0.5019706685966595,6.0,22.0,0.4987181818181819,0.4987181818181819,0.2727272727272727,0.0,1.0,0.2727272727272727,22.0,5,5,"cheapness,quality,dividend,garp,risk",0.6138483333333333,True,0.8,0.5112,hold,2,23,stable,0.4559,persistent,2026-07-16,neutral,0.625,49.62783463571952
AZO,"AutoZone, Inc.",Consumer Cyclical,47041020193.56812,20.039433,16.474297,-16.938765,,0.89,,,0.1290728587131892,0.12399,0.084,0.077,903784256.0,59857035264.0,4263984896.0,3610156000.0,18938717000.0,13086533632.0,270520000.0,-170.111,19355324000.0,8341379000.0,,9519397000.0,2498247000.0,3117337000.0,0.5262486365892685,,16665000.0,0.1550037033073835,0.530930757736989,0.8762507751278784,0.8384846509329611,0.6349052074767645,0.7199919448261344,0.978475844682321,1.076483980648487,16926000.0,486796000.0,2881.47,[],{},0.0192126839996462,14.03781596884906,16.58017971079366,0.0603129771475879,0.0499016114877102,,0.3670376976160965,0.85,17,20,0.5138176638176638,1.0,22.0,0.4047045454545454,0.4047045454545454,0.0454545454545454,0.0,0.8284,0.0454545454545454,22.0,1,5,cheapness,0.355065,False,0.53335,0.5095,hold,2,20,stable,0.087,persistent,2026-07-16,neutral,0.5,38.20502468926554
SPG,"Simon Property Group, Inc.",Real Estate,77697540096.0,14.433709,30.582497,15.070318,4.35,0.266,503.504,1.20508,0.1139624413510892,0.66571,0.195,-0.125,2595271168.0,96093741056.0,5125174784.0,3175396000.0,6364505000.0,29437509632.0,1019091008.0,13.581,40606466000.0,2314958000.0,,4051543000.0,4627612000.0,4136551000.0,0.818993307413538,,325223870.0,0.0731629515321861,0.8250420285864813,0.5713768803638515,0.833192943434259,0.7187701091742384,0.7648279433387178,0.156736244912325,0.1840355140089436,326278138.0,974835000.0,204.67,[],{},0.0334022308144297,18.74935882303756,30.2619708080504,0.0330447744577817,0.0692822614062677,,0.0868664393028539,1.0,20,20,0.5508160007297939,7.0,22.0,0.4758545454545455,0.4758545454545455,0.3181818181818182,0.0,0.9658,0.3181818181818182,22.0,4,5,"cheapness,quality,dividend,garp",0.5703,False,0.43335,0.509,hold,2,5,stable,0.4239,persistent,2026-09-04,neutral,0.625,32.00222131771501
BALL,Ball Corporation,Consumer Cyclical,15813379072.0,17.265896,13.20872,2.7510939,1.33,1.069,131.495,0.17151,0.0467117393976644,0.0661,0.197,0.092,379875008.0,22915379200.0,2076000000.0,1390000000.0,13161000000.0,7582000128.0,500000000.0,21.715,19524000000.0,6113000000.0,,5487000000.0,912000000.0,1262000000.0,0.1958817719018311,,265374186.0,0.2273655547991831,0.2069520983467571,1.1140878439948971,0.9987621208995254,0.3591477156320426,0.3218175629680054,0.6740934234787953,0.6691059677785341,289377890.0,314000000.0,59.74,[],{},0.0240223804330743,11.038236608863198,16.485884316546763,0.0606579532404159,0.0579176429650682,,0.0990240079789128,1.0,20,20,0.4894562048631817,4.0,22.0,0.4588318181818183,0.4588318181818183,0.1818181818181818,0.0,1.0,0.1818181818181818,22.0,3,5,"cheapness,dividend,garp",0.5358116666666667,False,0.73335,0.5089,hold,2,20,stable,0.2995,persistent,2026-07-16,neutral,0.5,33.36226729458254
WRB,W. R. Berkley Corporation,Financial Services,26004488192.0,14.383985,14.470421,,0.57,0.406,31.527,0.20207001,0.0403757603258609,0.12943,0.012,0.15,3045504768.0,26435983360.0,2580506880.0,2407435000.0,14639850000.0,3103180032.0,3898912000.0,,44071071000.0,,,,1779403000.0,3582616000.0,,,377155799.0,0.0432889639006501,,,,0.0644351257086536,0.0700309914880144,0.3321872981031026,0.3374919898475786,380066070.0,126892000.0,70.05,[],{},0.1171145821257469,10.24449249288574,10.980974921441286,0.091066595375554,0.0695217632665773,,,0.85,17,20,0.5474057804940158,9.0,22.0,0.5815545454545455,0.5815545454545455,0.4090909090909091,0.0,1.0,0.4090909090909091,22.0,5,5,"cheapness,quality,dividend,garp,risk",0.6353233333333334,True,0.9,0.5075,hold,2,7,stable,0.4483,persistent,2026-08-02,neutral,0.625,52.34160213006557
KDP,Keurig Dr Pepper Inc.,Consumer Defensive,42811584512.0,32.432987,12.411823,1.7102473,2.87,0.479,99.649,0.051,0.0374871526713428,0.07103,0.756,-0.9,4607249920.0,83427590144.0,4807000064.0,3653000000.0,16603000000.0,33528000512.0,1526000000.0,18.395,55459000000.0,5266000000.0,,8290000000.0,2079000000.0,1991000000.0,0.5420104800337289,,1358663795.0,0.0269698671158525,0.5555989837795583,0.6352231604342582,0.4942500309138123,0.2910438341838114,0.2911098633726371,0.2993743125552209,0.2873104997192588,1356664609.0,754000000.0,31.46,[],{},0.1076168979148295,17.355437701945494,22.838102968519024,0.0437864739194162,0.0308328061180427,,0.0774449320528313,1.0,20,20,0.4992913000977518,4.0,22.0,0.4122363636363637,0.4122363636363637,0.1818181818181818,0.0,1.0,0.1818181818181818,22.0,4,5,"cheapness,quality,garp,risk",0.4815716666666667,True,0.7,0.5051,hold,2,6,stable,0.4018,persistent,2026-08-16,neutral,0.5,48.14749714265098
NSC,Norfolk Southern Corporation,Industrials,72615878656.0,27.53833,22.575048,4.4678144,1.67,0.831,105.519,0.16985,0.0635113626315324,0.21021,0.114,-0.044,1382249984.0,88696889344.0,5663000064.0,4571000000.0,12180000000.0,17150000128.0,1069000000.0,72.362,45236000000.0,3198000000.0,,3775000000.0,2873000000.0,4361000000.0,0.3634646962233169,,224420699.0,0.0600247241426674,0.3747422255217355,0.8471523178807947,0.8992947813822285,0.3825492970200725,0.4001190421683989,0.2692545760014148,0.2775285014422416,226320894.0,792000000.0,323.3,[],{},0.0190350927315507,15.66252663634086,19.404263693721287,0.051535065477572,0.0363130226124823,,0.1102481850413641,1.0,20,20,0.4732648734902068,2.0,22.0,0.3824545454545454,0.3824545454545454,0.0909090909090909,0.0,0.8306,0.0909090909090909,22.0,2,5,"cheapness,garp",0.4571316666666666,False,0.63335,0.5051,hold,2,20,stable,0.1957,persistent,2026-07-16,neutral,0.625,34.818243442879975
IEX,IDEX Corporation,Industrials,16326008832.0,32.377193,23.006824,4.088845,1.3,3.049,47.06,0.12955,0.0697560271401761,0.1449,0.064,0.109,555612480.0,17588807680.0,967699968.0,720000000.0,3457500000.0,1885500032.0,621299968.0,54.162,6927000000.0,1643200000.0,,575400000.0,483200000.0,680400000.0,0.4450614605929139,,74600000.0,0.0748669443909092,0.4421194322075379,2.8557525199860967,2.529299666507861,0.2668687743611953,0.2944717062250752,0.4991338241663057,0.4846040947029784,75900000.0,64400000.0,221.46,[],{},0.0340323520413001,18.17588949222741,24.42889955555556,0.0409351226700092,0.0308859387532452,,0.1133572643113546,1.0,20,20,0.4789556889053548,6.0,22.0,0.4957454545454545,0.4957454545454545,0.2727272727272727,0.0,1.0,0.2727272727272727,22.0,4,5,"quality,dividend,garp,risk",0.586895,True,1.0,0.5046,hold,2,20,stable,0.3934,persistent,2026-07-16,neutral,0.5,37.46958079575935
MGM,MGM Resorts International,Consumer Cyclical,10420820992.0,24.684849,19.688692,4.076261,,1.335,893.311,0.18924999,0.0049756626091699,0.02398,0.01,5.194,878991104.0,38507790336.0,2237483008.0,1337847000.0,17537683000.0,30158688256.0,2760552960.0,9.992,41373786000.0,4332424000.0,,3512107000.0,205862000.0,2529378000.0,0.4441938538859438,,258323143.0,0.0176776992276428,0.455148256624138,1.2335683394611838,1.3019128002260356,0.7583497676523971,0.7485018041099861,0.4238839297907134,0.4082377645549862,294374189.0,419042000.0,40.73,[],{},0.0843495061161492,17.21031632343909,28.78340373450776,0.0347422427598832,0.0405106792429639,,0.0353351207694724,0.95,19,20,0.4982919623822496,3.0,22.0,0.3617454545454546,0.3617454545454546,0.1363636363636363,0.0,1.0,0.1363636363636363,22.0,3,5,"cheapness,garp,risk",0.4410933333333333,True,0.7,0.5038,hold,2,7,stable,0.2856,persistent,2026-08-02,neutral,0.625,30.17107285524365
KR,The Kroger Co.,Consumer Defensive,34890264576.0,32.919075,10.333653,6.155426,2.55,0.791,373.449,0.13779001,0.0203391187716453,0.00708,0.022,0.132,2994500096.0,66737995776.0,8080000000.0,1890000000.0,147642000000.0,24192000000.0,2872999936.0,9.252,49953000000.0,14505000000.0,,18108000000.0,1016000000.0,7311000000.0,0.233009577220574,,615000000.0,0.0506499923977497,0.2270413191683149,0.8010271703114645,0.958155583437892,0.4943046463675855,0.4766991029344686,2.955618281184313,2.7961646647407634,659600000.0,639000000.0,56.95,[],{},0.085826236412659,8.259652942574258,35.311108876190474,0.0283196997156404,0.0303775242773376,,0.059349976448422,1.0,20,20,0.4790322580645161,4.0,22.0,0.3840227272727272,0.3840227272727272,0.1818181818181818,0.0,1.0,0.1818181818181818,22.0,4,5,"cheapness,dividend,garp,risk",0.4936483333333333,True,0.8,0.5035,hold,2,20,stable,0.393,persistent,2026-07-16,neutral,0.375,46.58029501447514
STT,State Street Corporation,Financial Services,52550447104.0,16.944199,12.4932575,2.1986485,1.92,,,0.12437,0.008045414933055,0.23005,-0.028,-0.241,,,,,13965000000.0,,,87.008,366047000000.0,,,,2945000000.0,11898000000.0,,,279077907.0,0.0076067263050617,,,,0.0791264509748748,0.0937379685199864,0.038150838553519,0.0365728683048352,288766452.0,8684000000.0,191.3,[],{},,,,,0.0590172483219773,,,0.65,13,20,0.4732039060683562,4.0,22.0,0.4302181818181818,0.4302181818181818,0.1818181818181818,0.0,1.0,0.1818181818181818,22.0,4,5,"cheapness,quality,dividend,garp",0.5076233333333333,False,0.53335,0.5025,hold,2,20,stable,0.2537,persistent,2026-07-16,neutral,0.375,54.33517648667988
FFIV,"F5, Inc.",Technology,22564800512.0,32.265587,22.043776,5.872869,,1.665,6.546,0.1983,0.1095626040827332,0.21952999,0.109,0.114,717135488.0,21211398144.0,923304000.0,791433000.0,3088072000.0,252380000.0,1605782016.0,67.851,6319492000.0,2518701000.0,,1612581000.0,692380000.0,949666000.0,0.8141306290785966,,57684000.0,0.1009758767319602,0.8019803843586211,1.5619066577120777,1.416082134564224,0.0414259563901655,0.0444617534567942,0.4886582655694477,0.5017135209595432,58094000.0,,398.48,[],{},0.0317811578976125,22.97336320865067,26.80125562618693,0.0373116847190891,0.030992772578413,,0.1681427585947556,0.95,19,20,0.4875774890980912,6.0,22.0,0.4130818181818181,0.4130818181818181,0.2727272727272727,0.0,1.0,0.2727272727272727,22.0,3,5,"cheapness,quality,risk",0.460535,True,1.0,0.4981,hold,2,20,stable,0.2809,persistent,2026-07-16,neutral,0.5,50.537967335829414
IFF,International Flavors & Fragrances Inc.,Basic Materials,21445355520.0,,21.247444,1.5353562,1.9,2.061,44.821,-0.05548,-0.0141352441364188,0.02569,0.018,-0.916,-1720999936.0,27188355072.0,1911000064.0,842000000.0,10890000000.0,6279000064.0,569000000.0,54.743,25539000000.0,5594000000.0,,3933000000.0,-361000000.0,850000000.0,0.3616161616161616,,255700000.0,0.0091564251645023,0.359108324625566,1.42232392575642,1.8308823529411764,0.2591722463682994,0.3345402639000104,0.4264066721484787,0.3998189604149984,255682329.0,229000000.0,84.05,[],{},-0.0802504735533524,14.227291554920638,32.2902079239905,0.0309691409344265,,,0.0389706562991761,0.95,19,20,0.4266666666666667,1.0,22.0,0.3804181818181817,0.3804181818181817,0.0454545454545454,0.0,1.0,0.0454545454545454,22.0,1,5,risk,0.3969766666666666,True,0.75,0.4967,hold,2,6,stable,0.0877,persistent,2026-08-16,neutral,0.5,48.92180254742042
IR,Ingersoll Rand Inc.,Industrials,28358877184.0,30.454165,18.658401,2.7863975,0.11,1.616,47.903,0.0947,0.0317753536060162,0.12076,0.085,,1107425024.0,32149577728.0,2014700032.0,1510000000.0,7650900000.0,4906699776.0,1181699968.0,26.231,18297200000.0,4248000000.0,,2066300000.0,581400000.0,1355700000.0,0.4360663451358664,,391121689.0,0.0465635376295128,0.4381478921907394,2.0558486183032474,2.289020836769476,0.2650405526528649,0.2672878099701273,0.4181459458277769,0.4017257271041322,402880079.0,253900000.0,73.09,[],{},0.039050383300253,15.95750097650269,21.291111078145697,0.0469679574884399,0.0328362311033646,,0.0930324258051001,1.0,20,20,0.4761792874129711,2.0,22.0,0.4061772727272727,0.4061772727272727,0.0909090909090909,0.0,1.0,0.0909090909090909,22.0,1,5,risk,0.4201716666666667,True,1.0,0.496,hold,2,6,stable,0.0972,persistent,2026-08-16,neutral,0.625,30.54278104661539
WM,"Waste Management, Inc.",Industrials,85846835200.0,30.334747,23.551306,8.654846,1.75,0.907,235.301,0.29841,0.0590814879458928,0.11115,0.04,0.083,2348375040.0,108646825984.0,7774000128.0,4607000000.0,25204000000.0,23356000256.0,557000000.0,24.815,45835000000.0,4910000000.0,,5524000000.0,2708000000.0,6043000000.0,0.4043802571020473,,402941704.0,0.0616150963717548,0.393418846031818,0.888848660391021,0.7628635346756152,0.4997709174211847,0.5362712320775461,0.5498854587105924,0.4950523930262301,401494177.0,912000000.0,214.77,[],{},0.0273554061082032,13.975665576937844,23.582988058172347,0.0424034476688574,0.0329654966299867,,0.114286423060703,1.0,20,20,0.4851307334478089,4.0,22.0,0.4132818181818182,0.4132818181818182,0.1818181818181818,0.0,1.0,0.1818181818181818,22.0,4,5,"quality,dividend,garp,risk",0.5169166666666667,True,0.8,0.4944,hold,2,7,stable,0.3918,persistent,2026-08-02,neutral,0.5,33.73787976588315
YUM,"Yum! Brands, Inc.",Consumer Cyclical,39267737600.0,18.122166,20.505972,-5.44131,2.07,0.592,,,0.1901915334878614,0.25406998,0.122,1.316,833249984.0,51998736384.0,3068000000.0,2530000000.0,8214000000.0,13413999616.0,683000000.0,-26.444,8197000000.0,2040000000.0,,1516000000.0,1559000000.0,2010000000.0,0.4616508400292184,,276569492.0,0.2209008473316485,0.4747648695191416,1.345646437994723,1.4743892828999212,1.609003293888008,1.8263713393786236,1.0020739294863974,1.1221941430057976,279071854.0,501000000.0,143.89,[],{},0.0212197094848672,16.94874067275098,20.55286023083004,0.0486550284860091,0.0551810418246913,,0.3786858254752283,0.9,18,20,0.509417537195315,5.0,22.0,0.5541681818181818,0.5541681818181818,0.2272727272727272,0.0,1.0,0.2272727272727272,22.0,3,5,"cheapness,dividend,garp",0.6371316666666667,False,0.53335,0.4932,hold,2,20,stable,0.2707,persistent,2026-07-16,neutral,0.5,38.845461295356806
SNDK,Sandisk Corporation,Technology,247827349504.0,23.923532,6.3938484,16.026644,,2.29,1.277,0.9164,0.5079752965743991,0.56465,3.716,,7720875008.0,243266338816.0,12616999936.0,12468000000.0,20248000000.0,201000000.0,4761999872.0,105.611,22507000000.0,12780000000.0,,5581000000.0,11433000000.0,11671000000.0,0.7147372580007902,,146000000.0,-0.1263765883711975,0.3007477906186268,2.289912202114317,3.5641205325858443,0.007864220020438,0.1572583750481324,0.8996312258408495,0.5664227955333077,146000000.0,73000000.0,1692.59,[],{},0.0311542492120119,19.280838555121957,19.51125592043632,0.0512524669902252,0.0417998479488731,,0.7366182204891882,0.95,19,20,0.5342024687687308,7.0,22.0,0.4649090909090909,0.4649090909090909,0.3181818181818182,0.0,1.0,0.3181818181818182,22.0,3,5,"cheapness,quality,risk",0.4878716666666666,True,1.0,0.4918,hold,2,4,stable,0.2924,persistent,2026-09-06,neutral,0.375,57.33833353759966
NUE,Nucor Corporation,Basic Materials,57957662720.0,20.568438,13.238032,2.621447,0.87,2.508,30.512,0.14548999,0.0496809480401093,0.07989,0.23,0.938,683374976.0,63521660928.0,5680999936.0,2659000000.0,32494000000.0,7098999808.0,2692000000.0,97.45,35104000000.0,11765000000.0,,4004000000.0,1744000000.0,3234000000.0,0.1193451098664368,,228335447.0,0.0597230406599882,0.1334678206546495,2.938311688311688,2.506530038175608,0.2028543755697356,0.2047731290512669,0.9256494986326343,0.9055391868002356,232800000.0,170000000.0,255.46,[],{},0.0117909340012805,11.181422574126218,23.889304598721324,0.0418597366812228,0.0486181789788801,,0.0854983922829582,1.0,20,20,0.4958333333333333,6.0,22.0,0.52235,0.52235,0.2727272727272727,0.0,1.0,0.2727272727272727,22.0,5,5,"cheapness,quality,dividend,garp,risk",0.6402966666666667,True,0.83335,0.4908,hold,2,20,stable,0.4933,persistent,2026-07-16,neutral,0.375,49.78483940181323
VLO,Valero Energy Corporation,Energy,110975877120.0,16.059584,11.486104,4.4389033,1.23,1.636,40.148,0.27637,0.0404911360971235,0.05446,0.517,4.535,8416374784.0,117717884928.0,13379000320.0,4312000000.0,122687000000.0,11349000192.0,7873999872.0,86.83,57988000000.0,23210000000.0,,14109000000.0,2348000000.0,5826000000.0,0.0437617677504544,,298940136.0,0.0460568977270837,0.036648932484351,1.6450492593380113,1.5319135204904808,0.2018176174380906,0.1918760287980313,2.115730840863627,2.1595364381557287,314863703.0,556000000.0,385.43,[],{},0.0758396779770367,8.798705591779221,27.30006607792208,0.036629947969566,0.0622681135451578,,0.0982702431687139,1.0,20,20,0.5357142857142858,8.0,22.0,0.6004772727272729,0.6004772727272729,0.3636363636363636,0.0,1.0,0.3636363636363636,22.0,5,5,"cheapness,quality,dividend,garp,risk",0.756015,True,1.0,0.4905,hold,2,6,stable,0.5131,persistent,2026-08-16,wait,0.25,77.09530893932978
HAL,Halliburton Company,Energy,30051012608.0,19.497297,12.428246,2.7323687,1.83,2.018,74.186,0.14917,0.0512994802079168,0.0716,0.037,0.161,2052249984.0,36244013056.0,4139000064.0,3091000000.0,22184000000.0,8199000064.0,2048000000.0,13.201,25010000000.0,11398000000.0,,5588000000.0,1283000000.0,2926000000.0,0.1570501262170934,,834602102.0,0.0977449486067143,0.1874564156206415,2.039727988546886,2.0466115702479337,0.3251899240303878,0.3361863446281314,0.8870051979208317,0.8967053581897058,868000000.0,352000000.0,36.07,[],{},0.0682922073465724,8.756707536982537,11.725659351666128,0.0852830506165018,0.051289160748795,,0.1591494181855627,1.0,20,20,0.4904761904761904,9.0,22.0,0.5444136363636364,0.5444136363636364,0.4090909090909091,0.0,1.0,0.4090909090909091,22.0,5,5,"cheapness,quality,dividend,garp,risk",0.6258216666666667,True,1.0,0.4881,hold,2,6,stable,0.4893,persistent,2026-08-16,neutral,0.5,54.74099159647626
LH,Labcorp Holdings Inc.,Healthcare,24894455808.0,26.530684,15.486606,2.8852878,0.9,1.796,79.124,0.11728,0.0476547760796402,0.069860004,0.058,0.282,892049984.0,31592056832.0,2319800064.0,1516200000.0,13951700000.0,6823000064.0,141800000.0,106.388,18392700000.0,4020500000.0,,2823500000.0,876500000.0,1640500000.0,0.2875993606513901,,82200000.0,0.040589803580173,0.2786092598144347,1.4239419160616256,1.4433067083058075,0.3548146819118454,0.3957124979596278,0.7585455099033855,0.7078132651395614,83400000.0,224100000.0,306.96,[],{},0.0358332791397405,13.61843950358646,20.83633876269621,0.0479930764895377,0.0376922057493881,,0.0973845798114225,1.0,20,20,0.4823245195401353,6.0,22.0,0.4248772727272727,0.4248772727272727,0.2727272727272727,0.0,1.0,0.2727272727272727,22.0,4,5,"quality,dividend,garp,risk",0.5151433333333333,True,1.0,0.4867,hold,2,20,stable,0.3876,persistent,2026-07-16,neutral,0.5,35.72954372779998
NWSA,News Corporation,Communication Services,15761020928.0,28.80392,19.434816,1.8726496,0.68,1.623,31.561,0.07979,0.0368630983015954,0.06347,0.108,-0.749,1045124992.0,17420126208.0,1338000000.0,1142000000.0,9028000000.0,2915000064.0,2100999936.0,15.689,15544000000.0,4482000000.0,,2761000000.0,573000000.0,1237000000.0,,,543331412.0,0.076109391124871,,1.6233248822890256,1.8447085889570551,0.1875321667524446,0.1896284829721362,0.580802882141019,0.5451496388028896,565385686.0,,29.38,[],{},0.0663107419737828,13.019526313901345,15.25405097022767,0.0655563562722955,0.0347174967851598,,0.0893374012360165,1.0,20,20,0.4733333333333333,4.0,22.0,0.4221636363636363,0.4221636363636363,0.1818181818181818,0.0,1.0,0.1818181818181818,22.0,2,5,"cheapness,risk",0.43655,True,1.0,0.4867,hold,2,20,stable,0.192,persistent,2026-07-16,neutral,0.5,47.34672325371646
EXPE,"Expedia Group, Inc.",Consumer Cyclical,33231714304.0,17.154896,11.356985,27.481886,0.7,0.801,230.271,0.89489,0.052920006543432,0.12968001,0.14,1.887,3434374912.0,33055954944.0,2889999872.0,2163000000.0,14733000000.0,5689999872.0,7127000064.0,10.075,24452000000.0,12199000000.0,,16657000000.0,1294000000.0,3880000000.0,0.9011742347111924,,122498649.0,0.0551188136501697,0.894602293477467,0.7323647715675091,0.7211079274116523,0.2623507279568133,0.2917187779167411,0.602527400621626,0.6115329640879043,128794452.0,299000000.0,276.88,[],{},0.1033463058987184,11.438047200024236,15.282457209431346,0.0654345035157608,0.0582923965263327,,0.2774855676715843,1.0,20,20,0.5398678195189823,9.0,22.0,0.5740136363636362,0.5740136363636362,0.4090909090909091,0.0,1.0,0.4090909090909091,22.0,5,5,"cheapness,quality,dividend,garp,risk",0.6869316666666666,True,0.8,0.4865,hold,2,20,stable,0.5132,persistent,2026-07-16,neutral,0.625,36.82057127377876
TSCO,Tractor Supply Company,Consumer Cyclical,17465266176.0,17.73545,16.34038,6.6706467,2.82,1.334,248.71,0.39513,0.1002486903081753,0.06425,0.023,-0.15,103175000.0,23778656256.0,1931484032.0,1467389000.0,15524046000.0,6544977920.0,231588000.0,5.025,10933679000.0,3507797000.0,,2614449000.0,1096087000.0,1635259000.0,0.3642418993089817,,527017000.0,0.1123085701523178,0.3625931089828546,1.3416964721820928,1.4271848009199752,0.5435402850220863,0.5532054763226908,1.4198373667271555,1.5178475108574436,532191000.0,69144000.0,33.52,[],{},0.0059074393118484,12.31108094193139,16.204739340420296,0.0617103415854181,0.05638424736897,,0.1763851943028381,1.0,20,20,0.4844323527463062,3.0,22.0,0.4744363636363637,0.4744363636363637,0.1363636363636363,0.0,0.9336,0.1363636363636363,22.0,3,5,"cheapness,dividend,garp",0.5815833333333333,False,0.73335,0.4864,hold,2,20,stable,0.2912,persistent,2026-07-16,neutral,0.625,44.784730326278684
TYL,"Tyler Technologies, Inc.",Technology,13738669056.0,45.030876,21.853168,4.52105,,1.554,47.906,0.09731,0.0559688152386951,0.13361,0.082,0.155,594435648.0,14223664128.0,458521984.0,357676000.0,2332340000.0,1455030016.0,970035008.0,74.204,5638908000.0,1843888000.0,,1755445000.0,315603000.0,653543000.0,0.4646406613101005,,43120932.0,0.0507770730393637,0.4377208751227311,1.0503820968472382,1.3520735130306014,0.1139596531810769,0.1232367087740093,0.4136155440024913,0.412702086770019,42963877.0,4995000.0,335.48,[],{},0.0432673387485373,31.020680849186935,39.76689553674275,0.0251465442927534,0.022206985269396,,0.0921023323770562,0.95,19,20,0.4620582342370463,2.0,22.0,0.3411636363636364,0.3411636363636364,0.0909090909090909,0.0,1.0,0.0909090909090909,22.0,2,5,"quality,risk",0.3858316666666667,True,0.9,0.485,hold,2,4,stable,0.1799,persistent,2026-09-06,neutral,0.625,44.856205738557016
TDG,TransDigm Group Incorporated,Industrials,62290010112.0,34.127193,23.277773,-6.7086573,,3.019,,,0.090532105286132,0.21277,0.225,0.109,1457374976.0,93085007872.0,5095000064.0,4189000000.0,8831000000.0,33485000704.0,2780000000.0,-167.974,22909000000.0,7012000000.0,,2182000000.0,2074000000.0,2038000000.0,0.6014041444909977,,56375642.0,0.0669897600250136,0.5884130982367758,3.213565536205316,1.5821107430194037,1.310838535073552,0.9731493785664036,0.3854816884193985,0.3103259595091065,56216194.0,1572000000.0,1126.88,[],{},0.0233966084349573,18.269873739495207,22.22129574409167,0.0450018761964358,0.0293021462386314,,0.202103536450041,0.85,17,20,0.488560442201394,3.0,22.0,0.3666272727272728,0.3666272727272728,0.1363636363636363,0.0,1.0,0.1363636363636363,22.0,3,5,"cheapness,quality,risk",0.336465,True,0.7,0.4843,hold,2,14,stable,0.2481,persistent,2026-07-20,neutral,0.625,30.399029230600476
MPC,Marathon Petroleum Corporation,Energy,110201257984.0,13.8517475,11.557312,5.8213916,1.0,1.25,133.328,0.42099,0.0482043952117205,0.05549,0.537,3.48,9249375232.0,143368257536.0,15397000192.0,5768000000.0,132699000000.0,34292000768.0,7768000000.0,67.41,83955000000.0,24780000000.0,,19678000000.0,4047000000.0,8253000000.0,0.0753735898537291,,294602479.0,0.0436861193537751,0.0668783846065214,1.2592743164955789,1.173812839103087,0.4092430468703472,0.3646808186867534,1.5805967482579957,1.7609373811154228,316000000.0,1412000000.0,392.42,[],{},0.0839316664909842,9.311440913697693,24.85580054368932,0.0402320576334803,0.0721930572297827,,0.0897366087402959,1.0,20,20,0.5452380952380953,7.0,22.0,0.5490409090909091,0.5490409090909091,0.3181818181818182,0.0,1.0,0.3181818181818182,22.0,5,5,"cheapness,quality,dividend,garp,risk",0.693025,True,0.9,0.481,hold,2,6,stable,0.5131,persistent,2026-08-16,wait,0.25,73.41717746596703
BEN,Franklin Templeton Inc.,Financial Services,17101868032.0,23.213793,10.593234,1.4553158,3.87,5.486,24.805,0.07887,0.0162164834112387,0.08717,0.143,1.067,-2990862592.0,20666169344.0,1799100032.0,1099800000.0,8770700000.0,3572100096.0,2670299904.0,23.129,32368300000.0,5115600000.0,,1885900000.0,524900000.0,1066100000.0,0.8034364417891389,,520951796.0,0.0143171772243527,0.8010615711252654,2.7125510366403307,3.236587510993844,0.4108927561842914,0.4031141708635586,0.2709657288149207,0.2611467911102897,523596548.0,94900000.0,33.66,[],{},-0.1748851404070991,11.48694846112926,18.790843193307875,0.053217409656004,0.0430778373874532,,0.0360798362333674,1.0,20,20,0.4162171864793347,6.0,22.0,0.5710863636363637,0.5710863636363637,0.2727272727272727,0.0,1.0,0.2727272727272727,22.0,4,5,"quality,dividend,garp,risk",0.7202,True,0.83335,0.4807,hold,2,15,stable,0.3588,persistent,2026-07-16,wait,0.25,47.08057494217621
NTRS,Northern Trust Corporation,Financial Services,34247469056.0,15.877015,14.767102,2.736136,1.78,,,0.17066,0.009805642888072,0.2467,0.364,0.986,,41472667648.0,,,8086400000.0,16345100288.0,10004799488.0,68.414,177132700000.0,,,,1736900000.0,5533500000.0,,,186337588.0,0.0130610307867613,,,,0.079004046119096,0.0859889240709826,0.0456516498647624,0.0533115895990184,195969746.0,6213600000.0,187.19,[],{},,,,,0.0629841314629985,,,0.7,14,20,0.4877188029361942,5.0,22.0,0.4844318181818182,0.4844318181818182,0.2272727272727272,0.0,1.0,0.2272727272727272,22.0,4,5,"cheapness,quality,dividend,garp",0.6103949999999999,False,0.53335,0.4801,hold,2,20,stable,0.271,persistent,2026-07-16,neutral,0.375,55.73810721181176
NTAP,"NetApp, Inc.",Technology,36062531584.0,26.116644,16.682295,24.06922,1.13,1.242,169.498,1.14818,0.1187639612807148,0.19184999,0.299,0.635,1171374976.0,35020529664.0,2095000064.0,1695000000.0,6925000000.0,2534000128.0,3576000000.0,7.628,10744000000.0,5776000000.0,,4021000000.0,1276000000.0,2067000000.0,0.7074368231046931,,196000000.0,0.1095814469185992,0.7019172245891662,1.4364585923899529,1.255040755040755,0.2543745346239762,0.3225538205673103,0.6445457930007445,0.6072253534140257,201000000.0,109000000.0,183.6,[],{},0.0324817733128782,16.71624276570905,20.66107944778761,0.0484001817294729,0.0382897588219987,,0.252119589468987,1.0,20,20,0.5142854629622906,7.0,22.0,0.4921363636363637,0.4921363636363637,0.3181818181818182,0.0,1.0,0.3181818181818182,22.0,5,5,"cheapness,quality,dividend,garp,risk",0.624375,True,0.9,0.4798,hold,2,20,stable,0.497,persistent,2026-07-16,neutral,0.5,46.780701157950105
GS,"The Goldman Sachs Group, Inc.",Financial Services,296927854592.0,15.899127,13.774637,2.8166628,1.94,1.563,725.381,0.16902,0.0094930692193752,0.31039,0.425,0.923,,63393980416.0,,,58283000000.0,897484980224.0,1156854054912.0,362.049,1809320000000.0,,,,17176000000.0,-45154000000.0,,,296476742.0,0.0085180420675285,,,,0.2134227223487277,0.2043918394818052,0.0322126544779254,0.0319289343736052,310653708.0,66814000000.0,1019.77,[],{},,,,,0.0628965351368034,,,0.8,16,20,0.4797846015876707,6.0,22.0,0.4657363636363636,0.4657363636363636,0.2727272727272727,0.0,1.0,0.2727272727272727,22.0,4,5,"cheapness,quality,dividend,garp",0.5743583333333333,False,0.36665,0.4795,hold,2,20,stable,0.307,persistent,2026-07-16,neutral,0.5,46.68136417171386
PM,Philip Morris International Inc.,Consumer Defensive,295778058240.0,25.506721,20.702106,-34.459778,3.17,0.98,,,0.1640239936402399,0.25559,0.104,-0.075,9714374656.0,340840087552.0,18015000576.0,14933000000.0,40648000000.0,49138999296.0,6002999808.0,-5.507,69185000000.0,24363000000.0,,25427000000.0,11348000000.0,12233000000.0,0.6711769336744735,,1556656689.0,0.1142205101644438,0.6481070806272771,0.9581547174263578,0.8802094697796203,0.705861097058611,0.7395927748284346,0.587526197875262,0.6130713453321248,1554845600.0,1587000000.0,189.77,[],{},0.032843459429697,18.91979331968909,22.82462248389473,0.0438123347146534,0.0392053529734378,,0.3412633118515471,0.9,18,20,0.4978277397632237,5.0,22.0,0.4969681818181817,0.4969681818181817,0.2272727272727272,0.0,1.0,0.2272727272727272,22.0,5,5,"cheapness,quality,dividend,garp,risk",0.5525266666666667,True,0.7,0.4782,hold,2,7,stable,0.4392,persistent,2026-08-02,neutral,0.625,52.700177803335365
NDSN,Nordson Corporation,Industrials,17124771840.0,31.086956,23.755072,5.2384524,1.2,1.823,55.619,0.17763,0.0818688942509743,0.18631001,0.103,0.23,613806656.0,18829058048.0,957891008.0,724270000.0,2791687000.0,1818211968.0,113924000.0,58.691,5917681000.0,1242851000.0,,758260000.0,484474000.0,719175000.0,0.5515604005749928,,57197000.0,0.0778681298977531,0.5524805375325149,1.639082900324427,2.412653720029443,0.3535773557243116,0.3866629139375227,0.4717535467018245,0.4482479987388697,57197000.0,104156000.0,307.45,[],{},0.0358432019845234,19.656785470106428,25.997291131760257,0.0384655460806193,0.0321678327077118,,0.140378154835591,1.0,20,20,0.4753363973724948,6.0,22.0,0.4631818181818181,0.4631818181818181,0.2727272727272727,0.0,1.0,0.2727272727272727,22.0,4,5,"quality,dividend,garp,risk",0.5767016666666667,True,1.0,0.4771,hold,2,20,stable,0.381,persistent,2026-07-16,neutral,0.625,42.76890310181423
CSCO,"Cisco Systems, Inc.",Technology,423591542784.0,32.85627,19.15715,8.431295,1.54,0.931,62.017,0.27319,0.1023396098336123,0.20951,0.176,0.521,11182624768.0,438858547200.0,18641999872.0,16061000000.0,63325000000.0,31185000448.0,15918000128.0,12.743,129637000000.0,38665000000.0,,41525000000.0,13267000000.0,14177000000.0,0.645242795104619,,3946000000.0,0.0832440653850242,0.6493804497475907,0.9311258278145697,0.9977754962354553,0.2278130472010305,0.2297225470394387,0.4884793693158589,0.4632720314659296,3959998180.0,1470000000.0,107.44,[],{},0.0263995468240552,23.54138773808055,27.324484602453147,0.036597213618083,0.0304355911367906,,0.1822793717087343,1.0,20,20,0.4786437887038073,7.0,22.0,0.4644227272727272,0.4644227272727272,0.3181818181818182,0.0,1.0,0.3181818181818182,22.0,5,5,"cheapness,quality,dividend,garp,risk",0.5989233333333333,True,0.9,0.4765,hold,2,20,stable,0.4776,persistent,2026-07-16,neutral,0.5,37.19465777091018
HONA,Honeywell Aerospace Inc.,Industrials,48731484160.0,46.31024,16.939722,-8.554022,,1.526,,,0.1006502685891998,0.10862,0.054,-0.709,,63897481216.0,3537999872.0,3257000000.0,17404000000.0,16149000192.0,1057000000.0,-17.974,17685000000.0,8390000000.0,,6577000000.0,1780000000.0,3705000000.0,0.3483681912204091,,316882673.0,0.1672306322350846,0.3562317902233732,1.2756575946480158,1.31809589276508,0.0153237206672321,0.0140694568121104,0.9841108283856376,0.9168892846542,316882673.0,818000000.0,153.75,[],{},,18.060340171770363,19.618508202640463,0.0509722752449347,0.0215934963843849,,0.2932120993878286,0.8,16,20,0.4784688995215311,1.0,22.0,0.3501909090909091,0.3501909090909091,0.0454545454545454,0.0,1.0,0.0454545454545454,22.0,1,5,cheapness,0.2924816666666666,False,0.63335,0.4759,hold,2,6,stable,0.0763,persistent,2026-08-16,insufficient_data,0.0,
RMD,ResMed Inc.,Healthcare,31674920960.0,21.09318,16.60388,4.809445,1.2,3.1,12.542,0.24269,0.1698975568679281,0.26945,0.086,0.024,939248256.0,31031607296.0,2095774976.0,1908460000.0,5653443000.0,825918976.0,1469234048.0,45.656,8965950000.0,4324739000.0,,1395110000.0,1523293000.0,1805829000.0,0.6105551961875267,,144239563.0,0.1713550281605076,0.5936214313626009,3.0999268874855748,3.439835348143496,0.0921172881847433,0.1042050716683359,0.6305458986498921,0.6295670221793893,146385350.0,,219.58,[],{},0.0296527419022168,14.806745786814853,16.260024991878268,0.0615005204788732,0.0474086884955231,,0.2520803503970497,1.0,20,20,0.5042555553986352,8.0,22.0,0.5721363636363637,0.5721363636363637,0.3636363636363636,0.0,1.0,0.3636363636363636,22.0,5,5,"cheapness,quality,dividend,garp,risk",0.6387433333333333,True,1.0,0.4757,hold,2,6,stable,0.49,persistent,2026-08-16,neutral,0.5,43.891031519265205
DRI,"Darden Restaurants, Inc.",Consumer Cyclical,23563321344.0,20.031855,16.753233,10.72451,3.09,0.314,364.507,0.53718,0.0938160840900609,0.09134,0.137,0.36,790974976.0,31501600768.0,2115000064.0,1606600000.0,13210900000.0,8046499840.0,219500000.0,19.351,12862400000.0,942900000.0,,3005400000.0,1206700000.0,1848300000.0,0.2166771378180139,,114077969.0,0.0833876221498371,0.2188180546010085,0.3137352765022959,0.4172191323692992,0.4917356014429655,0.494931278303011,1.0270944769249906,0.9594581711289426,117033830.0,196300000.0,207.53,[],{},0.0335680596318569,14.894373434874751,19.60761905141292,0.051000582853936,0.0499204891409208,,0.1629907679821446,1.0,20,20,0.4957364341085271,8.0,22.0,0.5315545454545455,0.5315545454545455,0.3636363636363636,0.0,1.0,0.3636363636363636,22.0,5,5,"cheapness,quality,dividend,garp,risk",0.6777383333333333,True,0.8,0.4755,hold,2,6,stable,0.4856,persistent,2026-08-16,neutral,0.5,41.81471918886855
RSG,"Republic Services, Inc.",Industrials,67697569792.0,31.537802,27.439358,5.622584,1.2,0.644,118.798,0.18152,0.0622417505674212,0.12942,0.046,0.051,1942625024.0,81886568448.0,5256999936.0,3322000000.0,16591000000.0,14295000064.0,107000000.0,39.32,34366000000.0,2523000000.0,,3928000000.0,2139000000.0,4296000000.0,0.4195648243023326,,308000000.0,0.0630516634775631,0.4167914171656686,0.6423116089613035,0.5828488372093024,0.4017342722458243,0.3998827232886859,0.4827736716522144,0.4947842725757669,312000000.0,574000000.0,221.08,[],{},0.0286956390010556,15.57667290182748,24.64977978567128,0.0405683137413378,0.0317079801566386,,0.1091398909258164,1.0,20,20,0.4628683265104081,3.0,22.0,0.3966454545454546,0.3966454545454546,0.1363636363636363,0.0,1.0,0.1363636363636363,22.0,3,5,"dividend,garp,risk",0.49071,True,0.8,0.4755,hold,2,15,stable,0.2815,persistent,2026-07-16,neutral,0.5,53.04361019012693
JPM,JPMorgan Chase & Co.,Financial Services,939828314112.0,15.200344,14.149198,2.6582057,1.69,,,0.17789,0.0128924947456439,0.34921002,0.304,0.469,,777756278784.0,,,181847000000.0,1343306989568.0,1526419030016.0,133.007,4424900000000.0,,,,57048000000.0,-147782000000.0,,,2696272576.0,0.0146074736422926,,,,0.1129928359962937,0.1134979042243781,0.0410962959614906,0.0423299708654961,2797620401.0,97898000000.0,353.56,[],{},,,,,0.0657879847982387,,,0.7,14,20,0.488200418507324,5.0,22.0,0.4505863636363635,0.4505863636363635,0.2272727272727272,0.0,1.0,0.2272727272727272,22.0,4,5,"cheapness,quality,dividend,garp",0.5456416666666667,False,0.36665,0.4726,hold,2,20,stable,0.269,persistent,2026-07-16,neutral,0.5,48.238639918971806
VLTO,Veralto Corporation,Industrials,22782486528.0,23.839285,19.591276,7.368711,0.55,1.775,115.978,0.34312,0.1221890029897309,0.17346,0.075,0.101,807124992.0,24257488896.0,1390000000.0,1277000000.0,5503000000.0,3592999936.0,2119000064.0,12.682,7693000000.0,3432000000.0,,2056000000.0,940000000.0,1077000000.0,0.599491186625477,,248400000.0,0.1300343428036216,0.5979202772963604,1.6692607003891051,1.917269076305221,0.3742363187313142,0.4319388073680924,0.7153256206941375,0.8106462691226974,247400000.0,96000000.0,93.45,[],{},0.0354274319885159,17.451430860431653,18.995684335160533,0.0526435364136381,0.041947566799927,,0.2265389391520312,1.0,20,20,0.5046587294754982,6.0,22.0,0.4746454545454546,0.4746454545454546,0.2727272727272727,0.0,1.0,0.2727272727272727,22.0,5,5,"cheapness,quality,dividend,garp,risk",0.56066,True,0.9,0.4686,hold,2,20,stable,0.4866,persistent,2026-07-16,neutral,0.5,37.33727598526389
ABT,Abbott Laboratories,Healthcare,178852429824.0,34.0,17.04241,3.4993398,2.39,1.376,63.212,0.10576,0.0752367003794125,0.116450004,0.13,-0.475,7209124864.0,206621425664.0,11681000448.0,8053000000.0,44328000000.0,32719998976.0,5602999808.0,29.537,86713000000.0,25996000000.0,,16496000000.0,6524000000.0,9566000000.0,0.5641806533116765,,1736599451.0,0.1646154224089223,0.554088200238379,1.5758971871968963,1.6709754891573074,0.1598376252695674,0.1845014370992704,0.5112036257539239,0.5152676443854866,1731697991.0,493000000.0,103.36,[],{},0.0403076708048873,17.688675433565056,25.65769597218428,0.0389746609003438,0.0294117647058823,,0.1146873264309212,1.0,20,20,0.452446194064756,3.0,22.0,0.4095590909090909,0.4095590909090909,0.1363636363636363,0.0,1.0,0.1363636363636363,22.0,2,5,"garp,risk",0.5315366666666667,True,1.0,0.4678,hold,2,5,stable,0.184,persistent,2026-09-04,neutral,0.5,36.29872297947232
ULTA,"Ulta Beauty, Inc.",Consumer Cyclical,22902183936.0,19.721281,16.711168,8.43844,,1.345,95.472,0.46117002,0.1647993354758351,0.0934,0.089,0.133,914087360.0,25212764160.0,1934352000.0,1548813000.0,12392820000.0,2524030976.0,213451008.0,63.475,6999294000.0,3144146000.0,,2224342000.0,1153479000.0,1502780000.0,,,44166000.0,0.2001298633568894,,1.4135173458038377,1.7020766764185902,0.3117544426623599,0.3204485800923173,1.770581432927378,1.8820779403411672,45965000.0,,535.63,[],{},0.0399126721955605,13.0342172262339,16.278765841970593,0.0614297183034452,0.0507066452731949,,0.3243620040578418,0.95,19,20,0.4950298346331178,4.0,22.0,0.4156954545454546,0.4156954545454546,0.1818181818181818,0.0,1.0,0.1818181818181818,22.0,3,5,"cheapness,quality,risk",0.4448333333333333,True,0.9,0.4671,hold,2,5,stable,0.2742,persistent,2026-09-04,neutral,0.375,51.43075581723693
HUM,Humana Inc.,Healthcare,48119783424.0,37.876183,24.186945,2.5045469,0.88,1.742,76.485,0.06893,0.0242900079739925,0.00878,0.262,0.271,1940999936.0,39056781312.0,3596000000.0,2186000000.0,129664000000.0,14744000512.0,23871000576.0,160.001,48909000000.0,,,,1188000000.0,921000000.0,,,120591312.0,0.025968717055014,,,,0.2528982395878059,0.2521784031498096,2.651127604326402,2.533638847651628,120641615.0,631000000.0,400.73,[],{},0.0403368385700571,10.861173890989988,17.86678010612992,0.05596979388899,0.026401815621178,,,0.95,19,20,0.4362221022532941,2.0,22.0,0.3316863636363636,0.3316863636363636,0.0909090909090909,0.0,0.8,0.0909090909090909,22.0,2,5,"dividend,garp",0.4007816666666667,False,0.73335,0.4656,hold,2,5,stable,0.1713,persistent,2026-09-04,neutral,0.375,58.16408566793534
FOXA,Fox Corporation,Communication Services,27404113920.0,16.62755,11.204318,2.351965,0.91,3.169,64.06,0.14291,0.0749488479672627,0.09839,0.281,0.031,555374976.0,30901796864.0,3881999872.0,3496000000.0,17126000000.0,7568000000.0,4204999936.0,27.713,22482000000.0,8453000000.0,,2667000000.0,1685000000.0,1970000000.0,,,419586946.0,0.0975641302004742,,3.1694788151481066,2.9095616154642734,0.3366248554399075,0.3218366027161026,0.7617649675295792,0.702737658978228,446335925.0,401000000.0,65.18,[],{},0.0202661168911094,7.960277661750526,8.839186745995423,0.1131325798103596,0.060141151282059,,0.1764319959626545,1.0,20,20,0.45,8.0,22.0,0.5285136363636365,0.5285136363636365,0.3636363636363636,0.0,1.0,0.3636363636363636,22.0,5,5,"cheapness,quality,dividend,garp,risk",0.5683283333333333,True,0.83335,0.4625,hold,2,6,stable,0.4563,persistent,2026-08-16,neutral,0.5,50.60250245884832
MS,Morgan Stanley,Financial Services,333996621824.0,17.38839,15.588201,3.1365318,2.14,1.999,517.282,0.17969999,0.0118716863694931,0.25897,0.28,0.624,,213277622272.0,,,65966000000.0,607495979008.0,739076014080.0,67.801,1420270000000.0,,,,16861000000.0,-17889000000.0,,,1582834137.0,0.0110199321685728,,,,0.2608926471727207,0.2554756059522448,0.0464460982770881,0.0474219202005479,1606653706.0,49017000000.0,212.66,[],{},,,,,0.05750963717745,,,0.8,16,20,0.4676224244638567,4.0,22.0,0.4447681818181817,0.4447681818181817,0.1818181818181818,0.0,1.0,0.1818181818181818,22.0,3,5,"quality,dividend,garp",0.5569916666666667,False,0.36665,0.4622,hold,2,20,stable,0.2232,persistent,2026-07-16,neutral,0.375,46.63846568873883
HSY,The Hershey Company,Consumer Defensive,35029381120.0,23.527666,17.666813,7.6771326,3.37,1.18,129.821,0.32808998,0.0642777024614197,0.12242,0.066,6.31,1743636352.0,40161476608.0,2721615872.0,1462122000.0,11692576000.0,5923312128.0,791212992.0,22.709,13741297000.0,3588899000.0,,3011896000.0,883259000.0,2277367000.0,0.3354856106986176,,202839656.0,0.1715658336024461,0.4731979600907424,1.191574675885223,0.9567277729072056,0.4176152367567632,0.4207625307786961,0.8509077418237886,0.8652493449956712,202383069.0,224806000.0,174.34,[],{},0.049776396163747,14.75648236078482,27.467938111867547,0.0364060817352704,0.0425031535214755,,0.1362724722470527,1.0,20,20,0.4910068426197458,6.0,22.0,0.5451272727272728,0.5451272727272728,0.2727272727272727,0.0,1.0,0.2727272727272727,22.0,4,5,"quality,dividend,garp,risk",0.7450533333333333,True,0.9,0.4608,hold,2,20,stable,0.3807,persistent,2026-07-16,neutral,0.625,41.88926619819047
SYK,Stryker Corporation,Healthcare,103568564224.0,28.572489,16.127174,4.3175354,1.28,2.157,64.391,0.16508,0.0678454978680712,0.14433,0.094,0.441,4107624960.0,115538558976.0,7376000000.0,5059000000.0,25116000000.0,15445999616.0,3476000000.0,62.538,47844000000.0,14755000000.0,,7794000000.0,3246000000.0,5044000000.0,0.6396321070234113,,382500000.0,0.0696516255148821,0.6390794423545032,1.8931229150628688,1.9494485294117647,0.331473120976507,0.3164227036838798,0.5249561073488839,0.5258197388936725,381400000.0,607000000.0,270.01,[],{},0.0396609240533252,15.664121336225596,22.838220789879426,0.0437862480269541,0.0349987010232115,,0.1263171036204744,1.0,20,20,0.471034721148768,7.0,22.0,0.4742181818181818,0.4742181818181818,0.3181818181818182,0.0,1.0,0.3181818181818182,22.0,5,5,"cheapness,quality,dividend,garp,risk",0.5938083333333333,True,1.0,0.4601,hold,2,20,stable,0.4656,persistent,2026-07-16,neutral,0.625,23.010707199828033
ADI,"Analog Devices, Inc.",Technology,175049277440.0,43.315346,22.11268,5.2174354,1.21,1.25,27.314,0.12227,0.0472434647994053,0.29787,0.396,1.635,4147339008.0,181888401408.0,6922700800.0,3002476000.0,11019707000.0,9164060672.0,2324933888.0,69.239,47992712000.0,7108061000.0,,3245801000.0,2267342000.0,4812202000.0,0.614669518890112,,489654097.0,0.0339069338927451,0.5708341337690674,2.1899250755052453,1.8353882500970455,0.1805401203416052,0.158616842148435,0.2296120919359589,0.1954694960385999,496296854.0,317716000.0,361.25,[],{},0.0236924086100357,26.274196540171143,60.57946888101687,0.0165072427750082,0.02308650610802,,0.0670990674641206,1.0,20,20,0.4387388168641345,6.0,22.0,0.4690272727272727,0.4690272727272727,0.2727272727272727,0.0,1.0,0.2727272727272727,22.0,4,5,"quality,dividend,garp,risk",0.6354650000000001,True,1.0,0.4598,hold,2,23,stable,0.3594,persistent,2026-07-16,neutral,0.625,43.00435365225754
ATO,Atmos Energy Corporation,Utilities,27851003904.0,19.832731,18.276197,1.8253001,2.4,0.814,67.662,0.09792,0.042434487918061,0.28496,0.048,0.233,-2220956928.0,37653917696.0,2624299008.0,1559971000.0,4702755000.0,10323866624.0,520952992.0,90.292,28249522000.0,1052695000.0,,1362615000.0,1198754000.0,2049456000.0,0.5813101043962529,,161568384.0,0.0413938140778143,0.5791713553317054,0.7725549770111146,0.9389978231574584,0.3293332184523334,0.322658687136242,0.1664720203053347,0.1653215101015243,155258845.0,171678000.0,164.81,[],{},-0.0797442324038101,14.34818120237616,24.137575439543426,0.0414291817545911,0.0504216993615251,,0.0580197268506935,1.0,20,20,0.4770967741935483,5.0,22.0,0.4651454545454546,0.4651454545454546,0.2272727272727272,0.0,1.0,0.2272727272727272,22.0,3,5,"cheapness,dividend,garp",0.58436,False,0.73335,0.4594,hold,2,20,stable,0.2809,persistent,2026-07-16,neutral,0.625,37.7334794012823
D,"Dominion Energy, Inc.",Utilities,57213165568.0,22.50865,17.049282,2.0494645,4.1,0.809,160.459,0.08281,0.0258767273449165,0.13984999,0.176,-0.58,-9181124608.0,116527161344.0,8341000192.0,4931000000.0,16506000000.0,53931999232.0,298000000.0,31.74,115857000000.0,8071000000.0,,10444000000.0,2998000000.0,5361000000.0,0.490185387131952,,879000000.0,0.0198603720158179,0.4788021301611453,0.7727882037533512,0.7119173215631392,0.4224259216102609,0.4076551286432651,0.142468733007069,0.1411804911389933,852000000.0,2022000000.0,65.05,[],{},-0.1604722360116202,13.970406265637454,23.631547626039342,0.0423163144379977,0.0444273645909461,,0.0467779116427765,1.0,20,20,0.3974193548387096,4.0,22.0,0.4067636363636362,0.4067636363636362,0.1818181818181818,0.0,0.9361,0.1818181818181818,22.0,3,5,"quality,dividend,garp",0.5032483333333333,False,0.43335,0.4571,hold,2,20,stable,0.2564,persistent,2026-07-16,neutral,0.5,38.27021583265974
VMRK,"AvalonBay Communities, Inc.",Real Estate,50311118848.0,24.911877,44.13971,,3.92,0.348,75.129,0.08487,0.0473726797919461,0.33253,0.033,,1387120000.0,,1832704000.0,919756000.0,3040725000.0,9187223552.0,90121000.0,,22192137000.0,353083000.0,,1542987000.0,1051301000.0,1671105000.0,0.6313662037836372,,391245275.0,0.0515217156426462,0.6315900742580799,0.2288308326641767,0.3578740025593439,0.427798007916047,0.3928686407529412,0.1370181249331689,0.1387454640282386,397315483.0,259181000.0,65.02,[],{},0.0275708438166674,,,,0.0401414955605312,,0.0445420755818036,0.85,17,20,0.4850327104021685,3.0,22.0,0.354640909090909,0.354640909090909,0.1363636363636363,0.0,1.0,0.1363636363636363,22.0,2,5,"dividend,risk",0.4438566666666667,True,0.8,0.4529,hold,2,5,stable,0.1594,persistent,2026-09-04,neutral,0.5,44.84912663751639
BRO,"Brown & Brown, Inc.",Financial Services,22194706432.0,21.259617,13.746695,1.7395751,0.99,1.127,63.975,0.10023,0.0351438764962822,0.18084998,0.324,0.071,1642749952.0,29367705600.0,2892000000.0,1502000000.0,5763000000.0,8065999872.0,918000000.0,38.13,29991000000.0,8614000000.0,,8294000000.0,1054000000.0,1450000000.0,0.4907166406385563,,336000000.0,0.0563820122643652,0.4886291179596174,1.0385821075476247,1.096610706366804,0.2640125370944616,0.2305246422893481,0.1921576472941882,0.2671473995003406,285958390.0,306000000.0,66.33,[],{},0.0740153944830514,10.154808298755189,19.552400532623167,0.0511446151244447,0.0470375360007661,,0.0692261602986588,1.0,20,20,0.428095680960131,5.0,22.0,0.4789363636363636,0.4789363636363636,0.2272727272727272,0.0,1.0,0.2272727272727272,22.0,4,5,"cheapness,dividend,garp,risk",0.55519,True,0.9,0.4506,hold,2,20,stable,0.3515,persistent,2026-07-16,neutral,0.5,35.796884835205546
FDXF,"FedEx Freight Holding Company, Inc.",Industrials,18543237120.0,28.510345,24.294874,-37.31047,,1.517,,0.69093,0.0951481696687972,0.07447,0.048,-0.611,-511124992.0,24657238016.0,989000000.0,1032000000.0,8795000000.0,6365000192.0,251000000.0,-3.324,6884000000.0,1506000000.0,,993000000.0,655000000.0,167000000.0,0.2898237635019897,,149505248.0,0.2680207088809239,0.3148897885739991,1.5166163141993958,0.3673997412677878,0.924607786170831,0.2853444842692154,1.2776002324230098,1.7706093189964158,149505248.0,57000000.0,124.02,[],{},-0.0275639570746102,24.9314843437816,23.89267249612403,0.0418538361567641,0.0350749876930636,,0.1751824817518248,0.9,18,20,0.5153196246054297,1.0,22.0,0.3002590909090909,0.3002590909090909,0.0454545454545454,0.0,0.6838,0.0454545454545454,22.0,1,5,cheapness,0.2410166666666667,False,0.36665,0.4483,hold,2,20,stable,0.0867,persistent,2026-07-16,insufficient_data,0.0,
MDLZ,"Mondelez International, Inc.",Consumer Defensive,79730966528.0,22.882784,18.582031,3.0029323,3.33,0.599,82.643,0.13340001,0.0342859540895547,0.08862001,0.041,1.449,2252375040.0,100126965760.0,6080000000.0,3620000000.0,38537000000.0,22058999808.0,1716000000.0,20.803,71487000000.0,12951000000.0,,21864000000.0,2451000000.0,4514000000.0,0.2837532760723461,,1281576414.0,0.0673168167948961,0.3912351472242803,0.5923435784851812,0.6773748017801422,0.3050065046791724,0.2682161262537045,0.539077034985382,0.5320087011109975,1317829138.0,599000000.0,62.47,[],{},0.0282496894002784,16.46825094736842,27.65938280662984,0.0361540966763836,0.0437009762448485,,0.0729500433266831,1.0,20,20,0.4404447702834799,5.0,22.0,0.4777772727272726,0.4777772727272726,0.2272727272727272,0.0,1.0,0.2272727272727272,22.0,3,5,"dividend,garp,risk",0.6554800000000001,True,0.8,0.4475,hold,2,20,stable,0.2664,persistent,2026-07-16,neutral,0.625,51.248286120766714
RCL,Royal Caribbean Cruises Ltd.,Consumer Cyclical,69272764416.0,16.047709,12.763603,6.7674346,2.31,0.209,224.816,0.44669998,0.1025493164179821,0.23541,0.065,-0.046,-1516249984.0,92139765760.0,6926000128.0,4910000000.0,17934000000.0,23517999104.0,876000000.0,38.273,41619000000.0,2211000000.0,,12055000000.0,4268000000.0,6465000000.0,0.4935318389650942,,270423022.0,0.0776099271648233,0.4751592356687898,0.1834093737038573,0.1736783131302842,0.5294456858646291,0.5616401402751551,0.4309089598500685,0.4446992176962503,268899805.0,992000000.0,259.01,[],{},-0.0218881113924448,13.303460014027882,18.76573640733197,0.0532886095324929,0.0623141907670434,,0.1660803680151535,1.0,20,20,0.4688415159345391,7.0,22.0,0.4817181818181819,0.4817181818181819,0.3181818181818182,0.0,0.9291,0.3181818181818182,22.0,4,5,"cheapness,quality,dividend,garp",0.5811766666666667,False,0.63335,0.4466,hold,2,20,stable,0.3662,persistent,2026-07-16,accumulate,0.875,22.47899305834082
PSA,Public Storage,Real Estate,55046684672.0,28.08389,29.120571,10.689017,4.07,0.22,109.632,0.21929,0.0882964503634194,0.41632998,0.033,0.451,2334240256.0,66103795712.0,3436555008.0,2260491000.0,4824113000.0,10180214784.0,259936000.0,27.561,20208604000.0,460203000.0,,612889000.0,1784348000.0,3186449000.0,0.7284526709884284,,175500243.0,0.1048857465178066,0.7320903157328027,0.7508749545186812,0.7775496049285335,0.5074017482850374,0.4734530624096238,0.2387157964993524,0.2376933276517147,175408393.0,304495000.0,294.6,[],{},0.0424047382673226,19.235483080618856,29.24311386862412,0.0341960847429771,0.0356076027929179,,0.1153563929665235,1.0,20,20,0.4877969348659005,6.0,22.0,0.4702454545454544,0.4702454545454544,0.2727272727272727,0.0,1.0,0.2727272727272727,22.0,4,5,"quality,dividend,garp,risk",0.6245350000000001,True,0.8,0.4446,hold,2,20,stable,0.373,persistent,2026-07-16,accumulate,0.75,28.62941227659755
PG,The Procter & Gamble Company,Consumer Defensive,332072484864.0,21.564102,19.320793,6.230444,3.05,0.677,64.49,0.30290002,0.1268247958836872,0.18437,0.015,-0.155,13280874496.0,358393184256.0,24752001024.0,19748000000.0,87032000000.0,35024998400.0,9941999616.0,22.947,126521000000.0,26208000000.0,,38694000000.0,16046000000.0,19556000000.0,0.5017694641051568,,2323859000.0,0.1275562760019484,0.5116036258364577,0.6773143122964801,0.7041987908369849,0.2768394179622355,0.2831806820994801,0.6878858055184515,0.6730282438054476,2341944000.0,877000000.0,142.97,[],{},0.0399939022392631,14.47936204868832,18.14832814745797,0.0551014943015602,0.0463733662547135,,0.2248511277853052,1.0,20,20,0.4709921798631476,8.0,22.0,0.5373409090909091,0.5373409090909091,0.3636363636363636,0.0,1.0,0.3636363636363636,22.0,5,5,"cheapness,quality,dividend,garp,risk",0.6579733333333333,True,0.9,0.4407,hold,2,20,stable,0.4558,persistent,2026-07-16,neutral,0.5,42.70918734284375
AMT,American Tower Corporation,Real Estate,80601767936.0,24.159218,24.676037,21.668545,3.98,0.352,438.721,0.33914003,0.0400298146553906,0.31083,0.047,1.385,2920012544.0,130351972352.0,7044400128.0,4929200000.0,10644600000.0,44979900416.0,1762499968.0,7.983,63190400000.0,2741800000.0,,6913800000.0,2529500000.0,5464000000.0,0.7418315389962986,,466318000.0,0.0369203666167846,0.7457935065960977,0.3965691804796205,0.4492622533778054,0.711562199321416,0.7196458919338413,0.1684528029574112,0.165809284612639,467384103.0,1359400000.0,172.98,[],{},0.0362276488317051,18.50433961493449,26.44485359733831,0.0378145409774796,0.0413920682366457,,0.0875888024507521,1.0,20,20,0.4851993249407042,7.0,22.0,0.50675,0.50675,0.3181818181818182,0.0,1.0,0.3181818181818182,22.0,4,5,"quality,dividend,garp,risk",0.67731,True,0.6,0.4398,hold,2,8,stable,0.37,persistent,2026-07-26,neutral,0.375,47.211359594364374
CLX,The Clorox Company,Consumer Defensive,10735045632.0,18.610062,14.179174,119.31451,5.58,0.658,2221.429,1.6376,0.0753143443674621,0.087349996,-0.02,-0.501,110375000.0,16352045056.0,1140000000.0,886000000.0,6720000000.0,5598000128.0,143000000.0,0.744,7794000000.0,1824000000.0,,2773000000.0,587000000.0,612000000.0,0.4232142857142857,,120926454.0,0.1456572558892285,0.4522804054054054,0.6577713667508114,0.8379364252214695,0.7082371054657429,0.5178924653839238,0.8622016936104696,1.2774680812803452,122694263.0,130000000.0,88.77,[],{},0.0102817448368346,14.343899171929824,18.45603279458239,0.0541828252653268,0.0537343722981685,,0.176458872734515,1.0,20,20,0.4693548387096775,5.0,22.0,0.4416909090909091,0.4416909090909091,0.2272727272727272,0.0,0.9653,0.2272727272727272,22.0,4,5,"cheapness,quality,dividend,garp",0.5352750000000001,False,0.43335,0.439,hold,2,20,stable,0.3633,persistent,2026-07-16,accumulate,0.75,24.464569147340384
CSX,CSX Corporation,Industrials,90845372416.0,28.183908,21.589165,6.450934,1.16,0.82,138.068,0.24357,0.0661370816354562,0.22208999,0.101,0.227,1953250048.0,108904333312.0,6831000064.0,4718000000.0,14092000000.0,19451000832.0,1390000000.0,7.602,43682000000.0,2550000000.0,,3133000000.0,2889000000.0,4613000000.0,0.3324581322736304,,1859740714.0,0.0811430174913478,0.3681568088033012,0.8139163740823492,0.8608058608058609,0.4430200082413809,0.4440417173323356,0.3226042763609725,0.3400056121971752,1900189590.0,844000000.0,49.04,[],{},0.0215008205267259,15.94266319596978,23.08273279186096,0.0433224267255133,0.0354812398621227,,0.1163530543293299,1.0,20,20,0.43534653568085,4.0,22.0,0.3955545454545454,0.3955545454545454,0.1818181818181818,0.0,1.0,0.1818181818181818,22.0,4,5,"cheapness,dividend,garp,risk",0.4898566666666666,True,0.8,0.4346,hold,2,7,stable,0.348,persistent,2026-08-02,neutral,0.625,43.26627060898857
URI,"United Rentals, Inc.",Industrials,61562802176.0,24.751753,17.26134,6.684418,0.77,0.764,166.793,0.28895,0.0835063282662559,0.15673,0.118,0.255,1706249984.0,76835799040.0,4690999808.0,3974000000.0,16099000000.0,15384999936.0,112000000.0,147.968,29866000000.0,3608000000.0,,3819000000.0,2494000000.0,5190000000.0,0.3816386110938567,,63095970.0,0.0914320207364272,0.4007820136852394,0.9447499345378372,0.9777309659945832,0.5246768901091542,0.5251216134644746,0.539041050023438,0.5448638284273692,65305731.0,716000000.0,989.08,[],{},0.0277155997402791,16.379407841578832,19.3346248213387,0.0517206829323291,0.0404011788579176,,0.1525703535915844,1.0,20,20,0.4573130023996815,7.0,22.0,0.4518818181818181,0.4518818181818181,0.3181818181818182,0.0,1.0,0.3181818181818182,22.0,5,5,"cheapness,quality,dividend,garp,risk",0.5436766666666666,True,0.8,0.4334,hold,2,20,stable,0.4454,persistent,2026-07-16,neutral,0.5,36.5410642303559
PSX,Phillips 66,Energy,103645716480.0,14.882556,11.856837,3.2740192,1.95,1.32,62.884,0.23452999,0.059758414766558,0.046609998,0.531,3.449,4545375232.0,120813895680.0,9925000192.0,3381000000.0,132376000000.0,20565000192.0,4099000064.0,78.958,73680000000.0,17271000000.0,,13326000000.0,4403000000.0,4962000000.0,0.0984468483713059,,401138881.0,0.0291670111046816,0.0756393509042772,1.2960378208014407,1.18711473453967,0.2675895765472312,0.2764046182249042,1.7966340933767644,1.972293406078642,408392938.0,1086000000.0,258.51,[],{},0.043854926053573,12.172684467792903,35.7331841703638,0.0279851914464811,0.0671927590932632,,0.0560194850382741,1.0,20,20,0.469047619047619,8.0,22.0,0.5502954545454545,0.5502954545454545,0.3636363636363636,0.0,1.0,0.3636363636363636,22.0,5,5,"cheapness,quality,dividend,garp,risk",0.7375716666666666,True,1.0,0.431,hold,2,13,stable,0.45,persistent,2026-07-25,wait,0.25,74.01948805464916
XOM,ExxonMobil Holdings Corporation,Energy,679411187712.0,21.129154,15.312302,2.6193721,2.51,1.135,15.921,0.12584,0.0642433961423671,0.09072,0.441,1.128,20671000576.0,717922238464.0,67937001472.0,33938000000.0,323905000000.0,42368000000.0,10588000256.0,63.08,448980000000.0,83382000000.0,,72330000000.0,28844000000.0,51970000000.0,0.2199410320927432,,4179000000.0,0.0742709079883124,0.226212759434866,1.152799668187474,1.3084045685351386,0.0969686845739231,0.0919786096256684,0.7214241168871665,0.7481051877170737,4353094536.0,603000000.0,165.23,[],{},0.03042487517112,10.56747019898853,21.15393477706406,0.0472725292262997,0.0473279715789851,,0.0901048718969866,1.0,20,20,0.4047619047619048,7.0,22.0,0.5752727272727273,0.5752727272727273,0.3181818181818182,0.0,1.0,0.3181818181818182,22.0,5,5,"cheapness,quality,dividend,garp,risk",0.7364216666666666,True,1.0,0.431,hold,2,7,stable,0.4179,persistent,2026-08-02,neutral,0.5,60.84624360251348
RJF,"Raymond James Financial, Inc.",Financial Services,33335113728.0,15.288986,12.2227545,2.6253443,1.23,2.109,47.594,0.18416001,0.0241981185537798,0.15131,0.151,0.42,,23528527872.0,,,13842000000.0,6083999744.0,16019999744.0,66.098,88230000000.0,,,,2135000000.0,2434000000.0,,,198139594.0,0.0249180643917486,,,,0.0478295364388529,0.0372204549836128,0.1568854131247875,0.1522917871602082,203291449.0,1847000000.0,173.53,[],{},,,,,0.0654065612984406,,,0.8,16,20,0.4649735388226436,7.0,22.0,0.5587954545454545,0.5587954545454545,0.3181818181818182,0.0,1.0,0.3181818181818182,22.0,4,5,"cheapness,quality,dividend,garp",0.6531366666666666,False,0.63335,0.4292,hold,2,6,stable,0.2861,persistent,2026-08-16,neutral,0.375,46.012041274437856
CTVA,"Corteva, Inc.",Basic Materials,56371392512.0,51.20606,20.529604,2.239985,0.85,1.516,19.191,0.04256,0.025533901272027,0.056649998,-0.012,-0.099,2417250048.0,59125391360.0,4275000064.0,2619000000.0,17401000000.0,4874999808.0,2364999936.0,37.719,42845000000.0,17335000000.0,,12125000000.0,1094000000.0,3406000000.0,0.4729038561002241,,672163000.0,0.0222167789344764,0.436420629287911,1.4296907216494843,1.4535913730021182,0.0602170615007585,0.0662094304960196,0.4061384058816665,0.4141579914268218,685595000.0,180000000.0,84.49,[],{},0.0428807936132752,13.830500695870867,22.575559893088965,0.0442956898848001,0.0195289385670367,,0.08525390625,1.0,20,20,0.4299999999999999,4.0,22.0,0.4014318181818181,0.4014318181818181,0.1818181818181818,0.0,1.0,0.1818181818181818,22.0,3,5,"quality,garp,risk",0.4632933333333334,True,1.0,0.4275,hold,2,13,stable,0.2572,persistent,2026-07-25,neutral,0.625,53.27516890520557
SYY,Sysco Corporation,Consumer Defensive,39434391552.0,22.245945,15.112734,14.774726,2.7,1.277,564.591,0.77692,0.0618727330351797,0.02078,0.047,0.053,1914000000.0,52699394048.0,4493000192.0,3095000000.0,84553000000.0,15052000256.0,1787000064.0,5.571,28397000000.0,13437000000.0,,10523000000.0,1757000000.0,2638000000.0,0.1849609120906413,,478543630.0,0.068275192350788,0.1839621482118717,1.276917228927112,1.2069382815651473,0.5270627178927352,0.54134608201987,2.9775328379758426,3.039142451632181,477496242.0,717000000.0,82.31,[],{},0.0485363137269687,11.729221410191297,17.027267866882067,0.0587293280294834,0.0449520126027462,,0.1731565402260266,1.0,20,20,0.4673020527859237,5.0,22.0,0.4918772727272728,0.4918772727272728,0.2272727272727272,0.0,1.0,0.2272727272727272,22.0,5,5,"cheapness,quality,dividend,garp,risk",0.6129233333333334,True,0.9,0.4266,hold,2,20,stable,0.447,persistent,2026-07-16,neutral,0.5,50.47717620770588
HD,"The Home Depot, Inc.",Consumer Cyclical,304983736320.0,21.74182,19.076057,18.35976,3.0,1.078,380.261,1.0429599,0.134697178743042,0.0841,0.057,0.046,10762625024.0,366086750208.0,24647999488.0,20890000000.0,164683000000.0,63188000768.0,2084999936.0,16.65,105095000000.0,34391000000.0,,32424000000.0,14156000000.0,16325000000.0,0.3331552133492831,,995511485.0,0.154038223452179,0.3341901024361498,1.06066493955095,1.1054394473326123,0.6218183548218279,0.6480508536293553,1.5669917693515392,1.65954701983999,994000000.0,2412000000.0,305.69,[],{},0.0352891769045266,14.852594847960424,17.524497377118237,0.0570629775268591,0.0459943095840182,,0.2874599221147362,1.0,20,20,0.4569013781223083,5.0,22.0,0.4959681818181818,0.4959681818181818,0.2272727272727272,0.0,1.0,0.2272727272727272,22.0,5,5,"cheapness,quality,dividend,garp,risk",0.6015083333333333,True,0.7,0.4247,hold,2,4,stable,0.4408,persistent,2026-09-06,neutral,0.5,30.21159846819394
MSFT,Microsoft Corporation,Technology,3656635645952.0,27.403452,20.890018,8.267271,0.74,1.23,29.118,0.34039003,0.1763623848855976,0.40305,0.177,0.317,16545500160.0,3708605693952.0,194237005824.0,155237000000.0,331839000000.0,128812998656.0,76842999808.0,59.565,758376000000.0,207710000000.0,,168825000000.0,133749000000.0,182935000000.0,0.6794409337058032,,7427000000.0,0.1645097035070912,0.6882374238616519,1.2303272619576484,1.3534464445042416,0.0749311687078705,0.0978799779645656,0.4375652710528814,0.4551254194244616,7434158655.0,3051000000.0,492.44,[],{},0.0045247877453462,19.09319842642345,23.889959828855236,0.0418585885938644,0.0364917529368197,,0.263313945697658,1.0,20,20,0.4364032724898657,6.0,22.0,0.4711636363636364,0.4711636363636364,0.2727272727272727,0.0,1.0,0.2727272727272727,22.0,5,5,"cheapness,quality,dividend,garp,risk",0.553775,True,0.83335,0.4246,hold,2,20,stable,0.4305,persistent,2026-07-16,neutral,0.375,55.21750310010152
TXN,Texas Instruments Incorporated,Technology,236366774272.0,39.69632,24.314106,13.12275,2.17,4.857,78.036,0.35176,0.1446002602284227,0.31111,0.228,0.518,3545250048.0,243417759744.0,9520000000.0,6140000000.0,17682000000.0,14051999744.0,7000999936.0,19.723,34585000000.0,13750000000.0,,3159000000.0,5001000000.0,7153000000.0,0.5702409229725144,,907000000.0,0.1351488355064913,0.5814206252797136,4.352643241532131,4.124622563821027,0.406187653607055,0.3828888450815286,0.5112621078502241,0.4404798783407023,911216614.0,543000000.0,258.82,[],{},0.0149989356960986,25.569092410084032,39.64458627752443,0.0252241250040973,0.0251912519850706,,0.1953796219690702,1.0,20,20,0.4302669580942483,7.0,22.0,0.4648818181818182,0.4648818181818182,0.3181818181818182,0.0,1.0,0.3181818181818182,22.0,4,5,"quality,dividend,garp,risk",0.6180083333333333,True,1.0,0.4245,hold,2,13,stable,0.3419,persistent,2026-07-25,accumulate,0.75,42.60032749098247
CMS,CMS Energy Corporation,Utilities,21222901760.0,20.50909,16.284224,2.2224412,3.34,0.936,185.604,0.09158,0.0268145514634085,0.11642,-0.005,-0.439,-2198874880.0,41131900928.0,3017999872.0,1727000000.0,8539000000.0,19300999168.0,241000000.0,30.453,39941000000.0,3472000000.0,,3548000000.0,1071000000.0,2235000000.0,0.4152711090291603,,306409000.0,0.0279231625835189,0.4270126413838989,0.9785794813979708,0.7923885259869355,0.473147893142385,0.4611915367483296,0.2137903407526101,0.2092149220489977,298784865.0,798000000.0,67.68,[],{},-0.1036085877824842,13.628861057817833,23.816966374059064,0.0419868754187426,0.0487588674095242,,0.0474541807490451,1.0,20,20,0.3940860215053763,4.0,22.0,0.3790772727272726,0.3790772727272726,0.1818181818181818,0.0,0.9293,0.1818181818181818,22.0,3,5,"cheapness,dividend,garp",0.4687483333333334,False,0.43335,0.4231,hold,2,20,stable,0.2452,persistent,2026-07-16,neutral,0.625,35.143695974672184
PLD,"Prologis, Inc.",Real Estate,130658803712.0,30.204496,39.474304,2.3369555,3.15,0.649,63.823,0.07749,0.0337123938416917,0.43575,0.123,0.853,5406941184.0,165199527936.0,6737149952.0,3414302000.0,8790127000.0,37093756928.0,1766716032.0,57.515,98724256000.0,2435901000.0,,2681055000.0,3328231000.0,5008434000.0,0.7457768243849037,,929153000.0,0.0391448411520161,0.7491662002948202,0.908560622590734,0.9169590258176784,0.361416084006751,0.3303779339381719,0.0890371561777077,0.0860348669258346,926283000.0,972259000.0,134.41,[],{},0.0413821421166388,24.52068443080425,48.38456818875424,0.0206677467100434,0.0331076539068885,,0.0355496481213698,1.0,20,20,0.4495119503740193,5.0,22.0,0.4319681818181818,0.4319681818181818,0.2272727272727272,0.0,1.0,0.2272727272727272,22.0,3,5,"dividend,garp,risk",0.5974833333333334,True,0.8,0.4204,hold,2,7,stable,0.261,persistent,2026-08-02,neutral,0.5,33.92332284264117
BKR,Baker Hughes Company,Energy,58964840448.0,20.482758,19.099127,2.9608214,1.45,2.095,80.925,0.16463,0.0633056921308187,0.111669995,-0.024,-0.042,4415000064.0,58369839104.0,4839000064.0,3557000000.0,27733000000.0,16252999680.0,17024000000.0,20.062,40881000000.0,18828000000.0,,13877000000.0,2588000000.0,3810000000.0,0.2359643745718097,,986773882.0,0.0776529468498292,0.2329584246649179,1.356777401455646,1.324840274035871,0.1488955749614735,0.1570002346010479,0.678383601183924,0.7254125068425306,989525809.0,222000000.0,59.4,[],{},0.0748751294916757,12.062376179377544,16.40985074613438,0.0609390064218327,0.0488215503009897,,0.1317212264849652,1.0,20,20,0.4476190476190477,8.0,22.0,0.5131818181818183,0.5131818181818183,0.3636363636363636,0.0,1.0,0.3636363636363636,22.0,5,5,"cheapness,quality,dividend,garp,risk",0.5851183333333333,True,0.9,0.419,hold,2,20,stable,0.4333,persistent,2026-07-16,neutral,0.5,37.02092909823369
EME,"EMCOR Group, Inc.",Industrials,33008762880.0,23.47334,20.363281,8.116466,0.21,1.277,13.432,0.40348998,0.1369887354961292,0.07738,0.198,0.348,978281600.0,32633415680.0,1990525952.0,1568542000.0,16986422000.0,548028032.0,924411008.0,92.199,9291399000.0,5937345000.0,,4864940000.0,1272817000.0,1302063000.0,0.1932713081071458,,44520367.0,0.1305188264120149,0.1898276108744431,1.2204354010532503,1.2973920902061526,0.0503916579193294,0.0444272921061215,1.828187768063776,1.8876649992814076,45810125.0,12020000.0,748.33,[],{},0.0296370270996354,16.39436835636896,20.80493584488015,0.0480655171184336,0.0426015215559438,,0.3543559310048957,1.0,20,20,0.4658699421832029,8.0,22.0,0.5170000000000001,0.5170000000000001,0.3636363636363636,0.0,1.0,0.3636363636363636,22.0,5,5,"cheapness,quality,dividend,garp,risk",0.609665,True,1.0,0.4181,hold,2,20,stable,0.442,persistent,2026-07-16,neutral,0.625,44.27148653792419
CHRW,"C.H. Robinson Worldwide, Inc.",Industrials,17810468864.0,28.704332,20.324781,10.967046,1.67,1.582,121.188,0.37123,0.1160610479914423,0.03726,0.193,0.238,480618368.0,19628449792.0,932641024.0,794961000.0,16232763000.0,1972571008.0,154590000.0,13.898,5058381000.0,2798543000.0,,1831702000.0,587081000.0,914519000.0,0.0837350979620659,,118429000.0,0.0879004350004133,0.0738374188347773,1.527837497584214,1.2773046387411404,0.2758562472854456,0.3286440769463371,3.2090827084792544,3.345640539335581,118664000.0,72504000.0,152.42,[],{},0.0269851609000291,21.0460930699956,24.691085212985293,0.040500447484345,0.0348379471084712,,0.2463712690354386,1.0,20,20,0.4412028691643236,5.0,22.0,0.412859090909091,0.412859090909091,0.2272727272727272,0.0,1.0,0.2272727272727272,22.0,5,5,"cheapness,quality,dividend,garp,risk",0.5261616666666666,True,0.9,0.4172,hold,2,13,stable,0.4292,persistent,2026-07-25,neutral,0.625,50.45427159256085
FDS,FactSet Research Systems Inc.,Financial Services,9351247872.0,18.386713,13.336715,4.628723,1.66,0.683,77.284,0.27032,0.1387087061412475,0.2321,0.064,-0.096,621161344.0,10617654272.0,932542016.0,748303000.0,2321748000.0,1570642048.0,304236000.0,56.804,4304272000.0,729759000.0,,521306000.0,597040000.0,726260000.0,0.5271743531167035,,37645870.0,0.1324588660037878,0.540663060766499,1.3998668728155823,1.2530214401573458,0.3620842270191103,0.3882987590751263,0.5394055022545043,0.5432883522727273,37952270.0,56324000.0,262.93,[],{},0.0664255030454185,11.385711410133396,14.1889772886117,0.0704772429794933,0.0543871000760168,,0.1978085449353761,1.0,20,20,0.4498353649760299,10.0,22.0,0.5655045454545454,0.5655045454545454,0.4545454545454545,0.0,1.0,0.4545454545454545,22.0,5,5,"cheapness,quality,dividend,garp,risk",0.6657533333333333,True,1.0,0.413,hold,2,20,stable,0.4314,persistent,2026-07-16,neutral,0.5,37.32945642698283
XEL,Xcel Energy Inc.,Utilities,47103676416.0,20.889198,16.600845,1.9572779,3.11,0.701,173.135,0.0992,0.0247999901684875,0.15278,-0.051,0.24,-7907999744.0,86736674816.0,6122999808.0,2879000000.0,14669000000.0,41650999296.0,2018000000.0,38.528,81371000000.0,5014000000.0,,7089000000.0,2018000000.0,4083000000.0,0.4720158156656895,,623600715.0,0.0276433211965445,0.4574064429729931,0.7072929891381012,0.6696082984982196,0.427437293384621,0.4313271935460841,0.1802730702584458,0.1919183265510102,574365598.0,1343000000.0,75.41,[],{},-0.1678849793837714,14.165715749766033,30.12736186731504,0.0331924183871171,0.0478716320272324,,0.038757707116125,1.0,20,20,0.4234408602150538,6.0,22.0,0.4004999999999999,0.4004999999999999,0.2727272727272727,0.0,1.0,0.2727272727272727,22.0,3,5,"cheapness,dividend,garp",0.508765,False,0.43335,0.4105,hold,2,7,stable,0.2502,persistent,2026-08-02,neutral,0.5,39.862606251185504
NWS,News Corporation,Communication Services,17584965632.0,31.825243,21.68391,2.089362,0.6,1.623,31.561,0.07979,0.0368630983015954,0.06347,0.108,-0.749,1045124992.0,19259705344.0,1338000000.0,1142000000.0,9028000000.0,2915000064.0,2100999936.0,15.689,15544000000.0,4482000000.0,,2761000000.0,573000000.0,1237000000.0,,,543331412.0,0.076109391124871,,1.6233248822890256,1.8447085889570551,0.1875321667524446,0.1896284829721362,0.580802882141019,0.5451496388028896,565385686.0,,32.78,[],{},0.0594328708893322,14.394398612855008,16.8648908441331,0.0592947804549755,0.03142159825771,,0.0893374012360165,1.0,20,20,0.4008333333333334,4.0,22.0,0.4062772727272726,0.4062772727272726,0.1818181818181818,0.0,1.0,0.1818181818181818,22.0,2,5,"cheapness,risk",0.4282499999999999,True,1.0,0.4067,hold,2,13,stable,0.1615,persistent,2026-07-25,neutral,0.625,43.94783021359212
MET,"MetLife, Inc.",Financial Services,61501456384.0,18.329544,8.862166,2.249233,2.48,2.027,179.933,0.13094,0.0045345600845986,0.04567,0.105,0.058,-20953999360.0,85015453696.0,6040000000.0,5722000000.0,75654000000.0,50311000064.0,27317000192.0,43.028,745166000000.0,,,,3379000000.0,17092000000.0,,,655333773.0,0.0065332559852507,,,,0.0270852400673138,0.0276253695806523,0.1015263713051856,0.1035209614779978,689211065.0,1061000000.0,96.78,[],{},-0.3407073684429255,14.075406241059603,14.8576465739252,0.0673054103841031,0.0545567309257666,,,0.95,19,20,0.3907831512051462,4.0,22.0,0.4150136363636363,0.4150136363636363,0.1818181818181818,0.0,1.0,0.1818181818181818,22.0,3,5,"cheapness,dividend,garp",0.5117833333333334,False,0.63335,0.4053,hold,2,20,stable,0.2269,persistent,2026-07-16,neutral,0.5,53.53791796764271
RL,Ralph Lauren Corporation,Consumer Cyclical,20059553792.0,21.147614,16.09746,7.3727665,1.19,2.045,110.373,0.37537,0.1215970023903352,0.117639996,0.14,0.216,880087488.0,21121851392.0,1593200000.0,1297300000.0,8114500000.0,3003899904.0,1941600000.0,45.664,7739500000.0,3887200000.0,,1826500000.0,941100000.0,1154200000.0,0.6986505638055333,,60036413.0,0.1054162587090091,0.6855346800395536,2.1282233780454423,1.7762103388480106,0.388836488145229,0.3785988960311041,1.0484527424252212,1.0044981766066436,61481276.0,54200000.0,336.67,[],{},0.0438737320443782,13.257501501380869,16.28139319509751,0.0614198052965829,0.0472866584381576,,0.2193979367495349,1.0,20,20,0.4255540647982508,7.0,22.0,0.5186727272727273,0.5186727272727273,0.3181818181818182,0.0,1.0,0.3181818181818182,22.0,5,5,"cheapness,quality,dividend,garp,risk",0.61231,True,0.9,0.403,hold,2,14,stable,0.4143,persistent,2026-07-20,accumulate,0.75,32.76763093958857
COR,"Cencora, Inc.",Healthcare,61245980672.0,23.987295,16.204128,20.074432,0.74,0.935,446.516,0.96871,0.0202920319531586,0.00789,0.051,0.119,2043314048.0,73081872384.0,5546476032.0,3933622000.0,321332819000.0,14463047680.0,2815290880.0,15.988,76590112000.0,52239073000.0,,57820539000.0,1554169000.0,3875120000.0,0.0357216515752161,,193937673.0,0.0224900522963162,0.0337123289936485,0.9034691461454554,0.8791526135363318,0.100023002969365,0.065394440945856,4.195486997068238,4.380794280416312,194943968.0,419753000.0,320.95,[],{},0.0333624186531173,13.176271196766978,18.5787735537375,0.0538248661628598,0.0416887356410966,,0.209574400014321,1.0,20,20,0.452135332452902,4.0,22.0,0.4236590909090909,0.4236590909090909,0.1818181818181818,0.0,1.0,0.1818181818181818,22.0,4,5,"cheapness,dividend,garp,risk",0.5056233333333333,True,0.8,0.4025,hold,2,20,stable,0.3419,persistent,2026-07-16,neutral,0.375,49.819755726428
ESS,"Essex Property Trust, Inc.",Real Estate,18706317312.0,42.73543,43.077065,3.2763867,3.78,0.249,122.409,0.0771,0.0508903064052923,0.20893,0.031,-0.718,1043926720.0,24311068672.0,1230545024.0,601913000.0,1887345000.0,6748253184.0,67527000.0,82.826,13159009000.0,325247000.0,,419792000.0,669666000.0,1074423000.0,0.6778342062526989,,64442290.0,0.0573606720444601,0.6805686268984756,0.774781320272897,0.6641997277947226,0.5206893619420733,0.5147292652737501,0.1434260741063403,0.137263148644669,64280466.0,258404000.0,271.37,[],{},0.0558061056373895,19.756342269358523,40.389672048950594,0.0247588046465948,0.0233997879511215,,0.0472488222784806,1.0,20,20,0.4137187557015143,4.0,22.0,0.3499727272727272,0.3499727272727272,0.1818181818181818,0.0,1.0,0.1818181818181818,22.0,4,5,"cheapness,dividend,garp,risk",0.4676466666666666,True,0.6,0.4006,hold,2,7,stable,0.3257,persistent,2026-08-02,neutral,0.5,33.03682371597969
AMP,"Ameriprise Financial, Inc.",Financial Services,48895086592.0,13.33486,10.713113,7.6906943,1.23,2.182,67.578,0.63432,0.0186638310354942,0.199,0.116,0.117,2903124992.0,42898087936.0,,4830000000.0,18480000000.0,4302000128.0,10298999808.0,71.974,190904000000.0,,,,3563000000.0,8323000000.0,,,91263880.0,0.0187483117699266,,,,0.0307065331265976,0.030164881506921,0.0968025814021707,0.0951693191402567,96166693.0,326000000.0,553.53,[],{},0.059374575122953,,8.881591705175984,0.1125924308609259,0.0749914134831561,,,0.9,18,20,0.467653947832976,7.0,22.0,0.5409954545454546,0.5409954545454546,0.3181818181818182,0.0,1.0,0.3181818181818182,22.0,5,5,"cheapness,quality,dividend,garp,risk",0.6275266666666667,True,0.9,0.3996,hold,2,7,stable,0.3903,persistent,2026-08-02,neutral,0.625,51.512690022112515
STLD,"Steel Dynamics, Inc.",Basic Materials,33980225536.0,21.830572,12.390141,3.61452,0.88,3.183,46.924,0.17568001,0.0722052914229057,0.07825,0.334,0.836,234191248.0,37749592064.0,2674440960.0,1598972000.0,18176581000.0,4393537024.0,567708032.0,65.591,16419780000.0,6484171000.0,,2122254000.0,1185595000.0,1449534000.0,0.1316079740188762,,144940102.0,0.1029199879238576,0.1597790014931253,3.055322784171923,2.5255188941789277,0.2564689051863058,0.2163345560126179,1.1069929682370896,1.1744302884327282,151117153.0,70043000.0,237.08,[],{},0.0068919862745433,14.11494687248583,23.60866360636709,0.0423573318961733,0.0458073201196926,,0.1118355721122661,1.0,20,20,0.4266666666666667,5.0,22.0,0.5068227272727273,0.5068227272727273,0.2272727272727272,0.0,1.0,0.2272727272727272,22.0,4,5,"quality,dividend,garp,risk",0.6315466666666667,True,0.83335,0.3967,hold,2,20,stable,0.3293,persistent,2026-07-16,neutral,0.5,45.41334704110031
JBHT,"J.B. Hunt Transport Services, Inc.",Industrials,25153236992.0,38.15242,26.477396,6.87784,0.67,1.255,38.373,0.18448,0.0754724740464895,0.05311,0.194,0.458,903028352.0,26552412160.0,1673964032.0,865069000.0,11999096000.0,1403336960.0,4162000.0,38.941,7927155000.0,1604190000.0,,1935343000.0,598282000.0,1678272000.0,0.1330620240058084,,94594725.0,0.0686799153540489,0.1297060097604044,0.8288918295103245,1.0553878334247098,0.1850344795831543,0.177773580502077,1.5136699105795206,1.4541399641734447,100555126.0,75206000.0,267.83,[],{},0.0359010791448913,15.86199682455304,30.69398182110329,0.0325796765577173,0.0262106571483538,,0.144375190676877,1.0,20,20,0.3988678415011153,6.0,22.0,0.4407454545454545,0.4407454545454545,0.2727272727272727,0.0,1.0,0.2727272727272727,22.0,4,5,"quality,dividend,garp,risk",0.5335,True,0.9,0.3932,hold,2,13,stable,0.3168,persistent,2026-07-25,neutral,0.5,48.36279668839552
KEYS,"Keysight Technologies, Inc.",Technology,55440203776.0,44.85537,23.8573,8.439808,,2.024,42.094,0.20897,0.0752145827802849,0.19143,0.365,1.091,1867124992.0,55601201152.0,1698000000.0,876000000.0,5375000000.0,2766000128.0,2604999936.0,38.585,11301000000.0,4348000000.0,,1850000000.0,850000000.0,1409000000.0,0.6208372093023256,,171267000.0,0.0662423130866328,0.6292428198433421,2.3502702702702702,2.9831814996496147,0.2458189540748606,0.2190096018988024,0.4756216264047429,0.5371669004207573,172584000.0,96000000.0,325.65,[],{},0.0336781769335464,32.74511257479387,63.47169081278539,0.0157550553198523,0.0222938747356225,,0.0926886043804888,0.95,19,20,0.3973453094882969,5.0,22.0,0.3871590909090909,0.3871590909090909,0.2272727272727272,0.0,1.0,0.2272727272727272,22.0,3,5,"quality,garp,risk",0.4806616666666666,True,1.0,0.391,hold,2,5,stable,0.2247,persistent,2026-09-04,neutral,0.625,48.75124965329478
MRSH,"Marsh & McLennan Companies, Inc.",Financial Services,84604780544.0,21.594397,15.537621,5.5805974,2.24,1.139,145.027,0.25902998,0.0708567535343212,0.14241,0.062,0.073,4785249792.0,105536782336.0,7758000128.0,6223000000.0,26981000000.0,22382000128.0,1700000000.0,31.769,58710000000.0,23200000000.0,,21060000000.0,4160000000.0,5292000000.0,0.422667803268967,,484858577.0,0.071882579982649,0.4277537002207867,1.1016144349477683,1.1331591351572907,0.3653381025378981,0.3870682176307076,0.4595639584397888,0.433030576654096,491402152.0,960000000.0,177.29,[],{},0.0565600402392316,13.60360667630038,16.95914869612727,0.058965223898789,0.0463083085857873,,0.1652855245683931,1.0,20,20,0.4168326302853157,6.0,22.0,0.517,0.517,0.2727272727272727,0.0,1.0,0.2727272727272727,22.0,5,5,"cheapness,quality,dividend,garp,risk",0.630815,True,0.9,0.3905,hold,2,15,stable,0.4037,persistent,2026-07-16,neutral,0.5,34.60867546754116
EXPD,"Expeditors International of Washington, Inc.",Industrials,24609826816.0,27.397976,23.881124,11.618288,0.86,1.566,26.745,0.4267,0.1655888727363977,0.07634,0.321,0.515,797562240.0,24148033536.0,1263714048.0,1052546000.0,11069009000.0,567284992.0,1031448000.0,16.295,4893638000.0,3755622000.0,,2072807000.0,810332000.0,1006501000.0,0.1292198786720654,,133884000.0,0.1703817764296161,0.1272617415285955,1.8118532019623632,1.7710248331335563,0.1165981218880513,0.1196639028044837,2.2619182293418514,2.2295948349948618,138003000.0,,189.32,[],{},0.0324082833236952,19.10877984953761,22.942497084212945,0.0435872344814686,0.0364990464989092,,0.3731333071708301,1.0,20,20,0.4366871674688664,9.0,22.0,0.5174590909090909,0.5174590909090909,0.4090909090909091,0.0,1.0,0.4090909090909091,22.0,5,5,"cheapness,quality,dividend,garp,risk",0.63174,True,1.0,0.3893,hold,2,20,stable,0.413,persistent,2026-07-16,neutral,0.375,60.02211548720216
NFLX,"Netflix, Inc.",Communication Services,316501065728.0,23.902515,19.893167,10.497169,,1.142,55.236,0.49541,0.1975142972210745,0.28219,0.134,0.111,25387552768.0,324027809792.0,14726931456.0,13326603000.0,45183036000.0,16654660608.0,9127910400.0,7.241,55596993000.0,13020191000.0,,10980930000.0,10981201000.0,10149273000.0,0.4848657580247595,,4222162150.0,0.1624383786695203,0.4605655665041732,1.185709316059751,1.2180280603231866,0.2601370185614175,0.2905593013392,0.8126884847890964,0.7272178635189082,4277571000.0,776510000.0,76.01,[],{},0.080213166769612,22.00239817507846,24.31435901497178,0.0411279606171909,0.0418366017132506,,0.2986951807020713,0.95,19,20,0.4558823529411764,8.0,22.0,0.4438090909090909,0.4438090909090909,0.3636363636363636,0.0,1.0,0.3636363636363636,22.0,3,5,"cheapness,quality,risk",0.4958816666666666,True,1.0,0.388,hold,2,20,stable,0.2405,persistent,2026-07-16,neutral,0.625,43.598530974584996
ADM,Archer-Daniels-Midland Company,Consumer Defensive,41887109120.0,23.616848,15.154289,1.7770462,2.4,1.389,39.134,0.07642,0.0205768386493347,0.021559998,0.072,3.156,1164625024.0,50435108864.0,2995000064.0,1424000000.0,80269000000.0,9342000128.0,1092999936.0,48.907,52389000000.0,26665000000.0,,19534000000.0,1078000000.0,5452000000.0,0.0627016656492543,,480000000.0,0.0337894914681534,0.0675552437741143,1.3650558001433395,1.3902096499147356,0.1862604745270953,0.2165906403108633,1.5321727843631296,1.6055640029284226,478000000.0,612000000.0,86.91,[],{},0.0278039007338399,16.83976887687973,35.41791352808989,0.0282343001150223,0.0423426530077172,,0.0433419570841576,1.0,20,20,0.3951857282502444,5.0,22.0,0.4928681818181818,0.4928681818181818,0.2272727272727272,0.0,1.0,0.2272727272727272,22.0,3,5,"dividend,garp,risk",0.6726966666666667,True,0.9,0.388,hold,2,6,stable,0.235,persistent,2026-08-16,neutral,0.5,66.13507381373277
LNT,Alliant Energy Corporation,Utilities,17436897280.0,21.485622,18.246244,2.3159308,3.15,0.466,160.951,0.11135,0.0324116682005522,0.18447,0.01,-0.04,-1138625024.0,29529896960.0,1828999936.0,1025000000.0,4362000000.0,12117999616.0,25000000.0,29.038,24991000000.0,1697000000.0,,2123000000.0,810000000.0,1169000000.0,0.4566712517193947,,257137261.0,0.0303777406005106,0.4471238382316001,0.7993405558172397,0.4360957642725598,0.4848145332319635,0.4581315488245135,0.1745428354207514,0.1752663555516421,256690222.0,486000000.0,67.25,[],{},-0.0652997494746955,16.145378891910468,28.809655570731707,0.0347105850517671,0.0465427531025166,,0.0448224593318173,1.0,20,20,0.4259139784946237,4.0,22.0,0.3846999999999999,0.3846999999999999,0.1818181818181818,0.0,0.9309,0.1818181818181818,22.0,3,5,"quality,dividend,garp",0.484825,False,0.43335,0.3856,hold,2,13,stable,0.2435,persistent,2026-07-25,neutral,0.625,35.49202845712392
VMC,Vulcan Materials Company,Basic Materials,32472432640.0,29.482353,23.465012,3.8309257,0.83,1.757,58.22,0.13234,0.0644715096644391,0.13748,0.025,0.027,843600000.0,37244231680.0,2340300032.0,1567200000.0,7941100000.0,4942099968.0,194200000.0,65.415,16700400000.0,2567900000.0,,956100000.0,1076700000.0,1813000000.0,0.2738411555074234,,130600000.0,0.0533125204620925,0.2695714304973239,2.6858069239619287,1.828504559761117,0.2924900002395152,0.3407698423834245,0.4755035807525568,0.4336618960759553,132061259.0,239700000.0,250.6,[],{},0.0259789591174897,15.914297812563548,23.764823685553853,0.042078999332441,0.0339185953034345,,0.0995407861892875,1.0,20,20,0.4075,4.0,22.0,0.4105454545454545,0.4105454545454545,0.1818181818181818,0.0,1.0,0.1818181818181818,22.0,3,5,"quality,garp,risk",0.4934416666666666,True,1.0,0.385,hold,2,20,stable,0.2377,persistent,2026-07-16,neutral,0.5,31.576913443420253
WDC,Western Digital Corporation,Technology,166184124416.0,17.921074,14.517694,,0.12,1.329,13.436,1.30853,0.6708029723685159,0.72947,0.438,9.841,2268750080.0,165796134912.0,5001999872.0,4599000000.0,12919000000.0,1191000064.0,1579000064.0,,13861000000.0,5634000000.0,,4240000000.0,9298000000.0,3929000000.0,0.4885053022679774,,361000000.0,0.1329095843450935,0.3878151260504202,1.3287735849056603,1.080841638981174,0.075896399971142,0.3364519354377946,0.9320395353870572,0.679902871018426,347000000.0,165000000.0,460.93,[],{},0.0136520265577279,33.14596944315955,36.05047508414873,0.0277388854839168,0.0558002271515646,,0.4780168381665107,0.9,18,20,0.4816524917313753,9.0,22.0,0.5324454545454546,0.5324454545454546,0.4090909090909091,0.0,1.0,0.4090909090909091,22.0,5,5,"cheapness,quality,dividend,garp,risk",0.6462483333333333,True,0.5,0.384,hold,2,15,stable,0.3895,persistent,2026-07-16,neutral,0.375,46.76710506129574
BNY,The Bank of New York Mellon Corporation,Financial Services,110317985792.0,18.971996,15.864172,2.764149,1.37,,,0.14124,0.0117488884183781,0.29413998,0.131,0.269,,-15730011136.0,,,19759000000.0,90116997120.0,221603004416.0,58.821,472300000000.0,,,,5549000000.0,6730000000.0,,,688236337.0,0.0108877480387632,,,,0.0726190980309125,0.075421089063221,0.0418356976497988,0.0438826718966312,717680268.0,20682000000.0,162.59,[],{},,,,,0.0527092668583737,,,0.7,14,20,0.3905251824049778,4.0,22.0,0.4338409090909091,0.4338409090909091,0.1818181818181818,0.0,1.0,0.1818181818181818,22.0,3,5,"cheapness,dividend,garp",0.527915,False,0.53335,0.3828,hold,2,20,stable,0.1624,persistent,2026-07-16,wait,0.25,55.121961492125564
SBUX,Starbucks Corporation,Consumer Cyclical,113110802432.0,57.686047,31.787834,-14.736374,2.48,0.76,,,0.057976808027558,0.05172,-0.014,0.857,3065537536.0,131960799232.0,5642299904.0,3580800000.0,37184400000.0,22453100544.0,3610299904.0,-6.733,32019700000.0,7382300000.0,,10210400000.0,1856400000.0,4747500000.0,0.227711083142393,,1136900000.0,0.1200058712223948,0.268383633438559,0.7230177074355559,0.7549503858875414,0.8310977304596857,0.82334640531218,1.1612975761796644,1.154339758705523,1133500000.0,542600000.0,99.22,[],{},0.027102075753047,23.387767661631905,36.85232328865058,0.0271353312562513,0.0173352145277002,,0.1641868377251906,0.9,18,20,0.3868312757201646,4.0,22.0,0.4067636363636364,0.4067636363636364,0.1818181818181818,0.0,1.0,0.1818181818181818,22.0,3,5,"dividend,garp,risk",0.4959416666666666,True,0.7,0.3806,hold,2,7,stable,0.2072,persistent,2026-08-02,neutral,0.5,33.04969923917429
MU,"Micron Technology, Inc.",Technology,1103880126464.0,23.255056,6.3048444,10.955669,0.05,3.425,6.33,0.66638,0.1031305103988019,0.55906,3.457,13.685,7639499776.0,1084234137600.0,68222001152.0,9809000000.0,37378000000.0,6376000000.0,26022000640.0,89.215,82798000000.0,28841000000.0,,11454000000.0,8539000000.0,17525000000.0,0.397907860238643,,1122000000.0,0.0112077907110752,0.2235275377324678,2.517984983411909,2.63538062283737,0.1845213652503683,0.2017834505013253,0.451436025024759,0.3617465713956436,1108841326.0,477000000.0,977.41,[],{},0.0069205881987124,15.892734298196624,110.53462509939853,0.0090469389035403,0.0430014015016777,,0.1374887867234806,1.0,20,20,0.4260651809568997,8.0,22.0,0.5470227272727273,0.5470227272727273,0.3636363636363636,0.0,1.0,0.3636363636363636,22.0,4,5,"quality,dividend,garp,risk",0.72701,True,1.0,0.3788,hold,2,20,stable,0.3219,persistent,2026-07-16,neutral,0.5,53.289637287603966
MSI,"Motorola Solutions, Inc.",Technology,76769263616.0,36.240623,24.283022,28.732115,1.05,1.099,357.85,0.91567004,0.1110939192325545,0.17438999,0.133,0.095,1979000064.0,85694259200.0,3758000128.0,2959000000.0,11682000000.0,9619000320.0,710000000.0,16.145,19389000000.0,6300000000.0,,6078000000.0,2154000000.0,2837000000.0,0.5166067454203047,,165700000.0,0.1080507022953066,0.509568272164186,1.0365251727541955,1.2817012858555883,0.5036876579503843,0.4488523466940733,0.6025065758935478,0.7411442274751627,167100000.0,360000000.0,463.88,[],{},0.0257785469181906,22.803154944437512,28.96054721189591,0.0345297342858645,0.0275933446287609,,0.2222973480579971,1.0,20,20,0.4184650748866472,5.0,22.0,0.3879636363636363,0.3879636363636363,0.2272727272727272,0.0,1.0,0.2272727272727272,22.0,5,5,"cheapness,quality,dividend,garp,risk",0.4865766666666666,True,0.8,0.3767,hold,2,4,stable,0.3976,persistent,2026-09-06,neutral,0.5,48.60441450844123
BX,Blackstone Inc.,Financial Services,149902295040.0,28.896313,16.74243,11.12876,4.05,0.872,68.185,0.31374002,0.0632839837787334,0.22728,0.286,0.573,,126379253760.0,,,12410012000.0,15296067584.0,2655296000.0,11.269,47708975000.0,,,,3019214000.0,4663161000.0,,,783183010.0,0.0638720033126389,,,,0.2789027641025614,0.2826485698429084,0.2601190237266678,0.2514509185959241,768722241.0,508314000.0,125.41,[],{},,,,,0.0346064911464656,,,0.8,16,20,0.4039993467742828,4.0,22.0,0.4492909090909091,0.4492909090909091,0.1818181818181818,0.0,1.0,0.1818181818181818,22.0,2,5,"dividend,garp",0.5903683333333334,False,0.63335,0.3736,hold,2,8,stable,0.1244,persistent,2026-07-26,neutral,0.5,32.380036303928904
GEV,GE Vernova Inc.,Industrials,246068248576.0,27.245945,36.55355,20.579351,0.21,0.85,28.364,0.82577,0.0775041259362701,0.23035,0.219,0.328,15722125312.0,238226259968.0,3927000064.0,1389000000.0,38068000000.0,3720000000.0,12720000000.0,44.895,63016000000.0,40216000000.0,,40972000000.0,4884000000.0,4987000000.0,0.1979352737207103,,269529464.0,0.0301447023404875,0.1741806211535709,0.9815483744996584,1.0778917468833833,0.0185984511870001,0.0202583276682528,0.6041005458931065,0.6785471496552394,275654024.0,,923.91,[],{},0.0638933523645741,60.66367611039591,171.50918644204464,0.0058305914729408,0.0367027093389493,,0.0630103429504627,1.0,20,20,0.443710347992246,8.0,22.0,0.4416454545454545,0.4416454545454545,0.3636363636363636,0.0,1.0,0.3636363636363636,22.0,5,5,"cheapness,quality,dividend,garp,risk",0.5278050000000001,True,0.9,0.3552,hold,2,15,stable,0.3995,persistent,2026-07-16,neutral,0.625,42.384714559065976
BLK,"BlackRock, Inc.",Financial Services,172614713344.0,25.705297,16.519918,2.8581882,2.14,2.447,23.192,0.122779995,0.0326650901775315,0.24089001,0.306,0.196,7578124800.0,172585107456.0,11116000256.0,7909000000.0,24216000000.0,14968000512.0,13843000320.0,371.704,169998000000.0,27424000000.0,,1740000000.0,5553000000.0,3927000000.0,0.4670465807730426,,155069171.0,0.0459474082891461,0.4942421718037928,15.760919540229883,16.350260416666668,0.0882128025035588,0.1026007286368719,0.1424487346909963,0.1472207192583775,154947813.0,614000000.0,1062.4,[],{},0.0439019632405131,15.525827949027352,21.821356360601847,0.045826665559868,0.0389024876857092,,0.0470051944038322,1.0,20,20,0.3386777991829143,4.0,22.0,0.4920863636363636,0.4920863636363636,0.1818181818181818,0.0,1.0,0.1818181818181818,22.0,4,5,"quality,dividend,garp,risk",0.5706866666666667,True,0.83335,0.3543,hold,2,6,stable,0.2772,persistent,2026-08-16,neutral,0.5,35.28344758783642
PODD,Insulet Corporation,Healthcare,9340622848.0,25.9,17.466274,6.567513,,2.485,66.685,0.26016,0.0774511033099297,0.12291,0.235,3.286,236900000.0,9754123264.0,614899968.0,473800000.0,2708100000.0,948400000.0,534900000.0,20.507,3190400000.0,1914000000.0,,680100000.0,247100000.0,569300000.0,0.7163324840293933,,70390816.0,0.1354730057971953,0.6978663834717127,2.8142920158800178,3.5792959878879635,0.2975175526579739,0.4469022249570878,0.8488277331995988,0.6709201023415488,70196031.0,59400000.0,134.68,[],{},0.0253623343812371,15.8629431966404,20.58700562262558,0.0485743297656157,0.0386100386100386,,0.1887423813886786,0.95,19,20,0.4007074898103828,5.0,22.0,0.4083499999999999,0.4083499999999999,0.2272727272727272,0.0,1.0,0.2272727272727272,22.0,4,5,"cheapness,quality,garp,risk",0.5001966666666667,True,1.0,0.3516,hold,2,13,stable,0.2859,persistent,2026-07-25,neutral,0.5,34.9549385110403
DTE,DTE Energy Company,Utilities,27954548736.0,21.4944,16.059294,2.300973,3.42,0.802,229.06,0.1103,0.0270410239337106,0.07999,-0.015,0.224,-2596624896.0,55757549568.0,3616999936.0,2528000000.0,15814000000.0,27840000000.0,42000000.0,58.384,54066000000.0,4348000000.0,,5409000000.0,1462000000.0,3409000000.0,0.3030858732768433,,207745154.0,0.0287433976170003,0.3482379385084691,0.8038454427805509,0.7064238151194673,0.4862575370843043,0.4758014985873971,0.292494358746717,0.25502600008189,207171582.0,1056000000.0,134.34,[],{},-0.092887383750039,15.415413479288487,22.05599270886076,0.0453391517307793,0.0465237457198153,,0.0519555254125819,1.0,20,20,0.3761290322580645,5.0,22.0,0.3906454545454545,0.3906454545454545,0.2272727272727272,0.0,1.0,0.2272727272727272,22.0,3,5,"cheapness,dividend,garp",0.484635,False,0.43335,0.3487,hold,2,7,stable,0.2174,persistent,2026-08-02,neutral,0.625,35.91018258923218
APH,Amphenol Corporation,Technology,197893832704.0,40.73604,24.512575,12.770529,0.61,1.888,120.415,0.38115,0.117843965681391,0.17729001,0.55,0.593,3818374912.0,211416547328.0,9463700480.0,5972000000.0,23094700000.0,18811299840.0,5419100160.0,6.284,36236900000.0,20267200000.0,,6802800000.0,4270300000.0,5374700000.0,0.3688162219037268,,2453200000.0,0.1130586468409809,0.3376339282781635,2.979243840771447,2.37181056858808,0.4277959759250929,0.3211770412589435,0.63732548865935,0.7100073693342412,2418600000.0,367800000.0,80.25,[],{},0.0192950677634878,22.339733571956835,35.40129727528466,0.0282475524053223,0.0245482869714385,,0.2028939223553633,1.0,20,20,0.3794254793603454,5.0,22.0,0.3893681818181818,0.3893681818181818,0.2272727272727272,0.0,1.0,0.2272727272727272,22.0,4,5,"quality,dividend,garp,risk",0.51625,True,0.9,0.3476,hold,2,15,stable,0.2908,persistent,2026-07-19,neutral,0.5,48.855562727389334
MSCI,MSCI Inc.,Financial Services,39810519040.0,30.30437,24.340643,-14.8024,1.48,0.894,,,0.2108397447487127,0.40735,0.122,0.196,1194705920.0,46002020352.0,1962299008.0,1713567000.0,3134459000.0,6544200192.0,352700000.0,-36.994,5702459000.0,1644769000.0,,1829713000.0,1202305000.0,1588446000.0,0.8244143566720764,,73563183.0,0.2036801807898316,0.81990232930737,0.8989218527714455,0.8476130353784621,1.1065080871252209,0.8506144316371922,0.5496679590331118,0.524499126700345,77744588.0,209889000.0,547.6,[],{},0.0300098051673128,23.442920861936244,26.845766959797896,0.0372498204837105,0.0329985411344964,,0.442468212477658,0.9,18,20,0.3594318535495006,5.0,22.0,0.4636727272727273,0.4636727272727273,0.2272727272727272,0.0,1.0,0.2272727272727272,22.0,5,5,"cheapness,quality,dividend,garp,risk",0.511885,True,0.7,0.3469,hold,2,4,stable,0.3178,persistent,2026-09-06,neutral,0.5,39.64474822154474
ERIE,Erie Indemnity Company,Financial Services,12570483712.0,22.115915,17.159172,5.095271,2.4,1.246,2.56,0.24808,0.1666929420849052,0.14007,0.028,0.032,481207744.0,12328632320.0,834972032.0,,4148570000.0,63157000.0,305008992.0,47.181,3355481000.0,,,,559335000.0,686657000.0,,,52289868.0,0.2078207749460467,,,,,,1.2363562779822028,1.3371132314667171,52289868.0,,240.4,[],{},0.0382807658817958,14.765323684518334,,,0.0452163068993527,,,0.9,18,20,0.3730050043732908,6.0,22.0,0.5020772727272726,0.5020772727272726,0.2727272727272727,0.0,1.0,0.2727272727272727,22.0,4,5,"quality,dividend,garp,risk",0.6362333333333334,True,0.8,0.3464,hold,2,20,stable,0.259,persistent,2026-07-16,neutral,0.375,40.23112924854081
TKO,"TKO Group Holdings, Inc.",Communication Services,35893108736.0,67.010605,40.38107,4.150671,1.65,1.278,59.216,0.07063,0.0126100449921304,0.0433,0.182,0.144,856147520.0,23195256832.0,1620128000.0,835015000.0,4735151000.0,4953576960.0,592484992.0,45.689,15495821000.0,2329061000.0,,1847163000.0,195403000.0,1285725000.0,0.5980797655660822,,77767155.0,0.0006225605954347,0.4627912504726937,1.2608854768095723,1.0811299815460962,0.262201983360546,0.2040339782561712,0.3055760001357785,0.3232074814207881,81203161.0,202724000.0,189.64,[],{},0.0238526990319259,14.316928558731162,27.77825168649665,0.0359993858247786,0.0149230110666811,,0.0611792749147938,1.0,20,20,0.3175,5.0,22.0,0.3500272727272727,0.3500272727272727,0.2272727272727272,0.0,1.0,0.2272727272727272,22.0,4,5,"quality,dividend,garp,risk",0.4800033333333333,True,1.0,0.3463,hold,2,4,stable,0.2655,persistent,2026-09-06,neutral,0.5,49.812475726280645
MAR,"Marriott International, Inc.",Consumer Cyclical,85810364416.0,34.34969,25.011269,-19.038996,0.88,0.535,,,0.0944444444444444,0.35029998,0.111,0.043,2060375040.0,103122362368.0,4814000128.0,4139000000.0,26186000000.0,17774000128.0,462000000.0,-17.284,27540000000.0,3584000000.0,,8398000000.0,2601000000.0,3212000000.0,0.1994195371572596,,265864771.0,0.0907111756168359,0.1980876494023904,0.426768278161467,0.4029367556942999,0.6202977487291212,0.582117485295241,0.9508351488743646,0.95867389809793,276671710.0,809000000.0,329.07,[],{},0.0240107946635852,21.42134599627497,24.91480124861077,0.0401367841557941,0.0291123442453192,,0.2162260996761049,0.9,18,20,0.3609528331750554,5.0,22.0,0.4233272727272727,0.4233272727272727,0.2272727272727272,0.0,1.0,0.2272727272727272,22.0,5,5,"cheapness,quality,dividend,garp,risk",0.45468,True,0.7,0.3409,hold,2,8,stable,0.3158,persistent,2026-07-26,neutral,0.625,31.219120077751498
WSM,"Williams-Sonoma, Inc.",Consumer Cyclical,26351912960.0,23.30625,21.279955,14.089421,1.34,1.447,71.369,0.54960996,0.2011187543330342,0.14729,0.067,0.42,1069320128.0,26850922496.0,1659699968.0,1415722000.0,7806816000.0,1527945984.0,1028936000.0,15.88,5411912000.0,2713187000.0,,1954130000.0,1088437000.0,1314889000.0,0.4615263123916331,,118770000.0,0.2122471544948541,0.464537373269493,1.388437309697922,1.4407146749903503,0.2692033795080186,0.2541333222172069,1.442524564331423,1.4545667002476796,123125000.0,,223.74,[],{},0.040578463112835,16.17817859474707,18.966239484870616,0.0527252648474517,0.0429069455618128,,0.4094306697183339,1.0,20,20,0.387556317498178,9.0,22.0,0.5374818181818183,0.5374818181818183,0.4090909090909091,0.0,1.0,0.4090909090909091,22.0,5,5,"cheapness,quality,dividend,garp,risk",0.6784733333333334,True,1.0,0.3404,hold,2,20,stable,0.364,persistent,2026-07-16,neutral,0.625,38.95091839338393
SHW,The Sherwin-Williams Company,Basic Materials,77061144576.0,29.584345,23.317036,19.873537,1.0,0.727,389.958,0.65124,0.0991633753769057,0.11013,0.075,0.143,2506037504.0,91346395136.0,4709100032.0,3796700000.0,23574300000.0,15031700480.0,293500000.0,15.973,25901700000.0,6007400000.0,,6920300000.0,2568500000.0,3451600000.0,0.4884768582736284,,247701463.0,0.1134619127814967,0.4846678355737385,0.8680837535944973,0.7932204385565527,0.4996814880876545,0.5041044997164933,0.9101448939644888,0.9773998629012466,251291100.0,465000000.0,317.44,[],{},0.0325201178595066,19.397845557594646,24.059418741538703,0.0415637638939919,0.0338016609798188,,0.2000221269242521,1.0,20,20,0.4108333333333334,5.0,22.0,0.4078409090909091,0.4078409090909091,0.2272727272727272,0.0,1.0,0.2272727272727272,22.0,5,5,"cheapness,quality,dividend,garp,risk",0.4994683333333333,True,0.8,0.3383,hold,2,13,stable,0.3746,persistent,2026-07-25,neutral,0.5,31.83785037214433
JNJ,Johnson & Johnson,Healthcare,641876492288.0,30.97093,21.393576,7.5487475,2.01,1.089,57.709,0.25742,0.1345514783394407,0.21482,0.066,-0.009,16885125120.0,670154489856.0,34872000512.0,25596000000.0,94193000000.0,49036001280.0,20757999616.0,35.284,199210000000.0,55624000000.0,,54126000000.0,26804000000.0,24530000000.0,0.6787871710212011,,2407939000.0,0.078099320392662,0.6907150336069173,1.027676163027011,1.1107291190556627,0.2406154309522614,0.2034046995069515,0.472832689122032,0.4931650601874472,2406922000.0,971000000.0,266.35,[],{},0.0263058786586998,19.217552191345877,26.182000697609,0.0381941781894201,0.0322883426490583,,0.1764219348791045,1.0,20,20,0.372983735257187,4.0,22.0,0.4332545454545455,0.4332545454545455,0.1818181818181818,0.0,1.0,0.1818181818181818,22.0,4,5,"cheapness,quality,garp,risk",0.5539316666666666,True,0.9,0.3382,hold,2,8,stable,0.2845,persistent,2026-07-26,neutral,0.5,50.141322631998506
EBAY,eBay Inc.,Consumer Cyclical,46738350080.0,21.745342,15.599542,10.019078,1.2,1.019,153.012,0.46611,0.1153321976149914,0.18571,0.148,0.55,1579624960.0,50569351168.0,3096000000.0,2277000000.0,11100000000.0,7137999872.0,3307000064.0,10.483,17610000000.0,5086000000.0,,4637000000.0,2031000000.0,1959000000.0,0.7145045045045045,,449000000.0,0.101988122902143,0.7199260916075075,1.096829846883761,1.2408986552968186,0.4077228847245883,0.4060418280402788,0.6303236797274276,0.5310095533178415,471000000.0,246000000.0,105.03,[],{},0.0337971913278116,16.333769757105944,22.208762041282387,0.0450272733861152,0.0459868600824949,,0.1755183843366993,1.0,20,20,0.3794043596369177,7.0,22.0,0.4957045454545454,0.4957045454545454,0.3181818181818182,0.0,1.0,0.3181818181818182,22.0,5,5,"cheapness,quality,dividend,garp,risk",0.63547,True,0.8,0.3345,hold,2,20,stable,0.357,persistent,2026-07-16,neutral,0.625,48.66189269107362
WTW,Willis Towers Watson Public Limited Company,Financial Services,29292738560.0,19.421799,13.798996,3.8156128,1.22,1.098,91.39,0.19761999,0.0543515069420927,0.15492,0.091,-0.268,1415624960.0,34814738432.0,2816000000.0,2257000000.0,9708000000.0,7101000192.0,1660999936.0,82.663,29530000000.0,16874000000.0,,14004000000.0,1605000000.0,1775000000.0,0.4205809641532756,,95079835.0,-0.0035403345254867,0.4459214501510574,1.2049414453013425,1.198999841244642,0.2337622756518794,0.214262490516961,0.3287504232983406,0.3587298146743253,99805780.0,260000000.0,315.41,[],{},0.0483268219221084,12.363188363636365,15.425227484271156,0.0648288656371313,0.0514885361546579,,0.1453690583537292,1.0,20,20,0.3603385148525813,6.0,22.0,0.50055,0.50055,0.2727272727272727,0.0,1.0,0.2727272727272727,22.0,5,5,"cheapness,quality,dividend,garp,risk",0.589675,True,0.9,0.334,hold,2,20,stable,0.3472,persistent,2026-07-16,neutral,0.5,39.439362421051264
DHR,Danaher Corporation,Healthcare,140969787392.0,36.526413,21.567282,2.6806674,0.78,1.651,52.97,0.07605,0.0433001054346784,0.15948,0.055,0.597,4325125120.0,164490788864.0,8028000256.0,4690000000.0,24568000000.0,27857999872.0,4348000256.0,74.806,83464000000.0,12756000000.0,,6807000000.0,3614000000.0,6416000000.0,0.5911348095083034,,706900000.0,0.0502824275876299,0.5950157068062827,1.873953283384751,1.3970285378052367,0.2359819802549602,0.2211188775115421,0.2943544522189207,0.3078976554641355,719100000.0,265000000.0,200.53,[],{},0.0306812204233022,20.489634232517894,35.07266287078891,0.0285122348332687,0.0273774487519483,,0.061181627248653,1.0,20,20,0.334025378963486,5.0,22.0,0.4005545454545455,0.4005545454545455,0.2272727272727272,0.0,1.0,0.2272727272727272,22.0,3,5,"dividend,garp,risk",0.540215,True,1.0,0.3334,hold,2,13,stable,0.2002,persistent,2026-07-25,neutral,0.5,41.84954606631407
WY,Weyerhaeuser Company,Real Estate,15848984576.0,34.359375,32.70083,1.67978,3.72,1.816,57.625,0.04974,0.0195027990128212,0.06888,-0.009,0.871,13625000.0,20770983936.0,688000000.0,447000000.0,6905000000.0,5448999936.0,527000000.0,13.091,16613000000.0,1652000000.0,,1278000000.0,324000000.0,562000000.0,0.1484431571325126,,720531000.0,0.0239477503628447,0.1843065693430657,1.2926447574334898,1.789150460593654,0.3369048335640763,0.3087203676826318,0.4156383555047252,0.4308176100628931,725845000.0,273000000.0,21.99,[],{},0.0008596765259417,30.19038362790697,46.467525583892616,0.0215204056474794,0.0291041382446566,,0.0291490055428757,1.0,20,20,0.3392428388980113,4.0,22.0,0.3705,0.3705,0.1818181818181818,0.0,0.9252,0.1818181818181818,22.0,2,5,"dividend,garp",0.5307216666666666,False,0.63335,0.3311,hold,2,4,stable,0.1341,persistent,2026-09-06,neutral,0.625,28.835518520620226
AME,"AMETEK, Inc.",Industrials,53702156288.0,34.599705,24.425392,4.7689238,0.58,1.214,20.522,0.14562,0.0921199961935686,0.20044,0.15,0.142,1492221312.0,55517650944.0,2500681984.0,1910317000.0,7401116000.0,2310944000.0,495446016.0,49.118,16067543000.0,3019842000.0,,2842752000.0,1480142000.0,1801763000.0,0.3604103759487083,,229037304.0,0.0940542754991074,0.3567789626547648,1.062295268809942,1.240373641883801,0.1459116680129625,0.1458842420588539,0.4606252492991616,0.4744104862707826,230699421.0,81254000.0,234.24,[],{},0.0277869906004769,22.201004085771828,29.062009574327192,0.0344091828007441,0.0289019805226663,,0.1444496930046002,1.0,20,20,0.3373193090577599,4.0,22.0,0.4165454545454546,0.4165454545454546,0.1818181818181818,0.0,1.0,0.1818181818181818,22.0,4,5,"quality,dividend,garp,risk",0.490545,True,0.9,0.3295,hold,2,13,stable,0.2667,persistent,2026-07-25,neutral,0.625,40.64730268991465
NEE,"NextEra Energy, Inc.",Utilities,171968053248.0,18.567568,18.784992,3.0100775,3.02,0.534,161.676,0.11677,0.0321312893414378,0.32401,0.124,0.531,-17766875136.0,290317598720.0,14593000448.0,8020000000.0,27412000000.0,110196998144.0,2865999872.0,27.388,212721000000.0,13584000000.0,,22817000000.0,6835000000.0,12485000000.0,0.6226834962790019,,2083000000.0,0.0365302086839448,0.60061406698178,0.5953455756672656,0.4713468743837507,0.4495042802544177,0.4330034079434534,0.1288636288847833,0.1301802844160215,2057000000.0,4572000000.0,82.44,[],{},-0.1033149750807371,19.89430479047156,36.19920183541147,0.0276249184870634,0.0538573495462625,,0.0422318645210211,1.0,20,20,0.3831182795698925,4.0,22.0,0.4099727272727273,0.4099727272727273,0.1818181818181818,0.0,1.0,0.1818181818181818,22.0,2,5,"dividend,garp",0.5584016666666667,False,0.43335,0.3267,hold,2,4,stable,0.142,persistent,2026-09-06,neutral,0.5,38.7161223359393
TT,Trane Technologies plc,Industrials,96772792320.0,33.119728,25.093796,11.236779,0.95,1.073,53.404,0.36643,0.1362513830080249,0.13278,0.106,0.071,3121687552.0,100093493248.0,4308400128.0,3967400000.0,21321900000.0,4616800256.0,1318300032.0,39.142,21420700000.0,7863000000.0,,6286700000.0,2918600000.0,3194500000.0,0.3616094250512384,,221471958.0,0.1274600803109194,0.3569124214898529,1.250735680086532,1.2090823707755936,0.2154504754746577,0.2367782316706954,0.9953876390594144,0.9846873185186656,224473947.0,226700000.0,439.83,[],{},0.0322579051111542,23.2321720996848,25.22898957705298,0.0396369421353897,0.030193484680792,,0.2621514470728162,1.0,20,20,0.3678591797424455,8.0,22.0,0.4695727272727272,0.4695727272727272,0.3636363636363636,0.0,1.0,0.3636363636363636,22.0,5,5,"cheapness,quality,dividend,garp,risk",0.5796766666666666,True,1.0,0.3211,hold,2,20,stable,0.3445,persistent,2026-07-16,neutral,0.5,38.382755189654986
APP,AppLovin Corporation,Communication Services,105649618944.0,23.469402,14.992284,33.335804,,4.3,111.13,2.03686,0.4592208121372911,0.64575994,0.528,0.57,3179956224.0,105706160128.0,5414905856.0,4151914000.0,5480717000.0,3515072000.0,3053306112.0,9.434,7259610000.0,4430792000.0,,1333788000.0,3333764000.0,3971094000.0,0.8786399662671873,,338313000.0,0.2691634497642717,0.8385224459361463,3.3219612112269714,2.186525978938449,0.4882825661433603,0.6056318182584889,0.7549602526857503,0.5493126133980456,340041739.0,207016000.0,314.49,[],{},0.0300990789724054,19.521329260207175,25.459621786000383,0.0392778812036349,0.0426086697905639,,0.700647775110356,0.95,19,20,0.392156862745098,6.0,22.0,0.4233090909090909,0.4233090909090909,0.2727272727272727,0.0,1.0,0.2727272727272727,22.0,4,5,"cheapness,quality,garp,risk",0.5131300000000001,True,0.9,0.3177,hold,2,20,stable,0.2697,persistent,2026-07-16,accumulate,0.75,41.449127498647854
AON,Aon plc,Financial Services,65285844992.0,16.808847,15.130754,6.797941,1.08,1.033,163.481,0.44699,0.0727591367359798,0.22268,0.022,-0.03,3190874880.0,80174841856.0,5900000256.0,4709000000.0,17181000000.0,15873999872.0,1096999936.0,45.274,50784000000.0,25774000000.0,,23226000000.0,3695000000.0,3481000000.0,0.4770385891391653,,214500000.0,0.0542019810068416,0.4723531660084087,1.109704641350211,1.0190041313328984,0.3164579395085066,0.3654038598999285,0.3383152173913043,0.3205963443275809,216000000.0,815000000.0,307.77,[],{},0.0488754473560234,13.58895565715718,17.02587425270758,0.0587341351849214,0.0594924803587063,,0.1708759706800203,1.0,20,20,0.3773250960463237,7.0,22.0,0.4985181818181818,0.4985181818181818,0.3181818181818182,0.0,1.0,0.3181818181818182,22.0,5,5,"cheapness,quality,dividend,garp,risk",0.595045,True,0.9,0.3164,hold,2,23,stable,0.3469,persistent,2026-07-16,accumulate,0.75,30.627297532093436
TJX,"The TJX Companies, Inc.",Consumer Cyclical,139058708480.0,23.367838,21.89652,13.428936,1.52,1.147,134.419,0.62171,0.1536052786087734,0.09729,0.054,0.236,4398125056.0,147371720704.0,8903000064.0,7178000000.0,60372000000.0,14316999680.0,6003999744.0,9.414,35767000000.0,15202000000.0,,13361000000.0,5494000000.0,6874000000.0,0.3096302921884317,,1107087991.0,0.1532016756433273,0.3060326472675656,1.1377890876431405,1.180141715116279,0.3771353482260184,0.4024693691139878,1.687924623256074,1.775174021229015,1119333622.0,74000000.0,126.42,[],{},0.0316278290232542,16.55304050821132,20.531028239621065,0.0487067665744176,0.0427938605188892,,0.3203606176916897,1.0,20,20,0.3597644603458557,7.0,22.0,0.4862772727272727,0.4862772727272727,0.3181818181818182,0.0,1.0,0.3181818181818182,22.0,5,5,"cheapness,quality,dividend,garp,risk",0.60632,True,0.9,0.3065,hold,2,13,stable,0.3331,persistent,2026-07-25,accumulate,0.75,18.52781172617503
AWK,"American Water Works Company, Inc.",Utilities,27790262272.0,24.32,21.29808,2.3823638,2.55,0.523,137.745,0.10095,0.0313469894475481,0.21347,0.062,0.086,-1785374976.0,43631263744.0,2912999936.0,1879000000.0,5140000000.0,16067999744.0,227000000.0,58.698,35442000000.0,2191000000.0,,4747000000.0,1111000000.0,2059000000.0,0.6071984435797665,,195177162.0,0.0320134023758757,0.60333048676345,0.4615546661049083,0.3857142857142857,0.4491281530387676,0.4297898263783125,0.1450256757519327,0.1426743831861102,194920485.0,615000000.0,139.84,[],{},-0.064244624916651,14.978120392241577,23.22047032676956,0.043065449834888,0.0411184210526315,,0.0612151816256719,1.0,20,20,0.3402150537634408,4.0,22.0,0.4080727272727273,0.4080727272727273,0.1818181818181818,0.0,1.0,0.1818181818181818,22.0,4,5,"cheapness,quality,dividend,garp",0.51037,False,0.53335,0.3063,hold,2,7,stable,0.2586,persistent,2026-08-02,neutral,0.5,58.12321710843038
ICE,"Intercontinental Exchange, Inc.",Financial Services,87470874624.0,22.069405,17.70391,2.9578936,1.33,1.012,69.226,0.14094,0.0242170549431282,0.38246,0.048,0.142,3633625088.0,107031871488.0,6713999872.0,4999000000.0,12640000000.0,20526999552.0,1067000000.0,52.676,136887000000.0,85778000000.0,,84116000000.0,3315000000.0,4662000000.0,0.5615506329113924,,567000000.0,0.0197521301316808,0.554544681574696,1.0197584288363688,0.9948857101381304,0.1481440896505877,0.1484852396936053,0.0923389364950652,0.0843517801302464,574176497.0,803000000.0,155.81,[],{},0.0415409712503665,15.941595699809987,21.410656428885776,0.0467057141999097,0.0453115976620121,,0.0947300600708722,1.0,20,20,0.3164993744533387,6.0,22.0,0.49585,0.49585,0.2727272727272727,0.0,1.0,0.2727272727272727,22.0,5,5,"cheapness,quality,dividend,garp,risk",0.6008950000000001,True,0.9,0.3056,hold,2,20,stable,0.311,persistent,2026-07-16,neutral,0.375,48.834183623956925
A,"Agilent Technologies, Inc.",Healthcare,40354947072.0,28.566864,21.1799,5.4807944,0.7,2.05,56.336,0.20971,0.1023807653021136,0.19533001,0.081,0.085,1060374976.0,42739658752.0,2080000000.0,1479000000.0,6948000000.0,4148000000.0,1758000000.0,26.113,12727000000.0,4594000000.0,,2347000000.0,1303000000.0,1559000000.0,0.5243235463442717,,283054377.0,0.1088131014688502,0.543010752688172,1.957392415850021,2.0891820580474936,0.2635342185903984,0.2861725476954246,0.5459259841282313,0.5495525915920986,285193011.0,112000000.0,143.12,[],{},0.026276207824238,20.54791286153846,28.89767326031102,0.0346048621628451,0.0350055924934567,,0.1424855491329479,1.0,20,20,0.3504867329219308,5.0,22.0,0.4353681818181819,0.4353681818181819,0.2272727272727272,0.0,1.0,0.2272727272727272,22.0,4,5,"quality,dividend,garp,risk",0.535355,True,1.0,0.3043,hold,2,23,stable,0.2619,persistent,2026-07-16,neutral,0.625,40.656562828842475
SLB,SLB N.V.,Energy,83126861824.0,27.865671,17.315094,3.1881828,2.07,1.439,47.002,0.12909001,0.0614930378362615,0.08527,0.05,-0.297,2955124992.0,92992864256.0,7383000064.0,5458000000.0,35708000000.0,12810000384.0,4124000000.0,17.568,54868000000.0,19513000000.0,,14721000000.0,3374000000.0,6489000000.0,0.1822280721406967,,1495331485.0,0.0911617451721671,0.2055719363994599,1.3255213640377692,1.4495355553820934,0.2120726106291463,0.2467354654133033,0.6507982795071808,0.7415755594155512,1400850420.0,558000000.0,56.01,[],{},0.0355495796082946,12.595538866299,17.037901109563943,0.058692675439856,0.0358864496749423,,0.1359503823448825,1.0,20,20,0.3023809523809524,5.0,22.0,0.4698454545454545,0.4698454545454545,0.2272727272727272,0.0,1.0,0.2272727272727272,22.0,4,5,"cheapness,quality,garp,risk",0.56589,True,1.0,0.3024,hold,2,7,stable,0.2419,persistent,2026-08-02,neutral,0.375,56.01108645097004
ROK,"Rockwell Automation, Inc.",Industrials,46887505920.0,39.82703,28.379688,13.39213,1.3,1.075,103.347,0.30629,0.0774578839468758,0.13385001,0.079,0.404,1303874944.0,49928581120.0,2092000000.0,1423000000.0,8342000000.0,3612999936.0,479000000.0,31.464,11219000000.0,3911000000.0,,3445000000.0,869000000.0,1544000000.0,0.4814193239031407,,112434397.0,0.084846866096866,0.4659970958373668,1.135268505079826,1.0768590455049944,0.3250735359657724,0.3636930199430199,0.7435600320884215,0.7357549857549858,113067383.0,156000000.0,421.37,[],{},0.0278085796720492,23.866434569789675,35.086845481377374,0.0285007097754273,0.0251085757587246,,0.1830460509390275,1.0,20,20,0.3290676983810989,5.0,22.0,0.3953409090909091,0.3953409090909091,0.2272727272727272,0.0,1.0,0.2272727272727272,22.0,4,5,"quality,dividend,garp,risk",0.5209383333333333,True,0.9,0.3,hold,2,8,stable,0.2516,persistent,2026-07-26,neutral,0.625,39.486153847586316
WAB,Westinghouse Air Brake Technologies Corporation,Industrials,47340642304.0,37.721397,22.525723,4.2262797,0.44,1.121,61.686,0.11553001,0.0530155421632153,0.10593,0.175,0.189,1101374976.0,53646643200.0,2651000064.0,1793000000.0,11167000000.0,6936000000.0,660000000.0,66.316,22069000000.0,5694000000.0,,5150000000.0,1170000000.0,1759000000.0,0.3408256469956121,,170600000.0,0.0564645492460699,0.3240589198036006,1.105631067961165,1.3035337552742616,0.251076170193484,0.2128114640145439,0.5060038968689111,0.5553951449042883,171300000.0,225000000.0,280.27,[],{},0.0232648929629529,20.236379443557794,29.92004640267708,0.0334224080585157,0.0265101528450815,,0.1059755304687038,1.0,20,20,0.2906136097758196,4.0,22.0,0.3322181818181818,0.3322181818181818,0.1818181818181818,0.0,1.0,0.1818181818181818,22.0,3,5,"dividend,garp,risk",0.423975,True,1.0,0.2974,hold,2,13,stable,0.1764,persistent,2026-07-25,neutral,0.625,40.49769102050897
NVDA,NVIDIA Corporation,Technology,5272738725888.0,28.248383,14.026631,23.026468,0.45,4.589,16.971,1.17211,0.5805863551302447,0.63663,1.059,1.278,41809874944.0,5238867099648.0,201266003968.0,130387000000.0,215938000000.0,38860001280.0,62469001216.0,9.483,206803000000.0,125605000000.0,,32163000000.0,120067000000.0,102718000000.0,0.7106808435754708,,24304000000.0,0.6530407433625147,0.7498869705816992,3.905263812455306,4.439851498864077,0.053384138527971,0.0894436429781095,1.0441724733200195,1.169317479234057,24477000000.0,259000000.0,218.36,[],{},0.0079294418171571,26.02956781752842,40.17936680534103,0.0248883961971016,0.0354002563615765,,0.7466044434264774,1.0,20,20,0.3602991927189032,6.0,22.0,0.4615409090909091,0.4615409090909091,0.2727272727272727,0.0,1.0,0.2727272727272727,22.0,5,5,"cheapness,quality,dividend,garp,risk",0.5704783333333333,True,0.66665,0.2969,hold,2,20,stable,0.3286,persistent,2026-07-16,neutral,0.5,50.00091138192469
PH,Parker-Hannifin Corporation,Industrials,117771198464.0,33.333572,23.859833,7.648682,0.84,1.262,56.66,0.25076,0.1181461929591605,0.16968,0.098,0.193,2961750016.0,126012194816.0,5664000000.0,4634000000.0,21499000000.0,8732999680.0,501000000.0,122.157,30877000000.0,7695000000.0,,6096000000.0,3648000000.0,4364000000.0,0.3768547374296478,,126100000.0,0.119719264935241,0.3685138539042821,1.2623031496062993,1.1943632926619694,0.2759335427664605,0.3148097918220655,0.696278783560579,0.6730182409981691,126646128.0,401000000.0,934.34,[],{},0.0251483389370902,22.247915751412428,27.192963922313336,0.0367742186124641,0.0299997852015379,,0.1869981033856583,1.0,20,20,0.328173770912663,7.0,22.0,0.4437272727272727,0.4437272727272727,0.3181818181818182,0.0,1.0,0.3181818181818182,22.0,5,5,"cheapness,quality,dividend,garp,risk",0.5566716666666667,True,1.0,0.2963,hold,2,13,stable,0.3122,persistent,2026-07-25,neutral,0.5,34.143387430302624
CHD,"Church & Dwight Co., Inc.",Consumer Defensive,22282936320.0,30.500002,23.254202,5.1235347,1.29,1.147,55.851,0.17041,0.0826713343207216,0.119569995,0.016,0.09,939262528.0,24456435712.0,1354800000.0,1077600000.0,6203200000.0,2428300032.0,254800000.0,18.335,8912400000.0,1597000000.0,,1497700000.0,736800000.0,1215400000.0,0.447317513541398,,236553877.0,0.0658891603156555,0.4568616855790801,1.066301662549242,1.702712972110343,0.2474193258830393,0.2481791266562348,0.6960190296665321,0.6874964820839572,245879841.0,95200000.0,93.94,[],{},0.0421516497875985,18.051694502509594,22.695281841128438,0.0440620216571974,0.032786883095942,,0.1453329197405154,1.0,20,20,0.3250977517106549,6.0,22.0,0.4499681818181818,0.4499681818181818,0.2727272727272727,0.0,1.0,0.2727272727272727,22.0,5,5,"cheapness,quality,dividend,garp,risk",0.550265,True,0.9,0.2955,hold,2,13,stable,0.3103,persistent,2026-07-25,neutral,0.5,31.400218027313826
SRE,Sempra,Utilities,54927630336.0,24.63343,15.173492,1.6801344,3.09,1.642,84.663,0.06679,0.0165677591587149,0.16824,-0.001,0.713,-27657750528.0,102164627456.0,5873999872.0,3080000000.0,13702000000.0,36664000512.0,48000000.0,49.996,110878000000.0,34837000000.0,,21894000000.0,1837000000.0,4565000000.0,0.4661363304627062,,652731668.0,0.029764442826686,0.4620401971937808,1.5911665296428246,0.5461967755270773,0.3158516567759158,0.3728147262232853,0.1235772651021843,0.1371223545317456,650629876.0,1532000000.0,84.0,[],{},-0.5035307432491384,17.39268465819946,33.17033358961039,0.0301474206552212,0.0405952398833617,,0.0346129641283826,1.0,20,20,0.2729032258064516,5.0,22.0,0.4260772727272728,0.4260772727272728,0.2272727272727272,0.0,1.0,0.2272727272727272,22.0,3,5,"quality,dividend,garp",0.5816383333333334,False,0.53335,0.2955,hold,2,6,stable,0.1705,persistent,2026-08-16,neutral,0.625,44.556569910639865
CDNS,"Cadence Design Systems, Inc.",Technology,78473232384.0,56.5377,29.857615,11.442856,,1.743,38.661,0.23229,0.1092161761061692,0.23605,0.242,1.254,1609676544.0,79592759296.0,2155915008.0,1649781000.0,5296759000.0,2651358976.0,1531835008.0,24.902,10153148000.0,4669673000.0,,1635291000.0,1108888000.0,1728781000.0,0.8636432203164237,,271799000.0,0.1176094620280034,0.8604901595772186,2.855560875709583,2.9312198700099628,0.2576973171276534,0.2880473769962433,0.5216863774663779,0.5171623275861492,273851000.0,116541000.0,284.95,[],{},0.0205124281885475,36.91831960010179,48.24443928982089,0.0207277774334293,0.01768731306721,,0.1936849843804609,0.95,19,20,0.3163665626667298,5.0,22.0,0.3822181818181818,0.3822181818181818,0.2272727272727272,0.0,1.0,0.2272727272727272,22.0,3,5,"quality,garp,risk",0.4846066666666667,True,1.0,0.2917,hold,2,13,stable,0.1733,persistent,2026-07-25,accumulate,0.75,29.0124519156561
ROL,"Rollins, Inc.",Consumer Cyclical,16628385792.0,31.418182,26.572966,11.632447,2.11,0.629,78.015,0.37008998,0.1677125115784855,0.1355,0.079,0.031,501737504.0,17634603008.0,865038016.0,726068000.0,3761050000.0,1115303040.0,109085000.0,2.971,3140523000.0,472682000.0,,785525000.0,526705000.0,678107000.0,0.5275239627231757,,481193751.0,0.1654005131760704,0.526900222739758,0.6017402374208332,0.6860648953286151,0.330519789219821,0.2881616628748854,1.197587153477303,1.2017994854053364,484372303.0,28558000.0,34.56,[],{},0.0301735544433536,20.385928342830194,24.2878118964064,0.0411729143928341,0.0318287035195098,,0.3083093913455553,1.0,20,20,0.3123666600410786,6.0,22.0,0.4651454545454546,0.4651454545454546,0.2727272727272727,0.0,1.0,0.2727272727272727,22.0,5,5,"cheapness,quality,dividend,garp,risk",0.584185,True,0.9,0.2889,hold,2,8,stable,0.3006,persistent,2026-07-26,accumulate,0.75,29.015267173334394
ARES,Ares Management Corporation,Financial Services,43339890688.0,61.61793,18.16003,11.842082,4.02,0.544,172.378,0.14941,0.0184177419010665,0.10628,0.058,0.065,2159716096.0,48851607552.0,1430315008.0,892716000.0,5601482000.0,14872607744.0,1852358016.0,11.031,28633369000.0,8869165000.0,,7488517000.0,527362000.0,3266959000.0,0.5419738919093197,,221955340.0,0.01863592107926,0.5542227476915688,1.1843686807414606,2.80992072826306,0.4967025011971172,0.5283637784904447,0.1956277656324689,0.1561136841739782,203362482.0,767460000.0,130.63,[],{},0.0498320614499838,34.15443960160138,54.72245098329144,0.0182740352822524,0.0162290424232037,,0.0422190706276875,1.0,20,20,0.2876855050320523,4.0,22.0,0.3555045454545455,0.3555045454545455,0.1818181818181818,0.0,1.0,0.1818181818181818,22.0,3,5,"dividend,garp,risk",0.492805,True,0.7,0.2886,hold,2,4,stable,0.1729,persistent,2026-09-06,neutral,0.5,38.95261683636796
AAPL,Apple Inc.,Technology,4766021713920.0,36.085083,34.107845,44.370926,0.34,1.003,78.445,1.4875101,0.3117962593356549,0.27618998,0.164,0.287,107721875456.0,4787966312448.0,167959003136.0,133050000000.0,416161000000.0,84343996416.0,62399000576.0,7.36,359241000000.0,147957000000.0,,165631000000.0,112010000000.0,111482000000.0,0.4690516410716045,,14773260000.0,0.2568250315085758,0.4620634981523393,0.8932929222186667,0.8673125765340832,0.2746262258483859,0.2921502548084826,1.1584451663368045,1.0713874732862074,15116786000.0,,326.57,[],{},0.0226020530165398,28.50675595264805,35.98621805673055,0.027788416065938,0.0277122821083714,,0.6872062393471412,1.0,20,20,0.3559554985396008,6.0,22.0,0.3932636363636364,0.3932636363636364,0.2727272727272727,0.0,1.0,0.2727272727272727,22.0,5,5,"cheapness,quality,dividend,garp,risk",0.4817933333333333,True,0.9,0.2843,hold,2,23,stable,0.3201,persistent,2026-07-16,neutral,0.625,58.99282689956304
AVGO,Broadcom Inc.,Technology,1722468794368.0,46.498707,18.614923,17.25056,0.71,2.504,59.604,0.44245,0.1351670446309587,0.42944,0.855,2.153,30497124352.0,1755159724032.0,52058001408.0,26075000000.0,63887000000.0,59419000832.0,23975000064.0,20.917,171092000000.0,31573000000.0,,18514000000.0,23126000000.0,27537000000.0,0.6776652527118193,,4741000000.0,0.0355881553925563,0.6303369915073487,1.7053581073782005,1.1735641133137689,0.3807074556379024,0.4078964049624196,0.373407289645337,0.3113525913851912,4686000000.0,3210000000.0,360.83,[],{},0.0177054727793718,33.715464992136184,67.31197407601151,0.0148561977824444,0.0215059743489211,,0.1708961973547955,1.0,20,20,0.3291901742325272,7.0,22.0,0.4642909090909091,0.4642909090909091,0.3181818181818182,0.0,1.0,0.3181818181818182,22.0,4,5,"quality,dividend,garp,risk",0.6396033333333333,True,1.0,0.284,hold,2,20,stable,0.2453,persistent,2026-07-16,neutral,0.625,41.40152417571614
SCHW,The Charles Schwab Corporation,Financial Services,185609601024.0,19.40868,13.7526045,4.221768,1.2,0.655,151.106,0.20273,0.0180286968299066,0.38793,0.209,0.426,,171241603072.0,,,23921000000.0,75775000576.0,96355999744.0,25.423,490995000000.0,,,,8852000000.0,9311000000.0,,,1758325075.0,0.0123832170105638,,,,0.0630373018055173,0.0940599321027919,0.0487194370614772,0.040859197695913,1831211681.0,3754000000.0,107.33,[],{},,,,,0.0515233390421192,,,0.8,16,20,0.341559548720674,5.0,22.0,0.4520590909090909,0.4520590909090909,0.2272727272727272,0.0,1.0,0.2272727272727272,22.0,3,5,"quality,dividend,garp",0.56949,False,0.53335,0.2817,hold,2,20,stable,0.1496,persistent,2026-07-16,neutral,0.625,48.13534318998746
FCX,Freeport-McMoRan Inc.,Basic Materials,102258810880.0,37.282722,17.2197,5.0853386,0.79,2.066,32.149,0.14755,0.03789090033868,0.113850005,-0.073,0.281,2159249920.0,120650809344.0,9553999872.0,6502000000.0,25915000000.0,10359000064.0,4080000000.0,14.003,58167000000.0,13790000000.0,,6019000000.0,2204000000.0,5610000000.0,0.2815743777734902,,1433000000.0,0.0344406359393232,0.3009231978000393,2.291078252201362,2.4192139737991267,0.1803771898155311,0.1775452158693115,0.4455275327935084,0.4641007876312719,1436927710.0,369000000.0,71.21,[],{},0.0211155391053184,12.628303428974547,18.555953451860965,0.0538910599551924,0.026822075920315,,0.124683592851116,1.0,20,20,0.3091666666666666,5.0,22.0,0.4412636363636363,0.4412636363636363,0.2272727272727272,0.0,1.0,0.2272727272727272,22.0,4,5,"cheapness,dividend,garp,risk",0.5165083333333333,True,1.0,0.2817,hold,2,15,stable,0.2363,persistent,2026-07-16,neutral,0.375,48.45907119239999
GOOG,Alphabet Inc.,Communication Services,4040648556544.0,16.478306,22.212841,6.491473,0.27,2.724,18.859,0.48676,0.2220295961067126,0.54771,0.242,2.94,22665000960.0,3937009664000.0,173164003328.0,129039000000.0,402836000000.0,120790999040.0,242473992192.0,50.896,595281000000.0,206038000000.0,,102745000000.0,132170000000.0,164713000000.0,0.5965231508603998,,12088000000.0,0.2223579474787676,0.5820043540617911,2.005333592875566,1.8369313974102917,0.0996017007094128,0.0501359226751003,0.6767157023321759,0.7773755374720159,12211000000.0,736000000.0,330.39,[],{},0.005609248278545,22.73572791305062,30.510230736444026,0.0327758910982444,0.0606858496255622,,0.2619889713645297,1.0,20,20,0.3541666666666666,8.0,22.0,0.5630681818181817,0.5630681818181817,0.3636363636363636,0.0,1.0,0.3636363636363636,22.0,5,5,"cheapness,quality,dividend,garp,risk",0.7062983333333334,True,0.83335,0.2812,hold,2,23,stable,0.3177,persistent,2026-07-16,neutral,0.5,41.12439924989232
ODFL,"Old Dominion Freight Line, Inc.",Industrials,37548675072.0,34.99031,27.147926,8.237522,0.64,1.889,0.44,0.24818,0.187143154862015,0.19443001,0.104,0.323,970776000.0,37174296576.0,1793243008.0,1361045000.0,5496389000.0,19997000.0,283939008.0,21.918,5470160000.0,694833000.0,,483906000.0,1023703000.0,1370133000.0,0.3302830276386915,,208556788.0,0.2159875587168652,0.3478691479171288,1.4358842419808806,1.333292015784537,0.0073114863184989,0.0109238180826547,1.0047949237316642,1.0588948709754078,212984747.0,296000.0,180.55,[],{},0.0258538017157336,20.730205783688184,27.31305473073998,0.036612528692169,0.0285793409661131,,0.2729594200375673,1.0,20,20,0.3038172114502163,6.0,22.0,0.4629681818181818,0.4629681818181818,0.2727272727272727,0.0,1.0,0.2727272727272727,22.0,5,5,"cheapness,quality,dividend,garp,risk",0.5559116666666667,True,1.0,0.273,hold,2,13,stable,0.2884,persistent,2026-07-25,accumulate,0.875,25.17019536175208
FAST,Fastenal Company,Industrials,56238854144.0,41.533897,34.9854,13.821206,1.97,4.18,10.851,0.34334,0.2490451028122464,0.15454,0.147,0.146,916124992.0,56475656192.0,1954700032.0,1655700000.0,8200500000.0,441500000.0,204700000.0,3.546,5052900000.0,3472100000.0,,715600000.0,1258400000.0,1295900000.0,0.4501188951893177,,1148057473.0,0.2449127288207748,0.4508216273522396,4.852012297372834,4.67457429777325,0.0874547289675236,0.1033205619412516,1.6229294068752598,1.606215410813112,1146640904.0,6200000.0,49.01,[],{},0.0162898943434063,28.892236797180345,34.109836438968415,0.0293170564388154,0.0240767197934737,,0.3817351808728932,1.0,20,20,0.2913039716957493,7.0,22.0,0.5010772727272728,0.5010772727272728,0.3181818181818182,0.0,1.0,0.3181818181818182,22.0,5,5,"cheapness,quality,dividend,garp,risk",0.6250333333333333,True,1.0,0.2698,hold,2,20,stable,0.2806,persistent,2026-07-16,neutral,0.625,46.54074469653191
META,"Meta Platforms, Inc.",Communication Services,1641561980928.0,24.632263,18.432102,6.285408,0.32,2.226,42.997,0.29848,0.1651763150201764,0.29834998,0.28,-0.134,21553625088.0,1663620087808.0,109654999040.0,83276000000.0,200966000000.0,112317997056.0,90259996672.0,102.52,366021000000.0,108722000000.0,,41836000000.0,60458000000.0,115800000000.0,0.8199944269179861,,2529638328.0,0.2258978315836756,0.8166515705071702,2.5987666124868536,2.9778842719371355,0.2292136243548867,0.1777188521086454,0.5490559284849776,0.5959015265129286,2534487662.0,1165000000.0,644.38,[],{},0.0131299489988281,15.171402146482569,19.977185357221767,0.0500571017447409,0.0405971631595521,,0.2568780171815475,1.0,20,20,0.3116666666666666,5.0,22.0,0.4622318181818182,0.4622318181818182,0.2272727272727272,0.0,1.0,0.2272727272727272,22.0,4,5,"cheapness,quality,dividend,risk",0.4907383333333334,True,0.83335,0.2621,hold,2,20,stable,0.2295,persistent,2026-07-16,neutral,0.5,66.3834020337142
ECL,Ecolab Inc.,Basic Materials,76137250816.0,36.50538,28.83913,7.5717874,1.07,1.841,138.023,0.21956,0.0840449783975737,0.12566,0.097,0.033,1474824960.0,84949647360.0,4135699968.0,2892500000.0,16081200000.0,13918799872.0,5135300096.0,35.87,24696300000.0,5955600000.0,,5534700000.0,2075600000.0,2952600000.0,0.4446434345695594,,282022564.0,0.0943549611842164,0.4346309731027736,1.0760474822483603,1.2572400267067267,0.3643258301850884,0.3699648915927425,0.651158270672125,0.7031240229053324,283354746.0,306200000.0,271.6,[],{},0.0193706095793265,20.540573063156984,29.368935993085564,0.0340495821924033,0.027393222588013,,0.1509529475617902,1.0,20,20,0.3183333333333333,4.0,22.0,0.3775090909090908,0.3775090909090908,0.1818181818181818,0.0,1.0,0.1818181818181818,22.0,4,5,"quality,dividend,garp,risk",0.4819433333333333,True,0.8,0.2608,hold,2,6,stable,0.2317,persistent,2026-08-16,neutral,0.5,37.34921008863207
CME,CME Group Inc.,Financial Services,98549891072.0,23.305273,21.202806,3.7128806,1.89,1.018,14.587,0.15802,0.0205226983402226,0.63443,0.008,0.025,2909012480.0,100142792704.0,4771100160.0,4229500000.0,6520600000.0,3868499968.0,2275599872.0,73.816,198424200000.0,165359300000.0,,160296700000.0,4072200000.0,4277100000.0,0.8609023709474588,,358953138.0,0.0256520695249805,0.8612910066719955,1.031582683860616,1.007033257455732,0.0172473922031687,0.0249405225286837,0.0328619190602759,0.0445997366257539,359605138.0,173400000.0,274.07,[],{},0.0295181704247109,20.989455124748417,23.67721780446861,0.0422346919413508,0.042908744300056,,0.1109304307914235,1.0,20,20,0.2737246044662924,4.0,22.0,0.5004045454545455,0.5004045454545455,0.1818181818181818,0.0,1.0,0.1818181818181818,22.0,4,5,"quality,dividend,garp,risk",0.5965383333333334,True,0.9,0.2597,hold,2,20,stable,0.2134,persistent,2026-07-16,neutral,0.375,52.714478910854176
GWW,"W.W. Grainger, Inc.",Industrials,59888377856.0,32.577248,24.909641,14.497184,0.78,2.805,61.977,0.46091,0.1903592948002678,0.09923001,0.103,0.205,1247750016.0,62478376960.0,3216000000.0,2495000000.0,17942000000.0,2796999936.0,589000000.0,87.706,8962000000.0,5484000000.0,,1940000000.0,1706000000.0,2015000000.0,0.3906476424032995,,47418781.0,0.2162192773813569,0.3936393289841565,2.8268041237113404,2.488937093275488,0.3193483597411292,0.3605164797825348,2.0020084802499443,1.944501075999547,48332870.0,81000000.0,1271.49,[],{},0.0208345936335123,19.427356019900497,25.041433651302604,0.0399338158479589,0.0306962699857274,,0.3553118769581316,1.0,20,20,0.3111534151264483,6.0,22.0,0.4291181818181818,0.4291181818181818,0.2727272727272727,0.0,1.0,0.2727272727272727,22.0,5,5,"cheapness,quality,dividend,garp,risk",0.5286283333333334,True,1.0,0.2574,hold,2,20,stable,0.2843,persistent,2026-07-16,neutral,0.5,39.861859302680585
AMAT,"Applied Materials, Inc.",Technology,360301166592.0,40.500446,24.601202,14.059955,0.45,2.423,28.666,0.41068,0.1927876801013802,0.30052,0.248,0.428,3075375104.0,358414188544.0,10154999808.0,8470000000.0,28368000000.0,7345999872.0,9233000448.0,32.291,36299000000.0,20881000000.0,,7999000000.0,6998000000.0,7958000000.0,0.4867456288776086,,793000000.0,0.2085791508035688,0.4745731527818663,2.6104513064133017,2.5059045819555976,0.1942202264525193,0.1919846551774245,0.7815091324829885,0.7897933680141823,818000000.0,269000000.0,454.01,[],{},0.0085355679891053,35.29435699857376,42.31572473955136,0.0236318769477514,0.0246910861179158,,0.2992932862190812,1.0,20,20,0.3022068407243601,6.0,22.0,0.4287090909090909,0.4287090909090909,0.2727272727272727,0.0,1.0,0.2727272727272727,22.0,5,5,"cheapness,quality,dividend,garp,risk",0.508375,True,0.83335,0.2519,hold,2,23,stable,0.2771,persistent,2026-07-16,accumulate,0.75,40.862041447632315
APO,"Apollo Global Management, Inc.",Financial Services,75536375808.0,46.51273,11.914398,3.757307,1.72,1.948,100.969,0.11412,0.0075756754000984,0.052670002,0.638,0.637,,91678375936.0,,8258000000.0,32049000000.0,41884000256.0,47616000000.0,34.043,460949000000.0,260356000000.0,,331897000000.0,3492000000.0,7246000000.0,0.9549751942338296,,578981398.0,0.0121118300056894,0.9563452554185494,0.784448187238812,0.8000445079094264,0.0289923614109153,0.028018364889718,0.0695282992261616,0.0691038515989891,565738933.0,370000000.0,127.91,[],{},,,11.101765068539596,0.0900757666755009,0.0214994905695709,,0.0639897095744351,0.9,18,20,0.230277288781125,5.0,22.0,0.3854454545454545,0.3854454545454545,0.2272727272727272,0.0,1.0,0.2272727272727272,22.0,3,5,"cheapness,dividend,garp",0.45146,False,0.63335,0.2462,hold,2,6,stable,0.1286,persistent,2026-08-16,neutral,0.625,43.222397235776576
GOOGL,Alphabet Inc.,Communication Services,4067676389376.0,16.58026,22.361423,6.534895,0.27,2.724,18.859,0.48676,0.2220295961067126,0.54771,0.242,2.94,22665000960.0,3964038021120.0,173164003328.0,129039000000.0,402836000000.0,120790999040.0,242473992192.0,50.896,595281000000.0,206038000000.0,,102745000000.0,132170000000.0,164713000000.0,0.5965231508603998,,12088000000.0,0.2223579474787676,0.5820043540617911,2.005333592875566,1.8369313974102917,0.0996017007094128,0.0501359226751003,0.6767157023321759,0.7773755374720159,12211000000.0,736000000.0,332.6,[],{},0.0055719774117716,22.89181322293344,30.71968955990049,0.0325524122908239,0.0603126850845523,,0.2619889713645297,1.0,20,20,0.3208333333333333,8.0,22.0,0.5607909090909091,0.5607909090909091,0.3636363636363636,0.0,1.0,0.3636363636363636,22.0,5,5,"cheapness,quality,dividend,garp,risk",0.7053966666666667,True,0.83335,0.2458,hold,2,23,stable,0.2833,persistent,2026-07-16,neutral,0.5,41.40234190546115
VRTX,Vertex Pharmaceuticals Incorporated,Healthcare,130420850688.0,30.393383,25.437428,6.438358,,3.185,9.767,0.23542999,0.154162929454432,0.34997,0.125,0.08,2627887616.0,124546056192.0,5100499968.0,4554400000.0,12001300000.0,1977600000.0,7852400128.0,79.921,25643000000.0,11201000000.0,,3861200000.0,3953200000.0,3631400000.0,0.8624065726212994,,253991224.0,-0.0237693714163989,0.8611174127276522,2.9009116336890086,2.692139370476351,0.0791834028779784,0.0774102213622565,0.4680146628709589,0.4890605861573145,256940382.0,13300000.0,514.56,[],{},0.0201492905631061,24.41840152404448,27.3463148146847,0.0365679985320365,0.0329018984165073,,0.209091994233718,0.95,19,20,0.3075381436595776,4.0,22.0,0.3910636363636364,0.3910636363636364,0.1818181818181818,0.0,1.0,0.1818181818181818,22.0,3,5,"cheapness,quality,risk",0.4383883333333333,True,1.0,0.2426,hold,2,20,stable,0.1568,persistent,2026-07-16,neutral,0.625,43.49898977248543
WMB,"The Williams Companies, Inc.",Energy,89071058944.0,29.967077,27.968,6.770175,2.79,0.477,200.371,0.21503,0.0446963618049271,0.24937001,0.078,0.512,-1516749952.0,121874055168.0,7032999936.0,4408000000.0,11950000000.0,30793000960.0,203000000.0,10.756,58573000000.0,3244000000.0,,6106000000.0,2618000000.0,5898000000.0,0.619581589958159,,1222000000.0,0.0408017310936697,0.5870703608492811,0.5312807075008189,0.500941265060241,0.5018182439007733,0.4939668451551383,0.2040189165656531,0.1926025086187926,1219011798.0,1442000000.0,72.82,[],{},-0.0170285384498863,17.328886147739045,27.64837912159709,0.0361684855232206,0.0333699546338803,,0.0840147140107114,1.0,20,20,0.2571428571428571,4.0,22.0,0.4004363636363637,0.4004363636363637,0.1818181818181818,0.0,0.9092,0.1818181818181818,22.0,3,5,"quality,dividend,garp",0.5373066666666666,False,0.53335,0.2405,hold,2,6,stable,0.1493,persistent,2026-08-16,neutral,0.5,47.077124613149884
DXCM,"DexCom, Inc.",Healthcare,31890759680.0,33.14118,27.051338,12.166715,,1.733,53.346,0.38491002,0.1319105979589583,0.20118,0.131,0.436,1021162496.0,31342157824.0,1403200000.0,911800000.0,4662000000.0,1398400000.0,1947000064.0,6.946,6339900000.0,4033300000.0,,2142500000.0,836300000.0,1440700000.0,0.601008151008151,,384800000.0,0.0888580461099545,0.6045623605256633,1.882520420070012,1.4670532060027286,0.2191990409943374,0.3990130310740998,0.7353428287512421,0.6219446372118128,390700000.0,18300000.0,84.51,[],{},0.0320206387758273,22.33620141391106,34.3739392673832,0.0290918067964611,0.0301739406985508,,0.2172297136322485,0.95,19,20,0.3162412326864319,7.0,22.0,0.3673772727272727,0.3673772727272727,0.3181818181818182,0.0,1.0,0.3181818181818182,22.0,4,5,"cheapness,quality,garp,risk",0.455435,True,1.0,0.2401,hold,2,20,stable,0.2114,persistent,2026-07-16,neutral,0.5,44.09036043752364
ROST,"Ross Stores, Inc.",Consumer Cyclical,72329715712.0,27.231884,25.21479,10.689296,0.79,1.612,70.281,0.42628,0.1379561568248276,0.10848,0.133,0.705,2002041600.0,72481316864.0,3657101056.0,2707357000.0,22750559000.0,4739150848.0,4288123904.0,21.094,15548737000.0,7640097000.0,,4827180000.0,2145044000.0,3026883000.0,0.2770614559404892,,322333000.0,0.140267254697849,0.2777534276113092,1.5827246964065975,1.6171126114772647,0.3352258128747049,0.3812346481111591,1.4631772985805858,1.4175611116880855,328813000.0,37942000.0,225.48,[],{},0.027679378804303,19.81933661501751,26.771983474658125,0.0373524808479947,0.036721660535863,,0.2525152829948113,1.0,20,20,0.2887630027164911,6.0,22.0,0.45005,0.45005,0.2727272727272727,0.0,1.0,0.2727272727272727,22.0,4,5,"cheapness,dividend,garp,risk",0.5967333333333333,True,1.0,0.2377,hold,2,15,stable,0.2106,persistent,2026-07-16,neutral,0.625,36.797208392423414
CASY,"Casey's General Stores, Inc.",Consumer Cyclical,23197679616.0,30.306135,26.772636,5.861412,0.41,1.019,70.547,0.19983,0.0799511641322709,0.041389998,0.243,0.277,503306880.0,25561767936.0,1564246016.0,1033657000.0,17561101000.0,2888147968.0,524059008.0,107.08,8936055000.0,1364012000.0,,1350606000.0,714448000.0,1377540000.0,0.2460575222476085,,36904285.0,0.0665828634529864,0.2353946913533546,1.0099259147375326,0.919360475195903,0.3250959176056996,0.3603626312389758,1.965196163183866,1.9420894046601185,37119083.0,,627.64,[],{},0.021696432071286,16.341270921926387,24.729448875207154,0.0404376177183052,0.0329966193313664,,0.1362684001962177,1.0,20,20,0.2512298747763863,4.0,22.0,0.3730499999999999,0.3730499999999999,0.1818181818181818,0.0,1.0,0.1818181818181818,22.0,4,5,"quality,dividend,garp,risk",0.4580266666666667,True,0.9,0.2334,hold,2,20,stable,0.1939,persistent,2026-07-16,accumulate,0.75,19.928638895767847
SPGI,S&P Global Inc.,Financial Services,120991817728.0,25.444515,20.29848,3.840906,0.93,0.954,42.98,0.14255,0.0730555555555555,0.30536,0.104,0.177,5448249856.0,137744809984.0,8143000064.0,6177000000.0,15336000000.0,15747999744.0,4134000128.0,106.855,61200000000.0,6296000000.0,,7637000000.0,4471000000.0,5651000000.0,0.7024647887323944,,298800000.0,0.0639643978014314,0.6930602477477478,0.8244074898520362,0.8540362953692116,0.2219281045751634,0.1981534680593148,0.2505882352941176,0.2359309875292672,307800000.0,287000000.0,410.42,[],{},0.045029903329894,16.91573239609396,22.29962926728185,0.0448437948458275,0.0393012010643551,,0.1153221440173253,1.0,20,20,0.2577946989072308,6.0,22.0,0.4674318181818183,0.4674318181818183,0.2727272727272727,0.0,1.0,0.2727272727272727,22.0,5,5,"cheapness,quality,dividend,garp,risk",0.5454100000000001,True,0.9,0.2322,hold,2,20,stable,0.245,persistent,2026-07-16,neutral,0.5,41.23893717191254
KO,The Coca-Cola Company,Consumer Defensive,377892896768.0,26.296408,24.90656,10.454708,2.42,1.305,115.519,0.42054,0.1250477026408182,0.28558,0.067,0.169,5218749952.0,407947902976.0,16997999616.0,14911000000.0,47941000000.0,44260999168.0,16371000320.0,8.401,104816000000.0,31044000000.0,,21281000000.0,13107000000.0,7408000000.0,0.6162574831563797,,4301608845.0,0.1057295447990532,0.6106330082233696,1.4587660354306655,1.0296249356410154,0.4340177072202717,0.4427890879073884,0.4573824606930239,0.4680404578862047,4302000000.0,1654000000.0,87.83,[],{},0.0138101297924209,23.999759512407792,27.358856077794915,0.0365512358103167,0.0380280074753935,,0.1785000299275752,1.0,20,20,0.2880987292277615,5.0,22.0,0.4017272727272727,0.4017272727272727,0.2272727272727272,0.0,0.8984,0.2272727272727272,22.0,4,5,"cheapness,quality,dividend,garp",0.5056933333333333,False,0.56665,0.2281,hold,2,4,stable,0.2065,persistent,2026-09-06,neutral,0.625,49.090865990394136
ETN,Eaton Corporation plc,Industrials,158913855488.0,42.180412,25.36147,7.846089,1.06,1.24,105.059,0.19684,0.0990763860270054,0.12752,0.214,-0.159,3106125056.0,179589857280.0,6639000064.0,5209000000.0,27448000000.0,21326000128.0,695000000.0,52.147,41251000000.0,12355000000.0,,9370000000.0,4087000000.0,4472000000.0,0.3758743806470417,,387900000.0,0.098850993981397,0.38198408232173,1.3185699039487726,1.501972763141148,0.2553150226661171,0.2558818165238008,0.6653899299410924,0.6481853000182382,392900000.0,241000000.0,409.15,[],{},0.0195459675083809,27.05073889874269,34.47683956229603,0.0290049787827305,0.0237076868760788,,0.16338885229447,1.0,20,20,0.2377619780385332,4.0,22.0,0.3613999999999999,0.3613999999999999,0.1818181818181818,0.0,1.0,0.1818181818181818,22.0,3,5,"quality,garp,risk",0.4736483333333333,True,0.9,0.2164,hold,2,13,stable,0.1362,persistent,2026-07-25,neutral,0.5,47.25077233384769
NDAQ,"Nasdaq, Inc.",Financial Services,51431505920.0,27.465673,19.666685,4.313441,1.23,1.006,77.687,0.16521999,0.0575789778765336,0.35037,0.149,0.141,1691500032.0,60198506496.0,3352999936.0,2433000000.0,8262000000.0,9317000192.0,555000000.0,21.331,31053000000.0,8003000000.0,,7961000000.0,1788000000.0,2255000000.0,0.4222948438634713,,569894024.0,0.0367494653725941,0.4039189189189189,1.0052757191307624,0.985320172108327,0.3048336714649148,0.3246586609639743,0.2660612501207612,0.2434610955749301,575062217.0,354000000.0,92.01,[],{},0.0328884018024102,17.953625900695513,24.74250164241677,0.0404162850811201,0.0364090841684454,,0.1053611640394941,1.0,20,20,0.2348356971246996,5.0,22.0,0.4340000000000001,0.4340000000000001,0.2272727272727272,0.0,1.0,0.2272727272727272,22.0,4,5,"quality,dividend,garp,risk",0.5435583333333334,True,0.9,0.2085,hold,2,8,stable,0.1773,persistent,2026-07-26,neutral,0.5,37.34786054639094
GLW,Corning Incorporated,Technology,140509659136.0,77.67619,37.500053,11.766573,0.66,1.813,71.448,0.16813,0.0515237603305785,0.111999996,0.166,0.185,734499968.0,147951665152.0,4084999936.0,2279000000.0,15629000000.0,9379000320.0,2504000000.0,13.863,30976000000.0,8936000000.0,,5628000000.0,1596000000.0,2695000000.0,0.3596519291061488,,857360396.0,0.0182440959076978,0.3259643238298521,1.587775408670931,1.6247204716405774,0.3027182334710744,0.2917252568956192,0.5045519111570248,0.4729763836307914,854000000.0,336000000.0,163.12,[],{},0.0052273984046112,36.21827845042101,64.91955469591926,0.0154036792871417,0.0128739579013852,,0.0899084740413444,1.0,20,20,0.2108917662815215,4.0,22.0,0.2971590909090909,0.2971590909090909,0.1818181818181818,0.0,1.0,0.1818181818181818,22.0,4,5,"quality,dividend,garp,risk",0.3836683333333333,True,0.83335,0.2055,hold,2,13,stable,0.1666,persistent,2026-07-25,accumulate,0.75,54.9177930648098
KLAC,KLA Corporation,Technology,231493959680.0,50.050846,26.423517,36.471798,0.5,2.876,96.88,0.87496,0.2691007203562258,0.35574,0.152,0.138,2624587520.0,232743256064.0,6054757888.0,5660780000.0,13579476000.0,6151712768.0,4902408192.0,4.858,17951535000.0,12381790000.0,,4304927000.0,4830771000.0,4143079000.0,0.6130145227989652,,1306983000.0,0.2527795435453213,0.6090980853989936,2.876190467341258,2.618532990519593,0.3426845113802246,0.378909014144078,0.7564520805602418,0.7565482937872628,1320230000.0,284440000.0,177.18,[],{},0.0113376069234291,38.43972960921803,41.11505058737488,0.0243219936668901,0.0199796822615146,,0.4148122375904693,1.0,20,20,0.2688698232754203,5.0,22.0,0.3506045454545454,0.3506045454545454,0.2272727272727272,0.0,0.8,0.2272727272727272,22.0,4,5,"cheapness,quality,dividend,garp",0.413065,False,0.73335,0.2054,hold,2,20,stable,0.1897,persistent,2026-07-16,neutral,0.625,41.89203654141075
CBOE,"Cboe Global Markets, Inc.",Financial Services,30022871040.0,22.390186,18.869658,5.342985,1.18,1.565,28.09,0.26297,0.1182122016485228,0.26734,0.229,0.502,678249984.0,29248673792.0,1930700032.0,1514100000.0,4714200000.0,1580300032.0,2354500096.0,53.807,9305300000.0,4421400000.0,,2362300000.0,1100000000.0,1752600000.0,0.4090407704382504,,104647739.0,0.0982013326314978,0.3932104042007571,1.8716505100960927,1.776877866972477,0.1709455901475503,0.2053253906099549,0.5066145100104241,0.5256704882463956,104686478.0,52300000.0,287.49,[],{},0.0225911100606053,15.149258459223976,19.317531069282083,0.0517664496779382,0.0446624248677523,,0.2180757597580296,1.0,20,20,0.2537332956898174,9.0,22.0,0.5802636363636363,0.5802636363636363,0.4090909090909091,0.0,1.0,0.4090909090909091,22.0,5,5,"cheapness,quality,dividend,garp,risk",0.7220183333333333,True,1.0,0.198,hold,2,20,stable,0.2259,persistent,2026-07-16,neutral,0.625,44.47594708390219
FTNT,"Fortinet, Inc.",Technology,116550418432.0,55.54196,42.12299,75.141914,,1.282,36.194,1.17442,0.1783967966734686,0.28173,0.256,0.439,2265587456.0,113042210816.0,2595800064.0,2084700000.0,6799600000.0,561400000.0,4069600000.0,2.114,10389200000.0,5900200000.0,,5034000000.0,1853400000.0,2590600000.0,0.8045620330607682,,743000000.0,0.1787546988149256,0.8056348433459821,1.1720699245133095,1.470559263181225,0.0958976629576868,0.1018426524362139,0.6544873522504139,0.610031649783368,767000000.0,20100000.0,158.85,[],{},0.0194386900234239,43.54811928073055,54.22468979517436,0.0184417836925826,0.0180044060382456,,0.3892851807588885,0.95,19,20,0.2873184757610023,4.0,22.0,0.3481136363636363,0.3481136363636363,0.1818181818181818,0.0,1.0,0.1818181818181818,22.0,3,5,"cheapness,quality,risk",0.42264,True,1.0,0.1979,hold,2,13,stable,0.1383,persistent,2026-07-25,neutral,0.375,50.35750870950827
ABNB,"Airbnb, Inc.",Consumer Cyclical,100386414592.0,38.718243,27.132792,12.682502,,1.408,32.004,0.34542,0.1130673631123919,0.2045,0.165,0.334,3206874880.0,89271042048.0,2760999936.0,2544000000.0,12241000000.0,2496000000.0,12069000192.0,13.219,22208000000.0,18797000000.0,,13649000000.0,2511000000.0,4646000000.0,0.8295890858589985,,602000000.0,0.1263419056252683,0.8308412898576834,1.3771704886804894,1.6907784666863497,0.0930745677233429,0.0981917076196383,0.5511977665706052,0.5297008445059401,623000000.0,,167.65,[],{},0.0319453074704748,32.332866395256595,35.09081841509434,0.0284974829646563,0.0258276182625332,,0.2972309849281458,0.95,19,20,0.2426952892069171,5.0,22.0,0.3766136363636363,0.3766136363636363,0.2272727272727272,0.0,1.0,0.2272727272727272,22.0,3,5,"cheapness,quality,risk",0.4397566666666666,True,1.0,0.1974,hold,2,23,stable,0.1254,persistent,2026-07-16,neutral,0.5,41.00197333453565
FIX,"Comfort Systems USA, Inc.",Industrials,55987490816.0,39.68097,26.434866,86.66903,0.22,1.214,45.489,0.55292,0.1587534809286947,0.12775,0.01,0.388,1841915392.0,58130513920.0,2002695936.0,1312615000.0,9101641000.0,303920992.0,70540000.0,18.355,6441169000.0,4110553000.0,,3393850000.0,1022558000.0,1186356000.0,0.2412640753464128,,35177220.0,0.1108943411797869,0.2100912190948784,1.2111769818937197,1.0803288717152515,0.0750419683135157,0.0655050383266031,1.413041794121533,1.4916885441324808,35560912.0,6981000.0,1590.81,[],{},0.0328986951398368,29.026130664700165,44.28603506740362,0.0225804816005314,0.0252009968506314,,0.4307442049880567,1.0,20,20,0.271019868471014,8.0,22.0,0.4410409090909091,0.4410409090909091,0.3636363636363636,0.0,1.0,0.3636363636363636,22.0,5,5,"cheapness,quality,dividend,garp,risk",0.5269083333333333,True,1.0,0.1944,hold,2,20,stable,0.2327,persistent,2026-07-16,neutral,0.625,44.66401986194146
VEEV,Veeva Systems Inc.,Healthcare,42254974976.0,42.713585,25.459875,5.8218083,,5.458,2.041,0.14425,0.1012218822691147,0.29345,0.176,0.395,1257709824.0,35163717632.0,1075341056.0,916369000.0,3195311000.0,151695008.0,7242947072.0,44.828,8979343000.0,7997630000.0,,1637056000.0,908906000.0,1415225000.0,0.7552604425672493,,163778271.0,0.0972972398537499,0.7452737347262216,4.885373499745885,4.511430173254653,0.0106755026509177,0.0103239126750262,0.3558513133978733,0.3742112135607777,162583789.0,,260.98,[],{},0.0297647750286056,32.70006053967682,38.37287995556376,0.0260600716224065,0.0234117552998653,,0.1248070253859594,0.95,19,20,0.2403500359424389,4.0,22.0,0.3519909090909091,0.3519909090909091,0.1818181818181818,0.0,1.0,0.1818181818181818,22.0,2,5,"quality,risk",0.4110983333333333,True,1.0,0.1904,hold,2,13,stable,0.0818,persistent,2026-07-25,wait,0.25,56.13185722870326
MPWR,"Monolithic Power Systems, Inc.",Technology,58287525888.0,73.53255,34.013653,14.962722,0.66,4.975,0.486,0.21979,0.1481768032465794,0.24500999,0.476,0.858,444316128.0,56892702720.0,1000281984.0,728636000.0,2790459000.0,18934000.0,1413761024.0,79.269,4194199000.0,2183802000.0,,369365000.0,621483000.0,838202000.0,0.551787716644466,,48709000.0,0.4528266789388086,0.5531557247066287,5.912314377377391,5.313062902497564,0.0047618150688605,0.0036901754411912,0.6653139252572422,0.6277621563321465,47823000.0,,1186.08,[],{},0.0076228338950903,56.876664410662826,78.08110321202905,0.0128071960930739,0.0135994195767724,,0.1905013394045336,1.0,20,20,0.2111726164251137,6.0,22.0,0.4267909090909091,0.4267909090909091,0.2727272727272727,0.0,1.0,0.2727272727272727,22.0,4,5,"quality,dividend,garp,risk",0.541385,True,1.0,0.1885,hold,2,20,stable,0.1599,persistent,2026-07-16,neutral,0.625,34.302244109231125
RDDT,"Reddit, Inc.",Communication Services,29886873600.0,33.991245,16.035112,9.092718,,10.486,0.635,0.30712,0.163535877830545,0.31348,0.611,1.778,678068736.0,27121383424.0,801516992.0,441984000.0,2202506000.0,20867000.0,2786356992.0,17.084,3239173000.0,3135985000.0,,271283000.0,529721000.0,690875000.0,0.9118204445300035,,190892108.0,-0.2072571412675281,0.904941913006026,11.559828666005613,12.631237785756488,0.0071666440785966,0.0114277399378154,0.6799593599971351,0.5564528726629989,180315979.0,,155.34,[],{},0.022687844338459,33.83756513548748,61.36281726035332,0.0162965138278633,0.0294193401859802,,0.1489219613934478,0.95,19,20,0.2598039215686274,5.0,22.0,0.4057090909090908,0.4057090909090908,0.2272727272727272,0.0,1.0,0.2272727272727272,22.0,3,5,"quality,garp,risk",0.5148616666666667,True,1.0,0.1823,hold,2,5,stable,0.126,persistent,2026-09-04,neutral,0.625,48.85339409678652
CAT,Caterpillar Inc.,Industrials,370038276096.0,35.09154,24.86307,19.078993,0.8,1.368,232.783,0.56972003,0.0901151290764315,0.14511,0.24,0.682,5048999936.0,409238274048.0,16250999808.0,11151000000.0,67589000000.0,45146001408.0,5944999936.0,42.193,98585000000.0,52485000000.0,,36558000000.0,8884000000.0,11739000000.0,0.3177736022133779,,465287332.0,0.1229661364568615,0.359888287120616,1.4356638765796816,1.4155304908279622,0.4395191966323477,0.4376395788706075,0.6855911142668762,0.7384462877717515,477932024.0,502000000.0,805.0,[],{},0.013644534260802,25.18234440237586,36.69969276728545,0.0272481845104548,0.0284968969728886,,0.1797765489222435,1.0,20,20,0.2445571196443367,4.0,22.0,0.3746590909090909,0.3746590909090909,0.1818181818181818,0.0,0.8,0.1818181818181818,22.0,3,5,"quality,dividend,garp",0.507795,False,0.73335,0.1779,hold,2,6,stable,0.1267,persistent,2026-08-16,neutral,0.625,43.39837400026505
CTAS,Cintas Corporation,Industrials,79409651712.0,40.831276,32.447422,15.4488125,1.04,1.434,52.646,0.40714002,0.1899459974888737,0.17754,0.089,0.156,1464424832.0,81826586624.0,2994993920.0,2621648000.0,11264761000.0,2705957120.0,289017984.0,12.845,10529140000.0,3853042000.0,,2686959000.0,1999968000.0,2276280000.0,0.5066945494893322,,400147000.0,0.1844515569643533,0.5003939486165667,1.433978709760737,2.089489097611313,0.2569969627149036,0.2701695561462564,1.069865250153384,1.052409910352326,402948000.0,106285000.0,198.44,[],{},0.0184413959818275,27.32111944454298,31.21188909571384,0.0320390732176901,0.024491029866419,,0.3343008787988953,1.0,20,20,0.2311009864673952,7.0,22.0,0.4305954545454545,0.4305954545454545,0.3181818181818182,0.0,1.0,0.3181818181818182,22.0,5,5,"cheapness,quality,dividend,garp,risk",0.5556650000000001,True,1.0,0.177,hold,2,20,stable,0.2041,persistent,2026-07-16,neutral,0.5,44.96446004596165
MRVL,"Marvell Technology, Inc.",Technology,203970002944.0,77.460754,33.774563,10.90944,0.1,3.168,28.525,0.16523,0.1198144068062803,0.27934998,0.365,0.5,2408049920.0,200374517760.0,2850299904.0,1338400000.0,8194600000.0,5286099968.0,3932800000.0,20.804,22285300000.0,6460600000.0,,3220500000.0,2670100000.0,1750500000.0,0.5101774339198984,,847259927.0,-0.0438021232893662,0.4130529017044371,2.0060860114888994,1.5395204262877442,0.2149533549021103,0.2149570640203915,0.367713245951367,0.2854463114652676,866000000.0,202600000.0,226.96,[],{},0.0118059022662324,70.29945076263806,149.71198278541542,0.0066794920579825,0.012909763310592,,0.0702026771851789,1.0,20,20,0.1968596667495109,4.0,22.0,0.3676636363636363,0.3676636363636363,0.1818181818181818,0.0,1.0,0.1818181818181818,22.0,3,5,"quality,dividend,risk",0.4293066666666666,True,0.83335,0.1704,hold,2,5,stable,0.1102,persistent,2026-09-04,neutral,0.625,51.91636744310802
AMD,"Advanced Micro Devices, Inc.",Technology,822114451456.0,133.22751,32.2178,12.225971,,2.609,6.361,0.10196,0.0563528585913735,0.15577,0.501,1.595,8841499648.0,813279412224.0,9562000384.0,3694000000.0,34639000000.0,4276000000.0,13111000064.0,41.191,76926000000.0,26947000000.0,,9455000000.0,4335000000.0,7709000000.0,0.4951644100580271,,1630000000.0,0.0237049663421257,0.4935039751793678,2.850026441036489,2.61626150254086,0.0500090996542131,0.0319533123392944,0.4502898889842186,0.3724756594343166,1622000000.0,131000000.0,503.6,[],{},0.0107545848784695,85.05327123651368,220.162266438549,0.0045421044040674,0.0075059572906526,,0.0547494479109543,0.95,19,20,0.1774056715699683,4.0,22.0,0.3042863636363636,0.3042863636363636,0.1818181818181818,0.0,1.0,0.1818181818181818,22.0,3,5,"quality,garp,risk",0.396035,True,1.0,0.1661,hold,2,6,stable,0.0979,persistent,2026-08-16,neutral,0.5,55.08715037326081
LRCX,Lam Research Corporation,Technology,372906164224.0,54.983395,25.576218,29.89967,0.42,2.629,33.049,0.65066004,0.3087749832201737,0.31272,0.3,0.348,3090484480.0,371448578048.0,8641328128.0,8199795000.0,23232690000.0,4121564928.0,5579170816.0,9.967,23529743000.0,15610705000.0,,5937249000.0,7265396000.0,5857657000.0,0.5046900724797688,,1251278000.0,0.2510260826056932,0.4870502388559173,2.629282517879914,2.210118102893768,0.1587166931657519,0.2100937163566993,0.9873754252224516,0.8636854739647116,1268740000.0,156884000.0,298.01,[],{},0.0082875660863132,42.98512596048939,45.2997395725137,0.022075182096781,0.0181873090957733,,0.4660962226276729,1.0,20,20,0.229514071287494,6.0,22.0,0.416,0.416,0.2727272727272727,0.0,1.0,0.2727272727272727,22.0,5,5,"cheapness,quality,dividend,garp,risk",0.484605,True,0.83335,0.1652,hold,2,20,stable,0.1974,persistent,2026-07-16,neutral,0.5,45.068914288840034
KKR,KKR & Co. Inc.,Financial Services,93162577920.0,33.180923,13.61421,3.177008,0.75,0.856,69.812,0.0728,0.005779586154789,0.12201,0.078,0.4,,151098163200.0,,490198000.0,19207544000.0,56163958784.0,47556554752.0,31.75,410144072000.0,243379872000.0,,58248712000.0,2370463000.0,477760000.0,0.1799646014086965,,891451844.0,0.0085427659863625,0.1775334967815585,4.178287616042051,4.121545687497793,0.1329724814357429,0.1411178092707294,0.0468312120332193,0.0600953162903118,888232174.0,3071915000.0,100.87,[],{},,,308.23904463094505,0.0032442353342916,0.0301377993613981,,0.0013930220620129,0.9,18,20,0.1545127932595963,4.0,22.0,0.3332181818181818,0.3332181818181818,0.1818181818181818,0.0,1.0,0.1818181818181818,22.0,3,5,"dividend,garp,risk",0.41152,True,0.56665,0.1645,hold,2,7,stable,0.0861,persistent,2026-08-02,neutral,0.375,40.07375724484384
TER,"Teradyne, Inc.",Technology,57875783680.0,52.658604,31.769232,18.433002,0.14,2.125,2.883,0.36465,0.1324331036507084,0.25766,1.039,3.858,437381248.0,57657229312.0,1504893952.0,688605000.0,3190024000.0,100127000.0,354828992.0,20.083,4183599000.0,1949300000.0,,1115207000.0,554047000.0,674415000.0,0.582235431457569,,156088000.0,0.1462426059275533,0.5847507695362923,1.7479266181076698,2.908194159585897,0.0677022343680644,0.0206597219413521,0.7625071140900455,0.7603390285689325,161722000.0,6846000.0,370.19,[],{},0.0075572410460706,38.31315105982963,83.73048309553373,0.011943081695337,0.0189902489629235,,0.2244188486999053,1.0,20,20,0.2144917994931974,6.0,22.0,0.4709818181818182,0.4709818181818182,0.2727272727272727,0.0,1.0,0.2727272727272727,22.0,4,5,"quality,dividend,garp,risk",0.6377383333333333,True,1.0,0.1635,hold,2,20,stable,0.1512,persistent,2026-07-16,neutral,0.625,50.43743459676729
IDXX,"IDEXX Laboratories, Inc.",Healthcare,39905001472.0,36.232475,30.259203,24.775251,,1.172,67.971,0.74211,0.3161862730205306,0.25030002,0.097,0.176,909368384.0,40804147200.0,1621684992.0,1360031000.0,4303702000.0,1096081024.0,196932992.0,20.445,3350759000.0,1413827000.0,,1148814000.0,1059464000.0,1181805000.0,0.6179747110743262,,79712000.0,0.2695862658014728,0.6103719200801333,1.2306839923608173,1.3108680832574846,0.2912957929830226,0.2996705878923667,1.2843961621829565,1.1834132243976896,81604000.0,38852000.0,506.53,[],{},0.0227883310476275,25.161574165940117,30.002365534315025,0.0333307051691059,0.0275995498513419,,0.6176498504731045,0.95,19,20,0.2420454004621476,5.0,22.0,0.3319,0.3319,0.2272727272727272,0.0,1.0,0.2272727272727272,22.0,3,5,"cheapness,quality,risk",0.407435,True,1.0,0.1501,hold,2,13,stable,0.1118,persistent,2026-07-25,neutral,0.5,32.10616907326434
STX,Seagate Technology Holdings plc,Technology,196087824384.0,63.687595,15.573564,90.249084,0.33,1.67,179.88,3.7152898,0.3192940232651424,0.26108998,0.485,1.488,1943750016.0,197636374528.0,4502000128.0,4226000000.0,12195000000.0,3897999872.0,1704000000.0,9.555,9972000000.0,5221000000.0,,3127000000.0,3184000000.0,3674000000.0,0.455760557605576,,227000000.0,0.1830985915492957,0.3517643179070023,1.669651423089223,1.3795317220543806,0.3868832731648616,0.6620964726411567,1.2229241877256318,1.133865137729029,212668547.0,284000000.0,862.33,[],{},0.009912650222451,43.89968212102192,46.76677106672977,0.0213827035134227,0.0157016448807652,,0.6173849525200876,1.0,20,20,0.2201738589882939,7.0,22.0,0.3866727272727273,0.3866727272727273,0.3181818181818182,0.0,1.0,0.3181818181818182,22.0,5,5,"cheapness,quality,dividend,garp,risk",0.538935,True,0.9,0.1361,hold,2,20,stable,0.1781,persistent,2026-07-16,neutral,0.5,51.34334885538913
LLY,Eli Lilly and Company,Healthcare,1001425534976.0,37.735214,23.76428,29.551077,0.62,1.355,162.071,1.02286,0.1835058145737757,0.33528998,0.477,0.262,11065900032.0,1046951952384.0,41706999808.0,29696000000.0,65179000000.0,54907998208.0,8949999616.0,38.002,112476000000.0,55629000000.0,,35228000000.0,20640000000.0,16813000000.0,0.8304361834333144,,894800000.0,0.1345359842469669,0.8131119152809537,1.5791132054047916,1.1537919368480405,0.3778850599238949,0.4274153592072667,0.5794925139585334,0.572228927142222,897538000.0,,1123.0,[],{},0.0110501476600206,25.10254770670845,35.25565572413793,0.0283642433947227,0.0265004459760053,,0.3844241922120961,1.0,20,20,0.2111018759112001,5.0,22.0,0.3572181818181818,0.3572181818181818,0.2272727272727272,0.0,0.8889,0.2272727272727272,22.0,4,5,"cheapness,quality,dividend,garp",0.451185,False,0.73335,0.1307,hold,2,20,stable,0.1367,persistent,2026-07-16,neutral,0.625,36.85156145703229
VRT,Vertiv Holdings Co,Industrials,95527116800.0,59.503597,27.200197,20.076868,0.1,1.379,70.166,0.43943,0.1091349775637876,0.15088001,0.241,0.53,2696537600.0,95754715136.0,2678799872.0,1896200000.0,10229900000.0,3338200064.0,3110599936.0,12.359,12212400000.0,6819500000.0,,4407000000.0,1332800000.0,2113800000.0,0.363170705480992,,382553680.0,0.0542896249657815,0.3662348036645947,1.5474245518493306,1.6473361317403938,0.2643133208869673,0.3444073364358062,0.8376649962333366,0.8772844237612921,380703974.0,86100000.0,248.13,[],{},0.0282279806020482,35.74537841996731,50.498214922476535,0.0198026801845406,0.0168057067205533,,0.2429343787634202,1.0,20,20,0.2006147973183829,5.0,22.0,0.3523136363636364,0.3523136363636364,0.2272727272727272,0.0,1.0,0.2272727272727272,22.0,4,5,"quality,dividend,garp,risk",0.4403383333333333,True,1.0,0.1233,hold,2,20,stable,0.1296,persistent,2026-07-16,neutral,0.625,41.208752097504316
MCO,Moody's Corporation,Financial Services,80937869312.0,30.1134,24.688879,26.756742,0.87,1.19,240.682,0.76932,0.1553379658875552,0.34252,0.151,0.567,2579124992.0,87202865152.0,4052999936.0,3462000000.0,7718000000.0,7619999744.0,1496000000.0,17.467,15830000000.0,5186000000.0,,2981000000.0,2459000000.0,2901000000.0,0.7443638248250842,,177542987.0,0.1327313769751693,0.7255925507900677,1.7396846695739685,1.4706700027800943,0.4643714466203411,0.4995807803934214,0.4875552747946936,0.4571428571428571,180309059.0,281000000.0,467.36,[],{},0.0318654915668457,21.515634475450437,25.18858034430965,0.0397005304122234,0.0332078078197745,,0.2694373102965211,1.0,20,20,0.2014165033602374,7.0,22.0,0.4471181818181818,0.4471181818181818,0.3181818181818182,0.0,1.0,0.3181818181818182,22.0,5,5,"cheapness,quality,dividend,garp,risk",0.5861516666666666,True,0.9,0.1179,hold,2,20,stable,0.1597,persistent,2026-07-16,neutral,0.5,37.62547421274797
PWR,"Quanta Services, Inc.",Industrials,93021962240.0,71.94534,31.568323,9.647156,0.07,1.098,67.78,0.15337,0.0412557501632473,0.04032,0.411,0.947,1955491328.0,99222675456.0,3045004032.0,1587077000.0,28479697000.0,6603134976.0,506431008.0,64.136,24926901000.0,9903417000.0,,8716198000.0,1028378000.0,2229970000.0,0.1501097782044521,,149577564.0,0.0484280204115908,0.1483036118041828,1.1362083559827347,1.3023166741118417,0.2575111121916038,0.239722886460392,1.1425285878898463,1.2670161262957282,147678512.0,261445000.0,618.73,[],{},0.0210218241038042,32.58540035194279,62.51913136917742,0.0159951038682058,0.0138994408810911,,0.0979030335698581,1.0,20,20,0.1388636831805541,5.0,22.0,0.2949227272727273,0.2949227272727273,0.2272727272727272,0.0,1.0,0.2272727272727272,22.0,3,5,"dividend,garp,risk",0.41146,True,1.0,0.1107,hold,2,7,stable,0.0749,persistent,2026-08-02,neutral,0.625,44.27502022233652
WELL,Welltower Inc.,Real Estate,169846030336.0,105.227684,74.12264,3.6508524,1.44,1.317,41.375,0.03836,0.0139198006889643,0.12149999,0.391,0.356,2756164352.0,188891660288.0,3340614912.0,355168000.0,10667136000.0,19720804352.0,1965164032.0,64.563,67303047000.0,9912121000.0,,1855679000.0,936845000.0,2881677000.0,0.3917691684065901,,696507255.0,0.0186441943732492,0.3849699590685465,5.341506262667196,5.277453676563455,0.3176720215950995,0.3283099851211618,0.158494102057519,0.1538588396574991,635289329.0,651955000.0,235.71,[],{},0.0162274287279342,56.54397925647528,531.8374974322011,0.0018802735888841,0.009503202598282,,0.0054267728535699,1.0,20,20,0.1264750957854406,4.0,22.0,0.3443954545454545,0.3443954545454545,0.1818181818181818,0.0,1.0,0.1818181818181818,22.0,4,5,"quality,dividend,garp,risk",0.4544466666666666,True,0.8,0.106,hold,2,8,stable,0.093,persistent,2026-07-26,neutral,0.375,47.91165488461915
WST,"West Pharmaceutical Services, Inc.",Healthcare,24226854912.0,43.085106,34.505745,8.104959,0.26,2.822,10.585,0.19087,0.1156206088992974,0.1698,0.138,0.181,277937504.0,24107556864.0,912200000.0,636100000.0,3074100000.0,316500000.0,435800000.0,42.474,4270000000.0,1978200000.0,,654900000.0,493700000.0,754800000.0,0.3591295013174587,,72043412.0,0.1352308283471482,0.3451195907645513,3.0206138341731563,2.794513081395349,0.0751990632318501,0.0829719492781467,0.7199297423887587,0.79409342921447,72300000.0,500000.0,344.25,[],{},0.0114722899447559,26.42792903310677,37.89900465964471,0.0263859172287131,0.0232098767495198,,0.1759564050786977,1.0,20,20,0.1593543385577318,5.0,22.0,0.3986954545454544,0.3986954545454544,0.2272727272727272,0.0,1.0,0.2272727272727272,22.0,4,5,"quality,dividend,garp,risk",0.4507316666666667,True,0.83335,0.1027,hold,2,4,stable,0.1048,persistent,2026-09-06,neutral,0.375,49.61594102673028
MA,Mastercard Incorporated,Financial Services,495269740544.0,31.253178,24.557846,88.39431,0.61,1.061,439.583,2.41202,0.2763816311834112,0.46339,0.141,0.221,16961250304.0,508298756096.0,22200999936.0,19514000000.0,32791000000.0,24643000320.0,11608999936.0,6.396,54157000000.0,23558000000.0,,22762000000.0,14968000000.0,17648000000.0,0.7788722515324327,,894037665.0,0.2677564942492876,0.7630915610466148,1.0349705649767156,1.026222684703434,0.350831840759274,0.3790686549780578,0.6054803626493344,0.5858239221314032,913400000.0,722000000.0,565.37,[],{},0.0342464901759794,22.895309110458975,26.04790181900174,0.0383908080945893,0.0319967460589128,,0.6215639433030737,1.0,20,20,0.1891326214280178,6.0,22.0,0.4037863636363636,0.4037863636363636,0.2727272727272727,0.0,1.0,0.2727272727272727,22.0,5,5,"cheapness,quality,dividend,garp,risk",0.49343,True,0.8,0.0986,hold,2,15,stable,0.1439,persistent,2026-07-16,neutral,0.625,44.132702330203955
V,Visa Inc.,Financial Services,685598441472.0,31.251915,24.47365,19.459988,0.73,0.985,67.821,0.6119,0.2013309644975759,0.50782,0.144,0.102,20404000768.0,685501841408.0,31093999616.0,26556000000.0,40000000000.0,23857999872.0,13792000000.0,18.87,99627000000.0,37766000000.0,,35048000000.0,20058000000.0,23059000000.0,0.803625,,1925199951.0,0.2088963189470009,0.803985971162946,1.0775507874914405,1.2834408115548517,0.2526523934274845,0.2204611103469437,0.4014975859957642,0.3801250648072711,1972453147.0,589000000.0,367.21,[],{},0.0297608622391147,22.0461133940216,25.81344484892303,0.0387395020638526,0.0319980391601602,,0.4112172687715821,1.0,20,20,0.1752215708417754,5.0,22.0,0.4025363636363636,0.4025363636363636,0.2272727272727272,0.0,1.0,0.2272727272727272,22.0,5,5,"cheapness,quality,dividend,garp,risk",0.4981666666666666,True,0.9,0.0911,hold,2,20,stable,0.1332,persistent,2026-07-16,neutral,0.5,46.95664738518762
HWM,Howmet Aerospace Inc.,Industrials,90890829824.0,50.200443,35.50686,15.904397,0.24,1.818,81.368,0.34732,0.1348957867430002,0.20522,0.241,0.33,1189874944.0,94991826944.0,2793999872.0,2130000000.0,8252000000.0,4664000000.0,563000000.0,14.33,11179000000.0,3779000000.0,,1771000000.0,1508000000.0,1884000000.0,0.3417353368880271,,401620565.0,0.1098013119117786,0.3110363391655451,2.13382269904009,2.170432537120723,0.2874139010644959,0.3299743321608518,0.738169782628142,0.7063409069303166,405431361.0,151000000.0,227.91,[],{},0.0130912540495456,33.9985079798887,44.5971018516432,0.0224229817293195,0.0199201429357904,,0.2264030612244898,1.0,20,20,0.1453147564269496,5.0,22.0,0.3439999999999999,0.3439999999999999,0.2272727272727272,0.0,1.0,0.2272727272727272,22.0,4,5,"quality,dividend,garp,risk",0.42998,True,0.9,0.0832,hold,2,20,stable,0.0914,persistent,2026-07-16,accumulate,0.75,28.716664400496754
COST,Costco Wholesale Corporation,Consumer Defensive,400186408960.0,45.45995,39.87858,24.206772,0.65,1.072,60.257,0.29152,0.1050467580643069,0.0301,0.215,0.455,6954375168.0,398573207552.0,13790000128.0,10383000000.0,275235000000.0,10227999744.0,11125999616.0,37.278,77099000000.0,38380000000.0,,37108000000.0,8099000000.0,13335000000.0,0.1284320671426235,,443237000.0,0.1054975583909725,0.1261333134213391,1.0342783227336425,0.965655312429506,0.1060065629904408,0.1169824290071744,3.569890660060442,3.643840128309777,443126000.0,154000000.0,902.38,[],{},0.0173778394575491,28.90306046790488,38.38709501608398,0.0260504213611633,0.0219973845109816,,0.2596334175189417,1.0,20,20,0.1381964809384164,6.0,22.0,0.3479363636363636,0.3479363636363636,0.2727272727272727,0.0,1.0,0.2727272727272727,22.0,5,5,"cheapness,quality,dividend,garp,risk",0.457245,True,0.9,0.072,hold,2,13,stable,0.1051,persistent,2026-07-25,neutral,0.5,34.160982792570636
PLTR,Palantir Technologies Inc.,Technology,398571274240.0,145.49123,71.307884,40.77188,,7.228,2.139,0.38097,0.1825799358050746,0.49005002,0.928,2.154,2159104512.0,389484281856.0,2662629888.0,1414015000.0,4475446000.0,211400000.0,9409098752.0,4.068,8900392000.0,8358174000.0,,1175581000.0,1625033000.0,2134473000.0,0.8236651721415028,,2391192000.0,0.0728904676382662,0.8024817248745161,7.109823993412619,5.958013810995384,0.0257671796927596,0.03772644318994,0.5028369536982191,0.4519097021803269,2338795190.0,,165.86,[],{},0.0054171101921908,146.27804022306535,275.44565075759454,0.0036304802680658,0.0068732665192259,,0.183048491412929,0.95,19,20,0.1373968415986077,5.0,22.0,0.3561181818181818,0.3561181818181818,0.2272727272727272,0.0,1.0,0.2272727272727272,22.0,3,5,"quality,garp,risk",0.4600316666666667,True,1.0,0.0635,hold,2,13,stable,0.0573,persistent,2026-07-25,neutral,0.5,48.08807596642269
TPL,Texas Pacific Land Corporation,Energy,25251631104.0,47.60728,5.006838,15.098776,0.64,4.552,1.077,0.36566,0.2965456317402195,0.60322,0.312,0.327,-32836124.0,25021034496.0,741585024.0,592161000.0,798190000.0,18016000.0,248612000.0,24.247,1623278000.0,319320000.0,,73569000.0,481376000.0,545910000.0,0.8545947706686378,,68938230.0,0.3637441707664941,0.8990030078362422,4.340415120499124,8.333923841059603,0.0099644053575542,0.0003629749523244,0.4917149126643741,0.565554237912854,68915409.0,690000.0,366.1,[],{},-0.001300356553791,33.73994037937854,42.25376966061594,0.0236665274609115,0.0210051908027511,,0.3821110931149009,1.0,20,20,0.130952380952381,5.0,22.0,0.4028363636363636,0.4028363636363636,0.2272727272727272,0.0,1.0,0.2272727272727272,22.0,5,5,"cheapness,quality,dividend,garp,risk",0.4879283333333333,True,0.83335,0.0476,hold,2,4,stable,0.0893,persistent,2026-09-06,neutral,0.5,46.59045813780239
GPC,Genuine Parts Company,Consumer Cyclical,18495266816.0,559.0,16.154533,4.086382,3.14,1.159,146.415,0.0070700003,0.0031711126520398,0.00131,0.06,-0.098,917241984.0,24606709760.0,2052585984.0,1214612000.0,24300141000.0,6652785152.0,559118016.0,32.831,20795540000.0,10564734000.0,,9787705000.0,65945000.0,890762000.0,0.3679278239578939,,137617832.0,0.0468853306628919,0.3629144384605516,1.0793882733490638,1.1556768144059268,0.3142610867522555,0.2978179669294323,1.1685265686777069,1.2180121513034607,138779664.0,163506000.0,134.16,[],{},0.0495933361289228,11.988150533916926,20.2589055270325,0.0493610081090337,0.0017889087656529,,0.11034068007015,1.0,20,20,0.406467402106937,3.0,22.0,0.3132772727272727,0.3132772727272727,0.1363636363636363,0.0,1.0,0.1363636363636363,22.0,3,5,"cheapness,dividend,risk",0.3817716666666667,True,0.8,0.4712,avoid,1,4,stable,0.2633,persistent,2026-09-06,neutral,0.5,52.803926565451185
SNPS,"Synopsys, Inc.",Technology,76112330752.0,68.477585,22.661901,2.4428153,,1.337,34.804,0.03661,0.0276253994834696,0.11432999,0.424,0.893,3425542400.0,83345285120.0,2075485952.0,914927000.0,7054178000.0,10841789440.0,3607668992.0,162.587,48224461000.0,6012102000.0,,3722494000.0,1332220000.0,1518608000.0,0.7698457566565516,,185994000.0,0.1731265108259333,0.7967683383392336,1.61507365760697,2.4412728480219763,0.2963935252692611,0.0523542896996464,0.1462780060932148,0.4686891352707957,154112000.0,446729000.0,397.17,[],{},0.0450064052191699,40.15699795013597,91.09501098994784,0.0109775495840309,0.0146033187356125,,0.0205592485383848,0.95,19,20,0.4337030741442131,3.0,22.0,0.3011727272727273,0.3011727272727273,0.1363636363636363,0.0,1.0,0.1363636363636363,22.0,2,5,"garp,risk",0.3637483333333333,True,0.9,0.4632,avoid,1,1,deteriorating,0.1065,new,2026-09-11,neutral,0.5,44.39937201878639
F,Ford Motor Company,Consumer Cyclical,55347830784.0,,7.2051497,1.549453,4.46,1.089,456.708,-0.18252,-0.0282957532162124,-0.03935,-0.038,,-7940250112.0,196559831040.0,7642999808.0,-9169000000.0,187267000000.0,163296002048.0,22119999488.0,8.958,289160000000.0,123487000000.0,,114890000000.0,-8182000000.0,21282000000.0,0.0089711481467637,,3988842918.0,0.0206138936029958,0.083819840857983,1.0748280964400732,1.1648433917592342,0.5731705630100982,0.5640401688663235,0.6476241527182183,0.6486486486486487,3963444836.0,1333000000.0,13.88,[],{},-0.143460908937652,25.71762867693114,-21.43743385756353,-0.0466473742447107,,,-0.0526137602570723,0.95,19,20,0.3895536562203229,0.0,22.0,0.2441454545454545,0.2441454545454545,0.0,0.0,1.0,0.0,22.0,0,5,,0.246805,False,0.25,0.4573,avoid,1,20,stable,0.0,persistent,2026-07-16,insufficient_data,0.0,
MCHP,Microchip Technology Incorporated,Technology,38868566016.0,106.83582,15.679661,6.025253,2.49,1.921,83.688,0.0719,0.0160054557727503,0.0934,0.38,,1364762496.0,43994963968.0,1506099968.0,529800000.0,4713100000.0,5398700032.0,272300000.0,11.88,14370100000.0,2377600000.0,,1136300000.0,230000000.0,962100000.0,0.5773482421336276,,542079011.0,-3.252117128250491e-05,0.5606824790985097,2.0924051746897825,2.589645918102329,0.3851886904057731,0.3685364172076021,0.3279796243589119,0.2862903750341472,538704604.0,215400000.0,71.58,[],{},0.0351122419962239,29.21118445173488,83.04070209135523,0.012042287394197,0.0093601565467462,,0.0400338527104837,1.0,20,20,0.4111582464409913,2.0,22.0,0.2867136363636363,0.2867136363636363,0.0909090909090909,0.0,1.0,0.0909090909090909,22.0,2,5,"quality,risk",0.3678716666666667,True,0.8,0.4558,avoid,1,20,stable,0.1734,persistent,2026-07-16,insufficient_data,0.0,
ORLY,"O'Reilly Automotive, Inc.",Consumer Cyclical,69174239232.0,27.319489,23.419378,-38.021343,,0.752,,,0.1534750375387291,0.1427,0.081,0.103,1570733824.0,78499487744.0,4169743872.0,3460612000.0,17781992000.0,9587433472.0,262180992.0,-2.249,16538253000.0,6744277000.0,,8775821000.0,2538209000.0,2761993000.0,0.5159231316716373,,841909238.0,0.1602471803424002,0.5119849029944616,0.7685066730508747,0.7050028943062145,0.5134459486137986,0.5318240729444671,1.075203771522905,1.1218456800074608,862232760.0,235064000.0,85.51,[],{},0.0227069186656609,18.825973525886628,22.683700959252292,0.0440845169752653,0.0366039057319117,,0.4458154351625882,0.85,17,20,0.4418328584995252,3.0,22.0,0.3728,0.3728,0.1363636363636363,0.0,1.0,0.1363636363636363,22.0,3,5,"cheapness,quality,risk",0.355395,True,0.8,0.4281,avoid,1,5,stable,0.2218,persistent,2026-09-04,neutral,0.5,37.342329095421185
Q,"Qnity Electronics, Inc.",Technology,25799598080.0,44.843636,22.929861,3.5563502,0.26,2.008,59.992,0.06722,0.049182658137882,0.11248,0.221,-0.343,772249984.0,29652596736.0,1526000000.0,1014000000.0,4754000000.0,4527000064.0,961000000.0,34.676,14070000000.0,2638000000.0,,1356000000.0,692000000.0,1273000000.0,0.4617164493058477,,209479173.0,0.056465411879736,0.4604382929642445,1.9454277286135693,1.767580452920143,0.2862117981520967,,0.3378820184790334,0.353214373013933,,65000000.0,123.32,[],{},0.029932636221905,19.431583706422018,29.24319204733728,0.0341959933232068,0.0222997082573768,,0.0797546012269938,1.0,20,20,0.4029900788271296,2.0,22.0,0.3155136363636364,0.3155136363636364,0.0909090909090909,0.0,1.0,0.0909090909090909,22.0,1,5,risk,0.3792333333333333,True,1.0,0.4242,avoid,1,20,stable,0.0827,persistent,2026-07-16,insufficient_data,0.0,
HUBB,Hubbell Incorporated,Industrials,23901984768.0,26.961262,19.74454,6.1100984,1.25,1.609,141.642,0.24444,0.1078042971028582,0.14491999,0.153,-0.009,495812512.0,29074982912.0,1515500032.0,1208800000.0,5844600000.0,5556599808.0,394700000.0,74.043,8228800000.0,2594000000.0,,1508700000.0,887100000.0,1029800000.0,0.3531636040105396,,53253805.0,0.1137608248024884,0.3385626721151283,1.7193610393053622,1.7720138125882907,0.3022676453431849,0.2511208142880091,0.710261520513319,0.8219548169458358,53759976.0,64100000.0,452.41,[],{},0.0207435707457982,19.185075749308854,24.05276547981469,0.0415752608921086,0.037090251932569,,0.1798782756208985,1.0,20,20,0.4346144522008353,3.0,22.0,0.3902636363636364,0.3902636363636364,0.1363636363636363,0.0,0.8,0.1363636363636363,22.0,3,5,"cheapness,quality,garp",0.4767666666666666,False,0.73335,0.4235,avoid,1,6,stable,0.2574,persistent,2026-08-16,neutral,0.625,40.004190038405646
ORCL,Oracle Corporation,Technology,440539250688.0,27.706522,13.909428,11.728528,1.24,1.115,388.87,0.53376,0.065277602680328,0.25368,0.206,0.219,-24536750080.0,581579243520.0,30493999104.0,22444000000.0,67357000000.0,167431995392.0,31893999616.0,13.04,261759000000.0,46567000000.0,,41764000000.0,17087000000.0,31977000000.0,0.658224089552682,,2880000000.0,0.0739066648451838,0.70509939197547,1.1150033521693323,0.7529638819961401,0.5966900851546652,0.6183379761346155,0.257324485500021,0.3409281246844578,2807000000.0,4599000000.0,152.94,[],{},-0.0556970804342187,19.07192433293252,25.912459611477452,0.038591473561123,0.0360925849877512,,0.1020205004659196,1.0,20,20,0.439103085370751,2.0,22.0,0.3526454545454545,0.3526454545454545,0.0909090909090909,0.0,0.8101,0.0909090909090909,22.0,2,5,"dividend,garp",0.4344983333333333,False,0.53335,0.4187,avoid,1,5,stable,0.1716,persistent,2026-09-04,neutral,0.625,53.47663856706979
PKG,Packaging Corporation of America,Consumer Cyclical,20707336192.0,29.493654,17.9656,4.414916,2.64,2.941,94.474,0.14887,0.0721737914316349,0.07256,0.147,-0.195,432950016.0,24392060928.0,2000099968.0,1255400000.0,8989300000.0,4404299776.0,593800000.0,52.642,10725500000.0,3213700000.0,,1015100000.0,774100000.0,1557500000.0,0.21020546649906,,89214000.0,0.0911447719965584,0.2126966707621103,3.165894985715693,3.227835463258786,0.4069647102699175,0.313759452972875,0.8381240967787049,0.9490671557306526,89802000.0,79100000.0,232.41,[],{},0.0209080497841757,12.19542088808233,19.429712384897243,0.051467565766815,0.0339055988111883,,0.1292840665678035,1.0,20,20,0.3797836745511164,2.0,22.0,0.3814,0.3814,0.0909090909090909,0.0,0.8794,0.0909090909090909,22.0,2,5,"cheapness,garp",0.465285,False,0.73335,0.415,avoid,1,6,stable,0.159,persistent,2026-08-16,neutral,0.625,40.84468163957968
CPT,Camden Property Trust,Real Estate,11862589440.0,34.395973,94.0367,2.764517,4.07,0.352,125.648,0.07885,0.0425149250983275,0.20622,-0.008,-0.757,139679632.0,15415486464.0,893971008.0,288906000.0,1573544000.0,4873028096.0,44717000.0,37.077,9042989000.0,46126000.0,,455440000.0,384462000.0,826621000.0,0.6140965870671554,,106364516.0,0.0184467175409708,0.6117892893184665,0.1012778851220797,0.1011646208659396,0.431360692797481,0.3937566989420868,0.174007067795836,0.1744031728358689,106688152.0,138239000.0,102.5,[],{},0.0117748011685381,17.243832659056434,53.35813885485244,0.0187412833629795,0.029073170862182,,0.0336424281247187,1.0,20,20,0.405727969348659,3.0,22.0,0.3237,0.3237,0.1363636363636363,0.0,0.8962,0.1363636363636363,22.0,3,5,"quality,dividend,garp",0.4327333333333333,False,0.43335,0.4131,avoid,1,7,stable,0.2456,persistent,2026-08-02,neutral,0.625,28.74396312533797
IQV,IQVIA Holdings Inc.,Healthcare,42351579136.0,31.96273,17.794554,6.86298,,0.706,257.975,0.22818,0.0454181138124499,0.08096,0.087,-0.006,2149750016.0,56656580608.0,3048000000.0,2287000000.0,16310000000.0,16254999552.0,2080000000.0,37.491,29944000000.0,6249000000.0,,8338000000.0,1360000000.0,2654000000.0,0.3329245861434702,,169600000.0,0.0510427896947841,0.3489126906848426,0.7494603022307508,0.8378611470461406,0.5326275714667379,0.5262649169114093,0.5446834090301896,0.5726978698092866,176100000.0,729000000.0,257.3,[],{},0.0507596188821364,18.588116997375327,24.773319024048973,0.0403660082457759,0.0312864389243346,,0.1058502267888549,0.95,19,20,0.4461012249883761,2.0,22.0,0.2670954545454546,0.2670954545454546,0.0909090909090909,0.0,1.0,0.0909090909090909,22.0,2,5,"cheapness,risk",0.2910816666666666,True,0.7,0.4017,avoid,1,5,stable,0.1611,persistent,2026-09-04,wait,0.25,57.068746258011515
CARR,Carrier Global Corporation,Industrials,46689771520.0,41.343063,17.120007,3.5544398,1.66,1.02,91.998,0.08966,0.0399031997848884,0.055180002,0.039,-0.118,861750016.0,58064773120.0,3092999936.0,1907000000.0,21747000000.0,12394000384.0,1344000000.0,15.935,37190000000.0,8533000000.0,,7114000000.0,1484000000.0,2513000000.0,0.258610383041339,,836141122.0,0.1498275539395235,0.2659877256959886,1.1994658420016868,1.253294475418145,0.3294165098144662,0.3420581236799187,0.5847539661199247,0.6011817233911718,878337677.0,458000000.0,56.64,[],{},0.0184569336697409,18.772962923203888,30.448229218668065,0.0328426324177463,0.0241878546831423,,0.063406038036973,1.0,20,20,0.3498088978836377,1.0,22.0,0.3053363636363636,0.3053363636363636,0.0454545454545454,0.0,0.8,0.0454545454545454,22.0,1,5,garp,0.4015183333333333,False,0.73335,0.3961,avoid,1,20,stable,0.0746,persistent,2026-07-16,insufficient_data,0.0,
FLEX,Flex Ltd.,Technology,39899217920.0,43.55242,15.188909,7.2538614,,1.38,107.818,0.18378,0.0398912058023572,0.03325,0.206,0.52,625750016.0,42989215744.0,2123000064.0,1447000000.0,27914000000.0,5929999872.0,2840000000.0,14.89,22060000000.0,16332000000.0,,12016000000.0,880000000.0,1685000000.0,0.0919610231425091,,365690291.0,0.0455905554648822,0.0836400263433153,1.3591877496671103,1.3036548223350253,0.1956482320942883,0.2256678091507535,1.2653671804170443,1.4043305587291224,377817433.0,215000000.0,108.01,[],{},0.0156832652022067,20.249276706569145,29.709202310988253,0.0336596045067874,0.0229608366194117,,0.1440661091198725,0.95,19,20,0.382738271456211,3.0,22.0,0.2643181818181818,0.2643181818181818,0.1363636363636363,0.0,1.0,0.1363636363636363,22.0,3,5,"quality,garp,risk",0.3374933333333333,True,0.9,0.3959,avoid,1,20,stable,0.2219,persistent,2026-07-16,insufficient_data,0.0,
J,Jacobs Solutions Inc.,Industrials,16447435776.0,47.15772,17.015686,5.0423393,1.02,1.287,124.734,0.07998,0.0257129615682155,0.0238,0.345,-0.254,645677888.0,19309146112.0,1056488000.0,863634000.0,12029783000.0,4054662912.0,1179111936.0,27.87,11252535000.0,4359319000.0,,3350899000.0,289336000.0,686704000.0,0.2481286653300396,,119081294.0,0.0685511231605055,0.2463064544022963,1.300940135766551,1.1999732335949758,0.2408219125734778,0.2340476936611558,1.0690731466287375,0.97805392548094,124253511.0,145788000.0,140.53,[],{},0.0392570548256628,18.276730177720903,22.358019846370105,0.0447266800401536,0.0212054357165698,,0.1092981250971317,1.0,20,20,0.3642739118804986,3.0,22.0,0.3132681818181818,0.3132681818181818,0.1363636363636363,0.0,1.0,0.1363636363636363,22.0,3,5,"quality,garp,risk",0.3945583333333333,True,0.9,0.3946,avoid,1,5,stable,0.2277,persistent,2026-09-04,neutral,0.625,41.458511829602834
AEP,"American Electric Power Company, Inc.",Utilities,67216744448.0,21.585665,18.006836,2.0952332,3.05,0.504,160.789,0.10130999,0.0312773021142757,0.13781999,0.07,-0.432,-5995950080.0,121348743168.0,9029000192.0,5385000000.0,21876000000.0,53525000192.0,603000000.0,58.929,114460000000.0,6052000000.0,,13314000000.0,3580000000.0,6944000000.0,0.6100749680014628,,540861473.0,0.028784027629562,0.6318138025455099,0.4545591107105303,0.4449996156507033,0.4325353835401013,0.443964764547236,0.1911235366066748,0.1913211354508236,532907715.0,2026000000.0,123.47,[],{},-0.0892032205552378,13.439887095751653,22.534585546518105,0.0443762321670261,0.0463270415806045,,0.0532398710774523,1.0,20,20,0.4062365591397849,3.0,22.0,0.4029045454545454,0.4029045454545454,0.1363636363636363,0.0,0.9175,0.1363636363636363,22.0,2,5,"dividend,garp",0.501905,False,0.53335,0.3901,avoid,1,8,stable,0.1593,persistent,2026-07-26,neutral,0.625,43.64241810307729
NI,NiSource Inc.,Utilities,19863377920.0,22.14973,18.383152,2.074319,2.88,0.498,146.649,0.085489996,0.025921185095946,0.13153,0.046,-0.584,-1772999936.0,39556177920.0,3025999872.0,1831900000.0,6642200000.0,17443000320.0,70000000.0,19.968,35858700000.0,2377200000.0,,3457400000.0,929500000.0,2362300000.0,0.503989641986089,,478432058.0,0.0239209012177512,0.5146926729115873,0.6875686932376931,0.5057130354451306,0.4521496875235298,0.4391674872043312,0.1852325934849841,0.1716082433363428,465859472.0,661900000.0,41.42,[],{},-0.0892597393625988,13.072101650108728,21.592978830722203,0.0463113499920267,0.0451472771902862,,0.0565378549626095,1.0,20,20,0.3502150537634408,2.0,22.0,0.4026863636363636,0.4026863636363636,0.0909090909090909,0.0,0.9035,0.0909090909090909,22.0,2,5,"dividend,garp",0.4985916666666666,False,0.53335,0.3857,avoid,1,6,stable,0.1472,persistent,2026-08-16,neutral,0.625,42.735789592206345
JBL,Jabil Inc.,Technology,31729528832.0,38.920307,17.985119,23.991758,0.1,0.981,297.136,0.65876,0.0354311600064714,0.02566,0.118,0.276,1211624960.0,34316529664.0,2396999936.0,1436000000.0,29802000000.0,3943000064.0,1360000000.0,12.621,18543000000.0,13720000000.0,,13714000000.0,657000000.0,1640000000.0,0.0887859875176162,,107480895.0,0.0799953893147369,0.0926496555066994,1.0004375091147732,1.0856391105075538,0.1815240252386345,0.1877125237738459,1.607183303672545,1.6646302806754654,113744167.0,147000000.0,302.8,[],{},0.0381860369378711,14.316449970902294,23.89730477994429,0.041845723156163,0.0256935280597863,,0.2973700559121971,1.0,20,20,0.4147393429790423,3.0,22.0,0.31965,0.31965,0.1363636363636363,0.0,1.0,0.1363636363636363,22.0,3,5,"cheapness,dividend,risk",0.3550333333333333,True,0.8,0.371,avoid,1,4,stable,0.2357,persistent,2026-09-06,neutral,0.5,41.0852140798574
BG,Bunge Global SA,Consumer Defensive,23936120832.0,26.621796,10.985541,1.5003251,2.33,1.567,97.995,0.071779996,0.0183255479698167,0.01097,0.883,0.33,-6475375104.0,41666121728.0,3126000128.0,1296000000.0,70329000000.0,17061000192.0,788000000.0,83.042,44528000000.0,24391000000.0,,15127000000.0,816000000.0,844000000.0,0.0484721807504727,,193408656.0,0.0456644845174505,0.0638886796716125,1.6124148872876314,2.1463349024882312,0.3560680919870643,0.2859150969918471,1.5794331656485807,2.132937065745612,133964235.0,628000000.0,124.59,[],{},-0.2705273402256194,13.328893161196952,32.149785283950614,0.0311044067998552,0.0375632057281184,,0.0440801333287983,1.0,20,20,0.3590909090909091,3.0,22.0,0.3101363636363636,0.3101363636363636,0.1363636363636363,0.0,0.8999,0.1363636363636363,22.0,2,5,"dividend,garp",0.4102933333333333,False,0.53335,0.3641,avoid,1,6,stable,0.1446,persistent,2026-08-16,neutral,0.625,64.72902593899444
JCI,Johnson Controls International plc,Industrials,86505930752.0,40.802856,23.605583,6.416408,1.1,1.0,70.107,0.14332,0.0867445109254329,0.14319,0.093,0.153,2984124928.0,95372943360.0,4325000192.0,2828000000.0,23596000000.0,9475000320.0,641000000.0,22.257,37939000000.0,10162000000.0,,10941000000.0,3291000000.0,1399000000.0,0.3641295134768605,,611130391.0,0.0399344185501815,0.3519083304287208,0.9287999268805412,0.9350899205353408,0.2604180394844355,0.2223445368310106,0.6219457550278078,0.5375805129406254,662878003.0,227000000.0,142.81,[],{},0.0344961888977884,22.051546618752152,33.72452028288543,0.0296520155546135,0.0245080883553837,,0.1047484998888806,1.0,20,20,0.3579371386450177,3.0,22.0,0.3792181818181818,0.3792181818181818,0.1363636363636363,0.0,0.8,0.1363636363636363,22.0,3,5,"quality,dividend,garp",0.4694033333333333,False,0.73335,0.3634,avoid,1,20,stable,0.2164,persistent,2026-07-16,insufficient_data,0.0,
MRK,"Merck & Co., Inc.",Healthcare,357024432128.0,117.65041,15.155339,8.519369,2.3,1.323,128.408,0.06961,0.1333713266991071,0.047659997,0.051,,15171500032.0,403845414912.0,28871000064.0,22107000000.0,65011000000.0,53910999040.0,7141000192.0,16.986,136866000000.0,43516000000.0,,28327000000.0,18254000000.0,16472000000.0,0.7480118749134762,,2474626766.0,0.1461667207487234,0.7632308939035033,1.5362022099057435,1.3646023926812103,0.3604912834451215,0.3169009273649514,0.4749974427542268,0.5479480129113794,2527637335.0,1357000000.0,144.71,[],{},0.0424942907732452,13.987926085579742,18.267762017098654,0.0547412430194787,0.0084997578843966,,0.203677940648062,1.0,20,20,0.330509154923265,2.0,22.0,0.3122363636363636,0.3122363636363636,0.0909090909090909,0.0,1.0,0.0909090909090909,22.0,2,5,"cheapness,risk",0.371375,True,0.9,0.3632,avoid,1,6,stable,0.1387,persistent,2026-08-16,neutral,0.375,51.762718656325724
CBRE,"CBRE Group, Inc.",Real Estate,39958495232.0,31.94213,15.171473,4.7625456,,1.141,117.789,0.15798001,0.0374712569226284,0.029760001,0.155,-0.042,1637624960.0,50051493888.0,2214000128.0,1294000000.0,40550000000.0,10805999616.0,1488999936.0,28.974,30877000000.0,13489000000.0,,12320000000.0,1157000000.0,1559000000.0,0.1865844636251541,,295731478.0,0.0396997908378788,0.1944809461235216,1.0948863636363635,1.0735436631850974,0.323574181429543,0.2335233564368617,1.3132752534248793,1.466882664151253,302052229.0,,137.99,[],{},0.0409831489021773,22.606816167266278,38.67967070170016,0.025853374184906,0.0313066160584782,,0.0697310987767419,0.95,19,20,0.4250319284802043,1.0,22.0,0.2160454545454545,0.2160454545454545,0.0454545454545454,0.0,1.0,0.0454545454545454,22.0,1,5,risk,0.2527366666666666,True,0.7,0.3624,avoid,1,20,stable,0.0748,persistent,2026-07-16,insufficient_data,0.0,
INTC,Intel Corporation,Technology,530302074880.0,,49.06127,5.7791348,,1.604,48.997,-0.10715,-0.0012628352780365,-0.19794,0.254,,4866375168.0,542425088000.0,16839999488.0,-23000000.0,52853000000.0,50537000960.0,29727000576.0,17.359,211429000000.0,63688000000.0,,31575000000.0,-267000000.0,9697000000.0,0.3476623843490435,,4994000000.0,-0.0954576685243148,0.3266416828308318,2.017038796516231,1.3268659227275277,0.2203340128364604,0.2545283354963483,0.2499798986893945,0.2702547268239306,4330000000.0,1091000000.0,100.32,[],{},0.0091766097070263,32.21051689381144,-23583.69947826087,-4.240216853686532e-05,,,-0.0001278815038864,0.9,18,20,0.3087409916943239,1.0,22.0,0.2204181818181818,0.2204181818181818,0.0454545454545454,0.0,1.0,0.0454545454545454,22.0,1,5,risk,0.23471,True,0.65,0.3616,avoid,1,20,stable,0.0603,persistent,2026-07-16,insufficient_data,0.0,
LIN,Linde plc,Basic Materials,212797652992.0,30.112198,23.605501,5.4450445,1.37,0.879,68.947,0.18400998,0.0794544847207344,0.20435,0.093,0.113,4160750080.0,237461667840.0,13822000128.0,9254000000.0,33986000000.0,28013000704.0,4897999872.0,84.778,86817000000.0,13325000000.0,,15198000000.0,6898000000.0,10350000000.0,0.4883481433531454,,463680942.0,0.0819119867243939,0.480593849416755,0.8767601000131596,0.8900577557755776,0.3233122545123651,0.2820941519957078,0.3914671089763525,0.41180580682995,473236732.0,464000000.0,461.62,[],{},0.0195526126416273,17.179978703585785,25.66043525394424,0.0389705003092763,0.0332091333884029,,0.129211522082129,1.0,20,20,0.3916666666666667,3.0,22.0,0.416059090909091,0.416059090909091,0.1363636363636363,0.0,1.0,0.1363636363636363,22.0,3,5,"dividend,garp,risk",0.5275333333333333,True,0.9,0.3567,avoid,1,20,stable,0.2245,persistent,2026-07-16,insufficient_data,0.0,
GNRC,Generac Holdings Inc.,Industrials,10719685632.0,42.94799,15.369413,3.7251122,,2.045,49.003,0.09491,0.0286263345987452,0.05817,0.106,0.92,289056512.0,11859111936.0,636244992.0,289191000.0,4209147000.0,1410317952.0,271264000.0,48.769,5573679000.0,2462478000.0,,1215346000.0,159554000.0,437978000.0,0.3829129750041992,,58676763.0,0.0636592148756853,0.3877305314870174,2.0261538689393803,1.966961299015053,0.2688104212675326,0.2888317472483188,0.7551828872814527,0.8407820906494412,59611934.0,70697000.0,181.67,[],{},0.026965017624875,18.639222445934788,41.00788729939728,0.0243855527766898,0.0232839767355818,,0.0663535806006562,0.95,19,20,0.3236472527006477,3.0,22.0,0.3289318181818182,0.3289318181818182,0.1363636363636363,0.0,1.0,0.1363636363636363,22.0,2,5,"garp,risk",0.4117066666666666,True,1.0,0.3543,avoid,1,15,stable,0.1288,persistent,2026-07-16,insufficient_data,0.0,
BA,The Boeing Company,Industrials,161867792384.0,74.202896,50.068695,26.54225,,1.138,790.875,1.73537,0.0132849882604689,0.025910001,0.08,,5625375232.0,190955782144.0,-2900000000.0,-5416000000.0,89463000000.0,48362000384.0,19295000576.0,7.716,168235000000.0,128459000000.0,,108115000000.0,2235000000.0,1065000000.0,0.0479416071448531,,784698272.0,-0.0755741447784962,-0.0299321977840251,1.1881700041622347,1.318506767753765,0.3235533628555295,0.3465525731790769,0.5317740065979136,0.4254011498884007,749216319.0,2771000000.0,204.8,[],{},0.0347529001856952,-65.84682142896551,-35.2577145760709,-0.0283625870826775,0.0134765629632568,,-0.090086493679308,0.95,19,20,0.3875585418017242,0.0,22.0,0.2002272727272727,0.2002272727272727,0.0,0.0,0.6667,0.0,22.0,0,5,,0.2311983333333333,False,0.63335,0.3529,avoid,1,20,stable,0.0,persistent,2026-07-16,insufficient_data,0.0,
RVTY,"Revvity, Inc.",Healthcare,13495259136.0,59.576355,20.523977,1.8668479,0.23,1.8,46.225,0.03211,0.019821897863246,0.08158,0.013,0.012,604992128.0,15813832704.0,875832000.0,356635000.0,2856051000.0,3341516032.0,1022942976.0,64.783,12168411000.0,2239747000.0,,1331246000.0,241201000.0,582933000.0,0.5477370677204294,,112281000.0,0.021818477305346,0.5581286710179868,1.6824441162640114,3.59762364109631,0.2792646467973509,0.2683728790964971,0.2347102674293299,0.2223143748974176,120646000.0,92185000.0,120.94,[],{},0.0448299748751115,18.05578319129696,44.34178559030942,0.0225520913668064,0.0167851826450275,,0.0329085143577679,1.0,20,20,0.3471711376212133,2.0,22.0,0.3444318181818182,0.3444318181818182,0.0909090909090909,0.0,1.0,0.0909090909090909,22.0,1,5,risk,0.3875533333333333,True,1.0,0.3502,avoid,1,15,stable,0.0697,persistent,2026-07-16,insufficient_data,0.0,
VST,Vistra Corp.,Utilities,49355157504.0,25.529514,14.186334,16.435678,0.61,0.973,373.28,0.42962003,0.0227196149217809,0.1155,-0.055,-0.062,37125000.0,71916158976.0,6646000128.0,2134000000.0,17738000000.0,20508000256.0,435000000.0,8.947,41550000000.0,9179000000.0,,11814000000.0,944000000.0,4070000000.0,0.3288984101928064,,338059635.0,0.0703997881916865,0.4368903855085926,0.7769595395293719,0.9628795066413662,0.4829843561973526,0.4513635160180037,0.4269073405535499,0.4560232989144824,339754307.0,982000000.0,147.05,[],{},0.0007522010237124,10.82096864142582,33.70016821743205,0.0296734423860451,0.0391703500505336,,0.0717648641377455,1.0,20,20,0.3953763440860215,1.0,22.0,0.2796681818181818,0.2796681818181818,0.0454545454545454,0.0,0.6667,0.0454545454545454,22.0,1,5,garp,0.343025,False,0.53335,0.3438,avoid,1,20,stable,0.0739,persistent,2026-07-16,insufficient_data,0.0,
MRNA,"Moderna, Inc.",Healthcare,54543605760.0,,-30.435343,8.062555,,2.295,19.036,-0.38998002,-0.2287242664937591,-1.41427,0.021,,299249984.0,50692608000.0,-2195000064.0,-3074000000.0,1922000000.0,1287000064.0,5137999872.0,16.945,12338000000.0,6544000000.0,,1987000000.0,-2822000000.0,-1873000000.0,0.5483870967741935,,394000000.0,-0.2518031395842172,0.5423569865582994,3.293407146451937,3.671350861287398,0.1057707894310261,0.0528213831141281,0.1557788944723618,0.226205628623957,386000000.0,10000000.0,136.62,[],{},0.0054864356661117,-23.09458155897348,-16.490763825634353,-0.060640004949045,,,-0.2969761375712491,0.9,18,20,0.229787648548607,1.0,22.0,0.235590909090909,0.235590909090909,0.0454545454545454,0.0,1.0,0.0454545454545454,22.0,1,5,risk,0.2291599999999999,True,0.65,0.3416,avoid,1,20,stable,0.0514,persistent,2026-07-16,insufficient_data,0.0,
ECHO,EchoStar Corporation,Communication Services,26681571328.0,,5.8740125,1.8846824,,5.201,123.757,-0.33428,-0.3370155374624372,-0.38712,-0.04,,-18870501376.0,43806912512.0,1989049984.0,-91135000.0,15004989000.0,17575225344.0,496192992.0,48.735,43016355000.0,5133171000.0,,12363419000.0,-14497180000.0,-99374000.0,0.2582252476159762,,288825905.0,-0.0019617423000925,0.2561015388060648,0.4151902479403149,1.3883874917681922,0.700132310141108,0.4892577354021428,0.3488205590641048,0.2596957167784071,286397144.0,1521713000.0,91.85,[],{},-0.7072485028719819,22.024038040463843,-480.681543995172,-0.0020803794372642,,,-0.0029731246625119,0.9,18,20,0.2916666666666666,0.0,22.0,0.1253136363636363,0.1253136363636363,0.0,0.0,1.0,0.0,22.0,0,5,,0.1024283333333333,False,0.25,0.3409,avoid,1,20,stable,0.0,persistent,2026-07-16,insufficient_data,0.0,
CRL,"Charles River Laboratories International, Inc.",Healthcare,13149790208.0,,21.51982,4.588544,,1.348,105.047,-0.07516,-0.0202283761212721,-0.05963,-0.027,,468856000.0,15923897344.0,849118016.0,401136000.0,4015382000.0,3034319104.0,192024992.0,59.496,7135422000.0,1447049000.0,,1120315000.0,-144338000.0,737646000.0,0.3295514598611041,,49217000.0,0.0013677640968898,0.3288455845188715,1.2916447606253598,1.4113968298995776,0.360232092790027,0.3618317173296388,0.5627392465365048,0.5379653828298252,51141000.0,107029000.0,273.0,[],{},0.0356550175009453,18.75345599073945,39.69700386901201,0.025190818009835,,,0.0666880905027957,0.9,18,20,0.2969745510170213,0.0,22.0,0.1912954545454545,0.1912954545454545,0.0,0.0,1.0,0.0,22.0,0,5,,0.207365,False,0.65,0.3352,avoid,1,6,stable,0.0,persistent,2026-08-16,neutral,0.375,46.9878566561801
AMZN,"Amazon.com, Inc.",Consumer Cyclical,2716964487168.0,20.330105,24.219446,4.9239583,,1.033,45.617,0.30558002,0.094946225254938,0.1744,0.196,2.423,3219124992.0,2845611655168.0,168911994880.0,79975000000.0,716924000000.0,251635007488.0,122988003328.0,51.156,818042000000.0,229083000000.0,,218005000000.0,77670000000.0,139514000000.0,0.5028566486824266,,10731000000.0,0.0948128802644928,0.4885439346415678,1.0508153482718283,1.063734806137178,0.1870160700795313,0.2094755270493875,0.8763902097936291,1.020907545919788,10593000000.0,2274000000.0,251.89,[],{},0.0011848240958627,16.846711550530234,35.581264834860896,0.0281046782524787,0.0491881374936332,,0.1332834475207362,0.95,19,20,0.3466332269341844,3.0,22.0,0.4284818181818182,0.4284818181818182,0.1363636363636363,0.0,1.0,0.1363636363636363,22.0,2,5,"quality,garp",0.520125,False,0.73335,0.3333,avoid,1,20,stable,0.1292,persistent,2026-07-16,insufficient_data,0.0,
IRM,Iron Mountain Incorporated,Real Estate,33610647552.0,81.81159,41.383053,-26.237509,3.0,0.726,,,0.0068445382226638,0.055359997,0.185,,-436093504.0,53742125056.0,2551013120.0,1403920000.0,6901737000.0,19947120640.0,204792992.0,-4.303,21125019000.0,1934983000.0,,2619496000.0,144591000.0,1339999000.0,0.5538108739872296,,295788645.0,0.0096252013197546,0.5615302600412462,0.7386852279980577,0.5478041314751683,0.9018470468594608,0.8745638417031685,0.3267091499420663,0.3285714171227777,293592637.0,846462000.0,112.9,[],{},-0.0129748617108702,21.06697320945178,38.280048048321845,0.0261232691959444,0.0122232070052666,,0.0758649188136968,0.9,18,20,0.33435960591133,0.0,22.0,0.2776954545454546,0.2776954545454546,0.0,0.0,0.745,0.0,22.0,0,5,,0.272425,False,0.33335,0.3254,avoid,1,20,stable,0.0,persistent,2026-07-16,insufficient_data,0.0,
APD,"Air Products and Chemicals, Inc.",Basic Materials,65391607808.0,,20.335802,4.70993,2.45,1.085,110.091,0.00023,-0.0096080078909874,-0.00375,0.046,,-1497500032.0,85375401984.0,4652199936.0,2889000000.0,12037300000.0,18271199232.0,1000000000.0,62.347,41059500000.0,5825800000.0,,4218600000.0,-394500000.0,3256800000.0,0.3141319066568084,,222588256.0,0.0967337635756268,0.3249343007784738,1.380979471862703,1.522394487510767,0.4482811529609469,0.379185133899016,0.2931672329180823,0.3057668302395981,222372418.0,214000000.0,293.65,[],{},-0.0229004926197394,18.351619267981523,29.55188715264797,0.0338387864989663,,,0.078418279683721,0.95,19,20,0.29,0.0,22.0,0.2612545454545454,0.2612545454545454,0.0,0.0,1.0,0.0,22.0,0,5,,0.29582,False,0.65,0.3233,avoid,1,23,stable,0.0,persistent,2026-07-16,insufficient_data,0.0,
MLM,"Martin Marietta Materials, Inc.",Basic Materials,35685109760.0,32.67035,22.797039,2.613356,0.67,1.407,54.945,0.08894,0.0607663940997274,0.36737,0.21,-0.232,593374976.0,36416282624.0,2126000000.0,1455000000.0,6150000000.0,6344999936.0,112000000.0,192.27,18711000000.0,3193000000.0,,895000000.0,1137000000.0,1785000000.0,0.3071544715447154,,60309739.0,0.1097963676389653,0.2889438361003179,3.567597765363129,2.4441117764471056,0.304900860456416,0.3189323059988992,0.3286836620169953,0.3116125481563015,61126646.0,230000000.0,502.47,[],{},0.0166280832535121,17.12901346378175,25.028372937457046,0.0399546547631714,0.0306087936003134,,0.0816681634485855,1.0,20,20,0.3450000000000001,3.0,22.0,0.3547590909090908,0.3547590909090908,0.1363636363636363,0.0,1.0,0.1363636363636363,22.0,3,5,"quality,garp,risk",0.4138916666666666,True,0.83335,0.3175,avoid,1,7,stable,0.1988,persistent,2026-08-02,neutral,0.5,36.77225584575744
XYZ,"Block, Inc.",Technology,47504859136.0,141.19643,15.3042755,2.1546133,,2.209,32.58,0.01612,0.0330123825638237,0.01426,0.093,-0.833,-27105876.0,47902236672.0,1547908992.0,3045652000.0,24193683000.0,7171312128.0,6738176000.0,36.698,39549887000.0,22856880000.0,,10384460000.0,1305636000.0,2579714000.0,0.428208016117265,,602078000.0,0.0787720621753543,0.3685177425711887,2.201065823355283,2.326040816689478,0.2267105339643574,0.2153107890823203,0.611725717446424,0.6558627066288593,619676000.0,,79.07,[],{},-0.0005705916508961,30.946416694761343,15.728072896049843,0.063580580189907,0.0070823320391315,,0.1044267927227672,0.95,19,20,0.283047122678171,2.0,22.0,0.288440909090909,0.288440909090909,0.0909090909090909,0.0,1.0,0.0909090909090909,22.0,2,5,"cheapness,risk",0.3031733333333333,True,0.83335,0.3145,avoid,1,20,stable,0.1135,persistent,2026-07-16,insufficient_data,0.0,
CSGP,"CoStar Group, Inc.",Real Estate,11949277184.0,163.83333,17.019188,1.5049758,,2.214,14.537,0.00894,0.000664262668438,0.02081,0.184,12.61,412700000.0,11851277312.0,394000000.0,-72000000.0,3247000000.0,1155000064.0,1266000000.0,19.595,10538000000.0,2119000000.0,,746000000.0,7000000.0,430000000.0,0.7887280566676933,,417900000.0,0.0150156638219725,0.7960526315789473,2.8404825737265416,8.967391304347826,0.1123552856329474,0.1243383385546073,0.3081229834883279,0.2955601166684671,409500000.0,,29.49,[],{},0.0345376539220801,30.07938404060914,-164.60107377777777,-0.0060752945108369,0.0061037641119789,,-0.0073529411764705,0.95,19,20,0.2917136203140259,3.0,22.0,0.3256681818181818,0.3256681818181818,0.1363636363636363,0.0,1.0,0.1363636363636363,22.0,2,5,"garp,risk",0.4348816666666667,True,1.0,0.3118,avoid,1,20,stable,0.1147,persistent,2026-07-16,insufficient_data,0.0,
NOW,"ServiceNow, Inc.",Technology,135611678720.0,81.98125,26.205122,10.835123,,0.701,67.538,0.14244,0.0671326522774406,0.11336,0.24,-0.219,5149374976.0,139400675328.0,2896999936.0,1824000000.0,13278000000.0,8453000192.0,4664000000.0,12.106,26038000000.0,10471000000.0,,10443000000.0,1748000000.0,5444000000.0,0.7753426720891701,,1047278000.0,0.0699112005102291,0.791788055353241,1.00268122187111,1.0991864082316345,0.0922881941777402,0.1117597998331943,0.5099470005376757,0.5388804395820046,1032435000.0,23000000.0,131.17,[],{},0.0379714713703383,48.118977703698505,76.42580884210527,0.01308458510483,0.0121979111077228,,0.1169605642834241,0.95,19,20,0.3096216451887834,2.0,22.0,0.2333909090909091,0.2333909090909091,0.0909090909090909,0.0,1.0,0.0909090909090909,22.0,2,5,"quality,risk",0.3020566666666667,True,0.9,0.3032,avoid,1,20,stable,0.1164,persistent,2026-07-16,insufficient_data,0.0,
DLR,"Digital Realty Trust, Inc.",Real Estate,70007521280.0,92.685,64.11303,2.56859,2.58,0.89,67.944,0.02912,0.0264840438265025,0.11825,0.299,-0.587,3768482048.0,89604521984.0,3210312960.0,922135000.0,6112692000.0,20074991616.0,1907729024.0,72.168,49410468000.0,5160368000.0,,4683508000.0,1308589000.0,2412136000.0,0.5539220690327601,,343557430.0,0.0133048120538783,0.5465113390392168,1.1018168432721798,1.1085971725811534,0.3977973250526588,0.397684584199283,0.1237124894263296,0.1226705923837884,336637000.0,437947000.0,185.37,[],{},0.0538296739992791,27.911460066497693,97.17072010497378,0.0102911658874164,0.0107892323461185,,0.0206169835821616,1.0,20,20,0.2984469074986317,3.0,22.0,0.3394863636363636,0.3394863636363636,0.1363636363636363,0.0,1.0,0.1363636363636363,22.0,3,5,"cheapness,garp,risk",0.453285,True,0.8,0.2996,avoid,1,14,stable,0.1794,persistent,2026-07-20,neutral,0.5,44.03891179220762
COIN,"Coinbase Global, Inc.",Financial Services,45453824000.0,,62.924137,3.474438,,2.423,50.982,-0.07847,0.0424755370682875,-0.16344,-0.173,,2668452864.0,43333271552.0,699548992.0,1456145000.0,7181325000.0,6668290048.0,8788842496.0,49.585,29671832000.0,20388445000.0,,8701282000.0,1260327000.0,2426383000.0,0.7463949897825262,,267836000.0,0.1144118359586532,0.7478229830829485,2.3431541467107952,2.280811376446233,0.2639358095583717,0.2082400942136729,0.2420249952884607,0.2911916541740331,253640000.0,85413000.0,172.28,[],{},0.0587068948038343,61.94458436443576,29.75889870308245,0.0336033940629805,,,0.069437616085415,0.9,18,20,0.2691770186335403,3.0,22.0,0.2709863636363636,0.2709863636363636,0.1363636363636363,0.0,1.0,0.1363636363636363,22.0,2,5,"cheapness,risk",0.3025083333333333,True,1.0,0.2959,avoid,1,20,stable,0.1017,persistent,2026-07-16,insufficient_data,0.0,
DE,Deere & Company,Industrials,182789849088.0,37.600666,29.884327,6.530522,0.96,2.132,376.022,0.18242,0.0474263179742631,0.10168,-0.111,-0.085,4516250112.0,222435852288.0,8600000512.0,8416000000.0,44665000000.0,48473001984.0,8830000128.0,103.811,105996000000.0,74902000000.0,,32455000000.0,5027000000.0,7459000000.0,0.3648270457852905,,270352040.0,0.0661572866194558,0.3859020547131715,2.307872438761362,2.159816462736374,0.6061549492433677,0.6099795005590757,0.4213838258047473,0.4707230711889675,271752292.0,3170000000.0,677.94,[],{},0.0247073354156868,25.86463244712886,26.43011552851711,0.0378356272760532,0.0265952736049941,,0.1144395643246624,1.0,20,20,0.3061354252017285,2.0,22.0,0.3421227272727272,0.3421227272727272,0.0909090909090909,0.0,1.0,0.0909090909090909,22.0,2,5,"garp,risk",0.4138183333333333,True,0.7,0.2861,avoid,1,20,stable,0.1184,persistent,2026-07-16,insufficient_data,0.0,
CNP,"CenterPoint Energy, Inc.",Utilities,25769136128.0,23.709091,18.747305,2.1986175,2.41,1.123,210.256,0.09825,0.0226071259724072,0.11611,0.107,0.233,-5191875072.0,49958137856.0,3854000128.0,2110000000.0,9357000000.0,24642000896.0,453000000.0,17.793,46534000000.0,5701000000.0,,6260000000.0,1052000000.0,2486000000.0,0.4505717644544191,,652869575.0,0.0232818497532443,0.4600254541247252,0.910702875399361,1.0830655129789863,0.4938324665835733,0.4789572290257722,0.2010787811062878,0.1974730396636812,651727276.0,903000000.0,39.12,[],{},-0.2014764890142614,12.962671561177489,23.67684258578199,0.0422353612554953,0.0421779139487043,,0.0523911208223667,1.0,20,20,0.2862365591397849,3.0,22.0,0.3739272727272727,0.3739272727272727,0.1363636363636363,0.0,1.0,0.1363636363636363,22.0,3,5,"cheapness,dividend,garp",0.46256,False,0.43335,0.2814,avoid,1,20,stable,0.1703,persistent,2026-07-16,insufficient_data,0.0,
DASH,"DoorDash, Inc.",Consumer Cyclical,87105888256.0,103.09231,24.684462,8.778986,,1.368,33.276,0.088870004,0.0475609135764789,0.05292,0.356,-0.3,5147500032.0,85074427904.0,1436000000.0,725000000.0,13717000000.0,3304999936.0,5346999808.0,22.899,19659000000.0,8643000000.0,,6147000000.0,935000000.0,2431000000.0,0.5087847196908946,,434247000.0,0.009575710393149,0.4831188211154635,1.4060517325524646,1.6642631816133393,0.1673533750445088,0.0417282989490074,0.6977465791749325,0.8347216815881666,419677000.0,,201.03,[],{},0.059094742445789,59.24403057381616,117.34403848827586,0.008521949754609,0.0097000445523046,,0.0536560094730609,0.95,19,20,0.2828648652862059,3.0,22.0,0.2717818181818182,0.2717818181818182,0.1363636363636363,0.0,1.0,0.1363636363636363,22.0,2,5,"cheapness,risk",0.3381733333333333,True,1.0,0.2796,avoid,1,20,stable,0.1069,persistent,2026-07-16,insufficient_data,0.0,
NRG,"NRG Energy, Inc.",Utilities,23470000128.0,30.013441,9.97191,5.5841756,1.65,0.968,483.357,0.23772,0.02964996568291,0.02563,0.11,,772374976.0,47424999424.0,3252999936.0,1944000000.0,30713000000.0,23466999808.0,162000000.0,19.994,29140000000.0,13147000000.0,,8029000000.0,864000000.0,1913000000.0,0.1937941588252531,,190376607.0,0.0468320706019482,0.2143618912193388,1.637439282600573,1.017133779643708,0.5704186684969115,0.4575389226542336,1.05398078242965,1.171009907584714,198604003.0,741000000.0,111.65,[],{},0.0329090316057794,14.578850401797242,24.395575835390947,0.0409910389796697,0.0333184055770213,,0.0920846951826062,1.0,20,20,0.3455913978494624,1.0,22.0,0.3022818181818182,0.3022818181818182,0.0454545454545454,0.0,1.0,0.0454545454545454,22.0,1,5,risk,0.3400983333333333,True,0.7,0.2682,avoid,1,20,stable,0.0614,persistent,2026-07-16,insufficient_data,0.0,
TMO,Thermo Fisher Scientific Inc.,Healthcare,223024168960.0,32.569115,21.908985,4.233644,0.31,1.551,80.575,0.13515,0.0607560062713538,0.15036,0.105,0.094,6237250048.0,261637160960.0,11738999808.0,8110000000.0,44557000000.0,42548998144.0,4064000000.0,142.473,110343000000.0,28707000000.0,,15189000000.0,6704000000.0,7818000000.0,0.4093408443117804,,376221470.0,0.0650938646335323,0.4128361202453415,1.8899861742050168,1.6604410441044104,0.3569324741941038,0.3213592133249761,0.4038045005120397,0.4405934998612837,380774334.0,1419000000.0,603.18,[],{},0.0279667000984035,22.28785801510084,32.2610556054254,0.03099712582969,0.0307039353080364,,0.0852302583180948,1.0,20,20,0.2990307484382275,3.0,22.0,0.3226590909090909,0.3226590909090909,0.1363636363636363,0.0,1.0,0.1363636363636363,22.0,3,5,"dividend,garp,risk",0.3932783333333333,True,0.9,0.2655,avoid,1,20,stable,0.1694,persistent,2026-07-16,insufficient_data,0.0,
COHR,Coherent Corp.,Technology,57412141056.0,73.4762,21.007774,5.2633753,,2.427,31.612,0.07981,0.0439893175092345,0.11309,0.337,,-649981632.0,59309494272.0,1423416960.0,901522000.0,7118181000.0,3552666880.0,1990018048.0,55.7,18299852000.0,6925499000.0,,2853929000.0,804998000.0,79514000.0,0.3749609626391911,,195752792.0,0.0033105902942645,0.3516835725282546,2.4266542720579243,2.188023340229023,0.1933586129549026,0.2611276716632678,0.3889747851512679,0.3896546132315235,155555206.0,190267000.0,293.17,[],{},-0.0113213271625945,41.66698580857151,65.78818295282866,0.0152002982164292,0.0136098491756514,,0.0583663404252371,0.95,19,20,0.2420006982904888,1.0,22.0,0.2216454545454545,0.2216454545454545,0.0454545454545454,0.0,1.0,0.0454545454545454,22.0,1,5,risk,0.252935,True,0.66665,0.2493,avoid,1,20,stable,0.0467,persistent,2026-07-16,insufficient_data,0.0,
CL,Colgate-Palmolive Company,Consumer Defensive,70071492608.0,34.6063,21.397171,296.95947,2.41,1.026,1388.163,2.67367,0.1305572565829761,0.096829996,0.049,-0.055,3458374912.0,76805488640.0,4983000064.0,4233000000.0,20382000000.0,7856999936.0,1452999936.0,0.296,16330000000.0,5709000000.0,,6853000000.0,2132000000.0,4198000000.0,0.6010695711902659,,801239524.0,0.1800448709958868,0.6049947763792846,0.8330658105939005,0.9232505643340858,0.5238211879975505,0.5304748847064689,1.248132271892223,1.2527109560014955,812574698.0,267000000.0,87.9,[],{},0.0493549485430136,15.413503442411354,18.14445751004016,0.0551132487398233,0.0288964726075887,,0.4466603355492244,1.0,20,20,0.3170087976539589,3.0,22.0,0.4302136363636363,0.4302136363636363,0.1363636363636363,0.0,1.0,0.1363636363636363,22.0,3,5,"cheapness,garp,risk",0.5306483333333334,True,0.8,0.2482,avoid,1,20,stable,0.1696,persistent,2026-07-16,insufficient_data,0.0,
HLT,Hilton Worldwide Holdings Inc.,Consumer Cyclical,68923875328.0,45.03529,29.290604,-10.965732,0.2,0.649,,,0.086860617622511,0.31034002,0.025,0.141,1393874944.0,81970880512.0,3088000000.0,2693000000.0,12039000000.0,14023000064.0,1009000000.0,-27.927,16774000000.0,2996000000.0,,4508000000.0,1457000000.0,2129000000.0,0.2820001661267547,,230433192.0,0.0929064277932453,0.2741184893502774,0.6645962732919255,0.6961702127659575,0.7805532371527364,0.7194044304563613,0.7177178967449624,0.6763103740467256,241806421.0,620000000.0,306.24,[],{},0.0202233977321606,26.54497425906736,30.438500004456,0.032853130077159,0.0222048087177855,,0.219549975542149,0.9,18,20,0.2571620766065211,3.0,22.0,0.3489409090909091,0.3489409090909091,0.1363636363636363,0.0,1.0,0.1363636363636363,22.0,3,5,"cheapness,dividend,risk",0.3396599999999999,True,0.6,0.2351,avoid,1,7,stable,0.1329,persistent,2026-08-02,neutral,0.625,36.927305480923344
MTD,Mettler-Toledo International Inc.,Healthcare,25658417152.0,29.071054,24.771704,2000.9062,,1.122,16668.447,,0.234116853586364,0.21907,0.045,0.183,693589632.0,27744428032.0,1275713024.0,1118490000.0,4026399000.0,2137394944.0,51383000.0,0.64,3712646000.0,1362667000.0,,1198116000.0,869193000.0,955772000.0,0.5937429449987446,,20359353.0,0.2664013167905298,0.6005594519725821,1.13734145942463,1.0220109177165075,0.5796868325178323,0.6215705622131364,1.084509269130426,1.195173517028863,20949461.0,68515000.0,1280.58,[],{},0.0270316609123309,21.748173382291974,24.80525354004059,0.0403140406682722,0.0343984776059375,,0.4448107598636723,0.9,18,20,0.2368970295792302,2.0,22.0,0.2639954545454545,0.2639954545454545,0.0909090909090909,0.0,1.0,0.0909090909090909,22.0,2,5,"cheapness,risk",0.3117966666666666,True,0.8,0.2348,avoid,1,6,stable,0.0849,persistent,2026-08-16,neutral,0.625,27.10913936060797
AXP,American Express Company,Financial Services,216578605056.0,19.531668,15.905536,6.3150535,1.18,1.553,172.38,0.34377,0.0361037420180502,0.16141,0.128,0.11,,229918621696.0,,,72230000000.0,59092000768.0,45752000512.0,50.785,300052000000.0,,,,10833000000.0,18428000000.0,,,686000000.0,0.0373129105101653,,,,0.1924966339167877,0.1882001466140624,0.2407249410102249,0.2429409749466774,702000000.0,8234000000.0,320.71,[],{},,,,,0.0511989042615305,,,0.8,16,20,0.3287026272959777,3.0,22.0,0.4060863636363636,0.4060863636363636,0.1363636363636363,0.0,1.0,0.1363636363636363,22.0,3,5,"quality,dividend,garp",0.49287,False,0.53335,0.2343,avoid,1,23,stable,0.1351,persistent,2026-07-16,insufficient_data,0.0,
EL,The Estée Lauder Companies Inc.,Consumer Defensive,34902708224.0,196.87755,24.650442,9.170152,1.42,1.222,242.932,0.04745,0.0092095941706305,0.01209,0.063,,1812125056.0,40650706944.0,2455000064.0,1677000000.0,15049000000.0,9246000128.0,3497999872.0,10.52,19762000000.0,7612000000.0,,6231000000.0,182000000.0,1773000000.0,0.7550003322479899,,361798567.0,-0.0569575708827669,0.7397040346223649,1.2216337666506178,1.3006439742410305,0.4678676247343386,0.4759199678262618,0.7615119927132882,0.720189020711844,359766854.0,334000000.0,96.47,[],{},0.0519193251242875,16.558332335750197,24.240135327370304,0.041253895099788,0.0050792992903456,,0.1239376247136205,1.0,20,20,0.2209921798631476,3.0,22.0,0.2841090909090909,0.2841090909090909,0.1363636363636363,0.0,1.0,0.1363636363636363,22.0,3,5,"cheapness,quality,risk",0.35022,True,0.9,0.2201,avoid,1,20,stable,0.1323,persistent,2026-07-16,insufficient_data,0.0,
LYV,"Live Nation Entertainment, Inc.",Communication Services,39621754880.0,,90.07997,476.41458,,0.852,620.214,0.17677,0.0216463190691312,0.00513,0.094,1.562,1695030656.0,43569348608.0,1550790016.0,1232689000.0,25201406000.0,11282711552.0,9071948800.0,0.357,22912533000.0,10974392000.0,,11028850000.0,495972000.0,1395316000.0,0.255463921338357,,235421446.0,0.04563865019863,0.2493890361413263,0.9950622231692334,0.992718532969577,0.4540914791044709,0.421194432177044,1.0998961136248009,1.1790770919422606,234363735.0,316033000.0,170.08,[],{},0.0427803024155198,28.09493752118662,35.34496422698669,0.0282925735495999,,,0.1037295424322577,0.9,18,20,0.2847222222222222,1.0,22.0,0.2634181818181818,0.2634181818181818,0.0454545454545454,0.0,1.0,0.0454545454545454,22.0,1,5,risk,0.301585,True,0.8,0.2159,avoid,1,6,stable,0.0451,persistent,2026-08-16,neutral,0.625,35.333679954152416
AJG,Arthur J. Gallagher & Co.,Financial Services,62370324480.0,40.48419,16.339674,2.629355,1.15,1.053,59.401,0.06722,0.0211420080662279,0.10378,0.309,-0.107,2082300032.0,75110350848.0,4288000000.0,2556000000.0,13942000000.0,14106000384.0,1386000000.0,92.536,70665000000.0,34356000000.0,,32519000000.0,1494000000.0,1930000000.0,0.4257638789269832,,257000000.0,0.0227686561357092,0.4222414539160536,1.056490051969618,1.5076213260423788,0.1908299724050095,0.2098669364251809,0.1972971060638222,0.1798303633958446,250000000.0,639000000.0,243.31,[],{},0.0333860702082401,17.516406447761195,29.3858962629108,0.0340299302445351,0.0247010005634298,,0.0670057148849158,1.0,20,20,0.1976001981820396,2.0,22.0,0.3539318181818182,0.3539318181818182,0.0909090909090909,0.0,1.0,0.0909090909090909,22.0,2,5,"garp,risk",0.4578149999999999,True,0.9,0.2158,avoid,1,20,stable,0.0827,persistent,2026-07-16,insufficient_data,0.0,
ANET,"Arista Networks, Inc.",Technology,238358855680.0,60.96452,36.62398,16.107561,,2.957,,0.31476,0.1805477000915233,0.38371,0.377,0.357,3891512576.0,225015545856.0,4639600128.0,3856100000.0,9005700000.0,0.0,13343299584.0,11.733,19448600000.0,16387000000.0,,5376500000.0,3511400000.0,4371900000.0,0.6405609780472368,,1256500000.0,0.2030846132484566,0.6413302680241607,3.0478936110852786,4.359453919918015,,,0.4630513250311076,0.4986577802462279,1261334000.0,,188.99,[],{},0.0163262764662052,48.49890931290189,58.35314070070797,0.0171370381780987,0.0164029832433684,,0.2740244881716304,0.9,18,20,0.2639399367652663,2.0,22.0,0.265540909090909,0.265540909090909,0.0909090909090909,0.0,1.0,0.0909090909090909,22.0,2,5,"quality,risk",0.3282866666666667,True,0.8,0.2143,avoid,1,20,stable,0.0861,persistent,2026-07-16,insufficient_data,0.0,
TTWO,"Take-Two Interactive Software, Inc.",Communication Services,40567279616.0,,21.080105,11.456936,,1.062,81.607,-0.09039,-0.0317802029158496,-0.04792,0.02,,1256137472.0,41685377024.0,766499968.0,-108600000.0,6656400000.0,2944699904.0,1826599936.0,18.937,9383200000.0,3199500000.0,,2588800000.0,-298200000.0,624300000.0,0.5723363980530016,,185400000.0,-0.4878604028015293,0.5435600681624538,1.235900803461063,0.7787764810000554,0.3152762383834939,0.4472316925724618,0.7093955153892062,0.6136351258618624,177144416.0,161300000.0,216.96,[],{},0.0309643013751548,54.38405579163703,-383.8432506813997,-0.0026052301251221,,,-0.0159837513246202,0.9,18,20,0.1944444444444444,1.0,22.0,0.1732136363636363,0.1732136363636363,0.0454545454545454,0.0,1.0,0.0454545454545454,22.0,1,5,quality,0.1877716666666666,False,0.55,0.2083,avoid,1,20,stable,0.0362,persistent,2026-07-16,insufficient_data,0.0,
ETR,Entergy Corporation,Utilities,50515415040.0,27.391193,20.713503,2.706515,2.39,0.912,186.77,0.10248999,0.0246669911405823,0.13329001,0.059,-0.019,-4400858112.0,80420200448.0,5538091008.0,3215073000.0,12946686000.0,34627321856.0,3855045120.0,39.065,71890730000.0,5806851000.0,,7822968000.0,1773328000.0,5150651000.0,0.4771691381099379,,452339365.0,0.0163788158030235,0.4830349000934623,0.7422823409222689,0.7193929606382681,0.4303049224844427,0.4463477653476078,0.1800883924812003,0.1833561835561371,429580416.0,1336651000.0,105.73,[],{},-0.087119112225748,14.521285463136977,25.0134912793582,0.0399784255956795,0.0365080849161991,,0.050182383458314,1.0,20,20,0.2381720430107526,1.0,22.0,0.3235863636363636,0.3235863636363636,0.0454545454545454,0.0,0.8845,0.0454545454545454,22.0,1,5,garp,0.4057383333333333,False,0.43335,0.1978,avoid,1,20,stable,0.0436,persistent,2026-07-16,insufficient_data,0.0,
PANW,"Palo Alto Networks, Inc.",Technology,275869335552.0,294.33914,69.37877,9.946226,,0.871,9.094,0.01739,0.0480951128680618,0.02674,0.344,,4469550080.0,275975340032.0,1860999936.0,1242900000.0,9221500000.0,2500000000.0,3071000064.0,34.032,23576200000.0,7522800000.0,,7988000000.0,1133900000.0,3716000000.0,0.734143035297945,,667900000.0,0.1289386670935275,0.7434817813765182,0.9417626439659488,0.8915745766462312,0.0143449750171783,0.0672505990225552,0.3911359761115023,0.4015577087574846,650200000.0,1900000.0,338.49,[],{},0.0162016922651322,148.29411581022214,222.04146756134847,0.0045036632615649,0.0033974414683687,,0.0797333880755956,0.95,19,20,0.1897982075923925,1.0,22.0,0.2017863636363636,0.2017863636363636,0.0454545454545454,0.0,1.0,0.0454545454545454,22.0,1,5,risk,0.2658416666666666,True,0.9,0.196,avoid,1,20,stable,0.0367,persistent,2026-07-16,insufficient_data,0.0,
EQIX,"Equinix, Inc.",Real Estate,101021057024.0,67.13508,54.77011,7.024088,1.98,1.131,162.217,0.10735,0.0336314491417752,0.15479,0.167,0.288,3776000000.0,123414061056.0,4540000256.0,1966000000.0,9217000000.0,23356000256.0,979000000.0,145.757,40141000000.0,5125000000.0,,3893000000.0,1350000000.0,3911000000.0,0.5109037647824671,,98226000.0,0.0232293002707709,0.4893689986282579,1.316465450809145,1.626455658405494,0.5661543060710994,0.5404303833547099,0.2296156049924017,0.2493373236425823,97287000.0,527000000.0,1023.81,[],{},0.0373783457750092,27.18371235616071,62.774191788402845,0.0159301134990437,0.0148953423456112,,0.0542374751710439,1.0,20,20,0.2522792373654443,3.0,22.0,0.3273090909090909,0.3273090909090909,0.1363636363636363,0.0,1.0,0.1363636363636363,22.0,3,5,"dividend,garp,risk",0.4476866666666666,True,0.7,0.1923,avoid,1,20,stable,0.1334,persistent,2026-07-16,insufficient_data,0.0,
CIEN,Ciena Corporation,Technology,47443460096.0,75.69231,28.795677,15.530591,,3.797,107.496,0.22396,0.0210306910861264,0.10869,0.37,4.229,633368384.0,48099336192.0,1025539008.0,310792000.0,4769507000.0,3285876992.0,2630000896.0,21.542,5864667000.0,3565507000.0,,1308394000.0,123338000.0,806093000.0,0.4203614755151842,,141016300.0,0.0148822876562772,0.4282962075540074,2.7251019188409606,3.54498319731157,0.2771775447779047,0.2893379707682771,0.8132613497066414,0.7117027399710388,142656116.0,91764000.0,334.56,[],{},0.0133499618855455,46.90151794986623,154.763752580504,0.0064614613132996,0.0132113817110351,,0.0682118916052659,0.95,19,20,0.2251890074767586,3.0,22.0,0.2828409090909091,0.2828409090909091,0.1363636363636363,0.0,1.0,0.1363636363636363,22.0,3,5,"quality,garp,risk",0.41416,True,0.9,0.1905,avoid,1,2,stable,0.0889,building,2026-09-09,accumulate,0.75,38.66572195127828
EW,Edwards Lifesciences Corporation,Healthcare,50014224384.0,51.343193,25.693336,4.7119193,,4.522,6.568,0.09175,0.0783736822124229,0.15431,0.136,-0.254,1232412544.0,46572826624.0,1996800000.0,1636200000.0,6067600000.0,704400000.0,4252699904.0,18.415,13697200000.0,6738900000.0,,1813700000.0,1073500000.0,1595200000.0,0.7801107521919705,,580700000.0,0.3197628549324795,0.7945583233753102,3.715553840216133,4.175790592612278,0.0514995765557924,0.0536180708218118,0.4429810472213299,0.4166507089074935,588600000.0,20400000.0,86.77,[],{},0.0246412407505865,23.32373128205128,28.464018227600537,0.0351320741858693,0.0194767785478398,,0.1376867084613119,0.95,19,20,0.2097338193376688,2.0,22.0,0.3183999999999999,0.3183999999999999,0.0909090909090909,0.0,1.0,0.0909090909090909,22.0,1,5,risk,0.36897,True,1.0,0.1884,avoid,1,20,stable,0.0378,persistent,2026-07-16,insufficient_data,0.0,
CMG,"Chipotle Mexican Grill, Inc.",Consumer Cyclical,45719552000.0,33.453705,26.372648,20.824207,,0.715,246.35,0.49560001,0.170743866467301,0.114250004,0.093,-0.013,1116464384.0,50460893184.0,2275020032.0,2012808000.0,11925601000.0,5419195904.0,677857024.0,1.735,8994531000.0,1466953000.0,,1188142000.0,1535761000.0,2113926000.0,0.253757190098847,,1304360000.0,0.1666718453639541,0.2667254029197657,1.2346613451927464,1.523473435275435,0.5643222531558344,0.4933108976232387,1.3258724662797872,1.229182234446362,1358751000.0,,36.13,[],{},0.024419845233829,22.18041708390548,25.06989895906614,0.0398884734889753,0.0298920553044872,,0.2578411093784847,0.95,19,20,0.2505436879581886,2.0,22.0,0.2683136363636363,0.2683136363636363,0.0909090909090909,0.0,1.0,0.0909090909090909,22.0,2,5,"cheapness,risk",0.3172716666666667,True,0.8,0.1784,avoid,1,20,stable,0.0815,persistent,2026-07-16,insufficient_data,0.0,
WAT,Waters Corporation,Healthcare,39435370496.0,101.93909,24.273134,2.596318,,1.861,36.045,0.019199999,0.1265877416749564,0.03588,1.134,,-142067632.0,44398370816.0,1452048000.0,802588000.0,3165286000.0,5477000192.0,539000000.0,154.696,5076550000.0,2147645000.0,,1239499000.0,642629000.0,652555000.0,0.5928260511056505,,59549000.0,0.1400664720304713,0.5943056131601444,1.7326718295053083,2.113446144261913,0.2937199476022101,0.3738293006162991,0.6235112428716353,0.649653091542329,59388000.0,69548000.0,401.64,[],{},-0.003602543356716,30.57637957973841,55.31900653386296,0.0180769696105778,0.0098097795458052,,0.2091679260974117,0.95,19,20,0.1721405580122208,1.0,22.0,0.2346,0.2346,0.0454545454545454,0.0,1.0,0.0454545454545454,22.0,1,5,risk,0.2750983333333333,True,0.83335,0.1722,avoid,1,15,stable,0.0327,persistent,2026-07-16,insufficient_data,0.0,
CEG,Constellation Energy Corporation,Utilities,101321285632.0,28.740704,21.43438,3.1774797,0.58,1.455,76.419,0.15055001,0.0405072577686946,0.110810004,0.23,-0.468,-6625124864.0,125669277696.0,7952000000.0,4198000000.0,25533000000.0,24700000256.0,697000000.0,89.999,57249000000.0,12119000000.0,,7944000000.0,2319000000.0,4237000000.0,0.1838013551090745,,312290080.0,0.0708347504062275,0.2541581805838425,1.52555387713998,1.5740578439964945,0.1570682457335499,0.1589388958168008,0.445999056752083,0.4453009862827344,312838000.0,511000000.0,285.97,[],{},-0.0653872956968047,15.80348059557344,29.935511599809438,0.0334051414710535,0.0347938589117371,,0.0851434945745867,1.0,20,20,0.2522580645161291,1.0,22.0,0.2989272727272726,0.2989272727272726,0.0454545454545454,0.0,1.0,0.0454545454545454,22.0,1,5,risk,0.3604966666666667,True,0.83335,0.1716,avoid,1,6,stable,0.0424,persistent,2026-08-16,neutral,0.5,54.79570833772486
VTR,"Ventas, Inc.",Real Estate,46390870016.0,161.5,114.48101,3.1667776,2.33,0.295,84.928,0.02012,0.009110666174494,0.04093,0.217,-0.067,1486853504.0,59673145344.0,2380859904.0,857524000.0,5833980000.0,12918999040.0,198956000.0,28.559,27591945000.0,1326092000.0,,1387956000.0,251381000.0,1646726000.0,0.4137936708730575,,474926000.0,0.0030989915341659,0.4258902748145612,0.9554279818668604,1.0908555811197955,0.4791114943147357,0.5247108612220168,0.2114377946172334,0.1880430624373876,437081000.0,612246000.0,90.44,[],{},0.0320505630415465,25.06369452639579,69.5877262257383,0.0143703502648737,0.0061919504643962,,0.0327249412293677,1.0,20,20,0.1647883597883598,2.0,22.0,0.2493681818181818,0.2493681818181818,0.0909090909090909,0.0,1.0,0.0909090909090909,22.0,2,5,"garp,risk",0.3385416666666666,True,0.6,0.1713,avoid,1,20,stable,0.0672,persistent,2026-07-16,insufficient_data,0.0,
TRGP,Targa Resources Corp.,Energy,62594560000.0,27.85401,24.165556,19.984255,1.72,0.771,515.794,0.70839995,0.0762538463978682,0.13545,0.042,0.233,65837500.0,82179457024.0,5497699840.0,3331200000.0,17028300000.0,19577999360.0,132300000.0,14.607,25218400000.0,2362700000.0,,3546800000.0,1923000000.0,3917400000.0,0.2939342153943729,,214662156.0,0.0577106637166195,0.2597747459023899,0.666149768805684,0.7237912122549328,0.6948101386289376,0.6274715075591293,0.6752331630872697,0.7205695409099107,217763821.0,852800000.0,291.91,[],{},0.0010518086555764,14.947970863392936,24.669625667627283,0.0405356779009521,0.0359014734323711,,0.1537126931098765,1.0,20,20,0.2333333333333333,3.0,22.0,0.3620454545454545,0.3620454545454545,0.1363636363636363,0.0,0.8574,0.1363636363636363,22.0,3,5,"cheapness,dividend,garp",0.4556983333333333,False,0.53335,0.1571,avoid,1,6,stable,0.1171,persistent,2026-08-16,wait,0.25,55.37691950749828
GE,GE Aerospace,Industrials,336325869568.0,38.3156,35.652493,19.066526,0.58,0.982,113.225,0.48231998,0.0668669191589395,0.17716,0.211,0.194,6594625024.0,346837876736.0,11482999808.0,8680000000.0,45855000000.0,20230000640.0,9944999936.0,17.001,130169000000.0,40595000000.0,,38981000000.0,8704000000.0,8537000000.0,0.3148620652055392,,1048766702.0,0.053240214390125,0.3091571495013178,1.0414047869474872,1.094295184926727,0.1574491622429303,0.156512912132532,0.3522728145718258,0.3142926750040604,1073692183.0,843000000.0,324.15,[],{},0.0196078435253005,30.204465952735127,39.95828072995392,0.0250261017674459,0.0260990301600392,,0.0951879633285081,1.0,20,20,0.2249686550254187,3.0,22.0,0.32745,0.32745,0.1363636363636363,0.0,1.0,0.1363636363636363,22.0,3,5,"dividend,garp,risk",0.4285966666666667,True,0.8,0.1521,avoid,1,15,stable,0.1131,persistent,2026-07-16,insufficient_data,0.0,
MNST,Monster Beverage Corporation,Consumer Defensive,84415545344.0,39.53211,32.914738,9.014644,,3.729,0.992,0.25704,0.1907540786339298,0.23079,0.202,0.18,1681231104.0,81089216512.0,2933317120.0,2419354000.0,8294343000.0,92932000.0,3419256064.0,4.78,9988945000.0,5361084000.0,,1447780000.0,1905432000.0,2098177000.0,0.5584764218214752,,1956226000.0,0.1954956083548201,0.54037571724726,3.702968683087209,3.317941648390597,,0.0484449654615978,0.8303522544172582,0.9706727050303476,1946158000.0,,43.09,[],{},0.0199161315270647,27.64420388069054,33.516887777481095,0.0298357057086865,0.0252958923771081,,0.2832580801330966,0.95,19,20,0.2111436950146627,3.0,22.0,0.3644090909090909,0.3644090909090909,0.1363636363636363,0.0,1.0,0.1363636363636363,22.0,3,5,"cheapness,quality,risk",0.4119483333333333,True,0.9,0.1515,avoid,1,20,stable,0.1034,persistent,2026-07-16,insufficient_data,0.0,
CVNA,Carvana Co.,Consumer Cyclical,77902831616.0,38.82873,31.06875,12.545519,,3.926,110.88,0.58773,0.1065828346337398,0.06257,0.524,0.615,424375008.0,54270726144.0,2510000128.0,1881000000.0,20322000000.0,5696999936.0,3132000000.0,5.602,13201000000.0,6549000000.0,,1519000000.0,1407000000.0,1036000000.0,0.206278909556146,,711150000.0,0.0247524752475247,0.2103415490382505,4.311389071757735,3.6390134529147984,0.4182258919778804,0.7126355492692127,1.5394288311491553,1.6116218764733616,666355000.0,505000000.0,70.28,[],{},0.0054474914351231,21.621802141995747,28.85206068261563,0.0346595694151764,0.0257541258753505,,0.1610169491525423,0.95,19,20,0.2252339417182098,1.0,22.0,0.2509363636363637,0.2509363636363637,0.0454545454545454,0.0,0.8,0.0454545454545454,22.0,1,5,garp,0.3017966666666666,False,0.56665,0.1439,avoid,1,20,stable,0.0351,persistent,2026-07-16,insufficient_data,0.0,
TECH,Bio-Techne Corporation,Healthcare,11303458816.0,62.137936,31.253119,5.336888,0.44,4.547,13.712,0.09032,0.0703058615408048,0.14968,0.013,,229653120.0,11327066112.0,334105984.0,272611000.0,1215039000.0,289087008.0,265479008.0,13.506,2586726000.0,744401000.0,,163700000.0,181862000.0,292073000.0,0.6576504951692909,,156095113.0,0.0286957731986169,0.6479577906504815,4.547348808796579,3.459217851679566,0.1117578746260717,0.1736047364445702,0.4697207976414974,0.4768170210503435,154972196.0,9630000.0,72.08,[],{},0.0203170661067855,33.902613704757826,41.55029001764419,0.0240672206999121,0.0160932284586987,,0.1125084914482964,1.0,20,20,0.1634366080723461,3.0,22.0,0.3494681818181818,0.3494681818181818,0.1363636363636363,0.0,1.0,0.1363636363636363,22.0,2,5,"quality,risk",0.4052683333333333,True,1.0,0.1388,avoid,1,6,stable,0.0604,persistent,2026-08-16,wait,0.25,55.737028434713594
ISRG,"Intuitive Surgical, Inc.",Healthcare,129144905728.0,40.501125,29.859499,7.0213094,,4.963,,0.17423001,0.1395983126982652,0.28445998,0.185,0.265,2615200000.0,122255704064.0,4180800000.0,2945500000.0,10064700000.0,0.0,5216200192.0,51.338,20458700000.0,9779500000.0,,2006200000.0,2856000000.0,3030500000.0,0.6599600584220096,,355100000.0,0.1239169405437705,0.6745848349516887,4.874638620277141,4.074371168280525,,,0.4919520790666074,0.445606940116949,356600000.0,,360.46,[],{},0.0202501212514571,29.242179502487563,41.5059256710236,0.0240929453766676,0.0246906721726865,,0.1596260669286004,0.9,18,20,0.2006163730068139,2.0,22.0,0.2744,0.2744,0.0909090909090909,0.0,1.0,0.0909090909090909,22.0,2,5,"quality,risk",0.334315,True,0.8,0.1387,avoid,1,20,stable,0.0611,persistent,2026-07-16,insufficient_data,0.0,
WMT,Walmart Inc.,Consumer Defensive,841407725568.0,38.307972,32.728886,8.92387,0.94,0.767,71.653,0.22313999,0.0769071339244312,0.03,0.059,-0.091,7127625216.0,908958957568.0,44073000960.0,29825000000.0,713163000000.0,75092000768.0,11528999936.0,11.848,284668000000.0,84874000000.0,,107469000000.0,21893000000.0,41565000000.0,0.2492669978672477,,7969000000.0,0.0745179681239767,0.2485106133027893,0.7897533242144247,0.8226828460200447,0.2356956173507384,0.2304781403480521,2.505244706113789,2.610908547175671,8024000000.0,2799000000.0,105.73,[],{},0.0084710717520313,20.62394068407,30.47641098300084,0.0328122625908208,0.0261042270783741,,0.168313590934486,1.0,20,20,0.1708455522971651,1.0,22.0,0.3105045454545453,0.3105045454545453,0.0454545454545454,0.0,0.8,0.0454545454545454,22.0,1,5,garp,0.3972416666666666,False,0.73335,0.1269,avoid,1,20,stable,0.0298,persistent,2026-07-16,insufficient_data,0.0,
DDOG,"Datadog, Inc.",Technology,79614107648.0,452.48978,74.60974,18.22456,,3.205,29.259,0.04696,0.016216666134846,0.044770002,0.356,14.985,1051412352.0,75906473984.0,82897000.0,-44373000.0,3427158000.0,1277800960.0,4985438208.0,12.166,6643844000.0,5382280000.0,,1591401000.0,107741000.0,1050135000.0,0.7995549081775629,,352525971.0,0.0317606280288847,0.8079440444812845,3.382101682731128,2.636538747515049,0.1925097880082675,0.3184221356777882,0.5158396253735037,0.463978861048592,342118782.0,11059000.0,221.72,[],{},0.013206357303515,915.6721471705852,-1710.6455273251752,-0.0005845746439144,0.0022099946655148,,-0.0087824840379198,0.95,19,20,0.1168732496754936,3.0,22.0,0.2582727272727272,0.2582727272727272,0.1363636363636363,0.0,1.0,0.1363636363636363,22.0,2,5,"garp,risk",0.3761983333333333,True,0.9,0.1146,avoid,1,20,stable,0.044,persistent,2026-07-16,insufficient_data,0.0,
LITE,Lumentum Holdings Inc.,Technology,83932291072.0,,28.098085,17.8521,,1.678,35.987,-2.40027,-0.9490386589120766,-2.3009598,1.093,,224700000.0,82865086464.0,800700032.0,536200000.0,3014000000.0,1671200000.0,2738400000.0,52.414,7307500000.0,4161900000.0,,2480500000.0,-6935100000.0,751400000.0,0.4166887856668879,,88600000.0,0.0061393320217128,0.2795744680851064,1.6778472082241485,4.3719450101833,0.2286965446459117,0.6182473273757318,0.4124529592884023,0.3899305473250053,69800000.0,21800000.0,935.7,[],{},0.0026771579463647,103.49079949081356,154.5413772174562,0.0064707589514547,,,0.1110834887093432,0.9,18,20,0.086225855804169,1.0,22.0,0.2213954545454545,0.2213954545454545,0.0454545454545454,0.0,1.0,0.0454545454545454,22.0,1,5,risk,0.2480316666666666,True,0.75,0.0995,avoid,1,20,stable,0.0167,persistent,2026-07-16,insufficient_data,0.0,
AXON,"Axon Enterprise, Inc.",Industrials,38900535296.0,203.76596,45.286163,10.586297,,2.149,50.363,0.06221,0.0178072037636031,0.06191,0.353,-0.182,222160000.0,40058609664.0,165106000.0,-62076000.0,2779536000.0,1850605952.0,692532992.0,45.233,7000313000.0,3713052000.0,,1470147000.0,124656000.0,211339000.0,,,80211537.0,0.084261165497248,,2.5256331509706174,1.3692801907174252,0.272796944936605,0.1612823348205466,0.3970588172271725,0.4654117876327385,76619331.0,94238000.0,478.85,[],{},0.0057109753968564,242.6235852361513,-645.3155754881113,-0.0015496294185114,0.0049075910421937,,-0.0112249795033277,0.95,19,20,0.0741764766468952,1.0,22.0,0.1654318181818181,0.1654318181818181,0.0454545454545454,0.0,1.0,0.0454545454545454,22.0,1,5,risk,0.2471383333333333,True,0.8,0.0761,avoid,1,20,stable,0.0143,persistent,2026-07-16,insufficient_data,0.0,
IBKR,"Interactive Brokers Group, Inc.",Financial Services,152355176448.0,35.911644,28.06372,6.8243914,0.39,1.093,205.748,0.24018998,0.0048415666207439,0.16474001,0.263,0.353,,-28219750400.0,,8789000000.0,10222000000.0,45779001344.0,130858999808.0,13.103,203240000000.0,178091000000.0,,157277000000.0,984000000.0,15811000000.0,0.8976716885149677,,445414116.0,0.0050285729509397,0.8904036066981537,1.1323397572435894,1.1557724522238555,9.348553434363316e-05,9.324506134192964e-05,0.0502952174768746,0.0620479279615297,435618852.0,4219000000.0,89.42,[],{},,,-3.2108033223347365,-0.3114485378297322,0.0278461214418365,,0.1912190239975632,0.9,18,20,0.17561115355233,3.0,22.0,0.3794272727272726,0.3794272727272726,0.1363636363636363,0.0,1.0,0.1363636363636363,22.0,3,5,"cheapness,dividend,garp",0.4103449999999999,False,0.63335,0.0733,avoid,1,6,stable,0.0672,persistent,2026-08-16,neutral,0.5,44.61206169864828
TSLA,"Tesla, Inc.",Consumer Cyclical,1435897430016.0,346.24762,168.42554,16.529211,,1.941,18.373,0.046669997,0.0275314572660116,0.03671,0.255,-0.03,4835999744.0,1409114439680.0,10755000320.0,4849000000.0,94827000000.0,16080000000.0,43524001792.0,21.995,137806000000.0,68642000000.0,,31714000000.0,3794000000.0,14747000000.0,0.1802651143661615,,3751000000.0,0.0584091095273203,0.1786262667622069,2.1644068865485275,2.024912390270983,0.1068095728778137,0.1115999016957483,0.6881195303542661,0.8002785287130335,3216000000.0,338000000.0,363.56,[],{},0.0033679284069378,131.01946980509248,290.5989770426892,0.0034411683419418,0.0028881064944215,,0.0457056139954002,0.95,19,20,0.0751010402173192,2.0,22.0,0.2061045454545454,0.2061045454545454,0.0909090909090909,0.0,1.0,0.0909090909090909,22.0,1,5,risk,0.3044616666666667,True,1.0,0.0664,avoid,1,20,stable,0.0134,persistent,2026-07-16,insufficient_data,0.0,
CRWD,"CrowdStrike Holdings, Inc.",Technology,213859024896.0,5221.5,130.17139,41.914513,,1.57,15.958,0.01461,-0.014657403421979,0.00834,0.258,,1995385472.0,209703157760.0,106861000.0,-293292000.0,4812005000.0,820179008.0,5013847040.0,4.983,11086684000.0,7419119000.0,,4184192000.0,-162502000.0,1612349000.0,0.7466899972049074,,1013452000.0,-0.0017515213907178,0.7495533212060631,1.773130630716755,1.766326692766646,0.0739695476122526,0.0906618316815639,0.4340346491340422,0.4543571292471319,991488000.0,28021000.0,208.86,[],{},0.0093303776773992,1962.391871309458,-714.997878428324,-0.00139860554859,0.0001915158479364,,-0.0424907410251254,0.95,19,20,0.0661966298615651,1.0,22.0,0.1515772727272727,0.1515772727272727,0.0454545454545454,0.0,0.8,0.0454545454545454,22.0,1,5,risk,0.2020583333333333,True,0.65,0.0663,avoid,1,20,stable,0.0126,persistent,2026-07-16,insufficient_data,0.0,
HOOD,"Robinhood Markets, Inc.",Financial Services,101892997120.0,51.04955,33.4223,10.747273,,1.116,240.279,0.23618999,0.0493746230694601,0.42011002,0.323,0.476,,100973993984.0,,2094000000.0,4473000000.0,22925000704.0,23904999424.0,10.545,38137000000.0,36305000000.0,,28771000000.0,1883000000.0,1638000000.0,0.833445115135256,,901328432.0,0.0538816970252415,0.7943070145713318,1.261860901602308,1.386599646486964,0.3048483100401185,0.2849887348684461,0.1172876733880483,0.1126895024248673,884492983.0,,113.33,[],{},,,48.22062749952244,0.0207380130009694,0.0195888112627829,,0.2235746316463805,0.85,17,20,0.1820119352088661,0.0,22.0,0.2710499999999999,0.2710499999999999,0.0,0.0,1.0,0.0,22.0,0,5,,0.310865,False,0.73335,0.055,avoid,1,15,stable,0.0,persistent,2026-07-16,insufficient_data,0.0,
