ticker,name,sector,market_cap,trailing_pe,forward_pe,price_to_book,dividend_yield,current_ratio,debt_to_equity,return_on_equity,return_on_assets,profit_margins,revenue_growth,earnings_growth,free_cashflow,enterprise_value,ebitda,ebit,total_revenue,total_debt,total_cash,book_value,total_assets,total_current_assets,total_liabilities,total_current_liabilities,net_income,operating_cashflow,gross_margin,ncav,shares_outstanding,return_on_assets_prev,gross_margin_prev,current_ratio_bs,current_ratio_bs_prev,leverage,leverage_prev,asset_turnover,asset_turnover_prev,shares_outstanding_prev,interest_expense,last_price,errors,data_sources,fcf_yield,ev_ebitda,ev_ebit,earnings_yield_ebit,earnings_yield_pe,ncav_to_market,roic_proxy,data_quality_score,metrics_present,metrics_total,sector_composite_score,models_passed,model_count,mean_model_score,weighted_model_score,weighted_pass_score,min_model_score,max_model_score,pass_rate,weight_sum,families_passed,family_count,passed_families,family_mean_score,risk_family_passed,risk_mean_score,composite_score,signal,signal_rank,weeks_at_signal,signal_trend,conviction_score,stability_label,timing_signal,timing_score,rsi_14
CTSH,Cognizant Technology Solutions Corporation,Technology,21176209408.0,9.711496,7.2443485,1.4083488,2.95,2.226,7.247,0.14876,0.107771119273149,0.10413,0.058,0.036,1908875008.0,20790136832.0,3891000064.0,3327000000.0,21108000000.0,1092000000.0,1516999936.0,31.789,20692000000.0,7818000000.0,,3659000000.0,2230000000.0,,0.337170740951298,,479000000.0,0.112190724231193,0.3434333198216457,2.1366493577480186,2.093165969316597,0.0556736903150976,0.0741260142241811,1.0201043881693408,0.9884804167084044,495000000.0,37000000.0,44.77,[],{},0.0901424315949038,5.343134538689126,6.24891398617373,0.1600278067857211,0.1029707472463562,,0.1953267187224799,0.95,19,20,0.8677779190359654,13.0,22.0,0.7527545454545455,0.7527545454545455,0.5909090909090909,0.0,1.0,0.5909090909090909,22.0,5,5,"cheapness,quality,dividend,garp,risk",0.7343133333333334,True,0.83335,0.9326,strong_buy,4,6,stable,0.8552,persistent,neutral,0.625,49.84893231022024
ACN,Accenture plc,Technology,87856529408.0,11.467253,9.786293,2.7545521,4.54,1.339,25.035,0.24406,0.1174163941262878,0.10656,0.056,0.09,12089380864.0,87690878976.0,12943767552.0,10840988000.0,69672977000.0,8388769792.0,10171567104.0,52.121,65394897000.0,28900689000.0,,20352097000.0,7678433000.0,,0.319139528084181,,621855922.0,0.1298852151124028,0.3260935295334426,1.4200349477501015,1.099159011741437,0.1251300388163315,0.0736702112871576,1.0654191717742134,1.1602668029598535,625280287.0,228555000.0,143.57,[],{},0.1376036698178424,6.77475693407755,8.088827233827766,0.1236273159374654,0.0872048432174645,,0.2406819291873507,0.95,19,20,0.8808369189261585,15.0,22.0,0.7484954545454546,0.7484954545454546,0.6818181818181818,0.0,1.0,0.6818181818181818,22.0,5,5,"cheapness,quality,dividend,garp,risk",0.7580833333333333,True,0.83335,0.9259,strong_buy,4,9,stable,0.8582,persistent,neutral,0.625,50.056193821405536
LULU,lululemon athletica inc.,Consumer Cyclical,13209728000.0,9.419433,10.297223,2.7584,,2.226,44.264,0.32027,0.1867365485743151,0.13029,0.043,-0.35,1133960960.0,13831006208.0,2565969920.0,2210615000.0,11102600000.0,2136007936.0,1514728960.0,42.173,8456743000.0,4262701000.0,,1887548000.0,1579183000.0,,0.566005440167168,,116495961.0,0.2386618848782869,0.5922493744407651,2.258327205453848,2.1636426890189875,0.2126635514405487,0.2072511485814302,1.3128695054348938,1.3925712704444335,121281961.0,,116.33,[],{},0.0858428697396343,5.390166930717567,6.256632750614648,0.159830381590123,0.1061635026227162,,0.3365123123913965,0.9,18,20,0.8391253142083706,10.0,22.0,0.6204772727272728,0.6204772727272728,0.4545454545454545,0.0,1.0,0.4545454545454545,22.0,3,5,"cheapness,quality,risk",0.5219516666666666,True,0.83335,0.8901,strong_buy,4,6,stable,0.4669,persistent,neutral,0.5,47.051747742696456
AOS,A. O. Smith Corporation,Industrials,8111214080.0,15.693333,14.139055,4.319266,2.45,1.558,34.981,0.28267,0.1737940689830724,0.13841,-0.019,-0.105,495612512.0,8564214272.0,795299968.0,728000000.0,3830200000.0,656899968.0,203900000.0,13.625,3142800000.0,1291500000.0,,862500000.0,546200000.0,,0.3883348128035089,,138542508.0,0.1646913580246913,0.3813676959744375,1.4973913043478262,1.5524966562639322,0.0611238386152475,0.0668827160493827,1.2187221585847017,1.178425925925926,144319615.0,13500000.0,58.85,[],{},0.0611021367592852,10.76853340449273,11.764030593406591,0.0850048792427037,0.0637213267570375,,0.31925623821427,0.95,19,20,0.852581080299282,11.0,22.0,0.6362545454545455,0.6362545454545455,0.5,0.0,1.0,0.5,22.0,5,5,"cheapness,quality,dividend,garp,risk",0.69645,True,0.83335,0.8817,strong_buy,4,9,stable,0.8238,persistent,neutral,0.375,45.105398044103424
HII,Huntington Ingalls Industries,Industrials,10604806517.172483,17.48733,13.340875,,2.05,1.191,56.946,0.12198,0.0474547023295944,0.04709,0.134,0.0,634124992.0,13319805952.0,1134000000.0,611000000.0,12484000000.0,2931000064.0,216000000.0,,12749000000.0,3451000000.0,,3045000000.0,605000000.0,,0.1269625120153797,,39241527.0,0.0453010460423358,0.1257043779800606,1.1333333333333333,1.0792377131394182,0.2292728841477763,0.2807017543859649,0.9792140560043924,0.9500864838151716,39129419.0,105000000.0,269.13,[],{},0.0597959982554282,11.74586062786596,21.80000974140753,0.0458715391351671,0.0571842585460444,,0.0629637262984336,0.85,17,20,0.7919104861695186,8.0,22.0,0.4974727272727273,0.4974727272727273,0.3636363636363636,0.0,1.0,0.3636363636363636,22.0,5,5,"cheapness,quality,dividend,garp,risk",0.5838666666666666,True,0.83335,0.8747,strong_buy,4,6,stable,0.7083,persistent,neutral,0.5,31.114459048868042
PFE,Pfizer,Healthcare,142771077120.0,19.122137,8.8405,1.5844401,6.87,1.247,71.602,0.083100006,0.0373318601076095,0.118310004,0.054,-0.101,12376625152.0,194724069376.0,25460000768.0,17407000000.0,62579000000.0,64731000832.0,13080999936.0,15.81,208160000000.0,42898000000.0,,36984000000.0,7771000000.0,,0.7432525288035923,,5686000000.0,0.0376342574368779,0.719443003756267,1.1599069868051048,1.1712524712175834,0.3072684473481937,0.2982670715477328,0.3006293235972329,0.2981639768318057,5666990035.0,2671000000.0,25.05,[],{},0.0866886024933283,7.648235015795581,11.186538138450048,0.0893931605670595,0.0522954102880865,,0.101690657568818,0.95,19,20,0.8068299126782624,10.0,22.0,0.5843136363636364,0.5843136363636364,0.4545454545454545,0.0,1.0,0.4545454545454545,22.0,4,5,"cheapness,dividend,garp,risk",0.64742,True,0.83335,0.8741,strong_buy,4,6,stable,0.6388,persistent,neutral,0.5,53.81537903645521
PNR,Pentair plc,Industrials,10092265472.0,15.690955,11.566185,2.648768,1.7,1.877,54.634,0.1761,0.0951840204984859,0.15975,0.026,0.13,574212480.0,12106166272.0,1100499968.0,930900000.0,4176000000.0,2081600000.0,67700000.0,23.577,6868800000.0,1541800000.0,,959300000.0,653800000.0,,0.4047653256704981,,163235706.0,0.0970138835026758,0.3915940041148231,1.6072135932450746,1.604401742822031,0.2570900302818542,0.2741177383076087,0.6079664570230608,0.6333359187155821,164817183.0,69400000.0,62.45,[],{},0.0568962916793158,11.000605746496486,13.004797799978515,0.076894698047643,0.0637309838693693,,0.1575260174295625,0.95,19,20,0.8247999150700783,10.0,22.0,0.591790909090909,0.591790909090909,0.4545454545454545,0.0,1.0,0.4545454545454545,22.0,5,5,"cheapness,quality,dividend,garp,risk",0.655535,True,0.83335,0.8697,strong_buy,4,6,stable,0.8049,persistent,neutral,0.625,27.10654948718758
PTC,PTC Inc.,Technology,14365455360.0,11.947166,14.412041,3.721536,,1.234,35.78,0.344,0.1109230650193164,0.41575,0.217,2.689,986047232.0,15307395072.0,1319337984.0,998028000.0,2739226000.0,1381052032.0,439112000.0,33.419,6617172000.0,1383367000.0,,1237404000.0,733997000.0,,0.8375515565345831,,119536000.0,0.0589536342049601,0.8064731700016359,1.1179590497525465,0.7789769990636957,0.2070169855037771,0.3023910549973667,0.4139572010520506,0.3600621723801613,120155000.0,77019000.0,124.37,[],{},0.068640165403013,11.60233030325609,15.337640899854511,0.0651990750422045,0.0837018586667331,,0.1855150631030929,0.9,18,20,0.8265581844983446,10.0,22.0,0.6170818181818182,0.6170818181818182,0.4545454545454545,0.0,1.0,0.4545454545454545,22.0,4,5,"cheapness,quality,garp,risk",0.6262733333333333,True,0.83335,0.8511,strong_buy,4,6,stable,0.604,persistent,neutral,0.5,50.0308431609301
FSLR,"First Solar, Inc.",Technology,22779037696.0,13.694446,9.043707,2.3058934,,2.557,5.943,0.18436001,0.1147206243229832,0.30731001,0.236,0.651,1147664768.0,20939599872.0,2272688896.0,1596864000.0,5219376000.0,587123008.0,2426561024.0,91.934,13321310000.0,6028832000.0,,2254102000.0,1528229000.0,,0.4062437732020073,,107309794.0,0.1065659460321249,0.4416871974322259,2.674604787183544,2.449663095287377,0.0491944861278658,0.0592857635961185,0.3918065115217647,0.3469287164907083,107060281.0,44131000.0,211.99,[],{},0.0503824956662471,9.21357952197255,13.112951304556931,0.0762604829968739,0.0730223040786023,,0.1442878818216844,0.9,18,20,0.793090883238554,10.0,22.0,0.5948545454545454,0.5948545454545454,0.4545454545454545,0.0,1.0,0.4545454545454545,22.0,4,5,"cheapness,quality,garp,risk",0.6005866666666667,True,0.83335,0.8508,strong_buy,4,6,stable,0.5918,persistent,accumulate,0.75,34.35447917975776
SWKS,"Skyworks Solutions, Inc.",Technology,8926594048.0,24.729164,11.558273,1.5481532,4.79,2.376,20.632,0.06171,0.0602627257799671,0.08931,-0.01,-0.449,687837504.0,8694393856.0,909100032.0,524200000.0,4086900000.0,1189600000.0,1421799936.0,38.336,7917000000.0,3077000000.0,,1323200000.0,477100000.0,,0.4115833516846509,,148700000.0,0.0719519998068402,0.4118717089516515,2.3254232164449817,5.543388086942094,0.1519641278261967,0.1449180882015621,0.5162182644941266,0.5043883476392259,159900000.0,27100000.0,59.35,[],{},0.0770548655289314,9.563737267583772,16.586024143456697,0.0602917246080645,0.0404380835518742,,0.0794989232309138,0.95,19,20,0.7646579548876526,7.0,22.0,0.5650636363636363,0.5650636363636363,0.3181818181818182,0.0,1.0,0.3181818181818182,22.0,4,5,"cheapness,dividend,garp,risk",0.64055,True,0.83335,0.8489,strong_buy,4,6,stable,0.6132,persistent,accumulate,0.75,38.735475180049974
CPRT,"Copart, Inc.",Industrials,25561655296.0,17.149069,16.405912,2.9133692,,7.613,1.059,0.17607,0.1538464054055821,0.33481997,0.021,0.023,999977152.0,21472239616.0,1961246976.0,1696714000.0,4646958000.0,93116000.0,4199712000.0,9.477,10090902000.0,5754628000.0,,683281000.0,1552449000.0,,0.4518317144247914,,967478690.0,0.1617297304480761,0.4501608870608944,8.422051835189329,7.028978613258412,0.0102804486655405,0.0140883157145833,0.4605096749527446,0.502722074324815,962967011.0,,27.61,[],{},0.0391202033053188,10.94825887751936,12.655190925518385,0.0790189579821797,0.0583122034204888,,0.1803552672880848,0.9,18,20,0.7774870890062112,7.0,22.0,0.502940909090909,0.502940909090909,0.3181818181818182,0.0,1.0,0.3181818181818182,22.0,3,5,"cheapness,quality,risk",0.461265,True,0.83335,0.8375,strong_buy,4,6,stable,0.436,persistent,neutral,0.625,38.79038891314828
SNA,Snap-on,Industrials,21290067968.0,21.22882,19.247114,3.5728629,2.37,3.528,21.731,0.18202,0.1208825172663837,0.19601,0.052,0.04,1048337472.0,20862470144.0,1403900032.0,1327700000.0,5156100000.0,1300199936.0,1752800000.0,115.031,8412300000.0,4402800000.0,,918500000.0,1016900000.0,,0.517290199957332,,51867055.0,0.1321927869516766,0.5196930545767755,4.793467610234077,4.149141965678627,0.1535727446714929,0.163711883294499,0.6129239328126672,0.6468949447877621,52381673.0,50500000.0,410.99,[],{},0.0492406822550168,14.860367311395574,15.713241051442344,0.0636405943704534,0.0471057741315815,,0.1771731297872908,0.95,19,20,0.772502211089798,8.0,22.0,0.613040909090909,0.613040909090909,0.3636363636363636,0.0,1.0,0.3636363636363636,22.0,5,5,"cheapness,quality,dividend,garp,risk",0.6813533333333334,True,0.83335,0.8125,strong_buy,4,6,stable,0.7529,persistent,neutral,0.5,62.08363032129311
GD,General Dynamics Corporation,Industrials,99675152384.0,23.195719,20.234848,3.8162785,1.73,1.384,37.701,0.17974001,0.0735384024175094,0.08068,0.103,0.12,5289500160.0,105703145472.0,6487000064.0,5356000000.0,52550000000.0,9831999488.0,3654000128.0,96.581,57249000000.0,24248000000.0,,16796000000.0,4210000000.0,,0.1513035204567079,,270389759.0,0.067680744452398,0.1543297845586386,1.4436770659680875,1.3681552962298025,0.1709898862862233,0.1910522548317824,0.9179199636674876,0.8539012168933429,270340502.0,402000000.0,368.58,[],{},0.0530673897504778,16.29461144275395,19.735464053771477,0.0506702045249804,0.0431114034447477,,0.132400563617037,0.95,19,20,0.7432009265291568,8.0,22.0,0.5518090909090909,0.5518090909090909,0.3636363636363636,0.0,1.0,0.3636363636363636,22.0,5,5,"cheapness,quality,dividend,garp,risk",0.6270866666666667,True,0.83335,0.7745,strong_buy,4,6,stable,0.7209,persistent,neutral,0.375,58.37444600298855
INTU,Intuit Inc.,Technology,79623880704.0,17.76022,10.646901,3.8701057,1.65,1.453,33.448,0.22496,0.1046864007792629,0.21907,0.104,0.107,5232000000.0,79743885312.0,6409999872.0,4938000000.0,18831000000.0,6899999744.0,6780000256.0,75.215,36958000000.0,14107000000.0,,10370000000.0,3869000000.0,,0.7956560989857151,,279129000.0,0.0922133698493713,0.7872275099785079,1.3603664416586307,1.2919503404084902,0.1796363439580063,0.2043757002365243,0.5095243249093566,0.5068156355035479,280268000.0,247000000.0,291.09,[],{},0.0657089299559493,12.440543978843936,16.149024972053464,0.0619232431512453,0.0563056088269176,,0.1857228825033849,0.95,19,20,0.7438663164646754,10.0,22.0,0.6259863636363637,0.6259863636363637,0.4545454545454545,0.0,1.0,0.4545454545454545,22.0,5,5,"cheapness,quality,dividend,garp,risk",0.6902466666666667,True,0.83335,0.7726,strong_buy,4,6,stable,0.7203,persistent,neutral,0.5,52.69832795865235
CF,"CF Industries Holdings, Inc.",Basic Materials,18653667328.0,10.938738,10.842088,3.4914882,1.98,3.54,43.847,0.273,0.1032793867120954,0.23733999,0.194,1.151,1076375040.0,23145666560.0,3436999936.0,2375000000.0,7084000000.0,3620000000.0,2042000000.0,34.776,14088000000.0,2985000000.0,,887000000.0,1455000000.0,,0.3845285149632976,,153552162.0,0.0904500222783306,0.3463611859838275,3.3652762119503947,3.0806845965770173,0.2580919931856899,0.2410515372048121,0.502839295854628,0.4408139016783009,169882990.0,145000000.0,121.42,[],{},0.0577031326373185,6.734264472212082,9.745543814736845,0.1026110003720713,0.0914182239304022,,0.1799106128323611,0.95,19,20,0.785,14.0,22.0,0.7623136363636362,0.7623136363636362,0.6363636363636364,0.0,1.0,0.6363636363636364,22.0,5,5,"cheapness,quality,dividend,garp,risk",0.8238383333333333,True,0.83335,0.7725,strong_buy,4,6,stable,0.7398,persistent,neutral,0.375,63.80093245610464
NEM,Newmont Corporation,Basic Materials,95759482880.0,11.634241,8.359591,2.7557604,1.16,2.443,15.762,0.25832,0.1240349433658374,0.3387,0.458,0.786,9804874752.0,92684484608.0,16339000320.0,11023000000.0,22669000000.0,5532000256.0,8778999808.0,32.55,57121000000.0,13066000000.0,,5712000000.0,7085000000.0,,0.5321363977237638,,1089000000.0,0.0594154288452323,0.3823466438282839,2.2874649859943976,1.6273366034734191,0.0978449256840741,0.159221991517152,0.3968592986817457,0.3315409324034144,1126980806.0,229000000.0,89.7,[],{},0.1023906401446097,5.672592128818809,8.408281285312528,0.1189303694854721,0.0859531790685786,,0.2144177089614659,0.95,19,20,0.7852941176470588,15.0,22.0,0.7811272727272727,0.7811272727272727,0.6818181818181818,0.0,1.0,0.6818181818181818,22.0,5,5,"cheapness,quality,dividend,garp,risk",0.8090150000000002,True,0.83335,0.7703,strong_buy,4,6,stable,0.7389,persistent,neutral,0.5,36.62030802714446
LEN,Lennar Corporation,Consumer Cyclical,20208693248.0,13.148903,12.706159,0.9346971,2.38,8.508,28.692,0.07368,0.0603587749989929,0.04934,-0.052,-0.315,1077926016.0,24745287680.0,2285495040.0,2750407000.0,34186934000.0,6245007872.0,1853501952.0,89.751,34430437000.0,19394535000.0,,1812484000.0,2078179000.0,,0.099076594584352,,246991918.0,0.0951892587429541,0.1551561431512456,10.7005275632778,15.93281814030357,0.1706337622145196,0.1014029774466163,0.9929276819809172,0.8578810513869788,268233819.0,,83.89,[],{},0.0533397188413792,10.827101895613827,8.996954879768703,0.1111487179121774,0.0760519717880647,,0.0843218763605429,0.95,19,20,0.7201555279237515,10.0,22.0,0.6060590909090909,0.6060590909090909,0.4545454545454545,0.0,1.0,0.4545454545454545,22.0,4,5,"cheapness,dividend,garp,risk",0.5903066666666666,True,0.66665,0.7674,strong_buy,4,6,stable,0.5653,persistent,neutral,0.625,42.85306095154652
NVR,"NVR, Inc.",Consumer Cyclical,17518514176.0,15.84792,15.634483,5.0742683,,5.576,31.22,0.33257,0.2287573865489258,0.12489,-0.214,-0.285,1250691712.0,16963577856.0,1664343040.0,1689318000.0,10341845000.0,1090850944.0,1645785984.0,1279.01,5856930000.0,5136237000.0,,939168000.0,1339816000.0,,0.2309495065919088,,2799387.0,0.2635842599923397,0.2554183966703501,5.468922493100276,5.074515551128229,0.1797687525717398,0.1599258610108654,1.7657450234167047,1.6523414555865017,3011644.0,28835000.0,6490.04,[],{},0.0713925678533526,10.192356652628536,10.041672352985051,0.0995850058484266,0.0630997632496882,,0.3435135738573766,0.9,18,20,0.7307582707805724,8.0,22.0,0.5183318181818182,0.5183318181818182,0.3636363636363636,0.0,1.0,0.3636363636363636,22.0,3,5,"cheapness,quality,risk",0.4882016666666667,True,0.83335,0.7564,strong_buy,4,6,stable,0.4015,persistent,neutral,0.5,49.71532562452348
TROW,"T. Rowe Price Group, Inc.",Financial Services,25144186880.0,12.591202,11.298549,2.3397002,4.43,5.545,3.87,0.18688999,0.1455256662343639,0.28278,0.053,0.037,1880349952.0,22971785216.0,2928600064.0,2477400000.0,7314800000.0,459600000.0,3729799936.0,50.156,14341800000.0,4309400000.0,,407600000.0,2087100000.0,,0.5127002788866408,,218565000.0,0.1558862826603325,0.5193554753580693,10.572620215897938,8.005447117566954,0.0311815811125521,0.0206873515439429,0.5100336080547769,0.5265439429928741,222966000.0,,117.35,[],{},0.07478269076562,7.843947522361319,9.272537828368453,0.1078453405647583,0.079420535068852,,0.1777927688708357,0.95,19,20,0.7180129717783839,13.0,22.0,0.7209590909090908,0.7209590909090908,0.5909090909090909,0.0,1.0,0.5909090909090909,22.0,5,5,"cheapness,quality,dividend,garp,risk",0.75542,True,0.83335,0.7458,strong_buy,4,6,stable,0.6953,persistent,wait,0.25,60.17788238772653
DECK,Deckers Outdoor Corporation,Consumer Cyclical,14789433344.0,15.169516,12.802972,5.9634876,,3.545,15.01,0.40859002,0.2776942131616304,0.18714,0.096,-0.048,858725120.0,13257377792.0,1338675968.0,1262903000.0,5472296000.0,375193984.0,1907249024.0,17.857,3687765000.0,2850420000.0,,804074000.0,1024071000.0,,0.5770385958654284,,139978000.0,0.2705946246931589,0.57879814955516,3.544972228924204,3.715187267595829,0.1017402139236095,0.0775785574799762,1.4839058345637537,1.3964314003605347,150201000.0,2530000.0,106.49,[],{},0.0580634227171645,9.903350854805216,10.497542401910518,0.0952603915958466,0.0659216813509409,,0.4379467148179191,0.9,18,20,0.7281702162549165,8.0,22.0,0.5129363636363636,0.5129363636363636,0.3636363636363636,0.0,1.0,0.3636363636363636,22.0,3,5,"cheapness,quality,risk",0.4862233333333333,True,0.83335,0.7403,strong_buy,4,6,stable,0.3965,persistent,neutral,0.625,51.034153806764486
QCOM,QUALCOMM Incorporated,Technology,181056110592.0,18.49085,15.542775,6.6689963,2.14,2.366,55.979,0.36083,0.1105039586781804,0.22308001,-0.035,1.73,9589624832.0,186527121408.0,12999000064.0,12394000000.0,44284000000.0,15269999616.0,9799000064.0,25.758,50143000000.0,25754000000.0,,9144000000.0,5541000000.0,,0.5542859723602204,,1074000000.0,0.1838851216593538,0.5621374672758072,2.8164916885389326,2.402037319116527,0.2953752268512055,0.2653298038220256,0.8831541790479229,0.7064220183486238,1113000000.0,664000000.0,171.78,[],{},0.0529649333604083,14.349343833344255,15.049791948362111,0.0664461012770898,0.0540808021264571,,0.3023000560989292,0.95,19,20,0.710970159309941,10.0,22.0,0.6330045454545454,0.6330045454545454,0.4545454545454545,0.0,1.0,0.4545454545454545,22.0,5,5,"cheapness,quality,dividend,garp,risk",0.7616983333333334,True,0.83335,0.7181,strong_buy,4,6,stable,0.6788,persistent,neutral,0.625,38.08160581893196
BF-B,Brown-Forman Corporation,Consumer Defensive,11737747456.0,16.718954,14.924416,2.9187586,3.59,3.239,64.95,0.17846,0.0905751203445655,0.18202999,0.02,-0.627,739625024.0,14040748032.0,1184999936.0,1152000000.0,3928000000.0,2611000064.0,308000000.0,8.764,7894000000.0,3991000000.0,,1232000000.0,715000000.0,,0.6053971486761711,,458703000.0,0.1074697007172891,0.5894339622641509,3.239448051948052,3.884259259259259,0.316949581960983,0.3379915904031659,0.4975931086901444,0.4915904031659658,471777000.0,103000000.0,25.58,[],{},0.0630125180979187,11.848733156387276,12.188149333333334,0.0820469107040806,0.0598123542896284,,0.1729210447313119,0.95,19,20,0.6942729313697056,11.0,22.0,0.5949727272727274,0.5949727272727274,0.5,0.0,1.0,0.5,22.0,5,5,"cheapness,quality,dividend,garp,risk",0.6701516666666667,True,0.83335,0.7131,strong_buy,4,1,improving,0.4178,new,neutral,0.375,45.78877874155956
KHC,The Kraft Heinz Company,Consumer Defensive,30687924224.0,,12.350451,0.7321489,6.18,1.195,50.258,-0.12576,-0.0714792262734453,-0.23049,0.008,0.136,3212250112.0,47855927296.0,5761999872.0,4637000000.0,24942000000.0,21133000704.0,4091000064.0,35.348,81786000000.0,10127000000.0,,8778000000.0,-5846000000.0,,0.33313286825435,,1183655579.0,0.0310804535209034,0.3469782558229513,1.1536796536796536,1.0554253412381085,0.2594453818501944,0.2250501206293112,0.3049666202039469,0.2927497819611041,1195000000.0,947000000.0,25.88,[],{},0.1046747277056884,8.305437063362712,10.320450139314213,0.0968949984255676,,,0.0635135875520491,0.9,18,20,0.833822091886608,6.0,22.0,0.5508545454545454,0.5508545454545454,0.2727272727272727,0.0,1.0,0.2727272727272727,22.0,3,5,"cheapness,dividend,risk",0.4972066666666667,True,0.75,0.9545,buy,3,6,stable,0.4828,persistent,neutral,0.5,62.83042963821618
BIIB,Biogen Inc.,Healthcare,30411771904.0,22.173306,12.450288,1.6300933,,3.065,35.181,0.077010006,0.0439171860935138,0.13805,0.019,0.311,1930925056.0,32690970624.0,3539599872.0,2469000000.0,9890600000.0,6561900032.0,4282700032.0,126.367,29439500000.0,8974100000.0,,3349400000.0,1292900000.0,,0.7569207125957981,,146800000.0,0.0581904004734521,0.7612211783916741,2.67931569833403,1.3487194327883083,0.2234141204843832,0.2363802305226868,0.3359635863380832,0.344960480297191,145719340.0,267500000.0,205.99,[],{},0.0634926850725862,9.235781389473392,13.240571334143375,0.0755254418229904,0.045099273874631,,0.0946335966516034,0.9,18,20,0.712700969131677,5.0,22.0,0.4733681818181818,0.4733681818181818,0.2272727272727272,0.0,1.0,0.2272727272727272,22.0,3,5,"cheapness,garp,risk",0.4684149999999999,True,0.83335,0.7766,buy,3,6,stable,0.4021,persistent,neutral,0.625,52.77666261029747
SWK,"Stanley Black & Decker, Inc.",Industrials,14017428480.0,36.954918,14.483186,1.5613853,3.68,1.138,77.606,0.04165,0.0189185499701087,0.024360001,0.027,-0.348,842187520.0,20650227712.0,1671500032.0,1255400000.0,15130400000.0,6966499840.0,333700000.0,57.75,21243700000.0,5979000000.0,,5245700000.0,401900000.0,,0.3032504097710569,,155036411.0,0.0134697856642668,0.2937972236865225,1.1397906857044815,1.2970977648518376,0.2822860424502323,0.2851219054506176,0.7122299787701766,0.7032711028930518,154372933.0,516300000.0,90.17,[],{},0.0600814565383108,12.354308894204078,16.449121962721044,0.0607935184787564,0.0270599978059753,,0.0784723090386298,0.95,19,20,0.6775524158606541,6.0,22.0,0.4284090909090909,0.4284090909090909,0.2727272727272727,0.0,0.8891,0.2727272727272727,22.0,4,5,"cheapness,dividend,garp,risk",0.5033566666666667,True,0.73335,0.763,buy,3,6,stable,0.5474,persistent,neutral,0.375,57.19925592385314
IFF,International Flavors & Fragrances,Basic Materials,19964730809.47563,24.210526,16.259687,,2.05,1.492,45.701,0.060510002,-0.0141352441364188,0.076570004,-0.036,,3702625024.0,25903730688.0,1879000064.0,842000000.0,10890000000.0,6467999744.0,562000000.0,,25539000000.0,5594000000.0,,3933000000.0,-361000000.0,,0.3616161616161616,,255700000.0,0.0091564251645023,0.359108324625566,1.42232392575642,1.8308823529411764,0.2591722463682994,0.3345402639000104,0.4264066721484787,0.3998189604149984,255682329.0,229000000.0,78.2,[],{},0.1854582994048016,13.785912616126446,30.764525757719717,0.032504970428451,0.0413043483648393,,0.0389706562991761,0.85,17,20,0.7018382352941177,4.0,22.0,0.4208545454545455,0.4208545454545455,0.1818181818181818,0.0,1.0,0.1818181818181818,22.0,3,5,"cheapness,dividend,risk",0.4395433333333333,True,0.75,0.7456,buy,3,6,stable,0.3691,persistent,neutral,0.625,52.993417964972544
MDT,Medtronic,Healthcare,106499755901.61208,22.30563,12.989891,,3.46,2.126,58.214,0.098409995,0.0516081179859827,0.13203,0.099,0.183,4625375232.0,127037759488.0,10103000064.0,6828000000.0,36364000000.0,29148999680.0,9219999744.0,,93028000000.0,24787000000.0,,11658000000.0,4801000000.0,,0.6501759982400176,,1280177293.0,0.0508507853403141,0.6531591973044697,2.126179447589638,1.849056603773585,0.3005654211635206,0.3110383944153577,0.3908930644537128,0.3658049738219895,1281934628.0,715000000.0,83.2,[],{},0.0434308528957857,12.574260980228376,18.60541293028705,0.0537477992962003,0.044831730823115,,0.0839129900454713,0.85,17,20,0.6455615648021982,6.0,22.0,0.539259090909091,0.539259090909091,0.2727272727272727,0.0,1.0,0.2727272727272727,22.0,4,5,"cheapness,dividend,garp,risk",0.641235,True,0.83335,0.7036,buy,3,6,stable,0.4587,persistent,neutral,0.625,56.13470937131863
DHI,D. R. Horton,Consumer Cyclical,42363958212.98674,14.02723,12.448669,1.8017247,1.2,6.37,27.453,0.13084,0.1010735469902343,0.09513,-0.023,-0.132,2875425024.0,47662657536.0,4268600064.0,4424200000.0,34250400000.0,6643400192.0,1917900032.0,82.915,35471200000.0,34142700000.0,,1962900000.0,3585200000.0,,0.23696657557284,,294475153.0,0.1317405406004271,0.2591042732069976,17.394008864435275,17.06157623373435,0.1700280791177067,0.1653819628132937,0.9655833464895464,1.0193079494686228,324027360.0,,149.39,[],{},0.0678743239605626,11.165875655105646,10.773169733737172,0.0928231917546428,0.0712899125486642,,0.1320329589982183,0.95,19,20,0.6794138685090415,10.0,22.0,0.5958272727272728,0.5958272727272728,0.4545454545454545,0.0,1.0,0.4545454545454545,22.0,5,5,"cheapness,quality,dividend,garp,risk",0.61463,True,0.83335,0.7035,buy,3,6,stable,0.6569,persistent,neutral,0.375,44.57303835002561
PHM,PulteGroup,Consumer Cyclical,24016519735.03093,12.193423,11.367202,,0.82,7.139,18.942,0.16178,0.1229320700207436,0.121400006,-0.124,-0.304,1483359744.0,24661889024.0,2943536896.0,2978583000.0,17311953000.0,2453818112.0,1808448000.0,,18048423000.0,17368409000.0,,1373716000.0,2218730000.0,,0.2641298760457586,,192724978.0,0.1775687677838035,0.2909243631926316,12.643376796950752,11.081974412742424,0.1272509515097247,0.1298401158781077,0.9591947728618728,1.0335864409114546,202912881.0,605000.0,126.08,[],{},0.0617641423639056,8.37831829372116,8.279738729456255,0.1207767578996628,0.0820114253397097,,0.1786288058914618,0.85,17,20,0.6768890720669105,11.0,22.0,0.6066045454545456,0.6066045454545456,0.5,0.0,1.0,0.5,22.0,5,5,"cheapness,quality,dividend,garp,risk",0.6184766666666667,True,0.83335,0.7027,buy,3,6,stable,0.5863,persistent,neutral,0.5,49.358962519790204
ZBH,"Zimmer Biomet Holdings, Inc.",Healthcare,17628301312.0,23.606218,10.122725,1.3905294,1.05,1.733,59.827,0.060650002,0.0305347808953,0.09052,0.093,0.341,1044124992.0,24745000960.0,2580999936.0,1356200000.0,8231500000.0,7586999808.0,478500000.0,65.529,23091700000.0,5119900000.0,,2583700000.0,705100000.0,,0.6970539998785155,,195481555.0,0.0423022377406355,0.7146354804261194,1.981615512636916,1.9060345179321885,0.3256191618633535,0.2904054705527186,0.3564700736628312,0.3593958427918166,199073712.0,292800000.0,91.12,[],{},0.0592300400089735,9.58736984641289,18.245834655655507,0.0548070295973025,0.0423617201196735,,0.0661302906182953,0.95,19,20,0.6487942872536986,6.0,22.0,0.49475,0.49475,0.2727272727272727,0.0,1.0,0.2727272727272727,22.0,4,5,"cheapness,dividend,garp,risk",0.5759766666666667,True,0.83335,0.6935,buy,3,6,stable,0.5101,persistent,neutral,0.5,53.60447002973835
TXT,Textron Inc.,Industrials,15907363840.0,17.458017,12.557862,1.9875723,0.09,1.845,52.674,0.12254,0.0508025814992553,0.0615,0.118,0.106,622374976.0,18613364736.0,1684000000.0,1001000000.0,14799000000.0,4215000064.0,1508999936.0,46.026,18129000000.0,8572000000.0,,4353000000.0,921000000.0,,0.182106899114805,,174310000.0,0.0489369283762917,0.1826010801342869,1.969216632207673,1.7639963586709149,0.2139114126537591,0.2130894405511343,0.8163163991395003,0.8137546026844044,182964000.0,126000000.0,91.48,[],{},0.0391249601291573,11.05306694536817,18.594769966033965,0.0537785625649924,0.0572802741571393,,0.0726626016260162,0.95,19,20,0.664563824609032,7.0,22.0,0.4446681818181818,0.4446681818181818,0.3181818181818182,0.0,1.0,0.3181818181818182,22.0,5,5,"cheapness,quality,dividend,garp,risk",0.4633066666666667,True,0.83335,0.689,buy,3,6,stable,0.6429,persistent,neutral,0.625,52.60836763513738
EOG,"EOG Resources, Inc.",Energy,74509410304.0,13.755162,9.564089,2.420745,2.92,1.716,26.873,0.18195,0.0961408521400027,0.23322001,0.156,0.396,2864250112.0,78966407168.0,12586000384.0,7250000000.0,22582000000.0,8305999872.0,3848999936.0,57.788,51799000000.0,7656000000.0,,4691000000.0,4980000000.0,,0.6337791161101762,,537670216.0,0.1356970287797228,0.6833775344340833,1.6320613941590278,2.0974971983563693,0.1623197359022375,0.1073835459670241,0.4359543620533215,0.4954435637689145,557208477.0,235000000.0,139.89,[],{},0.0384414545802174,6.274146254467491,10.891918230068963,0.0918111923792571,0.0726999798330255,,0.1539016727519742,0.95,19,20,0.6766666666666667,12.0,22.0,0.68085,0.68085,0.5454545454545454,0.0,1.0,0.5454545454545454,22.0,5,5,"cheapness,quality,dividend,garp,risk",0.7472766666666667,True,0.66665,0.6814,buy,3,6,stable,0.6451,persistent,neutral,0.5,59.65900265525581
FOX,Fox Corporation,Communication Services,21679470592.0,13.586843,9.517051,1.9805892,1.08,2.896,67.867,0.152,0.0975641302004742,0.10561,-0.086,-0.493,1406499968.0,25858220032.0,3548999936.0,3229000000.0,16300000000.0,7574000128.0,3600999936.0,26.068,23195000000.0,8429000000.0,,2897000000.0,2263000000.0,,,,446335925.0,0.0683142180957582,,2.9095616154642734,2.540989159891599,0.3218366027161026,0.3710176588385218,0.702737658978228,0.6362643364281814,461308623.0,403000000.0,51.63,[],{},0.0648770440233451,7.286058184927508,8.00812017095076,0.1248732509818563,0.073600614947858,,0.1590797122869248,0.95,19,20,0.6521238558352402,11.0,22.0,0.595609090909091,0.595609090909091,0.5,0.0,1.0,0.5,22.0,5,5,"cheapness,quality,dividend,garp,risk",0.6046633333333333,True,0.83335,0.6719,buy,3,6,stable,0.6289,persistent,neutral,0.625,53.7649323620022
TEL,TE Connectivity,Technology,59345334272.0,20.745918,16.105421,4.4880795,1.47,1.888,43.798,0.22719999,0.0734420477652406,0.15543,0.145,71.5,2322249984.0,64244334592.0,4730999808.0,3384000000.0,17262000000.0,5861000192.0,1110000000.0,45.3,25081000000.0,7966000000.0,,5120000000.0,1842000000.0,,0.3521608156644653,,294558144.0,0.1397129605320731,0.3443357526033449,1.555859375,1.6078803202697007,0.2320481639488058,0.1895073072547475,0.6882500697739324,0.6933140806860943,299918100.0,77000000.0,203.31,[],{},0.0391311298939918,13.57944138644108,18.984732444444443,0.0526739053566505,0.0482022535710398,,0.169530584640048,0.95,19,20,0.6521072858826545,9.0,22.0,0.6022,0.6022,0.4090909090909091,0.0,1.0,0.4090909090909091,22.0,5,5,"cheapness,quality,dividend,garp,risk",0.7380500000000001,True,0.83335,0.671,buy,3,6,stable,0.6285,persistent,neutral,0.625,50.24515200555451
UBER,"Uber Technologies, Inc.",Technology,147499499520.0,17.980148,16.27382,5.961823,,1.069,48.113,0.3531,0.1626646386848322,0.15907,0.145,-0.846,6536625152.0,154888503296.0,7020000256.0,5565000000.0,52017000000.0,12419000320.0,6090999808.0,12.154,61802000000.0,13993000000.0,,12320000000.0,10053000000.0,,0.3975431109060499,,2067905000.0,0.1923347123565685,0.3939924507708399,1.1357954545454545,1.06700941094458,0.1954629300022653,0.2171181016314105,0.8416717905569399,0.8582077901803138,2107953000.0,440000000.0,72.46,[],{},0.044316253094226,22.06388855379552,27.8326151475292,0.0359290707933628,0.0556168948108769,,0.1124651388383654,0.9,18,20,0.674059845064296,5.0,22.0,0.4413545454545455,0.4413545454545455,0.2272727272727272,0.0,1.0,0.2272727272727272,22.0,3,5,"cheapness,quality,risk",0.4636833333333333,True,0.83335,0.6666,buy,3,6,stable,0.362,persistent,neutral,0.375,48.37975739587691
SW,Smurfit Westrock Plc,Consumer Cyclical,23233757184.0,61.527775,13.180248,1.2848773,4.08,1.443,78.831,0.02113,0.0154793276789866,0.01217,0.007,-0.836,1360249984.0,36808478720.0,4769999872.0,2224000000.0,31179000000.0,14254999552.0,674000000.0,34.478,45157000000.0,10439000000.0,,7064000000.0,699000000.0,,0.1938163507489015,,522310486.0,0.007289928928906,0.198730399355725,1.47777463193658,1.371198690849584,0.3050025466705051,0.3106789460453849,0.6904577363420954,0.4823921936058868,520444261.0,840000000.0,44.3,[],{},0.0585462770066625,7.716662412522597,16.550574964028776,0.0604208616421732,0.0162528224041906,,0.058383430026514,0.95,19,20,0.5782890655765387,5.0,22.0,0.4573545454545455,0.4573545454545455,0.2272727272727272,0.0,1.0,0.2272727272727272,22.0,4,5,"cheapness,dividend,garp,risk",0.528395,True,0.83335,0.6598,buy,3,6,stable,0.4705,persistent,neutral,0.625,52.27826995927551
XYL,Xylem Inc.,Industrials,29184006144.0,30.618452,20.108288,2.6051347,1.4,1.463,18.354,0.08724,0.0542701599183395,0.10791001,0.027,0.145,959124992.0,30694006784.0,1912000000.0,1326000000.0,9035000000.0,2060999936.0,808000000.0,47.13,17634000000.0,4641000000.0,,2856000000.0,957000000.0,,0.3846153846153846,,243584000.0,0.0539622870308615,0.3751459939266526,1.625,1.7542808219178083,0.1169899058636724,0.1288425392590796,0.5123624815696949,0.5191293275935245,243000000.0,29000000.0,122.78,[],{},0.0328647474670707,16.053350828451883,23.147818087481145,0.0432006159812022,0.032660044341889,,0.0897279740154283,0.95,19,20,0.6051517399556015,4.0,22.0,0.4606272727272728,0.4606272727272728,0.1818181818181818,0.0,1.0,0.1818181818181818,22.0,4,5,"cheapness,dividend,garp,risk",0.5257833333333333,True,0.83335,0.6592,buy,3,1,improving,0.3003,new,neutral,0.375,64.2160602737519
IVZ,Invesco Ltd.,Financial Services,13134878720.0,,9.267454,1.347921,2.9,0.822,14.829,-0.01535,-0.0103971358972466,-0.03692,0.141,0.35,861862528.0,17812480000.0,1327600000.0,-695700000.0,6377100000.0,1966700032.0,806899968.0,21.982,27094000000.0,10765800000.0,,897000000.0,-281700000.0,,0.3523858807294852,,444000000.0,0.0286868402637649,0.3341354870611505,12.002006688963212,10.11813583815029,0.3611316158559091,0.2794041963945218,0.2353694544917694,0.2246296591123666,448000000.0,82500000.0,29.63,[],{},0.0656163293451407,13.41705332931606,-25.60367974701739,-0.0390568859586087,,,-0.0265564759323586,0.9,18,20,0.5754778554778553,4.0,22.0,0.4215227272727272,0.4215227272727272,0.1818181818181818,0.0,1.0,0.1818181818181818,22.0,3,5,"cheapness,dividend,risk",0.4243716666666667,True,0.65,0.659,buy,3,1,improving,0.2083,new,neutral,0.375,60.39333379956112
COP,ConocoPhillips,Energy,139750506496.0,19.442373,12.800697,2.1652792,2.93,1.289,36.143,0.112840004,0.0655081639180245,0.12331,-0.053,-0.202,5289124864.0,156714500096.0,23346999296.0,11342000000.0,58944000000.0,23327000576.0,6362999808.0,52.977,121939000000.0,15532000000.0,,11972000000.0,7988000000.0,,0.2508821932681867,,1225168096.0,0.0752972796872454,0.2992602064115444,1.297360507851654,1.2905806664467172,0.1922600644584587,0.1981104414399739,0.4833892356014073,0.4458788076233914,1275866724.0,1233000000.0,114.71,[],{},0.0378469101587935,6.712404369791951,13.817183926644333,0.0723736475760196,0.0514340507714773,,0.1031400329189666,0.95,19,20,0.6061904761904763,7.0,22.0,0.5903045454545455,0.5903045454545455,0.3181818181818182,0.0,1.0,0.3181818181818182,22.0,4,5,"cheapness,dividend,garp,risk",0.6535316666666666,True,0.83335,0.6586,buy,3,6,stable,0.4806,persistent,neutral,0.625,57.88358207536849
BSX,Boston Scientific Corporation,Healthcare,65444216832.0,18.422592,11.861274,2.5301688,,1.9,42.25,0.14661,0.0663567879467863,0.17294,0.116,1.0,2807124992.0,75260215296.0,5500000256.0,3971000000.0,20074000000.0,11029000192.0,1452999936.0,17.402,43673000000.0,8794000000.0,,5439000000.0,2898000000.0,,0.6900966424230348,,1483000317.0,0.0470618098743495,0.686093031587747,1.616841331127045,1.0814189717143303,0.2618551507796579,0.2727757329610357,0.4596432578480983,0.4251047087193806,1474556348.0,349000000.0,44.03,[],{},0.0428934003321651,13.68367487145077,18.95245915285822,0.0527636013846356,0.0542811782402823,,0.1038604383532981,0.9,18,20,0.626885213305951,6.0,22.0,0.5034363636363636,0.5034363636363636,0.2727272727272727,0.0,1.0,0.2727272727272727,22.0,4,5,"cheapness,quality,garp,risk",0.5479533333333333,True,0.83335,0.6337,buy,3,6,stable,0.4538,persistent,accumulate,0.75,41.86546394106178
NKE,"NIKE, Inc.",Consumer Cyclical,64917901312.0,20.838095,18.837223,4.3646517,3.75,1.961,74.289,0.22138001,0.0809164280135381,0.066989996,-0.011,4.28,1889250048.0,66933903360.0,4928999936.0,3797000000.0,46398000000.0,11043000320.0,9027000320.0,10.026,38410000000.0,24603000000.0,,12547000000.0,3108000000.0,,0.4291348765032975,,1483498703.0,0.0880013122283277,0.4273467360556263,1.960867139555272,2.2110543251940187,0.2872429054933611,0.3010743869433281,1.2079666753449625,1.2659996172667378,1476000000.0,,43.76,[],{},0.0291021430116807,13.579611326657565,17.628102017382144,0.0567276045381376,0.0479890316269313,,0.1468120480996017,0.95,19,20,0.5773156370479021,6.0,22.0,0.5594272727272728,0.5594272727272728,0.2727272727272727,0.0,1.0,0.2727272727272727,22.0,4,5,"cheapness,dividend,garp,risk",0.7265116666666667,True,0.83335,0.6069,buy,3,6,stable,0.45,persistent,neutral,0.625,51.60723645967751
PYPL,"PayPal Holdings, Inc.",Financial Services,49891885056.0,10.611632,9.828198,2.5196009,0.99,1.259,58.28,0.25120002,0.0652713507041023,0.14997,0.072,-0.062,4083500032.0,52219887616.0,6572000256.0,6396000000.0,33172000000.0,11669999616.0,9342000128.0,22.448,80173000000.0,59759000000.0,,46443000000.0,5233000000.0,,0.4662064391655613,,920000000.0,0.0526770403302635,0.4609868855552411,1.286717051008763,1.2795339635084635,0.1245681214373916,0.1254874563353445,0.413755254262657,0.4038996506827564,993000000.0,441000000.0,56.56,[],{},0.0818469782694434,7.945813387381585,8.164460227642277,0.1224820713333034,0.0942362117344438,,0.189623480581085,0.95,19,20,0.629011048436746,13.0,22.0,0.6517863636363636,0.6517863636363636,0.5909090909090909,0.0,1.0,0.5909090909090909,22.0,5,5,"cheapness,quality,dividend,garp,risk",0.6529233333333334,True,0.83335,0.5997,buy,3,6,stable,0.5836,persistent,neutral,0.375,80.61207054830581
HRL,Hormel Foods,Consumer Defensive,13972496473.124405,29.870586,16.274597,1.7577016,4.61,1.938,4.244,0.05831,0.0357046779021376,0.03821,-0.029,-0.051,471169760.0,13648233472.0,1251180032.0,895192000.0,12106160000.0,250000000.0,574262976.0,14.445,13393119000.0,3405656000.0,,1380796000.0,478197000.0,,0.1562688746885883,,550107260.0,0.0599221614369742,0.1696311077187204,2.466443993174951,2.32007312232768,0.213350153911124,0.2127885869525168,0.9039089401057364,0.8873120551966475,548605305.0,78038000.0,25.39,[],{},0.033721229481523,10.908289073462452,15.24615219081493,0.0655903199367543,0.0334777496497725,,0.074522804623219,0.95,19,20,0.5455818375173214,4.0,22.0,0.4683818181818182,0.4683818181818182,0.1818181818181818,0.0,1.0,0.1818181818181818,22.0,4,5,"cheapness,dividend,garp,risk",0.555745,True,0.83335,0.5948,buy,3,1,improving,0.2708,new,neutral,0.5,61.20838450132356
FOXA,Fox Corporation,Communication Services,24194674688.0,15.163157,9.935219,2.2103727,0.97,2.896,67.867,0.152,0.0975641302004742,0.10561,-0.086,-0.493,1406499968.0,28375136256.0,3548999936.0,3229000000.0,16300000000.0,7574000128.0,3600999936.0,26.068,23195000000.0,8429000000.0,,2897000000.0,2263000000.0,,,,446335925.0,0.0683142180957582,,2.9095616154642734,2.540989159891599,0.3218366027161026,0.3710176588385218,0.702737658978228,0.6362643364281814,461308623.0,403000000.0,57.62,[],{},0.0581326257177407,7.995248455253846,8.787592522762464,0.1137968103789182,0.0659493270431744,,0.1590797122869248,0.95,19,20,0.5785040045766592,10.0,22.0,0.56535,0.56535,0.4545454545454545,0.0,1.0,0.4545454545454545,22.0,5,5,"cheapness,quality,dividend,garp,risk",0.5830766666666667,True,0.83335,0.591,buy,3,6,stable,0.5555,persistent,neutral,0.625,54.262197548126316
DOV,Dover Corporation,Industrials,28841779200.0,26.739075,18.49105,3.850773,0.97,1.865,43.927,0.14998001,0.081502125212415,0.13304,0.101,0.053,840764352.0,30489978880.0,1865912960.0,1373361000.0,8092571000.0,3290113024.0,1641916032.0,55.62,13422423000.0,4506940000.0,,2518489000.0,1093956000.0,,0.397669541607976,,134846325.0,0.2156120794681657,0.3819591735456742,1.7895412685939862,2.04163071976807,0.2663306766594973,0.2521314780528828,0.602914317333018,0.6192189563487877,137216447.0,109772000.0,214.18,[],{},0.0291509184010395,16.340515090264446,22.20099367901084,0.0450430289048465,0.0373984515171149,,0.1259509641199222,0.95,19,20,0.5741732568633617,5.0,22.0,0.4537863636363636,0.4537863636363636,0.2272727272727272,0.0,1.0,0.2272727272727272,22.0,5,5,"cheapness,quality,dividend,garp,risk",0.5140983333333333,True,0.83335,0.59,buy,3,6,stable,0.553,persistent,neutral,0.5,46.322451120323635
RMD,ResMed Inc.,Healthcare,28864770048.0,19.189007,16.583883,4.44581,1.21,3.008,12.988,0.25246,0.1713550281605076,0.2744,0.108,0.105,1446655104.0,28047425536.0,2119501056.0,1687394000.0,5146327000.0,843169024.0,1660513024.0,44.759,8174391000.0,3505605000.0,,1019120000.0,1400723000.0,,0.5936214313626009,,146385350.0,0.1485582753258908,0.566730988451746,3.439835348143496,2.589036462765812,0.1042050716683359,0.1271660210401208,0.6295670221793893,0.6817561682290043,146901045.0,,198.99,[],{},0.0501183658000503,13.233032112251989,16.62174070549024,0.060162170600441,0.0521131708378656,,0.2358253097611537,0.95,19,20,0.6072736378829153,8.0,22.0,0.6045409090909092,0.6045409090909092,0.3636363636363636,0.0,1.0,0.3636363636363636,22.0,5,5,"cheapness,quality,dividend,garp,risk",0.6642466666666667,True,0.83335,0.5872,buy,3,6,stable,0.5674,persistent,neutral,0.375,48.34919809818497
REGN,"Regeneron Pharmaceuticals, Inc.",Healthcare,70943522816.0,16.528824,12.363912,2.1947296,0.56,3.565,8.612,0.14548,0.1110711142122405,0.29648,0.19,-0.072,3273349888.0,62798286848.0,4382799872.0,3702000000.0,14342900000.0,2706200064.0,8753699840.0,308.325,40558700000.0,18021900000.0,,4368400000.0,4504900000.0,,0.8535372902272205,,105717146.0,0.1168609670704513,0.8612519363469934,4.125515062723194,4.731105646122252,0.066715649170215,0.0716219007717283,0.3536331292669636,0.3761182645910687,109617146.0,43800000.0,676.69,[],{},0.0461402219409064,14.328349156253694,16.96334058562939,0.0589506527297551,0.0605003719562867,,0.1022926032666211,0.95,19,20,0.5924039070586795,8.0,22.0,0.5357,0.5357,0.3636363636363636,0.0,1.0,0.3636363636363636,22.0,5,5,"cheapness,quality,dividend,garp,risk",0.565325,True,0.83335,0.576,buy,3,6,stable,0.555,persistent,neutral,0.375,61.98938750575637
TTD,"The Trade Desk, Inc.",Communication Services,8739314688.0,21.125,8.656296,3.568823,,1.682,17.264,0.16735001,0.0720442305004534,0.14571,0.118,-0.2,569112640.0,7756974592.0,709745984.0,589321000.0,2896284000.0,423575008.0,1405915008.0,5.209,6153220000.0,5261004000.0,,3265997000.0,443304000.0,,0.7862547319254604,,475923000.0,0.0643126883707019,0.8069347124606977,1.6108416511099062,1.8571508614164431,0.0709108401779881,0.0510827066512804,0.4706940431188873,0.4000082788621832,496101000.0,,18.59,[],{},0.065120968899478,10.929226465337774,13.162562664490151,0.0759730476116016,0.0473372781065088,,0.2041134335657481,0.9,18,20,0.5671243325705568,5.0,22.0,0.4485181818181818,0.4485181818181818,0.2272727272727272,0.0,1.0,0.2272727272727272,22.0,3,5,"cheapness,quality,risk",0.43927,True,0.83335,0.5739,buy,3,1,improving,0.1925,new,neutral,0.625,43.86236028564493
GRMN,Garmin Ltd.,Technology,48129196032.0,27.852678,24.172567,5.192568,1.68,4.361,2.331,0.19899,0.1513495630985433,0.23261,0.142,0.215,810156096.0,45644357632.0,2166502912.0,1876076000.0,7245519000.0,216112000.0,2700950016.0,48.061,10993669000.0,6248216000.0,,1720071000.0,1663887000.0,,0.5874393538958355,,192620000.0,0.1465585424349051,0.5870433449586249,3.632533773315172,3.5388962355871705,0.0149936295153146,0.0140060871019831,0.6590628660913841,0.6538482265819928,192468000.0,,249.56,[],{},0.0168329447153313,21.068218915922696,24.329695402531662,0.0411020353298768,0.0359031903503138,,0.2023029249273043,0.95,19,20,0.5488844475490078,5.0,22.0,0.4976136363636364,0.4976136363636364,0.2272727272727272,0.0,1.0,0.2272727272727272,22.0,5,5,"cheapness,quality,dividend,garp,risk",0.5586233333333334,True,0.66665,0.5676,buy,3,6,stable,0.5303,persistent,neutral,0.625,61.07990835497409
HAL,Halliburton Company,Energy,29422710784.0,19.458565,11.967503,2.728118,1.93,2.083,74.651,0.14626999,0.0512994802079168,0.06947,-0.003,1.335,2027000064.0,35545706496.0,4123000064.0,3091000000.0,22184000000.0,8080999936.0,2003000064.0,12.91,25010000000.0,11398000000.0,,5588000000.0,1283000000.0,,0.1570501262170934,,834602102.0,0.0977449486067143,0.1874564156206415,2.039727988546886,2.0466115702479337,0.3251899240303878,0.3361863446281314,0.8870051979208317,0.8967053581897058,868000000.0,352000000.0,35.22,[],{},0.0688923627357367,8.621320869327059,11.49974328566807,0.0869584629116271,0.0513912511020211,,0.1591494181855627,0.95,19,20,0.5514285714285714,9.0,22.0,0.5667863636363637,0.5667863636363637,0.4090909090909091,0.0,1.0,0.4090909090909091,22.0,5,5,"cheapness,quality,dividend,garp,risk",0.6755816666666667,True,0.83335,0.5562,buy,3,1,improving,0.3288,new,neutral,0.625,46.71755485694077
HPQ,HP Inc.,Technology,22716743759.14509,9.2,8.253644,-158.21655,4.83,0.794,,,0.0605472958414134,0.044460002,0.09,0.162,3450874880.0,29877743616.0,4712000000.0,3624000000.0,55295000000.0,10864000000.0,3703000064.0,-0.157,41769000000.0,22453000000.0,,29258000000.0,2529000000.0,,0.2060222443258884,,921149000.0,0.0695331880027061,0.2206538583618066,0.7674140406042792,0.7236727437515251,0.260528142881084,0.273096294069007,1.3238286767698533,1.3420281139592574,938989000.0,555000000.0,24.84,[],{},0.1519088702407351,6.340777507640068,8.244410490066224,0.1212943000842704,0.108695652173913,,0.2896650947166493,0.85,17,20,0.9862911135593326,12.0,22.0,0.6957863636363636,0.6957863636363636,0.5454545454545454,0.0,1.0,0.5454545454545454,22.0,3,5,"cheapness,dividend,garp",0.6777266666666667,False,0.63335,0.986,hold,2,6,stable,0.5029,persistent,neutral,0.625,59.282363107329815
FISV,"Fiserv, Inc.",Financials,26998648832.0,8.581356,5.666379,1.0299443,,1.03197990791126,,,0.0434278012803713,,,,,,,5698000000.0,21193000000.0,,,49.158,80133000000.0,24654000000.0,,23890000000.0,3480000000.0,,0.5936394092388997,,534000000.0,0.0405696071317508,0.6082811888932342,1.03197990791126,1.0595748521911812,0.3634332921517976,0.3233647766144915,0.2644728139468134,0.2650564942469161,564000000.0,1531000000.0,50.63,[],{},,,,,0.1165316996521295,,0.1013103852923919,0.6,12,20,0.947192335790662,2.0,22.0,0.3550999999999999,0.3550999999999999,0.0909090909090909,0.0,1.0,0.0909090909090909,22.0,1,5,cheapness,0.2618633333333333,False,0.46665,0.9472,hold,2,6,stable,0.1137,persistent,insufficient_data,0.0,
EXE,Expand Energy,Energy,21083238400.0,6.5572915,10.425612,1.0825052,3.62,1.111,25.883,0.17568001,0.0643051578463605,0.24906999,0.41,,1687624960.0,23922237440.0,7424000000.0,2771000000.0,12189000000.0,5058999808.0,2220000000.0,81.413,28287000000.0,2916000000.0,,2901000000.0,1819000000.0,,0.5084912626138322,,239249874.0,-0.0255969025596902,0.2703150912106136,1.0051706308169597,0.6394492475184118,0.1788807579453459,0.206173370617337,0.4309046558489766,0.1513228651322865,231769886.0,235000000.0,88.13,[],{},0.0800458130758508,3.2222841379310343,8.633070169613857,0.115833646704244,0.1525019895790815,,0.1091546521704876,0.95,19,20,0.9095238095238096,13.0,22.0,0.7031545454545456,0.7031545454545456,0.5909090909090909,0.0,1.0,0.5909090909090909,22.0,3,5,"cheapness,quality,dividend",0.6102966666666667,False,0.73335,0.9333,hold,2,6,stable,0.5252,persistent,accumulate,0.75,44.69575672010741
FIS,"Fidelity National Information Services, Inc.",Technology,21662404608.0,8.122093,6.1184626,1.356179,4.01,0.588,132.328,0.17225,0.0114070711896798,0.23347999,0.301,30.406,2446874880.0,42056404992.0,3308000000.0,1759000000.0,10677000000.0,21145999360.0,755000000.0,30.903,33488000000.0,4488000000.0,,7616000000.0,382000000.0,,0.3686428772127001,,514000000.0,0.0429197253137579,0.375629505282907,0.5892857142857143,0.8510009845749918,0.398082895365504,0.3416114136869524,0.3188306258958432,0.299757281553398,531000000.0,391000000.0,41.91,[],{},0.1129549061740062,12.713544435308345,23.90926946674247,0.0418247827015789,0.1231209738672039,,0.0679885590599876,0.95,19,20,0.8796562920900461,12.0,22.0,0.6499045454545455,0.6499045454545455,0.5454545454545454,0.0,1.0,0.5454545454545454,22.0,4,5,"cheapness,quality,dividend,garp",0.7213333333333333,False,0.53335,0.9301,hold,2,6,stable,0.6877,persistent,neutral,0.625,54.72465826783194
CHTR,"Charter Communications, Inc.",Communication Services,20582836224.0,3.5553448,2.965553,0.98605394,,0.401,459.525,0.27504998,0.0323383891111644,0.09029,-0.01,0.089,2403624960.0,117146476544.0,21974999040.0,13324000000.0,54774000000.0,96822001664.0,517000000.0,133.228,154213000000.0,5144000000.0,,13306000000.0,4987000000.0,,0.5653777339613685,,126631550.0,0.0338821490467937,0.5579740401198149,0.3865925146550428,0.3138810618419101,0.6297847781963907,0.6383348886815091,0.355184063600345,0.3671843754166111,141946427.0,5042000000.0,131.37,[],{},0.1167781220159214,5.330897914068806,8.792140238967278,0.1137379492160443,0.2812666720819877,,0.094558822485753,0.9,18,20,0.9060102301790284,11.0,22.0,0.5881727272727273,0.5881727272727273,0.5,0.0,1.0,0.5,22.0,3,5,"cheapness,quality,garp",0.444225,False,0.26665,0.9288,hold,2,6,stable,0.4954,persistent,insufficient_data,0.0,
ARE,Alexandria Real Estate Equities,Real Estate,8751813498.331299,,-57.068184,0.5448805,5.73,0.797,66.509,-0.04144,-0.0419452180318342,-0.36141,-0.115,,1408723072.0,24841347072.0,1860583936.0,555045000.0,2945175000.0,12878605312.0,418720000.0,92.167,34081835000.0,939781000.0,,2182600000.0,-1429570000.0,,0.686740176729736,,170537867.0,0.0086056742092967,0.7018515883170378,0.4305786676440942,0.4002596753853375,0.3744252033377898,0.3397913084899536,0.0864148013157155,0.0812660087819984,172203443.0,226698000.0,50.22,[],{},0.1609635616970814,13.351371357857408,44.75555508472286,0.0223435950712037,,,0.0173999470520217,0.9,18,20,0.8033825237918677,2.0,22.0,0.4298409090909091,0.4298409090909091,0.0909090909090909,0.0,1.0,0.0909090909090909,22.0,1,5,cheapness,0.36631,False,0.45,0.9278,hold,2,9,stable,0.1558,persistent,insufficient_data,0.0,
VTRS,Viatris Inc.,Healthcare,20135116800.0,,6.4939218,1.3735304,2.78,1.603,99.675,-0.01957,-0.0945040881238724,-0.02036,0.081,,2238337536.0,32344915968.0,4125199872.0,253500000.0,14299900000.0,14609999872.0,2400199936.0,12.588,37193100000.0,9789200000.0,,7094300000.0,-3514900000.0,,0.3505968573206806,,1151215081.0,-0.0152815963027307,0.3815377935180096,1.3798683450093738,1.6473509360833305,0.3951808265511614,0.3447130062239614,0.3844772283030992,0.3551561532400502,1193647828.0,471300000.0,17.29,[],{},0.1111658580495544,7.840811832547249,127.59335687573964,0.0078373986270607,,,0.0084222626815687,0.9,18,20,0.8053070877977211,2.0,22.0,0.3742363636363636,0.3742363636363636,0.0909090909090909,0.0,1.0,0.0909090909090909,22.0,1,5,cheapness,0.3291683333333333,False,0.55,0.9168,hold,2,6,stable,0.155,persistent,insufficient_data,0.0,
TAP,Molson Coors Beverage Company,Consumer Defensive,7676477440.0,,8.220559,0.7644038,4.69,0.535,62.567,-0.18080999,-0.0940963304366182,-0.18854,0.02,0.356,774062528.0,14001777664.0,2444699904.0,1630700000.0,11140800000.0,6485300224.0,469500000.0,53.545,22738400000.0,2935500000.0,,5310800000.0,-2139600000.0,,0.3836887835703002,,190735943.0,0.0430627333172193,0.3899028124193687,0.5527415831889734,0.9353737028766584,0.2793644231784118,0.2375970196782572,0.4899553178763677,0.4460890950457138,203147943.0,247900000.0,40.93,[],{},0.100835641614287,5.72740140460201,8.586360252652236,0.1164637833232201,,,0.0935699694737083,0.9,18,20,0.7934581547484774,6.0,22.0,0.549509090909091,0.549509090909091,0.2727272727272727,0.0,1.0,0.2727272727272727,22.0,2,5,"cheapness,dividend",0.46451,False,0.65,0.9139,hold,2,6,stable,0.3073,persistent,insufficient_data,0.0,
CNC,Centene Corporation,Healthcare,32807872512.0,,14.846497,1.531052,,1.123,76.049,-0.26044,-0.0869610538522678,-0.03613,0.051,0.183,6847499776.0,25537871872.0,2904999936.0,-312000000.0,194777000000.0,16371000320.0,23740999680.0,43.395,76747000000.0,40370000000.0,,36696000000.0,-6674000000.0,,0.0711942375126426,,491757000.0,0.0400873309479046,0.103200446431309,1.1001199040767389,1.1091036455444967,0.2366476865545233,0.235660137061071,2.5379102766231907,1.9779368063557523,495907000.0,678000000.0,66.44,[],{},0.2087151421810548,8.791006001591871,-81.85215343589743,-0.0122171495559142,,,-0.0077900676637287,0.85,17,20,0.757478735953312,3.0,22.0,0.2625363636363636,0.2625363636363636,0.1363636363636363,0.0,1.0,0.1363636363636363,22.0,2,5,"cheapness,risk",0.2531116666666667,True,0.65,0.903,hold,2,6,stable,0.2823,persistent,insufficient_data,0.0,
TFC,Truist Financial Corporation,Financial Services,64135364608.0,12.068966,10.422291,1.103057,3.96,,,0.09059,0.0096924779649996,0.30692,0.082,0.367,,90400366592.0,,,20319000000.0,69860999168.0,49007001600.0,47.595,547538000000.0,,,,5307000000.0,,,,1262470000.0,0.0090704399295148,,,,0.117443903436839,0.0990067322318779,0.0371097531130259,0.0249973643387502,1315936000.0,10119000000.0,52.5,[],{},,,,,0.0828571395428572,,,0.65,13,20,0.799082423092806,8.0,22.0,0.5403363636363637,0.5403363636363637,0.3636363636363636,0.0,1.0,0.3636363636363636,22.0,3,5,"cheapness,dividend,garp",0.6052783333333334,False,0.36665,0.9029,hold,2,6,stable,0.3319,persistent,insufficient_data,0.0,
EIX,Edison International,Utilities,29871552512.0,8.438044,11.921269,1.7330059,4.52,0.74,226.101,0.18864,0.0499968093931465,0.18124,0.077,-0.632,-1134000000.0,74047553536.0,8573000192.0,5240000000.0,19317000000.0,42696998912.0,168000000.0,44.795,94026000000.0,7686000000.0,,10536000000.0,4701000000.0,,0.4807164673603561,,384787056.0,0.01806517954171,0.4101369395988408,0.729498861047836,0.8478492712406683,0.4418884138429796,0.4412414260507835,0.2054431752919405,0.2056462449900092,384784719.0,1539000000.0,77.63,[],{},-0.0379625397623524,8.637297547840765,14.131212506870227,0.0707653359196053,0.118510877639415,,0.062762007426039,0.95,19,20,0.8945639187574671,9.0,22.0,0.5574181818181818,0.5574181818181818,0.4090909090909091,0.0,1.0,0.4090909090909091,22.0,4,5,"cheapness,quality,dividend,garp",0.5728833333333333,False,0.36665,0.8978,hold,2,6,stable,0.6811,persistent,insufficient_data,0.0,
ES,Eversource Energy,Utilities,28063092736.0,15.978587,15.213327,1.6971436,4.22,0.651,181.822,0.10912,0.0265317332320206,0.12549,0.094,0.074,587291392.0,58288168960.0,4898722816.0,2988589000.0,13547244000.0,30339694592.0,270184000.0,43.968,63786711000.0,5077186000.0,,7808512000.0,1692372000.0,,0.8469225179674922,,375416880.0,0.0136195891404729,0.8308580534314937,0.6502117176742509,0.7552604487723995,0.4721186831532982,0.4885490746977797,0.2123834853312941,0.1996963345410448,366608052.0,1243266000.0,74.62,[],{},0.0209275363027471,11.898646065382932,19.503574750492625,0.0512726519519065,0.0625837566237865,,0.0533884450266075,0.95,19,20,0.8777777777777778,6.0,22.0,0.4608636363636363,0.4608636363636363,0.2727272727272727,0.0,1.0,0.2727272727272727,22.0,3,5,"cheapness,dividend,garp",0.508945,False,0.26665,0.8939,hold,2,6,stable,0.5049,persistent,insufficient_data,0.0,
EG,"Everest Group, Ltd.",Financial Services,15138907136.0,7.7884774,6.3289948,0.9957678,2.09,0.382,23.471,0.13822,0.0254502991329942,0.11732,-0.047,2.307,3993250048.0,15089907712.0,,2038000000.0,17218000000.0,3588999936.0,3638000128.0,384.196,62514000000.0,,,,1591000000.0,,,,40700000.0,0.024369464510747,,,,0.0574111399046613,0.0636658916242168,0.2754263045077902,0.3030830123710974,42978585.0,151000000.0,382.57,[],{},0.263773997166819,,7.404272675171737,0.1350571546822194,0.1283948002468364,,,0.85,17,20,0.8500890029767383,12.0,22.0,0.74175,0.74175,0.5454545454545454,0.0,1.0,0.5454545454545454,22.0,4,5,"cheapness,quality,dividend,garp",0.7672716666666666,False,0.73335,0.8892,hold,2,6,stable,0.5914,persistent,neutral,0.625,68.41701640939048
IP,International Paper,Consumer Cyclical,19888658270.620903,,13.40079,1.3428193,4.93,1.213,65.904,-0.16036,-0.092614055420925,-0.13767,0.134,,1711250048.0,28411658240.0,4007000064.0,-10000000.0,23634000000.0,9758999552.0,1236000000.0,27.971,37964000000.0,10106000000.0,,7899000000.0,-3516000000.0,,0.296056528729796,,528000000.0,0.0244298245614035,0.2802652352383959,1.2794024560070896,1.5086895255988728,0.2717574544305131,0.2553508771929824,0.6225371404488462,0.6945175438596491,347417000.0,551000000.0,37.56,[],{},0.0860415028864879,7.090506060945249,-2841.165824,-0.0003519681926175,,,-0.0003326126725428,0.9,18,20,0.7640713742596357,3.0,22.0,0.3951454545454546,0.3951454545454546,0.1363636363636363,0.0,1.0,0.1363636363636363,22.0,2,5,"cheapness,risk",0.377665,True,0.65,0.8884,hold,2,6,stable,0.2974,persistent,insufficient_data,0.0,
FDX,FedEx,Industrials,74679145114.29211,16.863148,15.268911,,1.56,1.475,135.694,0.14846,0.0466979355678044,0.0468,0.125,-0.046,5534374912.0,105060179968.0,11877000192.0,5994000000.0,87926000000.0,42943000576.0,13310999552.0,,87627000000.0,18386000000.0,,15411000000.0,4092000000.0,,0.2160339376293701,,238000000.0,0.0497776041008194,0.2161175920540978,1.193043929660632,1.3633096218644702,0.4269916806463761,0.4335168434723643,1.0034121903066406,1.007884423092395,244302246.0,789000000.0,312.98,[],{},0.0741087073711135,8.845683107655876,17.527557552218884,0.057053014775205,0.0593009087034046,,0.083000997008973,0.85,17,20,0.8197610152600967,5.0,22.0,0.4506136363636364,0.4506136363636364,0.2272727272727272,0.0,0.8886,0.2272727272727272,22.0,3,5,"cheapness,dividend,garp",0.5085599999999999,False,0.73335,0.8852,hold,2,6,stable,0.4348,persistent,neutral,0.375,46.217080487571536
ACGL,Arch Capital Group Ltd.,Financial Services,35410636800.0,7.7961535,10.309341,1.525115,,0.566,11.282,0.21305999,0.0555141908860312,0.24635,-0.033,0.946,5276125184.0,35205681152.0,5896999936.0,5127000000.0,19294000000.0,2728999936.0,3620999936.0,66.454,79241000000.0,,,,4399000000.0,,,,359000000.0,0.0608129072292894,,,,0.0344392423114296,0.0384734719205709,0.2434850645499173,0.2387668180407864,376400000.0,148000000.0,101.35,[],{},0.1489983140884944,5.970100311020251,6.866721504193485,0.1456299049538128,0.1282683826068842,,,0.85,17,20,0.8572973711023869,10.0,22.0,0.6362090909090911,0.6362090909090911,0.4545454545454545,0.0,1.0,0.4545454545454545,22.0,3,5,"cheapness,quality,garp",0.5940066666666667,False,0.73335,0.881,hold,2,6,stable,0.4433,persistent,neutral,0.375,59.77539501265768
MO,Altria,Consumer Defensive,123922627020.51892,15.492693,12.626718,,5.71,0.619,,,0.1983893537424679,0.39518002,0.053,1.063,8542875136.0,145043636224.0,15788000256.0,12035000000.0,20139000000.0,24601999360.0,3531000064.0,,35017000000.0,5932000000.0,,9154000000.0,6947000000.0,,0.7220815333432643,,1674318297.0,0.3202092276203201,0.7027489728037566,0.6480227223071882,0.513950575105341,0.7341862523916954,0.7085879978394974,0.5751206556815261,0.5811751997043523,1690651867.0,1177000000.0,74.21,[],{},0.0689371694370672,9.18695426096654,12.051818547901952,0.0829750295381011,0.0645465575287653,,0.4653365812164095,0.75,15,20,0.8758303908073494,8.0,22.0,0.5840727272727273,0.5840727272727273,0.3636363636363636,0.0,1.0,0.3636363636363636,22.0,3,5,"cheapness,dividend,garp",0.6884233333333334,False,0.53335,0.8777,hold,2,9,stable,0.3945,persistent,neutral,0.5,60.3483467500907
BBY,Best Buy,Consumer Cyclical,18001621003.512268,15.816667,12.077719,,4.5,1.121,134.09,0.39104,0.072869802317655,0.027309999,0.019,0.379,1143750016.0,20232620032.0,2617999872.0,1750000000.0,41691000000.0,4134000128.0,1903000064.0,,14670000000.0,8504000000.0,,7679000000.0,1069000000.0,,0.2248207047084502,,209100000.0,0.0627114057637667,0.2259921017145058,1.1074358640447974,1.0259481037924152,0.2817314246762099,0.2741848193749154,2.841922290388548,2.8093627384657016,211400000.0,47000000.0,85.41,[],{},0.0635359457782632,7.728273881290701,11.561497161142857,0.0864939882838798,0.0632244454536471,,0.2503218423687598,0.85,17,20,0.8420267381450691,9.0,22.0,0.6060136363636365,0.6060136363636365,0.4090909090909091,0.0,1.0,0.4090909090909091,22.0,3,5,"cheapness,dividend,garp",0.6974333333333333,False,0.73335,0.8762,hold,2,6,stable,0.4381,persistent,wait,0.25,72.56134996043642
OTIS,Otis Worldwide Corporation,Industrials,28183943168.0,19.534575,15.560846,-4.9877768,2.31,0.837,,,0.1299164554585562,0.101110004,0.064,0.426,1682125056.0,35812945920.0,2492999936.0,2219000000.0,14431000000.0,8217999872.0,834000000.0,-14.726,10653000000.0,6501000000.0,,7656000000.0,1384000000.0,,0.3028203173723234,,389800000.0,0.1453693884764934,0.2985064160998527,0.8491379310344828,0.9898051361465996,0.79892987890735,0.7725344644750796,1.3546418849150474,1.2602509720749382,397600000.0,,73.45,[],{},0.0596838081163136,14.36540186096499,16.139227543938713,0.0619608340781813,0.0511912851956082,,0.740407073740407,0.85,17,20,0.8731746207305445,7.0,22.0,0.5802727272727274,0.5802727272727274,0.3181818181818182,0.0,1.0,0.3181818181818182,22.0,3,5,"cheapness,dividend,garp",0.6168966666666666,False,0.53335,0.8663,hold,2,6,stable,0.4436,persistent,neutral,0.625,52.82126870924051
VICI,VICI Properties Inc.,Real Estate,29586026496.0,9.202055,9.155026,1.0189996,6.7,11.12,61.853,0.11331,0.059401656975465,0.7683,0.035,0.601,1285280000.0,46369832960.0,3990516992.0,3655301000.0,4006116000.0,17701677056.0,486896000.0,26.369,46724168000.0,19339997000.0,,724974000.0,2775493000.0,,0.993327701943728,,1068811371.0,0.059045020668325,0.993012842911718,26.67681461680005,27.91675515877101,0.378599357831262,0.3890345465421938,0.0857396968523869,0.0848422951913798,1056366685.0,843614000.0,26.87,[],{},0.0434421296882759,11.620006393397158,12.685640104604245,0.0788292897917741,0.1086713782953916,,0.079464457572887,0.95,19,20,0.8342561576354679,11.0,22.0,0.6888227272727273,0.6888227272727273,0.5,0.0,1.0,0.5,22.0,3,5,"cheapness,dividend,garp",0.736105,False,0.56665,0.8611,hold,2,6,stable,0.4832,persistent,insufficient_data,0.0,
LDOS,"Leidos Holdings, Inc.",Technology,13393636352.0,9.750916,8.120106,2.671752,1.62,1.397,137.125,0.30579,0.1073149040243089,0.08154,0.037,-0.076,1194749952.0,19931635712.0,2404000000.0,2100000000.0,17174000000.0,6944000000.0,457000000.0,39.854,13493000000.0,4814000000.0,,2827000000.0,1448000000.0,,0.1804471876091766,,126380657.0,0.0963873943120676,0.1679270195654783,1.7028652281570569,1.2174157303370787,0.3879789520492107,0.4066871637202152,1.2728081227303043,1.280707148347425,131163899.0,203000000.0,106.48,[],{},0.0892028065120339,8.291029830282861,9.49125510095238,0.1053601435599025,0.1025544677033419,,0.196887305456591,0.95,19,20,0.8323445962057485,11.0,22.0,0.6155272727272728,0.6155272727272728,0.5,0.0,1.0,0.5,22.0,4,5,"cheapness,quality,dividend,garp",0.6251833333333333,False,0.73335,0.8553,hold,2,6,stable,0.6413,persistent,neutral,0.625,39.05422650535042
CI,The Cigna Group,Healthcare,74452647936.0,11.930903,8.405847,1.7643114,2.22,0.818,72.805,0.16268998,0.0377218700726321,0.02263,0.046,0.291,6923375104.0,97732648960.0,13390000128.0,8154000000.0,273854000000.0,30900000768.0,7852000256.0,159.524,157919000000.0,47814000000.0,,56342000000.0,5957000000.0,,0.0895148509789888,,263464000.0,0.0220296251627844,0.1015283487982839,0.8486386709736964,0.8428913917107919,0.1992350508805146,0.2051051763845497,1.7341421868172924,1.5790763467003677,273789000.0,1408000000.0,281.45,[],{},0.09299031392344,7.298928157261926,11.985853441255824,0.0834316892744539,0.0838159525729108,,0.0802740777932012,0.95,19,20,0.8314417141651754,12.0,22.0,0.6591,0.6591,0.5454545454545454,0.0,1.0,0.5454545454545454,22.0,4,5,"cheapness,quality,dividend,garp",0.6892683333333334,False,0.73335,0.8549,hold,2,6,stable,0.6408,persistent,neutral,0.5,44.91727641094113
APA,APA Corporation,Energy,12449221826.42221,8.20979,8.91693,1.9281726,2.84,0.919,61.314,0.26217,0.080738697145431,0.18313,-0.119,0.322,1691250048.0,17634222080.0,5210999808.0,2750000000.0,8920000000.0,4536000000.0,293000000.0,18.266,17761000000.0,2121000000.0,,2571000000.0,1434000000.0,,0.4056053811659192,,352964646.0,0.0414646725116039,0.44181986238061,0.8249708284714119,1.1519458544839256,0.2584313946286808,0.317792676637442,0.5022239738753449,0.5021660649819495,365397149.0,278000000.0,35.22,[],{},0.1358518686212573,3.3840381365832517,6.412444392727273,0.1559467714268459,0.1218057952761276,,0.1810401579986833,0.95,19,20,0.8476190476190477,14.0,22.0,0.7580772727272727,0.7580772727272727,0.6363636363636364,0.0,1.0,0.6363636363636364,22.0,4,5,"cheapness,quality,dividend,garp",0.7882899999999999,False,0.73335,0.8452,hold,2,9,stable,0.6433,persistent,neutral,0.5,53.78740719603984
GIS,General Mills,Consumer Defensive,20264908800.0,,11.753818,3.667182,6.43,0.682,217.629,-0.01028,-0.002918375437673,-0.00475,0.022,-0.145,2308499968.0,23248506880.0,3449600000.0,2807200000.0,18424600000.0,0.0,399000000.0,10.354,30016700000.0,4618300000.0,,6774100000.0,-87600000.0,,0.3362732433811317,,533681218.0,0.0694019854192935,0.345519485184691,0.6817584623787661,0.6714392984867575,0.464421472047227,0.46253980061141,0.6138116448510329,0.5892334999440599,542413328.0,569600000.0,37.97,[],{},0.1139161291463596,6.739479035250464,8.281742262752921,0.1207475393791827,,,0.12077822618812,0.9,18,20,0.7319648093841643,4.0,22.0,0.4394136363636364,0.4394136363636364,0.1818181818181818,0.0,1.0,0.1818181818181818,22.0,1,5,cheapness,0.3971033333333333,False,0.55,0.8439,hold,2,6,stable,0.1418,persistent,insufficient_data,0.0,
BLDR,"Builders FirstSource, Inc.",Industrials,7987396096.0,28.343513,12.427745,1.9939853,,1.759,132.159,0.06958,0.0387272825967984,0.01967,-0.101,,640900096.0,13180973056.0,1207911936.0,786276000.0,15190638000.0,5291918848.0,98342000.0,37.242,11237530000.0,,,1574941000.0,435199000.0,,0.3038566912067814,,110585000.0,0.1018510101873876,0.3282245435075972,,,0.4538605013735224,0.4094103553538165,1.351777303375386,1.5496890037556152,113578000.0,273894000.0,74.26,[],{},0.0802389274673577,10.912197042814883,16.763799296938988,0.0596523486285472,0.0352814416476884,,0.0813732220215513,0.85,17,20,0.7475657872871908,3.0,22.0,0.2479090909090908,0.2479090909090908,0.1363636363636363,0.0,0.8428,0.1363636363636363,22.0,1,5,cheapness,0.193865,False,0.53335,0.8428,hold,2,6,stable,0.1352,persistent,neutral,0.5,42.70798136786755
PRU,Prudential Financial,Financial Services,41356001280.0,12.275258,8.157155,1.2933816,4.7,0.81,158.972,0.10711,0.0046217075503399,0.054759998,0.153,-0.143,10378999808.0,61109288960.0,5103249920.0,,60967000000.0,55523999744.0,38684000256.0,92.061,773740000000.0,,,,3576000000.0,,,,347943691.0,0.0037072433308364,,,,0.0296714658670871,0.0293235198555711,0.0787952025228112,0.0960797295221367,354567002.0,,119.07,[],{},0.2509671991189183,11.974582847786534,,,0.0814646828604335,,,0.85,17,20,0.792334027642269,7.0,22.0,0.4781318181818182,0.4781318181818182,0.3181818181818182,0.0,1.0,0.3181818181818182,22.0,3,5,"cheapness,dividend,garp",0.5522333333333334,False,0.63335,0.8419,hold,2,6,stable,0.4167,persistent,neutral,0.375,71.69222155529832
ZTS,Zoetis,Healthcare,32096103690.573853,12.550819,10.358544,,2.77,3.153,286.236,0.67748,0.1728195513027736,0.28035,0.029,0.06,1780875008.0,39409102848.0,4073999872.0,3597000000.0,9467000000.0,9253999616.0,1940999936.0,,15467000000.0,6768000000.0,,2235000000.0,2673000000.0,,0.7183901975282561,,424927535.0,0.1746154386457821,0.7062445980985307,3.0281879194630874,1.754396248534584,0.5972716105256353,0.4736953009763293,0.6120773259197,0.6501369670576667,448473073.0,222000000.0,76.56,[],{},0.0554857070867145,9.673319608783729,10.956103099249374,0.0912733287503028,0.0796760753222558,,0.2718409915356711,0.85,17,20,0.8443468174456132,10.0,22.0,0.5975181818181817,0.5975181818181817,0.4545454545454545,0.0,1.0,0.4545454545454545,22.0,4,5,"cheapness,quality,dividend,garp",0.6373366666666667,False,0.63335,0.8389,hold,2,6,stable,0.5723,persistent,neutral,0.625,47.61941892975977
MAS,Masco,Industrials,16013697545.929756,19.467823,16.690859,-65.541664,1.63,1.751,12229.63,84.57143,0.1557392809075178,0.109,0.065,0.2,738499968.0,19049412608.0,1448000000.0,1253000000.0,7562000000.0,3302000128.0,388000000.0,-1.2,5201000000.0,2840000000.0,,1573000000.0,810000000.0,,0.3542713567839196,,204300000.0,0.1638755980861244,0.3616504854368932,1.8054672600127144,1.75,0.6181503557008268,0.6407496012759171,1.4539511632378388,1.5606060606060606,212500000.0,101000000.0,78.65,[],{},0.0461167675911118,13.155671690607734,15.203042783719074,0.065776306376701,0.0513668117898955,,0.3453693495038589,0.95,19,20,0.8575047683100347,8.0,22.0,0.5902045454545454,0.5902045454545454,0.3636363636363636,0.0,1.0,0.3636363636363636,22.0,4,5,"cheapness,quality,dividend,garp",0.6019633333333333,False,0.63335,0.8346,hold,2,6,stable,0.643,persistent,neutral,0.375,55.50894259335753
VZ,Verizon Communications Inc.,Communication Services,182012608512.0,10.631707,8.278479,1.7618529,6.49,0.64,192.045,0.17198,0.0424827709037297,0.12462,0.029,0.043,19608500224.0,375845617664.0,51101999104.0,29259000000.0,138191000000.0,200921006080.0,8400999936.0,24.741,404258000000.0,56922000000.0,,62370000000.0,17174000000.0,,0.5892279526163064,,4217175350.0,0.0455042876340941,0.5986512152417129,0.9126503126503126,0.6256349292121474,0.4493244413221259,0.4376194078152171,0.3418386278069945,0.3503617000813597,4209680158.0,6694000000.0,43.59,[],{},0.1077315488432617,7.35481241935564,12.845470373696982,0.0778484532608202,0.0940582730506023,,0.0855806579932609,0.95,19,20,0.7993397215865752,12.0,22.0,0.6537454545454545,0.6537454545454545,0.5454545454545454,0.0,1.0,0.5454545454545454,22.0,4,5,"cheapness,quality,dividend,garp",0.6639916666666666,False,0.63335,0.8295,hold,2,6,stable,0.619,persistent,neutral,0.625,49.56520310558328
CMCSA,Comcast Corporation,Communication Services,84983324672.0,4.664706,6.4340076,0.96397746,5.55,0.865,106.858,0.20918,0.073351893218306,0.15004,0.053,-0.326,4013125120.0,170393321472.0,35371999232.0,20670000000.0,123707000000.0,94611996672.0,9468000256.0,24.679,272631000000.0,29567000000.0,,33524000000.0,19998000000.0,,0.7174695045551182,,3604212627.0,0.0608239328953349,0.7007540551680662,0.8819651592888677,0.6771178090497966,0.362897102677245,0.3722348062251372,0.4537525079686462,0.4647854521413465,3787746392.0,4409000000.0,23.79,[],{},0.0472225008316511,4.81718096719425,8.243508537590712,0.1213075713380973,0.2143757827395767,,0.0864466535902336,0.95,19,20,0.8052297864225783,12.0,22.0,0.6909454545454544,0.6909454545454544,0.5454545454545454,0.0,1.0,0.5454545454545454,22.0,4,5,"cheapness,quality,dividend,garp",0.6573616666666666,False,0.46665,0.8281,hold,2,6,stable,0.6207,persistent,neutral,0.5,51.606074856647425
AIG,American International Group,Financial Services,42681597952.0,14.172536,9.090109,1.0617251,2.48,0.611,22.647,0.07723,0.0191995237327446,0.118389994,0.014,0.216,9517249536.0,42268602368.0,8316000256.0,4275000000.0,26774000000.0,9155999744.0,9592999936.0,75.82,161254000000.0,,,,3096000000.0,,,,538182168.0,-0.0087030907129839,,,,0.0569970357324469,0.0553055379923383,0.166036191350292,0.169040800386804,606159452.0,396000000.0,80.5,[],{},0.2229825028271706,5.082804361087312,9.887392366783626,0.1011389012293542,0.0705590022844182,,,0.9,18,20,0.7532093031346763,8.0,22.0,0.6451454545454546,0.6451454545454546,0.3636363636363636,0.0,1.0,0.3636363636363636,22.0,3,5,"cheapness,dividend,garp",0.6739133333333334,False,0.73335,0.8274,hold,2,9,stable,0.4268,persistent,neutral,0.5,60.46243699082928
EXC,Exelon,Utilities,47333605376.0,16.945055,15.229479,1.6146597,3.63,0.939,174.794,0.09764,0.0237453890366303,0.11212,0.079,-0.003,-2807749888.0,97861607424.0,8248999936.0,5145000000.0,24258000000.0,51241000960.0,713000000.0,28.65,116570000000.0,9546000000.0,,10331000000.0,2768000000.0,,0.429301673674664,,1022401000.0,0.0228234246270318,0.4084158415841584,0.9240151001839124,0.8723337842055977,0.4296131080037745,0.4328007867587026,0.2080981384575791,0.2136495212647517,1005046000.0,2127000000.0,46.26,[],{},-0.0593183186806986,11.863451107196129,19.0207205877551,0.052574243724697,0.0590142669941171,,0.0484285431903538,0.95,19,20,0.779689366786141,5.0,22.0,0.4165227272727272,0.4165227272727272,0.2272727272727272,0.0,0.9533,0.2272727272727272,22.0,3,5,"cheapness,dividend,garp",0.4666949999999999,False,0.26665,0.8152,hold,2,6,stable,0.4545,persistent,insufficient_data,0.0,
UAL,"United Airlines Holdings, Inc.",Industrials,37458591744.0,10.80618,7.5107923,2.3596885,,0.78,201.641,0.23252001,0.0438598786102971,0.05558,0.16,-0.172,910124992.0,54491213824.0,7090999808.0,4972000000.0,59070000000.0,33667999744.0,16636999680.0,48.909,76448000000.0,16857000000.0,,26133000000.0,3353000000.0,,0.2877941425427459,,323470682.0,0.0425063779814532,0.289013896920947,0.645046492939961,0.8099425238054387,0.405975303474257,0.4539907941093098,0.7726820845542067,0.7702576839490841,327899771.0,1167000000.0,115.41,[],{},0.0242968288348902,7.6845600478685,10.959616617860016,0.0912440676410504,0.0925396393545175,,0.098817450064593,0.9,18,20,0.768665603118083,5.0,22.0,0.4270636363636363,0.4270636363636363,0.2272727272727272,0.0,0.875,0.2272727272727272,22.0,1,5,cheapness,0.3423266666666666,False,0.46665,0.8141,hold,2,6,stable,0.1424,persistent,insufficient_data,0.0,
UPS,United Parcel Service,Industrials,100062740480.0,19.048544,14.688525,6.1591587,5.57,1.213,181.508,0.33353,0.0762347790395402,0.05943,-0.016,-0.272,4625500160.0,122950737920.0,11834000384.0,7867000000.0,88661000000.0,28661999616.0,5801999872.0,19.113,73090000000.0,19045000000.0,,15620000000.0,5572000000.0,,0.1808010286371685,,848900000.0,0.0825174825174825,0.179598111342923,1.219270166453265,1.174502767471565,0.3911615816117116,0.3660910518053375,1.213038719387057,1.2997002997002998,853900000.0,1017000000.0,117.72,[],{},0.0462259991862257,10.389617536791183,15.628668859794075,0.0639849758780528,0.0524974507237928,,0.1368888115538541,0.95,19,20,0.7800582698387173,6.0,22.0,0.5102909090909091,0.5102909090909091,0.2727272727272727,0.0,0.9728,0.2727272727272727,22.0,4,5,"cheapness,quality,dividend,garp",0.6094366666666666,False,0.73335,0.8086,hold,2,6,stable,0.6037,persistent,neutral,0.5,69.64849805866683
T,AT&T Inc.,Communication Services,151543267328.0,7.343434,8.541017,1.3852016,5.09,0.918,127.233,0.18370001,0.052244418107654,0.16938,0.029,-0.113,8849000448.0,319918276608.0,44411998208.0,25000000000.0,125648000000.0,162377007104.0,11964000256.0,15.745,420198000000.0,48732000000.0,,53780000000.0,21953000000.0,,0.5955367375525277,,7037502356.0,0.0277308476551121,0.5976572717760921,0.906136110078096,0.6649598907663424,0.3689760541459026,0.356952342354893,0.2990209377483948,0.3098722121607417,7175895450.0,6804000000.0,21.81,[],{},0.0583925673771256,7.203420010729728,12.79673106432,0.0781449570967551,0.1361760723933789,,0.0682280892314242,0.95,19,20,0.7861389206712434,11.0,22.0,0.6280681818181818,0.6280681818181818,0.5,0.0,1.0,0.5,22.0,4,5,"cheapness,quality,dividend,garp",0.62558,False,0.46665,0.8059,hold,2,6,stable,0.605,persistent,insufficient_data,0.0,
HBAN,Huntington Bancshares Incorporated,Financial Services,36995133440.0,14.038462,9.589063,1.2475221,3.4,,,0.083859995,0.009822039394774,0.26597,0.336,-0.265,,43675131904.0,,,8131000000.0,23893000192.0,20139999232.0,14.629,225106000000.0,,,,2211000000.0,,,,1567732506.0,0.0094990941585467,,,,0.082005810595897,0.0804534103706605,0.0361207608859826,0.0361602115262204,1453635809.0,4319000000.0,18.25,[],{},,,,,0.071232874370426,,,0.65,13,20,0.7022680110285562,5.0,22.0,0.4465681818181819,0.4465681818181819,0.2272727272727272,0.0,1.0,0.2272727272727272,22.0,3,5,"cheapness,dividend,garp",0.4888733333333334,False,0.36665,0.8032,hold,2,6,stable,0.2936,persistent,insufficient_data,0.0,
ADBE,Adobe Inc.,Technology,94306877440.0,13.564895,8.618228,8.218727,,0.751,61.443,0.62953997,0.2417276918904258,0.28689,0.127,0.079,9218374656.0,95757877248.0,9729000448.0,8706000000.0,23769000000.0,7077000192.0,5625999872.0,28.867,29496000000.0,10163000000.0,,10200000000.0,7130000000.0,,0.8926753334174765,,413000000.0,0.1839232550446576,0.89035108114392,0.9963725490196078,1.067579127459367,0.2253864930838079,0.2003307972213033,0.8058380797396257,0.711379424412835,441000000.0,263000000.0,237.25,[],{},0.0977486998428605,9.842519564040623,10.99906699379738,0.0909168023582293,0.0737197007422468,,0.451181592039801,0.9,18,20,0.7962095104800644,7.0,22.0,0.5004000000000001,0.5004000000000001,0.3181818181818182,0.0,1.0,0.3181818181818182,22.0,2,5,"cheapness,quality",0.4631166666666666,False,0.73335,0.802,hold,2,9,stable,0.2877,persistent,neutral,0.625,61.135077590750036
GPN,Global Payments,Industrials,21287155712.0,28.610294,4.8207216,0.8942258,1.29,0.792,95.593,0.02935,0.0262494712073181,-0.07967,0.631,,7124387840.0,39895310336.0,3920230912.0,1471866000.0,7705878000.0,23587248128.0,5861312000.0,87.025,53338484000.0,12602671000.0,,7456844000.0,1400107000.0,,0.7257442954586096,,236692592.0,0.0334902209424964,0.7371407851891877,1.6900810852419603,0.9645782615357108,0.4099362104104796,0.3553191809257595,0.1444712601880473,0.1649803354662925,248708899.0,649643000.0,77.82,[],{},0.334680120556634,10.17677561132399,27.105259810335998,0.0368932084398863,0.0349524545256333,,0.0320796292373158,0.95,19,20,0.7260858783766821,2.0,22.0,0.3599545454545455,0.3599545454545455,0.0909090909090909,0.0,1.0,0.0909090909090909,22.0,1,5,cheapness,0.2964683333333333,False,0.53335,0.8007,hold,2,6,stable,0.145,persistent,insufficient_data,0.0,
HON,Honeywell Technologies,Industrials,71292313600.0,17.98721,23.021786,5.245955,4.23,1.385,257.387,0.24264,0.0641820822192967,0.1089,0.024,-0.419,2936875008.0,97730314240.0,8526000128.0,6567000000.0,37442000000.0,37751001088.0,12389999616.0,42.894,73681000000.0,30387000000.0,,23414000000.0,4729000000.0,,0.3693445862934672,,317650000.0,0.0758683972551731,0.3847394648155082,1.2978132741095072,1.3129469326307863,0.482661744547441,0.4265785414117772,0.5081635699841207,0.4616867918506303,324900000.0,1344000000.0,225.02,[],{},0.0411948337723745,11.462621718600095,14.882033537383888,0.0671951180252339,0.0555950589335422,,0.1306423697455587,0.95,19,20,0.765246998474548,7.0,22.0,0.5129409090909092,0.5129409090909092,0.3181818181818182,0.0,0.9528,0.3181818181818182,22.0,4,5,"cheapness,quality,dividend,garp",0.608555,False,0.73335,0.8006,hold,2,6,stable,0.595,persistent,insufficient_data,0.0,
CDW,CDW Corporation,Technology,17021870513.010666,16.22899,11.309736,,1.89,1.165,240.522,0.44157,0.0665452140602188,0.047030002,0.092,0.077,884099968.0,22589569024.0,1982200064.0,1655600000.0,22424100000.0,6146299904.0,578600000.0,,16028200000.0,8500500000.0,,7226100000.0,1066600000.0,,0.2173286776280876,,129400000.0,0.0734276215391323,0.2191754727673618,1.1763606924897247,1.346832529592284,0.361088581375326,0.4082120667102681,1.3990404412223456,1.4305850773926314,132600000.0,227400000.0,133.24,[],{},0.0519390608290809,11.396210420059798,13.644339830877025,0.0732904642067774,0.0616181290394534,,0.1880914781699821,0.85,17,20,0.7953481126408779,6.0,22.0,0.5007863636363636,0.5007863636363636,0.2727272727272727,0.0,1.0,0.2727272727272727,22.0,3,5,"cheapness,dividend,garp",0.5645483333333333,False,0.73335,0.8002,hold,2,6,stable,0.4069,persistent,neutral,0.375,49.32182726165371
DUK,Duke Energy Corporation,Utilities,97457324032.0,19.232307,17.43787,1.818433,3.47,0.661,161.495,0.09661,0.0253811255977439,0.15706,0.113,0.12,-2246500096.0,189520330752.0,16478000128.0,8577000000.0,32237000000.0,91208998912.0,2140000000.0,68.746,195736000000.0,11613000000.0,,21047000000.0,4968000000.0,,0.5117721872382666,,777661224.0,0.0242778102746011,0.5006094146325395,0.5517650971634912,0.6690086273699437,0.4642426533698451,0.4573823540460334,0.1646963256631381,0.1629092587325523,776000000.0,3634000000.0,125.01,[],{},-0.0230511161507201,11.50141578345787,22.096342631689403,0.0452563583335213,0.0519958422044739,,0.0490986839468999,0.95,19,20,0.7597371565113501,6.0,22.0,0.4285454545454545,0.4285454545454545,0.2727272727272727,0.0,1.0,0.2727272727272727,22.0,3,5,"cheapness,dividend,garp",0.4885283333333333,False,0.26665,0.7984,hold,2,6,stable,0.4441,persistent,insufficient_data,0.0,
RF,Regions Financial Corporation,Financial Services,27009462272.0,12.865853,11.108888,1.5526122,3.46,,,0.118669994,0.0135756293525759,0.30837,0.034,0.085,,26139449344.0,,,7526000000.0,7628000256.0,9925999616.0,20.385,158814000000.0,,,,2156000000.0,,,,867013150.0,0.012034176297822,,,,0.0307529562884884,0.0412772882735121,0.047388769252081,0.0450280352443071,908477658.0,2082000000.0,31.65,[],{},,,,,0.0777251224617598,,,0.65,13,20,0.7196840040772552,6.0,22.0,0.4798909090909091,0.4798909090909091,0.2727272727272727,0.0,1.0,0.2727272727272727,22.0,3,5,"cheapness,dividend,garp",0.5250549999999999,False,0.36665,0.7978,hold,2,6,stable,0.2959,persistent,insufficient_data,0.0,
DAL,Delta Air Lines,Industrials,55352131584.0,13.95854,9.503733,2.523611,0.92,0.424,96.649,0.20125,0.0615492455452119,0.05784,0.187,-0.254,2817374976.0,71472054272.0,7506999808.0,5822000000.0,63364000000.0,21084000256.0,4664999936.0,33.353,81317000000.0,10968000000.0,,27624000000.0,5005000000.0,,0.2416514108957767,,653171237.0,0.0458658387730191,0.2460620021738072,0.3970460469157255,0.3691038620172478,0.2493205602764489,0.3021148437085389,0.7792220568884735,0.8178501300217588,646472635.0,679000000.0,84.17,[],{},0.0508991234009565,9.520721473288734,12.276203069735486,0.0814584113931203,0.0716407303342613,,0.108431266645559,0.95,19,20,0.7807257432629359,8.0,22.0,0.4811636363636363,0.4811636363636363,0.3636363636363636,0.0,0.839,0.3636363636363636,22.0,4,5,"cheapness,quality,dividend,garp",0.4766733333333333,False,0.46665,0.7976,hold,2,6,stable,0.5998,persistent,insufficient_data,0.0,
USB,U.S. Bancorp,Financial Services,98355175424.0,12.602794,10.975983,1.6642944,3.29,,,0.12623,0.0109338552311347,0.29896,0.104,0.216,,135160119296.0,,,28540000000.0,96008003584.0,66490998784.0,37.938,692345000000.0,,,,7570000000.0,,,,1555397637.0,0.0092862049952971,,,,0.0988134528305974,0.0967481328816277,0.0412222230246481,0.0402982082150259,1559796088.0,14321000000.0,63.14,[],{},,,,,0.0793474843752901,,,0.65,13,20,0.7240604193556821,7.0,22.0,0.5014181818181818,0.5014181818181818,0.3181818181818182,0.0,1.0,0.3181818181818182,22.0,3,5,"cheapness,dividend,garp",0.5683833333333334,False,0.36665,0.791,hold,2,6,stable,0.2954,persistent,insufficient_data,0.0,
DVA,DaVita Inc.,Healthcare,15209919488.0,22.82948,13.759982,-20.759527,,1.417,1261.331,0.80981004,0.0427230320095939,0.056479998,0.06,0.435,999662976.0,29571430400.0,2792761088.0,2010615000.0,13643069000.0,13220841472.0,666545984.0,-11.415,17480103000.0,4058003000.0,,3141634000.0,746803000.0,,0.3224782488456226,,68549000.0,0.0541699440240093,0.3290556394380264,1.2916854732282628,1.2598572009914542,0.7365134518944196,0.6980994451460053,0.7804913392100722,0.7414145965223102,80536000.0,579926000.0,236.97,[],{},0.0657244094413973,10.58860012303351,14.707654324671804,0.0679918073898785,0.0438030125959943,,0.1402252220930979,0.9,18,20,0.8086154316862193,5.0,22.0,0.4604727272727273,0.4604727272727273,0.2272727272727272,0.0,0.8,0.2272727272727272,22.0,2,5,"cheapness,garp",0.4127033333333333,False,0.53335,0.7904,hold,2,6,stable,0.2878,persistent,wait,0.25,72.87756475898608
ED,Consolidated Edison,Utilities,41411682304.0,18.949411,17.318707,1.6155792,3.13,1.189,106.177,0.08732,0.0271168719756578,0.12524,0.062,0.129,-833249984.0,68441681920.0,6016999936.0,3000000000.0,16918000000.0,27177000960.0,147000000.0,69.554,74603000000.0,6750000000.0,,6614000000.0,2023000000.0,,0.5325097529258778,,361121447.0,0.0257929197018225,0.5353303618248558,1.0205624433020866,1.0359085963003265,0.3803600391405171,0.3943340608259403,0.2267737222363711,0.2162070236104419,346597693.0,1233000000.0,112.37,[],{},-0.0201211334010334,11.374718738238656,22.81389397333333,0.0438329379968574,0.052772088800016,,0.0441247848916736,0.95,19,20,0.7319593787335723,6.0,22.0,0.4182090909090908,0.4182090909090908,0.2727272727272727,0.0,1.0,0.2727272727272727,22.0,3,5,"cheapness,dividend,garp",0.4761316666666667,False,0.26665,0.7884,hold,2,6,stable,0.4333,persistent,insufficient_data,0.0,
LYB,LyondellBasell,Basic Materials,19099174427.37343,,8.846924,,6.96,1.538,141.24,-0.060089998,-0.0219098314854571,-0.02686,-0.063,-0.295,987000000.0,30921175040.0,2220999936.0,831000000.0,30153000000.0,14357000192.0,2660000000.0,,34003000000.0,10868000000.0,,6129000000.0,-745000000.0,,0.0854641329220973,,322084769.0,0.0380462149611145,0.1390668982451937,1.7732093326806984,1.82938105891126,0.430403199717672,0.361522967604767,0.886774696350322,0.9342024282437196,323889832.0,487000000.0,59.17,[],{},0.0516776263682584,13.922186371463273,37.20959691937425,0.0268747872267146,,,0.0298127287077563,0.8,16,20,0.6590909090909091,2.0,22.0,0.2769045454545455,0.2769045454545455,0.0909090909090909,0.0,1.0,0.0909090909090909,22.0,1,5,cheapness,0.3144683333333333,False,0.45,0.7864,hold,2,6,stable,0.1156,persistent,insufficient_data,0.0,
BR,Broadridge Financial Solutions,Technology,17338335232.0,16.033155,14.393456,6.153183,2.6,0.943,120.878,0.42314,0.0982445874780573,0.15028,0.078,0.151,1187662464.0,20440035328.0,1761900032.0,1188600000.0,6889100000.0,3407300096.0,305600000.0,24.363,8545000000.0,1817100000.0,,1861300000.0,839500000.0,,0.31017113991668,,117200000.0,0.0846962049888382,0.2972121472920637,0.9762531563960672,1.0836908362050777,0.4047981275599766,0.433963408715908,0.806214160327677,0.7894302630301854,116700000.0,135800000.0,149.91,[],{},0.0684992214136006,11.60113227581802,17.196731724718155,0.0581505844254478,0.0623707560988464,,0.1778356299654383,0.95,19,20,0.7753043755706732,9.0,22.0,0.5536181818181819,0.5536181818181819,0.4090909090909091,0.0,1.0,0.4090909090909091,22.0,4,5,"cheapness,quality,dividend,garp",0.6243916666666667,False,0.63335,0.7834,hold,2,6,stable,0.5923,persistent,neutral,0.5,55.78944586528712
PPG,PPG Industries,Basic Materials,26159544136.047363,16.813753,13.550774,,2.52,1.609,93.736,0.20748,0.0713186713729749,0.09832,0.067,0.042,729000000.0,32422543360.0,2712999936.0,2169000000.0,15875000000.0,7736999936.0,1624000000.0,,22098000000.0,7959000000.0,,4900000000.0,1576000000.0,,0.4131653543307086,,223426948.0,0.057428086245047,0.4160934048595771,1.6242857142857143,1.307738332668528,0.357317404289981,0.3290794010188854,0.7183908045977011,0.8153656151906551,229927883.0,241000000.0,117.36,[],{},0.027867458095168,11.950808744877168,14.948152770862148,0.0668978980432459,0.0594751213485769,,0.1261193161995581,0.85,17,20,0.7757352941176471,6.0,22.0,0.5014545454545455,0.5014545454545455,0.2727272727272727,0.0,1.0,0.2727272727272727,22.0,4,5,"cheapness,quality,dividend,garp",0.5617716666666667,False,0.56665,0.7789,hold,2,6,stable,0.5286,persistent,neutral,0.625,50.30556433865206
ALL,The Allstate Corporation,Financial Services,64329486336.0,5.5275383,9.428207,2.1777399,1.73,0.364,23.719,0.45221,0.0858564772290786,0.17813,0.03,3.384,12428999680.0,68400488448.0,14840000512.0,13555000000.0,67069000000.0,7491999744.0,5401999872.0,114.752,119758000000.0,,,,10282000000.0,,,,260135910.0,0.0418126271087737,,,,0.0625427946358489,0.0724352025229131,0.5600377427812756,0.5690441420213767,264969685.0,399000000.0,249.9,[],{},0.1932084396738684,4.609197175747375,5.046144481593508,0.1981710994696316,0.1809123602092454,,,0.9,18,20,0.7983000208746478,13.0,22.0,0.7530454545454546,0.7530454545454546,0.5909090909090909,0.0,1.0,0.5909090909090909,22.0,4,5,"cheapness,quality,dividend,garp",0.7999883333333333,False,0.73335,0.778,hold,2,9,stable,0.5675,persistent,neutral,0.375,60.64743741407146
HCA,"HCA Healthcare, Inc.",Healthcare,82342502400.0,12.786083,11.305361,-13.104788,0.84,0.834,,,0.111725955204216,0.08894,0.043,0.109,5726000128.0,134448496640.0,15566000128.0,11965000000.0,75600000000.0,49844998144.0,1064000000.0,-28.324,60720000000.0,15783000000.0,,16350000000.0,6784000000.0,,0.415,,224605100.0,0.0967855762606489,0.4061867059473393,0.9653211009174312,1.0815049087434934,0.8019927536231884,0.760119637726211,1.245059288537549,1.1863458404046174,249981400.0,2248000000.0,371.18,[],{},0.0695388160561902,8.637318227831381,11.23681543167572,0.0889931854875071,0.0782100350826754,,0.2696641875140861,0.85,17,20,0.7966290281048929,7.0,22.0,0.5647954545454547,0.5647954545454547,0.3181818181818182,0.0,1.0,0.3181818181818182,22.0,3,5,"cheapness,dividend,garp",0.53017,False,0.53335,0.7777,hold,2,6,stable,0.4015,persistent,neutral,0.5,40.84698570081005
UHS,"Universal Health Services, Inc.",Healthcare,9150674944.0,6.314119,6.009098,1.2258338,0.53,1.079,67.405,0.21369,0.0958806686908911,0.08563,0.096,0.177,650819008.0,14297085952.0,2667874048.0,1994015000.0,17364829000.0,5125816832.0,119028000.0,123.312,15527593000.0,3407915000.0,,3239601000.0,1488796000.0,,0.9044615411991676,,61064008.0,0.0789299800570141,0.8996845766677712,1.0519551636142843,1.2741043953011346,0.3327304495938295,0.3424682072923311,1.118320721054448,1.0938638258341593,64977334.0,152257000.0,151.16,[],{},0.0711225141295981,5.358980856955358,7.169999198601816,0.1394700295357082,0.1583752222598275,,0.1622734617665766,0.95,19,20,0.7890772073599907,13.0,22.0,0.6755772727272727,0.6755772727272727,0.5909090909090909,0.0,1.0,0.5909090909090909,22.0,4,5,"cheapness,quality,dividend,garp",0.6598266666666667,False,0.56665,0.7769,hold,2,6,stable,0.5951,persistent,insufficient_data,0.0,
GEN,Gen Digital,Technology,16109081600.0,17.031847,8.135696,6.124599,1.87,0.399,316.354,0.39876997,0.0624158060170633,0.19459999,0.27,2.652,1422249984.0,23967080448.0,2388999936.0,2155000000.0,5000000000.0,8259999744.0,402000000.0,4.366,15589000000.0,1081000000.0,,2710000000.0,973000000.0,,0.7846,,598000000.0,0.0414972571797353,0.8027954256670902,0.3988929889298893,0.5064889512451771,0.5298607992815447,0.5366247176508551,0.3207389826159471,0.2539528880283963,617000000.0,569000000.0,26.74,[],{},0.0882887069117584,10.032265002120118,11.121615057076566,0.0899149983943843,0.0587135382322304,,0.1673266557962574,0.95,19,20,0.7704997157168686,10.0,22.0,0.5891454545454546,0.5891454545454546,0.4545454545454545,0.0,1.0,0.4545454545454545,22.0,4,5,"cheapness,quality,dividend,garp",0.6919150000000001,False,0.63335,0.7765,hold,2,6,stable,0.5879,persistent,neutral,0.5,61.39975833275855
STZ,"Constellation Brands, Inc.",Consumer Defensive,22694772736.0,12.654285,10.73736,2.7596734,3.1,0.913,123.205,0.2369,0.0770165064724549,0.20143999,-0.033,0.307,2210487552.0,33419286528.0,3455800064.0,2863100000.0,9139000000.0,10533799936.0,96600000.0,48.147,21900500000.0,2906300000.0,,2689800000.0,1686700000.0,,0.5155378050114893,,172798369.0,-0.0037594158588233,0.5205951786221557,1.080489255706744,0.9209952418715304,0.5115225679779001,0.5594555774675207,0.4172964087577909,0.4714833989922549,178220194.0,361600000.0,132.87,[],{},0.09740073530208,9.670491900309196,11.672413303063111,0.0856720863146249,0.0790246149821977,,0.1490367347363708,0.95,19,20,0.7629151762216279,12.0,22.0,0.62415,0.62415,0.5454545454545454,0.0,1.0,0.5454545454545454,22.0,4,5,"cheapness,quality,dividend,garp",0.6967916666666667,False,0.63335,0.7683,hold,2,6,stable,0.5819,persistent,neutral,0.625,42.290382458871626
CINF,Cincinnati Financial Corporation,Financial Services,27965814784.0,10.342677,19.6148,1.7786763,2.08,1.044,5.626,0.18735,0.0583630066826008,0.21326,0.116,,2748250112.0,27590815744.0,3648000000.0,3033000000.0,12631000000.0,884000000.0,1259000064.0,101.643,41002000000.0,,,,2393000000.0,,,,155418513.0,0.0627928001972548,,,,0.0216087020145358,0.0239719459740829,0.3080581435051949,0.3105942302950604,156315102.0,53000000.0,180.79,[],{},0.0982717697741582,7.563271859649123,9.096872978569074,0.109927884269227,0.096686766878633,,,0.9,18,20,0.7553180661000258,11.0,22.0,0.6154727272727273,0.6154727272727273,0.5,0.0,1.0,0.5,22.0,3,5,"cheapness,quality,dividend",0.5517083333333332,False,0.73335,0.7654,hold,2,6,stable,0.4106,persistent,neutral,0.625,54.37744501627707
SJM,The J. M. Smucker Company,Consumer Defensive,11971705856.0,,10.464176,2.1550746,3.93,0.777,128.609,-0.02386,-0.0085514877245767,-0.015319999,0.058,,1005774976.0,19018426368.0,1926000000.0,1343000000.0,9050900000.0,7129800192.0,58600000.0,51.975,16219400000.0,1973100000.0,,2538200000.0,-138700000.0,,0.3352705255830912,,106661858.0,-0.0700779466273422,0.3878823300214299,0.7773619100149712,0.8094268476621418,0.4370691887492756,0.4419272004691601,0.5580292735859527,0.4968371547488228,106425081.0,381200000.0,112.01,[],{},0.0840126702157424,9.874572361370715,14.161151428145942,0.0706157267701024,,,0.0981639037511329,0.9,18,20,0.6745720229591198,3.0,22.0,0.3956045454545455,0.3956045454545455,0.1363636363636363,0.0,1.0,0.1363636363636363,22.0,1,5,cheapness,0.3584016666666667,False,0.55,0.7594,hold,2,6,stable,0.1291,persistent,insufficient_data,0.0,
BMY,Bristol-Myers Squibb Company,Healthcare,124035416064.0,17.014006,9.800884,6.180301,4.15,1.42,230.967,0.38731998,0.0783446989049068,0.15006,0.026,0.092,9851750400.0,160012402688.0,18973999104.0,13724000000.0,48195000000.0,46428999680.0,10485999616.0,9.828,90038000000.0,29390000000.0,,23417000000.0,7054000000.0,,0.7108413735864716,,2035753027.0,-0.0966275390646091,0.710807453416149,1.2550711021907162,1.2526289223521494,0.5235456140740576,0.5528978542811788,0.5352739954241542,0.5215813742535339,2029000000.0,1891000000.0,60.74,[],{},0.0794269146073302,8.4332460337403,11.65931234975226,0.0857683515118495,0.0587751056394361,,0.2060011107608712,0.95,19,20,0.7495794048354263,11.0,22.0,0.5859454545454547,0.5859454545454547,0.5,0.0,1.0,0.5,22.0,4,5,"cheapness,quality,dividend,garp",0.6693483333333333,False,0.73335,0.7581,hold,2,6,stable,0.5729,persistent,neutral,0.625,61.67245491870603
NOC,Northrop Grumman,Industrials,74080401117.60425,16.339912,17.28862,4.328382,1.8,1.152,102.682,0.28511998,0.0813982910640948,0.108009994,0.044,0.849,2071624960.0,89564397568.0,7306999808.0,4280000000.0,41954000000.0,17574000640.0,2090000000.0,120.5,51377000000.0,15287000000.0,,13882000000.0,4182000000.0,,0.1981455880249797,,141997194.0,0.084564111914747,0.2037871956717764,1.1012102002593287,1.0103340883352208,0.3312571773361621,0.3340829433335359,0.8165910816123947,0.8313174902246804,144952026.0,665000000.0,521.57,[],{},0.02796454836565,12.257342263775792,20.92626111401869,0.0477868451775215,0.0611998399991383,,0.1141485531404187,0.95,19,20,0.73707307601998,6.0,22.0,0.5103272727272727,0.5103272727272727,0.2727272727272727,0.0,1.0,0.2727272727272727,22.0,4,5,"cheapness,quality,dividend,garp",0.6275999999999999,False,0.56665,0.7533,hold,2,6,stable,0.5663,persistent,insufficient_data,0.0,
IBM,International Business Machines Corporation,Technology,199885406208.0,18.837025,16.246878,6.06191,3.18,0.796,211.169,0.35772,0.0697458519884119,0.15606,0.095,0.142,13114500096.0,257985396736.0,16664999936.0,12492000000.0,67536000000.0,69802000384.0,11783000064.0,35.083,151880000000.0,36944000000.0,,38658000000.0,10593000000.0,,0.5818674484719261,,936952129.0,0.0439074175323491,0.566522716045448,0.9556624760722232,1.0404320801400035,0.4253818804319199,0.4257043921997449,0.4446668422438767,0.4574667395662475,926290070.0,1935000000.0,212.67,[],{},0.065610093026767,15.48067193079886,20.652049050272176,0.048421345386395,0.0530869391530775,,0.1103319142922753,0.95,19,20,0.7375680797585845,8.0,22.0,0.5176499999999999,0.5176499999999999,0.3636363636363636,0.0,1.0,0.3636363636363636,22.0,4,5,"cheapness,quality,dividend,garp",0.6046516666666666,False,0.63335,0.7488,hold,2,6,stable,0.5648,persistent,neutral,0.5,31.461865419849786
FDXF,"FedEx Freight Holding Company, Inc.",Industrials,22672451584.0,33.463734,30.391214,0.0015906811,,0.841,,,0.1740041928721174,0.10398,-0.047,,,5251806720.0,1548000000.0,1339000000.0,8887000000.0,5350000128.0,102000000.0,95720.0,6201000000.0,1345000000.0,,766000000.0,1079000000.0,,0.3113536626533138,,148906159.0,0.3118066561014263,0.3474108658743633,1.7558746736292428,0.2907530981887511,0.2315755523302693,0.2874405705229794,1.4331559425899048,1.866877971473851,148906159.0,,152.26,[],{},,3.39264,3.92218575056012,0.2549598778837009,0.0298830967279383,,0.2463661453541858,0.75,15,20,0.7269547622488798,4.0,22.0,0.3969272727272727,0.3969272727272727,0.1818181818181818,0.0,1.0,0.1818181818181818,22.0,1,5,cheapness,0.2781283333333333,False,0.56665,0.7486,hold,2,6,stable,0.1107,persistent,insufficient_data,0.0,
PNC,"The PNC Financial Services Group, Inc.",Financial Services,100891140096.0,13.924009,11.855821,1.7603977,3.16,,,0.12623,0.012092640505464,0.31366,0.236,0.251,,180239908864.0,,,23077000000.0,85722996736.0,6544999936.0,143.638,573572000000.0,,,,6936000000.0,,,,390413875.0,0.0105153578864291,,,,0.099553325476139,0.1101228845185505,0.040233832892819,0.0371564072437941,395937013.0,10897000000.0,252.86,[],{},,,,,0.0718183965551875,,,0.65,13,20,0.6853621610922066,7.0,22.0,0.4897272727272728,0.4897272727272728,0.3181818181818182,0.0,1.0,0.3181818181818182,22.0,3,5,"cheapness,dividend,garp",0.5685616666666666,False,0.36665,0.7482,hold,2,6,stable,0.2795,persistent,insufficient_data,0.0,
MTB,M&T Bank Corporation,Financial Services,36123099136.0,13.1942835,11.858052,1.4159272,2.41,,,0.10742,0.0133530045431127,0.32092,0.062,0.255,,39301099520.0,,,9632000000.0,18182000640.0,17437999104.0,176.026,213510000000.0,,,,2851000000.0,,,,151832266.0,0.012436029888758,,,,0.06093859772376,0.0653756517142788,0.0451126410940939,0.0443574157276374,165513959.0,3538000000.0,249.24,[],{},,,,,0.0757903981675094,,,0.65,13,20,0.6781445679563786,6.0,22.0,0.4862590909090908,0.4862590909090908,0.2727272727272727,0.0,1.0,0.2727272727272727,22.0,3,5,"cheapness,dividend,garp",0.55004,False,0.36665,0.7449,hold,2,6,stable,0.2775,persistent,insufficient_data,0.0,
EQT,EQT Corporation,Energy,30998691840.0,9.404175,11.856375,1.2340945,1.33,0.658,20.816,0.13402,0.0487941317460005,0.35074002,0.499,4.9,2503225856.0,40332820480.0,7665675776.0,3014406000.0,8353217000.0,5992411136.0,326568000.0,40.159,41792874000.0,1895151000.0,,2484841000.0,2039247000.0,,0.4587503233784062,,624076000.0,0.0057889913082404,0.146915126827968,0.7626850168682825,0.6965853614939211,0.1880332996481649,0.2351492602796542,0.1998718011113569,0.1311111867097009,596870000.0,438695000.0,49.56,[],{},0.0807526288180295,5.261482700100046,13.380022624689571,0.0747382891681172,0.1063357498132478,,0.0766867678166445,0.95,19,20,0.7257142857142858,11.0,22.0,0.7292136363636363,0.7292136363636363,0.5,0.0,1.0,0.5,22.0,4,5,"cheapness,quality,dividend,garp",0.7650349999999999,False,0.73335,0.7448,hold,2,6,stable,0.5588,persistent,neutral,0.625,37.217035851745266
ELV,"Elevance Health, Inc.",Healthcare,80916103168.0,16.50199,12.584885,1.8113894,1.84,1.518,68.953,0.11133,0.0466031244341284,0.02468,0.014,-0.131,4306375168.0,74585104384.0,8323999744.0,8112000000.0,199125000000.0,31043999744.0,37513998336.0,205.98,121494000000.0,,,,5662000000.0,,,,220723898.0,0.0511596471866471,,,,0.2637661119067608,0.2671936623634388,1.6389698256704035,1.5126316419851311,227479695.0,1402000000.0,373.11,[],{},0.0532202491148022,8.960248279411768,9.194416220907298,0.1087616631631367,0.0605987520293007,,,0.9,18,20,0.7116039065503829,7.0,22.0,0.4529409090909091,0.4529409090909091,0.3181818181818182,0.0,0.911,0.3181818181818182,22.0,3,5,"cheapness,dividend,garp",0.5205249999999999,False,0.73335,0.7434,hold,2,6,stable,0.3929,persistent,insufficient_data,0.0,
PGR,The Progressive Corporation,Financial Services,120902131712.0,10.439257,12.795357,4.019367,6.68,0.282,24.428,0.34943,0.0919058184803192,0.12849,0.073,0.05,,127311126528.0,15390999552.0,14501000000.0,87637000000.0,8386999808.0,1978000000.0,51.737,123039000000.0,,,,11308000000.0,,,,586100000.0,0.0801929169227859,,,,0.0560553970692219,0.0651851151354674,0.7122700932224741,0.7124970447775308,586000000.0,278000000.0,207.95,[],{},,8.271790672065638,8.779472210744087,0.1139020633582308,0.0957922580122321,,,0.85,17,20,0.7435022600965981,11.0,22.0,0.6552272727272729,0.6552272727272729,0.5,0.0,1.0,0.5,22.0,4,5,"cheapness,quality,dividend,garp",0.6907216666666667,False,0.56665,0.7416,hold,2,6,stable,0.5049,persistent,neutral,0.5,42.523637722191545
HIG,"The Hartford Insurance Group, Inc.",Financial Services,38449586176.0,9.870513,10.138444,2.0780182,1.71,1.792,23.151,0.22735001,0.0446062071932741,0.14109,0.061,0.414,5603250176.0,38762590208.0,5520999936.0,4959000000.0,28071000000.0,4373000192.0,4393999872.0,67.497,85997000000.0,,,,3836000000.0,,,,276923402.0,0.0384468035147126,,,,0.0508273544425968,0.0539565233510881,0.3264183634312825,0.3260625084963605,287556225.0,199000000.0,140.26,[],{},0.1457297914820606,7.020936543622521,7.816614278685218,0.1279326271384346,0.1013118568406728,,,0.9,18,20,0.7499243218386631,13.0,22.0,0.7252363636363636,0.7252363636363636,0.5909090909090909,0.0,1.0,0.5909090909090909,22.0,4,5,"cheapness,quality,dividend,garp",0.7634816666666666,False,0.73335,0.7415,hold,2,6,stable,0.5369,persistent,neutral,0.5,60.70483788219348
SYF,Synchrony Financial,Financial Services,24763578368.0,7.6211185,6.9930334,1.6263504,1.63,,,0.2178,0.0298249296779881,0.36393002,0.061,0.201,,21897357312.0,,,14981000000.0,16428000256.0,20558999552.0,45.267,119095000000.0,,,,3552000000.0,,,,347400000.0,0.0292894034136092,,,,0.1274780637306352,0.1294291956505361,0.1257903354464923,0.1260306538426123,388261077.0,4135000000.0,73.62,[],{},,,,,0.1312143355335571,,,0.65,13,20,0.7594914386932556,9.0,22.0,0.5494363636363636,0.5494363636363636,0.4090909090909091,0.0,1.0,0.4090909090909091,22.0,4,5,"cheapness,quality,dividend,garp",0.590815,False,0.36665,0.7369,hold,2,6,stable,0.3891,persistent,insufficient_data,0.0,
KEY,KeyCorp,Financial Services,25419130742.70708,14.447852,10.959401,,3.48,,,0.09977,0.009919677190166,0.27024,0.118,0.333,,43404513280.0,,,7285000000.0,17652000768.0,2280999936.0,,184381000000.0,,,,1829000000.0,,,,1102400694.0,-0.00086018977603,,,,0.0595939928734522,0.0760546674645238,0.0395105786387968,0.0234869208411694,1106786451.0,3750000000.0,23.55,[],{},,,,,0.0692144410117158,,,0.55,11,20,0.6170216113110337,5.0,22.0,0.4789363636363636,0.4789363636363636,0.2272727272727272,0.0,1.0,0.2272727272727272,22.0,3,5,"cheapness,dividend,garp",0.5723633333333333,False,0.36665,0.7368,hold,2,6,stable,0.2234,persistent,insufficient_data,0.0,
CCL,Carnival Corporation Ltd.,Consumer Cyclical,36172435456.0,11.896397,10.036673,2.7941177,1.7,0.334,201.556,0.26689,0.0533983400081258,0.11237001,0.053,-0.065,1899374976.0,60115431424.0,7302000128.0,4482000000.0,26621000000.0,26169999360.0,2243000064.0,9.452,51687000000.0,4219000000.0,,13092000000.0,2760000000.0,,0.4009616468201795,,1313148640.0,0.0390566076197076,0.375004995803525,0.3222578673999389,0.2907807523457003,0.541586859365024,0.5886213995963879,0.5150424671580862,0.5100393419899301,1308000000.0,1349000000.0,26.41,[],{},0.0525089049729701,8.232734917859482,13.41263530209728,0.0745565638278134,0.0840590642696271,,0.1161290322580645,0.95,19,20,0.712680794838309,10.0,22.0,0.5594318181818182,0.5594318181818182,0.4545454545454545,0.0,1.0,0.4545454545454545,22.0,4,5,"cheapness,quality,dividend,garp",0.5843766666666667,False,0.63335,0.7357,hold,2,6,stable,0.5504,persistent,neutral,0.625,42.709900829864736
CRM,Salesforce,Technology,139860633499.1455,19.810905,10.999522,4.085309,1.03,0.786,124.282,0.16908,0.0663995369752014,0.18733,0.133,0.522,16552999936.0,170571628544.0,12894999552.0,8917000000.0,41525000000.0,42547998720.0,11836999680.0,41.801,112305000000.0,28222000000.0,,37118000000.0,7457000000.0,,0.7767609873570138,,929000000.0,0.0602071350847194,0.7719224172054361,0.760331914435045,1.0624374553252325,0.1529406526868794,0.1106793098087983,0.3697520146030898,0.3681699829006684,962000000.0,,170.77,[],{},0.1183535318113737,13.227734352076386,19.128813339015363,0.0522771581423918,0.0504772497773322,,0.1185976299094258,0.95,19,20,0.7034994922369521,8.0,22.0,0.5251272727272727,0.5251272727272727,0.3636363636363636,0.0,1.0,0.3636363636363636,22.0,4,5,"cheapness,quality,dividend,garp",0.60515,False,0.63335,0.7306,hold,2,6,stable,0.545,persistent,neutral,0.5,53.98748904441366
BDX,Becton Dickinson,Healthcare,43582226432.0,27.60384,11.78961,1.8059235,2.66,0.942,71.599,0.06672,0.0303298689561681,0.05124,0.052,,4531250176.0,60045230080.0,6157000192.0,2986000000.0,21840000000.0,17279000576.0,816000000.0,87.584,55325000000.0,9255000000.0,,8313000000.0,1678000000.0,,0.4544413919413919,,285402168.0,0.0297629438257165,0.452225195757756,1.113316492241068,1.168825368468066,0.3466967916854948,0.3510456306951087,0.3947582467239042,0.3522326571937297,289101319.0,613000000.0,158.17,[],{},0.1039701398245445,9.752351503581048,20.10891831212324,0.0497291790875256,0.0362268438014421,,0.063515698119629,0.95,19,20,0.6754973385223162,3.0,22.0,0.3984999999999999,0.3984999999999999,0.1363636363636363,0.0,1.0,0.1363636363636363,22.0,2,5,"cheapness,risk",0.4109733333333333,True,0.83335,0.7304,hold,2,6,stable,0.2671,persistent,neutral,0.5,58.982965995049156
ALLE,Allegion plc,Industrials,11793838080.0,18.774282,14.331019,5.612859,1.54,1.908,105.863,0.34179002,0.1232459750751383,0.15237,0.097,-0.07,494362496.0,13709337600.0,1010600000.0,859500000.0,4067300000.0,2224399872.0,308900000.0,24.451,5223700000.0,1391800000.0,,755400000.0,643800000.0,,0.4519705947434416,,86066997.0,0.1331387316725344,0.442314829542442,1.842467566851999,2.0408953938872147,0.3790608189597412,0.4455412451535273,0.7786243467274154,0.8405454788537814,86254744.0,101000000.0,137.24,[],{},0.0419170157031696,13.565542845834155,15.95036369982548,0.0626944951738587,0.0532643538645046,,0.1923550343531097,0.95,19,20,0.7278091188207899,7.0,22.0,0.503959090909091,0.503959090909091,0.3181818181818182,0.0,0.8723,0.3181818181818182,22.0,4,5,"cheapness,quality,dividend,garp",0.5779733333333333,False,0.73335,0.7302,hold,2,9,stable,0.554,persistent,neutral,0.5,52.96361108160637
MKC,"McCormick & Company, Incorporated",Consumer Defensive,13899625472.0,8.602329,15.644291,1.9869331,3.71,0.781,65.143,0.24728,0.0598012181449047,0.21912001,0.167,-0.142,714025024.0,19079624704.0,1451500032.0,1091900000.0,6840300000.0,4933499904.0,331200000.0,26.02,13200400000.0,2138100000.0,,3062200000.0,789400000.0,,0.3789599871350672,,268400000.0,0.0603276129851648,0.385353302497137,0.6982234994448436,0.7419869571250174,0.3154449865155601,0.3449423502138436,0.5181888427623406,0.514425835673244,268000000.0,196200000.0,51.7,[],{},0.0513700909019716,13.144763543484371,17.473783958237934,0.0572285889759186,0.1162475882984712,,0.1077015643802647,0.95,19,20,0.7378637491540718,12.0,22.0,0.624568181818182,0.624568181818182,0.5454545454545454,0.0,1.0,0.5454545454545454,22.0,4,5,"cheapness,quality,dividend,garp",0.6649633333333334,False,0.73335,0.7283,hold,2,6,stable,0.5571,persistent,neutral,0.625,54.38140267389405
PEG,Public Service Enterprise Group Incorporated,Utilities,39187996672.0,17.39823,16.753908,2.2633474,3.41,0.969,141.01,0.13441,0.0366645824649159,0.17688,0.194,0.254,-171750000.0,63182995456.0,4794999808.0,2980000000.0,12168000000.0,24398999552.0,404000000.0,34.745,57576000000.0,4596000000.0,,5740000000.0,2111000000.0,,0.3482084155161078,,498153976.0,0.0324304538799414,0.3435374149659864,0.8006968641114982,0.6510376633358954,0.4203487564262887,0.4183748169838945,0.2113380575239683,0.1883235724743777,498225421.0,961000000.0,78.64,[],{},-0.0043827195719529,13.17685046630976,21.202347468456377,0.0471645888026192,0.0574771111774013,,0.0574890037811559,0.95,19,20,0.7430704898446834,7.0,22.0,0.4668227272727273,0.4668227272727273,0.3181818181818182,0.0,1.0,0.3181818181818182,22.0,3,5,"cheapness,dividend,garp",0.5553333333333333,False,0.36665,0.7253,hold,2,6,stable,0.4185,persistent,insufficient_data,0.0,
CPAY,"Corpay, Inc.",Technology,23908737024.0,21.877394,11.956544,6.8918157,,0.977,271.343,0.32124,0.0405112288315702,0.24597,0.254,0.491,2095142784.0,32192139264.0,2550661120.0,1951847000.0,4528403000.0,10483340288.0,2553312000.0,53.076,26408135000.0,13963240000.0,,14296677000.0,1069826000.0,,0.7859781914286339,,68362289.0,0.0558971023661985,0.7813396554964551,0.97667730760092,0.9963237899093936,0.3787350753849145,0.4452896472696405,0.1714775768906058,0.2213388727791359,70170016.0,403848000.0,365.79,[],{},0.0876308431472921,12.621096158787257,16.493167376336363,0.0606311678759019,0.0457092832903224,,0.1611570630059568,0.9,18,20,0.69839403098754,5.0,22.0,0.4194090909090909,0.4194090909090909,0.2272727272727272,0.0,0.8763,0.2272727272727272,22.0,3,5,"cheapness,quality,garp",0.4375799999999999,False,0.63335,0.7198,hold,2,6,stable,0.3829,persistent,neutral,0.375,58.6134633538025
BRK-B,Berkshire Hathaway Inc.,Financial Services,1058821111808.0,14.619118,22.818535,0.00097102334,,2.876,17.669,0.10499,0.0547940722121854,0.19305,0.044,1.196,61228249088.0,-265522118656.0,118003998720.0,87528000000.0,410522000000.0,128885997568.0,397383008256.0,505559.44,1222176000000.0,,,,66968000000.0,,,,1438223.0,0.0771266707745426,,,,0.1056157214672845,0.1081238013278665,0.3358943392768308,0.3676566301031042,1438223.0,5069000000.0,490.91,[],{},0.0578268117297445,-2.250111195689488,-3.033567757243397,-0.3296448538564044,0.0684035794772297,,,0.85,17,20,0.644543366190883,8.0,22.0,0.5854636363636364,0.5854636363636364,0.3636363636363636,0.0,1.0,0.3636363636363636,22.0,2,5,"cheapness,garp",0.5450466666666667,False,0.73335,0.7193,hold,2,6,stable,0.2319,persistent,insufficient_data,0.0,
WBD,"Warner Bros. Discovery, Inc.",Communication Services,67366768640.0,,839.6875,2.0677185,,0.729,96.318,-0.049590003,0.0072638257481141,-0.04665,-0.01,,18466875392.0,97665761280.0,7584000000.0,1309000000.0,37296000000.0,32465999872.0,3296000000.0,12.995,100085000000.0,13206000000.0,,12500000000.0,727000000.0,,0.4400203775203775,,2480000000.0,-0.1081771231828615,0.4158337783881387,1.05648,0.8904490828589501,0.3253934155967428,0.3778213465952563,0.3726432532347504,0.3760615914307574,2454000000.0,2085000000.0,26.87,[],{},0.2741244053234137,12.877869367088609,74.61097118411001,0.0134028546221761,,,0.0149454815322258,0.85,17,20,0.6271135265700484,2.0,22.0,0.2298045454545454,0.2298045454545454,0.0909090909090909,0.0,1.0,0.0909090909090909,22.0,1,5,cheapness,0.19834,False,0.53335,0.7182,hold,2,6,stable,0.1144,persistent,neutral,0.5,50.51137967976267
C,Citigroup Inc.,Financial Services,216988467200.0,13.939655,10.111843,1.1274185,1.86,,,0.08529,0.0053838586603502,0.21832001,0.145,0.61,,-352597540864.0,,,85213000000.0,813852983296.0,1405423976448.0,114.74,2657202000000.0,,,,14306000000.0,,,,1747547001.0,0.0053898412415079,,,,0.1383805220679496,0.1427168930850487,0.0320686948150723,0.0342855442859905,1877071466.0,83072000000.0,129.36,[],{},,,,,0.0717377869107951,,,0.65,13,20,0.6512032203141873,6.0,22.0,0.5025590909090909,0.5025590909090909,0.2727272727272727,0.0,1.0,0.2727272727272727,22.0,3,5,"cheapness,dividend,garp",0.5628483333333334,False,0.36665,0.7157,hold,2,6,stable,0.2665,persistent,insufficient_data,0.0,
WFC,Wells Fargo & Company,Financial Services,267797184512.0,12.719477,11.115726,1.6451104,2.06,,,0.12575,0.0099309746531628,0.27232,0.095,0.25,,89729376256.0,,,83699000000.0,459111006208.0,651887968256.0,53.194,2148631000000.0,,,,21338000000.0,,,,3092618850.0,0.0102194735846661,,,,0.0898409266179255,0.0910860716793317,0.0389545715388077,0.0426438392720658,3288943829.0,39830000000.0,87.51,[],{},,,,,0.0786195847517944,,,0.65,13,20,0.6691997922043347,6.0,22.0,0.4806454545454545,0.4806454545454545,0.2727272727272727,0.0,1.0,0.2727272727272727,22.0,3,5,"cheapness,dividend,garp",0.54173,False,0.36665,0.7156,hold,2,6,stable,0.27,persistent,insufficient_data,0.0,
TRV,Travelers Companies (The),Financial Services,78461641159.32437,9.921485,12.692623,2.3238738,1.36,0.323,27.378,0.26511,0.0437553928800066,0.16951999,0.003,0.571,14775124992.0,80967008256.0,11480000512.0,8221000000.0,48828000000.0,9068000256.0,5061000192.0,158.778,143708000000.0,,,,6288000000.0,,,,217500000.0,0.0375331296128058,,,,0.0644849277702006,0.0603127885936526,0.3397723160853954,0.3485873458018305,226600000.0,425000000.0,368.98,[],{},0.1883101700867765,7.052874969070385,9.848802853180878,0.1015351829970917,0.1007913633896538,,,0.9,18,20,0.7364386451748555,13.0,22.0,0.6967681818181819,0.6967681818181819,0.5909090909090909,0.0,1.0,0.5909090909090909,22.0,4,5,"cheapness,quality,dividend,garp",0.7434,False,0.73335,0.7155,hold,2,6,stable,0.5227,persistent,neutral,0.375,75.5555311201399
HST,Host Hotels & Resorts,Real Estate,16608764928.0,16.285715,23.892218,2.4016852,3.34,2.471,80.482,0.1487,0.058625182006284,0.16367,0.028,1.053,1190875008.0,20525010944.0,1668999936.0,831000000.0,6114000000.0,5645000192.0,1703000064.0,9.968,13049000000.0,1122000000.0,,1427000000.0,765000000.0,,0.5260058881256133,,687800000.0,0.0534181483752299,0.5336030964109781,0.7862648913805186,0.6521116678596993,0.4322170281247605,0.4324800735744942,0.4685416507012032,0.4356223175965665,699100000.0,235000000.0,23.94,[],{},0.0717015993159344,12.29779013244971,24.699170811071,0.0404871891307284,0.0614035060787935,,0.0715023231801755,0.95,19,20,0.7324572805763019,9.0,22.0,0.5711590909090911,0.5711590909090911,0.4090909090909091,0.0,1.0,0.4090909090909091,22.0,4,5,"cheapness,quality,dividend,garp",0.6885316666666667,False,0.63335,0.7108,hold,2,6,stable,0.5484,persistent,neutral,0.375,59.812378002970554
OMC,Omnicom Group Inc.,Communication Services,23293558784.0,,6.668745,2.4682896,3.92,0.912,110.574,0.02015,-0.0010015565475151,0.00318,0.692,-0.069,5066650112.0,31500257280.0,3156300032.0,444700000.0,17271900000.0,11516600320.0,4288100096.0,33.112,54415300000.0,27465400000.0,,29538200000.0,-54500000.0,,0.0849414366688088,,313100000.0,0.0499853143241044,0.1863969252538386,0.9298264620051324,0.995257755992221,0.1972515083074061,0.2319594067662141,0.3174088905142487,0.5296667533177811,196411095.0,263300000.0,81.73,[],{},0.2175129253105028,9.980121332140834,70.8348488419159,0.0141173450123642,,,0.0178758778153402,0.9,18,20,0.6335748792270531,2.0,22.0,0.3245727272727273,0.3245727272727273,0.0909090909090909,0.0,1.0,0.0909090909090909,22.0,1,5,cheapness,0.3208383333333333,False,0.45,0.7058,hold,2,6,stable,0.1205,persistent,insufficient_data,0.0,
CFG,"Citizens Financial Group, Inc.",Financial Services,30597636096.0,15.771241,11.145668,1.281738,2.54,,,0.08270001,0.0080892065862311,0.26051,0.147,0.413,,35190636544.0,,,8247000000.0,16348999680.0,13866999808.0,56.478,226351000000.0,,,,1831000000.0,,,,429242174.0,0.0069372612299502,,,,0.0498429430397921,0.0570105874835073,0.0364345640178307,0.0358999820706966,440543381.0,3810000000.0,72.39,[],{},,,,,0.0634065512029142,,,0.65,13,20,0.6168574989794977,6.0,22.0,0.4763863636363636,0.4763863636363636,0.2727272727272727,0.0,1.0,0.2727272727272727,22.0,3,5,"cheapness,dividend,garp",0.5608866666666666,False,0.36665,0.7053,hold,2,6,stable,0.2578,persistent,insufficient_data,0.0,
EQR,Equity Residential,Real Estate,25869528024.0,27.6,44.069744,,4.07,0.115,78.42,0.08671,0.0539905407412302,0.30632,0.025,-0.646,1416540928.0,34829119488.0,1892307968.0,869752000.0,3093959000.0,8643318784.0,34677000.0,,20746023000.0,158854000.0,,1037181000.0,1120089000.0,,0.6287840271962234,,377806173.0,0.0497178770113106,0.632709619919815,0.1531593810530659,0.1633187042671735,0.4087330376525659,0.4044624563025675,0.149135041448667,0.1430393983424158,379475383.0,306798000.0,69.0,[],{},0.0547571230014644,18.405629568220476,40.04488576973666,0.0249719778388214,0.036231884057971,,0.0441300407197947,0.85,17,20,0.682416640182213,4.0,22.0,0.4011863636363637,0.4011863636363637,0.1818181818181818,0.0,0.9194,0.1818181818181818,22.0,3,5,"cheapness,dividend,garp",0.4992733333333333,False,0.63335,0.7048,hold,2,6,stable,0.3537,persistent,insufficient_data,0.0,
IT,"Gartner, Inc.",Technology,9385985024.0,13.852767,9.160051,150.09636,,0.939,5293.41,0.94878,0.0901910851658545,0.1144,-0.015,0.173,1064192896.0,11074213888.0,1336962944.0,1175711000.0,6497226000.0,3355174912.0,1666946048.0,0.934,8085400000.0,4066337000.0,,4072092000.0,729231000.0,,0.6839304958762401,,70849298.0,0.1468966993572452,0.677215679648263,0.9985867215180796,1.0573227721934102,0.4140735152249734,0.3397911882016307,0.8035750859574047,0.7343471119156204,77379853.0,125277000.0,140.19,[],{},0.1133810562534304,8.28311206207971,9.419163287576623,0.1061665425546817,0.0721877441524859,,0.2929530950527594,0.9,18,20,0.7095138739839695,7.0,22.0,0.4565272727272728,0.4565272727272728,0.3181818181818182,0.0,1.0,0.3181818181818182,22.0,3,5,"cheapness,quality,garp",0.428265,False,0.63335,0.7034,hold,2,6,stable,0.3815,persistent,neutral,0.625,50.72340298555877
APTV,Aptiv PLC,Consumer Cyclical,12161831936.0,34.208336,8.471354,1.3217572,,2.115,103.823,0.040799998,0.0070473668474778,0.01767,0.054,,1091124992.0,19163832320.0,3184999936.0,2017000000.0,20398000000.0,9886000128.0,3172999936.0,43.48,23413000000.0,8745000000.0,,5037000000.0,165000000.0,,0.1910971663888616,,212746899.0,0.0761787023616676,0.1882514077005022,1.7361524717093508,1.525238744884038,0.3457053773544612,0.3788899309404041,0.8712253876051766,0.8403529712677977,235035739.0,361000000.0,57.47,[],{},0.0897171575583265,6.016901948220322,9.501156331184928,0.1052503469201717,0.0292326408393556,,0.1097627340008707,0.9,18,20,0.6182827592201189,4.0,22.0,0.3443409090909091,0.3443409090909091,0.1818181818181818,0.0,0.9025,0.1818181818181818,22.0,1,5,cheapness,0.2773733333333333,False,0.73335,0.7008,hold,2,6,stable,0.1187,persistent,neutral,0.5,40.36123589704886
ROP,"Roper Technologies, Inc.",Technology,36647133184.0,22.682074,15.208454,1.976057,1.0,0.534,55.606,0.09012,0.0444312693408913,0.21123,0.113,0.592,2169925120.0,46728228864.0,3194700032.0,2235400000.0,7902500000.0,10464000000.0,382900000.0,183.77,34577000000.0,1928100000.0,,3725600000.0,1536300000.0,,0.6924391015501423,,106600000.0,0.0494435880988169,0.693019093078759,0.5175273781404337,0.4025624967381661,0.2703907221563467,0.2447510268169154,0.2285478786476559,0.2246455207804766,107300000.0,325000000.0,363.14,[],{},0.0592113197260237,14.626797006273671,20.903743788136357,0.0478383207398254,0.0440876791072985,,0.072457003571961,0.95,19,20,0.6603708888715347,6.0,22.0,0.5070181818181818,0.5070181818181818,0.2727272727272727,0.0,1.0,0.2727272727272727,22.0,3,5,"cheapness,dividend,garp",0.6024366666666666,False,0.73335,0.6962,hold,2,6,stable,0.3866,persistent,neutral,0.625,61.93179757171333
AVY,Avery Dennison,Consumer Cyclical,12269822937.966156,18.043869,14.382471,5.345575,2.49,1.15,164.751,0.30857,0.0781667177931536,0.0766,0.07,0.043,809049984.0,15758222336.0,1443000064.0,1123800000.0,8855500000.0,3790099968.0,301700000.0,30.008,8801700000.0,2990300000.0,,2653600000.0,688000000.0,,0.2875388176839252,,76877487.0,0.0838747293020156,0.289034571764679,1.126884232740428,1.0754908125480334,0.4241112512355567,0.3750743675781157,1.00611245554836,1.041824325932272,79800396.0,135400000.0,160.41,[],{},0.0659381955298295,10.92045851496234,14.022265826659549,0.0713151506583743,0.0554204865929806,,0.1827881784616385,0.95,19,20,0.6706190844455453,6.0,22.0,0.5108545454545456,0.5108545454545456,0.2727272727272727,0.0,1.0,0.2727272727272727,22.0,4,5,"cheapness,quality,dividend,garp",0.5865483333333332,False,0.73335,0.6918,hold,2,6,stable,0.5177,persistent,neutral,0.625,49.68662235883792
DVN,Devon Energy,Energy,50553663488.0,12.208915,8.264697,1.7642088,2.37,1.006,56.359,0.15178001,0.083610240830406,0.14172,-0.008,-0.753,1607500032.0,34167961600.0,6721999872.0,3856000000.0,17188000000.0,8695000064.0,1763000064.0,24.844,31599000000.0,4006000000.0,,4086000000.0,2642000000.0,,0.2554689318128927,,622000000.0,0.0948210830135458,0.2954830614805521,0.9804209495839452,1.0356603203384709,0.2717174594132726,0.3018465676145495,0.5439412639640495,0.5228115057889731,651000000.0,497000000.0,43.83,[],{},0.0317978939821359,5.083005392833188,8.860985892116183,0.1128542593538854,0.0819073603182592,,0.1401519281794061,0.95,19,20,0.6723809523809525,10.0,22.0,0.6139181818181819,0.6139181818181819,0.4545454545454545,0.0,1.0,0.4545454545454545,22.0,4,5,"cheapness,quality,dividend,garp",0.64495,False,0.73335,0.6914,hold,2,6,stable,0.5182,persistent,neutral,0.625,53.56912661921437
GDDY,GoDaddy Inc.,Technology,12492868608.0,14.952456,8.757738,52.73896,,0.671,1621.618,3.98215,0.1088999240811957,0.1732,0.061,0.06,1347612544.0,15029169152.0,1311699968.0,1138400000.0,4951100000.0,3848100096.0,1311800064.0,1.789,8034900000.0,1840900000.0,,2995500000.0,875000000.0,,0.6361414635131587,,134737000.0,0.1137649658790101,0.6387649785708038,0.614555166082457,0.7233175214942188,0.4807278248640306,0.4729217767200136,0.6161993304210382,0.5553100031571022,141208000.0,151000000.0,94.35,[],{},0.1078705448912698,11.45777961321106,13.202010850316231,0.0757460368225683,0.0668786452205577,,0.2258999087192919,0.9,18,20,0.7069110195043271,6.0,22.0,0.4428181818181818,0.4428181818181818,0.2727272727272727,0.0,1.0,0.2727272727272727,22.0,2,5,"cheapness,quality",0.41126,False,0.63335,0.6843,hold,2,6,stable,0.2504,persistent,neutral,0.5,63.74956451605141
LOW,Lowe's,Consumer Cyclical,117036384256.0,17.644125,15.487109,-12.631929,2.4,1.093,,,0.1228945035460992,0.075100005,0.103,-0.007,4816124928.0,158806376448.0,12597000192.0,10153000000.0,86286000000.0,42555998208.0,786000000.0,-16.524,54144000000.0,20955000000.0,,19463000000.0,6654000000.0,,0.334758825301903,,560951457.0,0.1614078233028629,0.3331620336066161,1.0766582746750244,1.0853548008743403,0.8251514479905437,0.920560530833836,1.5936391843971631,1.9413020277481323,560000000.0,1527000000.0,208.73,[],{},0.0411506640316692,12.60668206934326,15.641325366689648,0.0639332010911068,0.0566760890664739,,0.292753957498342,0.85,17,20,0.6911670651166449,5.0,22.0,0.5152181818181819,0.5152181818181819,0.2272727272727272,0.0,0.9263,0.2272727272727272,22.0,3,5,"cheapness,dividend,garp",0.5295266666666667,False,0.53335,0.678,hold,2,6,stable,0.3491,persistent,neutral,0.5,41.79393272983345
TRMB,Trimble Inc.,Technology,12289639424.0,27.602095,12.932092,2.1668723,,1.014,25.062,0.08252,0.0455326460481099,0.12375,0.118,0.556,370112512.0,13468339200.0,866899968.0,611300000.0,3587300000.0,1412800000.0,234100000.0,24.33,9312000000.0,1631900000.0,,1503400000.0,424000000.0,,0.6907423410364341,,236000000.0,0.1585531654774828,0.650585073168083,1.0854729280297992,1.2697986577181208,0.1495060137457044,0.1465594468977583,0.3852341065292096,0.3881938808848792,245800000.0,74400000.0,52.72,[],{},0.0301158153816311,15.536209132724297,22.032290528382138,0.0453879272657463,0.0362291340566721,,0.0782854801116717,0.9,18,20,0.6136517664434537,2.0,22.0,0.3801136363636364,0.3801136363636364,0.0909090909090909,0.0,0.8,0.0909090909090909,22.0,2,5,"cheapness,garp",0.395785,False,0.73335,0.6723,hold,2,6,stable,0.2315,persistent,insufficient_data,0.0,
DOC,Healthpeak Properties,Real Estate,15518837649.815647,70.34375,-150.06667,1.9996446,5.42,2.039,118.243,0.027999999,0.0035084056278864,0.07734,0.071,3.639,1109761536.0,26288347136.0,1543782016.0,544132000.0,2822512000.0,10712860672.0,1177075968.0,11.257,20336018000.0,1302670000.0,,1809259000.0,71347000.0,,0.5999666254740458,,695036731.0,0.0121947482364931,0.6019695243272508,0.7200019455478734,1.0565835981821965,0.4988269581586719,0.4525606177672018,0.1387937402494431,0.1354405889582614,699485139.0,305178000.0,22.51,[],{},0.0715106093021846,17.028535676373625,48.312444656811216,0.0206986006836029,0.0142159040426477,,0.0293700587350437,0.95,19,20,0.58685295831347,6.0,22.0,0.3938636363636364,0.3938636363636364,0.2727272727272727,0.0,0.9679,0.2727272727272727,22.0,3,5,"cheapness,dividend,garp",0.521385,False,0.43335,0.6661,hold,2,6,stable,0.3571,persistent,wait,0.25,71.0498199305637
EMR,Emerson Electric Co.,Industrials,78156349440.0,32.226326,19.434973,3.8494852,1.59,0.868,69.182,0.12328,0.0546420741588027,0.13354,0.029,0.279,3272250112.0,90438352896.0,5874999808.0,3532000000.0,18016000000.0,14056999936.0,1791000064.0,36.249,41964000000.0,8583000000.0,,9797000000.0,2293000000.0,,0.528363676731794,,562800000.0,0.0444785969353161,0.5079464898239195,0.8760845156680617,1.7749912922326716,0.3278762749022972,0.1888532296704786,0.4293203698408159,0.3953351715409302,570200000.0,387000000.0,139.54,[],{},0.0418680009422917,15.393762698145096,25.60542267723669,0.039054227403518,0.0310305307530247,,0.1098019709640314,0.95,19,20,0.6146820234704317,4.0,22.0,0.4177181818181819,0.4177181818181819,0.1818181818181818,0.0,0.8276,0.1818181818181818,22.0,4,5,"cheapness,quality,dividend,garp",0.497775,False,0.73335,0.6645,hold,2,6,stable,0.4861,persistent,neutral,0.5,49.1120506061023
DPZ,Domino's,Consumer Cyclical,10716309032.982788,18.54807,15.500319,-2.7629085,2.47,1.603,,,0.3505495907563187,0.118879996,0.035,-0.046,524712736.0,15619160064.0,1021726976.0,949946000.0,4939994000.0,5135773184.0,232922000.0,-116.609,1716459000.0,894201000.0,,541621000.0,601704000.0,,0.3995065581051313,,33627992.0,0.3363072124388245,0.3927621357738032,1.6509718050075606,0.5614259436811534,2.9411037490554683,2.992056478564064,2.878014563703532,2.709488069461772,34281927.0,195972000.0,322.18,[],{},0.0489639421917595,15.287019361227085,16.442155726746574,0.0608192755633187,0.0539139651726567,,0.8085761611388124,0.85,17,20,0.6766678181244007,6.0,22.0,0.5444409090909091,0.5444409090909091,0.2727272727272727,0.0,0.9235,0.2727272727272727,22.0,4,5,"cheapness,quality,dividend,garp",0.5615133333333333,False,0.53335,0.662,hold,2,6,stable,0.4551,persistent,neutral,0.625,57.849541291345574
SMCI,"Super Micro Computer, Inc.",Technology,15641390080.0,12.726316,7.7378225,1.9195046,,2.655,120.798,0.17877,0.074819653471869,0.03701,1.227,3.26,-7448383488.0,22388582400.0,1578648960.0,1252994000.0,21972042000.0,9151156224.0,1305032960.0,12.597,14018429000.0,12301654000.0,,2344792000.0,1048854000.0,,0.110591541742001,,594136852.0,0.1173066566036629,0.1375258843820815,5.246373239076217,3.807767419910552,0.3408971147908228,0.222203598337976,1.5673683548991115,1.5254539648112393,588087410.0,59573000.0,24.18,[],{},-0.4761970291581655,14.18211582643427,17.86806832275334,0.055965758689572,0.0785773353419795,,0.107335357438303,0.9,18,20,0.6210867751285092,5.0,22.0,0.3862181818181818,0.3862181818181818,0.2272727272727272,0.0,0.961,0.2272727272727272,22.0,2,5,"cheapness,garp",0.39614,False,0.46665,0.6601,hold,2,6,stable,0.2306,persistent,neutral,0.5,34.77006936462058
INVH,Invitation Homes Inc.,Real Estate,17892544512.0,31.705265,45.175034,1.9679843,3.98,1.497,97.038,0.061929997,0.0314729589315797,0.20964001,0.092,-0.037,1021075392.0,26650847232.0,1492500992.0,752396000.0,2729296000.0,8858251264.0,137576992.0,15.305,18680290000.0,569072000.0,,375350000.0,587924000.0,,0.5842455343795616,,610788732.0,0.024272401975707,0.5903830630842531,1.516110297056081,0.8245035825703276,0.4486022433270575,0.4386034699518757,0.1461056546766672,0.1400432523458299,612605478.0,353327000.0,30.12,[],{},0.0570670868704669,17.85650218984913,35.42130371772311,0.0282315977968831,0.0315405028155418,,0.0411034398364594,0.95,19,20,0.6251180676942635,4.0,22.0,0.3871181818181818,0.3871181818181818,0.1818181818181818,0.0,0.9196,0.1818181818181818,22.0,3,5,"cheapness,dividend,garp",0.4732716666666666,False,0.53335,0.6573,hold,2,6,stable,0.3655,persistent,neutral,0.375,55.40853714872648
BAX,Baxter International Inc.,Healthcare,11677364224.0,,11.274559,1.9323134,0.88,1.854,161.021,-0.15010999,-0.0477187733732236,-0.096999995,0.029,,900875008.0,19320365056.0,1908999936.0,177000000.0,11244000000.0,9687000064.0,2016999936.0,11.701,20055000000.0,6872000000.0,,2970000000.0,-957000000.0,,0.3005158306652437,,514281327.0,-0.0251726010394849,0.3745769086122602,2.3138047138047138,1.359698970972201,0.487658937920718,0.5216430067488945,0.5606581899775617,0.4125358777441626,510927308.0,290000000.0,22.61,[],{},0.0771471190517864,10.120673495926194,109.1546048361582,0.0091613175779529,,,0.0103599648814749,0.9,18,20,0.5874088219244329,2.0,22.0,0.2728954545454545,0.2728954545454545,0.0909090909090909,0.0,1.0,0.0909090909090909,22.0,1,5,cheapness,0.2403666666666666,False,0.45,0.6571,hold,2,6,stable,0.112,persistent,insufficient_data,0.0,
PNW,Pinnacle West Capital,Utilities,13055494144.0,20.09888,19.33112,1.8470639,3.38,0.599,212.957,0.09559,0.0205294097060899,0.11986,0.114,,-831102848.0,28235182080.0,2133831040.0,1067630000.0,5339939000.0,15143285760.0,6409000.0,58.325,30031599000.0,1703709000.0,,3161026000.0,616531000.0,,0.4160073738670048,,120903871.0,0.0233234339970179,0.4170201847250149,0.5389734219206043,0.5940663134534567,0.4761528681839418,0.4232633637209245,0.1778106786788142,0.1963361345696777,119096814.0,421968000.0,107.73,[],{},-0.0636592409933373,13.232154538346204,26.446598615625263,0.0378120458715313,0.0497540161441831,,0.0397323123701158,0.95,19,20,0.6184587813620072,4.0,22.0,0.3079863636363636,0.3079863636363636,0.1818181818181818,0.0,0.7926,0.1818181818181818,22.0,2,5,"cheapness,dividend",0.3226816666666666,False,0.36665,0.6556,hold,2,6,stable,0.2421,persistent,insufficient_data,0.0,
PSKY,Paramount Skydance Corporation,Communication Services,9792764928.0,437.5,9.876181,0.8357211,2.29,1.1,130.167,-0.0076800003,-0.1428175903280882,-0.02083,0.022,-0.318,16400374784.0,25490763776.0,3089999872.0,1608000000.0,29213000000.0,16595000320.0,1940999936.0,10.47,43342000000.0,13320000000.0,,10599000000.0,-6190000000.0,,0.2963749015849108,,1107500087.0,-0.0131681538594819,0.2449750438418993,1.2567223322954997,1.3022531408991798,0.3416547459738821,0.3367625400675734,0.6740113515758387,0.6422073984232869,670702683.0,860000000.0,8.75,[],{},1.6747440487524792,8.249438456934667,15.85246503482587,0.0630816720177667,0.0022857142857142,,0.0491097333781266,0.95,19,20,0.5954495614035087,2.0,22.0,0.3652863636363636,0.3652863636363636,0.0909090909090909,0.0,1.0,0.0909090909090909,22.0,1,5,cheapness,0.3168366666666666,False,0.45,0.6548,hold,2,6,stable,0.1188,persistent,insufficient_data,0.0,
JKHY,"Jack Henry & Associates, Inc.",Technology,10776271872.0,21.18296,21.358633,5.059208,1.57,1.744,6.398,0.24892001,0.1497215806988899,0.20637,0.087,0.125,373407744.0,10892285952.0,715414016.0,568715000.0,2375288000.0,136587008.0,20573000.0,29.979,3043970000.0,681464000.0,,535784000.0,455748000.0,,0.4271233635668601,,72836391.0,0.1305585503889408,0.4134724534798015,1.2719006166664175,0.9971663611090952,,0.0512911521736677,0.7803256930915876,0.7575850210686956,72872130.0,10438000.0,151.67,[],{},0.0346509208783258,15.22515034427282,19.15245061586208,0.0522126395236231,0.0472077556677631,,0.2267435509168777,0.95,19,20,0.6403500434346148,7.0,22.0,0.569209090909091,0.569209090909091,0.3181818181818182,0.0,1.0,0.3181818181818182,22.0,4,5,"cheapness,quality,dividend,garp",0.6383416666666666,False,0.73335,0.6538,hold,2,6,stable,0.4918,persistent,neutral,0.375,64.72576885033274
UDR,"UDR, Inc.",Real Estate,14731701248.0,27.047617,71.0,4.021849,4.35,0.223,142.368,0.123500004,0.0356133895874981,0.27782,0.042,1.516,1007130496.0,19624867840.0,1045686976.0,322375000.0,1712317000.0,5845310976.0,2371000.0,9.886,10605674000.0,186911000.0,,923960000.0,377704000.0,,0.2710520306695547,,328273044.0,0.0082206279445741,0.2494296709856553,0.2022933893242131,0.3898050396855976,0.5661433681631172,0.5514285457348077,0.1614529166180291,0.1534139762696068,330858719.0,196619000.0,39.76,[],{},0.0683648466015919,18.76744024781657,60.8758986894145,0.0164268622152412,0.0369718337848395,,0.0332973066545861,0.95,19,20,0.65802929180571,6.0,22.0,0.4207363636363636,0.4207363636363636,0.2727272727272727,0.0,0.9539,0.2727272727272727,22.0,3,5,"cheapness,dividend,garp",0.544665,False,0.33335,0.6531,hold,2,6,stable,0.3737,persistent,neutral,0.5,53.51541320268779
ZBRA,Zebra Technologies Corporation,Technology,12737168384.0,32.25573,12.907211,3.72844,,0.961,82.104,0.11781,0.0492825217595859,0.07487,0.143,0.038,559000000.0,15472168960.0,1026000000.0,800000000.0,5396000000.0,2848999936.0,114000000.0,71.719,8502000000.0,1796000000.0,,1852000000.0,419000000.0,,0.4805411415863602,,49592946.0,0.0662650602409638,0.4844408753262397,0.9697624190064796,1.431924882629108,0.3172194777699365,0.2964357429718876,0.6346741943072218,0.6251255020080321,51506059.0,108000000.0,267.4,[],{},0.0438873054942256,15.080086705653022,19.3402112,0.0517057435236281,0.0310022436323716,,0.1203007518796992,0.9,18,20,0.5975845194480628,1.0,22.0,0.2680045454545454,0.2680045454545454,0.0454545454545454,0.0,0.6667,0.0454545454545454,22.0,1,5,cheapness,0.2560449999999999,False,0.63335,0.6463,hold,2,6,stable,0.1119,persistent,insufficient_data,0.0,
HPE,Hewlett Packard Enterprise Company,Technology,60675006464.0,42.822426,11.4589815,2.397321,1.24,1.088,84.03,0.06315,0.0007509287803335,0.040110003,0.4,,3836000000.0,76748005376.0,5631000064.0,1644000000.0,34296000000.0,21304000512.0,5292000256.0,19.113,75906000000.0,24994000000.0,,24643000000.0,57000000.0,,0.3025717284814556,,1318292428.0,0.0361903960034801,0.3278786470607761,1.0142433956904595,1.2881453817425788,0.3171949516507259,0.2780724649883528,0.4518219903564935,0.4227638853807078,1297258235.0,,45.82,[],{},0.0632220781430982,13.62955150128018,46.68370156690997,0.0214207521348052,0.0233522500570145,,0.0320699139730409,0.95,19,20,0.5920700069207344,1.0,22.0,0.2545090909090908,0.2545090909090908,0.0454545454545454,0.0,0.6667,0.0454545454545454,22.0,1,5,cheapness,0.2685016666666666,False,0.63335,0.645,hold,2,6,stable,0.1175,persistent,neutral,0.375,50.942333655742296
EFX,Equifax Inc.,Industrials,21361975296.0,31.176058,17.240019,4.6525316,1.26,0.607,113.353,0.1437,0.055654827126987,0.11123,0.143,0.34,1024662528.0,26352142336.0,1928899968.0,1095200000.0,6074500000.0,5308100096.0,183400000.0,38.061,11864200000.0,1412200000.0,,2335400000.0,660300000.0,,0.5644744423409334,,120400000.0,0.0513716686225487,0.5566527609089789,0.604692986212212,0.7510902566933481,0.4292999106555857,0.4260846641835468,0.5120024949006254,0.4831113832338384,123952015.0,212300000.0,177.08,[],{},0.0479666563509165,13.66174647372901,24.06148861943024,0.0415601883913564,0.0320758961893129,,0.1149357736546049,0.95,19,20,0.6030131760271165,3.0,22.0,0.3834818181818181,0.3834818181818181,0.1363636363636363,0.0,0.8051,0.1363636363636363,22.0,2,5,"dividend,garp",0.451405,False,0.63335,0.6399,hold,2,6,stable,0.2362,persistent,neutral,0.625,59.57909438011705
LMT,Lockheed Martin Corporation,Industrials,117303844864.0,24.625847,15.858381,15.6251335,2.71,1.135,276.365,0.6764,0.0838402406417112,0.06382,0.003,-0.115,3987124992.0,136106844160.0,7994999808.0,7731000000.0,75048000000.0,20696999936.0,1894000000.0,32.561,59840000000.0,25362000000.0,,23335000000.0,5017000000.0,,0.1015216927832853,,229000000.0,0.0959418882715716,0.0975465563109665,1.0868652239125778,1.1250772399588054,0.3626336898395721,0.3644569106568135,1.254144385026738,1.277361238470252,234000000.0,1118000000.0,508.77,[],{},0.0339897212800023,17.02399592602967,17.605334906221703,0.056800964328523,0.0406077403144752,,0.2117792083276263,0.95,19,20,0.6508432067907591,3.0,22.0,0.4594636363636364,0.4594636363636364,0.1363636363636363,0.0,0.9051,0.1363636363636363,22.0,3,5,"cheapness,dividend,garp",0.547025,False,0.63335,0.6363,hold,2,6,stable,0.3668,persistent,neutral,0.5,43.7476655582067
BXP,"BXP, Inc.",Real Estate,12455052288.0,35.100502,34.08215,2.1512825,4.01,0.979,211.994,0.05525,0.010578547164957,0.10042,0.006,0.655,941118656.0,29555294208.0,1597104000.0,1014351000.0,3482279000.0,16362374144.0,512783008.0,32.469,26166164000.0,3266567000.0,,1479115000.0,276800000.0,,0.6063876559000586,,158548298.0,0.0005471347879124,0.6120202399317549,2.208460464534536,2.509236913056423,0.663403890612319,0.6511053487485902,0.1330832826699396,0.1306391264244787,158174995.0,653138000.0,69.85,[],{},0.0755611967126572,18.50555393261804,29.13714701124167,0.0343204500980889,0.0284896210316308,,0.0410883860602374,0.95,19,20,0.5906303299962923,5.0,22.0,0.4012727272727272,0.4012727272727272,0.2272727272727272,0.0,0.9248,0.2272727272727272,22.0,3,5,"cheapness,dividend,garp",0.5005966666666667,False,0.43335,0.6338,hold,2,6,stable,0.349,persistent,neutral,0.625,65.21563996734216
CLX,Clorox,Consumer Defensive,11647144960.0,15.661788,15.994844,,5.15,0.84,4876.087,5.46099,0.1456572558892285,0.111829996,0.001,0.027,62750000.0,15100144640.0,1274000000.0,1177000000.0,7104000000.0,4486000128.0,1192000000.0,-0.554,5561000000.0,1608000000.0,,1919000000.0,810000000.0,,0.4522804054054054,,122694263.0,0.0486871848374195,0.4297194417030875,0.8379364252214695,1.0304955527318933,0.5178924653839238,0.5047817770822466,1.2774680812803452,1.2333507216136324,124201807.0,88000000.0,96.32,[],{},0.0053875864184315,11.852546813186812,12.82934973661852,0.0779462732351681,0.0638496702930725,,0.3231740801757276,0.9,18,20,0.6579890203882139,6.0,22.0,0.5054454545454545,0.5054454545454545,0.2727272727272727,0.0,0.9697,0.2727272727272727,22.0,4,5,"cheapness,quality,dividend,garp",0.5599083333333332,False,0.46665,0.6312,hold,2,6,stable,0.4641,persistent,insufficient_data,0.0,
CB,Chubb Limited,Financial Services,136588812288.0,12.452617,12.054692,1.8541275,1.16,0.386,31.458,0.15433,0.0378588975753414,0.18527001,0.102,0.787,12622624768.0,160353812480.0,14488999936.0,13808000000.0,59783000000.0,25138999296.0,7497999872.0,189.933,272327000000.0,,,,10310000000.0,,,,391101227.0,0.0376072813407531,,,,0.0632585090718144,0.0615661047747294,0.2195265250966668,0.2271768580560377,400703663.0,764000000.0,352.16,[],{},0.092413313774081,11.067279535392773,11.613109246813442,0.086109583467011,0.0803044050901107,,,0.9,18,20,0.6332972602781168,10.0,22.0,0.6190727272727273,0.6190727272727273,0.4545454545454545,0.0,1.0,0.4545454545454545,22.0,4,5,"cheapness,quality,dividend,garp",0.700245,False,0.73335,0.6267,hold,2,6,stable,0.4536,persistent,neutral,0.5,57.84943125828252
AES,The AES Corporation,Utilities,10533339136.0,7.692709,6.2070823,2.3830268,4.77,0.73,259.603,0.052600004,0.0175784268273837,0.10819,0.087,9.511,-2964999936.0,48517341184.0,3755000064.0,1970000000.0,12233000000.0,31804000256.0,1651000064.0,6.198,51768000000.0,6502000000.0,,8492000000.0,910000000.0,,0.1807406196354124,,712201777.0,0.0354174577057756,0.1884671770646685,0.7656617993405558,0.7969898494924746,0.5775189306135065,0.6121166097118508,0.2363042806366867,0.2589967514660591,711074269.0,1407000000.0,14.77,[],{},-0.2814871806288341,12.920729788834432,24.628091971573603,0.040604038719452,0.1299932182538037,,0.0455217672612995,0.95,19,20,0.5434289127837515,7.0,22.0,0.5034090909090909,0.5034090909090909,0.3181818181818182,0.0,1.0,0.3181818181818182,22.0,3,5,"cheapness,dividend,garp",0.5813516666666667,False,0.16665,0.6257,hold,2,9,stable,0.3332,persistent,insufficient_data,0.0,
PCG,PG&E Corporation,Utilities,38142529536.0,13.426356,9.606745,1.2043669,1.15,1.199,187.872,0.08826999,0.0190875002648099,0.110089995,0.15,0.398,-5572125184.0,101783535616.0,10312999936.0,4849000000.0,24935000000.0,62940999680.0,1131000064.0,14.381,141611000000.0,15830000000.0,,16300000000.0,2703000000.0,,0.3958291558050932,,2197942874.0,0.0187939548107137,0.375035832753184,0.9711656441717792,1.0542559706062462,0.4331231330899436,0.4365030674846625,0.1760809541631653,0.1826948975011222,2193573536.0,3028000000.0,17.32,[],{},-0.1460869337137399,9.86944014812801,20.990623967003504,0.0476403179615795,0.0744803727832034,,0.0386957250361101,0.95,19,20,0.5887096774193549,5.0,22.0,0.4430454545454545,0.4430454545454545,0.2272727272727272,0.0,1.0,0.2272727272727272,22.0,3,5,"cheapness,dividend,garp",0.4949783333333333,False,0.26665,0.6242,hold,2,6,stable,0.3457,persistent,insufficient_data,0.0,
GM,General Motors,Consumer Cyclical,68589674496.0,27.762774,5.3676376,1.0950522,0.95,1.152,199.048,0.040149998,0.0095881742296042,0.0137600005,-0.009,-0.158,22466625536.0,174981677056.0,18289999872.0,2909000000.0,185019000000.0,128773996544.0,24418000896.0,69.467,281284000000.0,108767000000.0,,93342000000.0,2697000000.0,,0.0626746442257281,,904000000.0,0.0214754737079149,0.1248652916635545,1.165252512266718,1.127564535397081,0.4668306764693334,0.467159468260408,0.6577658167545968,0.6700076136416441,1000000000.0,727000000.0,76.07,[],{},0.3275511321650929,9.567068249348536,60.151831232726025,0.0166245977804237,0.0360194554045644,,0.0154781794383373,0.95,19,20,0.5852074242537405,2.0,22.0,0.34675,0.34675,0.0909090909090909,0.0,1.0,0.0909090909090909,22.0,2,5,"cheapness,garp",0.3712633333333333,False,0.63335,0.6242,hold,2,6,stable,0.2298,persistent,insufficient_data,0.0,
ALB,Albemarle Corporation,Basic Materials,14244146176.0,,9.533688,1.8697462,1.34,2.068,19.845,-0.0182,-0.0311848919010509,-0.042379998,0.327,,716711744.0,17653377024.0,1067513984.0,67285000.0,5142733000.0,2005991040.0,1089809024.0,64.597,16374211000.0,4008139000.0,,1798044000.0,-510628000.0,,0.1300318332684197,,117715875.0,-0.0710098690225181,0.0116296973738481,2.2291662495467297,1.953893892794376,0.2013318992896818,0.2176854550026915,0.3140751636826959,0.3237591595102341,117559774.0,207651000.0,120.78,[],{},0.0503162306216422,16.53690470437903,262.3671995838597,0.0038114520473065,,,0.0046160969478464,0.9,18,20,0.5766666666666667,2.0,22.0,0.3686818181818182,0.3686818181818182,0.0909090909090909,0.0,1.0,0.0909090909090909,22.0,2,5,"cheapness,risk",0.351295,True,0.65,0.62,hold,2,9,stable,0.2154,persistent,insufficient_data,0.0,
TGT,Target Corporation,Consumer Defensive,63405080576.0,18.441216,15.644665,3.8672504,3.32,0.932,117.548,0.22015,0.0622793746848209,0.03243,0.067,-0.247,3141250048.0,79143075840.0,8344000000.0,5117000000.0,104780000000.0,19271999488.0,3534000128.0,36.098,59490000000.0,20005000000.0,,21230000000.0,3705000000.0,,0.2793376598587517,,452840187.0,0.0708165278955841,0.2821162472083028,0.9422986340084786,0.9353334294918024,0.3410657253319886,0.3440426526337655,1.7613044209110775,1.8446917897142063,455566995.0,445000000.0,139.6,[],{},0.0495425606191725,9.485028264621285,15.466694516318157,0.0646550559943463,0.0542263590427008,,0.133742812336644,0.95,19,20,0.6027793443116024,4.0,22.0,0.4755818181818182,0.4755818181818182,0.1818181818181818,0.0,0.94,0.1818181818181818,22.0,3,5,"cheapness,dividend,garp",0.5557433333333333,False,0.63335,0.6194,hold,2,6,stable,0.3483,persistent,neutral,0.5,61.62393948144654
AVB,AvalonBay Communities,Real Estate,27351521484.692413,23.857498,39.519436,,3.7,0.375,81.307,0.09719,0.0473726797919461,0.37268,0.025,0.403,1392035584.0,36370432000.0,1846126976.0,919756000.0,3040725000.0,9524757504.0,124626000.0,,22192137000.0,353083000.0,,1542987000.0,1051301000.0,,0.6313662037836372,,140080657.0,0.0515217156426462,0.6315900742580799,0.2288308326641767,0.3578740025593439,0.427798007916047,0.3928686407529412,0.1370181249331689,0.1387454640282386,142254022.0,259181000.0,192.53,[],{},0.0508942650513635,19.70093740724365,39.54356590226104,0.025288564073146,0.0419155437003494,,0.0445420755818036,0.85,17,20,0.6367451930716669,5.0,22.0,0.4391590909090909,0.4391590909090909,0.2272727272727272,0.0,1.0,0.2272727272727272,22.0,3,5,"cheapness,dividend,garp",0.5616483333333333,False,0.53335,0.619,hold,2,6,stable,0.3202,persistent,insufficient_data,0.0,
ADP,"Automatic Data Processing, Inc.",Technology,102038167552.0,23.812033,20.929571,16.10403,2.66,1.043,69.259,0.71208,0.0764428238706522,0.20118,0.07,0.105,4749387264.0,103207772160.0,6339899904.0,5411900000.0,20560900000.0,4398000128.0,3228400128.0,15.851,53369300000.0,43252200000.0,,41278300000.0,4079700000.0,,0.4602716807143656,,405300000.0,0.0690179111780687,0.4544124233176757,1.0478193142643957,1.010259538598048,0.1698616995163886,0.061069446513878,0.385257067265263,0.3532311676940255,408100000.0,455900000.0,255.265,[],{},0.0465452034071432,16.27908543080998,19.070524614275943,0.0524369423613765,0.0419955742544116,,0.4475973864858159,0.95,19,20,0.6304568769907433,5.0,22.0,0.5299772727272729,0.5299772727272729,0.2272727272727272,0.0,1.0,0.2272727272727272,22.0,4,5,"cheapness,quality,dividend,garp",0.622565,False,0.73335,0.6188,hold,2,6,stable,0.4747,persistent,neutral,0.375,69.01146263521534
CRH,CRH plc,Basic Materials,68771160064.0,19.09462,15.398518,2.9811146,1.52,1.59,83.227,0.15812,0.0639476075365598,0.09645,0.091,,786124992.0,87434166272.0,7583000064.0,5323000000.0,37447000000.0,20427999232.0,3240000000.0,34.524,58329000000.0,15254000000.0,,8754000000.0,3730000000.0,,0.3612572435709135,,668630350.0,0.0683223677711259,0.3570504891487687,1.7425177061914554,1.367812742812743,0.3378250955785287,0.3075099282792958,0.6419962625795059,0.7028233852962678,677291893.0,810000000.0,102.92,[],{},0.0114310270652467,11.530286896223346,16.425731029870374,0.0608800910097388,0.0523707725003168,,0.1073726676752395,0.95,19,20,0.6158823529411765,4.0,22.0,0.3912954545454546,0.3912954545454546,0.1818181818181818,0.0,0.8,0.1818181818181818,22.0,3,5,"cheapness,quality,dividend",0.3874466666666666,False,0.56665,0.6184,hold,2,6,stable,0.3518,persistent,neutral,0.5,42.57486296872025
PAYX,"Paychex, Inc.",Technology,40677085184.0,23.440573,17.907574,10.890138,4.16,1.152,123.967,,,0.26633,0.125,0.434,,44173160448.0,1608000000.0,,3968000000.0,4630300160.0,1143699968.0,10.504,16564100000.0,8916500000.0,,6956300000.0,,,,,360500000.0,0.1596151438395084,0.7235314177001633,1.281787731983957,1.3658623872219398,0.3032039169046311,0.0834336566150764,0.2395542166492595,0.5366123797324498,360100000.0,,114.39,[],{},,27.47087092537313,,,0.0426610731742777,,,0.7,14,20,0.6067743232377378,4.0,22.0,0.4245863636363636,0.4245863636363636,0.1818181818181818,0.0,1.0,0.1818181818181818,22.0,2,5,"dividend,garp",0.5750266666666667,False,0.65,0.6143,hold,2,6,stable,0.171,persistent,insufficient_data,0.0,
LVS,Las Vegas Sands Corp.,Consumer Cyclical,30057228288.0,16.738007,12.380623,25.102379,2.43,0.921,981.405,0.90455,0.0742244525547445,0.13406,0.253,0.73,1622625024.0,42916720640.0,4830000128.0,3089000000.0,13017000000.0,15781000192.0,3329999872.0,1.807,21920000000.0,4832000000.0,,4222000000.0,1627000000.0,,0.4978873780440961,,674914434.0,0.0699699990322268,0.4886705611612675,1.1444812884888678,0.7395276676435097,0.7200729927007299,0.6654408206716346,0.5938412408759124,0.5466950546791832,716299901.0,746000000.0,45.36,[],{},0.0539845194125172,8.885449172393894,13.893402602784072,0.0719766085091071,0.0597442694342283,,0.1745394959882472,0.95,19,20,0.6359245546757761,8.0,22.0,0.5622136363636364,0.5622136363636364,0.3636363636363636,0.0,1.0,0.3636363636363636,22.0,4,5,"cheapness,quality,dividend,garp",0.680385,False,0.63335,0.6136,hold,2,6,stable,0.4748,persistent,accumulate,0.75,37.082773219205855
TSCO,Tractor Supply Company,Consumer Cyclical,16000957440.0,15.029557,13.807616,6.378842,3.15,1.38,254.949,0.45504,0.1002486903081753,0.06909,0.036,-0.081,350726016.0,22185465856.0,1952216064.0,1467389000.0,15524046000.0,6408778240.0,224268992.0,4.783,10933679000.0,3507797000.0,,2614449000.0,1096087000.0,,0.3642418993089817,,527017000.0,0.1123085701523178,0.3625931089828546,1.3416964721820928,1.4271848009199752,0.5435402850220863,0.5532054763226908,1.4198373667271555,1.5178475108574436,532191000.0,69144000.0,30.51,[],{},0.0219190643631885,11.364247157429396,15.11900788134571,0.0661419061255884,0.0665355605624304,,0.1763851943028381,0.95,19,20,0.6134969352479612,5.0,22.0,0.4751318181818182,0.4751318181818182,0.2272727272727272,0.0,0.951,0.2272727272727272,22.0,3,5,"cheapness,dividend,garp",0.5520616666666667,False,0.56665,0.6132,hold,2,6,stable,0.3496,persistent,insufficient_data,0.0,
VRSK,"Verisk Analytics, Inc.",Industrials,26293460992.0,30.591463,23.143545,-22.515427,1.0,1.018,,,0.1466064078766847,0.2934,0.039,0.048,944362496.0,30394263552.0,1508099968.0,1343900000.0,3072700000.0,4625200128.0,525200000.0,-8.913,6195500000.0,2765400000.0,,2300300000.0,908300000.0,,0.6987991017671754,,138397709.0,0.2245175510586911,0.6873026338619564,1.2021910185627962,0.7358140285737348,0.7909611815027036,0.7610851877037071,0.4959567427971915,0.6757098975308932,140414637.0,170900000.0,200.68,[],{},0.0359162491498296,20.154011137808077,22.616462201056628,0.0442155802755605,0.0326888583262591,,0.3450143766687205,0.85,17,20,0.6401629730958646,3.0,22.0,0.4495636363636364,0.4495636363636364,0.1363636363636363,0.0,0.7263,0.1363636363636363,22.0,3,5,"cheapness,dividend,garp",0.45807,False,0.63335,0.6118,hold,2,6,stable,0.3193,persistent,neutral,0.5,66.34335748279574
LHX,"L3Harris Technologies, Inc.",Industrials,52537040896.0,30.586767,20.685488,2.7437952,1.77,1.1891779684472736,34.574,,0.0389853137516688,0.103690006,1.9,-0.061,,69419442176.0,2146000000.0,2150000000.0,21865000000.0,7926000128.0,1001000000.0,102.781,41195000000.0,8593000000.0,,7226000000.0,1606000000.0,,0.2572604619254516,,186844093.0,0.0357610533082545,0.2590386869871043,1.1891779684472736,1.0766409013494038,0.269838572642311,0.2913263969905478,0.5307682971234373,0.5077260065236542,189794911.0,597000000.0,282.01,[],{},,32.348295515377444,32.28811264,0.0309711506259165,0.0326938770612794,,0.0632930024434042,0.85,17,20,0.6338550162079574,2.0,22.0,0.4323181818181817,0.4323181818181817,0.0909090909090909,0.0,1.0,0.0909090909090909,22.0,2,5,"garp,risk",0.4831649999999999,True,0.66665,0.6106,hold,2,6,stable,0.2116,persistent,insufficient_data,0.0,
MCK,McKesson Corporation,Healthcare,98508045580.55605,21.92833,16.712915,-46.485634,0.39,0.854,,,0.0578453166186849,0.0117999995,0.06,0.372,5657625088.0,107287486464.0,6883999744.0,6454000000.0,403430000000.0,8785999872.0,3975000064.0,-18.1,82323000000.0,57210000000.0,,67017000000.0,4762000000.0,,0.036065736311132,,120000000.0,0.0438514772424807,0.0371061492657032,0.8536639957025829,0.8992597883254334,0.1046366143119176,0.0983497471386744,4.900574566038653,4.778426936385414,125000000.0,247000000.0,841.39,[],{},0.0574331269558425,15.58505090845047,16.623409740316085,0.0601561301575055,0.0456031079430125,,0.4216647066509865,0.85,17,20,0.6468940923138564,5.0,22.0,0.4829863636363636,0.4829863636363636,0.2272727272727272,0.0,1.0,0.2272727272727272,22.0,3,5,"cheapness,dividend,garp",0.4951166666666666,False,0.63335,0.6087,hold,2,6,stable,0.3202,persistent,neutral,0.5,65.51565171460305
EVRG,"Evergy, Inc.",Utilities,19729608704.0,22.763296,18.776571,1.9425341,3.25,0.446,155.555,0.08866999,0.0252028808342047,0.14626999,0.05,0.185,-1101750016.0,35637108736.0,2787000064.0,1532900000.0,5961600000.0,15876299776.0,18400000.0,44.061,33948500000.0,1815800000.0,,3695900000.0,855600000.0,,0.522661701556629,,230262674.0,0.0270583388317364,0.5189745694594086,0.4913011715684948,0.5022116644823067,0.4478018174587979,0.4358297632434073,0.1756071696834911,0.1811313390392818,229983615.0,616300000.0,85.59,[],{},-0.055842466646418,12.786906321362752,23.248162786874552,0.0430141516629683,0.0439303693103142,,0.0506700250556976,0.95,19,20,0.5600955794504182,4.0,22.0,0.389890909090909,0.389890909090909,0.1818181818181818,0.0,1.0,0.1818181818181818,22.0,3,5,"cheapness,dividend,garp",0.4561366666666666,False,0.26665,0.6085,hold,2,6,stable,0.333,persistent,insufficient_data,0.0,
KIM,Kimco Realty,Real Estate,17615060992.0,30.02299,30.161663,1.6955534,3.98,0.486,78.788,0.058579996,0.0296999987302071,0.28537,0.04,0.294,838712128.0,25911789568.0,1311730048.0,717677000.0,2140116000.0,8308660224.0,168648000.0,15.405,19688250000.0,965693000.0,,291537000.0,584741000.0,,0.6905149066686105,,674093047.0,0.0202258544307661,0.6869668053336894,3.312420035878808,5.233553413489341,0.421875026983099,0.4223722760569527,0.1087001638032836,0.1002966238724216,679493522.0,330196000.0,26.12,[],{},0.0476133536171635,19.75390409597448,36.10508566945855,0.0276969291571548,0.0333078084494582,,0.0369999288023697,0.95,19,20,0.5886219079400392,3.0,22.0,0.4203999999999999,0.4203999999999999,0.1363636363636363,0.0,0.9298,0.1363636363636363,22.0,2,5,"dividend,garp",0.5244783333333334,False,0.63335,0.6083,hold,2,6,stable,0.2274,persistent,neutral,0.5,64.678346093113
MAA,"Mid-America Apartment Communities, Inc.",Real Estate,15865670656.0,40.290913,40.5419,2.792163,4.6,0.076,99.825,0.06711,0.0373189734307453,0.176,0.008,-0.315,909082496.0,21233027072.0,1239638016.0,619438000.0,2209126000.0,5680351232.0,71529000.0,47.619,11975383000.0,120376000.0,,1334529000.0,446909000.0,,0.3052089378333332,,116878077.0,0.0446602201472033,0.3255418150948305,0.0902011121526771,0.0753146524203987,0.453401031098546,0.423881780191594,0.1844722628077949,0.1854848083394618,116883421.0,185257000.0,132.96,[],{},0.0572987121509551,17.128409098418615,34.27788910593151,0.0291733250233007,0.0248194921768091,,0.0582131847688164,0.95,19,20,0.563348005720642,3.0,22.0,0.3739545454545454,0.3739545454545454,0.1363636363636363,0.0,0.9333,0.1363636363636363,22.0,3,5,"cheapness,dividend,garp",0.464835,False,0.53335,0.6073,hold,2,6,stable,0.3336,persistent,neutral,0.625,46.510906170560766
KVUE,Kenvue Inc.,Consumer Defensive,36441763840.0,22.595238,15.310402,3.435294,4.37,0.983,82.975,0.15701,0.0542916235780765,0.106070004,0.045,0.469,1858000000.0,44168765440.0,3470000128.0,2715000000.0,15124000000.0,8801999872.0,1075000064.0,5.525,27076000000.0,5697000000.0,,5945000000.0,1470000000.0,,0.581327691087014,,1916115445.0,0.0402328034061169,0.5796829505014558,0.9582842724978974,0.96271127374107,0.3203575121879154,0.3406116948556697,0.5585758605407003,0.6036873559626577,1913768088.0,430000000.0,18.98,[],{},0.0509854574591304,12.728750377729092,16.268421893186005,0.0614687771540304,0.0442571129368055,,0.1284842175003549,0.95,19,20,0.5822052947052947,7.0,22.0,0.5291999999999999,0.5291999999999999,0.3181818181818182,0.0,1.0,0.3181818181818182,22.0,4,5,"cheapness,quality,dividend,garp",0.64541,False,0.63335,0.6063,hold,2,6,stable,0.4516,persistent,neutral,0.5,53.609011687583845
VRSN,"VeriSign, Inc.",Technology,25267060736.0,30.680662,26.510061,-11.428219,1.17,0.462,,,0.6227468134851799,0.49958,0.066,0.114,807275008.0,26505259008.0,1172099968.0,1121000000.0,1656600000.0,1794599936.0,556400000.0,-24.296,1325900000.0,652500000.0,,1333100000.0,825700000.0,,0.881504285886756,,91900000.0,0.5586206896551724,0.8771028637472711,0.4894606556147325,0.4335445104826595,1.3560600346934155,1.2808389619623175,1.2494154913643565,1.1072875933167436,95000000.0,77000000.0,277.66,[],{},0.0319496999051342,22.613479849527646,23.644298847457627,0.0422934935161981,0.0325938208243355,,-155.69444444444446,0.85,17,20,0.6199081108076846,2.0,22.0,0.4313045454545454,0.4313045454545454,0.0909090909090909,0.0,0.7611,0.0909090909090909,22.0,2,5,"dividend,garp",0.4525016666666667,False,0.53335,0.6036,hold,2,6,stable,0.208,persistent,neutral,0.5,60.19545952791783
NXPI,NXP Semiconductors N.V.,Technology,67291115520.0,25.505264,14.93649,6.161973,1.52,2.241,103.991,0.25812998,0.0760918674698795,0.21031,0.122,1.307,2727124992.0,75654119424.0,4160999936.0,3035000000.0,12269000000.0,11724000256.0,3708000000.0,43.254,26560000000.0,7940000000.0,,3881000000.0,2021000000.0,,0.5473958757844976,,252854704.0,0.1029321304080377,0.5643729189789123,2.045864467920639,2.357972885732731,0.4601656626506024,0.4451096985851958,0.4619352409638554,0.5172852163215091,254324627.0,466000000.0,266.53,[],{},0.0405272668007629,18.18171607489301,24.927222215486,0.0401167844276989,0.0392075925973555,,0.1338242426914767,0.95,19,20,0.5972235438263644,4.0,22.0,0.4616181818181818,0.4616181818181818,0.1818181818181818,0.0,0.9098,0.1818181818181818,22.0,3,5,"cheapness,dividend,garp",0.5848333333333333,False,0.73335,0.6023,hold,2,6,stable,0.3419,persistent,neutral,0.5,40.25704001827278
ULTA,"Ulta Beauty, Inc.",Consumer Cyclical,20616384512.0,17.988373,15.051534,7.5552583,,1.311,89.209,0.47449002,0.1647993354758351,0.09355,0.111,0.155,973080128.0,22697527296.0,1889405056.0,1548813000.0,12392820000.0,2302443008.0,221300000.0,63.475,6999294000.0,3144146000.0,,2224342000.0,1153479000.0,,0.3909702553575376,,44166000.0,0.2001298633568894,0.3884018579180984,1.4135173458038377,1.7020766764185902,0.3117544426623599,0.3204485800923173,1.770581432927378,1.8820779403411672,45965000.0,,479.57,[],{},0.0471993587155695,12.013055233403588,14.65478872917518,0.0682370806212423,0.0555914645532422,,0.3243620040578418,0.9,18,20,0.6184224715878143,3.0,22.0,0.4143636363636364,0.4143636363636364,0.1363636363636363,0.0,0.8628,0.1363636363636363,22.0,2,5,"cheapness,quality",0.4128633333333333,False,0.73335,0.6022,hold,2,6,stable,0.2197,persistent,neutral,0.625,54.29124751318791
BAC,Bank of America,Financial Services,429990869486.77057,14.150116,11.666899,,1.83,,,0.111990005,0.0089423631005663,0.29524,0.214,0.36,,174167867392.0,,,113097000000.0,774637027328.0,1055455969280.0,,3411738000000.0,,,,30509000000.0,,,,7212464345.0,0.0082706308130594,,,,0.1072485636353084,0.1001656088570842,0.0331493801692861,0.0324582321338828,7610862311.0,78470000000.0,61.27,[],{},,,,,0.0706707987411552,,,0.55,11,20,0.5443110534285096,3.0,22.0,0.4470136363636364,0.4470136363636364,0.1363636363636363,0.0,1.0,0.1363636363636363,22.0,2,5,"dividend,garp",0.5311683333333332,False,0.36665,0.6006,hold,2,6,stable,0.1259,persistent,insufficient_data,0.0,
GILD,"Gilead Sciences, Inc.",Healthcare,166718013440.0,18.269388,13.825525,7.092378,2.44,1.967,94.635,0.4336,0.1441810819511038,0.30993,0.044,0.548,7934125056.0,178991005696.0,14737999872.0,11701000000.0,29442000000.0,22173999104.0,9816999936.0,18.933,59023000000.0,18342000000.0,,11813000000.0,8510000000.0,,0.7882616670063175,,1240679623.0,0.008136282735825,0.7826041594212979,1.5526961821721832,1.5972175941352882,0.4224793724480287,0.4527671836596322,0.4988224929264863,0.4873972370539876,1246265857.0,1024000000.0,134.28,[],{},0.0475900887509999,12.144864109821048,15.29706911340911,0.0653719998639098,0.0547363710267689,,0.2478500317729294,0.95,19,20,0.615793841041834,7.0,22.0,0.5845500000000001,0.5845500000000001,0.3181818181818182,0.0,1.0,0.3181818181818182,22.0,4,5,"cheapness,quality,dividend,garp",0.704425,False,0.73335,0.5982,hold,2,6,stable,0.4613,persistent,neutral,0.375,56.902570030900186
AMT,American Tower Corporation,Real Estate,79229771776.0,27.384863,24.750328,22.497684,4.1,0.304,444.55,0.29952,0.0400298146553906,0.26806998,0.068,0.769,4614362624.0,129381679104.0,6989599744.0,4929200000.0,10644600000.0,45131198464.0,1608800000.0,7.559,63190400000.0,2741800000.0,,6913800000.0,2529500000.0,,0.7418315389962986,,466318000.0,0.0369203666167846,0.7457935065960977,0.3965691804796205,0.4492622533778054,0.711562199321416,0.7196458919338413,0.1684528029574112,0.165809284612639,467384103.0,1359400000.0,170.06,[],{},0.0582402614644128,18.51059915341556,26.24800760853688,0.0380981297671812,0.0365165237452529,,0.0875888024507521,0.95,19,20,0.6202731606546956,5.0,22.0,0.4558863636363636,0.4558863636363636,0.2272727272727272,0.0,0.9438,0.2272727272727272,22.0,3,5,"cheapness,dividend,garp",0.5735866666666667,False,0.43335,0.5974,hold,2,9,stable,0.347,persistent,neutral,0.625,46.573418659129075
CAH,"Cardinal Health, Inc.",Healthcare,53520723968.0,34.835365,18.99346,-18.962742,0.9,0.907,,,0.0293851888106622,0.0062,0.11,-0.195,4849999872.0,58659721216.0,3993999872.0,2322000000.0,222578000000.0,8915999744.0,3936999936.0,-12.051,53122000000.0,36373000000.0,,38897000000.0,1561000000.0,,0.036697247706422,,238677005.0,0.0188825602269453,0.032685703201118,0.9351106769159576,0.9787878787878788,0.1605172998004593,0.1128521087741849,4.189940137796016,5.027082733095455,244000000.0,215000000.0,228.52,[],{},0.0906191006478128,14.686961215806468,25.262584503014644,0.0395842317669701,0.028706459656731,,0.1632337434094903,0.85,17,20,0.6153553322519523,3.0,22.0,0.3874590909090909,0.3874590909090909,0.1363636363636363,0.0,0.9062,0.1363636363636363,22.0,2,5,"cheapness,garp",0.3731983333333333,False,0.63335,0.5964,hold,2,6,stable,0.206,persistent,neutral,0.5,52.09298982298118
AFL,Aflac,Financial Services,63480598528.0,14.237443,16.502048,2.1252086,1.96,0.935,48.276,0.16469,0.031304198506053,0.25596002,0.279,38.6,4923125248.0,69674598400.0,5880000000.0,4753000000.0,17355000000.0,14464000000.0,8270000128.0,58.686,116470000000.0,,,,3646000000.0,,,,518690000.0,0.0462973989078475,,,,0.0721988494891388,0.0637769423132538,0.1490083283248905,0.1627001003691543,549964000.0,220000000.0,124.72,[],{},0.0775532266890727,11.84942149659864,14.659078140122029,0.0682171136848633,0.0702373312398862,,,0.9,18,20,0.5941656191526405,8.0,22.0,0.6203136363636365,0.6203136363636365,0.3636363636363636,0.0,1.0,0.3636363636363636,22.0,4,5,"cheapness,quality,dividend,garp",0.7336383333333333,False,0.73335,0.596,hold,2,9,stable,0.4285,persistent,insufficient_data,0.0,
PFG,Principal Financial Group,Financial Services,24614610944.0,16.348637,11.080976,2.0874932,2.88,1.526,33.624,0.13385999,0.0034715336292919,0.10102,-0.045,8.19,1457624960.0,24020011008.0,2187099904.0,,15625500000.0,4166899968.0,5338999808.0,54.587,341376500000.0,,,,1185100000.0,,,,217380912.0,0.005008550561812,,,,0.0115825195934693,0.0130968336778638,0.0457720434769235,0.0514171870755803,226225161.0,,113.95,[],{},0.0592178752415059,10.982585186927064,,,0.0611671786461464,,,0.85,17,20,0.5618763056108935,7.0,22.0,0.5541227272727274,0.5541227272727274,0.3181818181818182,0.0,1.0,0.3181818181818182,22.0,4,5,"cheapness,quality,dividend,garp",0.71098,False,0.73335,0.595,hold,2,6,stable,0.3933,persistent,neutral,0.5,64.20829316331789
TDY,Teledyne Technologies,Technology,29443092480.0,32.161945,24.41215,2.750526,,1.756,23.133,0.09049,0.0585399043525478,0.14987001,0.076,0.216,760562496.0,31397994496.0,1538300032.0,1149800000.0,6115400000.0,2476300032.0,521400000.0,231.054,15285300000.0,3055600000.0,,1860100000.0,894800000.0,,0.4275762828269614,,46185578.0,0.0576881095736065,0.4294179894179894,1.6427073813235848,2.334020291693088,0.1728523483346745,0.1963874511460864,0.4000837405873617,0.3992817154325552,46706612.0,59600000.0,635.52,[],{},0.0258316104708305,20.410839135963823,27.307353014437293,0.0366201733090462,0.0310926469154772,,0.0856449065935703,0.9,18,20,0.5524020158408282,1.0,22.0,0.3423318181818182,0.3423318181818182,0.0454545454545454,0.0,1.0,0.0454545454545454,22.0,1,5,risk,0.357375,True,0.83335,0.595,hold,2,6,stable,0.1033,persistent,insufficient_data,0.0,
GEHC,GE HealthCare Technologies Inc.,Healthcare,28690024448.0,15.1247,11.76227,2.689323,0.22,1.222,97.055,0.19462,0.0564677830163117,0.091000006,0.074,-0.309,1483624960.0,37236023296.0,3521999872.0,2762000000.0,20625000000.0,10577000448.0,2260999936.0,23.452,36906000000.0,12501000000.0,,9105000000.0,2084000000.0,,0.3998545454545454,,455736583.0,0.0602314968720722,0.4170902806018707,1.3729818780889622,1.036428347116089,0.2835040372839105,0.2833570068602859,0.5588522191513575,0.594517815588262,456955918.0,440000000.0,63.07,[],{},0.0517122236228496,10.572409042949564,13.481543553946416,0.0741754826514114,0.0661170138911846,,0.0993489442825797,0.95,19,20,0.6206505108200023,7.0,22.0,0.4385636363636365,0.4385636363636365,0.3181818181818182,0.0,0.8093,0.3181818181818182,22.0,3,5,"cheapness,quality,dividend",0.4290416666666666,False,0.73335,0.5934,hold,2,6,stable,0.346,persistent,neutral,0.375,46.41112084018033
SBAC,SBA Communications Corporation,Real Estate,19694841856.0,19.546316,23.061695,-4.144866,2.69,0.196,,,0.0910264283095343,0.35656,0.059,-0.147,708085504.0,34932973568.0,1827740032.0,1554271000.0,2815139000.0,15421450240.0,269064000.0,-44.8,11575012000.0,773431000.0,,2678301000.0,1053632000.0,,0.7545513738397998,,105666000.0,0.0656489394723953,0.7829080389336752,0.2887767282318156,1.100550853867991,1.3234655825842772,1.380023676276147,0.2432083007775715,0.2346987072991458,107561000.0,476767000.0,185.69,[],{},0.0359528403008873,19.112659873064487,22.47547150271735,0.0444929486742512,0.0511605358268023,,0.174701752141887,0.85,17,20,0.6174444856424833,4.0,22.0,0.5073318181818182,0.5073318181818182,0.1818181818181818,0.0,0.9231,0.1818181818181818,22.0,3,5,"cheapness,dividend,garp",0.5358333333333334,False,0.43335,0.5931,hold,2,6,stable,0.3087,persistent,neutral,0.5,45.654743588313686
AIZ,Assurant,Financial Services,13716767744.0,14.182377,12.301539,2.3428257,1.27,0.386,37.61,0.18016,0.0240482121599576,0.076,0.113,0.912,2029737472.0,14002767872.0,1638899968.0,1197100000.0,12814300000.0,2207500032.0,1921500032.0,118.165,36289600000.0,,,,872700000.0,,,,49792919.0,0.0217072237483081,,,,0.0608135664212336,0.059482133372929,0.3531121864115338,0.3391575244284792,50833749.0,109700000.0,276.84,[],{},0.1479749099701603,8.544003993781272,11.697241560437725,0.0854902409968336,0.0705100421459674,,,0.9,18,20,0.6026925232457354,9.0,22.0,0.6114636363636364,0.6114636363636364,0.4090909090909091,0.0,1.0,0.4090909090909091,22.0,4,5,"cheapness,quality,dividend,garp",0.6970833333333333,False,0.73335,0.5929,hold,2,6,stable,0.4304,persistent,wait,0.25,63.74027155610739
PPL,PPL Corporation,Utilities,26971759329.704453,21.993864,16.9353,,3.18,1.003,135.116,0.08316,0.0261029086729732,0.13091,0.108,0.073,-1615124992.0,46023761920.0,3652000000.0,2129000000.0,9042000000.0,20292999168.0,1240999936.0,,45244000000.0,3931000000.0,,4546000000.0,1181000000.0,,0.4273390842733908,,751041000.0,0.021622148092235,0.4009690380524698,0.8647162340519138,0.8640864086408641,0.4276810184775882,0.4092137622050695,0.1998497038281319,0.2060434877888431,738033000.0,808000000.0,35.85,[],{},-0.0598820778524905,12.602344446878424,21.617549046500702,0.0462587131338958,0.0454672266774042,,0.0523121529313479,0.85,17,20,0.5201612903225807,3.0,22.0,0.39785,0.39785,0.1363636363636363,0.0,1.0,0.1363636363636363,22.0,2,5,"dividend,garp",0.4787,False,0.36665,0.5907,hold,2,6,stable,0.1888,persistent,insufficient_data,0.0,
DOW,Dow Inc.,Basic Materials,21564583936.0,,15.413861,1.4141892,4.68,1.848,117.133,-0.15262,-0.0448085004612388,-0.07244,-0.061,,-675875008.0,38383583232.0,2641999872.0,158000000.0,39968000000.0,19634999296.0,4329999872.0,21.157,58538000000.0,18062000000.0,,9183000000.0,-2623000000.0,,0.0633757005604483,,717222413.0,0.0194723618090452,0.1072060329578251,1.966895350103452,1.6125583203732503,0.3347910758823328,0.3078761864879955,0.6827701663876456,0.7496510329424902,703612794.0,865000000.0,29.92,[],{},-0.0313418988284625,14.52823054186734,242.9340710886076,0.0041163431523578,,,0.0032012967277884,0.9,18,20,0.5000000000000001,0.0,22.0,0.2737681818181818,0.2737681818181818,0.0,0.0,1.0,0.0,22.0,0,5,,0.2850516666666666,False,0.45,0.59,hold,2,6,stable,0.0,persistent,insufficient_data,0.0,
FITB,Fifth Third Bancorp,Financial Services,52590297088.0,19.531986,11.77648,1.9221975,2.76,,,0.08447,0.0117643766093219,0.23290001,0.518,-0.057,,70814302208.0,,,8821000000.0,22268999680.0,6226999808.0,30.179,214376000000.0,,,,2522000000.0,,,,661197787.0,0.0108675743329873,,,,0.0651145650632533,0.086860755094469,0.0411473299249916,0.0388583880860576,669853830.0,3921000000.0,58.01,[],{},,,,,0.0511980706928624,,,0.65,13,20,0.5091411184532534,3.0,22.0,0.4094818181818181,0.4094818181818181,0.1363636363636363,0.0,1.0,0.1363636363636363,22.0,3,5,"cheapness,dividend,garp",0.4756633333333333,False,0.36665,0.5871,hold,2,6,stable,0.2138,persistent,insufficient_data,0.0,
AKAM,"Akamai Technologies, Inc.",Technology,17473878016.0,40.60473,16.743473,3.5637193,,2.057,119.534,0.091680005,0.0393767471688797,0.102,0.058,-0.134,700723392.0,22411137024.0,1146972032.0,628242000.0,4208175000.0,5867704832.0,930444992.0,33.726,11479643000.0,2286680000.0,,967518000.0,452031000.0,,0.589486416320614,,144711094.0,0.0486959658243468,0.5939050924441166,2.3634495688969093,1.2327588803833744,0.4943871512380655,0.4469766708442696,0.366577166206301,0.384921473441681,150025096.0,30759000.0,120.19,[],{},0.0401011951301468,19.539392765245736,35.672777407432164,0.0280325803785509,0.0246276726873938,,0.0597635587476366,0.9,18,20,0.5437100495177454,0.0,22.0,0.2208318181818181,0.2208318181818181,0.0,0.0,0.6667,0.0,22.0,0,5,,0.2359733333333333,False,0.63335,0.5857,hold,2,9,stable,0.0,persistent,insufficient_data,0.0,
DG,Dollar General Corporation,Consumer Defensive,27738769408.0,17.78642,15.703753,3.1366925,1.88,1.169,178.649,0.1891,0.0488413702095968,0.03632,0.034,0.124,1882562304.0,42184056832.0,3387527936.0,2203668000.0,42724369000.0,15798401024.0,1353112960.0,40.09,30963730000.0,7897803000.0,,6961135000.0,1512311000.0,,0.3066093029952063,,220222000.0,0.0361437269256123,0.2959077578156848,1.1345567928218605,1.1885688154763447,0.5076473667739643,0.5609332466892644,1.3798198408266704,1.3044890084015432,219939000.0,230567000.0,125.75,[],{},0.0678675494327105,12.4527554101328,19.142655260229763,0.0522393568920175,0.0562226687551514,,0.0918095730899096,0.95,19,20,0.5975746028165383,5.0,22.0,0.4789045454545455,0.4789045454545455,0.2272727272727272,0.0,1.0,0.2272727272727272,22.0,3,5,"cheapness,dividend,garp",0.55003,False,0.63335,0.5844,hold,2,6,stable,0.3369,persistent,neutral,0.5,64.27786982095745
UNP,Union Pacific Corporation,Industrials,179152961536.0,24.814968,21.756136,9.225572,1.83,0.916,162.246,0.40686,0.1024132686734196,0.29202,0.032,0.062,4034374912.0,209622958080.0,12586000384.0,9846000000.0,24510000000.0,31505000448.0,1035000000.0,32.708,69698000000.0,4555000000.0,,5014000000.0,7138000000.0,,0.4577723378212974,,593245884.0,0.0996381894705752,0.4552164948453608,0.9084563222975668,0.7653216596878569,0.4709173864386352,0.4794063353762091,0.3516600189388504,0.3581185852469911,604241260.0,1309000000.0,301.75,[],{},0.0225191639446569,16.655248028315967,21.290164338817792,0.0469700460778842,0.0402982586961224,,0.1522169315441222,0.95,19,20,0.5894500392241828,5.0,22.0,0.4499999999999999,0.4499999999999999,0.2272727272727272,0.0,1.0,0.2272727272727272,22.0,4,5,"cheapness,quality,dividend,garp",0.525215,False,0.46665,0.5804,hold,2,6,stable,0.4445,persistent,neutral,0.375,77.56885955553892
CPT,Camden Property Trust,Real Estate,11194264576.0,31.555866,143.91083,2.91543,3.75,0.104,104.147,0.09064999,0.0425149250983275,0.24486999,-0.005,0.121,688079616.0,16056412160.0,840089984.0,288906000.0,1573544000.0,4275068928.0,40684000.0,38.749,9042989000.0,46126000.0,,455440000.0,384462000.0,,0.6140965870671554,,106364516.0,0.0184467175409708,0.6117892893184665,0.1012778851220797,0.1011646208659396,0.431360692797481,0.3937566989420868,0.174007067795836,0.1744031728358689,106688152.0,138239000.0,112.97,[],{},0.061467156804138,19.112728952616585,55.57659640159776,0.0179931853468315,0.0316898290796392,,0.0336424281247187,0.95,19,20,0.5840078923671805,4.0,22.0,0.3793272727272727,0.3793272727272727,0.1818181818181818,0.0,0.9185,0.1818181818181818,22.0,3,5,"cheapness,dividend,garp",0.4625066666666666,False,0.43335,0.5799,hold,2,6,stable,0.3317,persistent,neutral,0.5,51.2860839355413
FICO,Fair Isaac Corporation,Technology,29153519616.0,39.84501,23.069735,-13.933983,,2.223,,,0.3489826473811019,0.33675,0.387,0.69,730540992.0,32590718976.0,1163016960.0,935772000.0,1990869000.0,3656617984.0,219419008.0,-90.219,1868133000.0,705165000.0,,849215000.0,651946000.0,,0.8223278377432166,,23763783.0,0.2985131708543767,0.7972630399772697,0.8303727560158499,1.623553387590886,1.6459631086223518,1.298681401072482,1.0656998190171685,0.9997916040896824,24392000.0,133647000.0,1257.11,[],{},0.0250584149571794,28.022565531632488,34.82762785806799,0.028712836948737,0.0250972455522033,,0.9183977513401472,0.8,16,20,0.5895050226816315,2.0,22.0,0.3489363636363636,0.3489363636363636,0.0909090909090909,0.0,0.6667,0.0909090909090909,22.0,2,5,"cheapness,garp",0.330005,False,0.53335,0.578,hold,2,6,stable,0.1868,persistent,neutral,0.5,56.21579762679759
SOLV,Solventum Corporation,Healthcare,14080835584.0,9.952264,11.47388,2.839532,,1.071,106.48,0.34794998,0.1088568630194487,0.17332001,-0.03,-0.91,377500000.0,18810834944.0,1124000000.0,632000000.0,8325000000.0,5290999808.0,561000000.0,28.635,14294000000.0,3859000000.0,,3136000000.0,1556000000.0,,0.5346546546546547,,173490864.0,0.0331327384657951,0.556457475163557,1.230548469387755,1.201997780244173,0.3522456974954526,0.5540568582693505,0.5824122009234644,0.5709344954001522,172785606.0,347000000.0,81.31,[],{},0.0268094885241719,16.73561827758007,29.763979341772156,0.0335976580455609,0.1004796496555959,,0.0566409750851407,0.9,18,20,0.6159426157830943,3.0,22.0,0.3811318181818182,0.3811318181818182,0.1363636363636363,0.0,0.8373,0.1363636363636363,22.0,2,5,"cheapness,quality",0.3375216666666666,False,0.36665,0.5778,hold,2,6,stable,0.2149,persistent,insufficient_data,0.0,
DRI,"Darden Restaurants, Inc.",Consumer Cyclical,22738632704.0,19.016285,16.027765,10.279605,3.08,0.314,362.378,0.53718,0.0833876221498371,0.09134,0.137,0.36,1075412480.0,30471979008.0,2148900096.0,1436300000.0,12076700000.0,7999499776.0,219500000.0,19.313,12587000000.0,937700000.0,,2247500000.0,1049600000.0,,0.2188180546010085,,117033830.0,0.0907533339221054,0.2137401229148375,0.4172191323692992,0.3752793614595211,0.494931278303011,0.4793605934822926,0.9594581711289426,1.0059171597633136,118862950.0,178500000.0,198.53,[],{},0.0472945094808106,14.180267879703235,21.215608861658428,0.0471351072939148,0.0525865067756399,,0.1389138739784322,0.95,19,20,0.5967508927641819,7.0,22.0,0.5205090909090909,0.5205090909090909,0.3181818181818182,0.0,1.0,0.3181818181818182,22.0,4,5,"cheapness,quality,dividend,garp",0.6436916666666667,False,0.63335,0.5775,hold,2,6,stable,0.4462,persistent,neutral,0.5,45.59340552225057
NCLH,Norwegian Cruise Line Holdings Ltd.,Consumer Cyclical,8934283264.0,15.693547,9.641539,3.6744711,,0.21,661.444,0.29533002,0.018776383952355,0.05664,0.096,,-1500744960.0,24831889408.0,2619822080.0,1560868000.0,9827592000.0,16082653184.0,185047008.0,5.296,22541401000.0,1138541000.0,,5452577000.0,423246000.0,,0.4261907698243883,,455257489.0,0.0455816532264626,0.3999044901547536,0.2088078719475213,0.1747323281204456,0.6479710821878374,0.6560147214212493,0.4359796447434655,0.4746990845331486,439861281.0,953506000.0,19.46,[],{},-0.167975976992708,9.478464052032114,15.909025880471637,0.0628573997875949,0.0637204578416848,,0.0913385262789294,0.9,18,20,0.5479416876949899,1.0,22.0,0.2698090909090909,0.2698090909090909,0.0454545454545454,0.0,0.7331,0.0454545454545454,22.0,1,5,cheapness,0.2142933333333333,False,0.16665,0.5773,hold,2,6,stable,0.1013,persistent,insufficient_data,0.0,
L,Loews Corporation,Financial Services,23550246912.0,14.561069,39.465515,1.2591035,0.22,0.503,45.603,0.09217,0.0193056005929494,0.08825,0.014,-0.063,2084000000.0,26864246784.0,3182000128.0,2720000000.0,18176000000.0,8933999616.0,6506999808.0,90.898,86348000000.0,,,,1667000000.0,,,,206003999.0,0.0172558973920896,,,,0.1098925279103164,0.109149042627192,0.2104970584147866,0.2103779456451436,214700344.0,437000000.0,114.45,[],{},0.0884916412039017,8.442566217269492,9.87656131764706,0.1012498143673991,0.0686762764464614,,,0.9,18,20,0.5569615135027206,6.0,22.0,0.4888,0.4888,0.2727272727272727,0.0,0.8962,0.2727272727272727,22.0,3,5,"cheapness,dividend,garp",0.4572066666666666,False,0.73335,0.5751,hold,2,6,stable,0.3057,persistent,neutral,0.375,56.78137690181062
DELL,Dell Technologies Inc.,Technology,256092078080.0,31.55573,18.404655,-183.23624,0.64,0.946,,,0.0586063226902039,0.062750004,0.875,2.825,5434124800.0,277214134272.0,14065000448.0,8446000000.0,113538000000.0,31924000768.0,11580999680.0,-2.163,101286000000.0,57602000000.0,,63269000000.0,5936000000.0,,0.1999947154256724,,651771798.0,0.05758282547087,0.2223570897904088,0.9104300684379396,0.7786661508371483,0.3110301522421657,0.3080656083063727,1.1209643978437296,1.1983923958568454,696130464.0,1560000000.0,396.34,[],{},0.0212194177998057,19.70950056467428,32.8219434373668,0.0304674219522762,0.0316899656575842,,0.2221637688402556,0.85,17,20,0.5892148734310063,4.0,22.0,0.4187681818181818,0.4187681818181818,0.1818181818181818,0.0,0.9089,0.1818181818181818,22.0,3,5,"cheapness,dividend,garp",0.4964033333333333,False,0.63335,0.5734,hold,2,6,stable,0.2965,persistent,neutral,0.375,48.35496156081402
LH,Labcorp,Healthcare,23235518798.828125,25.120567,14.597509,,1.02,1.726,83.407,0.11047,0.0476547760796402,0.06656,0.058,0.329,1142537472.0,29565720576.0,2252999936.0,1516200000.0,13951700000.0,7294400000.0,981100032.0,,18392700000.0,4020500000.0,,2823500000.0,876500000.0,,0.2875993606513901,,82200000.0,0.040589803580173,0.2786092598144347,1.4239419160616256,1.4433067083058075,0.3548146819118454,0.3957124979596278,0.7585455099033855,0.7078132651395614,83400000.0,224100000.0,283.36,[],{},0.0491720233101756,13.122823531229786,19.499881662049862,0.0512823624948541,0.0398080186645468,,0.0973845798114225,0.85,17,20,0.554754988296469,4.0,22.0,0.3983863636363636,0.3983863636363636,0.1818181818181818,0.0,0.8138,0.1818181818181818,22.0,3,5,"cheapness,dividend,garp",0.4675149999999999,False,0.73335,0.5732,hold,2,6,stable,0.2876,persistent,insufficient_data,0.0,
HAS,Hasbro,Consumer Cyclical,11538566144.0,,12.789369,17.809566,3.43,1.654,574.488,-0.23316,-0.0580691642651296,-0.046240002,0.127,0.986,547924992.0,14082365440.0,1270200064.0,1058000000.0,4701300000.0,3873200128.0,1355299968.0,4.579,5552000000.0,2583700000.0,,1871100000.0,-322400000.0,,0.645821368557633,,140385121.0,0.0608173114836837,0.6460645629307218,1.380845491956603,1.600299721687005,0.5935698847262247,0.5379240729933915,0.8467759365994236,0.6522562023878996,139528691.0,163400000.0,81.55,[],{},0.0474864021371423,11.086730223940531,13.310364310018905,0.0751294237113619,,,0.2874297046917873,0.9,18,20,0.4683605635986588,2.0,22.0,0.3690681818181818,0.3690681818181818,0.0909090909090909,0.0,1.0,0.0909090909090909,22.0,2,5,"cheapness,dividend",0.3636983333333333,False,0.55,0.5724,hold,2,6,stable,0.1873,persistent,insufficient_data,0.0,
BKNG,Booking Holdings Inc.,Consumer Cyclical,140779913216.0,23.968336,14.772881,-16.243181,0.89,1.057,,,0.1846637506834335,0.22227,0.162,2.4,7075125248.0,143931916288.0,10378000384.0,9282000000.0,26917000000.0,19175999488.0,16024000512.0,-11.185,29264000000.0,22264000000.0,,16698000000.0,5404000000.0,,,,797352800.0,0.2122852605745633,,1.3333333333333333,1.3095801112034255,0.6592741935483871,0.616464558972138,0.9197990705303444,0.856756171502815,823671625.0,1617000000.0,181.68,[],{},0.0502566387943752,13.868944976134625,15.506562840767076,0.0644888238785567,0.0417217115113873,,0.7386598758554831,0.85,17,20,0.5966397955193473,5.0,22.0,0.5623636363636364,0.5623636363636364,0.2272727272727272,0.0,1.0,0.2272727272727272,22.0,3,5,"cheapness,dividend,garp",0.6252966666666666,False,0.63335,0.5706,hold,2,6,stable,0.2976,persistent,neutral,0.375,56.24812294160626
WDAY,"Workday, Inc.",Technology,35756818432.0,45.102802,11.450835,5.3943887,,1.009,56.936,0.10858,0.0383423702556158,0.08595,0.135,2.48,3118749952.0,35212660736.0,1512000000.0,1024000000.0,9552000000.0,3804999936.0,4352999936.0,26.839,18074000000.0,8429000000.0,,6378000000.0,693000000.0,,0.7570142378559463,,259131000.0,0.029259609501029,0.7550319677954062,1.321574161179053,1.9006849315068493,0.2114086533141529,0.1870167436168437,0.5284939692375789,0.4698225510374367,266352000.0,114000000.0,144.78,[],{},0.0872211256135955,23.288796783068783,34.387364,0.0290804494348563,0.0221715715134505,,0.0875512995896032,0.9,18,20,0.5380820025708718,3.0,22.0,0.3400181818181818,0.3400181818181818,0.1363636363636363,0.0,1.0,0.1363636363636363,22.0,3,5,"cheapness,garp,risk",0.4147016666666666,True,0.83335,0.5691,hold,2,6,stable,0.2989,persistent,neutral,0.5,60.49293777607003
OKE,"ONEOK, Inc.",Energy,58920669184.0,16.67023,15.102554,2.6354053,4.58,0.71,149.644,0.15903,0.0509146021218169,0.1003,0.196,0.18,454375008.0,92531671040.0,7506999808.0,5822000000.0,33629000000.0,33652000768.0,172000000.0,35.486,66641000000.0,4488000000.0,,6365000000.0,3393000000.0,,0.259954206191085,,629707691.0,0.0473708033526354,0.3342704396718591,0.7051060487038492,0.8980716253443526,0.4924295853903753,0.5006633473286612,0.5046292822736753,0.3386661255833554,583110633.0,1783000000.0,93.52,[],{},0.0077116403172723,12.326052138883975,15.893450882858124,0.0629189977287154,0.0599871747420401,,0.0965890238237441,0.95,19,20,0.5619047619047619,8.0,22.0,0.4680727272727272,0.4680727272727272,0.3636363636363636,0.0,1.0,0.3636363636363636,22.0,4,5,"cheapness,quality,dividend,garp",0.5400316666666667,False,0.36665,0.569,hold,2,6,stable,0.4297,persistent,insufficient_data,0.0,
TMUS,"T-Mobile US, Inc.",Communication Services,208248635392.0,20.449522,13.369238,3.7394092,2.12,1.087,218.569,0.18024999,0.0501375224072579,0.116459996,0.106,-0.12,11147374592.0,326862667776.0,33884999680.0,18557000000.0,88309000000.0,122134003712.0,3520000000.0,51.46,219237000000.0,24461000000.0,,24500000000.0,10992000000.0,,0.6288713494660794,,1106930661.0,0.0545052515201768,0.6357125307125308,0.998408163265306,0.912263309209874,0.5577023951249105,0.5477155286370082,0.4028015344125307,0.3912803134088014,1144579681.0,3774000000.0,192.43,[],{},0.0535291603280692,9.646234937665492,17.613982204882255,0.0567730788170558,0.0489008985148894,,0.0952926254384118,0.95,19,20,0.5636012585812357,5.0,22.0,0.4498863636363637,0.4498863636363637,0.2272727272727272,0.0,0.8978,0.2272727272727272,22.0,4,5,"cheapness,quality,dividend,garp",0.5153383333333333,False,0.53335,0.5678,hold,2,6,stable,0.4299,persistent,neutral,0.5,60.24817563776742
DLTR,"Dollar Tree, Inc.",Consumer Defensive,24202469376.0,20.215088,16.40681,6.944965,,1.161,216.518,0.33976,0.0952384488571386,0.06514,0.072,0.095,1443624960.0,30788466688.0,2405299968.0,1653100000.0,19411800000.0,7593299968.0,1007299968.0,18.134,13466200000.0,3446200000.0,,3228600000.0,1282500000.0,,0.364046610824344,,198505205.0,-0.1625241364514053,0.3580737833148448,1.0673976336492597,1.0607158247824922,0.5239488497126138,0.4200064363870414,1.441520250701757,0.94285024672817,215078018.0,85500000.0,125.94,[],{},0.0596478374818872,12.800260714924685,18.62468494827899,0.0536921833994515,0.0494680013265339,,0.1614733922012971,0.9,18,20,0.5965173346577519,2.0,22.0,0.3712454545454546,0.3712454545454546,0.0909090909090909,0.0,0.6667,0.0909090909090909,22.0,1,5,cheapness,0.3727966666666666,False,0.63335,0.5673,hold,2,6,stable,0.1047,persistent,wait,0.25,60.664392630345745
SPG,Simon Property Group,Real Estate,74165101884.74573,15.892981,33.929787,,3.85,0.196,457.473,1.1359,0.1139624413510892,0.70594,0.193,0.164,2494690560.0,104129593344.0,4915057152.0,3175396000.0,6364505000.0,28989048832.0,542955008.0,,40606466000.0,2314958000.0,,4051543000.0,4627612000.0,,0.818993307413538,,325223870.0,0.0731629515321861,0.8250420285864813,0.5713768803638515,0.833192943434259,0.7187701091742384,0.7648279433387178,0.156736244912325,0.1840355140089436,326278138.0,974835000.0,228.7,[],{},0.033636986892795,21.185835713350414,32.79263227137655,0.0304946547664873,0.0629208579561002,,0.0868664393028539,0.85,17,20,0.6306233116160814,8.0,22.0,0.4680909090909091,0.4680909090909091,0.3636363636363636,0.0,1.0,0.3636363636363636,22.0,4,5,"cheapness,quality,dividend,garp",0.545305,False,0.26665,0.5646,hold,2,6,stable,0.4064,persistent,insufficient_data,0.0,
AZO,AutoZone,Consumer Cyclical,49734213632.0,20.963665,17.350313,-17.908543,,0.89,,,0.1290728587131892,0.12399,0.084,0.077,903784256.0,62550228992.0,4263984896.0,3610156000.0,18938717000.0,13086533632.0,270520000.0,-170.111,19355324000.0,8341379000.0,,9519397000.0,2498247000.0,,0.5262486365892685,,16665000.0,0.1550037033073835,0.530930757736989,0.8762507751278784,0.8384846509329611,0.6349052074767645,0.7199919448261344,0.978475844682321,1.076483980648487,16926000.0,486796000.0,3046.44,[],{},0.0181722840273981,14.669430243685364,17.326184517234157,0.0577161116462376,0.0477015827146636,,0.3670376976160965,0.8,16,20,0.5711054792287285,1.0,22.0,0.3803045454545454,0.3803045454545454,0.0454545454545454,0.0,0.8272,0.0454545454545454,22.0,1,5,cheapness,0.310925,False,0.36665,0.5643,hold,2,6,stable,0.0908,persistent,insufficient_data,0.0,
WYNN,"Wynn Resorts, Limited",Consumer Cyclical,10029948928.0,27.690544,18.191334,-46.640926,1.03,1.242,,,0.0249718552252775,0.051420003,0.092,0.509,356894624.0,19517884416.0,1760022016.0,1206597000.0,7137924000.0,12159864832.0,1795227008.0,-2.072,13108117000.0,2683521000.0,,1643178000.0,327334000.0,,0.4142669493258824,,103989787.0,0.0386099112780642,0.4351226107999188,1.6331286080996703,1.897768415637459,0.9288846750452412,0.9374062786278556,0.5445422862795625,0.5492357313701696,107821567.0,625556000.0,96.64,[],{},0.0355828954426356,11.08956833412702,16.17597625056253,0.0618200709812011,0.0361134111341402,,0.1052423392745482,0.85,17,20,0.5748365823062368,4.0,22.0,0.4231909090909091,0.4231909090909091,0.1818181818181818,0.0,0.8201,0.1818181818181818,22.0,3,5,"cheapness,dividend,garp",0.4345216666666666,False,0.43335,0.5641,hold,2,6,stable,0.2904,persistent,neutral,0.625,42.298623083858615
CCI,Crown Castle,Real Estate,34553902694.94255,33.405064,26.784264,-17.97684,5.37,0.267,,,0.0140871882733676,0.25136,-0.048,,1202875008.0,64377905152.0,2729999872.0,2086000000.0,4264000000.0,29878999040.0,55000000.0,-4.404,31518000000.0,1144000000.0,,4479000000.0,444000000.0,,0.7408536585365854,,435479010.0,-0.1192265395894428,0.7556053811659192,0.2554141549453003,0.5006890215893431,0.9380671362396092,0.8974828934506354,0.1352877720667555,0.1362414467253176,434598208.0,941000000.0,79.17,[],{},0.034811552796786,23.58165134448768,30.86189125215724,0.0324024212200572,0.0299355810244817,,0.0771478235141832,0.85,17,20,0.5634631071560994,1.0,22.0,0.3587636363636364,0.3587636363636364,0.0454545454545454,0.0,0.9654,0.0454545454545454,22.0,1,5,dividend,0.3364399999999999,False,0.33335,0.5631,hold,2,6,stable,0.0958,persistent,accumulate,0.75,44.043863425867926
STT,State Street Corporation,Financial Services,50133217280.0,16.10768,12.1020975,2.0975082,2.02,,,0.12437,0.008045414933055,0.23005,-0.028,-0.241,,,,,13965000000.0,,,87.008,366047000000.0,,,,2945000000.0,,,,279077907.0,0.0076067263050617,,,,0.0791264509748748,0.0937379685199864,0.038150838553519,0.0365728683048352,288766452.0,8684000000.0,182.5,[],{},,,,,0.0620821868822822,,,0.6,12,20,0.525916717934888,3.0,22.0,0.4120636363636363,0.4120636363636363,0.1363636363636363,0.0,1.0,0.1363636363636363,22.0,3,5,"cheapness,dividend,garp",0.4681766666666666,False,0.36665,0.5624,hold,2,6,stable,0.1959,persistent,insufficient_data,0.0,
PEP,"PepsiCo, Inc.",Consumer Defensive,187305918464.0,17.994751,15.258103,8.772311,4.32,0.934,238.949,0.51508,0.0767232469576066,0.10785,0.064,1.37,7831875072.0,229823938560.0,18882000896.0,13491000000.0,93925000000.0,53213999104.0,10716000256.0,15.631,107399000000.0,27949000000.0,,32764000000.0,8240000000.0,,0.541485227575193,,1367340122.0,0.0962932429851106,0.5455396607659982,0.8530399218654621,0.8189370877727042,0.4646318867028557,0.4518885660570843,0.8745425935064572,0.9234620527411102,1371989025.0,1121000000.0,137.12,[],{},0.0418132813753307,12.171588160907584,17.03535235045586,0.058701456795711,0.0555717608984975,,0.1807596971930059,0.95,19,20,0.579991245313826,7.0,22.0,0.5445681818181818,0.5445681818181818,0.3181818181818182,0.0,1.0,0.3181818181818182,22.0,4,5,"cheapness,quality,dividend,garp",0.6886933333333334,False,0.63335,0.5619,hold,2,6,stable,0.4339,persistent,neutral,0.625,43.37309352796722
MCD,McDonald's,Consumer Cyclical,190209517441.6729,22.070074,18.91728,,2.78,1.136,,,0.1438796941947408,0.31618,0.094,0.069,5952249856.0,243934527488.0,14869000192.0,12394000000.0,26885000000.0,54895001600.0,1170000000.0,,59515000000.0,4163000000.0,,4361000000.0,8563000000.0,,0.5740747628789288,,710600000.0,0.1490159834728716,0.5675154320987654,0.9545975693648244,1.191142191142191,0.921011509703436,0.9413939328041752,0.4517348567588003,0.4697183864303577,715200000.0,1582000000.0,267.71,[],{},0.0312931231625948,16.40557699496464,19.68166269872519,0.0508087154681688,0.0453102241523974,,0.2247162490481198,0.75,15,20,0.5614091790562379,3.0,22.0,0.4505090909090909,0.4505090909090909,0.1363636363636363,0.0,1.0,0.1363636363636363,22.0,3,5,"cheapness,dividend,garp",0.5342,False,0.53335,0.5593,hold,2,6,stable,0.2522,persistent,neutral,0.5,42.920967458467445
DIS,Walt Disney Company (The),Communication Services,169605070848.0,15.6272,13.065311,1.5678122,1.54,0.679,41.069,0.1101,0.0628006116022155,0.1154,0.065,-0.298,3751375104.0,217885065216.0,19719999488.0,13832000000.0,94425000000.0,47358001152.0,5681999872.0,62.297,197514000000.0,24267000000.0,,34162000000.0,12404000000.0,,0.3776436325125761,,1791000000.0,0.0253390344462055,0.3575157890128173,0.7103506820443768,0.7295297551952369,0.2272092104863452,0.2484112140006829,0.4780673775023543,0.4656073061222409,1808587380.0,1812000000.0,97.67,[],{},0.0221182956691311,11.04893868524628,15.75224589473684,0.0634830110374369,0.0639909900685983,,0.08467603702434,0.95,19,20,0.5362700228832952,5.0,22.0,0.496259090909091,0.496259090909091,0.2272727272727272,0.0,0.8742,0.2272727272727272,22.0,3,5,"cheapness,dividend,garp",0.5316016666666668,False,0.56665,0.5571,hold,2,6,stable,0.3116,persistent,insufficient_data,0.0,
TSN,Tyson Foods,Consumer Defensive,20342515712.0,45.48819,12.892643,1.1240175,3.53,1.83,44.41,0.02619,0.0129303289868514,0.00813,0.044,36.022,1029000000.0,28028516352.0,2710000128.0,1441000000.0,54441000000.0,8082999808.0,500000000.0,51.396,36658000000.0,9916000000.0,,6389000000.0,474000000.0,,0.0654286291581712,,353009005.0,0.0215633423180593,0.0680372920144816,1.5520425731726404,2.0369751410068937,0.240875115936494,0.2638005390835579,1.4851055704075509,1.436900269541779,355829698.0,449000000.0,57.77,[],{},0.050583714156504,10.34262547163983,19.45074000832755,0.0514119256939255,0.0219837280841466,,0.0476064620568898,0.95,19,20,0.5055359962618027,7.0,22.0,0.5436909090909091,0.5436909090909091,0.3181818181818182,0.0,1.0,0.3181818181818182,22.0,4,5,"cheapness,dividend,garp,risk",0.6715916666666667,True,0.83335,0.5563,hold,2,6,stable,0.4035,persistent,neutral,0.5,45.47878668416192
FE,FirstEnergy Corp.,Utilities,28071264256.0,26.374998,16.456593,2.2184129,3.83,0.522,198.922,0.094610006,0.0182455638236977,0.06944,0.116,0.129,-1835124992.0,57531265024.0,5169999872.0,2833000000.0,15090000000.0,28060000256.0,52000000.0,21.876,55904000000.0,2979000000.0,,5271000000.0,1020000000.0,,0.6530815109343936,,577851052.0,0.0187917915609868,0.6751781472684085,0.5651678998292544,0.5555333199919952,0.4750286204922724,0.4615901929136884,0.2699270177447052,0.2588578894781339,576612245.0,1032000000.0,48.53,[],{},-0.0653737920481353,11.12790453546843,20.30754148393929,0.049242789965042,0.0379146948181759,,0.0559516520846088,0.95,19,20,0.4885304659498208,3.0,22.0,0.3504681818181818,0.3504681818181818,0.1363636363636363,0.0,0.9334,0.1363636363636363,22.0,2,5,"dividend,garp",0.4160433333333334,False,0.36665,0.5514,hold,2,6,stable,0.1976,persistent,insufficient_data,0.0,
GL,Globe Life Inc.,Financial Services,14345645056.0,12.786159,11.121833,2.365049,0.71,0.663,53.588,0.20455,0.0376857794255878,0.19383,0.054,0.126,1317225088.0,17167230976.0,1638151936.0,1577196000.0,5994318000.0,3260583936.0,438999008.0,78.121,30813692000.0,,,,1161238000.0,,,,79093101.0,0.03682608799278,,,,0.085203973610173,0.0942232406656156,0.1945342349758023,0.1987217303400333,83977567.0,141221000.0,184.76,[],{},0.0918205547995959,10.479632931923598,10.884652875102397,0.0918724750779516,0.0782095702079099,,,0.9,18,20,0.5803688005699685,8.0,22.0,0.5444181818181818,0.5444181818181818,0.3636363636363636,0.0,1.0,0.3636363636363636,22.0,4,5,"cheapness,quality,dividend,garp",0.5860583333333332,False,0.73335,0.5512,hold,2,6,stable,0.4074,persistent,wait,0.25,78.88826947305692
YUM,"Yum! Brands, Inc.",Consumer Cyclical,40769888256.0,23.858065,19.816784,-5.5937076,2.03,0.651,,,0.1901915334878614,0.20481001,0.152,0.722,1261500032.0,53224886272.0,2992999936.0,2530000000.0,8214000000.0,13144000512.0,689000000.0,-26.444,8197000000.0,2040000000.0,,1516000000.0,1559000000.0,,0.4616508400292184,,276569492.0,0.2209008473316485,0.4747648695191416,1.345646437994723,1.4743892828999212,1.609003293888008,1.8263713393786236,1.0020739294863974,1.1221941430057976,279071854.0,501000000.0,147.92,[],{},0.0309419546131414,17.783123090584656,21.03750445533597,0.0475341551144085,0.0419145475544642,,0.3786858254752283,0.85,17,20,0.567484923694074,4.0,22.0,0.5327363636363637,0.5327363636363637,0.1818181818181818,0.0,1.0,0.1818181818181818,22.0,3,5,"cheapness,dividend,garp",0.6018966666666666,False,0.53335,0.5508,hold,2,6,stable,0.2852,persistent,insufficient_data,0.0,
ADSK,"Autodesk, Inc.",Technology,46103564288.0,31.829447,15.312287,14.446871,,0.835,85.419,0.50396,0.0901580171653164,0.19488001,0.184,2.314,3060999936.0,45871849472.0,2139000064.0,1794000000.0,7206000000.0,2724000000.0,2924000000.0,15.114,12467000000.0,4942000000.0,,5808000000.0,1124000000.0,,0.9097973910630032,,212000000.0,0.1026493122865318,0.9057250040776382,0.8508953168044077,0.6759852455833819,0.2192989492259565,0.2362226530047078,0.5780059356701692,0.5659558755654021,214000000.0,,218.35,[],{},0.0663939975850571,21.445464282136648,25.569592793756968,0.0391089528904878,0.0314174481259445,,0.2694098212944886,0.9,18,20,0.5790962445316089,4.0,22.0,0.3787681818181818,0.3787681818181818,0.1818181818181818,0.0,0.8624,0.1818181818181818,22.0,3,5,"cheapness,quality,garp",0.4279716666666666,False,0.63335,0.5507,hold,2,6,stable,0.305,persistent,neutral,0.5,57.663143992841555
FTV,Fortive Corporation,Technology,18834313216.0,36.128654,19.178057,3.1037426,0.39,0.708,58.806,0.06814,0.0493452720720413,0.12837,0.077,-0.124,953612480.0,22068613120.0,1190200064.0,720200000.0,4159100000.0,3582099968.0,356100000.0,19.905,11737700000.0,1605700000.0,,2246600000.0,579200000.0,,0.6350171912192542,,313400000.0,0.0489477612378864,0.6417947021490358,0.714724472536277,1.1581040028591851,0.281707659933377,0.2178701347547322,0.3543368803087487,0.2398258120250821,341200000.0,120500000.0,61.78,[],{},0.0506316566504741,18.54193575308025,30.642339794501527,0.032634583609031,0.027678861216363,,0.0758816154081191,0.95,19,20,0.5232468265473743,1.0,22.0,0.3171045454545454,0.3171045454545454,0.0454545454545454,0.0,0.8,0.0454545454545454,22.0,1,5,cheapness,0.34851,False,0.73335,0.5497,hold,2,6,stable,0.1019,persistent,neutral,0.625,52.288697006273395
IEX,IDEX Corporation,Industrials,16648946688.0,33.225998,24.317497,4.126885,1.3,3.393,46.915,0.12748,0.0697560271401761,0.14382,0.089,0.278,525024992.0,17960646656.0,951600000.0,720000000.0,3457500000.0,1899299968.0,586200000.0,54.506,6927000000.0,1643200000.0,,575400000.0,483200000.0,,0.4450614605929139,,74600000.0,0.0748669443909092,0.4421194322075379,2.8557525199860967,2.529299666507861,0.2668687743611953,0.2944717062250752,0.4991338241663057,0.4846040947029784,75900000.0,64400000.0,224.94,[],{},0.0315350275208953,18.87415579655317,24.94534257777778,0.0400876434902456,0.0300969138684713,,0.1133572643113546,0.95,19,20,0.5197589465904728,4.0,22.0,0.47445,0.47445,0.1818181818181818,0.0,1.0,0.1818181818181818,22.0,4,5,"quality,dividend,garp,risk",0.5468716666666666,True,0.83335,0.5491,hold,2,6,stable,0.4062,persistent,insufficient_data,0.0,
DGX,Quest Diagnostics Incorporated,Healthcare,23321524224.0,23.25386,18.053854,3.174804,1.63,1.179,82.737,0.14538999,0.0611402157164869,0.0908,0.092,0.155,947875008.0,29715523584.0,2225999872.0,1556000000.0,11035000000.0,6408000000.0,393000000.0,66.36,16225000000.0,2378000000.0,,2278000000.0,992000000.0,,0.3321250566379701,,110242362.0,0.0539218720980622,0.3286061588330632,1.0438981562774363,1.1028123559243892,0.4058551617873652,0.4387420293443942,0.6801232665639445,0.6111558224478425,110615181.0,277000000.0,210.68,[],{},0.040643784638422,13.349292584325898,19.09738019537275,0.052363203212674,0.043003613163578,,0.1115652111565211,0.95,19,20,0.5424742364385541,3.0,22.0,0.4517909090909091,0.4517909090909091,0.1363636363636363,0.0,1.0,0.1363636363636363,22.0,3,5,"cheapness,dividend,garp",0.5227466666666667,False,0.63335,0.5489,hold,2,6,stable,0.311,persistent,neutral,0.5,58.946659874267205
ITW,Illinois Tool Works Inc.,Industrials,79419580416.0,25.631382,22.65665,24.59681,2.33,1.188,283.22,0.96848,0.1898687143918751,0.19320999,0.046,0.118,2215749888.0,87741587456.0,4728000000.0,4216000000.0,16044000000.0,9148000256.0,827000000.0,11.223,16148000000.0,6200000000.0,,5126000000.0,3066000000.0,,0.4409748192470705,,288600000.0,0.2314993031127629,0.4428229966033463,1.2095200936402652,1.3593314763231197,0.5704111964329948,0.536138581004845,0.9935595739410452,1.055153647043207,294000000.0,292000000.0,276.05,[],{},0.0278992897770788,18.55786536717428,20.8115719772296,0.0480501905907983,0.0390146734967314,,0.3825077118490292,0.95,19,20,0.5746202634155158,4.0,22.0,0.4234727272727273,0.4234727272727273,0.1818181818181818,0.0,0.8953,0.1818181818181818,22.0,4,5,"cheapness,quality,dividend,garp",0.5031966666666666,False,0.63335,0.5466,hold,2,6,stable,0.4261,persistent,insufficient_data,0.0,
NSC,Norfolk Southern,Industrials,76397896202.6478,28.65712,24.564669,4.8340845,1.59,0.907,111.586,0.17615,0.0635113626315324,0.21912001,0.002,-0.266,1298749952.0,92691898368.0,5586999808.0,4571000000.0,12180000000.0,17635000320.0,1340999936.0,70.367,45236000000.0,3198000000.0,,3775000000.0,2873000000.0,,0.3634646962233169,,224420699.0,0.0600247241426674,0.3747422255217355,0.8471523178807947,0.8992947813822285,0.3825492970200725,0.4001190421683989,0.2692545760014148,0.2775285014422416,226320894.0,792000000.0,340.16,[],{},0.0169998130387651,16.590639261393008,20.27825385429884,0.0493139107136686,0.0348953418906017,,0.1102481850413641,0.95,19,20,0.5139431263657697,2.0,22.0,0.3531863636363636,0.3531863636363636,0.0909090909090909,0.0,0.7836,0.0909090909090909,22.0,2,5,"cheapness,garp",0.4061733333333334,False,0.46665,0.5423,hold,2,6,stable,0.2007,persistent,insufficient_data,0.0,
NDSN,Nordson Corporation,Industrials,16101372928.0,30.873934,23.26735,5.0281878,1.14,2.597,61.637,0.1714,0.0818688942509743,0.18188,0.085,0.061,574589504.0,17971982336.0,911212992.0,724270000.0,2791687000.0,1973748992.0,103139000.0,57.472,5917681000.0,1242851000.0,,758260000.0,484474000.0,,0.5515604005749928,,57197000.0,0.0778681298977531,0.5524805375325149,1.639082900324427,2.412653720029443,0.3535773557243116,0.3866629139375227,0.4717535467018245,0.4482479987388697,57197000.0,104156000.0,288.98,[],{},0.0356857459652275,19.72314101509211,24.813926209838872,0.0402999505819233,0.0323897822674622,,0.140378154835591,0.95,19,20,0.5322535109486228,5.0,22.0,0.4452,0.4452,0.2272727272727272,0.0,1.0,0.2272727272727272,22.0,5,5,"cheapness,quality,dividend,garp,risk",0.5226016666666666,True,0.83335,0.542,hold,2,6,stable,0.5103,persistent,insufficient_data,0.0,
INCY,Incyte Corporation,Healthcare,23424458752.0,16.560734,13.439259,4.1694818,,3.682,0.701,0.30823,0.1849173602714468,0.26707,0.209,0.838,558867008.0,19448061952.0,1548935040.0,1342790000.0,5141242000.0,39430000.0,4015824896.0,28.121,6957973000.0,5023902000.0,,1515170000.0,1286650000.0,,0.9276244922919404,,198460009.0,0.0059906449324635,0.9264126310915004,3.31573486803461,1.9727964907814188,0.0058080133395171,0.0079980574256996,0.7388993892330424,0.7790165607397946,193434305.0,2428000.0,117.25,[],{},0.0238582677156749,12.555763443765851,14.483323492132053,0.0690449260864222,0.0603837969983697,,0.2467092782891462,0.9,18,20,0.5592000149328165,6.0,22.0,0.5100363636363636,0.5100363636363636,0.2727272727272727,0.0,1.0,0.2727272727272727,22.0,4,5,"cheapness,quality,garp,risk",0.5324,True,0.66665,0.538,hold,2,1,deteriorating,0.2469,new,wait,0.25,63.995591890273516
MOS,The Mosaic Company,Basic Materials,7033946112.0,158.07143,11.81054,0.5959016,3.98,1.246,48.19,0.0059399996,0.0220873280746402,0.0036199999,0.144,,-289787488.0,12668446720.0,1993100032.0,1078700000.0,12052400000.0,5762500096.0,281800000.0,37.137,24480100000.0,5237500000.0,,3982800000.0,540700000.0,,0.1578025953337094,,317408647.0,0.0076295585412667,0.1359280037400654,1.3150296273978106,1.07839282717618,0.2156649686888534,0.1941109753969638,0.4923345901364782,0.4852032804048159,316932047.0,241500000.0,22.13,[],{},-0.0411984231021643,6.356151982641682,11.744179771947715,0.0851485603437893,0.0063262538967351,,0.0526264434828001,0.95,19,20,0.4622058823529412,6.0,22.0,0.449590909090909,0.449590909090909,0.2727272727272727,0.0,1.0,0.2727272727272727,22.0,3,5,"cheapness,dividend,risk",0.4221316666666667,True,0.66665,0.5372,hold,2,6,stable,0.2848,persistent,neutral,0.625,51.12864954018078
AMCR,Amcor plc,Consumer Cyclical,20315469824.0,35.435482,10.280358,1.7428899,5.92,1.443,143.74,0.08737001,0.0137862191766038,0.030550001,0.774,-0.117,149500000.0,35493683200.0,3200999936.0,1316000000.0,15009000000.0,16762999808.0,1587000064.0,25.211,37066000000.0,8434000000.0,,6987000000.0,511000000.0,,0.1888200413085482,,460971988.0,0.0441781650931977,0.1988269794721407,1.207098897953342,1.1652194320582023,0.4048993686936815,0.4349431130476882,0.4049263475961798,0.8254659888646817,289068642.0,396000000.0,43.94,[],{},0.0073589240758481,11.088311124539803,26.970883890577507,0.037077019947031,0.0282203018996609,,0.0437514545031417,0.95,19,20,0.4726351880446076,2.0,22.0,0.3179636363636364,0.3179636363636364,0.0909090909090909,0.0,0.9802,0.0909090909090909,22.0,2,5,"dividend,garp",0.4098383333333333,False,0.46665,0.5365,hold,2,9,stable,0.1917,persistent,wait,0.25,58.58707892033351
ABBV,AbbVie Inc.,Healthcare,449631125504.0,124.75001,15.63166,-67.55774,2.72,0.796,,,0.0315467303672738,0.05786,0.124,-0.462,20811624448.0,513196097536.0,29915000832.0,20091000000.0,61160000000.0,72912003072.0,9390999552.0,-3.767,133960000000.0,29062000000.0,,43289000000.0,4226000000.0,,0.7023544800523218,,1767876035.0,0.0316511419714266,0.6999325451769801,0.6713483794959458,0.6601976825208392,0.5038518960883845,0.4967705181228313,0.4565541952821738,0.4167918260444951,1765256986.0,2893000000.0,254.49,[],{},0.0462859959364954,17.155142345409377,25.543581580608237,0.0391487778189713,0.0080160314215606,,0.2215813214809586,0.85,17,20,0.5298633170077316,2.0,22.0,0.396590909090909,0.396590909090909,0.0909090909090909,0.0,0.6889,0.0909090909090909,22.0,2,5,"cheapness,garp",0.4219699999999999,False,0.63335,0.5355,hold,2,9,stable,0.1811,persistent,insufficient_data,0.0,
BALL,Ball Corporation,Consumer Cyclical,16696318976.0,18.282799,13.880496,2.980655,1.28,1.119,145.542,0.16785999,0.0467117393976644,0.06863,0.163,0.219,403500000.0,24160319488.0,2052999936.0,1390000000.0,13161000000.0,8177999872.0,733000000.0,21.039,19524000000.0,6113000000.0,,5487000000.0,912000000.0,,0.1958817719018311,,265374186.0,0.2273655547991831,0.2069520983467571,1.1140878439948971,0.9987621208995254,0.3591477156320426,0.3218175629680054,0.6740934234787953,0.6691059677785341,289377890.0,314000000.0,62.71,[],{},0.0241670035521008,11.768300166181788,17.38152481151079,0.0575323517841056,0.0546962202012941,,0.0990240079789128,0.95,19,20,0.5135753685294432,5.0,22.0,0.4392090909090909,0.4392090909090909,0.2272727272727272,0.0,1.0,0.2272727272727272,22.0,3,5,"cheapness,dividend,garp",0.506865,False,0.56665,0.5281,hold,2,6,stable,0.2969,persistent,insufficient_data,0.0,
LUV,Southwest Airlines Co.,Industrials,23500240896.0,32.053333,9.855772,3.4181716,1.5,0.478,93.033,0.10062,0.0151749767729947,0.02829,0.128,,-372375008.0,26568239104.0,2212999936.0,428000000.0,28063000000.0,6396000256.0,3328000000.0,14.066,29061000000.0,5645000000.0,,10921000000.0,441000000.0,,0.1744289634037701,,515581396.0,0.0137777777777777,0.1622457519193683,0.5168940573207582,0.918377321603128,0.2058084718351054,0.2387555555555555,0.965658442586284,0.8143111111111111,593313675.0,113000000.0,48.08,[],{},-0.0158455825898951,12.005530895776763,62.0753250093458,0.0161094605602055,0.0311980036522254,,0.0235942668136714,0.95,19,20,0.4677341850103998,0.0,22.0,0.2205681818181818,0.2205681818181818,0.0,0.0,0.6667,0.0,22.0,0,5,,0.24219,False,0.46665,0.5278,hold,2,6,stable,0.0,persistent,insufficient_data,0.0,
MMM,3M Company,Industrials,83367313408.0,30.797688,16.84514,25.549871,1.95,1.594,396.497,0.71458,0.0861315029284711,0.11137,0.013,-0.397,2322374912.0,90724311040.0,6240000000.0,4791000000.0,24948000000.0,13127999488.0,5818999808.0,6.256,37733000000.0,16387000000.0,,9595000000.0,3250000000.0,,0.3991101491101491,,530279131.0,0.1046704123607906,0.4121261444557477,1.7078686816050026,1.4111584932480454,0.3339782153552593,0.3271796929868566,0.6611719184798452,0.6164091501956457,539470303.0,946000000.0,159.84,[],{},0.0278571398916777,14.53915241025641,18.936403890628263,0.052808337093766,0.0324699698237088,,0.1702679650294974,0.95,19,20,0.5410991260342869,2.0,22.0,0.4015818181818182,0.4015818181818182,0.0909090909090909,0.0,0.8017,0.0909090909090909,22.0,2,5,"cheapness,garp",0.4858266666666666,False,0.73335,0.5273,hold,2,6,stable,0.203,persistent,insufficient_data,0.0,
PCAR,PACCAR Inc,Industrials,66417319936.0,26.908314,18.414566,3.3615682,1.11,5.558,76.163,0.13108,0.0535860087242479,0.08913,-0.089,0.197,1481787520.0,72869224448.0,3216600064.0,2961700000.0,28444800000.0,15047300096.0,8595399680.0,37.542,44336200000.0,34342600000.0,,11155100000.0,2375800000.0,,0.1665506524918438,,525400000.0,0.0958568733892383,0.1993120206274989,3.0786456419037034,2.6372762177915527,0.3526756916470063,0.3660848155987369,0.6415705450624997,0.7753259525229796,524400000.0,,126.2,[],{},0.0223102576470694,22.65411397069474,24.603850642536383,0.0406440444842869,0.0371632351250249,,0.0892586442281901,0.95,19,20,0.5139050382991524,3.0,22.0,0.3930181818181818,0.3930181818181818,0.1363636363636363,0.0,1.0,0.1363636363636363,22.0,3,5,"dividend,garp,risk",0.471545,True,0.83335,0.5269,hold,2,6,stable,0.2966,persistent,insufficient_data,0.0,
EXR,Extra Space Storage Inc.,Real Estate,32698011648.0,33.36937,31.174646,2.3469777,4.37,0.689,98.092,0.0683,0.0332831283821792,0.27142,0.038,-0.106,1340995200.0,45980139520.0,2284812032.0,1489001000.0,3377542000.0,13941396480.0,141698000.0,63.128,29264046000.0,1894482000.0,,1655284000.0,973999000.0,,0.7077694370639951,,211155322.0,0.029627121201018,0.7219897927539729,1.1445057162396302,0.9314158572695502,0.4781210704767208,0.4516047704781272,0.1154160979654009,0.1128990000875626,211995510.0,635132000.0,148.16,[],{},0.0410115212642302,20.12425480784583,30.87985805247948,0.0323835685481625,0.0299676020254502,,0.053932190077918,0.95,19,20,0.5088115366279994,2.0,22.0,0.3810863636363635,0.3810863636363635,0.0909090909090909,0.0,0.9217,0.0909090909090909,22.0,2,5,"dividend,garp",0.4747266666666666,False,0.53335,0.5265,hold,2,6,stable,0.1967,persistent,accumulate,0.75,54.74562360361483
SO,Southern Company,Utilities,107431798079.64992,24.373402,19.388914,,3.19,0.65,190.431,0.109910004,0.0278769586437194,0.14458999,0.08,-0.008,-3950000128.0,185245794304.0,13973999616.0,7285000000.0,29553000000.0,76004999168.0,981000000.0,,155720000000.0,10917000000.0,,16888000000.0,4341000000.0,,0.4846885256995906,,1119237015.0,0.0303140928502548,0.5000374195479719,0.646435338702037,0.6686675420496467,0.4756935525301823,0.4565160490425679,0.1897829437451836,0.1840749414519906,1099000000.0,3238000000.0,95.3,[],{},-0.0367675138888718,13.256461957526936,25.42838631489362,0.0393261289810707,0.041028330800928,,0.0524734931427912,0.85,17,20,0.5403225806451613,3.0,22.0,0.3471454545454545,0.3471454545454545,0.1363636363636363,0.0,0.9234,0.1363636363636363,22.0,2,5,"dividend,garp",0.424585,False,0.26665,0.5262,hold,2,6,stable,0.1813,persistent,insufficient_data,0.0,
CRL,Charles River Laboratories,Healthcare,10806430519.492493,,18.196108,,,1.361,102.551,-0.0587,-0.0202283761212721,-0.04585,0.012,,510023744.0,13726851072.0,889624000.0,401136000.0,4015382000.0,3064531968.0,191830000.0,,7135422000.0,1447049000.0,,1120315000.0,-144338000.0,,0.3295514598611041,,49217000.0,0.0013677640968898,0.3288455845188715,1.2916447606253598,1.4113968298995776,0.360232092790027,0.3618317173296388,0.5627392465365048,0.5379653828298252,51141000.0,107029000.0,224.35,[],{},0.0471963191805125,15.429946889922034,34.2199430417614,0.0292227254376086,,,0.0666880905027957,0.75,15,20,0.4192354255913578,0.0,22.0,0.200290909090909,0.200290909090909,0.0,0.0,1.0,0.0,22.0,0,5,,0.2032533333333333,False,0.65,0.5256,hold,2,1,improving,0.0,new,insufficient_data,0.0,
FRT,Federal Realty Investment Trust,Real Estate,10953456640.0,21.840553,40.58798,3.4545903,3.59,0.659,138.432,0.14783,0.0450225946995003,0.38574,0.103,1.525,448925248.0,16113064960.0,836086016.0,459513000.0,1278975000.0,4934187008.0,120918000.0,36.479,9130460000.0,366261000.0,,351018000.0,411077000.0,,0.6724853886901621,,86266009.0,0.0346294914916636,0.6741666195407384,1.0434251234979404,1.1618805582686476,0.5507178170650767,0.5350594744225554,0.1400778274040957,0.1410541086391084,85666220.0,183614000.0,126.02,[],{},0.0409848016707902,19.27201825128959,35.065525806669235,0.0285180380728757,0.0457863864527606,,0.0523396589441561,0.95,19,20,0.557026749298162,4.0,22.0,0.450490909090909,0.450490909090909,0.1818181818181818,0.0,1.0,0.1818181818181818,22.0,2,5,"dividend,garp",0.5967483333333333,False,0.43335,0.5247,hold,2,6,stable,0.2055,persistent,neutral,0.5,65.87515027860127
SLB,SLB N.V.,Energy,70252765184.0,20.700441,14.249455,2.6837626,2.51,1.341,42.515,0.14066,0.0614930378362615,0.09263,0.027,-0.138,3043124992.0,79605760000.0,7510000128.0,5458000000.0,35708000000.0,11628999680.0,3452000000.0,17.509,54868000000.0,19513000000.0,,14721000000.0,3374000000.0,,0.1822280721406967,,1495331485.0,0.0911617451721671,0.2055719363994599,1.3255213640377692,1.4495355553820934,0.2120726106291463,0.2467354654133033,0.6507982795071808,0.7415755594155512,1400850420.0,558000000.0,46.99,[],{},0.0433168001861522,10.599967861944622,14.58515207035544,0.0685628778621044,0.04830814957034,,0.1359503823448825,0.95,19,20,0.501904761904762,7.0,22.0,0.5291863636363637,0.5291863636363637,0.3181818181818182,0.0,1.0,0.3181818181818182,22.0,5,5,"cheapness,quality,dividend,garp,risk",0.6025250000000001,True,0.83335,0.5233,hold,2,6,stable,0.487,persistent,insufficient_data,0.0,
NWSA,News Corporation,Communication Services,15411511296.0,35.987343,22.01862,1.8223191,0.7,1.702,31.559,0.06524,0.076109391124871,0.1292,0.088,-0.104,1744000000.0,17012911104.0,1252000000.0,956000000.0,8452000000.0,2928999936.0,2176999936.0,15.601,15504000000.0,4811000000.0,,2608000000.0,1180000000.0,,,,565385686.0,0.0159434188444018,,1.8447085889570551,1.4310965630114567,0.1896284829721362,0.1859865739630784,0.5451496388028896,0.494605610165428,569093921.0,,28.43,[],{},0.1131621660266796,13.588587143769969,17.795932117154813,0.0561926171338913,0.0277875474163235,,0.0741315136476426,0.95,19,20,0.5028151220442411,4.0,22.0,0.4485545454545455,0.4485545454545455,0.1818181818181818,0.0,1.0,0.1818181818181818,22.0,3,5,"cheapness,garp,risk",0.4643983333333333,True,0.83335,0.5226,hold,2,6,stable,0.2922,persistent,insufficient_data,0.0,
IQV,IQVIA Holdings Inc.,Healthcare,34424791040.0,25.654228,14.5567,5.533616,,0.747,253.536,0.22490999,0.0454181138124499,0.08327,0.084,0.15,2276750080.0,48546795520.0,3000999936.0,2287000000.0,16310000000.0,16097000448.0,2103000064.0,37.274,29944000000.0,6249000000.0,,8338000000.0,1360000000.0,,0.3329245861434702,,169600000.0,0.0510427896947841,0.3489126906848426,0.7494603022307508,0.8378611470461406,0.5326275714667379,0.5262649169114093,0.5446834090301896,0.5726978698092866,176100000.0,729000000.0,206.26,[],{},0.0661369324611011,16.176873227364172,21.22728269348492,0.0471091855909998,0.0389799295461161,,0.1058502267888549,0.9,18,20,0.550664254692171,2.0,22.0,0.2896727272727273,0.2896727272727273,0.0909090909090909,0.0,0.6667,0.0909090909090909,22.0,1,5,cheapness,0.2752866666666667,False,0.53335,0.5216,hold,2,6,stable,0.0965,persistent,insufficient_data,0.0,
RTX,RTX Corporation,Industrials,260596695040.0,36.374058,25.503117,3.9317715,1.51,1.024,57.229,0.11571,0.0393502417012023,0.080290005,0.087,0.325,7233375232.0,294467698688.0,15262999552.0,9300000000.0,88603000000.0,38934999040.0,6817999872.0,49.217,171079000000.0,60332000000.0,,58784000000.0,6732000000.0,,0.2007719828899698,,1342287676.0,0.0293133408243839,0.1908642770442666,1.0263336962438758,0.9928930658847744,0.2309225562459448,0.2633718324215128,0.5179069318852694,0.4957479077249925,1332122758.0,1835000000.0,193.51,[],{},0.0277569722474405,19.29291144147444,31.663193407311827,0.0315824113864988,0.0274921208956119,,0.0828175786989625,0.95,19,20,0.4829172560767244,3.0,22.0,0.37915,0.37915,0.1363636363636363,0.0,0.8018,0.1363636363636363,22.0,3,5,"quality,dividend,garp",0.4734983333333333,False,0.73335,0.5206,hold,2,6,stable,0.286,persistent,insufficient_data,0.0,
CVX,Chevron Corporation,Energy,373185576960.0,32.701572,15.007461,2.0168774,3.8,1.094,23.989,0.06638,0.0379584706739256,0.059270002,0.023,-0.445,11776499712.0,416287784960.0,37906001920.0,16674000000.0,184432000000.0,45427998720.0,5327000064.0,92.906,324012000000.0,38552000000.0,,33387000000.0,12299000000.0,,0.3041012405656285,,1980248122.0,0.0687364266865936,0.2943220242588437,1.1547009315002843,1.0610249494268376,0.1257916373467649,0.0955133144961041,0.5692134859202745,0.752765258544863,1769012274.0,1217000000.0,187.38,[],{},0.0315566850357195,10.982107420312186,24.96628193354924,0.0400540217667019,0.0305795696916343,,0.0573729032258064,0.95,19,20,0.4566666666666666,3.0,22.0,0.4322409090909092,0.4322409090909092,0.1363636363636363,0.0,1.0,0.1363636363636363,22.0,3,5,"dividend,garp,risk",0.5362066666666666,True,0.83335,0.5162,hold,2,6,stable,0.2773,persistent,neutral,0.625,63.85428649402893
ABT,Abbott Laboratories,Healthcare,175365750784.0,28.201681,16.595623,3.3539877,2.5,1.5758971871968963,64.773,,0.0752367003794125,0.116450004,0.13,-0.475,,202846683136.0,11866999808.0,8053000000.0,44328000000.0,34136000512.0,7295000064.0,30.018,86713000000.0,25996000000.0,,16496000000.0,6524000000.0,,0.5641806533116765,,1736599451.0,0.1646154224089223,0.554088200238379,1.5758971871968963,1.6709754891573074,0.1598376252695674,0.1845014370992704,0.5112036257539239,0.5152676443854866,1731697991.0,493000000.0,100.68,[],{},,17.093341739101845,25.18895854166149,0.0396999343321813,0.0354588792065267,,0.1146873264309212,0.85,17,20,0.508835459647235,2.0,22.0,0.3921181818181818,0.3921181818181818,0.0909090909090909,0.0,1.0,0.0909090909090909,22.0,2,5,"garp,risk",0.4612316666666666,True,0.66665,0.5146,hold,2,9,stable,0.174,persistent,insufficient_data,0.0,
NTAP,"NetApp, Inc.",Technology,32107358208.0,25.848581,16.657316,23.774845,1.27,1.436,202.295,1.06734,0.1187639612807148,0.18426001,0.125,0.234,1295250048.0,31256356864.0,1884000000.0,1695000000.0,6925000000.0,2732999936.0,3584000000.0,6.893,10744000000.0,5776000000.0,,4021000000.0,1276000000.0,,0.7074368231046931,,196000000.0,0.1095814469185992,0.7019172245891662,1.4364585923899529,1.255040755040755,0.2543745346239762,0.3225538205673103,0.6445457930007445,0.6072253534140257,201000000.0,109000000.0,163.88,[],{},0.0403412214611063,16.590422963906583,18.44032853333333,0.0542289687622629,0.0386868431965375,,0.252119589468987,0.95,19,20,0.5483867863506247,5.0,22.0,0.4572909090909091,0.4572909090909091,0.2272727272727272,0.0,0.8281,0.2272727272727272,22.0,4,5,"cheapness,quality,dividend,garp",0.531275,False,0.73335,0.5136,hold,2,6,stable,0.4036,persistent,insufficient_data,0.0,
VLTO,Veralto Corporation,Industrials,23039666176.0,24.177834,20.085857,7.667348,0.55,1.484,95.542,0.36463,0.1221890029897309,0.17325,0.068,0.133,768249984.0,24481667072.0,1378000000.0,1277000000.0,5503000000.0,2872000000.0,1431000064.0,12.235,7693000000.0,3432000000.0,,2056000000.0,940000000.0,,0.599491186625477,,248400000.0,0.1300343428036216,0.5979202772963604,1.6692607003891051,1.917269076305221,0.3742363187313142,0.4319388073680924,0.7153256206941375,0.8106462691226974,247400000.0,96000000.0,93.81,[],{},0.0333446664605007,17.766086409288825,19.17123498198904,0.0521614805170078,0.0413601979399808,,0.2265389391520312,0.95,19,20,0.5540525077146596,5.0,22.0,0.4613318181818183,0.4613318181818183,0.2272727272727272,0.0,1.0,0.2272727272727272,22.0,4,5,"cheapness,quality,dividend,garp",0.521385,False,0.73335,0.5135,hold,2,6,stable,0.4057,persistent,insufficient_data,0.0,
AEE,Ameren,Utilities,30871644160.0,20.06295,19.21434,2.2769024,2.69,0.622,155.674,0.117469996,0.0300354814753692,0.17834999,0.037,0.196,-1869374976.0,52291641344.0,3827000064.0,2026000000.0,8799000000.0,21304000512.0,13000000.0,48.992,48476000000.0,2571000000.0,,3907000000.0,1456000000.0,,0.4740311399022616,,276400000.0,0.0265034306471142,0.4792076610258428,0.6580496544663424,0.663346029885731,0.4090684049839095,0.4197946096237499,0.1815125010314382,0.1709269473967442,269900000.0,776000000.0,111.55,[],{},-0.0605531395189546,13.663872607659304,25.810286941757155,0.0387442418697852,0.0498431187836285,,0.0454576050618142,0.95,19,20,0.5517921146953405,4.0,22.0,0.3881590909090909,0.3881590909090909,0.1818181818181818,0.0,1.0,0.1818181818181818,22.0,3,5,"cheapness,dividend,garp",0.4673716666666666,False,0.36665,0.5115,hold,2,9,stable,0.303,persistent,insufficient_data,0.0,
JPM,JPMorgan Chase,Financial Services,906712055808.0,14.620661,13.894915,2.5645266,1.76,,,0.17789,0.0128924947456439,0.34921002,0.304,0.469,,443559018496.0,,,181847000000.0,1333832974336.0,1818026049536.0,133.007,4424900000000.0,,,,57048000000.0,,,,2696272576.0,0.0146074736422926,,,,0.1129928359962937,0.1134979042243781,0.0410962959614906,0.0423299708654961,2797620401.0,97898000000.0,341.1,[],{},,,,,0.0683963604655083,,,0.65,13,20,0.5227124703114321,6.0,22.0,0.4681954545454544,0.4681954545454544,0.2727272727272727,0.0,1.0,0.2727272727272727,22.0,4,5,"cheapness,quality,dividend,garp",0.5556983333333333,False,0.36665,0.5095,hold,2,6,stable,0.2684,persistent,insufficient_data,0.0,
RSG,Republic Services,Industrials,68396806144.0,31.84957,27.56188,5.7154975,1.12,0.671,117.578,0.18346001,0.0622417505674212,0.12991999,0.026,0.075,1808875008.0,82366799872.0,5194999808.0,3322000000.0,16591000000.0,14087000064.0,118000000.0,38.896,34366000000.0,2523000000.0,,3928000000.0,2139000000.0,,0.4195648243023326,,308000000.0,0.0630516634775631,0.4167914171656686,0.6423116089613035,0.5828488372093024,0.4017342722458243,0.3998827232886859,0.4827736716522144,0.4947842725757669,312000000.0,574000000.0,222.31,[],{},0.0264467759531295,15.855014998298918,24.794340720048165,0.0403317842281412,0.0313975981465369,,0.1091398909258164,0.95,19,20,0.4956592761880755,2.0,22.0,0.3728818181818182,0.3728818181818182,0.0909090909090909,0.0,0.7335,0.0909090909090909,22.0,2,5,"dividend,garp",0.4445199999999999,False,0.63335,0.5095,hold,2,6,stable,0.191,persistent,insufficient_data,0.0,
REG,Regency Centers,Real Estate,15138442653.076706,28.41237,32.79807,,3.65,1.036,73.218,0.08003,0.0405698422224945,0.33106998,0.1,0.172,574623104.0,20691976192.0,1050718016.0,583065000.0,1553524000.0,5245984768.0,148087008.0,,13001283000.0,411250000.0,,511847000.0,527460000.0,,0.7057277518725169,,182902234.0,0.0323103018158304,0.7021453961196887,0.8034627535181411,0.7296491159015268,0.4105843246393452,0.4049535824071751,0.1194900534047293,0.1173263860336552,180882203.0,206456000.0,82.68,[],{},0.0379578743447044,19.693177310095727,35.488283796832256,0.0281783138831092,0.0351959375441049,,0.0466846541349024,0.85,17,20,0.5125857434186132,3.0,22.0,0.4046181818181818,0.4046181818181818,0.1363636363636363,0.0,0.9257,0.1363636363636363,22.0,2,5,"dividend,garp",0.511555,False,0.63335,0.5081,hold,2,6,stable,0.1735,persistent,neutral,0.625,64.27300040994191
FFIV,"F5, Inc.",Technology,23080833024.0,33.559887,23.136318,6.3616924,,1.611,7.12,0.2034,0.1095626040827332,0.21962999,0.11,0.04,759182528.0,21897881600.0,903073984.0,791433000.0,3088072000.0,259860992.0,1442811008.0,64.306,6319492000.0,2518701000.0,,1612581000.0,692380000.0,,0.8141306290785966,,57684000.0,0.1009758767319602,0.8019803843586211,1.5619066577120777,1.416082134564224,0.0414259563901655,0.0444617534567942,0.4886582655694477,0.5017135209595432,58094000.0,,409.095,[],{},0.0328923365638746,24.24815905227096,27.668648641135764,0.0361419891867531,0.0297974781619497,,0.1681427585947556,0.9,18,20,0.5036515679698986,4.0,22.0,0.3882090909090909,0.3882090909090909,0.1818181818181818,0.0,1.0,0.1818181818181818,22.0,3,5,"cheapness,quality,risk",0.4162333333333333,True,0.83335,0.508,hold,2,6,stable,0.2731,persistent,insufficient_data,0.0,
D,"Dominion Energy, Inc.",Utilities,62480568320.0,20.955751,18.620062,2.2177823,3.76,0.777,154.901,0.09787,0.0258767273449165,0.16929,0.231,-0.102,-9948250112.0,119890509824.0,8240000000.0,4931000000.0,16506000000.0,52214001664.0,352000000.0,32.032,115857000000.0,8071000000.0,,10444000000.0,2998000000.0,,0.490185387131952,,879000000.0,0.0198603720158179,0.4788021301611453,0.7727882037533512,0.7119173215631392,0.4224259216102609,0.4076551286432651,0.142468733007069,0.1411804911389933,852000000.0,2022000000.0,71.04,[],{},-0.1592215048533028,14.549819153398058,24.313630059622795,0.0411291936887977,0.047719597355399,,0.0467779116427765,0.95,19,20,0.4975507765830347,4.0,22.0,0.3838090909090909,0.3838090909090909,0.1818181818181818,0.0,0.9427,0.1818181818181818,22.0,3,5,"cheapness,dividend,garp",0.4571333333333333,False,0.26665,0.5072,hold,2,6,stable,0.2864,persistent,insufficient_data,0.0,
WRB,W. R. Berkley Corporation,Financial Services,26658737005.739685,15.171611,14.947336,,0.56,0.385,31.76,0.20164,0.0403757603258609,0.12639,0.04,0.26,3222230528.0,27565242368.0,2580321024.0,2407435000.0,14639850000.0,3096750080.0,3445806080.0,,44071071000.0,,,,1779403000.0,,,,377155799.0,0.0432889639006501,,,,0.0644351257086536,0.0700309914880144,0.3321872981031026,0.3374919898475786,380066070.0,126892000.0,71.61,[],{},0.1208695868565058,10.68287322066171,11.450046363868598,0.0873358908969633,0.0659125784334966,,,0.8,16,20,0.5425268052032329,8.0,22.0,0.5599272727272727,0.5599272727272727,0.3636363636363636,0.0,1.0,0.3636363636363636,22.0,4,5,"cheapness,quality,dividend,garp",0.6245,False,0.73335,0.5045,hold,2,6,stable,0.335,persistent,insufficient_data,0.0,
WEC,WEC Energy Group,Utilities,36921005104.28206,22.715431,18.890282,,3.36,0.679,153.184,0.11679,0.0302552685162359,0.16239001,0.09,0.079,-2067012480.0,59631505408.0,3932499968.0,2374900000.0,9800100000.0,22317799424.0,45600000.0,,51518300000.0,3284700000.0,,5593400000.0,1558700000.0,,0.4217814103937715,,325461519.0,0.0322697790689818,0.4402260491401062,0.5872456824114135,0.6013548400421322,0.4331315280201404,0.4291728599418958,0.1902256091524759,0.1815734578744679,317680855.0,895100000.0,113.35,[],{},-0.0559847294016454,15.163765007817032,25.109059500610552,0.039826262707119,0.0440229375352816,,0.0517126874527761,0.85,17,20,0.5443548387096773,3.0,22.0,0.3749045454545454,0.3749045454545454,0.1363636363636363,0.0,1.0,0.1363636363636363,22.0,2,5,"dividend,garp",0.4646466666666667,False,0.36665,0.504,hold,2,6,stable,0.1782,persistent,insufficient_data,0.0,
NUE,Nucor,Basic Materials,53885786318.502045,23.473215,13.59102,2.51181,0.95,2.901,31.595,0.12285,0.0496809480401093,0.06824,0.213,3.821,-384100000.0,59623784448.0,4953999872.0,2659000000.0,32494000000.0,7123999744.0,2480999936.0,94.199,35104000000.0,11765000000.0,,4004000000.0,1744000000.0,,0.1193451098664368,,228335447.0,0.0597230406599882,0.1334678206546495,2.938311688311688,2.506530038175608,0.2028543755697356,0.2047731290512669,0.9256494986326343,0.9055391868002356,232800000.0,170000000.0,236.61,[],{},-0.0071280392519412,12.035483647263202,22.423386403911245,0.0445962970082687,0.0426017484183568,,0.0854983922829582,0.95,19,20,0.4986764705882353,5.0,22.0,0.5066136363636363,0.5066136363636363,0.2272727272727272,0.0,1.0,0.2272727272727272,22.0,4,5,"cheapness,dividend,garp,risk",0.6196866666666667,True,0.66665,0.5037,hold,2,6,stable,0.3809,persistent,insufficient_data,0.0,
BKR,Baker Hughes Company,Energy,55506243584.0,17.875399,19.673965,2.8730614,1.64,2.132,82.935,0.17184,0.0633056921308187,0.11171,0.025,1.325,3151249920.0,55912243200.0,4821000192.0,3557000000.0,27733000000.0,16163999744.0,15934000128.0,19.474,40881000000.0,18828000000.0,,13877000000.0,2588000000.0,,0.2359643745718097,,986773882.0,0.0776529468498292,0.2329584246649179,1.356777401455646,1.324840274035871,0.1488955749614735,0.1570002346010479,0.678383601183924,0.7254125068425306,989525809.0,222000000.0,55.95,[],{},0.056772891057401,11.597643844275542,15.718932583637898,0.0636175512986751,0.055942807206709,,0.1317212264849652,0.95,19,20,0.5342857142857143,8.0,22.0,0.5620818181818182,0.5620818181818182,0.3636363636363636,0.0,1.0,0.3636363636363636,22.0,4,5,"cheapness,quality,dividend,garp",0.6696916666666667,False,0.73335,0.5033,hold,2,6,stable,0.3943,persistent,insufficient_data,0.0,
BEN,"Franklin Resources, Inc.",Financial Services,16955760640.0,24.9084,10.522175,1.3985084,4.05,5.508,23.471,0.06704,0.0162164834112387,0.08124,0.087,0.872,-242137504.0,20306159616.0,1786899968.0,1099800000.0,8770700000.0,3430400000.0,2571500032.0,23.332,32368300000.0,5115600000.0,,1885900000.0,524900000.0,,0.8034364417891389,,520951796.0,0.0143171772243527,0.8010615711252654,2.7125510366403307,3.236587510993844,0.4108927561842914,0.4031141708635586,0.2709657288149207,0.2611467911102897,523596548.0,94900000.0,32.63,[],{},-0.0142805450690768,11.363903956374129,18.463502105837424,0.0541609058924872,0.0401470989706283,,0.0360798362333674,0.95,19,20,0.4302851015521359,5.0,22.0,0.5468999999999999,0.5468999999999999,0.2272727272727272,0.0,1.0,0.2272727272727272,22.0,3,5,"dividend,garp,risk",0.672675,True,0.66665,0.5008,hold,2,6,stable,0.2654,persistent,insufficient_data,0.0,
AEP,"American Electric Power Company, Inc.",Utilities,71898038272.0,19.518463,19.264357,2.2598464,2.88,0.526,157.099,0.12585,0.0312773021142757,0.16289,0.102,0.067,-6953449984.0,124360032256.0,9141000192.0,5385000000.0,21876000000.0,51808002048.0,516000000.0,58.473,114460000000.0,6052000000.0,,13314000000.0,3580000000.0,,0.6100749680014628,,540861473.0,0.028784027629562,0.6318138025455099,0.4545591107105303,0.4449996156507033,0.4325353835401013,0.443964764547236,0.1911235366066748,0.1913211354508236,532907715.0,2026000000.0,132.14,[],{},-0.0967126524049816,13.60464168514482,23.09378500575673,0.0433016934967881,0.0512335423132446,,0.0532398710774523,0.95,19,20,0.5359617682198328,4.0,22.0,0.4186318181818181,0.4186318181818181,0.1818181818181818,0.0,1.0,0.1818181818181818,22.0,3,5,"cheapness,dividend,garp",0.49627,False,0.36665,0.5005,hold,2,9,stable,0.2954,persistent,insufficient_data,0.0,
URI,"United Rentals, Inc.",Industrials,65478803456.0,26.73855,19.331898,7.3111544,0.75,0.802,167.473,0.28237,0.0835063282662559,0.15319,0.072,0.066,1870625024.0,80341811200.0,4546999808.0,3974000000.0,16099000000.0,15018999808.0,156000000.0,142.961,29866000000.0,3608000000.0,,3819000000.0,2494000000.0,,0.3816386110938567,,63095970.0,0.0914320207364272,0.4007820136852394,0.9447499345378372,0.9777309659945832,0.5246768901091542,0.5251216134644746,0.539041050023438,0.5448638284273692,65305731.0,716000000.0,1045.21,[],{},0.0285684057323529,17.669191685173697,20.21686240563664,0.0494636595894915,0.0373991858197247,,0.1525703535915844,0.95,19,20,0.5217558435270334,4.0,22.0,0.3858409090909091,0.3858409090909091,0.1818181818181818,0.0,0.75,0.1818181818181818,22.0,4,5,"cheapness,quality,dividend,garp",0.4378933333333333,False,0.63335,0.4994,hold,2,6,stable,0.388,persistent,insufficient_data,0.0,
UNH,UnitedHealth Group Incorporated,Healthcare,386951249920.0,32.060947,19.240608,3.9526708,2.18,0.777,69.211,0.14152999,0.038942958385689,0.03137,0.004,0.615,22759749632.0,429333544960.0,24260999168.0,18964000000.0,447567000000.0,73328001024.0,31467999232.0,107.798,309581000000.0,90582000000.0,,114897000000.0,12056000000.0,,0.1852616479767275,,905838620.0,0.0482938735005598,0.2233422771174034,0.7883756756051071,0.8266341585637329,0.2532099838168363,0.2578265913007329,1.4457185679999742,1.341962866855752,915000000.0,4002000000.0,426.09,[],{},0.0588181318362596,17.696449432564442,22.63939806791816,0.0441707856807853,0.0311905945884879,,0.0974091348030654,0.95,19,20,0.4980383190338587,4.0,22.0,0.4202681818181819,0.4202681818181819,0.1818181818181818,0.0,0.8853,0.1818181818181818,22.0,3,5,"cheapness,dividend,garp",0.528095,False,0.73335,0.4976,hold,2,1,improving,0.1773,new,neutral,0.375,58.11835749178154
MSFT,Microsoft Corporation,Technology,2925466222592.0,23.469606,20.324642,7.0606165,0.92,1.283,30.271,0.34013999,0.1645097035070912,0.39341998,0.183,0.234,37011251200.0,2972670230528.0,184457003008.0,128528000000.0,281724000000.0,125431996416.0,78227996672.0,55.777,619003000000.0,191131000000.0,,141218000000.0,101832000000.0,,0.6882374238616519,,7434158655.0,0.1720858398595759,0.6976444382797138,1.3534464445042416,1.2749549031815206,0.0978799779645656,0.1310656958819751,0.4551254194244616,0.4786015389631816,7434138859.0,2385000000.0,393.82,[],{},0.012651402677009,16.115789490513805,23.12858078028134,0.0432365482992612,0.0426082994320398,,0.2690080266228534,0.95,19,20,0.507232994843029,6.0,22.0,0.4975454545454545,0.4975454545454545,0.2727272727272727,0.0,1.0,0.2727272727272727,22.0,5,5,"cheapness,quality,dividend,garp,risk",0.5626383333333334,True,0.66665,0.496,hold,2,6,stable,0.4765,persistent,insufficient_data,0.0,
STE,STERIS plc,Healthcare,21230180352.0,27.470366,17.885057,2.9657462,1.16,2.091,28.999,0.11368,0.0728588458816078,0.13179,0.073,0.522,837287488.0,22922825728.0,1597900032.0,1105900000.0,5935900000.0,2087100032.0,439600000.0,73.452,10737200000.0,2394600000.0,,1145000000.0,782300000.0,,0.4424771306794252,,97800000.0,0.0605806756810028,0.4401135635131422,2.091353711790393,1.957346898845627,0.1943895987780799,0.2170635077068632,0.5528350035390978,0.5380514053691804,98301000.0,60700000.0,217.84,[],{},0.0394385480536496,14.34559438571937,20.72775633239895,0.048244488403066,0.0364028640899797,,0.1152915910844227,0.95,19,20,0.4879276367072977,6.0,22.0,0.5171454545454547,0.5171454545454547,0.2727272727272727,0.0,1.0,0.2727272727272727,22.0,5,5,"cheapness,quality,dividend,garp,risk",0.59763,True,0.83335,0.496,hold,2,6,stable,0.4674,persistent,insufficient_data,0.0,
GPC,Genuine Parts Company,Consumer Cyclical,17365221376.0,283.68182,14.950205,3.8383713,3.4,1.093,149.454,0.01342,0.0031711126520398,0.00243,0.068,-0.021,755362496.0,23408887808.0,2034494976.0,1214612000.0,24300141000.0,6713816064.0,500023008.0,32.519,20795540000.0,10564734000.0,,9787705000.0,65945000.0,,0.3679278239578939,,137617832.0,0.0468853306628919,0.3629144384605516,1.0793882733490638,1.1556768144059268,0.3142610867522555,0.2978179669294323,1.1685265686777069,1.2180121513034607,138779664.0,163506000.0,124.82,[],{},0.0434985814257436,11.505994403595912,19.272728910960865,0.0518867880423138,0.0035250760870048,,0.11034068007015,0.95,19,20,0.429926778900787,3.0,22.0,0.3008090909090908,0.3008090909090908,0.1363636363636363,0.0,0.7975,0.1363636363636363,22.0,3,5,"cheapness,dividend,garp",0.3579066666666667,False,0.63335,0.4951,hold,2,6,stable,0.2636,persistent,insufficient_data,0.0,
KR,Kroger,Consumer Defensive,36035912940.27489,34.39766,10.621777,6.3575444,2.45,0.791,373.449,0.13779001,0.0203391187716453,0.00708,0.022,0.132,2994500096.0,68229169152.0,8080000000.0,1890000000.0,147642000000.0,24192000000.0,2872999936.0,9.252,49953000000.0,14505000000.0,,18108000000.0,1016000000.0,,0.233009577220574,,615000000.0,0.0506499923977497,0.2270413191683149,0.8010271703114645,0.958155583437892,0.4943046463675855,0.4766991029344686,2.955618281184313,2.7961646647407634,659600000.0,639000000.0,58.82,[],{},0.0830976615179145,8.444204102970296,36.1000894984127,0.0277007623497434,0.0290717449966073,,0.059349976448422,0.95,19,20,0.4681620798556282,3.0,22.0,0.3543590909090908,0.3543590909090908,0.1363636363636363,0.0,0.8668,0.1363636363636363,22.0,3,5,"cheapness,dividend,garp",0.4434866666666666,False,0.63335,0.491,hold,2,6,stable,0.2734,persistent,insufficient_data,0.0,
OXY,Occidental Petroleum Corporation,Energy,54565658624.0,74.13513,14.229614,1.7744284,1.9,1.21,41.989,0.04053,0.0276292970327607,0.22421,-0.083,3.156,3033374976.0,76280659968.0,10826999808.0,3722000000.0,21593000000.0,16611000320.0,3811000064.0,30.917,84186000000.0,8827000000.0,,9428000000.0,2326000000.0,,0.3493261705182235,,986026416.0,0.0357656972321376,0.3765384440710295,0.9362537123462028,0.952631026152715,0.2773739101513315,0.3150564690736731,0.2564915781721426,0.2576979343437299,938457983.0,1079000000.0,54.86,[],{},0.0555912830980804,7.045410669688635,20.494535187533582,0.0487934949902294,0.0134888817217964,,0.0497873137323095,0.95,19,20,0.4457142857142858,4.0,22.0,0.5002727272727273,0.5002727272727273,0.1818181818181818,0.0,0.8534,0.1818181818181818,22.0,3,5,"cheapness,dividend,garp",0.5998316666666667,False,0.73335,0.491,hold,2,6,stable,0.267,persistent,neutral,0.625,56.36394423140087
CVS,CVS Health Corporation,Healthcare,137123905536.0,47.135967,12.77598,1.7662914,2.48,0.866,100.912,0.037520003,0.0069733136650127,0.00723,0.061,0.631,5201625088.0,203847909376.0,15411999744.0,10385000000.0,402067000000.0,78345003008.0,11802000384.0,60.845,253538000000.0,74714000000.0,,88692000000.0,1768000000.0,,0.1376934689989479,,1271000000.0,0.0182216693323855,0.1378748903594065,0.8423984124836513,0.811320308714203,0.3153373458810908,0.3274687518511937,1.585825398954003,1.4723021937878875,1260000000.0,3119000000.0,107.47,[],{},0.0379337582872038,13.22657103309124,19.62907167799711,0.0509448442801772,0.0212152219132366,,0.0629981922521626,0.95,19,20,0.4371015565859455,3.0,22.0,0.3631,0.3631,0.1363636363636363,0.0,0.8485,0.1363636363636363,22.0,2,5,"dividend,garp",0.4476483333333333,False,0.53335,0.4905,hold,2,6,stable,0.1762,persistent,neutral,0.375,68.2462189757653
ALGN,"Align Technology, Inc.",Healthcare,12659219456.0,29.707563,14.291778,3.0507948,,1.393,2.797,0.10824,0.0658279129241687,0.10496,0.062,0.239,532954624.0,11715430400.0,880812992.0,585311000.0,4034964000.0,116044000.0,1059833984.0,57.939,6233693000.0,2616562000.0,,1920015000.0,410351000.0,,0.6718803439138491,,71364000.0,0.0678019502461944,0.6999626407722708,1.3627820615984771,1.2229676054340792,0.0183592615164076,0.0191930293180574,0.6472830792276745,0.6434866282624787,73849000.0,,176.76,[],{},0.0421001172981008,13.300701177668367,20.01573590791904,0.0499606911582181,0.0336614618977665,,0.1356872256111837,0.9,18,20,0.4684010808437528,2.0,22.0,0.3570090909090908,0.3570090909090908,0.0909090909090909,0.0,1.0,0.0909090909090909,22.0,2,5,"cheapness,risk",0.36109,True,0.83335,0.4891,hold,2,9,stable,0.1724,persistent,neutral,0.5,49.76952117191048
FCX,Freeport-McMoRan,Basic Materials,83924746240.0,30.88889,14.498585,4.301186,1.03,2.386,33.008,0.15630999,0.03789090033868,0.10344,0.088,1.531,1709874944.0,102594748416.0,9783000064.0,6502000000.0,25915000000.0,10401000448.0,3736999936.0,13.573,58167000000.0,13790000000.0,,6019000000.0,2204000000.0,,0.2815743777734902,,1433000000.0,0.0344406359393232,0.3009231978000393,2.291078252201362,2.4192139737991267,0.1803771898155311,0.1775452158693115,0.4455275327935084,0.4641007876312719,1436927710.0,369000000.0,58.38,[],{},0.020373906631904,10.487043621059922,15.778952386342665,0.0633755635681834,0.0323740995548885,,0.124683592851116,0.95,19,20,0.4895588235294118,5.0,22.0,0.5003318181818182,0.5003318181818182,0.2272727272727272,0.0,1.0,0.2272727272727272,22.0,4,5,"cheapness,dividend,garp,risk",0.6029316666666666,True,0.83335,0.4871,hold,2,6,stable,0.3711,persistent,insufficient_data,0.0,
MRK,Merck & Co.,Healthcare,314902612912.5,36.01695,13.203829,6.863695,2.67,1.299,106.936,0.18944,0.1333713266991071,0.13586001,0.049,,14049250304.0,358370607104.0,29517000704.0,22107000000.0,65011000000.0,49116999680.0,5702000128.0,18.576,136866000000.0,43516000000.0,,28327000000.0,18254000000.0,,0.7480118749134762,,2474626766.0,0.1461667207487234,0.7632308939035033,1.5362022099057435,1.3646023926812103,0.3604912834451215,0.3169009273649514,0.4749974427542268,0.5479480129113794,2527637335.0,1357000000.0,127.5,[],{},0.0446145879008751,12.1411592830106,16.210729954494052,0.0616875367615863,0.0277647052290657,,0.203677940648062,0.95,19,20,0.4723628860649378,2.0,22.0,0.3941181818181818,0.3941181818181818,0.0909090909090909,0.0,0.8,0.0909090909090909,22.0,2,5,"cheapness,quality",0.4236616666666666,False,0.73335,0.4859,hold,2,6,stable,0.1821,persistent,insufficient_data,0.0,
ORCL,Oracle Corporation,Technology,364120342528.0,21.682676,11.574311,9.694018,1.58,1.115,388.87,0.53376,0.065277602680328,0.25368,0.206,0.219,-24536750080.0,505160335360.0,30493999104.0,22444000000.0,67357000000.0,167431995392.0,31893999616.0,13.04,261759000000.0,46567000000.0,,41764000000.0,17087000000.0,,0.658224089552682,,2880000000.0,0.0739066648451838,0.70509939197547,1.1150033521693323,0.7529638819961401,0.5966900851546652,0.6183379761346155,0.257324485500021,0.3409281246844578,2807000000.0,4599000000.0,126.41,[],{},-0.0673863753660321,16.565893297141745,22.50758934949207,0.0444294581917351,0.0461197686115865,,0.1020205004659196,0.95,19,20,0.5000420944743388,4.0,22.0,0.3940681818181819,0.3940681818181819,0.1818181818181818,0.0,1.0,0.1818181818181818,22.0,3,5,"quality,dividend,garp",0.46496,False,0.36665,0.4837,hold,2,6,stable,0.2804,persistent,insufficient_data,0.0,
KMB,Kimberly-Clark Corporation,Consumer Defensive,35965734912.0,20.957447,14.335859,20.024025,4.73,0.766,371.264,1.11727,0.1182009591765118,0.12798999,0.027,0.179,1054625024.0,42647736320.0,3351000064.0,2351000000.0,16447000000.0,7105999872.0,542000000.0,5.411,17098000000.0,5310000000.0,,7125000000.0,2021000000.0,,0.360126466832857,,331898000.0,0.1538136105403118,0.3742338589705445,0.7452631578947368,0.7966876070816676,0.4267165750380161,0.4553366372537169,0.9619253713884665,1.0156533301099964,331799000.0,256000000.0,108.35,[],{},0.0293230494686241,12.726868249919557,18.14025364525734,0.0551260208129142,0.0477157356046278,,0.2357364885190013,0.95,19,20,0.5041868078158401,6.0,22.0,0.4808818181818181,0.4808818181818181,0.2727272727272727,0.0,1.0,0.2727272727272727,22.0,4,5,"cheapness,quality,dividend,garp",0.5704583333333334,False,0.46665,0.4831,hold,2,6,stable,0.3752,persistent,insufficient_data,0.0,
ON,ON Semiconductor Corporation,Technology,34003146752.0,64.242645,20.127441,4.688993,,4.873,44.337,0.074939996,0.0096613728731006,0.09462,0.047,,1282174976.0,35101880320.0,2047800064.0,751100000.0,5995400000.0,3245799936.0,2403599872.0,18.633,12524100000.0,5823100000.0,,1287700000.0,121000000.0,,0.3309036928311705,,396740551.0,0.1116268506295334,0.4541038928031854,4.522093655354508,5.058435720707222,0.2399214314801063,0.2389600987948729,0.4787090489536174,0.5026544024755497,422955173.0,70900000.0,87.37,[],{},0.0377075388154946,17.14126341584097,46.73396394621222,0.0213977141153901,0.0155659842461343,,0.066845252927984,0.9,18,20,0.4346031623777444,1.0,22.0,0.2609181818181817,0.2609181818181817,0.0454545454545454,0.0,1.0,0.0454545454545454,22.0,1,5,risk,0.2869683333333334,True,0.83335,0.4815,hold,2,6,stable,0.0824,persistent,insufficient_data,0.0,
ORLY,"O'Reilly Automotive, Inc.",Consumer Cyclical,71310934016.0,28.029318,23.777222,-67.12169,,0.755,,,0.1534750375387291,0.14303,0.102,0.161,1330813184.0,79789522944.0,4085121024.0,3460612000.0,17781992000.0,8731225088.0,252632000.0,-1.282,16538253000.0,6744277000.0,,8775821000.0,2538209000.0,,0.5159231316716373,,841909238.0,0.1602471803424002,0.5119849029944616,0.7685066730508747,0.7050028943062145,0.5134459486137986,0.5318240729444671,1.075203771522905,1.1218456800074608,862232760.0,235064000.0,86.05,[],{},0.0186621196645861,19.53174030224276,23.05647756639577,0.0433717595031721,0.03567692942083,,0.4458154351625882,0.8,16,20,0.4928104575163399,1.0,22.0,0.3338,0.3338,0.0454545454545454,0.0,0.7452,0.0454545454545454,22.0,1,5,cheapness,0.27813,False,0.46665,0.4782,hold,2,6,stable,0.0777,persistent,insufficient_data,0.0,
MS,Morgan Stanley,Financial Services,338766004224.0,17.42118,16.009306,3.256369,2.13,,502.246,,0.0118716863694931,0.25897,0.28,0.624,,265820995584.0,,,65966000000.0,579511975936.0,663304994816.0,66.178,1420270000000.0,,,,16861000000.0,,,,1582834137.0,0.0110199321685728,,,,0.2608926471727207,0.2554756059522448,0.0464460982770881,0.0474219202005479,1606653706.0,49017000000.0,215.5,[],{},,,,,0.0574013930170057,,,0.65,13,20,0.462897368332151,4.0,22.0,0.4164545454545454,0.4164545454545454,0.1818181818181818,0.0,1.0,0.1818181818181818,22.0,3,5,"cheapness,dividend,garp",0.5316266666666667,False,0.36665,0.4774,hold,2,6,stable,0.1834,persistent,insufficient_data,0.0,
GS,Goldman Sachs,Financial Services,314247806976.0,16.446194,14.72599,2.906855,1.88,2.567,647.154,0.16951999,0.0094930692193752,0.31039,0.425,0.923,,152700518400.0,,,58283000000.0,795999993856.0,975999991808.0,366.451,1809320000000.0,,,,17176000000.0,,,,296476742.0,0.0085180420675285,,,,0.2134227223487277,0.2043918394818052,0.0322126544779254,0.0319289343736052,310653708.0,66814000000.0,1065.22,[],{},,,,,0.0608043417218597,,,0.75,15,20,0.4816479216219644,6.0,22.0,0.4753363636363636,0.4753363636363636,0.2727272727272727,0.0,1.0,0.2727272727272727,22.0,4,5,"cheapness,quality,dividend,garp",0.5761866666666667,False,0.36665,0.4757,hold,2,6,stable,0.2872,persistent,insufficient_data,0.0,
HUBB,Hubbell Incorporated,Industrials,25822191616.0,28.898287,21.771664,6.851891,1.16,1.579,72.468,0.25822002,0.1078042971028582,0.15105,0.111,0.125,541449984.0,28054591488.0,1466700032.0,1208800000.0,5844600000.0,2738700032.0,516900000.0,71.319,8228800000.0,2594000000.0,,1508700000.0,887100000.0,,0.3531636040105396,,53253805.0,0.1137608248024884,0.3385626721151283,1.7193610393053622,1.7720138125882907,0.3022676453431849,0.2511208142880091,0.710261520513319,0.8219548169458358,53759976.0,64100000.0,488.67,[],{},0.0209683977274998,19.12769542231796,23.20862962276638,0.0430874211986672,0.0346041272273335,,0.1798782756208985,0.95,19,20,0.4876190510960513,5.0,22.0,0.4250227272727273,0.4250227272727273,0.2272727272727272,0.0,1.0,0.2272727272727272,22.0,5,5,"cheapness,quality,dividend,garp,risk",0.51276,True,0.83335,0.4756,hold,2,6,stable,0.4575,persistent,insufficient_data,0.0,
DD,DuPont,Basic Materials,18266775552.0,118.67544,17.851675,1.316486,1.77,2.683,22.594,0.00896,-0.0361066048667439,-0.00419,0.043,,-124750000.0,21190899712.0,1552999936.0,860000000.0,6849000000.0,3216999936.0,710000000.0,102.766,21575000000.0,5575000000.0,,2305000000.0,-779000000.0,,0.3450138706380493,,136398481.0,0.0191887760672562,0.3304063104628665,2.418655097613883,3.7800218340611353,0.1480417149478563,0.1957364341085271,0.3174507531865585,0.1833988426684135,139331447.0,313000000.0,135.29,[],{},-0.0068293388532023,13.645138818601986,24.64058106046512,0.0405834585453206,0.0084263433107979,,0.0446289569278671,0.95,19,20,0.4319117647058824,1.0,22.0,0.3340181818181818,0.3340181818181818,0.0454545454545454,0.0,1.0,0.0454545454545454,22.0,1,5,risk,0.35352,True,0.75,0.4744,hold,2,1,improving,0.0538,new,neutral,0.625,43.45536602634355
AMGN,Amgen Inc.,Healthcare,197689753600.0,25.507662,15.622249,21.511042,2.75,1.261,623.754,1.01318,0.0851235290221447,0.20955999,0.058,0.044,7436624896.0,242974736384.0,16917999616.0,9080000000.0,36751000000.0,57322999808.0,12037999616.0,17.028,90586000000.0,29057000000.0,,25489000000.0,7711000000.0,,0.6724714973742211,,538800000.0,0.0445344570389485,0.6153063666826233,1.1399819529993331,1.256764362093597,0.6027863025191531,0.6543951915852743,0.4057028679928465,0.3639412450048454,537000000.0,2755000000.0,366.29,[],{},0.0376176547371648,14.36190695702638,26.759332200881055,0.0373701403492825,0.0392039066536164,,0.139484154415718,0.95,19,20,0.500847249225483,3.0,22.0,0.4380863636363635,0.4380863636363635,0.1363636363636363,0.0,0.9087,0.1363636363636363,22.0,3,5,"quality,dividend,garp",0.53898,False,0.63335,0.4733,hold,2,9,stable,0.2776,persistent,insufficient_data,0.0,
PKG,Packaging Corporation of America,Consumer Cyclical,20766222336.0,28.319565,18.462015,4.4983788,2.57,3.071,95.185,0.16313,0.0721737914316349,0.080419995,0.106,-0.155,391424992.0,24460371968.0,1963299968.0,1255400000.0,8989300000.0,4366900224.0,543699968.0,51.812,10725500000.0,3213700000.0,,1015100000.0,774100000.0,,0.21020546649906,,89214000.0,0.0911447719965584,0.2126966707621103,3.165894985715693,3.227835463258786,0.4069647102699175,0.313759452972875,0.8381240967787049,0.9490671557306526,89802000.0,79100000.0,233.07,[],{},0.0188491188077781,12.458805259859302,19.48412614943444,0.0513238311192635,0.0353112768504742,,0.1292840665678035,0.95,19,20,0.4404235079044538,2.0,22.0,0.3815590909090909,0.3815590909090909,0.0909090909090909,0.0,0.8827,0.0909090909090909,22.0,2,5,"cheapness,garp",0.4444866666666667,False,0.56665,0.4708,hold,2,6,stable,0.1731,persistent,insufficient_data,0.0,
J,Jacobs Solutions Inc.,Industrials,15557155840.0,38.864307,15.990165,4.729002,1.09,1.434,138.776,0.09380999,0.0257129615682155,0.028959999,0.27,,512446368.0,18734960640.0,1025032000.0,863634000.0,12029783000.0,4558086144.0,1371911936.0,27.86,11252535000.0,4359319000.0,,3350899000.0,289336000.0,,0.2481286653300396,,119081294.0,0.0685511231605055,0.2463064544022963,1.300940135766551,1.1999732335949758,0.2408219125734778,0.2340476936611558,1.0690731466287375,0.97805392548094,124253511.0,145788000.0,131.75,[],{},0.0329395921253431,18.27743976773408,21.69317169078568,0.0460974547315622,0.0257305501420622,,0.1092981250971317,0.95,19,20,0.4366988340072883,1.0,22.0,0.27945,0.27945,0.0454545454545454,0.0,0.8,0.0454545454545454,22.0,1,5,cheapness,0.300285,False,0.73335,0.4699,hold,2,1,improving,0.0538,new,insufficient_data,0.0,
TYL,Tyler Technologies,Technology,13144819129.813232,44.070347,21.543709,,,1.001,1.348,0.08930001,0.0559688152386951,0.13262,0.086,0.022,544489280.0,13174530048.0,454520000.0,357676000.0,2332340000.0,47960000.0,346353984.0,,5638908000.0,1843888000.0,,1755445000.0,315603000.0,,0.4646406613101005,,43120932.0,0.0507770730393637,0.4377208751227311,1.0503820968472382,1.3520735130306014,0.1139596531810769,0.1232367087740093,0.4136155440024913,0.412702086770019,42963877.0,4995000.0,319.51,[],{},0.0414223485787694,28.98558929860072,36.83369878884801,0.0271490518976271,0.0226909944684574,,0.0921023323770562,0.8,16,20,0.4315324531589405,0.0,22.0,0.2895409090909091,0.2895409090909091,0.0,0.0,0.8,0.0,22.0,0,5,,0.3039466666666667,False,0.73335,0.4686,hold,2,6,stable,0.0,persistent,insufficient_data,0.0,
CSCO,"Cisco Systems, Inc.",Technology,441204211712.0,37.313335,23.359718,9.026691,1.5,0.925,67.541,0.25229,0.0832440653850242,0.19685,0.12,0.371,9288375296.0,457565208576.0,17006999552.0,12504000000.0,56654000000.0,33001000960.0,16640000000.0,12.401,122291000000.0,34986000000.0,,35064000000.0,10180000000.0,,0.6493804497475907,,3959998180.0,0.0829495309975645,0.6473244986339052,0.9977754962354553,0.9082889808791642,0.2297225470394387,0.2489530836809658,0.4632720314659296,0.4324548077773223,4007000000.0,1593000000.0,111.94,[],{},0.0210523269031327,26.90452288053309,36.59350676391555,0.027327252521917,0.0268000702697842,,0.1433501094844486,0.95,19,20,0.4682518728565334,4.0,22.0,0.412590909090909,0.412590909090909,0.1818181818181818,0.0,0.8006,0.1818181818181818,22.0,3,5,"quality,dividend,garp",0.5169183333333333,False,0.73335,0.4646,hold,2,6,stable,0.2659,persistent,insufficient_data,0.0,
KMI,Kinder Morgan,Energy,71861870253.69266,21.677853,21.458515,,3.64,0.522,98.84,0.10597,0.042008027712102,0.18917,0.138,0.36,1646875008.0,105251872768.0,7437000192.0,4724000000.0,16937000000.0,32205000704.0,76000000.0,,72748000000.0,2754000000.0,,4322000000.0,3056000000.0,,0.5287240951762414,,2224777750.0,0.0365930511014326,0.5568874172185431,0.6372049976862564,0.4942168202313272,0.4368779897729147,0.4434999369809682,0.232817397041843,0.21146386208635,2221647775.0,,32.3,[],{},0.0229172299883939,14.15246336570217,22.28024402370872,0.0448828118280879,0.0461300295744232,,0.0690380849384736,0.85,17,20,0.4196428571428571,4.0,22.0,0.4463590909090909,0.4463590909090909,0.1818181818181818,0.0,1.0,0.1818181818181818,22.0,2,5,"dividend,garp",0.5435133333333333,False,0.36665,0.4643,hold,2,6,stable,0.1503,persistent,insufficient_data,0.0,
WM,"Waste Management, Inc.",Industrials,96101089280.0,34.58237,25.9939,9.6066,1.48,0.934,228.408,0.29936,0.0590814879458928,0.10994001,0.035,0.133,2136749952.0,118835093504.0,7662000128.0,4607000000.0,25204000000.0,22890999808.0,158000000.0,24.911,45835000000.0,4910000000.0,,5524000000.0,2708000000.0,,0.4043802571020473,,402941704.0,0.0616150963717548,0.393418846031818,0.888848660391021,0.7628635346756152,0.4997709174211847,0.5362712320775461,0.5498854587105924,0.4950523930262301,401494177.0,912000000.0,239.31,[],{},0.0222343988815191,15.50966999722817,25.79446353462123,0.0387680092147605,0.0289164681310158,,0.114286423060703,0.95,19,20,0.4577341190737682,2.0,22.0,0.3697181818181818,0.3697181818181818,0.0909090909090909,0.0,0.7856,0.0909090909090909,22.0,2,5,"dividend,garp",0.4558283333333334,False,0.63335,0.4581,hold,2,6,stable,0.174,persistent,insufficient_data,0.0,
FDS,FactSet Research Systems Inc.,Financial Services,9179111424.0,17.001976,13.119869,4.543518,1.8,0.683,77.284,0.27032,0.1387087061412475,0.2321,0.064,-0.096,621161344.0,10445516800.0,932542016.0,748303000.0,2321748000.0,1570642048.0,304236000.0,56.804,4304272000.0,729759000.0,,521306000.0,597040000.0,,0.5271743531167035,,37645870.0,0.1324588660037878,0.540663060766499,1.3998668728155823,1.2530214401573458,0.3620842270191103,0.3882987590751263,0.5394055022545043,0.5432883522727273,37952270.0,56324000.0,258.09,[],{},0.0676711846394948,11.201121902050575,13.958940161939749,0.0716386766043016,0.0588166928361738,,0.1978085449353761,0.95,19,20,0.483951502747739,8.0,22.0,0.5500727272727273,0.5500727272727273,0.3636363636363636,0.0,1.0,0.3636363636363636,22.0,5,5,"cheapness,quality,dividend,garp,risk",0.6304216666666667,True,0.83335,0.4546,hold,2,6,stable,0.4458,persistent,insufficient_data,0.0,
PG,Procter & Gamble,Consumer Defensive,349243264771.5918,21.926899,21.265072,,2.9,0.732,67.651,0.31112,0.1275562760019484,0.19162,0.074,0.058,12733750272.0,374948265984.0,25041999872.0,20451000000.0,84284000000.0,37026000896.0,12305999872.0,,125231000000.0,25392000000.0,,36058000000.0,15974000000.0,,0.5116036258364577,,2341944000.0,0.1215902590504208,0.5139399564487916,0.7041987908369849,0.7347964433342254,0.2831806820994801,0.2726893846531013,0.6730282438054476,0.6867614611424369,2357050915.0,907000000.0,149.98,[],{},0.0364609759341471,14.972776451581955,18.333982004987533,0.0545435246815428,0.0456060841070139,,0.2293407197245803,0.85,17,20,0.4965306870548805,6.0,22.0,0.5274590909090909,0.5274590909090909,0.2727272727272727,0.0,1.0,0.2727272727272727,22.0,4,5,"cheapness,quality,dividend,garp",0.6250033333333332,False,0.73335,0.4525,hold,2,6,stable,0.3227,persistent,insufficient_data,0.0,
EME,"EMCOR Group, Inc.",Industrials,33139353600.0,24.996975,22.650534,8.552974,0.22,1.26,13.355,0.39229,0.1369887354961292,0.07537,0.197,0.3,891520000.0,32671811584.0,1850836992.0,1568542000.0,16986422000.0,516518016.0,916419968.0,87.006,9291399000.0,5937345000.0,,4864940000.0,1272817000.0,,0.1932713081071458,,44520367.0,0.1305188264120149,0.1898276108744431,1.2204354010532503,1.2973920902061526,0.0503916579193294,0.0444272921061215,1.828187768063776,1.8876649992814076,45810125.0,12020000.0,744.16,[],{},0.0269021541808226,17.65245222848885,20.829414567158548,0.0480090305359175,0.0400048405857108,,0.3543559310048957,0.95,19,20,0.4979202310431372,7.0,22.0,0.48235,0.48235,0.3181818181818182,0.0,1.0,0.3181818181818182,22.0,5,5,"cheapness,quality,dividend,garp,risk",0.54375,True,0.83335,0.452,hold,2,6,stable,0.4512,persistent,insufficient_data,0.0,
AMP,Ameriprise Financial,Financial Services,47453973292.1294,13.157278,10.588349,7.6546164,1.29,2.483,56.246,0.66936,0.0186638310354942,0.20165001,0.09,0.66,3355624960.0,42451972096.0,,4830000000.0,18480000000.0,3494000128.0,8496000000.0,68.961,190904000000.0,,,,3563000000.0,,,,91263880.0,0.0187483117699266,,,,0.0307065331265976,0.030164881506921,0.0968025814021707,0.0951693191402567,96166693.0,326000000.0,527.87,[],{},0.0707132559657877,,8.789228177225674,0.1137756330631128,0.0760035624389786,,,0.85,17,20,0.5155534613678675,7.0,22.0,0.575540909090909,0.575540909090909,0.3181818181818182,0.0,1.0,0.3181818181818182,22.0,4,5,"cheapness,quality,dividend,garp",0.6855,False,0.73335,0.4513,hold,2,9,stable,0.3287,persistent,insufficient_data,0.0,
RCL,Royal Caribbean Group,Consumer Cyclical,76961228595.17487,17.508236,14.34303,7.845153,1.74,0.199,217.312,0.49576,0.1025493164179821,0.24358,0.113,0.289,-194875008.0,98459230208.0,6902000128.0,4910000000.0,17934000000.0,21792000000.0,512000000.0,36.578,41619000000.0,2211000000.0,,12055000000.0,4268000000.0,,0.4935318389650942,,270423022.0,0.0776099271648233,0.4751592356687898,0.1834093737038573,0.1736783131302842,0.5294456858646291,0.5616401402751551,0.4309089598500685,0.4446992176962503,268899805.0,992000000.0,286.96,[],{},-0.0025321192444193,14.26531851376981,20.052796376374744,0.0498683565738568,0.0571159767323218,,0.1660803680151535,0.95,19,20,0.4811892477126012,6.0,22.0,0.4760954545454545,0.4760954545454545,0.2727272727272727,0.0,1.0,0.2727272727272727,22.0,4,5,"cheapness,quality,dividend,garp",0.5766,False,0.46665,0.4493,hold,2,6,stable,0.3536,persistent,insufficient_data,0.0,
EXPD,"Expeditors International of Washington, Inc.",Industrials,23908620288.0,29.483871,26.045452,10.564643,0.89,1.789,24.708,0.36641,0.1655888727363977,0.07475,0.044,0.163,783248512.0,23159357440.0,1137555968.0,1052546000.0,11069009000.0,564980992.0,1316497024.0,17.303,4893638000.0,3755622000.0,,2072807000.0,810332000.0,,0.1292198786720654,,133884000.0,0.1703817764296161,0.1272617415285955,1.8118532019623632,1.7710248331335563,0.1165981218880513,0.1196639028044837,2.2619182293418514,2.2295948349948618,138003000.0,,182.8,[],{},0.0327600883097851,20.358872962284,22.003178426406063,0.0454479794064614,0.0339168489782091,,0.3731333071708301,0.95,19,20,0.4870608194769788,6.0,22.0,0.4734181818181818,0.4734181818181818,0.2727272727272727,0.0,1.0,0.2727272727272727,22.0,5,5,"cheapness,quality,dividend,garp,risk",0.5350516666666667,True,0.83335,0.4415,hold,2,6,stable,0.4411,persistent,insufficient_data,0.0,
EXPE,"Expedia Group, Inc.",Consumer Cyclical,32258332672.0,23.742933,11.705434,55.993744,0.65,0.731,256.536,0.71494,0.052920006543432,0.098079994,0.147,,3478249984.0,32434333696.0,2596999936.0,2163000000.0,14733000000.0,4710000128.0,5793999872.0,4.8,24452000000.0,12199000000.0,,16657000000.0,1294000000.0,,0.9011742347111924,,122498649.0,0.0551188136501697,0.894602293477467,0.7323647715675091,0.7211079274116523,0.2623507279568133,0.2917187779167411,0.602527400621626,0.6115329640879043,128794452.0,299000000.0,268.77,[],{},0.1078248531741101,12.489154599655716,14.99506874526121,0.066688590561882,0.0421177956404964,,0.2774855676715843,0.95,19,20,0.5018560196887342,4.0,22.0,0.4095227272727272,0.4095227272727272,0.1818181818181818,0.0,1.0,0.1818181818181818,22.0,3,5,"cheapness,quality,dividend",0.3940366666666666,False,0.63335,0.4401,hold,2,6,stable,0.2685,persistent,insufficient_data,0.0,
WTW,Willis Towers Watson Public Limited Company,Financial Services,27713869824.0,17.240305,13.237119,3.4679477,1.31,1.187,85.693,0.20611,0.0543515069420927,0.16843,0.085,0.33,2052125056.0,32846870528.0,2764999936.0,2257000000.0,9708000000.0,6905999872.0,1855000064.0,84.612,29530000000.0,16874000000.0,,14004000000.0,1605000000.0,,0.4205809641532756,,95079835.0,-0.0035403345254867,0.4459214501510574,1.2049414453013425,1.198999841244642,0.2337622756518794,0.214262490516961,0.3287504232983406,0.3587298146743253,99805780.0,260000000.0,293.43,[],{},0.0740468606164439,11.879519453269166,14.553332090385467,0.0687127864456993,0.0580036142052011,,0.1453690583537292,0.95,19,20,0.4636372069418792,7.0,22.0,0.544,0.544,0.3181818181818182,0.0,1.0,0.3181818181818182,22.0,4,5,"cheapness,quality,dividend,garp",0.6334133333333334,False,0.73335,0.4379,hold,2,6,stable,0.3426,persistent,insufficient_data,0.0,
CMS,CMS Energy,Utilities,22751930368.0,20.345304,17.64482,2.4616466,3.1,0.842,189.842,0.103719994,0.0268145514634085,0.12548,0.116,0.089,-2161625088.0,42466930688.0,3048000000.0,1727000000.0,8539000000.0,19081000960.0,175000000.0,29.919,39941000000.0,3472000000.0,,3548000000.0,1071000000.0,,0.4152711090291603,,306409000.0,0.0279231625835189,0.4270126413838989,0.9785794813979708,0.7923885259869355,0.473147893142385,0.4611915367483296,0.2137903407526101,0.2092149220489977,298784865.0,798000000.0,73.65,[],{},-0.0950084257923129,13.93272004199475,24.59000039837869,0.0406669371207465,0.0491513913972482,,0.0474541807490451,0.95,19,20,0.4479689366786141,5.0,22.0,0.3791363636363636,0.3791363636363636,0.2272727272727272,0.0,1.0,0.2272727272727272,22.0,3,5,"cheapness,dividend,garp",0.4505516666666667,False,0.26665,0.4367,hold,2,6,stable,0.2521,persistent,insufficient_data,0.0,
HD,Home Depot (The),Consumer Cyclical,337892933632.0,24.101706,21.05796,24.351105,2.75,1.045,459.356,1.2838,0.134697178743042,0.08411,0.048,-0.043,10128249856.0,400022929408.0,24945999872.0,20890000000.0,164683000000.0,63730999296.0,1600999936.0,13.916,105095000000.0,34391000000.0,,32424000000.0,14156000000.0,,0.3331552133492831,,995511485.0,0.154038223452179,0.3341901024361498,1.06066493955095,1.1054394473326123,0.6218183548218279,0.6480508536293553,1.5669917693515392,1.65954701983999,994000000.0,2412000000.0,338.87,[],{},0.0299747311881659,16.03555405518123,19.14901528999521,0.0522220064507687,0.0414908388642696,,0.2874599221147362,0.95,19,20,0.4779778220172982,4.0,22.0,0.4353454545454546,0.4353454545454546,0.1818181818181818,0.0,0.911,0.1818181818181818,22.0,4,5,"cheapness,quality,dividend,garp",0.5203866666666667,False,0.53335,0.4344,hold,2,6,stable,0.3467,persistent,insufficient_data,0.0,
RJF,"Raymond James Financial, Inc.",Financial Services,32810508288.0,15.898017,11.931118,2.607645,1.28,2.295,48.477,0.17289,0.0241981185537798,0.14583,0.131,0.153,,21987508224.0,,,13842000000.0,6112999936.0,17057999872.0,64.564,88230000000.0,,,,2135000000.0,,,,198139594.0,0.0249180643917486,,,,0.0478295364388529,0.0372204549836128,0.1568854131247875,0.1522917871602082,203291449.0,1847000000.0,168.36,[],{},,,,,0.062900926574679,,,0.75,15,20,0.4616956804821827,6.0,22.0,0.4938590909090908,0.4938590909090908,0.2727272727272727,0.0,1.0,0.2727272727272727,22.0,4,5,"cheapness,quality,dividend,garp",0.5336916666666667,False,0.46665,0.4321,hold,2,6,stable,0.2681,persistent,insufficient_data,0.0,
SYY,Sysco,Consumer Defensive,39062736896.0,22.691668,16.493235,17.00458,2.69,1.329,670.44,0.81894994,0.068275192350788,0.02079,0.047,-0.135,1868375040.0,52560736256.0,4565000192.0,3088000000.0,81370000000.0,15399999488.0,1902000000.0,4.804,26774000000.0,11968000000.0,,9916000000.0,1828000000.0,,0.1839621482118717,,477496242.0,0.078460488822892,0.1852772563543199,1.2069382815651473,1.1950005410669842,0.54134608201987,0.5195248224104025,3.039142451632181,3.164265360998515,491758215.0,635000000.0,81.69,[],{},0.0478301109564936,11.513851926690126,17.020963813471504,0.0587510796074035,0.044069038908907,,0.1831771265867837,0.95,19,20,0.4680846035684745,3.0,22.0,0.4418272727272728,0.4418272727272728,0.1363636363636363,0.0,0.9112,0.1363636363636363,22.0,3,5,"cheapness,dividend,garp",0.5384133333333333,False,0.73335,0.432,hold,2,6,stable,0.2565,persistent,insufficient_data,0.0,
MET,"MetLife, Inc.",Financial Services,60483059712.0,18.181818,8.533663,2.2224324,2.52,2.086,178.019,0.13014,0.0045345600845986,0.04665,0.027,0.359,-17429749760.0,82816057344.0,5943000064.0,5722000000.0,75654000000.0,49491001344.0,27634999296.0,42.296,745166000000.0,,,,3379000000.0,,,,655333773.0,0.0065332559852507,,,,0.0270852400673138,0.0276253695806523,0.1015263713051856,0.1035209614779978,689211065.0,1061000000.0,94.0,[],{},-0.2881757279310043,13.935059137162412,14.473271119189096,0.0690928810608798,0.05500000055,,,0.9,18,20,0.4083692248698738,5.0,22.0,0.4167681818181817,0.4167681818181817,0.2272727272727272,0.0,1.0,0.2272727272727272,22.0,3,5,"cheapness,dividend,garp",0.5200083333333334,False,0.46665,0.4287,hold,2,6,stable,0.226,persistent,insufficient_data,0.0,
NFLX,"Netflix, Inc.",Communication Services,290334539776.0,21.682388,18.053802,9.331438,,1.142,55.236,0.49541,0.1975142972210745,0.28219,0.134,0.111,25387552768.0,294630391808.0,14726931456.0,13326603000.0,45183036000.0,16654660608.0,9127910400.0,7.389,55596993000.0,13020191000.0,,10980930000.0,10981201000.0,,0.4848657580247595,,4222162150.0,0.1624383786695203,0.4605655665041732,1.185709316059751,1.2180280603231866,0.2601370185614175,0.2905593013392,0.8126884847890964,0.7272178635189082,4277571000.0,776510000.0,68.95,[],{},0.0874424131127736,20.006230944190524,22.10843917298354,0.0452315965037458,0.0461203812052436,,0.2986951807020713,0.9,18,20,0.489410867321757,6.0,22.0,0.4409818181818182,0.4409818181818182,0.2727272727272727,0.0,1.0,0.2727272727272727,22.0,3,5,"cheapness,quality,risk",0.4633666666666666,True,0.83335,0.4262,hold,2,6,stable,0.2472,persistent,insufficient_data,0.0,
MU,Micron Technology,Technology,958798329327.9875,19.193987,5.630772,,0.06,3.425,6.33,0.66638,0.1031305103988019,0.55906,3.457,13.685,7639499776.0,939152310272.0,68222001152.0,9809000000.0,37378000000.0,6376000000.0,26022000640.0,,82798000000.0,28841000000.0,,11454000000.0,8539000000.0,,0.397907860238643,,1122000000.0,0.0112077907110752,0.2235275377324678,2.517984983411909,2.63538062283737,0.1845213652503683,0.2017834505013253,0.451436025024759,0.3617465713956436,1108841326.0,477000000.0,848.95,[],{},0.0079677858652032,13.766120817528492,95.7439402866755,0.010444525230587,0.0520996497496846,,0.1374887867234806,0.85,17,20,0.4812035875606691,7.0,22.0,0.5430363636363637,0.5430363636363637,0.3181818181818182,0.0,1.0,0.3181818181818182,22.0,4,5,"quality,dividend,garp,risk",0.697525,True,0.83335,0.4251,hold,2,6,stable,0.3081,persistent,insufficient_data,0.0,
ADI,Analog Devices,Technology,182832988160.0,55.857143,25.026602,5.418561,1.17,1.752,25.81,0.09639,0.0472434647994053,0.26007998,0.372,1.105,3868954624.0,188102410240.0,6149394944.0,3002476000.0,11019707000.0,8708730880.0,3439308032.0,69.273,47992712000.0,7108061000.0,,3245801000.0,2267342000.0,,0.614669518890112,,489654097.0,0.0339069338927451,0.5708341337690674,2.1899250755052453,1.8353882500970455,0.1805401203416052,0.158616842148435,0.2296120919359589,0.1954694960385999,496296854.0,317716000.0,375.36,[],{},0.0211611409020686,30.58876718001868,62.64909702525516,0.0159619219986024,0.0179028132534454,,0.0670990674641206,0.95,19,20,0.4070109349880991,4.0,22.0,0.4137590909090908,0.4137590909090908,0.1818181818181818,0.0,1.0,0.1818181818181818,22.0,3,5,"dividend,garp,risk",0.54506,True,0.83335,0.4233,hold,2,9,stable,0.2366,persistent,insufficient_data,0.0,
XOM,ExxonMobil,Energy,610799452160.0,24.80808,13.941488,2.4011343,2.8,1.036,18.261,0.09873,0.0642433961423671,0.077649996,0.026,-0.434,11630499840.0,656640442368.0,56007000064.0,33938000000.0,323905000000.0,47660998656.0,8434999808.0,61.371,448980000000.0,83382000000.0,,72330000000.0,28844000000.0,,0.2199410320927432,,4179000000.0,0.0742709079883124,0.226212759434866,1.152799668187474,1.3084045685351386,0.0969686845739231,0.0919786096256684,0.7214241168871665,0.7481051877170737,4353094536.0,603000000.0,147.36,[],{},0.0190414379038332,11.724256639663748,19.348236265189463,0.0516842975397792,0.0403094475670829,,0.0901048718969866,0.95,19,20,0.389047619047619,5.0,22.0,0.4515227272727272,0.4515227272727272,0.2272727272727272,0.0,1.0,0.2272727272727272,22.0,4,5,"cheapness,dividend,garp,risk",0.5282733333333333,True,0.66665,0.4224,hold,2,6,stable,0.3084,persistent,insufficient_data,0.0,
NTRS,Northern Trust Corporation,Financial Services,34174527488.0,19.338219,14.95364,2.8237667,1.73,,,0.14462,0.009805642888072,0.22364001,0.139,0.426,,40671629312.0,,,8086400000.0,17407500288.0,11795300352.0,65.402,177132700000.0,,,,1736900000.0,,,,186337588.0,0.0130610307867613,,,,0.079004046119096,0.0859889240709826,0.0456516498647624,0.0533115895990184,195969746.0,6213600000.0,184.68,[],{},,,,,0.0517110701869701,,,0.65,13,20,0.4267753552957966,4.0,22.0,0.4238863636363636,0.4238863636363636,0.1818181818181818,0.0,1.0,0.1818181818181818,22.0,3,5,"cheapness,dividend,garp",0.516435,False,0.36665,0.4199,hold,2,6,stable,0.1651,persistent,insufficient_data,0.0,
MDLZ,"Mondelez International, Inc.",Consumer Defensive,78302633984.0,30.19802,18.069897,3.0408773,3.28,0.542,83.793,0.101610005,0.0342859540895547,0.06638,0.082,0.413,2847500032.0,98454634496.0,5216000000.0,3620000000.0,38537000000.0,21621999616.0,1524000000.0,20.06,71487000000.0,12951000000.0,,21864000000.0,2451000000.0,,0.2837532760723461,,1281576414.0,0.0673168167948961,0.3912351472242803,0.5923435784851812,0.6773748017801422,0.3050065046791724,0.2682161262537045,0.539077034985382,0.5320087011109975,1317829138.0,599000000.0,61.0,[],{},0.0363653160452028,18.8755050797546,27.19741284419889,0.0367682031275741,0.0331147538812147,,0.0729500433266831,0.95,19,20,0.404917797256507,4.0,22.0,0.3758363636363636,0.3758363636363636,0.1818181818181818,0.0,0.9182,0.1818181818181818,22.0,2,5,"dividend,garp",0.4873,False,0.63335,0.4059,hold,2,6,stable,0.1541,persistent,insufficient_data,0.0,
BRO,"Brown & Brown, Inc.",Financial Services,23506032640.0,22.589577,14.335709,1.8454456,0.93,1.017,64.37,0.11926,0.0351438764962822,0.18360001,0.357,-0.079,1522499968.0,30646032384.0,2486000128.0,1502000000.0,5763000000.0,8119000064.0,1003000000.0,37.579,29991000000.0,8614000000.0,,8294000000.0,1054000000.0,,0.4907166406385563,,336000000.0,0.0563820122643652,0.4886291179596174,1.0385821075476247,1.096610706366804,0.2640125370944616,0.2305246422893481,0.1921576472941882,0.2671473995003406,285958390.0,306000000.0,69.35,[],{},0.064770605542731,12.32744602014759,20.403483611185088,0.0490112384265501,0.0442682038711924,,0.0692261602986588,0.95,19,20,0.4029264024964868,4.0,22.0,0.4259818181818182,0.4259818181818182,0.1818181818181818,0.0,0.8,0.1818181818181818,22.0,3,5,"cheapness,dividend,garp",0.4825833333333333,False,0.73335,0.4044,hold,2,6,stable,0.2301,persistent,insufficient_data,0.0,
BNY,The Bank of New York Mellon Cor,Financial Services,107850743808.0,19.495037,15.492404,2.671325,1.41,,,0.14124,0.0117488884183781,0.29413998,0.131,0.269,,-25447665664.0,,,19759000000.0,87433003008.0,224932003840.0,58.821,472300000000.0,,,,5549000000.0,,,,688236337.0,0.0108877480387632,,,,0.0726190980309125,0.075421089063221,0.0418356976497988,0.0438826718966312,717680268.0,20682000000.0,157.13,[],{},,,,,0.0512951065442963,,,0.65,13,20,0.4098924220922924,4.0,22.0,0.4100499999999999,0.4100499999999999,0.1818181818181818,0.0,1.0,0.1818181818181818,22.0,3,5,"cheapness,dividend,garp",0.483715,False,0.36665,0.4005,hold,2,6,stable,0.158,persistent,insufficient_data,0.0,
ATO,Atmos Energy Corporation,Utilities,29658312704.0,21.881773,19.7024,1.9893188,2.25,1.003,64.588,0.096,0.042434487918061,0.27579,0.006,0.145,-2210371840.0,39161851904.0,2540303104.0,1559971000.0,4702755000.0,9629233152.0,125694000.0,89.317,28249522000.0,1052695000.0,,1362615000.0,1198754000.0,,0.5813101043962529,,161568384.0,0.0413938140778143,0.5791713553317054,0.7725549770111146,0.9389978231574584,0.3293332184523334,0.322658687136242,0.1664720203053347,0.1653215101015243,155258845.0,171678000.0,177.68,[],{},-0.0745279025836789,15.416212278895046,25.10421790148663,0.0398339435996044,0.0457001359076341,,0.0580197268506935,0.95,19,20,0.4188172043010752,4.0,22.0,0.4146545454545455,0.4146545454545455,0.1818181818181818,0.0,1.0,0.1818181818181818,22.0,3,5,"cheapness,dividend,garp",0.5070283333333333,False,0.56665,0.3978,hold,2,6,stable,0.2327,persistent,insufficient_data,0.0,
PSA,Public Storage,Real Estate,55841353728.0,32.88935,30.286495,11.453884,3.77,0.188,107.646,0.20175,0.0882964503634194,0.39061,0.032,0.328,2338522624.0,70173605888.0,3436876032.0,2260491000.0,4824113000.0,10032266240.0,134608992.0,27.767,20208604000.0,460203000.0,,612889000.0,1784348000.0,,0.7284526709884284,,175500243.0,0.1048857465178066,0.7320903157328027,0.7508749545186812,0.7775496049285335,0.5074017482850374,0.4734530624096238,0.2387157964993524,0.2376933276517147,175408393.0,304495000.0,318.04,[],{},0.0418779715726593,20.41784610053692,31.043523680474728,0.0322128380235702,0.0304049791193805,,0.1153563929665235,0.95,19,20,0.4430758514751841,4.0,22.0,0.4200090909090909,0.4200090909090909,0.1818181818181818,0.0,0.9197,0.1818181818181818,22.0,3,5,"quality,dividend,garp",0.5357299999999999,False,0.63335,0.3973,hold,2,6,stable,0.2395,persistent,insufficient_data,0.0,
WSM,"Williams-Sonoma, Inc.",Consumer Cyclical,26894503936.0,25.577827,22.240484,14.383501,1.33,1.331,79.878,0.54007,0.2011187543330342,0.1381,0.044,0.043,885462144.0,27736465408.0,1649757952.0,1415722000.0,7806816000.0,1493564032.0,651601024.0,15.88,5411912000.0,2713187000.0,,1954130000.0,1088437000.0,,0.4615263123916331,,118770000.0,0.2122471544948541,0.464537373269493,1.388437309697922,1.4407146749903503,0.2692033795080186,0.2541333222172069,1.442524564331423,1.4545667002476796,123125000.0,,228.41,[],{},0.0329235350875816,16.812445349558768,19.59174570148659,0.0510419038321899,0.0390963626425341,,0.4094306697183339,0.95,19,20,0.4399637692485065,6.0,22.0,0.4514090909090909,0.4514090909090909,0.2727272727272727,0.0,1.0,0.2727272727272727,22.0,5,5,"cheapness,quality,dividend,garp,risk",0.5345816666666667,True,0.83335,0.3931,hold,2,6,stable,0.3957,persistent,insufficient_data,0.0,
LII,Lennox International,Industrials,18928746496.0,24.153196,20.329872,15.5979,1.0,1.572,161.043,0.76791,0.1974129060708511,0.1509,0.058,-0.077,187137504.0,20833445888.0,1153799936.0,1053200000.0,5195300000.0,1954899968.0,50200000.0,34.872,4081800000.0,1903800000.0,,1191800000.0,805800000.0,,0.3339171943872346,,34796050.0,0.2240607734806629,0.3327841536704548,1.597415673770767,1.547551968324069,0.433803714047724,0.4112154696132596,1.2727963153510706,1.4754972375690607,35596211.0,46400000.0,543.93,[],{},0.0098864182073306,18.05637635951472,19.781091804025827,0.0505533268793829,0.0414023883216117,,0.3644290657439446,0.95,19,20,0.4441107422986677,5.0,22.0,0.4082227272727273,0.4082227272727273,0.2272727272727272,0.0,0.8,0.2272727272727272,22.0,4,5,"cheapness,quality,dividend,garp",0.4759783333333333,False,0.56665,0.3917,hold,2,6,stable,0.3176,persistent,insufficient_data,0.0,
HSY,The Hershey Company,Consumer Defensive,34771410944.0,31.921787,17.33734,7.3451023,3.39,1.24,120.011,0.23234,0.0642777024614197,0.09125,0.106,0.936,1527240576.0,39575584768.0,2260761088.0,1462122000.0,11692576000.0,5681147904.0,876976000.0,23.338,13741297000.0,3588899000.0,,3011896000.0,883259000.0,,0.3354856106986176,,202839656.0,0.1715658336024461,0.4731979600907424,1.191574675885223,0.9567277729072056,0.4176152367567632,0.4207625307786961,0.8509077418237886,0.8652493449956712,202383069.0,224806000.0,171.42,[],{},0.0439223067036206,17.50542548616265,27.067224737744183,0.0369450510604265,0.0313265670245841,,0.1362724722470527,0.95,19,20,0.397174196770971,4.0,22.0,0.4469772727272728,0.4469772727272728,0.1818181818181818,0.0,0.9262,0.1818181818181818,22.0,2,5,"dividend,garp",0.5998466666666666,False,0.73335,0.3864,hold,2,6,stable,0.1489,persistent,insufficient_data,0.0,
VLO,Valero Energy Corporation,Energy,91945230336.0,22.6187,13.890322,3.851943,1.55,1.576,42.664,0.1585,0.0404911360971235,0.03569,0.066,,4786625024.0,100767236096.0,9203000320.0,4312000000.0,122687000000.0,11491000320.0,5733000192.0,80.388,57988000000.0,23210000000.0,,14109000000.0,2348000000.0,,0.0437617677504544,,298940136.0,0.0460568977270837,0.036648932484351,1.6450492593380113,1.5319135204904808,0.2018176174380906,0.1918760287980313,2.115730840863627,2.1595364381557287,314863703.0,556000000.0,309.65,[],{},0.0520595250727851,10.949389611234958,23.36902506864564,0.0427916867332949,0.044211205772215,,0.0982702431687139,0.95,19,20,0.4047619047619047,4.0,22.0,0.4254,0.4254,0.1818181818181818,0.0,1.0,0.1818181818181818,22.0,4,5,"cheapness,quality,dividend,risk",0.45376,True,0.83335,0.3857,hold,2,6,stable,0.3004,persistent,neutral,0.375,72.50392718141414
ERIE,Erie Indemnity Company,Financial Services,11886009344.0,20.835014,16.224838,5.0503235,2.57,1.29,2.108,0.2585,0.1666929420849052,0.13971,0.023,0.087,447472992.0,11652569088.0,826961984.0,,4148570000.0,49621000.0,283062016.0,45.009,3355481000.0,,,,559335000.0,,,,52289868.0,0.2078207749460467,,,,,,1.2363562779822028,1.3371132314667171,52289868.0,,227.31,[],{},0.0376470335037959,14.09081591832884,,,0.0479961280563574,,,0.85,17,20,0.4075667118950701,5.0,22.0,0.4838727272727272,0.4838727272727272,0.2272727272727272,0.0,1.0,0.2272727272727272,22.0,3,5,"quality,dividend,garp",0.598585,False,0.63335,0.3848,hold,2,6,stable,0.2021,persistent,insufficient_data,0.0,
STLD,"Steel Dynamics, Inc.",Basic Materials,33963552768.0,25.269314,12.477436,3.7117999,0.9,3.13,48.123,0.15247,0.0722052914229057,0.07216,0.191,0.931,-31788876.0,37770809344.0,2315760128.0,1598972000.0,18176581000.0,4395241984.0,556526976.0,63.449,16419780000.0,6484171000.0,,2122254000.0,1185595000.0,,0.1316079740188762,,144940102.0,0.1029199879238576,0.1597790014931253,3.055322784171923,2.5255188941789277,0.2564689051863058,0.2163345560126179,1.1069929682370896,1.1744302884327282,151117153.0,70043000.0,235.51,[],{},-0.0009359702801749,16.310328901215108,23.621932931908752,0.0423335381944628,0.0395736900495201,,0.1118355721122661,0.95,19,20,0.4042647058823529,4.0,22.0,0.4392,0.4392,0.1818181818181818,0.0,1.0,0.1818181818181818,22.0,3,5,"dividend,garp,risk",0.5338583333333333,True,0.66665,0.3768,hold,2,6,stable,0.2226,persistent,insufficient_data,0.0,
CEG,Constellation Energy Corporation,Utilities,90128973824.0,21.927889,18.581274,2.7314048,0.68,1.363,66.428,0.16104999,0.0405072577686946,0.12693,0.638,10.91,-4478875136.0,113099759616.0,7957000192.0,4198000000.0,25533000000.0,22466000896.0,864000000.0,92.403,57249000000.0,12119000000.0,,7944000000.0,2319000000.0,,0.1838013551090745,,312290080.0,0.0708347504062275,0.2541581805838425,1.52555387713998,1.5740578439964945,0.1570682457335499,0.1589388958168008,0.445999056752083,0.4453009862827344,312838000.0,511000000.0,252.39,[],{},-0.049694065581465,14.213869157589182,26.94134340543116,0.0371176739389472,0.0456040250842203,,0.0851434945745867,0.95,19,20,0.4425328554360812,6.0,22.0,0.4610045454545454,0.4610045454545454,0.2727272727272727,0.0,1.0,0.2727272727272727,22.0,5,5,"cheapness,quality,dividend,garp,risk",0.606565,True,0.66665,0.3732,hold,2,6,stable,0.3875,persistent,insufficient_data,0.0,
MRSH,"Marsh & McLennan Companies, Inc.",Financial Services,87773315072.0,22.7725,16.13975,6.029455,2.17,1.112,151.634,0.27571,0.0708567535343212,0.14264,0.076,-0.154,4965374976.0,108850323456.0,7632000000.0,6223000000.0,26981000000.0,22450999296.0,1611000064.0,30.215,58710000000.0,23200000000.0,,21060000000.0,4160000000.0,,0.422667803268967,,484858577.0,0.071882579982649,0.4277537002207867,1.1016144349477683,1.1331591351572907,0.3653381025378981,0.3870682176307076,0.4595639584397888,0.433030576654096,491402152.0,960000000.0,182.18,[],{},0.0565704391126953,14.262358943396226,17.491615532058493,0.0571702481207186,0.0439126138983423,,0.1652855245683931,0.95,19,20,0.4025340876946976,5.0,22.0,0.4730000000000001,0.4730000000000001,0.2272727272727272,0.0,0.887,0.2272727272727272,22.0,4,5,"cheapness,quality,dividend,garp",0.5658133333333333,False,0.73335,0.3703,hold,2,6,stable,0.2937,persistent,insufficient_data,0.0,
APH,Amphenol,Technology,186011451392.0,43.448277,25.885712,13.298153,0.66,1.714,133.051,0.36825,0.117843965681391,0.17239,0.584,0.241,3563725056.0,200291942400.0,8171299840.0,5972000000.0,23094700000.0,18748899328.0,4583099904.0,11.37,36236900000.0,20267200000.0,,6802800000.0,4270300000.0,,0.3688162219037268,,1226600000.0,0.1130586468409809,0.3376339282781635,2.979243840771447,2.37181056858808,0.4277959759250929,0.3211770412589435,0.63732548865935,0.7100073693342412,1209300000.0,367800000.0,151.2,[],{},0.0191586325967094,24.51163784487928,33.53850341594106,0.0298164765314093,0.0230158724130763,,0.2028939223553633,0.95,19,20,0.4001084516029097,4.0,22.0,0.3484454545454545,0.3484454545454545,0.1818181818181818,0.0,0.8,0.1818181818181818,22.0,4,5,"cheapness,quality,dividend,garp",0.4296183333333333,False,0.73335,0.3681,hold,2,1,improving,0.1824,new,insufficient_data,0.0,
ICE,Intercontinental Exchange,Financial Services,78973816475.13565,20.32751,16.004465,,1.49,1.011,70.986,0.13853,0.0242170549431282,0.37671003,0.204,0.797,3743124992.0,99179823104.0,6624000000.0,4999000000.0,12640000000.0,20984999936.0,863000000.0,,136887000000.0,85778000000.0,,84116000000.0,3315000000.0,,0.5615506329113924,,567000000.0,0.0197521301316808,0.554544681574696,1.0197584288363688,0.9948857101381304,0.1481440896505877,0.1484852396936053,0.0923389364950652,0.0843517801302464,574176497.0,803000000.0,139.65,[],{},0.0473970381459087,14.972799381642512,19.839932607321465,0.0504033970171336,0.0491944168272454,,0.0947300600708722,0.85,17,20,0.3632071854167896,6.0,22.0,0.5126500000000002,0.5126500000000002,0.2727272727272727,0.0,1.0,0.2727272727272727,22.0,4,5,"cheapness,quality,dividend,garp",0.6424566666666667,False,0.73335,0.3565,hold,2,6,stable,0.2447,persistent,insufficient_data,0.0,
FAST,Fastenal Company,Industrials,52199669760.0,38.880344,32.54796,12.82854,2.11,4.18,10.851,0.34334,0.2490451028122464,0.15454,0.147,0.146,916124992.0,52436463616.0,1954700032.0,1655700000.0,8200500000.0,441500000.0,204700000.0,3.546,5052900000.0,3472100000.0,,715600000.0,1258400000.0,,0.4501188951893177,,1148057473.0,0.2449127288207748,0.4508216273522396,4.852012297372834,4.67457429777325,0.0874547289675236,0.1033205619412516,1.6229294068752598,1.606215410813112,1146640904.0,6200000.0,45.49,[],{},0.01755039823455,26.82583657726159,31.670268536570635,0.0315753558845031,0.0257199370458244,,0.3817351808728932,0.95,19,20,0.3739923274837363,5.0,22.0,0.4887909090909091,0.4887909090909091,0.2272727272727272,0.0,1.0,0.2272727272727272,22.0,5,5,"cheapness,quality,dividend,garp,risk",0.5892966666666667,True,0.83335,0.3563,hold,2,6,stable,0.3469,persistent,insufficient_data,0.0,
CME,CME Group Inc.,Financial Services,88542142464.0,20.92656,19.073008,3.3307056,2.12,1.018,14.059,0.15919,0.0205226983402226,0.63324,0.144,0.213,3030237440.0,90022961152.0,4792500224.0,4229500000.0,6520600000.0,3742200064.0,2515399936.0,73.573,198424200000.0,165359300000.0,,160296700000.0,4072200000.0,,0.8609023709474588,,358953138.0,0.0256520695249805,0.8612910066719955,1.031582683860616,1.007033257455732,0.0172473922031687,0.0249405225286837,0.0328619190602759,0.0445997366257539,359605138.0,173400000.0,245.05,[],{},0.0342236742377456,18.784132904403595,21.284539816053908,0.0469824580959813,0.0477861626564519,,0.1109304307914235,0.95,19,20,0.3555263436541827,6.0,22.0,0.5220954545454547,0.5220954545454547,0.2727272727272727,0.0,1.0,0.2727272727272727,22.0,4,5,"cheapness,quality,dividend,garp",0.61209,False,0.73335,0.3491,hold,2,6,stable,0.2678,persistent,insufficient_data,0.0,
DLR,"Digital Realty Trust, Inc.",Real Estate,65425653760.0,46.122017,64.3857,2.6801486,2.81,1.227,76.592,0.05688,0.0264840438265025,0.21823,0.167,0.676,3278001664.0,80850321408.0,2888658944.0,922135000.0,6112692000.0,19452149760.0,2464262912.0,64.877,49410468000.0,5160368000.0,,4683508000.0,1308589000.0,,0.5539220690327601,,343557430.0,0.0133048120538783,0.5465113390392168,1.1018168432721798,1.1085971725811534,0.3977973250526588,0.397684584199283,0.1237124894263296,0.1226705923837884,336637000.0,437947000.0,173.88,[],{},0.0501026963524834,27.988877529461643,87.67731558611266,0.0114054586789652,0.021681618997712,,0.0206169835821616,0.95,19,20,0.353229196461677,4.0,22.0,0.3796818181818182,0.3796818181818182,0.1818181818181818,0.0,0.8677,0.1818181818181818,22.0,3,5,"cheapness,dividend,garp",0.509855,False,0.63335,0.3413,hold,2,6,stable,0.1979,persistent,insufficient_data,0.0,
A,"Agilent Technologies, Inc.",Healthcare,37128503296.0,26.397593,19.882755,5.209225,0.78,2.099,49.733,0.21330999,0.1023807653021136,0.19552,0.1,0.6,930625024.0,38863503360.0,2015000064.0,1479000000.0,6948000000.0,3542000128.0,1807000064.0,25.236,12727000000.0,4594000000.0,,2347000000.0,1303000000.0,,0.5243235463442717,,283054377.0,0.1088131014688502,0.543010752688172,1.957392415850021,2.0891820580474936,0.2635342185903984,0.2861725476954246,0.5459259841282313,0.5495525915920986,285193011.0,112000000.0,131.46,[],{},0.0250649754605179,19.28709782909466,26.276878539553756,0.0380562705914529,0.037882241763482,,0.1424855491329479,0.95,19,20,0.3721272553395658,5.0,22.0,0.4883727272727272,0.4883727272727272,0.2272727272727272,0.0,1.0,0.2272727272727272,22.0,4,5,"quality,dividend,garp,risk",0.590805,True,0.83335,0.3302,hold,2,9,stable,0.2669,persistent,insufficient_data,0.0,
SYK,Stryker Corporation,Healthcare,122625605632.0,37.021988,19.132824,5.336414,1.1,2.112,66.295,0.152,0.0678454978680712,0.13205,0.026,0.142,4359875072.0,134894608384.0,6918000128.0,5059000000.0,25116000000.0,15233999872.0,2964999936.0,59.941,47844000000.0,14755000000.0,,7794000000.0,3246000000.0,,0.6396321070234113,,382500000.0,0.0696516255148821,0.6390794423545032,1.8931229150628688,1.9494485294117647,0.331473120976507,0.3164227036838798,0.5249561073488839,0.5258197388936725,381400000.0,607000000.0,319.87,[],{},0.0355543611754628,19.49907572826226,26.66428313579759,0.0375033521399069,0.0270109752074902,,0.1263171036204744,0.95,19,20,0.3495471784633248,4.0,22.0,0.4010545454545454,0.4010545454545454,0.1818181818181818,0.0,1.0,0.1818181818181818,22.0,4,5,"quality,dividend,garp,risk",0.4856133333333333,True,0.83335,0.3302,hold,2,6,stable,0.2583,persistent,insufficient_data,0.0,
EBAY,eBay Inc.,Consumer Cyclical,49754640384.0,25.879908,16.646215,11.328345,1.11,1.219,163.327,0.42875,0.1153321976149914,0.17615,0.195,0.071,1200375040.0,53100638208.0,2980999936.0,2277000000.0,11100000000.0,7206000128.0,3860000000.0,9.892,17610000000.0,5086000000.0,,4637000000.0,2031000000.0,,0.7145045045045045,,449000000.0,0.101988122902143,0.7199260916075075,1.096829846883761,1.2408986552968186,0.4077228847245883,0.4060418280402788,0.6303236797274276,0.5310095533178415,471000000.0,246000000.0,112.06,[],{},0.0241258911879506,17.81302896613011,23.32043838735178,0.0428808405481076,0.038640013712568,,0.1755183843366993,0.95,19,20,0.371907785177279,4.0,22.0,0.3723272727272727,0.3723272727272727,0.1818181818181818,0.0,0.7809,0.1818181818181818,22.0,4,5,"cheapness,quality,dividend,garp",0.4284083333333333,False,0.46665,0.3298,hold,2,6,stable,0.2666,persistent,insufficient_data,0.0,
MSCI,MSCI Inc.,Financial Services,45720924160.0,35.841503,27.429176,-16.520641,1.3,0.864,,,0.2108397447487127,0.40737998,0.141,0.491,1206103936.0,51957547008.0,1898999040.0,1713567000.0,3134459000.0,6572800000.0,381700000.0,-38.053,5702459000.0,1644769000.0,,1829713000.0,1202305000.0,,0.8244143566720764,,73563183.0,0.2036801807898316,0.81990232930737,0.8989218527714455,0.8476130353784621,1.1065080871252209,0.8506144316371922,0.5496679590331118,0.524499126700345,77744588.0,209889000.0,628.66,[],{},0.0263796928465236,27.360491455540703,30.321281285178813,0.0329801366437903,0.0279006156633554,,0.442468212477658,0.85,17,20,0.3420399648660518,4.0,22.0,0.4304772727272727,0.4304772727272727,0.1818181818181818,0.0,0.7999,0.1818181818181818,22.0,3,5,"cheapness,dividend,garp",0.47579,False,0.53335,0.3275,hold,2,6,stable,0.1707,persistent,insufficient_data,0.0,
TT,Trane Technologies plc,Industrials,103891656704.0,35.848972,27.50863,12.101346,0.89,1.095,53.597,0.36630002,0.1362513830080249,0.13415,0.06,-0.021,2662362624.0,107455053824.0,4233400064.0,3967400000.0,21321900000.0,4616000000.0,1074200064.0,38.837,21420700000.0,7863000000.0,,6286700000.0,2918600000.0,,0.3616094250512384,,221471958.0,0.1274600803109194,0.3569124214898529,1.250735680086532,1.2090823707755936,0.2154504754746577,0.2367782316706954,0.9953876390594144,0.9846873185186656,224473947.0,226700000.0,469.98,[],{},0.0256263371714765,25.382683469435506,27.08450214851036,0.036921483530204,0.0278948026738395,,0.2621514470728162,0.95,19,20,0.372174386990676,5.0,22.0,0.4085590909090909,0.4085590909090909,0.2272727272727272,0.0,1.0,0.2272727272727272,22.0,4,5,"cheapness,quality,garp,risk",0.4944816666666667,True,0.83335,0.3227,hold,2,6,stable,0.2641,persistent,insufficient_data,0.0,
MLM,"Martin Marietta Materials, Inc.",Basic Materials,33781225472.0,35.205887,24.474792,2.9908137,0.59,2.279,50.35,0.0947,0.0607663940997274,0.39905998,0.172,12.208,841750016.0,39198224384.0,2110000000.0,1455000000.0,6150000000.0,5688000000.0,273000000.0,188.106,18711000000.0,3193000000.0,,895000000.0,1137000000.0,,0.3071544715447154,,60309739.0,0.1097963676389653,0.2889438361003179,3.567597765363129,2.4441117764471056,0.304900860456416,0.3189323059988992,0.3286836620169953,0.3116125481563015,61126646.0,230000000.0,562.59,[],{},0.024917687391113,18.57735752796209,26.94036040137457,0.0371190282944016,0.0284043404445398,,0.0816681634485855,0.95,19,20,0.3435294117647059,4.0,22.0,0.4467681818181818,0.4467681818181818,0.1818181818181818,0.0,1.0,0.1818181818181818,22.0,3,5,"dividend,garp,risk",0.5898466666666666,True,0.83335,0.321,hold,2,6,stable,0.1894,persistent,insufficient_data,0.0,
TPR,"Tapestry, Inc.",Consumer Cyclical,28581246976.0,43.12805,18.184929,41.93893,1.13,1.841,574.912,0.60914004,0.0278398298001671,0.08442,0.212,0.737,1529737472.0,31435845632.0,1970400000.0,1269800000.0,7010700000.0,3923200000.0,1068600000.0,3.373,6580500000.0,2905600000.0,,1556900000.0,183200000.0,,0.7544039824839175,,208100000.0,0.0609123414674201,0.7329266099052644,1.866272721433618,5.143549894835242,0.5925385608996276,0.6542478146951024,1.0653749715067244,0.4979882504870748,230200000.0,85400000.0,141.46,[],{},0.0535224188533319,15.954042647178238,24.756533022523232,0.0403933781475059,0.0231867659214826,,0.252766940042997,0.95,19,20,0.371849586584783,5.0,22.0,0.3978045454545454,0.3978045454545454,0.2272727272727272,0.0,0.769,0.2272727272727272,22.0,3,5,"cheapness,dividend,garp",0.4934316666666666,False,0.63335,0.318,hold,2,6,stable,0.1966,persistent,insufficient_data,0.0,
NVDA,NVIDIA Corporation,Technology,4912260841472.0,31.058191,15.80593,25.131351,0.49,3.441,6.555,1.14288,0.5805863551302447,0.62966,0.852,2.145,46335873024.0,4867643932672.0,165514002432.0,130387000000.0,215938000000.0,12814000128.0,53171998720.0,8.07,206803000000.0,125605000000.0,,32163000000.0,120067000000.0,,0.7106808435754708,,24304000000.0,0.6530407433625147,0.7498869705816992,3.905263812455306,4.439851498864077,0.053384138527971,0.0894436429781095,1.0441724733200195,1.169317479234057,24477000000.0,259000000.0,202.81,[],{},0.0094326980018665,29.40925759240116,37.3322795422243,0.0267864703752943,0.0321976254186858,,0.7466044434264774,0.95,19,20,0.3793181521706149,6.0,22.0,0.4643863636363635,0.4643863636363635,0.2727272727272727,0.0,1.0,0.2727272727272727,22.0,5,5,"cheapness,quality,dividend,garp,risk",0.57836,True,0.66665,0.3172,hold,2,6,stable,0.3308,persistent,insufficient_data,0.0,
WDC,Western Digital,Technology,164489206976.57455,28.576046,25.730211,,0.13,1.49,17.81,0.85920995,0.1329095843450935,0.55286,0.455,4.829,2075000064.0,162976202752.0,3928000000.0,2130000000.0,9520000000.0,1724000000.0,3236999936.0,,14002000000.0,5856000000.0,,5418000000.0,1861000000.0,,0.3878151260504202,,347000000.0,-0.0329915660658177,0.2806712046857685,1.080841638981174,1.3241333990471498,0.3364519354377946,0.3073424838763023,0.679902871018426,0.2611625599470812,343000000.0,357000000.0,477.22,[],{},0.0126148098233308,41.49088664765784,76.51464917934273,0.0130693927336201,0.034994344563975,,0.2481360671015843,0.85,17,20,0.401242580308886,4.0,22.0,0.4608363636363636,0.4608363636363636,0.1818181818181818,0.0,1.0,0.1818181818181818,22.0,3,5,"quality,dividend,garp",0.59807,False,0.73335,0.3103,hold,2,6,stable,0.1814,persistent,insufficient_data,0.0,
COR,"Cencora, Inc.",Healthcare,59905347584.0,23.593868,15.534876,17.631565,0.78,0.947,420.985,1.0713401,0.0202920319531586,0.00775,0.038,1.283,-318246112.0,73008324608.0,5300438016.0,3933622000.0,321332819000.0,15092111360.0,2176496128.0,17.463,76590112000.0,52239073000.0,,57820539000.0,1554169000.0,,0.0357216515752161,,193937673.0,0.0224900522963162,0.0337123289936485,0.9034691461454554,0.8791526135363318,0.100023002969365,0.065394440945856,4.195486997068238,4.380794280416312,194943968.0,419753000.0,307.9,[],{},-0.0053124825217607,13.774017239257534,18.560076338804286,0.0538790887357106,0.0423838939846573,,0.209574400014321,0.95,19,20,0.3635259156873787,4.0,22.0,0.4028818181818182,0.4028818181818182,0.1818181818181818,0.0,1.0,0.1818181818181818,22.0,3,5,"cheapness,dividend,garp",0.5109033333333334,False,0.46665,0.3063,hold,2,6,stable,0.1909,persistent,insufficient_data,0.0,
GEV,GE Vernova Inc.,Industrials,284262760448.0,30.95815,42.98347,20.418074,0.19,0.893,24.925,0.75708,0.0775041259362701,0.23809999,0.163,18.165,9315624960.0,279388749824.0,3415000064.0,1389000000.0,38068000000.0,3755000064.0,9772000256.0,51.809,63016000000.0,40216000000.0,,40972000000.0,4884000000.0,,0.1979352737207103,,269529464.0,0.0301447023404875,0.1741806211535709,0.9815483744996584,1.0778917468833833,0.0185984511870001,0.0202583276682528,0.6041005458931065,0.6785471496552394,275654024.0,,1057.84,[],{},0.0327711760250217,81.81222389107398,201.1438083686105,0.0049715673980251,0.0323016717730226,,0.0630103429504627,0.95,19,20,0.386957920126754,5.0,22.0,0.4572590909090909,0.4572590909090909,0.2272727272727272,0.0,0.9831,0.2272727272727272,22.0,3,5,"quality,dividend,garp",0.6067400000000001,False,0.73335,0.3001,hold,2,6,stable,0.1958,persistent,insufficient_data,0.0,
SCHW,The Charles Schwab Corporation,Financial Services,176626597888.0,20.190853,13.499001,4.156333,1.26,0.632,120.766,0.19083,0.0180286968299066,0.37986,0.158,0.386,,146372608000.0,,,23921000000.0,59457998848.0,96474996736.0,24.435,490995000000.0,,,,8852000000.0,,,,1758325075.0,0.0123832170105638,,,,0.0630373018055173,0.0940599321027919,0.0487194370614772,0.040859197695913,1831211681.0,3754000000.0,101.56,[],{},,,,,0.0495273775704275,,,0.75,15,20,0.351004100809422,4.0,22.0,0.4176863636363636,0.4176863636363636,0.1818181818181818,0.0,1.0,0.1818181818181818,22.0,3,5,"quality,dividend,garp",0.5127716666666666,False,0.36665,0.2991,hold,2,6,stable,0.1463,persistent,insufficient_data,0.0,
META,"Meta Platforms, Inc.",Communication Services,1639846903808.0,23.474201,17.782232,6.7283597,0.33,2.348,35.608,0.32930002,0.1651763150201764,0.32837,0.331,0.624,25558249472.0,1645435813888.0,109308002304.0,83276000000.0,200966000000.0,86769000448.0,81180000256.0,96.013,366021000000.0,108722000000.0,,41836000000.0,60458000000.0,,0.8199944269179861,,2529638328.0,0.2258978315836756,0.8166515705071702,2.5987666124868536,2.9778842719371355,0.2292136243548867,0.1777188521086454,0.5490559284849776,0.5959015265129286,2534487662.0,1165000000.0,646.01,[],{},0.015585753409449,15.05320543057612,19.75882383745617,0.0506102998957018,0.0425999589932794,,0.2568780171815475,0.95,19,20,0.3480406178489703,7.0,22.0,0.5203727272727272,0.5203727272727272,0.3181818181818182,0.0,1.0,0.3181818181818182,22.0,5,5,"cheapness,quality,dividend,garp,risk",0.6025633333333333,True,0.66665,0.298,hold,2,6,stable,0.3069,persistent,insufficient_data,0.0,
WY,Weyerhaeuser Company,Real Estate,17658333184.0,43.732143,37.19284,1.8707509,3.43,1.418,57.729,0.04161,0.0195027990128212,0.057800002,-0.02,0.966,-45875000.0,22808342528.0,698000000.0,447000000.0,6905000000.0,5448999936.0,299000000.0,13.091,16613000000.0,1652000000.0,,1278000000.0,324000000.0,,0.1484431571325126,,720531000.0,0.0239477503628447,0.1843065693430657,1.2926447574334898,1.789150460593654,0.3369048335640763,0.3087203676826318,0.4156383555047252,0.4308176100628931,725845000.0,273000000.0,24.49,[],{},-0.0025979235708139,32.676708492836674,51.025374782997766,0.0195980922090789,0.0228664760380025,,0.0291490055428757,0.95,19,20,0.2981519677949044,4.0,22.0,0.333940909090909,0.333940909090909,0.1818181818181818,0.0,0.9005,0.1818181818181818,22.0,2,5,"dividend,garp",0.4725766666666667,False,0.46665,0.2954,hold,2,6,stable,0.1128,persistent,insufficient_data,0.0,
ABNB,"Airbnb, Inc.",Consumer Cyclical,86639845376.0,36.133663,24.182486,11.374474,,1.442,33.185,0.32325,0.1130673631123919,0.19902,0.179,0.06,3191000064.0,77168844800.0,2619000064.0,2544000000.0,12241000000.0,2534000128.0,12005000192.0,12.834,22208000000.0,18797000000.0,,13649000000.0,2511000000.0,,0.8295890858589985,,602000000.0,0.1263419056252683,0.8308412898576834,1.3771704886804894,1.6907784666863497,0.0930745677233429,0.0981917076196383,0.5511977665706052,0.5297008445059401,623000000.0,,145.98,[],{},0.0368306297195208,29.4650030218556,30.333665408805032,0.0329666720629722,0.0276750242564668,,0.2972309849281458,0.9,18,20,0.3332212349904241,4.0,22.0,0.3674681818181817,0.3674681818181817,0.1818181818181818,0.0,1.0,0.1818181818181818,22.0,3,5,"cheapness,quality,risk",0.4012183333333333,True,0.83335,0.2907,hold,2,9,stable,0.1685,persistent,insufficient_data,0.0,
AAPL,Apple Inc.,Technology,4901757779968.0,40.502426,34.625034,45.969696,0.32,1.07,79.548,1.4147099,0.3117962593356549,0.27152002,0.166,0.218,101090746368.0,4917961949184.0,159975997440.0,133050000000.0,416161000000.0,84710998016.0,68507000832.0,7.26,359241000000.0,147957000000.0,,165631000000.0,112010000000.0,,0.4690516410716045,,14773260000.0,0.2568250315085758,0.4620634981523393,0.8932929222186667,0.8673125765340832,0.2746262258483859,0.2921502548084826,1.1584451663368045,1.0713874732862074,15116786000.0,,333.74,[],{},0.0206233663322017,30.74187395536329,36.96326154967306,0.0270538896751887,0.0246898790704537,,0.6872062393471412,0.95,19,20,0.3565447649583436,5.0,22.0,0.3620863636363636,0.3620863636363636,0.2272727272727272,0.0,0.8,0.2272727272727272,22.0,4,5,"cheapness,quality,dividend,garp",0.4232666666666667,False,0.73335,0.2839,hold,2,9,stable,0.2434,persistent,insufficient_data,0.0,
ARES,Ares Management Corporation,Financial Services,41455124480.0,57.91705,17.172356,11.044908,4.3,0.488,168.762,0.14182,0.0184177419010665,0.10539,0.283,7.705,1757137152.0,46870716416.0,1379773056.0,892716000.0,5601482000.0,14147783680.0,1438083968.0,11.379,28633369000.0,8869165000.0,,7488517000.0,527362000.0,,0.5419738919093197,,221955340.0,0.01863592107926,0.5542227476915688,1.1843686807414606,2.80992072826306,0.4967025011971172,0.5283637784904447,0.1956277656324689,0.1561136841739782,203362482.0,767460000.0,125.68,[],{},0.0423864883784809,33.96987367754484,52.50350213953822,0.0190463485148534,0.0172660727713169,,0.0422190706276875,0.95,19,20,0.2784319282275155,4.0,22.0,0.3779772727272727,0.3779772727272727,0.1818181818181818,0.0,0.9518,0.1818181818181818,22.0,2,5,"dividend,garp",0.554585,False,0.53335,0.2816,hold,2,6,stable,0.1064,persistent,insufficient_data,0.0,
VRTX,Vertex Pharmaceuticals Incorporated,Healthcare,123260600320.0,28.821957,22.681894,6.3751163,,3.023,10.26,0.24197,0.154162929454432,0.35507,0.078,0.614,2783225088.0,118000402432.0,4981199872.0,4554400000.0,12001300000.0,1986499968.0,7246700032.0,76.179,25643000000.0,11201000000.0,,3861200000.0,3953200000.0,,0.8624065726212994,,253991224.0,-0.0237693714163989,0.8611174127276522,2.9009116336890086,2.692139370476351,0.0791834028779784,0.0774102213622565,0.4680146628709589,0.4890605861573145,256940382.0,13300000.0,485.65,[],{},0.0225800059449199,23.68915230551102,25.909099427366943,0.038596478538491,0.0346957703115024,,0.209091994233718,0.9,18,20,0.3277251842356529,4.0,22.0,0.4042454545454545,0.4042454545454545,0.1818181818181818,0.0,1.0,0.1818181818181818,22.0,4,5,"cheapness,quality,garp,risk",0.45596,True,0.83335,0.264,hold,2,6,stable,0.213,persistent,insufficient_data,0.0,
KO,Coca-Cola Company (The),Consumer Defensive,350910447616.0,25.647797,23.415249,10.435005,2.6,1.358,124.943,0.43372002,0.1250477026408182,0.278,0.121,0.182,3124250112.0,383838453760.0,16714999808.0,14911000000.0,47941000000.0,44646998016.0,13820000256.0,7.816,104816000000.0,31044000000.0,,21281000000.0,13107000000.0,,0.6162574831563797,,4301608845.0,0.1057295447990532,0.6106330082233696,1.4587660354306655,1.0296249356410154,0.4340177072202717,0.4427890879073884,0.4573824606930239,0.4680404578862047,4302000000.0,1654000000.0,81.56,[],{},0.0089032690055978,22.96371272324456,25.74196591509624,0.0388470718708222,0.0389897034821353,,0.1785000299275752,0.95,19,20,0.3209884201819685,4.0,22.0,0.4042590909090909,0.4042590909090909,0.1818181818181818,0.0,0.9078,0.1818181818181818,22.0,4,5,"cheapness,quality,dividend,garp",0.5062433333333333,False,0.56665,0.2594,hold,2,6,stable,0.2205,persistent,insufficient_data,0.0,
AVGO,Broadcom Inc.,Technology,1764229775360.0,61.701332,19.098053,20.120728,0.7,2.238,74.018,0.37280998,0.1351670446309587,0.38848,0.479,0.854,27212249088.0,1809508728832.0,42083999744.0,26075000000.0,63887000000.0,64907001856.0,19627999232.0,18.43,171092000000.0,31573000000.0,,18514000000.0,23126000000.0,,0.6776652527118193,,4741000000.0,0.0355881553925563,0.6303369915073487,1.7053581073782005,1.1735641133137689,0.3807074556379024,0.4078964049624196,0.373407289645337,0.3113525913851912,4686000000.0,3210000000.0,370.825,[],{},0.0154244359028841,42.997546332082784,69.39630791302014,0.0144099885148555,0.0162071055451444,,0.1708961973547955,0.95,19,20,0.3019049517742964,5.0,22.0,0.3893181818181818,0.3893181818181818,0.2272727272727272,0.0,1.0,0.2272727272727272,22.0,4,5,"quality,dividend,garp,risk",0.5061899999999999,True,0.83335,0.259,hold,2,6,stable,0.2131,persistent,insufficient_data,0.0,
DXCM,"DexCom, Inc.",Healthcare,29577164800.0,32.896996,24.906822,10.003916,,1.948,46.833,0.35624,0.1319105979589583,0.19311,0.15,0.922,1056637504.0,28546762752.0,1292300032.0,911800000.0,4662000000.0,1384800000.0,2415200000.0,7.662,6339900000.0,4033300000.0,,2142500000.0,836300000.0,,0.601008151008151,,384800000.0,0.0888580461099545,0.6045623605256633,1.882520420070012,1.4670532060027286,0.2191990409943374,0.3990130310740998,0.7353428287512421,0.6219446372118128,390700000.0,18300000.0,76.65,[],{},0.0357247731871852,22.08988783186844,31.308140767712217,0.0319405744154341,0.0303979123200185,,0.2172297136322485,0.9,18,20,0.325562246918179,5.0,22.0,0.4041954545454544,0.4041954545454544,0.2272727272727272,0.0,1.0,0.2272727272727272,22.0,4,5,"cheapness,quality,garp,risk",0.475695,True,0.83335,0.2542,hold,2,6,stable,0.2087,persistent,insufficient_data,0.0,
VMC,Vulcan Materials Company,Basic Materials,37412225024.0,34.12189,26.762865,4.4170904,0.72,2.589,61.249,0.13458,0.0644715096644391,0.13809,0.074,0.297,244387504.0,42487726080.0,2350599936.0,1567200000.0,7941100000.0,5191300096.0,140200000.0,65.276,16700400000.0,2567900000.0,,956100000.0,1076700000.0,,0.2738411555074234,,130600000.0,0.0533125204620925,0.2695714304973239,2.6858069239619287,1.828504559761117,0.2924900002395152,0.3407698423834245,0.4755035807525568,0.4336618960759553,132061259.0,239700000.0,288.33,[],{},0.0065322900159834,18.075268968270745,27.11059601837672,0.0368859467096244,0.0293067001857165,,0.0995407861892875,0.95,19,20,0.2857352941176471,4.0,22.0,0.3580636363636363,0.3580636363636363,0.1818181818181818,0.0,1.0,0.1818181818181818,22.0,4,5,"quality,dividend,garp,risk",0.4282666666666667,True,0.66665,0.2532,hold,2,6,stable,0.2048,persistent,insufficient_data,0.0,
AON,Aon plc,Financial Services,78427586560.0,20.165295,17.17939,7.9760633,0.89,1.066,155.05,0.46447,0.0727591367359798,0.22544001,0.065,0.271,3341625088.0,92804587520.0,5843999744.0,4709000000.0,17181000000.0,15473999872.0,1243000064.0,46.039,50784000000.0,25774000000.0,,23226000000.0,3695000000.0,,0.4770385891391653,,214500000.0,0.0542019810068416,0.4723531660084087,1.109704641350211,1.0190041313328984,0.3164579395085066,0.3654038598999285,0.3383152173913043,0.3205963443275809,216000000.0,815000000.0,367.21,[],{},0.0426077766073234,15.88032025759103,19.70791835209174,0.0507410261263774,0.049590149809363,,0.1708759706800203,0.95,19,20,0.3212332189765674,6.0,22.0,0.4742636363636364,0.4742636363636364,0.2727272727272727,0.0,1.0,0.2727272727272727,22.0,4,5,"cheapness,quality,dividend,garp",0.57369,False,0.73335,0.2493,hold,2,9,stable,0.2168,persistent,insufficient_data,0.0,
ROST,"Ross Stores, Inc.",Consumer Cyclical,74889551872.0,32.56067,27.31747,11.886966,0.76,1.541,74.911,0.38981998,0.1379561568248276,0.097399995,0.206,0.374,2047583488.0,75481718784.0,3430964992.0,2707357000.0,22750559000.0,4723149824.0,4130980096.0,19.64,15548737000.0,7640097000.0,,4827180000.0,2145044000.0,,0.2770614559404892,,322333000.0,0.140267254697849,0.2777534276113092,1.5827246964065975,1.6171126114772647,0.3352258128747049,0.3812346481111591,1.4631772985805858,1.4175611116880855,328813000.0,37942000.0,233.46,[],{},0.0273413772257536,22.00014251384119,27.880223695655943,0.0358677179536336,0.0307118987416413,,0.2525152829948113,0.95,19,20,0.2961845680430789,5.0,22.0,0.3924318181818181,0.3924318181818181,0.2272727272727272,0.0,1.0,0.2272727272727272,22.0,4,5,"cheapness,dividend,garp,risk",0.4902633333333333,True,0.83335,0.2474,hold,2,6,stable,0.2066,persistent,insufficient_data,0.0,
GWW,W. W. Grainger,Industrials,65862773597.255615,37.449932,27.634058,16.763926,0.66,2.686,64.034,0.46129,0.1903592948002678,0.09696,0.101,0.182,1152125056.0,68361773056.0,3084999936.0,2495000000.0,17942000000.0,2780999936.0,695000000.0,83.215,8962000000.0,5484000000.0,,1940000000.0,1706000000.0,,0.3906476424032995,,47418781.0,0.2162192773813569,0.3936393289841565,2.8268041237113404,2.488937093275488,0.3193483597411292,0.3605164797825348,2.0020084802499443,1.944501075999547,48332870.0,81000000.0,1395.01,[],{},0.0174928110839232,22.15940825743991,27.399508238877758,0.0364970053944646,0.0267023181777739,,0.3553118769581316,0.95,19,20,0.2883040322448125,4.0,22.0,0.3882636363636363,0.3882636363636363,0.1818181818181818,0.0,1.0,0.1818181818181818,22.0,4,5,"cheapness,dividend,garp,risk",0.4660416666666666,True,0.83335,0.2297,hold,2,6,stable,0.1968,persistent,insufficient_data,0.0,
CBOE,"Cboe Global Markets, Inc.",Financial Services,28613392384.0,23.368378,18.20219,5.3258924,1.05,1.385,29.489,0.2514,0.1182122016485228,0.25774,0.065,0.544,1003075008.0,28061790208.0,1784199936.0,1514100000.0,4714200000.0,1584600064.0,2136199936.0,51.336,9305300000.0,4421400000.0,,2362300000.0,1100000000.0,,0.4090407704382504,,104647739.0,0.0982013326314978,0.3932104042007571,1.8716505100960927,1.776877866972477,0.1709455901475503,0.2053253906099549,0.5066145100104241,0.5256704882463956,104686478.0,52300000.0,273.41,[],{},0.0350561371590772,15.7279403736062,18.53364388613698,0.0539559304227266,0.0427928716319121,,0.2180757597580296,0.95,19,20,0.2835176731120923,8.0,22.0,0.5723363636363638,0.5723363636363638,0.3636363636363636,0.0,1.0,0.3636363636363636,22.0,5,5,"cheapness,quality,dividend,garp,risk",0.6876883333333333,True,0.83335,0.2285,hold,2,6,stable,0.2432,persistent,insufficient_data,0.0,
AMAT,"Applied Materials, Inc.",Technology,420528521216.0,49.733334,31.62976,17.588495,0.4,2.508,30.399,0.39692003,0.1927876801013802,0.29314,0.114,0.335,3040375040.0,419555540992.0,9274999808.0,8470000000.0,28368000000.0,7267999744.0,8240999936.0,30.114,36299000000.0,20881000000.0,,7999000000.0,6998000000.0,,0.4867456288776086,,793000000.0,0.2085791508035688,0.4745731527818663,2.6104513064133017,2.5059045819555976,0.1942202264525193,0.1919846551774245,0.7815091324829885,0.7897933680141823,818000000.0,269000000.0,529.66,[],{},0.0072298902134115,45.23509969564842,49.53430236033058,0.0201880303617811,0.0201072383363641,,0.2992932862190812,0.95,19,20,0.2774731216238291,5.0,22.0,0.3857409090909091,0.3857409090909091,0.2272727272727272,0.0,1.0,0.2272727272727272,22.0,5,5,"cheapness,quality,dividend,garp,risk",0.4345766666666666,True,0.66665,0.2246,hold,2,9,stable,0.2385,persistent,insufficient_data,0.0,
CTAS,Cintas Corporation,Industrials,81810055168.0,41.63951,33.609398,15.916698,0.88,1.434,52.646,0.40714002,0.161,0.17754,0.089,0.156,1463799936.0,84226990080.0,3134493952.0,,11264760832.0,2705957120.0,289017984.0,12.845,9825241000.0,3436169000.0,,1644502000.0,,,,,402948000.0,0.1976570150762088,0.5003939486165667,2.089489097611313,1.7419600233850454,0.2701695561462564,0.290995010588607,1.1465124195935754,1.1277551945905344,405007976.0,,204.45,[],{},0.0178926653086106,26.87100098765799,,,0.0240156524416353,,,0.85,17,20,0.2745610285713308,4.0,22.0,0.3463318181818181,0.3463318181818181,0.1818181818181818,0.0,1.0,0.1818181818181818,22.0,4,5,"quality,dividend,garp,risk",0.4582516666666666,True,0.75,0.2165,hold,2,6,stable,0.167,persistent,insufficient_data,0.0,
GOOG,Alphabet Inc.,Communication Services,4223554551808.0,26.381098,23.627647,8.759427,0.25,1.922,20.026,0.38884997,0.2220295961067126,0.37919,0.218,0.82,27921750016.0,4162625994752.0,161315995648.0,129039000000.0,402836000000.0,95875997696.0,126839996416.0,39.514,595281000000.0,206038000000.0,,102745000000.0,132170000000.0,,0.5965231508603998,,12088000000.0,0.2223579474787676,0.5820043540617911,2.005333592875566,1.8369313974102917,0.0996017007094128,0.0501359226751003,0.6767157023321759,0.7773755374720159,12211000000.0,736000000.0,346.12,[],{},0.0066109599564772,25.80417383924573,32.25866594403242,0.0309994220385605,0.037905927948867,,0.2619889713645297,0.95,19,20,0.2779080854309687,6.0,22.0,0.4440363636363635,0.4440363636363635,0.2727272727272727,0.0,1.0,0.2727272727272727,22.0,5,5,"cheapness,quality,dividend,garp,risk",0.545435,True,0.66665,0.2092,hold,2,9,stable,0.2314,persistent,insufficient_data,0.0,
SPGI,S&P Global Inc.,Financial Services,133448638464.0,28.498104,22.22232,4.2809124,0.86,0.677,38.392,0.13939999,0.0730555555555555,0.30361998,0.104,0.325,5298874880.0,150570647552.0,7872999936.0,6177000000.0,15336000000.0,13900000256.0,1810000000.0,105.314,61200000000.0,6296000000.0,,7637000000.0,4471000000.0,,0.7024647887323944,,298800000.0,0.0639643978014314,0.6930602477477478,0.8244074898520362,0.8540362953692116,0.2219281045751634,0.1981534680593148,0.2505882352941176,0.2359309875292672,307800000.0,287000000.0,450.84,[],{},0.0397072232507599,19.12493951174852,24.376015468997892,0.0410239319576994,0.0350900537102398,,0.1153221440173253,0.95,19,20,0.236420807183299,4.0,22.0,0.4362863636363637,0.4362863636363637,0.1818181818181818,0.0,0.8,0.1818181818181818,22.0,3,5,"quality,dividend,garp",0.5054666666666666,False,0.73335,0.2092,hold,2,6,stable,0.127,persistent,insufficient_data,0.0,
EA,Electronic Arts,Communication Services,52381983477.1344,59.515667,21.695284,7.743059,0.36,1.046,27.41,0.1349,0.067550072347879,0.11778,0.119,0.853,2219124992.0,51255984128.0,1484999936.0,1162000000.0,7531000000.0,1854000000.0,2980000000.0,26.979,13131000000.0,3973000000.0,,3797000000.0,887000000.0,,0.789669366617979,,250710000.0,0.090637128072445,0.7932466836392872,1.0463523834606268,0.9470945359930616,0.117888965044551,0.1577457956015523,0.5735282918284974,0.6034120310478654,252315000.0,53000000.0,208.9,[],{},0.0423642795612862,34.51581571515973,44.11014124612737,0.0226705236426282,0.0168022984603365,,0.1244911077780158,0.95,19,20,0.2322725972540046,4.0,22.0,0.3743909090909091,0.3743909090909091,0.1818181818181818,0.0,0.8,0.1818181818181818,22.0,3,5,"quality,dividend,garp",0.4545316666666666,False,0.73335,0.2083,hold,2,6,stable,0.1256,persistent,insufficient_data,0.0,
NDAQ,"Nasdaq, Inc.",Financial Services,51826159616.0,27.60241,20.202377,4.3009343,1.22,0.996,79.058,0.162,0.0575789778765336,0.35283002,0.137,0.338,1559624960.0,60817158144.0,3216000000.0,2433000000.0,8262000000.0,9516999680.0,531000000.0,21.307,31053000000.0,8003000000.0,,7961000000.0,1788000000.0,,0.4222948438634713,,569894024.0,0.0367494653725941,0.4039189189189189,1.0052757191307624,0.985320172108327,0.3048336714649148,0.3246586609639743,0.2660612501207612,0.2434610955749301,575062217.0,354000000.0,91.64,[],{},0.0300933924403402,18.910807880597016,24.99677687792848,0.0400051576602651,0.0362287206080918,,0.1053611640394941,0.95,19,20,0.2366041145745882,5.0,22.0,0.4192136363636364,0.4192136363636364,0.2272727272727272,0.0,0.8228,0.2272727272727272,22.0,3,5,"quality,dividend,garp",0.5203049999999999,False,0.73335,0.2077,hold,2,6,stable,0.1266,persistent,insufficient_data,0.0,
KLAC,KLA Corporation,Technology,277910061056.0,60.269123,41.456944,47.6911,0.43,3.026,105.4,0.94975996,0.2527795435453213,0.35661998,0.115,0.118,2890187008.0,279097475072.0,5850215936.0,5014227000.0,12156162000.0,6145359872.0,4957938176.0,4.461,16067926000.0,10698789000.0,,4085795000.0,4061643000.0,,0.6090980853989936,,1320230000.0,0.1789538464409327,0.5996765063089016,2.618532990519593,2.152248532110761,0.378909014144078,0.4418708547331187,0.7565482937872628,0.6357731583225807,1344250000.0,302166000.0,212.75,[],{},0.010399720675883,47.70720912275058,55.66111687245112,0.0179658629971713,0.0165922440915558,,0.418475394735711,0.95,19,20,0.2580847009406997,4.0,22.0,0.3255727272727272,0.3255727272727272,0.1818181818181818,0.0,0.8,0.1818181818181818,22.0,3,5,"cheapness,quality,dividend",0.3846699999999999,False,0.73335,0.188,hold,2,6,stable,0.1271,persistent,insufficient_data,0.0,
LRCX,Lam Research Corporation,Technology,391803895808.0,59.224953,38.766644,37.015594,0.33,2.536,35.282,0.66762,0.2510260826056932,0.30938998,0.238,0.408,4352341504.0,390787432448.0,7847764992.0,5900968000.0,18435591000.0,3734479104.0,4750936064.0,8.464,21345260000.0,14516995000.0,,6568425000.0,5358217000.0,,0.4870502388559173,,1268740000.0,0.2042052570728153,0.4731706377815375,2.210118102893768,2.969552636225296,0.2100937163566993,0.2658525639849242,0.8636854739647116,0.7951775027090284,1303770000.0,178203000.0,313.3,[],{},0.0111084691871793,49.796016171020426,66.22429276823735,0.0151001990085369,0.0168847749022274,,0.3993391006937548,0.95,19,20,0.2557135910162674,5.0,22.0,0.399540909090909,0.399540909090909,0.2272727272727272,0.0,1.0,0.2272727272727272,22.0,5,5,"cheapness,quality,dividend,garp,risk",0.4626966666666667,True,0.83335,0.1847,hold,2,6,stable,0.2092,persistent,insufficient_data,0.0,
APP,AppLovin Corporation,Communication Services,142619770880.0,36.88445,19.587524,60.406944,,3.244,162.888,2.66444,0.4592208121372911,0.6429,0.59,1.131,3180097280.0,143711141888.0,4872055808.0,4151914000.0,5480717000.0,3849840128.0,2758671104.0,7.028,7259610000.0,4430792000.0,,1333788000.0,3333764000.0,,0.8786399662671873,,338313000.0,0.2691634497642717,0.8385224459361463,3.3219612112269714,2.186525978938449,0.4882825661433603,0.6056318182584889,0.7549602526857503,0.5493126133980456,340041739.0,207016000.0,424.54,[],{},0.0222977309553787,29.49702293065359,34.61322702926891,0.0288906896532473,0.0271116961212651,,0.700647775110356,0.9,18,20,0.2739040696370081,4.0,22.0,0.3244454545454545,0.3244454545454545,0.1818181818181818,0.0,0.8,0.1818181818181818,22.0,3,5,"cheapness,quality,garp",0.4060483333333333,False,0.73335,0.1843,hold,2,6,stable,0.1237,persistent,insufficient_data,0.0,
GOOGL,Alphabet Inc.,Communication Services,4231485980672.0,26.4508,23.67202,8.775877,0.25,1.922,20.026,0.38884997,0.2220295961067126,0.37919,0.218,0.82,27921750016.0,4170501324800.0,161315995648.0,129039000000.0,402836000000.0,95875997696.0,126839996416.0,39.514,595281000000.0,206038000000.0,,102745000000.0,132170000000.0,,0.5965231508603998,,12088000000.0,0.2223579474787676,0.5820043540617911,2.005333592875566,1.8369313974102917,0.0996017007094128,0.0501359226751003,0.6767157023321759,0.7773755374720159,12211000000.0,736000000.0,346.77,[],{},0.0065985684800888,25.85299311483192,32.31969656305458,0.0309408845484992,0.0378060398929332,,0.2619889713645297,0.95,19,20,0.2435545385202135,6.0,22.0,0.44185,0.44185,0.2727272727272727,0.0,1.0,0.2727272727272727,22.0,5,5,"cheapness,quality,dividend,garp,risk",0.5445083333333334,True,0.66665,0.1727,hold,2,9,stable,0.1977,persistent,insufficient_data,0.0,
MPWR,"Monolithic Power Systems, Inc.",Technology,64458559488.0,94.32063,42.93365,17.527922,0.61,4.787,0.543,0.19574,0.1481768032465794,0.22984,0.261,0.395,491719136.0,63111417856.0,857198976.0,728636000.0,2790459000.0,19968000.0,1367108992.0,74.852,4194199000.0,2183802000.0,,369365000.0,621483000.0,,0.551787716644466,,48709000.0,0.4528266789388086,0.5531557247066287,5.912314377377391,5.313062902497564,0.0047618150688605,0.0036901754411912,0.6653139252572422,0.6277621563321465,47823000.0,,1312.0,[],{},0.0076284536903363,73.62516711172553,86.61583816336278,0.0115452326180107,0.0106021344429103,,0.1905013394045336,0.95,19,20,0.1933934824366456,4.0,22.0,0.3714454545454545,0.3714454545454545,0.1818181818181818,0.0,1.0,0.1818181818181818,22.0,4,5,"quality,dividend,garp,risk",0.4348816666666667,True,0.83335,0.1693,hold,2,6,stable,0.1378,persistent,insufficient_data,0.0,
CASY,"Casey's General Stores, Inc.",Consumer Cyclical,31791659008.0,44.83925,36.505295,8.02316,0.3,1.01,73.514,0.19153,0.0799511641322709,0.04068,0.145,0.66,550939648.0,34173745152.0,1493432960.0,1033657000.0,17561101000.0,2905074944.0,522991008.0,107.08,8936055000.0,1364012000.0,,1350606000.0,714448000.0,,0.2460575222476085,,36904285.0,0.0665828634529864,0.2353946913533546,1.0099259147375326,0.919360475195903,0.3250959176056996,0.3603626312389758,1.965196163183866,1.9420894046601185,37119083.0,,859.12,[],{},0.0173296916609907,22.8826777413564,33.061010714385915,0.0302471091594567,0.0223018895275902,,0.1362684001962177,0.95,19,20,0.1959551938445821,4.0,22.0,0.3361090909090908,0.3361090909090908,0.1818181818181818,0.0,0.8,0.1818181818181818,22.0,3,5,"quality,dividend,garp",0.4324,False,0.73335,0.1684,hold,2,6,stable,0.1038,persistent,insufficient_data,0.0,
TER,Teradyne,Technology,50462929049.22192,59.917286,32.770447,,0.16,2.147,2.621,0.2875,0.1324331036507084,0.22553,0.87,3.148,298311264.0,50298949632.0,1161465984.0,688605000.0,3190024000.0,82398000.0,245596992.0,,4183599000.0,1949300000.0,,1115207000.0,554047000.0,,0.582235431457569,,156088000.0,0.1462426059275533,0.5847507695362923,1.7479266181076698,2.908194159585897,0.0677022343680644,0.0206597219413521,0.7625071140900455,0.7603390285689325,161722000.0,6846000.0,322.355,[],{},0.0059114932410884,43.306433700946,73.044705792145,0.0136902461192134,0.0166896744956038,,0.2244188486999053,0.85,17,20,0.219169888990089,5.0,22.0,0.4253045454545454,0.4253045454545454,0.2272727272727272,0.0,1.0,0.2272727272727272,22.0,4,5,"quality,dividend,garp,risk",0.5494216666666667,True,0.66665,0.1682,hold,2,6,stable,0.1317,persistent,insufficient_data,0.0,
TRGP,Targa Resources Corp.,Energy,60724908032.0,28.897856,23.712654,19.36811,1.77,0.718,585.249,0.74097997,0.0762538463978682,0.12874,-0.102,1.429,-318550016.0,79889104896.0,5217399808.0,3331200000.0,17028300000.0,19131799552.0,100100000.0,14.607,25218400000.0,2362700000.0,,3546800000.0,1923000000.0,,0.2939342153943729,,214662156.0,0.0577106637166195,0.2597747459023899,0.666149768805684,0.7237912122549328,0.6948101386289376,0.6274715075591293,0.6752331630872697,0.7205695409099107,217763821.0,852800000.0,282.91,[],{},-0.0052457883646712,15.312053481794432,23.98208,0.0416978010247651,0.0346046433340937,,0.1537126931098765,0.95,19,20,0.2361904761904762,4.0,22.0,0.3805090909090909,0.3805090909090909,0.1818181818181818,0.0,0.9097,0.1818181818181818,22.0,3,5,"cheapness,dividend,garp",0.5000833333333333,False,0.36665,0.16,hold,2,6,stable,0.1129,persistent,insufficient_data,0.0,
TECH,Bio-Techne Corporation,Healthcare,11237064704.0,103.02858,35.261677,5.4131956,0.44,4.489,13.922,0.053400002,0.0286957731986169,0.09049,-0.015,1.286,299849376.0,11367946240.0,366044992.0,242804000.0,1219635000.0,290321984.0,214114000.0,13.323,2557868000.0,608300000.0,,175849000.0,73400000.0,,0.6479577906504815,,154972196.0,0.0621720668953021,0.6640941797663624,3.459217851679566,3.873904341224377,0.1736047364445702,0.1551622176682507,0.4768170210503435,0.4286675343128933,158216258.0,8509000.0,72.12,[],{},0.0266839591920534,31.05614470474712,46.81943559414178,0.0213586513231082,0.0097060446722647,,0.1019320164952504,0.95,19,20,0.1485507670378321,4.0,22.0,0.3389,0.3389,0.1818181818181818,0.0,1.0,0.1818181818181818,22.0,3,5,"dividend,garp,risk",0.4251066666666666,True,0.83335,0.1395,hold,2,6,stable,0.0821,persistent,insufficient_data,0.0,
LLY,Lilly (Eli),Healthcare,1051461196166.0416,41.842087,26.255041,,0.59,1.497,139.015,1.07459,0.1835058145737757,0.34986,0.555,1.699,9156599808.0,1089549238272.0,36215001088.0,29696000000.0,65179000000.0,43370000384.0,5281999872.0,,112476000000.0,55629000000.0,,35228000000.0,20640000000.0,,0.8304361834333144,,894800000.0,0.1345359842469669,0.8131119152809537,1.5791132054047916,1.1537919368480405,0.3778850599238949,0.4274153592072667,0.5794925139585334,0.572228927142222,897538000.0,,1179.11,[],{},0.0087084524292364,30.08557795219912,36.69010096551724,0.0272553079355065,0.0238993815007363,,0.3844241922120961,0.85,17,20,0.2454760348103345,6.0,22.0,0.3810590909090909,0.3810590909090909,0.2727272727272727,0.0,0.8172,0.2727272727272727,22.0,4,5,"cheapness,quality,dividend,garp",0.5106066666666667,False,0.56665,0.1392,hold,2,6,stable,0.1308,persistent,insufficient_data,0.0,
V,Visa Inc.,Financial Services,681889234944.0,31.26068,24.116596,19.233988,0.75,1.088,67.233,0.60349,0.2013309644975759,0.51679003,0.171,0.355,20839749632.0,686275428352.0,30143000576.0,26556000000.0,40000000000.0,23975999488.0,13912999936.0,18.642,99627000000.0,37766000000.0,,35048000000.0,20058000000.0,,0.803625,,1933259368.0,0.2088963189470009,0.803985971162946,1.0775507874914405,1.2834408115548517,0.2526523934274845,0.2204611103469437,0.4014975859957642,0.3801250648072711,1980512564.0,589000000.0,358.56,[],{},0.0305617812454708,22.76732293527592,25.84257525048953,0.0386958339216234,0.0319890674163198,,0.4112172687715821,0.95,19,20,0.2089984328887638,6.0,22.0,0.4008181818181819,0.4008181818181819,0.2727272727272727,0.0,0.8,0.2727272727272727,22.0,4,5,"cheapness,quality,dividend,garp",0.4870683333333333,False,0.73335,0.127,hold,2,6,stable,0.1277,persistent,insufficient_data,0.0,
STX,Seagate Technology,Technology,178209734656.0,74.65971,27.65697,161.40573,0.38,1.326,381.553,17.8797,0.1830985915492957,0.21599,0.441,1.083,1610000000.0,179648200704.0,3513999872.0,1915000000.0,9097000000.0,4177999872.0,1146000000.0,4.88,8023000000.0,3653000000.0,,2648000000.0,1469000000.0,,0.3517643179070023,,212668547.0,0.0432872464142654,0.2344680201495954,1.3795317220543806,1.0751855437237818,0.6225850679297021,0.7331696601628117,1.133865137729029,0.8464917948055304,210182269.0,321000000.0,787.66,[],{},0.0090342988451657,51.12356495384642,93.81107086370756,0.0106597226829745,0.0133941050668426,,0.3562790697674418,0.95,19,20,0.208523347296749,4.0,22.0,0.3261136363636363,0.3261136363636363,0.1818181818181818,0.0,0.75,0.1818181818181818,22.0,3,5,"quality,dividend,garp",0.4301649999999999,False,0.63335,0.1241,hold,2,6,stable,0.0948,persistent,insufficient_data,0.0,
FIX,Comfort Systems USA,Industrials,58900073857.58057,48.31342,30.904285,91.20458,0.16,1.24,45.489,0.53294,0.1587534809286947,0.12073,0.01,0.388,1099853568.0,61160378368.0,1736283008.0,1312615000.0,9101641000.0,303920992.0,70540000.0,18.355,6441169000.0,4110553000.0,,3393850000.0,1022558000.0,,0.2412640753464128,,35177220.0,0.1108943411797869,0.2100912190948784,1.2111769818937197,1.0803288717152515,0.0750419683135157,0.0655050383266031,1.413041794121533,1.4916885441324808,35560912.0,6981000.0,1674.06,[],{},0.0186732120346644,35.22489023171964,46.59430097020071,0.0214618521831575,0.0206981828237371,,0.4307442049880567,0.95,19,20,0.1920671175316181,5.0,22.0,0.3832772727272726,0.3832772727272726,0.2272727272727272,0.0,1.0,0.2272727272727272,22.0,5,5,"cheapness,quality,dividend,garp,risk",0.443355,True,0.83335,0.1107,hold,2,6,stable,0.1438,persistent,insufficient_data,0.0,
MA,Mastercard,Financial Services,480316162048.0,31.440136,23.850138,71.7529,0.64,0.981,282.059,2.32076,0.2763816311834112,0.45876,0.158,0.212,16148124672.0,491060199424.0,21376999424.0,19514000000.0,32791000000.0,18959998976.0,8218999808.0,7.576,54157000000.0,23558000000.0,,22762000000.0,14968000000.0,,0.7788722515324327,,894037665.0,0.2677564942492876,0.7630915610466148,1.0349705649767156,1.026222684703434,0.350831840759274,0.3790686549780578,0.6054803626493344,0.5858239221314032,913400000.0,722000000.0,543.6,[],{},0.0336197820267939,22.971427826895376,25.164507503535923,0.0397385086856751,0.0318064781908068,,0.6215639433030737,0.95,19,20,0.1993808284512372,5.0,22.0,0.3843,0.3843,0.2272727272727272,0.0,0.7778,0.2272727272727272,22.0,4,5,"cheapness,quality,dividend,garp",0.452695,False,0.63335,0.1094,hold,2,6,stable,0.1173,persistent,insufficient_data,0.0,
TPL,Texas Pacific Land Corporation,Energy,28672671744.0,57.180195,5.685175,18.428053,0.58,4.227,1.156,0.36466,0.2965456317402195,0.60025,0.208,0.183,-56057624.0,28443086848.0,690252032.0,592161000.0,798190000.0,17987000.0,247571008.0,22.558,1623278000.0,319320000.0,,73569000.0,481376000.0,,0.8545947706686378,,68938230.0,0.3637441707664941,0.8990030078362422,4.340415120499124,8.333923841059603,0.0099644053575542,0.0003629749523244,0.4917149126643741,0.565554237912854,68915409.0,690000.0,415.7,[],{},-0.0019550889606836,41.20681364107886,48.03269186589458,0.0208191538128231,0.0174885727479593,,0.3821110931149009,0.95,19,20,0.1795238095238095,5.0,22.0,0.3646272727272727,0.3646272727272727,0.2272727272727272,0.0,1.0,0.2272727272727272,22.0,5,5,"cheapness,quality,dividend,garp,risk",0.4158366666666667,True,0.66665,0.0914,hold,2,6,stable,0.1287,persistent,insufficient_data,0.0,
HWM,Howmet Aerospace Inc.,Industrials,109001277440.0,63.35581,45.010258,19.782877,0.18,2.444,87.794,0.33818,0.1348957867430002,0.20225,0.191,0.714,1192749952.0,111414280192.0,2560999936.0,2115000000.0,8252000000.0,4848000000.0,2435000064.0,13.771,11179000000.0,3779000000.0,,1771000000.0,1508000000.0,,0.3417353368880271,,401620565.0,0.1098013119117786,0.3110363391655451,2.13382269904009,2.170432537120723,0.2874139010644959,0.3299743321608518,0.738169782628142,0.7063409069303166,405431361.0,151000000.0,272.43,[],{},0.0109425318676338,43.50421045539612,52.67814666288416,0.018983203915649,0.0157838720710855,,0.2248086734693877,0.95,19,20,0.1482569804840256,4.0,22.0,0.3376590909090909,0.3376590909090909,0.1818181818181818,0.0,0.8,0.1818181818181818,22.0,3,5,"quality,dividend,garp",0.4145399999999999,False,0.73335,0.0866,hold,2,6,stable,0.0669,persistent,insufficient_data,0.0,
MCO,Moody's Corporation,Financial Services,89235202048.0,36.62079,27.390078,29.805134,0.81,1.157,235.539,0.71361,0.1553379658875552,0.31691,0.081,0.078,2266125056.0,95277203456.0,3814000128.0,3462000000.0,7718000000.0,7402999808.0,1510000000.0,17.14,15830000000.0,5186000000.0,,2981000000.0,2459000000.0,,0.7443638248250842,,177542987.0,0.1327313769751693,0.7255925507900677,1.7396846695739685,1.4706700027800943,0.4643714466203411,0.4995807803934214,0.4875552747946936,0.4571428571428571,180309059.0,281000000.0,510.86,[],{},0.025394967501514,24.98091249565894,27.520855995378398,0.036336079087363,0.0273068931609613,,0.2694373102965211,0.95,19,20,0.1730633696824481,5.0,22.0,0.369540909090909,0.369540909090909,0.2272727272727272,0.0,0.8,0.2272727272727272,22.0,4,5,"cheapness,quality,dividend,garp",0.4577833333333333,False,0.73335,0.0864,hold,2,6,stable,0.0986,persistent,insufficient_data,0.0,
WST,"West Pharmaceutical Services, Inc.",Healthcare,25308792832.0,47.829105,37.239975,8.493526,0.25,2.71,10.734,0.19131,0.1156206088992974,0.16849001,0.21,0.561,275662496.0,25108393984.0,869900032.0,636100000.0,3074100000.0,321000000.0,521400000.0,42.178,4270000000.0,1978200000.0,,654900000.0,493700000.0,,0.3591295013174587,,72043412.0,0.1352308283471482,0.3451195907645513,3.0206138341731563,2.794513081395349,0.0751990632318501,0.0829719492781467,0.7199297423887587,0.79409342921447,72300000.0,500000.0,358.24,[],{},0.0108919654062463,28.863539556692416,39.47240054079547,0.0253341571908321,0.0209077715336718,,0.1759564050786977,0.95,19,20,0.1373173455876399,5.0,22.0,0.3951,0.3951,0.2272727272727272,0.0,1.0,0.2272727272727272,22.0,4,5,"quality,dividend,garp,risk",0.4583566666666666,True,0.66665,0.0794,hold,2,6,stable,0.0824,persistent,insufficient_data,0.0,
VRT,Vertiv Holdings Co,Industrials,111222546432.0,72.93703,32.63328,26.190304,0.09,1.494,76.913,0.45097,0.1091349775637876,0.14372,0.301,1.357,1964749952.0,111986950144.0,2383000064.0,1896200000.0,10229900000.0,3264900096.0,2500499968.0,11.056,12212400000.0,6819500000.0,,4407000000.0,1332800000.0,,0.363170705480992,,382553680.0,0.0542896249657815,0.3662348036645947,1.5474245518493306,1.6473361317403938,0.2643133208869673,0.3444073364358062,0.8376649962333366,0.8772844237612921,380703974.0,86100000.0,289.56,[],{},0.0176650329904217,46.99410286881134,59.05861731041029,0.0169323300398996,0.0137104568145974,,0.2429343787634202,0.95,19,20,0.1533458608508138,5.0,22.0,0.3587590909090909,0.3587590909090909,0.2272727272727272,0.0,1.0,0.2272727272727272,22.0,4,5,"quality,dividend,garp,risk",0.4827499999999999,True,0.83335,0.0735,hold,2,6,stable,0.0862,persistent,insufficient_data,0.0,
O,Realty Income,Real Estate,61274083292.57759,53.860653,38.71785,,4.95,2.062,73.467,0.02831,0.0145419479404885,0.18899,0.12,0.179,1797902592.0,93261078528.0,5231514112.0,2593823000.0,5749377000.0,30294552576.0,395743008.0,,72795612000.0,5108171000.0,,3594827000.0,1058590000.0,,0.925418006159624,,933975000.0,0.0125048523616003,0.9283504409480906,1.420978255699092,1.6757956732452994,0.4031265785635541,0.3887139513351623,0.0789797192720901,0.0765764366022949,891511000.0,1106497000.0,65.71,[],{},0.0293419745410991,17.82678523490524,35.95506652844084,0.0278124919949456,0.0185664291890408,,0.0374825661298495,0.85,17,20,0.4007849329943323,3.0,22.0,0.3744727272727273,0.3744727272727273,0.1363636363636363,0.0,0.958,0.1363636363636363,22.0,2,5,"dividend,garp",0.49395,False,0.63335,0.4871,avoid,1,1,deteriorating,0.0943,new,neutral,0.625,65.72745250804564
F,Ford Motor Company,Consumer Cyclical,56702177280.0,,7.7813134,1.5139908,4.22,1.09,425.544,-0.14813,-0.0282957532162124,-0.03216,0.064,4.308,-2247500032.0,194465169408.0,7577999872.0,-9169000000.0,187267000000.0,159511003136.0,21778999296.0,9.399,289160000000.0,123487000000.0,,114890000000.0,-8182000000.0,,0.0089711481467637,,3988842918.0,0.0206138936029958,0.083819840857983,1.0748280964400732,1.1648433917592342,0.5731705630100982,0.5640401688663235,0.6476241527182183,0.6486486486486487,3963444836.0,1333000000.0,14.23,[],{},-0.0396369264781784,25.661806900595312,-21.208983466899333,-0.0471498316532091,,,-0.0526137602570723,0.9,18,20,0.3983871425731891,1.0,22.0,0.2578181818181818,0.2578181818181818,0.0454545454545454,0.0,1.0,0.0454545454545454,22.0,1,5,dividend,0.2705616666666666,False,0.25,0.4607,avoid,1,6,stable,0.0773,persistent,insufficient_data,0.0,
MRNA,"Moderna, Inc.",Healthcare,24529328128.0,,-15.033096,3.312969,,2.409,17.522,-0.36556998,-0.2287242664937591,-1.4355099,2.602,,-20000000.0,20622325760.0,-2299000064.0,-3074000000.0,1922000000.0,1298000000.0,5205000192.0,18.66,12338000000.0,6544000000.0,,1987000000.0,-2822000000.0,,0.5483870967741935,,394000000.0,-0.2518031395842172,0.5423569865582994,3.293407146451937,3.671350861287398,0.1057707894310261,0.0528213831141281,0.1557788944723618,0.226205628623957,386000000.0,10000000.0,61.82,[],{},-0.0008153505018822,-8.970128397525786,-6.708629069616135,-0.1490617516072057,,,-0.2969761375712491,0.85,17,20,0.3319047619047618,1.0,22.0,0.2331090909090909,0.2331090909090909,0.0454545454545454,0.0,1.0,0.0454545454545454,22.0,1,5,risk,0.2245466666666666,True,0.65,0.453,avoid,1,6,stable,0.0667,persistent,insufficient_data,0.0,
SNPS,"Synopsys, Inc.",Technology,73580716032.0,87.73402,22.249273,2.4137723,,1.434,35.574,0.03824,0.0276253994834696,0.089090005,0.419,-0.96,3538958592.0,81937170432.0,1696253056.0,914927000.0,7054178000.0,10841960448.0,2484438016.0,159.201,48224461000.0,6012102000.0,,3722494000.0,1332220000.0,,0.7698457566565516,,185994000.0,0.1731265108259333,0.7967683383392336,1.61507365760697,2.4412728480219763,0.2963935252692611,0.0523542896996464,0.1462780060932148,0.4686891352707957,154112000.0,446729000.0,384.275,[],{},0.0480962782485144,48.30480342668872,89.55596504639168,0.0111662020445202,0.0113980870818412,,0.0205592485383848,0.9,18,20,0.4205329285937938,0.0,22.0,0.2413499999999999,0.2413499999999999,0.0,0.0,0.6667,0.0,22.0,0,5,,0.2594233333333333,False,0.63335,0.4502,avoid,1,6,stable,0.0,persistent,insufficient_data,0.0,
HSIC,"Henry Schein, Inc.",Healthcare,10004169728.0,26.531723,14.865748,3.0767615,,1.364,77.748,0.08762,0.0354881854658938,0.029509999,0.063,0.045,290124992.0,15171169280.0,1048000000.0,758000000.0,13184000000.0,3748999936.0,138000000.0,28.543,11215000000.0,4464000000.0,,3228000000.0,398000000.0,,0.3113622572815534,,115771149.0,0.0381679389312977,0.316894184486704,1.382899628252788,1.4209775240813414,0.3063753901025412,0.280876883930319,1.1755684351315203,1.240262282247015,124155884.0,150000000.0,87.82,[],{},0.0290004068191674,14.476306564885496,20.01473519788918,0.0499631891260526,0.0376907296974267,,0.0949042193564542,0.9,18,20,0.4306559361394854,2.0,22.0,0.2584636363636363,0.2584636363636363,0.0909090909090909,0.0,1.0,0.0909090909090909,22.0,2,5,"cheapness,risk",0.27551,True,0.83335,0.4488,avoid,1,6,stable,0.1583,persistent,insufficient_data,0.0,
FANG,"Diamondback Energy, Inc.",Energy,55008002048.0,199.53061,11.465568,1.5081794,2.25,0.561,32.594,0.0047400002,0.0234171603878467,0.01964,0.042,-0.984,1397250048.0,74899005440.0,10149000192.0,4918000000.0,14929000000.0,13898000384.0,174000000.0,129.653,71059000000.0,1915000000.0,,4600000000.0,1664000000.0,,0.3497220175497354,,284594908.0,0.0496047078404565,0.4530527079742357,0.4163043478260869,0.438578258158387,0.2093893806555116,0.1980770373892884,0.2100930212921656,0.1638084764905189,290984373.0,265000000.0,195.54,[],{},0.0254008507122429,7.379939306636285,15.229565969906464,0.0656617530647947,0.0050117623556606,,0.0740005115936141,0.95,19,20,0.3823809523809524,1.0,22.0,0.3766954545454545,0.3766954545454545,0.0454545454545454,0.0,0.8,0.0454545454545454,22.0,1,5,cheapness,0.3875816666666666,False,0.73335,0.4348,avoid,1,6,stable,0.0776,persistent,neutral,0.5,59.8026994471086
CMI,Cummins Inc.,Industrials,89483149312.0,33.66978,19.032547,7.2450194,1.36,1.709,61.621,0.21993999,0.0836373264297481,0.07886,0.027,-0.21,1688625024.0,95562153984.0,5004000256.0,3865000000.0,33670000000.0,8240000000.0,3182000128.0,89.507,33992000000.0,16925000000.0,,9610000000.0,2843000000.0,,0.2529254529254529,,138136253.0,0.1251109701965757,0.2474634918773092,1.7611862643080125,1.313156489229126,0.2387032242880677,0.2409004438807863,0.9905271828665568,1.0812301838934686,137400000.0,329000000.0,648.48,[],{},0.0188708716331863,19.097152097347934,24.72500749909444,0.0404448815652179,0.0297002237614858,,0.1585185792797965,0.95,19,20,0.4323949581517752,3.0,22.0,0.3714136363636363,0.3714136363636363,0.1363636363636363,0.0,1.0,0.1363636363636363,22.0,3,5,"cheapness,garp,risk",0.4458716666666666,True,0.66665,0.4343,avoid,1,6,stable,0.247,persistent,insufficient_data,0.0,
KDP,Keurig Dr Pepper Inc.,Consumer Defensive,42054893568.0,22.896296,12.226622,1.6646918,2.98,2.307,85.985,0.06312,0.0374871526713428,0.10812,0.094,-0.477,-16345499648.0,78386896896.0,4441999872.0,3653000000.0,16603000000.0,28891000832.0,898000000.0,18.568,55459000000.0,5266000000.0,,8290000000.0,2079000000.0,,0.5420104800337289,,1358663795.0,0.0269698671158525,0.5555989837795583,0.6352231604342582,0.4942500309138123,0.2910438341838114,0.2911098633726371,0.2993743125552209,0.2873104997192588,1356664609.0,754000000.0,30.91,[],{},-0.3886705746043656,17.646758026741338,21.458225265808924,0.0466021764434255,0.0436751865891321,,0.0774449320528313,0.95,19,20,0.425221149817924,2.0,22.0,0.3958272727272727,0.3958272727272727,0.0909090909090909,0.0,0.9085,0.0909090909090909,22.0,2,5,"dividend,garp",0.4618766666666666,False,0.36665,0.4292,avoid,1,6,stable,0.1623,persistent,insufficient_data,0.0,
CTVA,"Corteva, Inc.",Basic Materials,58387984384.0,47.18919,21.177807,2.401056,0.82,1.467,13.64,0.051370002,0.025533901272027,0.064959995,0.11,0.121,2576124928.0,60020985856.0,4140999936.0,2619000000.0,17401000000.0,3356000000.0,1966000000.0,36.359,42845000000.0,17335000000.0,,12125000000.0,1094000000.0,,0.4729038561002241,,672163000.0,0.0222167789344764,0.436420629287911,1.4296907216494843,1.4535913730021182,0.0602170615007585,0.0662094304960196,0.4061384058816665,0.4141579914268218,685595000.0,180000000.0,87.3,[],{},0.0441208059359886,14.494321850672929,22.91752037266132,0.0436347381278175,0.021191294023059,,0.08525390625,0.95,19,20,0.4241176470588235,3.0,22.0,0.4010727272727272,0.4010727272727272,0.1363636363636363,0.0,1.0,0.1363636363636363,22.0,3,5,"dividend,garp,risk",0.453055,True,0.83335,0.4291,avoid,1,6,stable,0.2432,persistent,insufficient_data,0.0,
NWS,News Corporation,Communication Services,17574434816.0,41.03797,25.108814,2.0780718,0.62,1.702,31.559,0.06524,0.076109391124871,0.1292,0.088,-0.104,1744000000.0,19197224960.0,1252000000.0,956000000.0,8452000000.0,2928999936.0,2176999936.0,15.601,15504000000.0,4811000000.0,,2608000000.0,1180000000.0,,,,565385686.0,0.0159434188444018,,1.8447085889570551,1.4310965630114567,0.1896284829721362,0.1859865739630784,0.5451496388028896,0.494605610165428,569093921.0,,32.42,[],{},0.0992350546836498,15.33324677316294,20.08077924686193,0.0497988642625147,0.0243676770561506,,0.0741315136476426,0.95,19,20,0.4160373760488177,3.0,22.0,0.4244727272727273,0.4244727272727273,0.1363636363636363,0.0,1.0,0.1363636363636363,22.0,3,5,"cheapness,garp,risk",0.43776,True,0.83335,0.4285,avoid,1,6,stable,0.2407,persistent,insufficient_data,0.0,
ESS,"Essex Property Trust, Inc.",Real Estate,20190547968.0,32.98761,47.871105,3.4657247,3.54,0.3,121.856,0.105579995,0.0508903064052923,0.29132,0.064,-0.478,983003264.0,25831399424.0,1278588032.0,601913000.0,1887345000.0,6857027072.0,41705000.0,84.522,13159009000.0,325247000.0,,419792000.0,669666000.0,,0.6778342062526989,,64442290.0,0.0573606720444601,0.6805686268984756,0.774781320272897,0.6641997277947226,0.5206893619420733,0.5147292652737501,0.1434260741063403,0.137263148644669,64280466.0,258404000.0,292.93,[],{},0.048686309334346,20.203066802990374,42.91550344318863,0.0233016024459271,0.0303144119868035,,0.0472488222784806,0.95,19,20,0.458677684199375,2.0,22.0,0.3369999999999999,0.3369999999999999,0.0909090909090909,0.0,0.8923,0.0909090909090909,22.0,2,5,"dividend,garp",0.4279216666666666,False,0.43335,0.4273,avoid,1,6,stable,0.1683,persistent,insufficient_data,0.0,
Q,"Qnity Electronics, Inc.",Technology,28543401984.0,43.842445,27.925068,3.9751031,0.23,2.124,60.756,0.07481,0.049182658137882,0.13129,0.176,-0.217,702374976.0,32496400384.0,1448999936.0,1014000000.0,4754000000.0,4533000192.0,857000000.0,34.301,14070000000.0,2638000000.0,,1356000000.0,692000000.0,,0.4617164493058477,,209479173.0,0.056465411879736,0.4604382929642445,1.9454277286135693,1.767580452920143,0.2862117981520967,,0.3378820184790334,0.353214373013933,,65000000.0,136.35,[],{},0.0246072621754658,22.42677834321174,32.047732134122285,0.0312034560141391,0.0228089469006575,,0.0797546012269938,0.95,19,20,0.4110755587021759,1.0,22.0,0.2868045454545454,0.2868045454545454,0.0454545454545454,0.0,1.0,0.0454545454545454,22.0,1,5,risk,0.3328966666666667,True,0.83335,0.4268,avoid,1,6,stable,0.0796,persistent,insufficient_data,0.0,
MSI,"Motorola Solutions, Inc.",Technology,68607635456.0,33.33145,22.296164,27.001371,1.17,1.071,374.132,0.99289,0.1110939192325545,0.1761,0.074,-0.138,1815124992.0,77329637376.0,3494000128.0,2959000000.0,11682000000.0,9589000192.0,886000000.0,15.307,19389000000.0,6300000000.0,,6078000000.0,2154000000.0,,0.5166067454203047,,165700000.0,0.1080507022953066,0.509568272164186,1.0365251727541955,1.2817012858555883,0.5036876579503843,0.4488523466940733,0.6025065758935478,0.7411442274751627,167100000.0,360000000.0,413.31,[],{},0.0264566032619516,22.132122078731648,26.13370644677256,0.0382647598049949,0.0300016950957729,,0.2222973480579971,0.95,19,20,0.4628493421027442,3.0,22.0,0.3616227272727272,0.3616227272727272,0.1363636363636363,0.0,0.75,0.1363636363636363,22.0,3,5,"cheapness,quality,garp",0.43475,False,0.63335,0.4192,avoid,1,6,stable,0.2514,persistent,insufficient_data,0.0,
CSX,CSX Corporation,Industrials,94300545024.0,31.13497,22.847702,6.9453945,1.1,0.966,143.06,0.23684,0.0661370816354562,0.21553,0.017,0.265,1129874944.0,112626548736.0,6624999936.0,4718000000.0,14092000000.0,19428999168.0,1108999936.0,7.307,43682000000.0,2550000000.0,,3133000000.0,2889000000.0,,0.3324581322736304,,1859740714.0,0.0811430174913478,0.3681568088033012,0.8139163740823492,0.8608058608058609,0.4430200082413809,0.4440417173323356,0.3226042763609725,0.3400056121971752,1900189590.0,844000000.0,50.75,[],{},0.0119816374731709,17.000233935700372,23.87167205086901,0.0418906559150554,0.0321182259048266,,0.1163530543293299,0.95,19,20,0.4168066147333825,3.0,22.0,0.3459090909090909,0.3459090909090909,0.1363636363636363,0.0,0.7719,0.1363636363636363,22.0,3,5,"cheapness,dividend,garp",0.4051099999999999,False,0.46665,0.4127,avoid,1,6,stable,0.2364,persistent,insufficient_data,0.0,
COF,Capital One Financial Corporation,Financial Services,128150528000.0,64.00923,8.574116,1.1989856,1.54,,,0.03259,0.0036666173399759,0.08876,0.463,-0.032,,111351570432.0,,,53434000000.0,55874998272.0,79386001408.0,173.505,669009000000.0,,,,2453000000.0,,,,625102271.0,0.009691029574982,,,,0.0753547411170851,0.091787311483972,0.0798703754359059,0.0797969576287784,381230343.0,15818000000.0,208.03,[],{},,,,,0.0156227469069695,,,0.65,13,20,0.3562404067919966,1.0,22.0,0.3067636363636364,0.3067636363636364,0.0454545454545454,0.0,1.0,0.0454545454545454,22.0,1,5,garp,0.326665,False,0.36665,0.4117,avoid,1,6,stable,0.0499,persistent,insufficient_data,0.0,
XEL,Xcel Energy Inc.,Utilities,49173712896.0,22.700287,17.3777,2.0806148,3.01,0.77,164.845,0.0959,0.0247999901684875,0.14144,0.029,0.06,-7471625216.0,86648717312.0,6060000256.0,2879000000.0,14669000000.0,39243001856.0,1768000000.0,37.859,81371000000.0,5014000000.0,,7089000000.0,2018000000.0,,0.4720158156656895,,623600715.0,0.0276433211965445,0.4574064429729931,0.7072929891381012,0.6696082984982196,0.427437293384621,0.4313271935460841,0.1802730702584458,0.1919183265510102,574365598.0,1343000000.0,78.77,[],{},-0.1519434831329926,14.298467599272657,30.096810459187218,0.0332261121608234,0.0440523064752441,,0.038757707116125,0.95,19,20,0.4033452807646356,3.0,22.0,0.3689136363636363,0.3689136363636363,0.1363636363636363,0.0,1.0,0.1363636363636363,22.0,3,5,"cheapness,dividend,garp",0.44904,False,0.26665,0.4082,avoid,1,6,stable,0.2313,persistent,insufficient_data,0.0,
JCI,Johnson Controls,Industrials,85696841693.61513,42.954132,24.369467,,1.14,1.036,70.317,0.13449,0.0867445109254329,0.14452,0.082,0.389,2870374912.0,94546837504.0,4320000000.0,2828000000.0,23596000000.0,9523000320.0,698000000.0,,37939000000.0,10162000000.0,,10941000000.0,3291000000.0,,0.3641295134768605,,611130391.0,0.0399344185501815,0.3519083304287208,0.9287999268805412,0.9350899205353408,0.2604180394844355,0.2223445368310106,0.6219457550278078,0.5375805129406254,662878003.0,227000000.0,140.46,[],{},0.0334945238969507,21.885842014814816,33.43240364356436,0.02991110093852,0.0232806473658925,,0.1047484998888806,0.85,17,20,0.385064052459184,3.0,22.0,0.3797772727272726,0.3797772727272726,0.1363636363636363,0.0,0.8,0.1363636363636363,22.0,3,5,"quality,dividend,garp",0.4716299999999999,False,0.73335,0.403,avoid,1,6,stable,0.201,persistent,insufficient_data,0.0,
MCHP,Microchip Technology Incorporated,Technology,43961958400.0,368.0,19.492887,6.822855,2.25,2.092,87.715,0.03405,0.0160054557727503,0.048800003,0.351,,1139912448.0,49288638464.0,1219100032.0,529800000.0,4713100000.0,5642200064.0,240300000.0,11.866,14370100000.0,2377600000.0,,1136300000.0,230000000.0,,0.5773482421336276,,542079011.0,-3.252117128250491e-05,0.5606824790985097,2.0924051746897825,2.589645918102329,0.3851886904057731,0.3685364172076021,0.3279796243589119,0.2862903750341472,538704604.0,215400000.0,80.96,[],{},0.0259295192818343,40.43034793719044,93.0325376821442,0.0107489274711242,0.0027173913043478,,0.0400338527104837,0.95,19,20,0.3523648634585978,0.0,22.0,0.2202227272727272,0.2202227272727272,0.0,0.0,0.6667,0.0,22.0,0,5,,0.264285,False,0.53335,0.4025,avoid,1,6,stable,0.0,persistent,insufficient_data,0.0,
BLK,BlackRock,Financial Services,166186048517.66577,25.706064,16.717077,,2.14,15.760919540229883,23.635,,0.0326650901775315,0.24089001,0.306,0.197,,174639005696.0,11111000064.0,7909000000.0,24216000000.0,14965000192.0,13144999936.0,,169998000000.0,27424000000.0,,1740000000.0,5553000000.0,,0.4670465807730426,,155069171.0,0.0459474082891461,0.4942421718037928,15.760919540229883,16.350260416666668,0.0882128025035588,0.1026007286368719,0.1424487346909963,0.1472207192583775,154947813.0,614000000.0,1072.2,[],{},,15.717667598782224,22.08104762877734,0.045287706308678,0.0389013269398224,,0.0470051944038322,0.75,15,20,0.3809420289855073,3.0,22.0,0.4648409090909091,0.4648409090909091,0.1363636363636363,0.0,1.0,0.1363636363636363,22.0,3,5,"dividend,garp,risk",0.5161683333333333,True,0.66665,0.4001,avoid,1,1,deteriorating,0.1098,new,insufficient_data,0.0,
NOW,"ServiceNow, Inc.",Technology,106472235008.0,61.45238,20.557055,9.078439,,0.845,20.728,0.1607,0.0671326522774406,0.12586,0.221,0.023,5108125184.0,103721238528.0,2888000000.0,1824000000.0,13278000000.0,2431000064.0,5182000128.0,11.372,26038000000.0,10471000000.0,,10443000000.0,1748000000.0,,0.7753426720891701,,1047278000.0,0.0699112005102291,0.791788055353241,1.00268122187111,1.0991864082316345,0.0922881941777402,0.1117597998331943,0.5099470005376757,0.5388804395820046,1032435000.0,23000000.0,103.24,[],{},0.0479761243258976,35.91455627700831,56.86471410526316,0.0175855979535724,0.01627276274735,,0.1169605642834241,0.9,18,20,0.3954951537976371,1.0,22.0,0.2913636363636363,0.2913636363636363,0.0454545454545454,0.0,0.8,0.0454545454545454,22.0,1,5,quality,0.3047983333333333,False,0.73335,0.3993,avoid,1,6,stable,0.0715,persistent,insufficient_data,0.0,
EL,Estée Lauder Companies (The),Consumer Defensive,29714215375.250587,,25.834517,,1.7,1.268,232.908,-0.05949,-0.0569575708827669,-0.01672,0.046,-0.455,1807624960.0,35888218112.0,2350000128.0,1141000000.0,14326000000.0,9299999744.0,3126000128.0,,19892000000.0,7069000000.0,,5435000000.0,-1133000000.0,,0.7397040346223649,,359766854.0,0.0179914194768648,0.716555612506407,1.3006439742410305,1.389337074710628,0.4759199678262618,0.45329150712737,0.720189020711844,0.7200258338330949,358688603.0,357000000.0,82.13,[],{},0.0608336763118974,15.271581343505355,31.45330246450482,0.0317931638856843,,,0.0789237047796915,0.8,16,20,0.3631920376788412,1.0,22.0,0.2792409090909091,0.2792409090909091,0.0454545454545454,0.0,1.0,0.0454545454545454,22.0,1,5,cheapness,0.311215,False,0.65,0.3961,avoid,1,6,stable,0.0607,persistent,insufficient_data,0.0,
FLEX,Flex Ltd.,Technology,43691954176.0,51.400864,17.22243,8.477287,,1.359,86.8,0.17347,0.0398912058023572,0.03153,0.169,0.171,839875008.0,45766565888.0,2060000000.0,1447000000.0,27914000000.0,4464999936.0,2388999936.0,14.067,22060000000.0,16332000000.0,,12016000000.0,880000000.0,,0.0919610231425091,,365690291.0,0.0455905554648822,0.0836400263433153,1.3591877496671103,1.3036548223350253,0.1956482320942883,0.2256678091507535,1.2653671804170443,1.4043305587291224,377817433.0,215000000.0,119.25,[],{},0.01922264691153,22.216779557281555,31.628587344851415,0.0316169669260547,0.0194549258938526,,0.1440661091198725,0.9,18,20,0.3851420680928568,0.0,22.0,0.2288545454545454,0.2288545454545454,0.0,0.0,0.8,0.0,22.0,0,5,,0.2674333333333333,False,0.73335,0.3946,avoid,1,6,stable,0.0,persistent,insufficient_data,0.0,
RL,Ralph Lauren Corporation,Consumer Cyclical,22642993152.0,25.195364,18.669891,8.047084,0.98,2.128,105.913,0.34664002,0.1215970023903352,0.11598,0.166,0.2,656187520.0,23587393536.0,1520300032.0,1297300000.0,8114500000.0,3009400064.0,2064999936.0,47.278,7739500000.0,3887200000.0,,1826500000.0,941100000.0,,0.6986505638055333,,60036413.0,0.1054162587090091,0.6855346800395536,2.1282233780454423,1.7762103388480106,0.388836488145229,0.3785988960311041,1.0484527424252212,1.0044981766066436,61481276.0,54200000.0,380.45,[],{},0.0289797164003488,15.514959573453458,18.181911305018115,0.0549997183037629,0.0396898413533537,,0.2193979367495349,0.95,19,20,0.4057399425681622,3.0,22.0,0.4256090909090909,0.4256090909090909,0.1363636363636363,0.0,0.8,0.1363636363636363,22.0,3,5,"cheapness,dividend,garp",0.4878216666666667,False,0.73335,0.3792,avoid,1,6,stable,0.2237,persistent,insufficient_data,0.0,
JBL,Jabil Inc.,Technology,31541962752.0,37.720554,17.974373,23.849934,0.11,0.981,297.136,0.65876,0.0354311600064714,0.02566,0.118,0.276,1211624960.0,34128961536.0,2396999936.0,1436000000.0,29802000000.0,3943000064.0,1360000000.0,12.621,18543000000.0,13720000000.0,,13714000000.0,657000000.0,,0.0887859875176162,,107480895.0,0.0799953893147369,0.0926496555066994,1.0004375091147732,1.0856391105075538,0.1815240252386345,0.1877125237738459,1.607183303672545,1.6646302806754654,113744167.0,147000000.0,301.01,[],{},0.0384131123838567,14.238198768145482,23.766686306406687,0.0420757015558552,0.0265107453087778,,0.2973700559121971,0.95,19,20,0.422689020920884,3.0,22.0,0.3000090909090909,0.3000090909090909,0.1363636363636363,0.0,0.694,0.1363636363636363,22.0,3,5,"cheapness,dividend,garp",0.3151549999999999,False,0.63335,0.379,avoid,1,6,stable,0.2285,persistent,insufficient_data,0.0,
VST,Vistra Corp.,Utilities,52411641856.0,25.99331,14.383456,16.837088,0.59,0.896,366.613,0.42898,0.0227196149217809,0.11525,0.434,,-164124992.0,74809638912.0,6790000128.0,2134000000.0,17738000000.0,20566999040.0,658000000.0,9.232,41550000000.0,9179000000.0,,11814000000.0,944000000.0,,0.3288984101928064,,338059635.0,0.0703997881916865,0.4368903855085926,0.7769595395293719,0.9628795066413662,0.4829843561973526,0.4513635160180037,0.4269073405535499,0.4560232989144824,339754307.0,982000000.0,155.44,[],{},-0.0031314606104294,11.017619661523517,35.05606322024367,0.0285257358682116,0.0384714374583306,,0.0717648641377455,0.95,19,20,0.4267622461170849,0.0,22.0,0.2223318181818181,0.2223318181818181,0.0,0.0,0.5,0.0,22.0,0,5,,0.2251949999999999,False,0.36665,0.3768,avoid,1,6,stable,0.0,persistent,insufficient_data,0.0,
JNJ,Johnson & Johnson,Healthcare,609122123776.0,29.320972,19.727968,7.500815,2.12,1.027676163027011,67.73,,0.1345514783394407,0.21482,0.066,-0.01,,642058158080.0,34839998464.0,25596000000.0,94193000000.0,54987001856.0,22051000320.0,33.735,199210000000.0,55624000000.0,,54126000000.0,26804000000.0,,0.6787871710212011,,2407939000.0,0.078099320392662,0.6907150336069173,1.027676163027011,1.1107291190556627,0.2406154309522614,0.2034046995069515,0.472832689122032,0.4931650601874472,2406922000.0,971000000.0,253.04,[],{},,18.42876539571136,25.084316224410063,0.0398655475020235,0.0341052813665249,,0.1764219348791045,0.85,17,20,0.3653991853456617,2.0,22.0,0.3892545454545455,0.3892545454545455,0.0909090909090909,0.0,1.0,0.0909090909090909,22.0,2,5,"cheapness,garp",0.4491033333333333,False,0.56665,0.3766,avoid,1,6,stable,0.1261,persistent,insufficient_data,0.0,
NI,NiSource Inc.,Utilities,22044614656.0,22.875622,20.41786,2.2821124,2.61,0.646,140.908,0.091120005,0.025921185095946,0.14097999,0.082,0.06,-1562412544.0,41048817664.0,2982700032.0,1831900000.0,6642200000.0,16806800384.0,71900000.0,20.148,35858700000.0,2377200000.0,,3457400000.0,929500000.0,,0.503989641986089,,478432058.0,0.0239209012177512,0.5146926729115873,0.6875686932376931,0.5057130354451306,0.4521496875235298,0.4391674872043312,0.1852325934849841,0.1716082433363428,465859472.0,661900000.0,45.98,[],{},-0.0708750217856382,13.76230168089528,22.407782992521422,0.044627351145526,0.0437146583380333,,0.0565378549626095,0.95,19,20,0.3589008363201912,3.0,22.0,0.3875409090909091,0.3875409090909091,0.1363636363636363,0.0,1.0,0.1363636363636363,22.0,3,5,"cheapness,dividend,garp",0.46477,False,0.36665,0.3718,avoid,1,6,stable,0.2082,persistent,insufficient_data,0.0,
CARR,Carrier Global Corporation,Industrials,57052569600.0,45.793335,21.406958,4.2453647,1.4,1.05,91.102,0.09907,0.0399031997848884,0.059899997,0.024,-0.407,849750016.0,68603568128.0,3140999936.0,1907000000.0,21747000000.0,12572999680.0,1371000064.0,16.18,37190000000.0,8533000000.0,,7114000000.0,1484000000.0,,0.258610383041339,,836141122.0,0.1498275539395235,0.2659877256959886,1.1994658420016868,1.253294475418145,0.3294165098144662,0.3420581236799187,0.5847539661199247,0.6011817233911718,878337677.0,458000000.0,68.69,[],{},0.0148941585270858,21.8413147169195,35.974603108547456,0.0277973879790324,0.0218372389781176,,0.063406038036973,0.95,19,20,0.3322486232298559,1.0,22.0,0.2597818181818181,0.2597818181818181,0.0454545454545454,0.0,0.8,0.0454545454545454,22.0,1,5,garp,0.3289133333333333,False,0.56665,0.3672,avoid,1,6,stable,0.0664,persistent,insufficient_data,0.0,
AME,"AMETEK, Inc.",Industrials,54321111040.0,35.854763,26.908611,4.974811,0.57,1.138,22.489,0.14626999,0.0921199961935686,0.20108,0.113,0.145,1385356544.0,56295493632.0,2420284928.0,1910317000.0,7401116000.0,2455633920.0,481249984.0,47.64,16067543000.0,3019842000.0,,2842752000.0,1480142000.0,,0.3604103759487083,,229037304.0,0.0940542754991074,0.3567789626547648,1.062295268809942,1.240373641883801,0.1459116680129625,0.1458842420588539,0.4606252492991616,0.4744104862707826,230699421.0,81254000.0,237.0,[],{},0.0255030966318026,23.2598620851305,29.4691894758828,0.0339337463223543,0.0278902973086169,,0.1444496930046002,0.95,19,20,0.3724981861525934,3.0,22.0,0.3930045454545455,0.3930045454545455,0.1363636363636363,0.0,0.8,0.1363636363636363,22.0,3,5,"quality,dividend,garp",0.444845,False,0.73335,0.3661,avoid,1,9,stable,0.2105,persistent,insufficient_data,0.0,
APD,Air Products,Basic Materials,65828863308.01196,31.150684,20.704203,,2.45,1.427,101.611,0.12353,-0.0096080078909874,0.16906999,0.088,,-3519237376.0,85816762368.0,3877600000.0,2889000000.0,12037300000.0,18442199040.0,954200000.0,,41059500000.0,5825800000.0,,4218600000.0,-394500000.0,,0.3141319066568084,,222588256.0,0.0967337635756268,0.3249343007784738,1.380979471862703,1.522394487510767,0.4482811529609469,0.379185133899016,0.2931672329180823,0.3057668302395981,222372418.0,214000000.0,295.62,[],{},-0.0534604001824178,22.131411792861563,29.704659871235723,0.033664751737095,0.0321020238271493,,0.078418279683721,0.85,17,20,0.3685661764705882,0.0,22.0,0.2622545454545454,0.2622545454545454,0.0,0.0,0.6247,0.0,22.0,0,5,,0.3013633333333333,False,0.55,0.3623,avoid,1,9,stable,0.0,persistent,insufficient_data,0.0,
TXN,Texas Instruments Incorporated,Technology,258484551680.0,48.550426,29.667774,15.404892,2.0,4.456,83.741,0.32347,0.1446002602284227,0.29108,0.186,0.313,1068249984.0,267431559168.0,8664999936.0,6140000000.0,17682000000.0,14049999872.0,5103000064.0,18.437,34585000000.0,13750000000.0,,3159000000.0,5001000000.0,,0.5702409229725144,,907000000.0,0.1351488355064913,0.5814206252797136,4.352643241532131,4.124622563821027,0.406187653607055,0.3828888450815286,0.5112621078502241,0.4404798783407023,911216614.0,543000000.0,284.02,[],{},0.0041327420809367,30.863423097894877,43.55562852899023,0.0229591452074766,0.0205971416193134,,0.1953796219690702,0.95,19,20,0.3628267683983135,3.0,22.0,0.37925,0.37925,0.1363636363636363,0.0,0.8,0.1363636363636363,22.0,3,5,"quality,dividend,garp",0.4726616666666666,False,0.56665,0.3562,avoid,1,6,stable,0.2049,persistent,insufficient_data,0.0,
KEYS,"Keysight Technologies, Inc.",Technology,53985841152.0,50.78778,26.583546,8.520336,,1.903,43.642,0.18174,0.0752145827802849,0.17312999,0.315,0.356,1085750016.0,54336847872.0,1430000000.0,876000000.0,5375000000.0,2763000064.0,2412000000.0,37.076,11301000000.0,4348000000.0,,1850000000.0,850000000.0,,0.6208372093023256,,171267000.0,0.0662423130866328,0.6292428198433421,2.3502702702702702,2.9831814996496147,0.2458189540748606,0.2190096018988024,0.4756216264047429,0.5371669004207573,172584000.0,96000000.0,315.9,[],{},0.0201117550978415,37.99779571468532,62.02836515068493,0.0161216565610057,0.0196897757688955,,0.0926886043804888,0.9,18,20,0.3649149085969647,2.0,22.0,0.3071272727272727,0.3071272727272727,0.0909090909090909,0.0,1.0,0.0909090909090909,22.0,2,5,"quality,risk",0.36039,True,0.83335,0.3558,avoid,1,6,stable,0.1297,persistent,insufficient_data,0.0,
BX,Blackstone Inc.,Financial Services,155117273088.0,32.541027,17.049822,11.908606,3.92,0.896,72.022,0.29533002,0.0632839837787334,0.21213,0.057,0.039,,125552992256.0,,,12410012000.0,15424749568.0,2605123072.0,10.657,47708975000.0,,,,3019214000.0,,,,783183010.0,0.0638720033126389,,,,0.2789027641025614,0.2826485698429084,0.2601190237266678,0.2514509185959241,768722241.0,508314000.0,126.91,[],{},,,,,0.0307304376103434,,,0.75,15,20,0.3897440543449629,3.0,22.0,0.3968772727272727,0.3968772727272727,0.1363636363636363,0.0,1.0,0.1363636363636363,22.0,2,5,"dividend,garp",0.4917983333333333,False,0.46665,0.3553,avoid,1,6,stable,0.1118,persistent,insufficient_data,0.0,
XYZ,"Block, Inc.",Technology,47578771456.0,62.45313,15.823249,2.1676292,,1.986,37.514,0.03743,0.0330123825638237,0.03297,0.049,,-794561728.0,48356880384.0,1575778944.0,3045652000.0,24193683000.0,8133390848.0,7320968192.0,36.879,39549887000.0,22856880000.0,,10384460000.0,1305636000.0,,0.428208016117265,,602078000.0,0.0787720621753543,0.3685177425711887,2.201065823355283,2.326040816689478,0.2267105339643574,0.2153107890823203,0.611725717446424,0.6558627066288593,619676000.0,,79.94,[],{},-0.0166999210716232,30.68760410089602,15.877349212582397,0.0629828056693194,0.016012007724833,,0.1044267927227672,0.9,18,20,0.3175060375237872,2.0,22.0,0.2499818181818182,0.2499818181818182,0.0909090909090909,0.0,1.0,0.0909090909090909,22.0,2,5,"cheapness,risk",0.2372116666666666,True,0.66665,0.3549,avoid,1,6,stable,0.121,persistent,insufficient_data,0.0,
HUM,Humana,Healthcare,48024600000.0,42.735043,24.952341,,0.89,1.771,77.073,0.062800005,0.0242900079739925,0.00824,0.235,-0.046,1431374976.0,40496599040.0,3361999872.0,2186000000.0,129664000000.0,14371000320.0,21965000704.0,,48909000000.0,,,,1188000000.0,,,,120591312.0,0.025968717055014,,,,0.2528982395878059,0.2521784031498096,2.651127604326402,2.533638847651628,120641615.0,631000000.0,400.0,[],{},0.0298050369185792,12.04538982207314,18.525434144556268,0.0539798415625175,0.02339999985492,,,0.8,16,20,0.3101348547378877,1.0,22.0,0.266940909090909,0.266940909090909,0.0454545454545454,0.0,0.8,0.0454545454545454,22.0,1,5,garp,0.3399216666666666,False,0.73335,0.3523,avoid,1,6,stable,0.053,persistent,insufficient_data,0.0,
INTC,Intel Corporation,Technology,477671030784.0,,58.897167,4.285521,,2.312,36.028,-0.02911,-0.0012628352780365,-0.05904,0.072,,-8301250048.0,503508041728.0,14174000128.0,-23000000.0,52853000000.0,45030998016.0,32789000192.0,22.177,211429000000.0,63688000000.0,,31575000000.0,-267000000.0,,0.3476623843490435,,4994000000.0,-0.0954576685243148,0.3266416828308318,2.017038796516231,1.3268659227275277,0.2203340128364604,0.2545283354963483,0.2499798986893945,0.2702547268239306,4330000000.0,1091000000.0,95.04,[],{},-0.0173785921963389,35.52335524065264,-21891.65398817391,-4.56795087543504e-05,,,-0.0001278815038864,0.85,17,20,0.2903886608705885,1.0,22.0,0.2168454545454545,0.2168454545454545,0.0454545454545454,0.0,1.0,0.0454545454545454,22.0,1,5,risk,0.22599,True,0.65,0.3449,avoid,1,6,stable,0.054,persistent,insufficient_data,0.0,
PM,Philip Morris International,Consumer Defensive,300770689024.0,27.18028,21.114086,,3.05,0.976,,,0.1640239936402399,0.26742,0.091,-0.093,8575249920.0,349261692928.0,18594000896.0,14933000000.0,40648000000.0,51975000064.0,5463000064.0,-5.954,69185000000.0,24363000000.0,,25427000000.0,11348000000.0,,0.6711769336744735,,1556656689.0,0.1142205101644438,0.6481070806272771,0.9581547174263578,0.8802094697796203,0.705861097058611,0.7395927748284346,0.587526197875262,0.6130713453321248,1554845600.0,1587000000.0,192.98,[],{},0.0285109228822351,18.78356868333454,23.388581860845107,0.0427559056786637,0.0367913796325865,,0.3412633118515471,0.8,16,20,0.3465871685917769,3.0,22.0,0.3796409090909091,0.3796409090909091,0.1363636363636363,0.0,0.9081,0.1363636363636363,22.0,3,5,"cheapness,dividend,garp",0.46465,False,0.53335,0.3427,avoid,1,1,deteriorating,0.1034,new,insufficient_data,0.0,
LIN,Linde plc,Basic Materials,237285867520.0,34.0106,26.163254,6.156079,1.25,0.828,65.642,0.18229,0.0794544847207344,0.20436001,0.082,0.134,4694499840.0,261299339264.0,13589999616.0,9254000000.0,33986000000.0,26317000704.0,3959000064.0,83.368,86817000000.0,13325000000.0,,15198000000.0,6898000000.0,,0.4883481433531454,,463680942.0,0.0819119867243939,0.480593849416755,0.8767601000131596,0.8900577557755776,0.3233122545123651,0.2820941519957078,0.3914671089763525,0.41180580682995,473236732.0,464000000.0,513.22,[],{},0.019784152714465,19.227324992442444,28.236366896909445,0.0354153210875529,0.0294025980135604,,0.129211522082129,0.95,19,20,0.3779411764705883,2.0,22.0,0.3804818181818181,0.3804818181818181,0.0909090909090909,0.0,0.8,0.0909090909090909,22.0,2,5,"dividend,garp",0.4727866666666666,False,0.73335,0.3404,avoid,1,6,stable,0.1365,persistent,insufficient_data,0.0,
ADM,Archer Daniels Midland,Consumer Defensive,41400066048.0,38.348213,15.933433,1.8156455,2.42,1.311,46.128,0.047659997,0.0205768386493347,0.013409999,0.016,0.009,1578499968.0,51732066304.0,2539000064.0,1424000000.0,80269000000.0,10657000448.0,624000000.0,47.311,52389000000.0,26665000000.0,,19534000000.0,1078000000.0,,0.0627016656492543,,480000000.0,0.0337894914681534,0.0675552437741143,1.3650558001433395,1.3902096499147356,0.1862604745270953,0.2165906403108633,1.5321727843631296,1.6055640029284226,478000000.0,612000000.0,85.9,[],{},0.0381279577228175,20.37497636864967,36.32869824719101,0.0275264473611388,0.0260768344016447,,0.0433419570841576,0.95,19,20,0.3424472033343001,2.0,22.0,0.3711363636363636,0.3711363636363636,0.0909090909090909,0.0,0.8421,0.0909090909090909,22.0,2,5,"garp,risk",0.4486016666666666,True,0.73335,0.3403,avoid,1,6,stable,0.1297,persistent,insufficient_data,0.0,
MPC,Marathon Petroleum Corporation,Energy,91259396096.0,20.579329,12.36854,5.4672337,1.25,1.176,146.523,0.27458,0.0482043952117205,0.03407,0.088,,3518749952.0,130108391424.0,10257999872.0,5768000000.0,132699000000.0,34325999616.0,2151000064.0,57.177,83955000000.0,24780000000.0,,19678000000.0,4047000000.0,,0.0753735898537291,,294602479.0,0.0436861193537751,0.0668783846065214,1.2592743164955789,1.173812839103087,0.4092430468703472,0.3646808186867534,1.5805967482579957,1.7609373811154228,316000000.0,1412000000.0,312.6,[],{},0.0385576729907182,12.683602363764974,22.5569333259362,0.0443322674031309,0.0485924492484667,,0.0897366087402959,0.95,19,20,0.4066666666666667,1.0,22.0,0.3576499999999999,0.3576499999999999,0.0454545454545454,0.0,0.8,0.0454545454545454,22.0,1,5,dividend,0.3939666666666667,False,0.73335,0.3376,avoid,1,6,stable,0.0707,persistent,insufficient_data,0.0,
PH,Parker-Hannifin Corporation,Industrials,120186814464.0,35.212784,27.933844,8.226902,0.84,1.129,65.554,0.24841999,0.119719264935241,0.16582,0.106,-0.042,2774481920.0,129300807680.0,5479000064.0,4060000000.0,19850000000.0,9582000128.0,476000000.0,115.865,29494000000.0,6950000000.0,,5819000000.0,3531000000.0,,0.3685138539042821,,126646128.0,0.0970714724554577,0.3576517812343201,1.1943632926619694,0.9297142075755505,0.3148097918220655,0.3604341593282817,0.6730182409981691,0.6802512116868046,128603966.0,409000000.0,953.21,[],{},0.0230847446317087,23.59934407184559,31.84748957635468,0.0313996491812169,0.0283987769896296,,0.1714889123548046,0.95,19,20,0.3657348435506643,3.0,22.0,0.3804681818181817,0.3804681818181817,0.1363636363636363,0.0,1.0,0.1363636363636363,22.0,3,5,"quality,garp,risk",0.4685116666666666,True,0.83335,0.3343,avoid,1,6,stable,0.1995,persistent,insufficient_data,0.0,
TDG,TransDigm Group,Industrials,67927424206.93518,37.879913,25.85603,,,3.516,,,0.090532105286132,0.21909,0.183,0.115,1524875008.0,96047423488.0,4850999808.0,4189000000.0,8831000000.0,32003000320.0,3891000064.0,,22909000000.0,7012000000.0,,2182000000.0,2074000000.0,,0.6014041444909977,,56375642.0,0.0669897600250136,0.5884130982367758,3.213565536205316,1.5821107430194037,1.310838535073552,0.9731493785664036,0.3854816884193985,0.3103259595091065,56216194.0,1572000000.0,1214.43,[],{},0.0224485916520932,19.799510882190496,22.92848495774648,0.0436138716466805,0.0263992158588115,,0.202103536450041,0.7,14,20,0.3301703752407977,1.0,22.0,0.244390909090909,0.244390909090909,0.0454545454545454,0.0,0.6667,0.0454545454545454,22.0,1,5,cheapness,0.2601666666666666,False,0.53335,0.3342,avoid,1,1,deteriorating,0.0291,new,insufficient_data,0.0,
VEEV,Veeva Systems Inc.,Healthcare,31738171392.0,34.580532,19.47036,4.358437,,4.738,1.411,0.13934,0.1012218822691147,0.28370002,0.163,0.146,1259549056.0,24528519168.0,1026113024.0,916369000.0,3195311000.0,103067000.0,7312718848.0,44.828,8979343000.0,7997630000.0,,1637056000.0,908906000.0,,0.7552604425672493,,163778271.0,0.0972972398537499,0.7452737347262216,4.885373499745885,4.511430173254653,0.0106755026509177,0.0103239126750262,0.3558513133978733,0.3742112135607777,162583789.0,,195.38,[],{},0.0396856214695937,23.904305465671587,26.76707654667497,0.0373593282873553,0.0289180050786957,,0.1248070253859594,0.9,18,20,0.3585421026298394,3.0,22.0,0.3679136363636363,0.3679136363636363,0.1363636363636363,0.0,1.0,0.1363636363636363,22.0,2,5,"quality,risk",0.3884216666666666,True,0.83335,0.3317,avoid,1,6,stable,0.1242,persistent,insufficient_data,0.0,
SBUX,Starbucks Corporation,Consumer Cyclical,120226947072.0,80.52672,35.094547,-14.199758,2.35,0.922,,,0.057976808027558,0.03888,0.088,0.326,-1304087552.0,142942552064.0,5395299840.0,3580800000.0,37184400000.0,24408500224.0,1700300032.0,-7.429,32019700000.0,7382300000.0,,10210400000.0,1856400000.0,,0.227711083142393,,1136900000.0,0.1200058712223948,0.268383633438559,0.7230177074355559,0.7549503858875414,0.8310977304596857,0.82334640531218,1.1612975761796644,1.154339758705523,1133500000.0,542600000.0,105.49,[],{},-0.0108468823650576,26.493903268219476,39.91916668453977,0.0250506231230344,0.0124182383189083,,0.1641868377251906,0.85,17,20,0.3298567290163929,2.0,22.0,0.3075590909090909,0.3075590909090909,0.0909090909090909,0.0,0.6991,0.0909090909090909,22.0,2,5,"dividend,garp",0.33214,False,0.26665,0.3271,avoid,1,6,stable,0.1117,persistent,insufficient_data,0.0,
JBHT,"J.B. Hunt Transport Services, Inc.",Industrials,27363399680.0,41.5114,28.87054,7.483372,0.62,1.255,39.486,0.18448,0.0754724740464895,0.05311,0.194,0.456,,28807643136.0,1672764032.0,865069000.0,11999096000.0,1444034048.0,4162000.0,38.941,7927155000.0,1604190000.0,,1935343000.0,598282000.0,,0.1330620240058084,,94594725.0,0.0686799153540489,0.1297060097604044,0.8288918295103245,1.0553878334247098,0.1850344795831543,0.177773580502077,1.5136699105795206,1.4541399641734447,100555126.0,75206000.0,291.41,[],{},,17.22158211493634,33.30097730470055,0.0300291487198739,0.0240897681118921,,0.144375190676877,0.9,18,20,0.3361225050323516,3.0,22.0,0.4095,0.4095,0.1363636363636363,0.0,1.0,0.1363636363636363,22.0,2,5,"dividend,garp",0.4405366666666667,False,0.56665,0.3269,avoid,1,6,stable,0.1193,persistent,insufficient_data,0.0,
PSX,Phillips 66,Energy,82937413632.0,20.440712,11.483635,2.9072154,2.46,1.132,91.385,0.14547,0.059758414766558,0.03066,0.069,-0.568,-1134499968.0,106064420864.0,7040000000.0,3381000000.0,132376000000.0,27124000768.0,5150000128.0,71.154,73680000000.0,17271000000.0,,13326000000.0,4403000000.0,,0.0984468483713059,,401138881.0,0.0291670111046816,0.0756393509042772,1.2960378208014407,1.18711473453967,0.2675895765472312,0.2764046182249042,1.7966340933767644,1.972293406078642,408392938.0,1086000000.0,206.86,[],{},-0.0136789889908294,15.065968872727272,31.370724893226857,0.031876853448672,0.048921974929249,,0.0560194850382741,0.95,19,20,0.3314285714285714,3.0,22.0,0.3660954545454545,0.3660954545454545,0.1363636363636363,0.0,0.892,0.1363636363636363,22.0,3,5,"cheapness,dividend,garp",0.4651333333333333,False,0.56665,0.3267,avoid,1,6,stable,0.1876,persistent,insufficient_data,0.0,
RVTY,"Revvity, Inc.",Healthcare,12288309248.0,52.956734,18.865694,1.7118657,0.25,1.718,46.642,0.03227,0.019821897863246,0.08258,0.07,0.035,508969248.0,14778168320.0,855235008.0,356635000.0,2856051000.0,3350179072.0,860320000.0,64.345,12168411000.0,2239747000.0,,1331246000.0,241201000.0,,0.5477370677204294,,112281000.0,0.021818477305346,0.5581286710179868,1.6824441162640114,3.59762364109631,0.2792646467973509,0.2683728790964971,0.2347102674293299,0.2223143748974176,120646000.0,92185000.0,110.15,[],{},0.04141898105981,17.27965785048874,41.43779584168688,0.02413255772147,0.0188833397467449,,0.0329085143577679,0.95,19,20,0.3167597964199214,2.0,22.0,0.3356318181818181,0.3356318181818181,0.0909090909090909,0.0,1.0,0.0909090909090909,22.0,2,5,"dividend,risk",0.377125,True,0.83335,0.3235,avoid,1,6,stable,0.1216,persistent,insufficient_data,0.0,
TKO,"TKO Group Holdings, Inc.",Communication Services,35383209984.0,69.07836,39.710255,4.1108027,1.68,1.339,58.229,0.06736,0.0126100449921304,0.044699997,0.259,0.63,830904512.0,23205314560.0,1440404992.0,835015000.0,4735151000.0,4964895232.0,788891008.0,45.035,15495821000.0,2329061000.0,,1847163000.0,195403000.0,,0.5980797655660822,,77767155.0,0.0006225605954347,0.4627912504726937,1.2608854768095723,1.0811299815460962,0.262201983360546,0.2040339782561712,0.3055760001357785,0.3232074814207881,81203161.0,202724000.0,185.13,[],{},0.0234830167295654,16.11027085360171,27.790296653353533,0.035983782845993,0.0144763135662166,,0.0611792749147938,0.95,19,20,0.3056183257055682,3.0,22.0,0.3295727272727272,0.3295727272727272,0.1363636363636363,0.0,1.0,0.1363636363636363,22.0,3,5,"dividend,garp,risk",0.4450883333333333,True,0.83335,0.3233,avoid,1,6,stable,0.1792,persistent,insufficient_data,0.0,
DE,Deere & Company,Industrials,161217429504.0,33.78054,26.170849,5.882573,1.08,2.213,376.022,0.18349001,0.0474263179742631,0.10104,-0.111,-0.085,1098749952.0,200863432704.0,8613999616.0,8416000000.0,44665000000.0,48473001984.0,8830000128.0,101.527,105996000000.0,74902000000.0,,32455000000.0,5027000000.0,,0.3648270457852905,,270352040.0,0.0661572866194558,0.3859020547131715,2.307872438761362,2.159816462736374,0.6061549492433677,0.6099795005590757,0.4213838258047473,0.4707230711889675,271752292.0,3170000000.0,597.24,[],{},0.0068153298026175,23.31825419760966,23.866852745247147,0.0418991146706236,0.0296028423465107,,0.1144395643246624,0.95,19,20,0.3349392545136574,1.0,22.0,0.3132681818181818,0.3132681818181818,0.0454545454545454,0.0,0.6605,0.0454545454545454,22.0,1,5,garp,0.3508283333333333,False,0.36665,0.3232,avoid,1,6,stable,0.0625,persistent,insufficient_data,0.0,
SHW,The Sherwin-Williams Company,Basic Materials,81715314688.0,31.857695,24.889925,18.334349,0.97,0.863,329.521,0.60723,0.0991633753769057,0.1086,0.068,0.075,2140024960.0,95627059200.0,4557400064.0,3796700000.0,23574300000.0,14601400320.0,216900000.0,18.071,25901700000.0,6007400000.0,,6920300000.0,2568500000.0,,0.4884768582736284,,247701463.0,0.1134619127814967,0.4846678355737385,0.8680837535944973,0.7932204385565527,0.4996814880876545,0.5041044997164933,0.9101448939644888,0.9773998629012466,251291100.0,465000000.0,331.32,[],{},0.0261887868653617,20.982809904133973,25.18688840308689,0.0397031973142597,0.0313895904898329,,0.2000221269242521,0.95,19,20,0.3976470588235294,3.0,22.0,0.3646090909090909,0.3646090909090909,0.1363636363636363,0.0,0.6951,0.1363636363636363,22.0,3,5,"cheapness,dividend,garp",0.4368516666666666,False,0.63335,0.3226,avoid,1,6,stable,0.2053,persistent,insufficient_data,0.0,
DHR,Danaher Corporation,Healthcare,144264888320.0,39.501938,22.063656,2.7243445,0.78,1.868,37.17,0.0708,0.0433001054346784,0.14887999,0.037,0.098,4568500224.0,158255890432.0,7935000064.0,4690000000.0,24568000000.0,19683999744.0,5701000192.0,74.818,83464000000.0,12756000000.0,,6807000000.0,3614000000.0,,0.5911348095083034,,706900000.0,0.0502824275876299,0.5950157068062827,1.873953283384751,1.3970285378052367,0.2359819802549602,0.2211188775115421,0.2943544522189207,0.3078976554641355,719100000.0,265000000.0,203.83,[],{},0.0316674436670024,19.944031399569248,33.74326022004264,0.0296355477650622,0.025315213648505,,0.061181627248653,0.95,19,20,0.3230311135654579,3.0,22.0,0.3849318181818182,0.3849318181818182,0.1363636363636363,0.0,1.0,0.1363636363636363,22.0,3,5,"dividend,garp,risk",0.45966,True,0.83335,0.3209,avoid,1,6,stable,0.1835,persistent,insufficient_data,0.0,
DTE,DTE Energy,Utilities,30827716211.351624,24.373356,17.73692,2.501646,3.14,0.953,218.787,0.10423,0.0270410239337106,0.07654,0.158,-0.444,-2188124928.0,57566715904.0,3547000064.0,2528000000.0,15814000000.0,26972000256.0,238000000.0,59.237,54066000000.0,4348000000.0,,5409000000.0,1462000000.0,,0.3030858732768433,,207745154.0,0.0287433976170003,0.3482379385084691,0.8038454427805509,0.7064238151194673,0.4862575370843043,0.4758014985873971,0.292494358746717,0.25502600008189,207171582.0,1056000000.0,148.19,[],{},-0.070979144643685,16.22969125043692,22.77164394936709,0.0439142646979509,0.0410284082339748,,0.0519555254125819,0.95,19,20,0.3460573476702508,3.0,22.0,0.3397545454545454,0.3397545454545454,0.1363636363636363,0.0,0.9096,0.1363636363636363,22.0,2,5,"dividend,garp",0.41044,False,0.26665,0.3203,avoid,1,6,stable,0.1266,persistent,insufficient_data,0.0,
AMZN,"Amazon.com, Inc.",Consumer Cyclical,2659480240128.0,29.572968,24.94745,6.016353,,1.177,53.3,0.24285,0.094946225254938,0.12224,0.166,0.748,9806624768.0,2751931088896.0,155860992000.0,79975000000.0,716924000000.0,235540004864.0,143088992256.0,41.093,818042000000.0,229083000000.0,,218005000000.0,77670000000.0,,0.5028566486824266,,10731000000.0,0.0948128802644928,0.4885439346415678,1.0508153482718283,1.063734806137178,0.1870160700795313,0.2094755270493875,0.8763902097936291,1.020907545919788,10593000000.0,2274000000.0,247.23,[],{},0.0036874215570513,17.656317039840218,34.40989170235699,0.029061410848076,0.033814664797933,,0.1332834475207362,0.9,18,20,0.3298225811072263,2.0,22.0,0.3109318181818182,0.3109318181818182,0.0909090909090909,0.0,0.8,0.0909090909090909,22.0,2,5,"quality,garp",0.3714216666666666,False,0.56665,0.3189,avoid,1,6,stable,0.1168,persistent,insufficient_data,0.0,
LNT,Alliant Energy Corporation,Utilities,19324289024.0,23.528301,20.303715,2.6036122,2.86,0.688,159.526,0.113120005,0.0324116682005522,0.18583,0.05,0.049,-1202625024.0,31049287680.0,1856000000.0,1025000000.0,4362000000.0,11840000000.0,115000000.0,28.737,24991000000.0,1697000000.0,,2123000000.0,810000000.0,,0.4566712517193947,,257137261.0,0.0303777406005106,0.4471238382316001,0.7993405558172397,0.4360957642725598,0.4848145332319635,0.4581315488245135,0.1745428354207514,0.1752663555516421,256690222.0,486000000.0,74.82,[],{},-0.0622338561851557,16.729142068965515,30.291987980487804,0.0330120294727482,0.0425020064134677,,0.0448224593318173,0.95,19,20,0.3660692951015531,3.0,22.0,0.3659272727272727,0.3659272727272727,0.1363636363636363,0.0,1.0,0.1363636363636363,22.0,3,5,"cheapness,dividend,garp",0.44881,False,0.26665,0.3177,avoid,1,9,stable,0.1949,persistent,insufficient_data,0.0,
PLD,Prologis,Real Estate,139654902760.4065,33.3608,44.185837,,2.86,0.301,62.702,0.07749,0.0337123938416917,0.43575,0.123,0.853,,178838683648.0,6779138048.0,3414302000.0,8790127000.0,36442083328.0,1765042944.0,,98724256000.0,2435901000.0,,2681055000.0,3328231000.0,,0.7457768243849037,,929153000.0,0.0391448411520161,0.7491662002948202,0.908560622590734,0.9169590258176784,0.361416084006751,0.3303779339381719,0.0890371561777077,0.0860348669258346,926283000.0,972259000.0,149.79,[],{},,26.380740793552874,52.37928093296961,0.0190915182909767,0.0299753003525095,,0.0355496481213698,0.8,16,20,0.3558075992725604,3.0,22.0,0.3869363636363637,0.3869363636363637,0.1363636363636363,0.0,1.0,0.1363636363636363,22.0,2,5,"dividend,garp",0.502995,False,0.46665,0.3118,avoid,1,6,stable,0.1068,persistent,insufficient_data,0.0,
CHRW,"C.H. Robinson Worldwide, Inc.",Industrials,24576528384.0,42.20648,28.00037,14.456077,1.21,1.586,96.501,0.34838,0.1160610479914423,0.03698,-0.008,0.099,642142272.0,26061350912.0,887430976.0,794961000.0,16232763000.0,1644486016.0,159664992.0,14.423,5058381000.0,2798543000.0,,1831702000.0,587081000.0,,0.0837350979620659,,118429000.0,0.0879004350004133,0.0738374188347773,1.527837497584214,1.2773046387411404,0.2758562472854456,0.3286440769463371,3.2090827084792544,3.345640539335581,118664000.0,72504000.0,208.5,[],{},0.0261282741796051,29.36718642555024,32.783181705769216,0.030503445607417,0.0236930442908292,,0.2463712690354386,0.95,19,20,0.3497812283041561,3.0,22.0,0.3579545454545454,0.3579545454545454,0.1363636363636363,0.0,0.8,0.1363636363636363,22.0,3,5,"cheapness,dividend,garp",0.4463483333333333,False,0.73335,0.3106,avoid,1,6,stable,0.1882,persistent,insufficient_data,0.0,
LYV,Live Nation Entertainment,Communication Services,41939500919.85324,,83.07404,,,0.885,738.269,0.14927,0.0216463190691312,0.00327,0.122,,2120347904.0,45018001408.0,1493752064.0,1232689000.0,25201406000.0,10583402496.0,9077847040.0,,22912533000.0,10974392000.0,,11028850000.0,495972000.0,,0.255463921338357,,235421446.0,0.04563865019863,0.2493890361413263,0.9950622231692334,0.992718532969577,0.4540914791044709,0.421194432177044,1.0998961136248009,1.1790770919422606,234363735.0,316033000.0,180.22,[],{},0.0505572993835096,30.13753252159523,36.52016153952862,0.027382135178061,,,0.1037295424322577,0.75,15,20,0.3541666666666666,1.0,22.0,0.2104045454545454,0.2104045454545454,0.0454545454545454,0.0,1.0,0.0454545454545454,22.0,1,5,cheapness,0.2108533333333333,False,0.63335,0.3095,avoid,1,1,deteriorating,0.0311,new,insufficient_data,0.0,
CHD,Church & Dwight,Consumer Defensive,23237058975.83055,32.25987,24.22612,5.549771,1.25,1.217,56.794,0.16779,0.0826713343207216,0.11812,0.002,0.022,1128824960.0,25111058432.0,1388000000.0,1077600000.0,6203200000.0,2377400064.0,503400000.0,17.671,8912400000.0,1597000000.0,,1497700000.0,736800000.0,,0.447317513541398,,236553877.0,0.0658891603156555,0.4568616855790801,1.066301662549242,1.702712972110343,0.2474193258830393,0.2481791266562348,0.6960190296665321,0.6874964820839572,245879841.0,95200000.0,98.07,[],{},0.048578650214475,18.09154065706052,23.302763949517445,0.0429133643616858,0.0309982650271064,,0.1453329197405154,0.95,19,20,0.3349295865424897,3.0,22.0,0.4100363636363637,0.4100363636363637,0.1363636363636363,0.0,0.8,0.1363636363636363,22.0,3,5,"cheapness,quality,garp",0.4692583333333333,False,0.73335,0.3083,avoid,1,6,stable,0.1833,persistent,insufficient_data,0.0,
MGM,MGM Resorts,Consumer Cyclical,11802417743.828602,63.19178,20.603315,,,1.335,951.186,0.13488,0.0049756626091699,0.010299999,0.042,-0.059,528360256.0,41889624064.0,2273850880.0,1337847000.0,17537683000.0,31693570048.0,2504945920.0,,41373786000.0,4332424000.0,,3512107000.0,205862000.0,,0.4441938538859438,,258323143.0,0.0176776992276428,0.455148256624138,1.2335683394611838,1.3019128002260356,0.7583497676523971,0.7485018041099861,0.4238839297907134,0.4082377645549862,294374189.0,419042000.0,46.13,[],{},0.0447671203873694,18.422326825583216,31.31122173462287,0.0319374315213716,0.0158248430412942,,0.0353351207694724,0.8,16,20,0.305712426095463,0.0,22.0,0.1608681818181818,0.1608681818181818,0.0,0.0,0.6667,0.0,22.0,0,5,,0.1889866666666667,False,0.53335,0.3078,avoid,1,6,stable,0.0,persistent,insufficient_data,0.0,
AWK,American Water Works,Utilities,26384353280.0,23.998224,20.577843,2.3905234,2.65,0.37,142.33,0.10217,0.0313469894475481,0.21172,0.057,-0.048,-1896625024.0,41910349824.0,2836000000.0,1879000000.0,5140000000.0,15708999680.0,183000000.0,56.519,35442000000.0,2191000000.0,,4747000000.0,1111000000.0,,0.6071984435797665,,195177162.0,0.0320134023758757,0.60333048676345,0.4615546661049083,0.3857142857142857,0.4491281530387676,0.4297898263783125,0.1450256757519327,0.1426743831861102,194920485.0,615000000.0,135.11,[],{},-0.0718844613651261,14.777979486600849,22.304603418839807,0.0448337942272194,0.0416697502281835,,0.0612151816256719,0.95,19,20,0.3295698924731183,2.0,22.0,0.3733681818181818,0.3733681818181818,0.0909090909090909,0.0,0.9078,0.0909090909090909,22.0,2,5,"dividend,garp",0.45183,False,0.36665,0.3054,avoid,1,9,stable,0.1206,persistent,insufficient_data,0.0,
CBRE,"CBRE Group, Inc.",Real Estate,41275424768.0,32.182648,15.8631735,4.8449855,,1.083,113.689,0.15597,0.0374712569226284,0.031089999,0.186,0.981,1094499968.0,50979426304.0,2200000000.0,1294000000.0,40550000000.0,10581000192.0,1664000000.0,29.094,30877000000.0,13489000000.0,,12320000000.0,1157000000.0,,0.1865844636251541,,295731478.0,0.0396997908378788,0.1944809461235216,1.0948863636363635,1.0735436631850974,0.323574181429543,0.2335233564368617,1.3132752534248793,1.466882664151253,302052229.0,,140.96,[],{},0.0265169885991953,23.17246650181818,39.39677457805255,0.0253827885838422,0.0310726451098741,,0.0697310987767419,0.9,18,20,0.3706822083672177,1.0,22.0,0.2199227272727273,0.2199227272727273,0.0454545454545454,0.0,0.6719,0.0454545454545454,22.0,1,5,garp,0.2794066666666667,False,0.53335,0.3049,avoid,1,6,stable,0.0608,persistent,insufficient_data,0.0,
SNDK,Sandisk Corporation,Technology,200634957824.0,46.3028,6.3726068,14.554185,,4.782,1.503,0.39297,-0.1263765883711975,0.34185,2.51,,2259500032.0,197106958336.0,5632000000.0,507000000.0,7355000000.0,207000000.0,3735000064.0,93.088,12985000000.0,5086000000.0,,1427000000.0,-1641000000.0,,0.3007477906186268,,146000000.0,-0.0497556641492669,0.1608884886687678,3.5641205325858443,1.6712199717381064,0.1572583750481324,0.0729305493854583,0.5664227955333077,0.4933362949800088,,63000000.0,1354.82,[],{},0.011261746489772,34.99768436363637,388.77112097830377,0.0025722075175841,0.0215969660582081,,0.0438657207129261,0.9,18,20,0.3527959059789083,2.0,22.0,0.2687681818181818,0.2687681818181818,0.0909090909090909,0.0,1.0,0.0909090909090909,22.0,2,5,"quality,risk",0.3046583333333333,True,0.75,0.3047,avoid,1,6,stable,0.1183,persistent,neutral,0.375,38.68137189972474
IRM,Iron Mountain Incorporated,Real Estate,36839505920.0,134.58696,46.281277,-30.318314,2.79,0.769,,,0.0068445382226638,0.03758,0.216,8.6,-499464512.0,56645783552.0,2449746944.0,1403920000.0,6901737000.0,19716626432.0,250710000.0,-4.084,21125019000.0,1934983000.0,,2619496000.0,144591000.0,,0.5538108739872296,,295788645.0,0.0096252013197546,0.5615302600412462,0.7386852279980577,0.5478041314751683,0.9018470468594608,0.8745638417031685,0.3267091499420663,0.3285714171227777,293592637.0,846462000.0,123.82,[],{},-0.0135578504523005,23.123116324622305,40.34829872927232,0.0247841924317495,0.0074301403345465,,0.0758649188136968,0.85,17,20,0.3088307996539365,3.0,22.0,0.3397590909090909,0.3397590909090909,0.1363636363636363,0.0,0.8818,0.1363636363636363,22.0,2,5,"dividend,garp",0.4216466666666666,False,0.16665,0.301,avoid,1,6,stable,0.1037,persistent,insufficient_data,0.0,
WAB,Wabtec,Industrials,44469036561.29767,37.01695,21.526749,,0.47,1.024,62.03,0.11305001,0.0530155421632153,0.10515001,0.13,0.128,1123250048.0,50913038336.0,2520000000.0,1793000000.0,11167000000.0,6917000192.0,521000000.0,,22069000000.0,5694000000.0,,5150000000.0,1170000000.0,,0.3408256469956121,,170600000.0,0.0564645492460699,0.3240589198036006,1.105631067961165,1.3035337552742616,0.251076170193484,0.2128114640145439,0.5060038968689111,0.5553951449042883,171300000.0,225000000.0,262.08,[],{},0.0252591496209204,20.20358664126984,28.39544804015616,0.0352169121820449,0.0270146513961847,,0.1059755304687038,0.85,17,20,0.2868748097315152,3.0,22.0,0.3083,0.3083,0.1363636363636363,0.0,1.0,0.1363636363636363,22.0,3,5,"dividend,garp,risk",0.37902,True,0.83335,0.2983,avoid,1,6,stable,0.1492,persistent,insufficient_data,0.0,
TJX,"The TJX Companies, Inc.",Consumer Cyclical,170632642560.0,30.050585,26.819792,16.40748,1.24,1.139,136.307,0.6125,0.1536052786087734,0.09402,0.092,0.293,4314250240.0,179232653312.0,8835000320.0,7178000000.0,60372000000.0,14179999744.0,5580000256.0,9.414,35767000000.0,15202000000.0,,13361000000.0,5494000000.0,,0.3096302921884317,,1107087991.0,0.1532016756433273,0.3060326472675656,1.1377890876431405,1.180141715116279,0.3771353482260184,0.4024693691139878,1.687924623256074,1.775174021229015,1119333622.0,74000000.0,154.46,[],{},0.0252838505884533,20.286660647455417,24.96972043911953,0.0400485060470809,0.0332772223901797,,0.3203606176916897,0.95,19,20,0.3560304742051859,3.0,22.0,0.3897,0.3897,0.1363636363636363,0.0,0.804,0.1363636363636363,22.0,3,5,"cheapness,dividend,garp",0.480635,False,0.73335,0.294,avoid,1,6,stable,0.1853,persistent,insufficient_data,0.0,
NEE,NextEra Energy,Utilities,185201762155.16245,22.53807,20.169075,,2.81,0.542,156.686,0.10325,0.0321312893414378,0.29369,0.073,1.6,-18453374976.0,298993319936.0,14158999552.0,8020000000.0,27412000000.0,104403001344.0,1998000000.0,,212721000000.0,13584000000.0,,22817000000.0,6835000000.0,,0.6226834962790019,,2083000000.0,0.0365302086839448,0.60061406698178,0.5953455756672656,0.4713468743837507,0.4495042802544177,0.4330034079434534,0.1288636288847833,0.1301802844160215,2057000000.0,4572000000.0,88.8,[],{},-0.099639305594402,21.11683942342991,37.28096258553616,0.0268233417446138,0.0443693714679207,,0.0422318645210211,0.85,17,20,0.3366935483870968,3.0,22.0,0.3784727272727272,0.3784727272727272,0.1363636363636363,0.0,1.0,0.1363636363636363,22.0,2,5,"dividend,garp",0.51925,False,0.26665,0.2923,avoid,1,6,stable,0.1069,persistent,insufficient_data,0.0,
CL,Colgate-Palmolive,Consumer Defensive,74401604729.98238,36.03876,22.921917,,2.28,1.025,1640.535,3.6357698,0.1305572565829761,0.10041001,0.084,-0.059,3319500032.0,81296605184.0,4920999936.0,4233000000.0,20382000000.0,7973000192.0,1419000064.0,,16330000000.0,5709000000.0,,6853000000.0,2132000000.0,,0.6010695711902659,,801239524.0,0.1800448709958868,0.6049947763792846,0.8330658105939005,0.9232505643340858,0.5238211879975505,0.5304748847064689,1.248132271892223,1.2527109560014955,812574698.0,267000000.0,92.98,[],{},0.0446159735942134,16.520342662325124,19.205434723364043,0.0520685948745261,0.0277479025360472,,0.4466603355492244,0.85,17,20,0.3732326141600335,2.0,22.0,0.4064772727272727,0.4064772727272727,0.0909090909090909,0.0,0.8377,0.0909090909090909,22.0,2,5,"cheapness,garp",0.4824683333333334,False,0.63335,0.2891,avoid,1,6,stable,0.1126,persistent,insufficient_data,0.0,
ANET,"Arista Networks, Inc.",Technology,212308557824.0,57.74315,37.74155,15.74176,,2.829,,0.31520998,0.1805477000915233,0.38317,0.351,0.25,4362237440.0,199960952832.0,4237199872.0,3856100000.0,9005700000.0,0.0,12353200128.0,10.711,19448600000.0,16387000000.0,,5376500000.0,3511400000.0,,0.6405609780472368,,1256500000.0,0.2030846132484566,0.6413302680241607,3.0478936110852786,4.359453919918015,,,0.4630513250311076,0.4986577802462279,1261334000.0,,168.61,[],{},0.0205466867878977,47.191767882692886,51.85574877000078,0.019284264979672,0.0173180714941945,,0.2740244881716304,0.85,17,20,0.3289072568390956,2.0,22.0,0.2491,0.2491,0.0909090909090909,0.0,0.75,0.0909090909090909,22.0,2,5,"cheapness,quality",0.2870766666666666,False,0.63335,0.2878,avoid,1,6,stable,0.1048,persistent,insufficient_data,0.0,
IR,Ingersoll Rand,Industrials,32183540392.17433,55.567566,21.346788,,0.1,2.227,48.353,0.057150003,0.0317753536060162,0.075440004,0.076,0.065,1035425024.0,35907842048.0,2021799936.0,1510000000.0,7650900000.0,4951199744.0,1291600000.0,,18297200000.0,4248000000.0,,2066300000.0,581400000.0,,0.4360663451358664,,391121689.0,0.0465635376295128,0.4381478921907394,2.0558486183032474,2.289020836769476,0.2650405526528649,0.2672878099701273,0.4181459458277769,0.4017257271041322,402880079.0,253900000.0,82.24,[],{},0.0321725021977933,17.76033395225115,23.780027846357616,0.0420520954164134,0.0179961094570886,,0.0930324258051001,0.85,17,20,0.2533890954780422,2.0,22.0,0.3416454545454545,0.3416454545454545,0.0909090909090909,0.0,1.0,0.0909090909090909,22.0,2,5,"dividend,risk",0.372025,True,0.83335,0.2847,avoid,1,6,stable,0.0915,persistent,insufficient_data,0.0,
ETN,Eaton Corporation,Industrials,155316113208.0078,39.061523,25.352713,7.8756795,1.1,1.193,110.463,0.20844999,0.0990763860270054,0.13986,0.168,-0.094,2646500096.0,176442114048.0,6343000064.0,5209000000.0,27448000000.0,21833000960.0,751000000.0,50.788,41251000000.0,12355000000.0,,9370000000.0,4087000000.0,,0.3758743806470417,,387900000.0,0.098850993981397,0.38198408232173,1.3185699039487726,1.501972763141148,0.2553150226661171,0.2558818165238008,0.6653899299410924,0.6481853000182382,392900000.0,241000000.0,399.99,[],{},0.0170394432447305,27.816823627262067,33.87255021078902,0.0295224302208424,0.0256006403027347,,0.16338885229447,0.95,19,20,0.3003640293577616,2.0,22.0,0.346490909090909,0.346490909090909,0.0909090909090909,0.0,0.8,0.0909090909090909,22.0,2,5,"quality,garp",0.44105,False,0.73335,0.2818,avoid,1,6,stable,0.1106,persistent,insufficient_data,0.0,
HLT,Hilton Worldwide Holdings Inc.,Consumer Cyclical,73147973632.0,49.056488,30.840878,-12.424407,0.19,0.608,,,0.086860617622511,0.30408,0.11,0.35,1684499968.0,85679972352.0,3003000064.0,2693000000.0,12039000000.0,13057999872.0,564000000.0,-25.862,16774000000.0,2996000000.0,,4508000000.0,1457000000.0,,0.2820001661267547,,230433192.0,0.0929064277932453,0.2741184893502774,0.6645962732919255,0.6961702127659575,0.7805532371527364,0.7194044304563613,0.7177178967449624,0.6763103740467256,241806421.0,620000000.0,321.32,[],{},0.0230286620990288,28.531458716612267,31.815808522836985,0.0314309158380247,0.0203846634924212,,0.219549975542149,0.85,17,20,0.2989813209234311,3.0,22.0,0.3308409090909091,0.3308409090909091,0.1363636363636363,0.0,0.6667,0.1363636363636363,22.0,3,5,"cheapness,dividend,garp",0.3054633333333333,False,0.43335,0.2728,avoid,1,6,stable,0.1458,persistent,insufficient_data,0.0,
ECL,Ecolab Inc.,Basic Materials,76784590848.0,36.918808,29.156199,7.675406,1.07,0.991,92.369,0.22427,0.0840449783975737,0.12798999,0.1,0.078,1586424960.0,85559394304.0,4040900096.0,2892500000.0,16081200000.0,9266499584.0,519800000.0,35.546,24696300000.0,5955600000.0,,5534700000.0,2075600000.0,,0.4446434345695594,,282022564.0,0.0943549611842164,0.4346309731027736,1.0760474822483603,1.2572400267067267,0.3643258301850884,0.3699648915927425,0.651158270672125,0.7031240229053324,283354746.0,306200000.0,272.83,[],{},0.0206607203669344,21.17335055838015,29.579738739498705,0.0338069246928361,0.0270864649801261,,0.1509529475617902,0.95,19,20,0.3263235294117647,3.0,22.0,0.3657590909090908,0.3657590909090908,0.1363636363636363,0.0,0.75,0.1363636363636363,22.0,3,5,"quality,dividend,garp",0.4433833333333333,False,0.63335,0.2688,avoid,1,6,stable,0.1696,persistent,insufficient_data,0.0,
ROK,"Rockwell Automation, Inc.",Industrials,51391877120.0,47.860107,31.572212,14.591495,1.2,1.091,113.367,0.27183,0.0774578839468758,0.12358,0.119,0.396,974499968.0,55076876288.0,1968999936.0,1423000000.0,8342000000.0,4054000128.0,423000000.0,31.652,11219000000.0,3911000000.0,,3445000000.0,869000000.0,,0.4814193239031407,,112434397.0,0.084846866096866,0.4659970958373668,1.135268505079826,1.0768590455049944,0.3250735359657724,0.3636930199430199,0.7435600320884215,0.7357549857549858,113067383.0,156000000.0,461.85,[],{},0.0189621399841952,27.972005118439984,38.70476197329585,0.0258366141274798,0.0208942282556952,,0.1830460509390275,0.95,19,20,0.2865739668430493,2.0,22.0,0.3545590909090909,0.3545590909090909,0.0909090909090909,0.0,0.8,0.0909090909090909,22.0,2,5,"dividend,garp",0.4615616666666666,False,0.73335,0.261,avoid,1,6,stable,0.104,persistent,insufficient_data,0.0,
TMO,Thermo Fisher Scientific,Healthcare,197880990424.96823,29.241077,19.536886,,0.35,1.526,82.903,0.13523,0.0607560062713538,0.15151,0.062,0.113,5520625152.0,237913997312.0,11296000000.0,8110000000.0,44557000000.0,43161001984.0,3256000000.0,,110343000000.0,28707000000.0,,15189000000.0,6704000000.0,,0.4093408443117804,,376221470.0,0.0650938646335323,0.4128361202453415,1.8899861742050168,1.6604410441044104,0.3569324741941038,0.3213592133249761,0.4038045005120397,0.4405934998612837,380774334.0,1419000000.0,532.48,[],{},0.0278987139701693,21.06179154674221,29.33588129617756,0.0340879481309565,0.03419846676646,,0.0852302583180948,0.85,17,20,0.2969037108198571,2.0,22.0,0.311740909090909,0.311740909090909,0.0909090909090909,0.0,0.8,0.0909090909090909,22.0,2,5,"dividend,garp",0.36904,False,0.73335,0.2593,avoid,1,6,stable,0.0946,persistent,insufficient_data,0.0,
APO,"Apollo Global Management, Inc.",Financial Services,69453062144.0,75.767296,11.320975,3.743397,1.87,2.024,101.267,0.08492,0.0075756754000984,0.03656,-0.092,,,88521064448.0,,8258000000.0,32049000000.0,40034000896.0,41946001408.0,32.182,460949000000.0,260356000000.0,,331897000000.0,3492000000.0,,0.9549751942338296,,578981398.0,0.0121118300056894,0.9563452554185494,0.784448187238812,0.8000445079094264,0.0289923614109153,0.028018364889718,0.0695282992261616,0.0691038515989891,565738933.0,370000000.0,120.47,[],{},,,10.719431393557764,0.0932885302667254,0.0131983065622402,,0.0639897095744351,0.85,17,20,0.2236507922101692,2.0,22.0,0.2899318181818182,0.2899318181818182,0.0909090909090909,0.0,1.0,0.0909090909090909,22.0,1,5,cheapness,0.26124,False,0.46665,0.2587,avoid,1,9,stable,0.041,persistent,insufficient_data,0.0,
MTD,Mettler Toledo,Healthcare,26472361856.699707,30.766087,25.546825,,,1.202,,,0.234116853586364,0.21395999,0.072,0.067,615044352.0,28640425984.0,1217576960.0,1118490000.0,4026399000.0,2228637952.0,60574000.0,,3712646000.0,1362667000.0,,1198116000.0,869193000.0,,0.5937429449987446,,20359353.0,0.2664013167905298,0.6005594519725821,1.13734145942463,1.0220109177165075,0.5796868325178323,0.6215705622131364,1.084509269130426,1.195173517028863,20949461.0,68515000.0,1310.02,[],{},0.0232334521312968,23.52247695619996,25.60633173653765,0.0390528409257894,0.0325033209455593,,0.4448107598636723,0.7,14,20,0.2660258761953677,1.0,22.0,0.2285045454545454,0.2285045454545454,0.0454545454545454,0.0,0.6901,0.0454545454545454,22.0,1,5,cheapness,0.2635983333333333,False,0.63335,0.258,avoid,1,1,deteriorating,0.0229,new,insufficient_data,0.0,
WMB,"The Williams Companies, Inc.",Energy,89743605760.0,32.184208,28.547195,7.0206656,2.86,0.829,199.855,0.19656,0.0446963618049271,0.23056999,0.09,0.25,-190250000.0,121300615168.0,6821000192.0,4408000000.0,11950000000.0,30301999104.0,950000000.0,10.452,58573000000.0,3244000000.0,,6106000000.0,2618000000.0,,0.619581589958159,,1222000000.0,0.0408017310936697,0.5870703608492811,0.5312807075008189,0.500941265060241,0.5018182439007733,0.4939668451551383,0.2040189165656531,0.1926025086187926,1219011798.0,1442000000.0,73.38,[],{},-0.002119928193088,17.783405916080643,27.518288377495463,0.036339469456894,0.0310711389884132,,0.0840147140107114,0.95,19,20,0.2942857142857142,2.0,22.0,0.35795,0.35795,0.0909090909090909,0.0,0.8965,0.0909090909090909,22.0,2,5,"dividend,garp",0.4515966666666666,False,0.36665,0.2562,avoid,1,6,stable,0.1046,persistent,insufficient_data,0.0,
CMG,Chipotle Mexican Grill,Consumer Cyclical,44177354752.0,31.596329,25.417536,18.407269,,0.919,217.885,0.49231997,0.170743866467301,0.119619995,0.074,-0.179,1087909760.0,48551817216.0,2303996928.0,2012808000.0,11925601000.0,5245879808.0,871422016.0,1.871,8994531000.0,1466953000.0,,1188142000.0,1535761000.0,,0.253757190098847,,1304360000.0,0.1666718453639541,0.2667254029197657,1.2346613451927464,1.523473435275435,0.5643222531558344,0.4933108976232387,1.3258724662797872,1.229182234446362,1358751000.0,,34.44,[],{},0.0246259597503571,21.07286543048724,24.121434938652868,0.0414569034778926,0.0316492463412442,,0.2578411093784847,0.9,18,20,0.3169112606282823,1.0,22.0,0.2553772727272727,0.2553772727272727,0.0454545454545454,0.0,0.6667,0.0454545454545454,22.0,1,5,cheapness,0.2773433333333333,False,0.63335,0.2547,avoid,1,6,stable,0.0514,persistent,insufficient_data,0.0,
SRE,Sempra,Utilities,60304506880.0,31.37755,16.661068,1.8694903,2.85,1.689,85.267,0.05689,0.0165677591587149,0.1443,-0.039,0.137,-28243374080.0,106430906368.0,5618999808.0,3080000000.0,13702000000.0,36432998400.0,794000000.0,49.345,110878000000.0,34837000000.0,,21894000000.0,1837000000.0,,0.4661363304627062,,652731668.0,0.029764442826686,0.4620401971937808,1.5911665296428246,0.5461967755270773,0.3158516567759158,0.3728147262232853,0.1235772651021843,0.1371223545317456,650629876.0,1532000000.0,92.25,[],{},-0.4683459917216721,18.94125467248993,34.55548908051948,0.0289389624227239,0.0318699197356071,,0.0346129641283826,0.95,19,20,0.2304062126642772,2.0,22.0,0.3236454545454545,0.3236454545454545,0.0909090909090909,0.0,0.895,0.0909090909090909,22.0,2,5,"dividend,garp",0.4116483333333333,False,0.36665,0.2498,avoid,1,6,stable,0.0912,persistent,insufficient_data,0.0,
CSGP,"CoStar Group, Inc.",Real Estate,12160833536.0,425.4286,16.776709,1.5321294,,2.196,14.35,0.00303,0.000664262668438,0.00733,0.225,,202200000.0,12124832768.0,272000000.0,-72000000.0,3247000000.0,1140999936.0,1215000064.0,19.437,10538000000.0,2119000000.0,,746000000.0,7000000.0,,0.7887280566676933,,417900000.0,0.0150156638219725,0.7960526315789473,2.8404825737265416,8.967391304347826,0.1123552856329474,0.1243383385546073,0.3081229834883279,0.2955601166684671,409500000.0,,29.78,[],{},0.0166271497263261,44.57659105882353,-168.4004551111111,-0.0059382262318721,0.002350570695059,,-0.0073529411764705,0.9,18,20,0.2333604409505738,1.0,22.0,0.2149045454545454,0.2149045454545454,0.0454545454545454,0.0,1.0,0.0454545454545454,22.0,1,5,risk,0.2521333333333334,True,0.83335,0.2475,avoid,1,6,stable,0.0433,persistent,insufficient_data,0.0,
BA,The Boeing Company,Industrials,168720351232.0,84.59684,52.34031,28.19523,,1.176,828.696,1.69947,0.0132849882604689,0.024600001,0.14,,2554249984.0,198162350080.0,-3259000064.0,-5416000000.0,89463000000.0,49614000128.0,20177999872.0,7.591,168235000000.0,128459000000.0,,108115000000.0,2235000000.0,,0.0479416071448531,,784698272.0,-0.0755741447784962,-0.0299321977840251,1.1881700041622347,1.318506767753765,0.3235533628555295,0.3465525731790769,0.5317740065979136,0.4254011498884007,749216319.0,2771000000.0,214.03,[],{},0.0151389560616061,-60.80464749570499,-36.58832165435746,-0.0273311252001881,0.0118207725016679,,-0.090086493679308,0.9,18,20,0.2837091956482892,0.0,22.0,0.171340909090909,0.171340909090909,0.0,0.0,0.6667,0.0,22.0,0,5,,0.2102366666666666,False,0.63335,0.2426,avoid,1,6,stable,0.0,persistent,insufficient_data,0.0,
CDNS,"Cadence Design Systems, Inc.",Technology,91049615360.0,76.948715,35.117264,13.876581,,1.471,46.992,0.20656,0.1092161761061692,0.21180001,0.187,0.23,1499152256.0,92586819584.0,2014227968.0,1649781000.0,5296759000.0,3083354112.0,1546153984.0,23.789,10153148000.0,4669673000.0,,1635291000.0,1108888000.0,,0.8636432203164237,,271799000.0,0.1176094620280034,0.8604901595772186,2.855560875709583,2.9312198700099628,0.2576973171276534,0.2880473769962433,0.5216863774663779,0.5171623275861492,273851000.0,116541000.0,330.11,[],{},0.0164652233847723,45.966405518603146,56.12067273413865,0.0178187457719424,0.012995668608631,,0.1936849843804609,0.9,18,20,0.2702661979850277,2.0,22.0,0.3244545454545454,0.3244545454545454,0.0909090909090909,0.0,1.0,0.0909090909090909,22.0,2,5,"quality,risk",0.3824866666666667,True,0.83335,0.2421,avoid,1,6,stable,0.0922,persistent,insufficient_data,0.0,
ROL,"Rollins, Inc.",Consumer Cyclical,21718824960.0,41.38532,32.436436,15.717771,1.62,0.646,77.235,0.38671002,0.1677125115784855,0.13766,0.102,0.013,521446112.0,22669422592.0,860139008.0,726068000.0,3761050000.0,1067139968.0,116543000.0,2.87,3140523000.0,472682000.0,,785525000.0,526705000.0,,0.5275239627231757,,481193751.0,0.1654005131760704,0.526900222739758,0.6017402374208332,0.6860648953286151,0.330519789219821,0.2881616628748854,1.197587153477303,1.2017994854053364,484372303.0,28558000.0,45.11,[],{},0.024008946752891,26.355533676714728,31.22217559787789,0.03202851757928,0.0241631573707778,,0.3083093913455553,0.95,19,20,0.2744245462048862,3.0,22.0,0.3833045454545454,0.3833045454545454,0.1363636363636363,0.0,0.8,0.1363636363636363,22.0,3,5,"cheapness,quality,garp",0.4656583333333334,False,0.73335,0.24,avoid,1,6,stable,0.1466,persistent,insufficient_data,0.0,
COHR,Coherent Corp.,Technology,54309478400.0,131.564,33.682697,5.084156,,3.05,31.093,0.04718,0.0033105902942645,0.07102,0.205,,-197631744.0,55649562624.0,1313731968.0,534947000.0,5810115000.0,3425114880.0,2423729920.0,54.601,14910936000.0,3927154000.0,,1794841000.0,49364000.0,,0.3516835725282546,,155555206.0,-0.0107776896013799,0.3092736816883362,2.188023340229023,2.723760145918154,0.2611276716632678,0.2970019810011075,0.3896546132315235,0.3249228326148621,152779583.0,243251000.0,277.6,[],{},-0.003638991752865,42.35990596218787,104.02817965891948,0.0096127799532658,0.0076008634580888,,0.0407855386835792,0.9,18,20,0.2206362657261288,1.0,22.0,0.1894045454545454,0.1894045454545454,0.0454545454545454,0.0,0.8,0.0454545454545454,22.0,1,5,risk,0.21241,True,0.56665,0.2398,avoid,1,6,stable,0.0414,persistent,insufficient_data,0.0,
GLW,Corning Inc.,Technology,133063213056.0,73.97608,36.03828,11.872073,0.72,1.61,80.363,0.1674,0.0515237603305785,0.1109,0.2,1.389,612000000.0,141769211904.0,3907000064.0,2279000000.0,15629000000.0,9923999744.0,1755000064.0,13.023,30976000000.0,8936000000.0,,5628000000.0,1596000000.0,,0.3596519291061488,,857360396.0,0.0182440959076978,0.3259643238298521,1.587775408670931,1.6247204716405774,0.3027182334710744,0.2917252568956192,0.5045519111570248,0.4729763836307914,854000000.0,336000000.0,154.61,[],{},0.0045993177674316,36.28595075037091,62.20676257305836,0.0160754226491943,0.0135178830778813,,0.0899084740413444,0.95,19,20,0.2403402064282426,3.0,22.0,0.3047636363636363,0.3047636363636363,0.1363636363636363,0.0,0.8,0.1363636363636363,22.0,2,5,"dividend,garp",0.4156583333333333,False,0.56665,0.2394,avoid,1,6,stable,0.0912,persistent,insufficient_data,0.0,
NRG,NRG Energy,Utilities,27240462336.0,143.45557,11.24027,6.503299,1.47,0.838,479.237,0.062480003,0.02964996568291,0.00738,0.195,-0.856,431624992.0,51070464000.0,2257999872.0,1944000000.0,30713000000.0,23357999104.0,178000000.0,19.853,29140000000.0,13147000000.0,,8029000000.0,864000000.0,,0.1937941588252531,,190376607.0,0.0468320706019482,0.2143618912193388,1.637439282600573,1.017133779643708,0.5704186684969115,0.4575389226542336,1.05398078242965,1.171009907584714,198604003.0,741000000.0,129.11,[],{},0.0158449950913491,22.61756726972924,26.270814814814816,0.0380650545881079,0.0069707993910588,,0.0920846951826062,0.95,19,20,0.2341696535244922,0.0,22.0,0.1904181818181818,0.1904181818181818,0.0,0.0,0.5,0.0,22.0,0,5,,0.2191966666666666,False,0.36665,0.2342,avoid,1,6,stable,0.0,persistent,insufficient_data,0.0,
GNRC,Generac Holdings Inc.,Industrials,12651467776.0,67.15938,19.08418,4.7209105,,2.028,52.086,0.07388,0.0286263345987452,0.04368,0.124,0.699,115297624.0,13780012032.0,527512000.0,289191000.0,4209147000.0,1393465984.0,265530000.0,45.523,5573679000.0,2462478000.0,,1215346000.0,159554000.0,,0.3829129750041992,,58676763.0,0.0636592148756853,0.3877305314870174,2.0261538689393803,1.966961299015053,0.2688104212675326,0.2888317472483188,0.7551828872814527,0.8407820906494412,59611934.0,70697000.0,214.91,[],{},0.0091133792569682,26.1226512989278,47.65021052522381,0.0209862661460991,0.0148899528256514,,0.0663535806006562,0.9,18,20,0.2088409189293417,2.0,22.0,0.2080181818181818,0.2080181818181818,0.0909090909090909,0.0,1.0,0.0909090909090909,22.0,2,5,"garp,risk",0.27602,True,0.83335,0.2263,avoid,1,6,stable,0.0783,persistent,insufficient_data,0.0,
AXP,American Express Company,Financial Services,242464718848.0,22.16781,17.618536,7.1289573,1.07,1.574,177.847,0.34419,0.0361037420180502,0.16305,0.116,0.176,,249056706560.0,,,72230000000.0,60458999808.0,53866999808.0,49.846,300052000000.0,,,,10833000000.0,,,,686000000.0,0.0373129105101653,,,,0.1924966339167877,0.1882001466140624,0.2407249410102249,0.2429409749466774,702000000.0,8234000000.0,355.35,[],{},,,,,0.0451104552050924,,,0.75,15,20,0.3206590618985168,3.0,22.0,0.364790909090909,0.364790909090909,0.1363636363636363,0.0,1.0,0.1363636363636363,22.0,3,5,"quality,dividend,garp",0.4309216666666667,False,0.36665,0.225,avoid,1,9,stable,0.1228,persistent,insufficient_data,0.0,
BG,Bunge Global,Consumer Defensive,23117258698.29815,31.355265,10.683512,,2.42,1.599,94.032,0.04933,0.0183255479698167,0.00848,0.878,-0.764,-6827500032.0,39282257920.0,2233999872.0,1296000000.0,70329000000.0,16433999872.0,1700999936.0,,44528000000.0,24391000000.0,,15127000000.0,816000000.0,,0.0484721807504727,,193408656.0,0.0456644845174505,0.0638886796716125,1.6124148872876314,2.1463349024882312,0.3560680919870643,0.2859150969918471,1.5794331656485807,2.132937065745612,133964235.0,628000000.0,119.15,[],{},-0.2953421130552399,17.583822815903904,30.310384197530865,0.0329919935518818,0.0318925705140747,,0.0440801333287983,0.85,17,20,0.2215778173439463,1.0,22.0,0.2383863636363637,0.2383863636363637,0.0454545454545454,0.0,0.8107,0.0454545454545454,22.0,1,5,garp,0.3154533333333333,False,0.36665,0.2244,avoid,1,6,stable,0.0379,persistent,insufficient_data,0.0,
COIN,"Coinbase Global, Inc.",Financial Services,41394954240.0,57.7647,33.10926,3.0701292,,2.141,59.081,0.06686,0.0424755370682875,0.12736,-0.308,,2407562752.0,38921375744.0,1002446976.0,1456145000.0,7181325000.0,7964423168.0,10438001664.0,51.177,29671832000.0,20388445000.0,,8701282000.0,1260327000.0,,0.7463949897825262,,267836000.0,0.1144118359586532,0.7478229830829485,2.3431541467107952,2.280811376446233,0.2639358095583717,0.2082400942136729,0.2420249952884607,0.2911916541740331,253640000.0,85413000.0,157.12,[],{},0.0581607781963331,38.826368551986135,26.72905221938749,0.0374124750773866,0.0173116107241966,,0.069437616085415,0.9,18,20,0.2103811554073034,2.0,22.0,0.2567181818181818,0.2567181818181818,0.0909090909090909,0.0,1.0,0.0909090909090909,22.0,2,5,"cheapness,risk",0.2854283333333333,True,0.83335,0.2214,avoid,1,6,stable,0.0777,persistent,insufficient_data,0.0,
DASH,"DoorDash, Inc.",Consumer Cyclical,80233242624.0,86.8585,23.71111,7.871922,,1.426,32.194,0.09922,0.0475609135764789,0.0629,0.331,-0.061,2295624960.0,77999243264.0,1350000000.0,725000000.0,13717000000.0,3287000064.0,5533000192.0,23.392,19659000000.0,8643000000.0,,6147000000.0,935000000.0,,0.5087847196908946,,434247000.0,0.009575710393149,0.4831188211154635,1.4060517325524646,1.6642631816133393,0.1673533750445088,0.0417282989490074,0.6977465791749325,0.8347216815881666,419677000.0,,184.14,[],{},0.028611893087234,57.77721723259259,107.58516312275862,0.0092949619722095,0.0115129780044555,,0.0536560094730609,0.9,18,20,0.2269559594623682,1.0,22.0,0.2229318181818182,0.2229318181818182,0.0454545454545454,0.0,1.0,0.0454545454545454,22.0,1,5,risk,0.27841,True,0.83335,0.2144,avoid,1,6,stable,0.0397,persistent,insufficient_data,0.0,
MRVL,"Marvell Technology, Inc.",Technology,169348677632.0,64.838486,30.435202,9.069409,0.13,3.278,28.97,0.16028,0.1198144068062803,0.28986,0.276,-0.804,2269700096.0,166490865664.0,2712000000.0,1338400000.0,8194600000.0,5277199872.0,3843599872.0,20.804,22285300000.0,6460600000.0,,3220500000.0,2670100000.0,,0.5101774339198984,,847259927.0,-0.0438021232893662,0.4130529017044371,2.0060860114888994,1.5395204262877442,0.2149533549021103,0.2149570640203915,0.367713245951367,0.2854463114652676,866000000.0,202600000.0,188.68,[],{},0.0134025262419357,61.39043719174041,124.3954465511058,0.0080388794584146,0.0154229387774415,,0.0702026771851789,0.95,19,20,0.2323192052857007,3.0,22.0,0.3529090909090909,0.3529090909090909,0.1363636363636363,0.0,1.0,0.1363636363636363,22.0,2,5,"quality,risk",0.4098933333333333,True,0.83335,0.2094,avoid,1,6,stable,0.0839,persistent,insufficient_data,0.0,
WAT,Waters Corporation,Healthcare,36228616192.0,46.94402,22.370708,2.3686426,,1.788,36.634,0.05212,0.1265877416749564,0.11926,0.914,,-502370624.0,41368616960.0,1135047936.0,802588000.0,3165286000.0,5601999872.0,462000000.0,155.777,5076550000.0,2147645000.0,,1239499000.0,642629000.0,,0.5928260511056505,,59549000.0,0.1400664720304713,0.5943056131601444,1.7326718295053083,2.113446144261913,0.2937199476022101,0.3738293006162991,0.6235112428716353,0.649653091542329,59388000.0,69548000.0,368.98,[],{},-0.013866679901258,36.44658137152015,51.54402627500038,0.0194008903119975,0.0213019677479687,,0.2091679260974117,0.9,18,20,0.2088081624073648,0.0,22.0,0.2324090909090909,0.2324090909090909,0.0,0.0,0.8,0.0,22.0,0,5,,0.237435,False,0.56665,0.2037,avoid,1,6,stable,0.0,persistent,insufficient_data,0.0,
COO,Cooper Companies (The),Healthcare,13985646298.744123,60.771187,14.330936,,,1.274,33.093,0.02853,0.0302465550069383,0.05573,0.079,,424275008.0,16573646848.0,886400000.0,682900000.0,4092400000.0,2726599936.0,138800000.0,,12394800000.0,2106400000.0,,1112800000.0,374900000.0,,0.6553855928061773,,195900000.0,0.0318549434844744,0.6663500539097397,1.892882818116463,1.9079976535001957,0.2021250847129441,0.2097976484344549,0.3301707167521864,0.3163083019358191,199600000.0,100000000.0,71.71,[],{},0.030336460606622,18.69770628158845,24.269507758090494,0.0412039671330638,0.0164551664919758,,0.0605300478638539,0.8,16,20,0.1738955669855279,1.0,22.0,0.2429727272727272,0.2429727272727272,0.0454545454545454,0.0,1.0,0.0454545454545454,22.0,1,5,risk,0.2794616666666666,True,0.83335,0.1964,avoid,1,6,stable,0.0296,persistent,insufficient_data,0.0,
ETR,Entergy Corporation,Utilities,52837228544.0,28.887754,22.301126,2.9887302,2.26,0.957,192.883,0.10751,0.0246669911405823,0.13414,0.12,0.012,-3913097728.0,82642108416.0,5490236928.0,3215073000.0,12946686000.0,34058442752.0,3572052992.0,37.889,71890730000.0,5806851000.0,,7822968000.0,1773328000.0,,0.4771691381099379,,452339365.0,0.0163788158030235,0.4830349000934623,0.7422823409222689,0.7193929606382681,0.4303049224844427,0.4463477653476078,0.1800883924812003,0.1833561835561371,429580416.0,1336651000.0,113.24,[],{},-0.0740594810861698,15.052557749289177,25.7045822648506,0.0389035693984973,0.0346167445208789,,0.050182383458314,0.95,19,20,0.2302867383512545,1.0,22.0,0.2949818181818182,0.2949818181818182,0.0454545454545454,0.0,0.8729,0.0454545454545454,22.0,1,5,garp,0.34024,False,0.26665,0.1884,avoid,1,6,stable,0.0398,persistent,insufficient_data,0.0,
KKR,KKR & Co. Inc.,Financial Services,94120648704.0,34.333332,13.663603,3.2117858,0.74,0.857,69.029,0.076630004,0.005779586154789,0.116809994,-0.066,,,153965314048.0,,490198000.0,19207544000.0,55780061184.0,45299539968.0,31.428,410144072000.0,243379872000.0,,58248712000.0,2370463000.0,,0.1799646014086965,,891451844.0,0.0085427659863625,0.1775334967815585,4.178287616042051,4.121545687497793,0.1329724814357429,0.1411178092707294,0.0468312120332193,0.0600953162903118,888232174.0,3071915000.0,100.94,[],{},,,314.088009432923,0.0031838209991061,0.0291262147233481,,0.0013930220620129,0.85,17,20,0.1797534825114319,1.0,22.0,0.2534727272727273,0.2534727272727273,0.0454545454545454,0.0,1.0,0.0454545454545454,22.0,1,5,risk,0.2681016666666667,True,0.56665,0.1879,avoid,1,6,stable,0.0313,persistent,insufficient_data,0.0,
CNP,"CenterPoint Energy, Inc.",Utilities,28214329344.0,26.460123,20.69151,2.4642897,2.23,1.165,215.591,0.09561,0.0226071259724072,0.11379,0.019,0.067,-4945375232.0,51703328768.0,3664000000.0,2110000000.0,9357000000.0,24682999808.0,1194000000.0,17.502,46534000000.0,5701000000.0,,6260000000.0,1052000000.0,,0.4505717644544191,,652869575.0,0.0232818497532443,0.4600254541247252,0.910702875399361,1.0830655129789863,0.4938324665835733,0.4789572290257722,0.2010787811062878,0.1974730396636812,651727276.0,903000000.0,43.13,[],{},-0.175278851100945,14.111170515283844,24.503947283412323,0.0408097515242754,0.037792719255311,,0.0523911208223667,0.95,19,20,0.1905615292712067,2.0,22.0,0.3013,0.3013,0.0909090909090909,0.0,0.8848,0.0909090909090909,22.0,2,5,"dividend,garp",0.3584699999999999,False,0.26665,0.1857,avoid,1,6,stable,0.0715,persistent,insufficient_data,0.0,
AJG,Arthur J. Gallagher & Co.,Financial Services,65237573632.0,41.150726,17.075392,2.7435005,1.1,1.063,56.18,0.07007,0.0211420080662279,0.11354,0.346,0.162,1080225024.0,77212909568.0,3960000000.0,2556000000.0,13942000000.0,13372000256.0,1412999936.0,92.546,70665000000.0,34356000000.0,,32519000000.0,1494000000.0,,0.4257638789269832,,257000000.0,0.0227686561357092,0.4222414539160536,1.056490051969618,1.5076213260423788,0.1908299724050095,0.2098669364251809,0.1972971060638222,0.1798303633958446,250000000.0,639000000.0,253.9,[],{},0.0165583261893439,19.49820948686869,30.208493571205008,0.0331032726819985,0.0243009078381752,,0.0670057148849158,0.95,19,20,0.1701043845836188,2.0,22.0,0.3301863636363636,0.3301863636363636,0.0909090909090909,0.0,0.8,0.0909090909090909,22.0,2,5,"dividend,garp",0.422665,False,0.73335,0.1835,avoid,1,6,stable,0.0672,persistent,insufficient_data,0.0,
PODD,Insulet Corporation,Healthcare,11363561472.0,38.33177,20.36975,8.723811,,2.487,77.844,0.22997999,0.0774511033099297,0.10438,0.339,1.59,253375008.0,11897162752.0,602000000.0,473800000.0,2708100000.0,1014000000.0,480400000.0,18.806,3190400000.0,1914000000.0,,680100000.0,247100000.0,,0.7163324840293933,,70390816.0,0.1354730057971953,0.6978663834717127,2.8142920158800178,3.5792959878879635,0.2975175526579739,0.4469022249570878,0.8488277331995988,0.6709201023415488,70196031.0,59400000.0,164.06,[],{},0.0222971476525489,19.762728823920263,25.110094453355845,0.0398246212039379,0.0260880204592691,,0.1887423813886786,0.9,18,20,0.2430830017071293,3.0,22.0,0.3341818181818182,0.3341818181818182,0.1363636363636363,0.0,1.0,0.1363636363636363,22.0,3,5,"cheapness,garp,risk",0.4159616666666667,True,0.83335,0.1818,avoid,1,6,stable,0.1147,persistent,insufficient_data,0.0,
EW,Edwards Lifesciences Corporation,Healthcare,49363337216.0,46.34054,25.498339,4.7896533,,4.421,6.806,0.1046,0.0783736822124229,0.1739,0.167,0.082,902137472.0,46394732544.0,1903600000.0,1636200000.0,6067600000.0,702899968.0,3671500032.0,17.899,13697200000.0,6738900000.0,,1813700000.0,1073500000.0,,0.7801107521919705,,580700000.0,0.3197628549324795,0.7945583233753102,3.715553840216133,4.175790592612278,0.0514995765557924,0.0536180708218118,0.4429810472213299,0.4166507089074935,588600000.0,20400000.0,85.73,[],{},0.0182754554873893,24.37210156755621,28.355172071873856,0.0352669346341905,0.0215793773659089,,0.1376867084613119,0.9,18,20,0.2034651763066518,1.0,22.0,0.3082818181818181,0.3082818181818181,0.0454545454545454,0.0,1.0,0.0454545454545454,22.0,1,5,risk,0.3411833333333333,True,0.83335,0.1803,avoid,1,6,stable,0.0345,persistent,insufficient_data,0.0,
FTNT,"Fortinet, Inc.",Technology,118403309568.0,62.397686,47.172867,119.88872,,1.153,57.31,1.32392,0.1783967966734686,0.27491,0.201,0.286,1813049984.0,115675602944.0,2361400064.0,2084700000.0,6799600000.0,567200000.0,3294899968.0,1.348,10389200000.0,5900200000.0,,5034000000.0,1853400000.0,,0.8045620330607682,,743000000.0,0.1787546988149256,0.8056348433459821,1.1720699245133095,1.470559263181225,0.0958976629576868,0.1018426524362139,0.6544873522504139,0.610031649783368,767000000.0,20100000.0,161.61,[],{},0.0153124941407043,48.9860251583359,55.48788935770135,0.0180219505837305,0.0160262353318679,,0.3892851807588885,0.9,18,20,0.2722289429895329,3.0,22.0,0.2857818181818181,0.2857818181818181,0.1363636363636363,0.0,1.0,0.1363636363636363,22.0,3,5,"cheapness,quality,risk",0.3562666666666667,True,0.83335,0.1795,avoid,1,6,stable,0.122,persistent,insufficient_data,0.0,
GE,GE Aerospace,Industrials,361932914688.0,41.135612,39.27408,20.155428,0.54,0.982,113.225,0.48231998,0.0668669191589395,0.17716,0.211,0.194,6594625024.0,372444921856.0,11482999808.0,8680000000.0,45855000000.0,20230000640.0,9944999936.0,17.307,130169000000.0,40595000000.0,,38981000000.0,8704000000.0,,0.3148620652055392,,1048766702.0,0.053240214390125,0.3091571495013178,1.0414047869474872,1.094295184926727,0.1574491622429303,0.156512912132532,0.3522728145718258,0.3142926750040604,1073692183.0,843000000.0,348.83,[],{},0.0182205728088721,32.434462081635175,42.90840113548387,0.0233054593864377,0.0243098364502271,,0.0951879633285081,0.95,19,20,0.2519276156803623,2.0,22.0,0.3035681818181818,0.3035681818181818,0.0909090909090909,0.0,0.6667,0.0909090909090909,22.0,2,5,"dividend,garp",0.3820616666666666,False,0.63335,0.1787,avoid,1,6,stable,0.0818,persistent,insufficient_data,0.0,
ISRG,"Intuitive Surgical, Inc.",Healthcare,122334937088.0,39.70345,28.794935,7.0054965,,6.431,,0.17423001,0.1395983126982652,0.28445998,0.185,0.265,,113687724032.0,4168800000.0,2945500000.0,10064700000.0,0.0,8625500160.0,49.307,20458700000.0,9779500000.0,,2006200000.0,2856000000.0,,0.6599600584220096,,355100000.0,0.1239169405437705,0.6745848349516887,4.874638620277141,4.074371168280525,,,0.4919520790666074,0.445606940116949,356600000.0,,345.42,[],{},,27.27109096910382,38.59708845085724,0.0259086900109894,0.025186728105492,,0.1596260669286004,0.8,16,20,0.2482160487636367,0.0,22.0,0.2766727272727272,0.2766727272727272,0.0,0.0,1.0,0.0,22.0,0,5,,0.2721833333333333,False,0.46665,0.178,avoid,1,6,stable,0.0,persistent,insufficient_data,0.0,
ODFL,"Old Dominion Freight Line, Inc.",Industrials,48631304192.0,48.81837,36.114788,11.062541,0.5,1.565,0.909,0.23331,0.187143154862015,0.18461001,-0.029,-0.042,861986240.0,48383217664.0,1708194944.0,1361045000.0,5496389000.0,39996000.0,288081984.0,21.138,5470160000.0,694833000.0,,483906000.0,1023703000.0,,0.3302830276386915,,208556788.0,0.2159875587168652,0.3478691479171288,1.4358842419808806,1.333292015784537,0.0073114863184989,0.0109238180826547,1.0047949237316642,1.0588948709754078,212984747.0,296000.0,233.84,[],{},0.0177249254224565,28.32417800669945,35.54858043929481,0.0281305185085426,0.0204840923611337,,0.2729594200375673,0.95,19,20,0.215112765505943,3.0,22.0,0.3694590909090909,0.3694590909090909,0.1363636363636363,0.0,1.0,0.1363636363636363,22.0,3,5,"cheapness,quality,risk",0.4193566666666666,True,0.83335,0.1772,avoid,1,6,stable,0.1118,persistent,insufficient_data,0.0,
CVNA,Carvana Co.,Consumer Cyclical,73860915200.0,39.15116,34.202705,12.942533,,4.087,121.351,0.60172004,0.1065828346337398,0.06398,0.52,0.119,196750000.0,51865858048.0,2342000128.0,1881000000.0,20322000000.0,5621000192.0,2902000128.0,5.203,13201000000.0,6549000000.0,,1519000000.0,1407000000.0,,0.206278909556146,,711150000.0,0.0247524752475247,0.2103415490382505,4.311389071757735,3.6390134529147984,0.4182258919778804,0.7126355492692127,1.5394288311491553,1.6116218764733616,666355000.0,505000000.0,67.34,[],{},0.0026637904427157,22.14596721320077,27.573555581073897,0.0362666322469629,0.025542027362663,,0.1610169491525423,0.9,18,20,0.2567051444380762,0.0,22.0,0.2333,0.2333,0.0,0.0,0.8,0.0,22.0,0,5,,0.2609066666666667,False,0.56665,0.1768,avoid,1,6,stable,0.0,persistent,insufficient_data,0.0,
PANW,"Palo Alto Networks, Inc.",Technology,292324179968.0,311.89566,86.95315,10.539492,,0.856,7.698,0.048309997,0.0480951128680618,0.07947,0.311,,3579375104.0,291343204352.0,1483500032.0,1242900000.0,9221500000.0,2130000000.0,3111000064.0,34.032,23576200000.0,7522800000.0,,7988000000.0,1133900000.0,,0.734143035297945,,667900000.0,0.1289386670935275,0.7434817813765182,0.9417626439659488,0.8915745766462312,0.0143449750171783,0.0672505990225552,0.3911359761115023,0.4015577087574846,650200000.0,1900000.0,358.68,[],{},0.0122445399637889,196.38907857603604,234.4059895019712,0.0042661025945823,0.003206200432542,,0.0797333880755956,0.9,18,20,0.1723998982659325,0.0,22.0,0.1828636363636363,0.1828636363636363,0.0,0.0,0.8,0.0,22.0,0,5,,0.2303849999999999,False,0.73335,0.1743,avoid,1,6,stable,0.0,persistent,insufficient_data,0.0,
MAR,Marriott International,Consumer Cyclical,96573318712.4358,38.30962,27.97938,,0.8,0.46,,,0.0944444444444444,0.35969,0.126,0.017,1796875008.0,113525317632.0,4735000064.0,4139000000.0,26186000000.0,17405999104.0,454000000.0,,27540000000.0,3584000000.0,,8398000000.0,2601000000.0,,0.1994195371572596,,265864771.0,0.0907111756168359,0.1980876494023904,0.426768278161467,0.4029367556942999,0.6202977487291212,0.582117485295241,0.9508351488743646,0.95867389809793,276671710.0,809000000.0,366.24,[],{},0.0186063296980661,23.975779534857462,27.428199476201986,0.0364588277428727,0.0261031041289368,,0.2162260996761049,0.75,15,20,0.1800857094974742,2.0,22.0,0.2836590909090909,0.2836590909090909,0.0909090909090909,0.0,0.6667,0.0909090909090909,22.0,2,5,"cheapness,garp",0.32952,False,0.53335,0.1732,avoid,1,6,stable,0.053,persistent,insufficient_data,0.0,
CIEN,Ciena Corporation,Technology,52998832128.0,124.80334,38.846626,18.330069,,2.727,54.649,0.15464,0.0210306910861264,0.0787,0.395,23.833,700927872.0,53376577536.0,785740032.0,310792000.0,4769507000.0,1580579968.0,1202834048.0,20.426,5864667000.0,3565507000.0,,1308394000.0,123338000.0,,0.4203614755151842,,141016300.0,0.0148822876562772,0.4282962075540074,2.7251019188409606,3.54498319731157,0.2771775447779047,0.2893379707682771,0.8132613497066414,0.7117027399710388,142656116.0,91764000.0,374.41,[],{},0.0132253456134119,67.9315999722412,171.74373064943757,0.0058226288448408,0.0080126060728823,,0.0682118916052659,0.9,18,20,0.1904528750632085,2.0,22.0,0.2760772727272727,0.2760772727272727,0.0909090909090909,0.0,1.0,0.0909090909090909,22.0,2,5,"garp,risk",0.4020483333333333,True,0.83335,0.1719,avoid,1,6,stable,0.0652,persistent,insufficient_data,0.0,
VTR,Ventas,Real Estate,46720909312.0,174.72726,113.503494,3.5591276,2.08,0.206,93.736,0.0214,0.009110666174494,0.042600002,0.219,0.1,1483115264.0,59715063808.0,2288324096.0,857524000.0,5833980000.0,12726149120.0,183612992.0,27.001,27591945000.0,1326092000.0,,1387956000.0,251381000.0,,0.4137936708730575,,474926000.0,0.0030989915341659,0.4258902748145612,0.9554279818668604,1.0908555811197955,0.4791114943147357,0.5247108612220168,0.2114377946172334,0.1880430624373876,437081000.0,612246000.0,96.1,[],{},0.0317441438071298,26.0955447317896,69.63660936370295,0.0143602626425581,0.0057232054116798,,0.0327249412293677,0.95,19,20,0.1594016632236877,2.0,22.0,0.2317454545454545,0.2317454545454545,0.0909090909090909,0.0,0.6667,0.0909090909090909,22.0,2,5,"dividend,garp",0.2962533333333333,False,0.43335,0.167,avoid,1,6,stable,0.062,persistent,insufficient_data,0.0,
ECHO,EchoStar Corporation,Communication Services,26662842368.0,,-807.0175,4.726189,,0.302,515.06,-1.1228399,-0.3370155374624372,-0.97559,-0.052,,-457875616.0,54434852864.0,1587501952.0,-91135000.0,15004989000.0,29242023936.0,1516103040.0,19.466,43016355000.0,5133171000.0,,12363419000.0,-14497180000.0,,0.2582252476159762,,288825905.0,-0.0019617423000925,0.2561015388060648,0.4151902479403149,1.3883874917681922,0.700132310141108,0.4892577354021428,0.3488205590641048,0.2596957167784071,286397144.0,1521713000.0,92.0,[],{},-0.0171727983716218,34.28962893268934,-597.2990932572557,-0.0016742031107844,,,-0.0029731246625119,0.85,17,20,0.1367753623188405,0.0,22.0,0.0917136363636363,0.0917136363636363,0.0,0.0,1.0,0.0,22.0,0,5,,0.086405,False,0.25,0.1606,avoid,1,6,stable,0.0,persistent,insufficient_data,0.0,
HONA,Honeywell Aerospace Inc.,Industrials,67072372736.0,44.45903,21.035927,,,1.611,,,0.1006502685891998,0.14388,0.068,,,,3892999936.0,3257000000.0,17404000000.0,16149000192.0,989000000.0,,17685000000.0,8390000000.0,,6577000000.0,1780000000.0,,0.3483681912204091,,316882673.0,0.1672306322350846,0.3562317902233732,1.2756575946480158,1.31809589276508,0.0153237206672321,0.0140694568121104,0.9841108283856376,0.9168892846542,316882673.0,818000000.0,211.625,[],{},,,,,0.0224926184849287,,0.2932120993878286,0.6,12,20,0.16,0.0,22.0,0.1710909090909091,0.1710909090909091,0.0,0.0,1.0,0.0,22.0,0,5,,0.1999516666666666,False,0.56665,0.16,avoid,1,6,stable,0.0,persistent,insufficient_data,0.0,
TTWO,"Take-Two Interactive Software, Inc.",Communication Services,43943583744.0,,23.658749,12.498283,,1.236,84.26,-0.105579995,-0.0317802029158496,-0.0448,0.061,,1447787520.0,44912586752.0,788499968.0,-108600000.0,6656400000.0,2958299904.0,1989299968.0,18.937,9383200000.0,3199500000.0,,2588800000.0,-298200000.0,,0.5723363980530016,,185400000.0,-0.4878604028015293,0.5435600681624538,1.235900803461063,0.7787764810000554,0.3152762383834939,0.4472316925724618,0.7093955153892062,0.6136351258618624,177144416.0,161300000.0,236.68,[],{},0.0329465054200928,56.9595289469942,-413.5597306813996,-0.0024180303975736,,,-0.0159837513246202,0.85,17,20,0.1400966183574879,0.0,22.0,0.1614227272727273,0.1614227272727273,0.0,0.0,1.0,0.0,22.0,0,5,,0.1760416666666666,False,0.55,0.149,avoid,1,6,stable,0.0,persistent,insufficient_data,0.0,
CAT,Caterpillar Inc.,Industrials,405449924289.14575,43.86049,28.923698,21.729406,0.74,1.353,230.793,0.51331,0.0901151290764315,0.13328,0.222,0.302,3776624896.0,445238575104.0,14556999680.0,11151000000.0,67589000000.0,43065999360.0,3316000000.0,40.511,98585000000.0,52485000000.0,,36558000000.0,8884000000.0,,0.3177736022133779,,465287332.0,0.1229661364568615,0.359888287120616,1.4356638765796816,1.4155304908279622,0.4395191966323477,0.4376395788706075,0.6855911142668762,0.7384462877717515,477932024.0,502000000.0,880.28,[],{},0.0093146518713041,30.58587517287079,39.92812977347323,0.0250449997451261,0.0227995628867803,,0.1797765489222435,0.95,19,20,0.2054575907828672,3.0,22.0,0.3091590909090909,0.3091590909090909,0.1363636363636363,0.0,0.8,0.1363636363636363,22.0,3,5,"quality,dividend,garp",0.3904849999999999,False,0.56665,0.1359,avoid,1,6,stable,0.0973,persistent,insufficient_data,0.0,
EQIX,"Equinix, Inc.",Real Estate,100596736000.0,70.44199,52.813267,7.0356474,1.93,1.178,162.961,0.10059,0.0336314491417752,0.14928001,0.121,0.2,2725125120.0,122592731136.0,4281999872.0,1966000000.0,9217000000.0,23335999488.0,1362000000.0,144.976,40141000000.0,5125000000.0,,3893000000.0,1350000000.0,,0.5109037647824671,,98226000.0,0.0232293002707709,0.4893689986282579,1.316465450809145,1.626455658405494,0.5661543060710994,0.5404303833547099,0.2296156049924017,0.2493373236425823,97287000.0,527000000.0,1020.0,[],{},0.0270895978175673,28.629783932884717,62.35642478942015,0.0160368398826109,0.0141960782198231,,0.0542374751710439,0.95,19,20,0.1813613538852693,2.0,22.0,0.2834590909090909,0.2834590909090909,0.0909090909090909,0.0,0.6693,0.0909090909090909,22.0,2,5,"dividend,garp",0.385515,False,0.53335,0.1253,avoid,1,6,stable,0.0583,persistent,insufficient_data,0.0,
WMT,Walmart Inc.,Consumer Defensive,909130924032.0,40.225353,34.768105,9.642134,0.87,0.771,74.816,0.24132,0.0769071339244312,0.03135,0.073,0.194,6862249984.0,980591968256.0,44837998592.0,29825000000.0,713163000000.0,75545001984.0,10728999936.0,11.848,284668000000.0,84874000000.0,,107469000000.0,21893000000.0,,0.2492669978672477,,7969000000.0,0.0745179681239767,0.2485106133027893,0.7897533242144247,0.8226828460200447,0.2356956173507384,0.2304781403480521,2.505244706113789,2.610908547175671,8024000000.0,2799000000.0,114.24,[],{},0.0075481427400642,21.869664102959256,32.87818837404862,0.030415301129831,0.0248599434292099,,0.168313590934486,0.95,19,20,0.1783001944292267,2.0,22.0,0.3005545454545454,0.3005545454545454,0.0909090909090909,0.0,0.8,0.0909090909090909,22.0,2,5,"dividend,garp",0.3726833333333333,False,0.56665,0.1247,avoid,1,6,stable,0.0576,persistent,insufficient_data,0.0,
MNST,Monster Beverage Corporation,Consumer Defensive,95355789312.0,47.10145,37.60225,10.925594,,3.257,1.082,0.26654,0.1907540786339298,0.23108,0.269,0.289,1684340480.0,92465266688.0,2822268928.0,2419354000.0,8294343000.0,94469000.0,2984993024.0,8.924,9988945000.0,5361084000.0,,1447780000.0,1905432000.0,,0.5584764218214752,,978113000.0,0.1954956083548201,0.54037571724726,3.702968683087209,3.317941648390597,,0.0484449654615978,0.8303522544172582,0.9706727050303476,973079000.0,,97.5,[],{},0.0176637463981228,32.76274127197562,38.218990146956585,0.0261650032131901,0.021230768904142,,0.2832580801330966,0.9,18,20,0.1832497041225693,2.0,22.0,0.3304136363636363,0.3304136363636363,0.0909090909090909,0.0,1.0,0.0909090909090909,22.0,2,5,"cheapness,quality",0.3642983333333333,False,0.73335,0.1119,avoid,1,6,stable,0.0531,persistent,insufficient_data,0.0,
LITE,Lumentum Holdings Inc.,Technology,57013395456.0,128.11539,40.041878,17.671087,,1.137,111.445,0.22834998,0.0061393320217128,0.17678,0.901,,93350000.0,52684595200.0,508800000.0,-192200000.0,1645000000.0,3313700096.0,3172300032.0,41.47,4218700000.0,1717300000.0,,392800000.0,25900000.0,,0.2795744680851064,,69800000.0,-0.1389913273481014,0.1850353148911124,4.3719450101833,5.904567396955069,0.6182473273757318,0.6509829853251609,0.3899305473250053,0.3456852920979679,67900000.0,22200000.0,732.82,[],{},0.0016373345115367,103.54676729559748,-274.1133985431842,-0.003648125211371,0.0078054634966181,,-0.0502365456493896,0.9,18,20,0.1570462888540166,0.0,22.0,0.1587772727272727,0.1587772727272727,0.0,0.0,0.6667,0.0,22.0,0,5,,0.2122966666666666,False,0.53335,0.1096,avoid,1,6,stable,0.0,persistent,insufficient_data,0.0,
DDOG,"Datadog, Inc.",Technology,92083339264.0,663.30774,89.78301,23.080835,,3.397,32.221,0.039300002,0.016216666134846,0.03695,0.322,1.04,936726528.0,88609775616.0,34639000.0,-44373000.0,3427158000.0,1285052032.0,4758617088.0,11.208,6643844000.0,5382280000.0,,1591401000.0,107741000.0,,0.7995549081775629,,352525971.0,0.0317606280288847,0.8079440444812845,3.382101682731128,2.636538747515049,0.1925097880082675,0.3184221356777882,0.5158396253735037,0.463978861048592,342118782.0,11059000.0,258.69,[],{},0.0101725951240151,2558.092774502728,-1996.9300163613009,-0.0005007686758207,0.0015075958558843,,-0.0087824840379198,0.9,18,20,0.1042589860140359,1.0,22.0,0.1985954545454545,0.1985954545454545,0.0454545454545454,0.0,0.8,0.0454545454545454,22.0,1,5,risk,0.260965,True,0.73335,0.1044,avoid,1,6,stable,0.0188,persistent,insufficient_data,0.0,
CRWD,"CrowdStrike Holdings, Inc.",Technology,206788100096.0,,130.04361,44.623158,,1.531,17.568,-0.0024899999,-0.014657403421979,-0.00598,0.256,,1926365056.0,203098095616.0,59319000.0,-293292000.0,4812005000.0,821342976.0,4552800768.0,4.551,11086684000.0,7419119000.0,,4184192000.0,-162502000.0,,0.7466899972049074,,1013452000.0,-0.0017515213907178,0.7495533212060631,1.773130630716755,1.766326692766646,0.0739695476122526,0.0906618316815639,0.4340346491340422,0.4543571292471319,991488000.0,28021000.0,203.08,[],{},0.0093156475401906,3423.8287161954854,-692.4774477858243,-0.0014440903500864,,,-0.0424907410251254,0.85,17,20,0.0942493253954287,1.0,22.0,0.1879636363636363,0.1879636363636363,0.0454545454545454,0.0,1.0,0.0454545454545454,22.0,1,5,risk,0.2079933333333333,True,0.65,0.1016,avoid,1,6,stable,0.0166,persistent,insufficient_data,0.0,
WELL,Welltower Inc.,Real Estate,171713691648.0,117.51208,72.395836,3.9141698,1.22,1.646,44.486,0.03665,0.0139198006889643,0.119619995,0.383,1.579,2600212736.0,188132605952.0,2988736000.0,355168000.0,10667136000.0,19987095552.0,4703775232.0,62.146,67303047000.0,9912121000.0,,1855679000.0,936845000.0,,0.3917691684065901,,696507255.0,0.0186441943732492,0.3849699590685465,5.341506262667196,5.277453676563455,0.3176720215950995,0.3283099851211618,0.158494102057519,0.1538588396574991,635289329.0,651955000.0,243.25,[],{},0.0151427222316682,62.94721445855372,529.7003275970808,0.0018878598858648,0.008509763421769,,0.0054267728535699,0.95,19,20,0.1157496159754224,3.0,22.0,0.3223681818181818,0.3223681818181818,0.1363636363636363,0.0,0.6667,0.1363636363636363,22.0,2,5,"dividend,garp",0.4332049999999999,False,0.63335,0.0995,avoid,1,6,stable,0.0409,persistent,insufficient_data,0.0,
PWR,"Quanta Services, Inc.",Industrials,94317305856.0,86.21811,38.16337,10.42788,0.07,1.135,69.121,0.13534,0.0412557501632473,0.036679998,0.263,0.51,1037176768.0,100370563072.0,2659121920.0,1587077000.0,28479697000.0,6319672832.0,364760992.0,60.274,24926901000.0,9903417000.0,,8716198000.0,1028378000.0,,0.1501097782044521,,149577564.0,0.0484280204115908,0.1483036118041828,1.1362083559827347,1.3023166741118417,0.2575111121916038,0.239722886460392,1.1425285878898463,1.2670161262957282,147678512.0,261445000.0,628.53,[],{},0.0109966750914569,37.74575446017909,63.242402902946736,0.0158121759151786,0.0115984913146437,,0.0979030335698581,0.95,19,20,0.1209933956866704,2.0,22.0,0.2279727272727272,0.2279727272727272,0.0909090909090909,0.0,1.0,0.0909090909090909,22.0,2,5,"dividend,risk",0.2989883333333333,True,0.83335,0.0983,avoid,1,6,stable,0.0417,persistent,insufficient_data,0.0,
IDXX,"IDEXX Laboratories, Inc.",Healthcare,44761370624.0,41.846607,34.355362,28.894999,,1.119,71.04,0.72915,0.3161862730205306,0.24634,0.143,0.172,786844480.0,45666291712.0,1545885952.0,1360031000.0,4303702000.0,1105451008.0,200528000.0,19.638,3350759000.0,1413827000.0,,1148814000.0,1059464000.0,,0.6179747110743262,,79712000.0,0.2695862658014728,0.6103719200801333,1.2306839923608173,1.3108680832574846,0.2912957929830226,0.2996705878923667,1.2843961621829565,1.1834132243976896,81604000.0,38852000.0,567.44,[],{},0.0175786502743531,29.5405308864596,33.57739030360337,0.0297819452601319,0.0238968000440274,,0.6176498504731045,0.9,18,20,0.1944914300647102,3.0,22.0,0.2974181818181818,0.2974181818181818,0.1363636363636363,0.0,1.0,0.1363636363636363,22.0,3,5,"cheapness,quality,risk",0.35961,True,0.83335,0.0979,avoid,1,6,stable,0.0789,persistent,insufficient_data,0.0,
AMD,Advanced Micro Devices,Technology,808386588714.4744,164.15895,36.81913,,,2.725,6.005,0.08063,0.0563528585913735,0.13374,0.378,0.912,7173374976.0,799910592512.0,7430000128.0,3694000000.0,34639000000.0,3871000064.0,12346999808.0,,76926000000.0,26947000000.0,,9455000000.0,4335000000.0,,0.4951644100580271,,1630000000.0,0.0237049663421257,0.4935039751793678,2.850026441036489,2.61626150254086,0.0500090996542131,0.0319533123392944,0.4502898889842186,0.3724756594343166,1622000000.0,131000000.0,495.76,[],{},0.0088736936957444,107.65956645108687,216.54320317054683,0.0046180161065245,0.0060916568971719,,0.0547494479109543,0.8,16,20,0.1014284620168483,1.0,22.0,0.2629954545454545,0.2629954545454545,0.0454545454545454,0.0,1.0,0.0454545454545454,22.0,1,5,risk,0.3319883333333333,True,0.83335,0.0874,avoid,1,9,stable,0.0151,persistent,insufficient_data,0.0,
IBKR,"Interactive Brokers Group, Inc.",Financial Services,153558990848.0,38.854076,30.17596,7.221026,0.39,1.101,152.192,0.2356,0.0048415666207439,0.16106,0.168,0.229,,-36225265664.0,,8789000000.0,10222000000.0,32355999744.0,124586000384.0,12.537,203240000000.0,178091000000.0,,157277000000.0,984000000.0,,0.8976716885149677,,445414116.0,0.0050285729509397,0.8904036066981537,1.1323397572435894,1.1557724522238555,9.348553434363316e-05,9.324506134192964e-05,0.0502952174768746,0.0620479279615297,435618852.0,4219000000.0,90.53,[],{},,,-4.12165953623848,-0.2426207189623,0.025737325473909,,0.1912190239975632,0.85,17,20,0.1877810811295561,3.0,22.0,0.3476863636363635,0.3476863636363635,0.1363636363636363,0.0,1.0,0.1363636363636363,22.0,3,5,"cheapness,dividend,garp",0.351675,False,0.46665,0.0863,avoid,1,6,stable,0.0699,persistent,insufficient_data,0.0,
HOOD,"Robinhood Markets, Inc.",Financial Services,90014490624.0,48.524273,32.505096,9.667311,,1.114,140.483,0.21461001,0.0493746230694601,0.41123,0.151,0.027,,84723482624.0,,2094000000.0,4473000000.0,13610000384.0,19270000640.0,10.34,38137000000.0,36305000000.0,,28771000000.0,1883000000.0,,0.833445115135256,,901328432.0,0.0538816970252415,0.7943070145713318,1.261860901602308,1.386599646486964,0.3048483100401185,0.2849887348684461,0.1172876733880483,0.1126895024248673,884492983.0,,99.96,[],{},,,40.46011586628463,0.024715697881461,0.0206082428066464,,0.2235746316463805,0.8,16,20,0.1967623118823638,0.0,22.0,0.2412863636363636,0.2412863636363636,0.0,0.0,1.0,0.0,22.0,0,5,,0.24069,False,0.56665,0.0813,avoid,1,6,stable,0.0,persistent,insufficient_data,0.0,
PLTR,Palantir Technologies Inc.,Technology,317356179456.0,148.74158,63.204235,37.55461,,6.907,2.477,0.32587,0.1825799358050746,0.43673,0.847,3.25,1752997120.0,309648326656.0,2018253056.0,1414015000.0,4475446000.0,211976992.0,8026413056.0,3.525,8900392000.0,8358174000.0,,1175581000.0,1625033000.0,,0.8236651721415028,,2391192000.0,0.0728904676382662,0.8024817248745161,7.109823993412619,5.958013810995384,0.0257671796927596,0.03772644318994,0.5028369536982191,0.4519097021803269,2338795190.0,,132.38,[],{},0.005523752910704,153.42393548492663,218.9851781317737,0.0045665191065956,0.0067230696352694,,0.183048491412929,0.9,18,20,0.1433188854155068,3.0,22.0,0.3421681818181818,0.3421681818181818,0.1363636363636363,0.0,1.0,0.1363636363636363,22.0,3,5,"quality,garp,risk",0.4378766666666666,True,0.83335,0.0777,avoid,1,6,stable,0.0597,persistent,insufficient_data,0.0,
AXON,"Axon Enterprise, Inc.",Industrials,41129627648.0,204.112,48.26105,11.633495,,2.271,52.074,0.06765,0.0178072037636031,0.06905,0.337,0.898,62617500.0,42233012224.0,102861000.0,-62076000.0,2779536000.0,1840359040.0,736972992.0,43.863,7000313000.0,3713052000.0,,1470147000.0,124656000.0,,,,80211537.0,0.084261165497248,,2.5256331509706174,1.3692801907174252,0.272796944936605,0.1612823348205466,0.3970588172271725,0.4654117876327385,76619331.0,94238000.0,510.28,[],{},0.0015224426667778,410.583333080565,-680.3436468844642,-0.0014698454297021,0.0048992709884769,,-0.0112249795033277,0.9,18,20,0.0762242219419766,0.0,22.0,0.1378454545454545,0.1378454545454545,0.0,0.0,0.6,0.0,22.0,0,5,,0.1851666666666666,False,0.46665,0.0764,avoid,1,6,stable,0.0,persistent,insufficient_data,0.0,
TSLA,"Tesla, Inc.",Consumer Cyclical,1430329884672.0,346.21817,149.10927,17.392338,,2.043,18.738,0.04901,0.0275314572660116,0.03946,0.158,0.083,5251999744.0,1402162905088.0,11093999616.0,4849000000.0,94827000000.0,15889999872.0,44743000064.0,21.897,137806000000.0,68642000000.0,,31714000000.0,3794000000.0,,0.1802651143661615,,3751000000.0,0.0584091095273203,0.1786262667622069,2.1644068865485275,2.024912390270983,0.1068095728778137,0.1115999016957483,0.6881195303542661,0.8002785287130335,3216000000.0,338000000.0,380.84,[],{},0.0036718800329088,126.38930535618292,289.1653753532687,0.0034582286996785,0.0028883521624529,,0.0457056139954002,0.9,18,20,0.0824974464630053,1.0,22.0,0.20825,0.20825,0.0454545454545454,0.0,1.0,0.0454545454545454,22.0,1,5,risk,0.2811716666666667,True,0.83335,0.0685,avoid,1,6,stable,0.0136,persistent,insufficient_data,0.0,
COST,Costco Wholesale Corporation,Consumer Defensive,417255915520.0,47.39899,41.54588,25.239283,0.62,1.072,60.257,0.29152,0.1050467580643069,0.0301,0.215,0.455,6954375168.0,415591202816.0,13790000128.0,10383000000.0,275235000000.0,10227999744.0,11125999616.0,37.278,77099000000.0,38380000000.0,,37108000000.0,8099000000.0,,0.1284320671426235,,443237000.0,0.1054975583909725,0.1261333134213391,1.0342783227336425,0.965655312429506,0.1060065629904408,0.1169824290071744,3.569890660060442,3.643840128309777,443126000.0,154000000.0,940.87,[],{},0.0166669300765531,30.13714278161318,40.026119889819896,0.0249836857220411,0.021097495959302,,0.2596334175189417,0.95,19,20,0.1239522574199993,3.0,22.0,0.319240909090909,0.319240909090909,0.1363636363636363,0.0,0.8,0.1363636363636363,22.0,3,5,"cheapness,dividend,garp",0.4081583333333333,False,0.73335,0.056,avoid,1,6,stable,0.0513,persistent,insufficient_data,0.0,
