ticker,name,sector,market_cap,trailing_pe,forward_pe,price_to_book,dividend_yield,current_ratio,debt_to_equity,return_on_equity,return_on_assets,profit_margins,revenue_growth,earnings_growth,free_cashflow,enterprise_value,ebitda,ebit,total_revenue,total_debt,total_cash,book_value,total_assets,total_current_assets,total_liabilities,total_current_liabilities,net_income,operating_cashflow,gross_margin,ncav,shares_outstanding,return_on_assets_prev,gross_margin_prev,current_ratio_bs,current_ratio_bs_prev,leverage,leverage_prev,asset_turnover,asset_turnover_prev,shares_outstanding_prev,interest_expense,last_price,errors,data_sources,fcf_yield,ev_ebitda,ev_ebit,earnings_yield_ebit,earnings_yield_pe,ncav_to_market,roic_proxy,data_quality_score,metrics_present,metrics_total,sector_composite_score,models_passed,model_count,mean_model_score,weighted_model_score,weighted_pass_score,min_model_score,max_model_score,pass_rate,weight_sum,families_passed,family_count,passed_families,family_mean_score,risk_family_passed,risk_mean_score,composite_score,signal,signal_rank,weeks_at_signal,signal_trend,conviction_score,stability_label,signal_since,timing_signal,timing_score,rsi_14
FIS,"Fidelity National Information Services, Inc.",Technology,18188976128.0,5.4055295,5.2519174,1.132203,4.94,0.535,132.51,0.22348,0.0114070711896798,0.27648002,0.291,,2653125120.0,38662692864.0,3524000000.0,1759000000.0,10677000000.0,21255999488.0,744000000.0,31.081,33488000000.0,4488000000.0,,7616000000.0,382000000.0,2816000000.0,0.3686428772127001,,514000000.0,0.0429197253137579,0.375629505282907,0.5892857142857143,0.8510009845749918,0.398082895365504,0.3416114136869524,0.3188306258958432,0.299757281553398,531000000.0,391000000.0,35.19,[],{},0.1458644566538187,10.97125223155505,21.97992772256964,0.0454960549744287,0.1849957529600014,,0.0679885590599876,1.0,20,20,0.9177900326797384,10.0,22.0,0.604409090909091,0.604409090909091,0.4545454545454545,0.0,1.0,0.4545454545454545,22.0,4,5,"cheapness,quality,dividend,risk",0.5592699999999999,True,0.7,0.9676,strong_buy,4,22,stable,0.7542,persistent,2026-07-25,neutral,0.625,27.117054798506544
HPQ,HP Inc.,Technology,29714014208.0,12.576337,10.50042,-323.0392,3.49,0.788,,,0.0605472958414134,0.04143,0.125,-0.113,3389874944.0,35884011520.0,4636000256.0,3624000000.0,55295000000.0,10339000320.0,4168999936.0,-0.102,41769000000.0,22453000000.0,,29258000000.0,2529000000.0,3697000000.0,0.2060222443258884,,921149000.0,0.0695331880027061,0.2206538583618066,0.7674140406042792,0.7236727437515251,0.260528142881084,0.273096294069007,1.3238286767698533,1.3420281139592574,938989000.0,555000000.0,32.95,[],{},0.114083372252253,7.740295413823204,9.901769183222958,0.1009920531872574,0.0795144086867265,,0.2896650947166493,0.9,18,20,0.9659403395504544,10.0,22.0,0.6380499999999999,0.6380499999999999,0.4545454545454545,0.0,1.0,0.4545454545454545,22.0,4,5,"cheapness,dividend,garp,risk",0.6302166666666666,True,0.8,0.9635,strong_buy,4,22,stable,0.6946,persistent,2026-07-25,neutral,0.375,55.69971937365329
FSLR,"First Solar, Inc.",Technology,21476763648.0,12.313001,8.595593,2.0809946,,2.518,1.88,0.18509,0.1147206243229832,0.32465,-0.037,0.233,1598684800.0,19943809024.0,2385900032.0,1596864000.0,5219376000.0,194010000.0,1726963968.0,96.031,13321310000.0,6028832000.0,,2254102000.0,1528229000.0,2057105000.0,0.4062437732020073,,107309794.0,0.1065659460321249,0.4416871974322259,2.674604787183544,2.449663095287377,0.0491944861278658,0.0592857635961185,0.3918065115217647,0.3469287164907083,107060281.0,44131000.0,199.84,[],{},0.0744378820851285,8.359029614196341,12.489359785178952,0.0800681553898938,0.0812149694457102,,0.1442878818216844,0.95,19,20,0.8591684040638944,13.0,22.0,0.6248318181818181,0.6248318181818181,0.5909090909090909,0.0,1.0,0.5909090909090909,22.0,4,5,"cheapness,quality,garp,risk",0.6202516666666666,True,1.0,0.9291,strong_buy,4,16,stable,0.6795,persistent,2026-08-02,neutral,0.625,44.18132202590786
IT,"Gartner, Inc.",Technology,11576470528.0,16.4708,11.206277,-70.56197,,0.88,,1.13581,0.0901910851658545,0.11996,-0.006,0.331,1052553024.0,13417260032.0,1383901056.0,1175711000.0,6497226000.0,3329496064.0,1488706048.0,-2.598,8085400000.0,4066337000.0,,4072092000.0,729231000.0,1290365000.0,0.6839304958762401,,70849298.0,0.1468966993572452,0.677215679648263,0.9985867215180796,1.0573227721934102,0.4140735152249734,0.3397911882016307,0.8035750859574047,0.7343471119156204,77379853.0,125277000.0,183.32,[],{},0.09092175559504,9.695245172209768,11.41203921031614,0.0876267581604548,0.0607135051120771,,0.2929530950527594,0.9,18,20,0.9162731865688514,10.0,22.0,0.5686636363636364,0.5686636363636364,0.4545454545454545,0.0,1.0,0.4545454545454545,22.0,4,5,"cheapness,quality,garp,risk",0.529825,True,0.8,0.9197,strong_buy,4,17,stable,0.661,persistent,2026-07-26,neutral,0.375,49.602848648251296
CMCSA,Comcast Corporation,Communication Services,81370243072.0,7.3493595,6.4046702,0.9059302,5.8,0.796,100.474,0.114879996,0.073351893218306,0.08966,-0.012,-0.668,12697624576.0,164282236928.0,34072999936.0,20670000000.0,123707000000.0,90381000704.0,7661000192.0,25.311,272631000000.0,29567000000.0,,33524000000.0,19998000000.0,33643000000.0,0.7174695045551182,,3604212627.0,0.0608239328953349,0.7007540551680662,0.8819651592888677,0.6771178090497966,0.362897102677245,0.3722348062251372,0.4537525079686462,0.4647854521413465,3787746392.0,4409000000.0,22.93,[],{},0.1560475192972519,4.821478508982908,7.947858583841316,0.1258200544777037,0.1360662789730179,,0.0864466535902336,1.0,20,20,0.8624942791762014,13.0,22.0,0.7155454545454546,0.7155454545454546,0.5909090909090909,0.0,1.0,0.5909090909090909,22.0,5,5,"cheapness,quality,dividend,garp,risk",0.6970050000000001,True,0.8,0.9167,strong_buy,4,17,stable,0.8896,persistent,2026-07-26,neutral,0.625,31.882886747065243
MO,"Altria Group, Inc.",Consumer Defensive,114427543552.0,14.427368,11.686502,-42.884853,6.39,0.518,,,0.1983893537424679,0.38999,0.012,-0.027,9014625280.0,136687550464.0,15735000064.0,12035000000.0,20139000000.0,24576999424.0,2367000064.0,-1.598,35017000000.0,5932000000.0,,9154000000.0,6947000000.0,9290000000.0,0.7220815333432643,,1674318297.0,0.3202092276203201,0.7027489728037566,0.6480227223071882,0.513950575105341,0.7341862523916954,0.7085879978394974,0.5751206556815261,0.5811751997043523,1690651867.0,1177000000.0,68.53,[],{},0.0787802044872476,8.68684778570332,11.35750315446614,0.0880475212200815,0.0693127117849908,,0.4653365812164095,0.9,18,20,0.9069444444444444,9.0,22.0,0.6444363636363636,0.6444363636363636,0.4090909090909091,0.0,1.0,0.4090909090909091,22.0,4,5,"cheapness,dividend,garp,risk",0.6644833333333333,True,0.7,0.9081,strong_buy,4,22,stable,0.6534,persistent,2026-07-25,neutral,0.625,52.12054410581833
CTSH,Cognizant Technology Solutions Corporation,Technology,28086740992.0,12.74249,9.396001,1.855857,2.2,2.182,14.479,0.14924,0.107771119273149,0.10258,0.045,0.038,2215500032.0,27790376960.0,4036000000.0,3327000000.0,21108000000.0,2094000000.0,1051000000.0,31.996,20692000000.0,7818000000.0,,3659000000.0,2230000000.0,2883000000.0,0.337170740951298,,479000000.0,0.112190724231193,0.3434333198216457,2.1366493577480186,2.093165969316597,0.0556736903150976,0.0741260142241811,1.0201043881693408,0.9884804167084044,495000000.0,37000000.0,59.38,[],{},0.0788806374022192,6.885623627353816,8.352983757138563,0.1197176995759614,0.0784775973926603,,0.1953267187224799,1.0,20,20,0.8422474737410772,12.0,22.0,0.7117181818181819,0.7117181818181819,0.5454545454545454,0.0,1.0,0.5454545454545454,22.0,5,5,"cheapness,quality,dividend,garp,risk",0.7374233333333333,True,1.0,0.9036,strong_buy,4,29,stable,0.8729,persistent,2026-07-16,neutral,0.375,47.998967794143525
MAS,Masco Corporation,Industrials,13357475840.0,15.608294,14.550281,-36.596436,1.88,1.865,,58.625,0.1557392809075178,0.11614,-0.029,0.245,897124992.0,16549476352.0,1508000000.0,1253000000.0,7562000000.0,3492999936.0,548000000.0,-1.851,5201000000.0,2840000000.0,,1573000000.0,810000000.0,1022000000.0,0.3542713567839196,,204300000.0,0.1638755980861244,0.3616504854368932,1.8054672600127144,1.75,0.6181503557008268,0.6407496012759171,1.4539511632378388,1.5606060606060606,212500000.0,101000000.0,67.74,[],{},0.0671627635899208,10.974453814323608,13.207882164405428,0.075712365355208,0.0640685010161905,,0.3453693495038589,0.95,19,20,0.9187952073922058,11.0,22.0,0.6582727272727271,0.6582727272727271,0.5,0.0,1.0,0.5,22.0,5,5,"cheapness,quality,dividend,garp,risk",0.6973983333333333,True,0.8,0.9019,strong_buy,4,17,stable,0.8648,persistent,2026-07-26,neutral,0.625,36.38297666852985
ACN,Accenture plc,Technology,113888542720.0,14.853153,12.681594,3.5707297,3.6,1.339,25.035,0.24406,0.1174163941262878,0.10656,0.056,0.09,12089380864.0,113722892288.0,12943767552.0,10840988000.0,69672977000.0,8388769792.0,10171567104.0,52.121,65394897000.0,28900689000.0,,20352097000.0,7678433000.0,11474399000.0,0.319139528084181,,621855922.0,0.1298852151124028,0.3260935295334426,1.4200349477501015,1.099159011741437,0.1251300388163315,0.0736702112871576,1.0654191717742134,1.1602668029598535,625280287.0,228555000.0,186.11,[],{},0.1061509838941593,8.785918924388298,10.490085616550816,0.0953281066097536,0.0673257725144284,,0.2406819291873507,1.0,20,20,0.8573145491258833,13.0,22.0,0.6961545454545455,0.6961545454545455,0.5909090909090909,0.0,1.0,0.5909090909090909,22.0,5,5,"cheapness,quality,dividend,garp,risk",0.7632433333333333,True,1.0,0.8995,strong_buy,4,32,stable,0.8784,persistent,2026-07-16,neutral,0.5,53.395638666858915
DVA,DaVita Inc.,Healthcare,11703492608.0,15.452541,10.570202,-15.241996,,1.467,1241.986,0.88475,0.0427230320095939,0.060489997,0.052,0.558,1042460032.0,26195423232.0,2826204928.0,2010615000.0,13643069000.0,13406474240.0,688876992.0,-11.963,17480103000.0,4058003000.0,,3141634000.0,746803000.0,1886500000.0,0.3224782488456226,,68549000.0,0.0541699440240093,0.3290556394380264,1.2916854732282628,1.2598572009914542,0.7365134518944196,0.6980994451460053,0.7804913392100722,0.7414145965223102,80536000.0,579926000.0,182.34,[],{},0.089072558672564,9.26876284606068,13.028562520422856,0.0767544384449516,0.0647142757945117,,0.1402252220930979,0.95,19,20,0.9023370964547436,8.0,22.0,0.5372681818181818,0.5372681818181818,0.3636363636363636,0.0,1.0,0.3636363636363636,22.0,4,5,"cheapness,quality,garp,risk",0.5033716666666667,True,0.7,0.897,strong_buy,4,15,stable,0.6837,persistent,2026-08-16,neutral,0.625,44.73363936541316
SWK,"Stanley Black & Decker, Inc.",Industrials,13392155648.0,21.682152,13.900537,1.4948167,3.75,1.432,58.172,0.06886,0.0189185499701087,0.040689997,0.004,2.478,1419049984.0,18011254784.0,1791000064.0,1255400000.0,15130400000.0,5211500032.0,592400000.0,59.325,21243700000.0,5979000000.0,,5245700000.0,401900000.0,971200000.0,0.3032504097710569,,155036411.0,0.0134697856642668,0.2937972236865225,1.1397906857044815,1.2970977648518376,0.2822860424502323,0.2851219054506176,0.7122299787701766,0.7032711028930518,154372933.0,516300000.0,88.68,[],{},0.1059612822086579,10.056534975087528,14.347024680579894,0.0697008628802038,0.0461208832038443,,0.0784723090386298,1.0,20,20,0.8028023051153784,10.0,22.0,0.6123454545454545,0.6123454545454545,0.4545454545454545,0.0,1.0,0.4545454545454545,22.0,5,5,"cheapness,quality,dividend,garp,risk",0.74344,True,0.9,0.8939,strong_buy,4,22,stable,0.8484,persistent,2026-07-25,neutral,0.625,35.357784429157434
LULU,lululemon athletica inc.,Consumer Cyclical,11214925824.0,8.337449,11.716117,2.3613052,,2.19,44.689,0.30898002,0.1867365485743151,0.12782,-0.043,-0.059,1148515840.0,11966315520.0,2383926016.0,2210615000.0,11102600000.0,2141127040.0,1389736960.0,42.9,8456743000.0,4262701000.0,,1887548000.0,1579183000.0,1602477000.0,0.566005440167168,,116495961.0,0.2386618848782869,0.5922493744407651,2.258327205453848,2.1636426890189875,0.2126635514405487,0.2072511485814302,1.3128695054348938,1.3925712704444335,121281961.0,,101.3,[],{},0.1024095796997756,5.0195834265353305,5.4131160423683005,0.1847364793536716,0.1199407636556457,,0.3365123123913965,0.95,19,20,0.8273360731353141,12.0,22.0,0.6702545454545454,0.6702545454545454,0.5454545454545454,0.0,1.0,0.5454545454545454,22.0,3,5,"cheapness,quality,risk",0.5753883333333334,True,1.0,0.8852,strong_buy,4,29,stable,0.4881,persistent,2026-07-16,neutral,0.625,41.252726763879494
ACGL,Arch Capital Group Ltd.,Financial Services,32660979712.0,7.4945226,9.822774,1.4019731,,0.589,17.836,0.19936001,0.0555141908860312,0.24396999,-0.105,-0.071,4302125056.0,33199828992.0,5565000192.0,5127000000.0,19300000000.0,4286000128.0,4464000000.0,68.318,79241000000.0,,,,4399000000.0,6172000000.0,,,359000000.0,0.0608129072292894,,,,0.0344392423114296,0.0384734719205709,0.2435607829280296,0.2387668180407864,376400000.0,148000000.0,95.78,[],{},0.1317206371007711,5.9658271063003045,6.475488393212405,0.1544285062804217,0.1334307805009487,,,0.9,18,20,0.8477512232514487,10.0,22.0,0.6048454545454546,0.6048454545454546,0.4545454545454545,0.0,1.0,0.4545454545454545,22.0,3,5,"cheapness,quality,risk",0.5301083333333334,True,0.9,0.8755,strong_buy,4,22,stable,0.4653,persistent,2026-07-25,neutral,0.5,40.48331185862602
PNR,Pentair plc,Industrials,9014356992.0,14.376287,10.792174,2.375032,1.9,1.451,47.067,0.17126,0.0951840204984859,0.16237,-0.17,-0.111,558312512.0,10577505280.0,1034800000.0,930900000.0,4176000000.0,1764700032.0,91800000.0,23.486,6868800000.0,1541800000.0,,959300000.0,653800000.0,814800000.0,0.4047653256704981,,163235706.0,0.0970138835026758,0.3915940041148231,1.6072135932450746,1.604401742822031,0.2570900302818542,0.2741177383076087,0.6079664570230608,0.6333359187155821,164817183.0,69400000.0,55.78,[],{},0.0619359220513994,10.221787089292617,11.362665463529916,0.0880075192928667,0.0695589897447094,,0.1575260174295625,1.0,20,20,0.825468640060571,14.0,22.0,0.6589227272727272,0.6589227272727272,0.6363636363636364,0.0,1.0,0.6363636363636364,22.0,5,5,"cheapness,quality,dividend,garp,risk",0.717115,True,1.0,0.8754,strong_buy,4,29,stable,0.8504,persistent,2026-07-16,accumulate,0.75,26.394347952002846
OTIS,Otis Worldwide Corporation,Industrials,25367803904.0,17.131105,14.677767,-4.4135375,2.57,0.831,,,0.1299164554585562,0.10167,0.073,0.13,1436249984.0,33694803968.0,2640000000.0,2219000000.0,14431000000.0,8846000128.0,813000000.0,-15.099,10653000000.0,6501000000.0,,7656000000.0,1384000000.0,1596000000.0,0.3028203173723234,,389800000.0,0.1453693884764934,0.2985064160998527,0.8491379310344828,0.9898051361465996,0.79892987890735,0.7725344644750796,1.3546418849150474,1.2602509720749382,397600000.0,,66.64,[],{},0.0566170406171238,12.763183321212122,15.184679570977918,0.0658558513089254,0.0583733506974593,,0.740407073740407,0.9,18,20,0.8733888051445005,7.0,22.0,0.5888500000000001,0.5888500000000001,0.3181818181818182,0.0,1.0,0.3181818181818182,22.0,4,5,"cheapness,dividend,garp,risk",0.6155683333333333,True,0.7,0.8705,strong_buy,4,22,stable,0.6278,persistent,2026-07-25,neutral,0.5,34.43716602572859
CI,The Cigna Group,Healthcare,72526086144.0,11.355813,8.20501,1.6982113,2.27,0.846,74.29,0.16758,0.0377218700726321,0.022720002,0.067,0.102,7980125184.0,97437089792.0,12757999616.0,8154000000.0,273854000000.0,31878000640.0,7256999936.0,161.623,157919000000.0,47814000000.0,,56342000000.0,5957000000.0,9601000000.0,0.0895148509789888,,263464000.0,0.0220296251627844,0.1015283487982839,0.8486386709736964,0.8428913917107919,0.1992350508805146,0.2051051763845497,1.7341421868172924,1.5790763467003677,273789000.0,1408000000.0,274.47,[],{},0.110031102025215,7.6373328675917715,11.949606302673535,0.0836847653948453,0.0880606258662413,,0.0802740777932012,1.0,20,20,0.8460916179337232,13.0,22.0,0.6631409090909091,0.6631409090909091,0.5909090909090909,0.0,1.0,0.5909090909090909,22.0,5,5,"cheapness,quality,dividend,garp,risk",0.6769733333333334,True,0.9,0.8657,strong_buy,4,22,stable,0.8559,persistent,2026-07-25,neutral,0.5,44.24634876038647
FDX,FedEx Corporation,Industrials,70004752384.0,15.945554,14.180103,2.2431614,1.61,1.475,135.697,0.14846,0.044806290871969,0.0468,0.125,-0.043,5656625152.0,99371352064.0,11843999744.0,6623000000.0,94720000000.0,42944000000.0,13550999552.0,131.863,98937000000.0,27903000000.0,,18912000000.0,4433000000.0,8925000000.0,0.2177153716216216,,240000000.0,0.0466979355678044,0.2160339376293701,1.4754124365482233,1.193043929660632,0.43404388651364,0.4269916806463761,0.95737691662371,1.0034121903066406,238000000.0,970000000.0,295.79,[],{},0.0808034449000187,8.39001639748769,15.0039788712064,0.0666489874841842,0.0627134058810374,,0.0827616369884411,1.0,20,20,0.8117242995349221,7.0,22.0,0.5000181818181818,0.5000181818181818,0.3181818181818182,0.0,1.0,0.3181818181818182,22.0,4,5,"cheapness,dividend,garp,risk",0.56633,True,0.9,0.8643,strong_buy,4,11,stable,0.6704,persistent,2026-09-09,neutral,0.5,32.745154804069685
EXE,Expand Energy Corporation,Energy,20968409088.0,7.5560346,10.24547,1.0582554,2.63,0.959,19.207,0.14893,0.0643051578463605,0.2197,-0.106,-0.455,1466249984.0,23356307456.0,6720999936.0,2771000000.0,12189000000.0,3728000000.0,663000000.0,82.825,28287000000.0,2916000000.0,,2901000000.0,1819000000.0,4575000000.0,0.5084912626138322,,239249874.0,-0.0255969025596902,0.2703150912106136,1.0051706308169597,0.6394492475184118,0.1788807579453459,0.206173370617337,0.4309046558489766,0.1513228651322865,231769886.0,235000000.0,87.65,[],{},0.0699266204625471,3.4751238920410548,8.428837046553591,0.1186403289655342,0.1323445501427428,,0.1091546521704876,1.0,20,20,0.8119047619047619,14.0,22.0,0.7521863636363636,0.7521863636363636,0.6363636363636364,0.0,1.0,0.6363636363636364,22.0,5,5,"cheapness,quality,dividend,garp,risk",0.7395483333333333,True,0.9,0.85,strong_buy,4,22,stable,0.831,persistent,2026-07-25,neutral,0.625,30.181434610634824
EG,"Everest Group, Ltd.",Financial Services,14164574208.0,7.8084974,6.182559,0.92654276,2.13,0.388,23.26,0.12572,0.0254502991329942,0.11376,-0.113,-0.115,2064625024.0,14133572608.0,,2038000000.0,17218000000.0,3588999936.0,3620000000.0,398.708,62514000000.0,,,,1591000000.0,3068000000.0,,,40700000.0,0.024369464510747,,,,0.0574111399046613,0.0636658916242168,0.2754263045077902,0.3030830123710974,42978585.0,151000000.0,369.42,[],{},0.1457597661378286,,6.935020906771345,0.1441956720020269,0.1280656122136891,,,0.9,18,20,0.8046282149223327,12.0,22.0,0.7055318181818182,0.7055318181818182,0.5454545454545454,0.0,1.0,0.5454545454545454,22.0,5,5,"cheapness,quality,dividend,garp,risk",0.6960183333333333,True,0.9,0.8484,strong_buy,4,22,stable,0.7439,persistent,2026-07-25,neutral,0.375,45.92224925162949
UPS,"United Parcel Service, Inc.",Industrials,80611557376.0,17.611525,11.741672,5.3515954,6.62,1.179,189.9,0.29602,0.0762347790395402,0.050819997,0.076,-0.53,5593999872.0,104663556096.0,12083999744.0,7867000000.0,88661000000.0,28672999424.0,4653000192.0,17.705,73090000000.0,19045000000.0,,15620000000.0,5572000000.0,8450000000.0,0.1808010286371685,,848900000.0,0.0825174825174825,0.179598111342923,1.219270166453265,1.174502767471565,0.3911615816117116,0.3660910518053375,1.213038719387057,1.2997002997002998,853900000.0,1017000000.0,94.75,[],{},0.0693945143114859,8.66133385578463,13.30412560010169,0.075164654187597,0.0567809999417994,,0.1368888115538541,1.0,20,20,0.8080616167654107,8.0,22.0,0.555759090909091,0.555759090909091,0.3636363636363636,0.0,1.0,0.3636363636363636,22.0,5,5,"cheapness,quality,dividend,garp,risk",0.663535,True,0.9,0.8434,strong_buy,4,22,stable,0.8257,persistent,2026-07-25,neutral,0.625,31.371132932590342
AOS,A. O. Smith Corporation,Industrials,7741352448.0,15.866296,13.939226,4.2030697,2.53,1.594,36.766,0.27133,0.1737940689830724,0.13149,-0.007,-0.15,484612512.0,8237252096.0,783699968.0,728000000.0,3830200000.0,677200000.0,181300000.0,13.552,3142800000.0,1291500000.0,,862500000.0,546200000.0,616800000.0,0.3883348128035089,,138542508.0,0.1646913580246913,0.3813676959744375,1.4973913043478262,1.5524966562639322,0.0611238386152475,0.0668827160493827,1.2187221585847017,1.178425925925926,144319615.0,13500000.0,56.96,[],{},0.0626004971683211,10.510721490803991,11.314906725274724,0.0883789874967546,0.0630266824720779,,0.31925623821427,1.0,20,20,0.8127222636043433,13.0,22.0,0.6625863636363636,0.6625863636363636,0.5909090909090909,0.0,1.0,0.5909090909090909,22.0,5,5,"cheapness,quality,dividend,garp,risk",0.7428033333333334,True,1.0,0.8418,strong_buy,4,32,stable,0.8273,persistent,2026-07-16,neutral,0.625,37.07162762079745
PTC,PTC Inc.,Technology,14678727680.0,13.121241,15.184252,4.316666,,1.025,46.335,0.35053003,0.1109230650193164,0.41429,-0.068,-0.12,1031425152.0,15934966784.0,1275965952.0,998028000.0,2739226000.0,1607693952.0,351454016.0,31.339,6617172000.0,1383367000.0,,1237404000.0,733997000.0,867696000.0,0.8375515565345831,,119536000.0,0.0589536342049601,0.8064731700016359,1.1179590497525465,0.7789769990636957,0.2070169855037771,0.3023910549973667,0.4139572010520506,0.3600621723801613,120155000.0,77019000.0,135.28,[],{},0.0702666589697234,12.48855171959949,15.966452628583566,0.0626313197591413,0.0762123033941682,,0.1855150631030929,0.95,19,20,0.8117228208037559,9.0,22.0,0.5536681818181818,0.5536681818181818,0.4090909090909091,0.0,1.0,0.4090909090909091,22.0,3,5,"cheapness,quality,risk",0.5474533333333333,True,1.0,0.8352,strong_buy,4,29,stable,0.4694,persistent,2026-07-16,neutral,0.625,44.43126436841112
PRU,"Prudential Financial, Inc.",Financial Services,40892850176.0,10.746147,7.97759,1.2958205,4.73,0.777,163.891,0.12011,0.0046217075503399,0.06007,0.141,0.892,7527750144.0,61451849728.0,5206000128.0,,60967000000.0,56684998656.0,39136002048.0,91.471,773740000000.0,,,,3576000000.0,6271000000.0,,,347943691.0,0.0037072433308364,,,,0.0296714658670871,0.0293235198555711,0.0787952025228112,0.0960797295221367,354567002.0,,118.53,[],{},0.1840847510408564,11.80404306897474,,,0.0930566090339169,,,0.9,18,20,0.7853927381229171,12.0,22.0,0.5940909090909091,0.5940909090909091,0.5454545454545454,0.0,1.0,0.5454545454545454,22.0,5,5,"cheapness,quality,dividend,garp,risk",0.7208033333333332,True,0.8,0.8326,strong_buy,4,22,stable,0.7281,persistent,2026-07-25,neutral,0.5,48.00265355305125
LDOS,"Leidos Holdings, Inc.",Technology,16129469440.0,11.972922,10.057017,3.0454092,1.35,1.629,123.276,0.27781,0.1073149040243089,0.07803,0.072,-0.067,1146625024.0,21973866496.0,2382000128.0,2100000000.0,17174000000.0,6577999872.0,748000000.0,42.106,13493000000.0,4814000000.0,,2827000000.0,1448000000.0,1750000000.0,0.1804471876091766,,126380657.0,0.0963873943120676,0.1679270195654783,1.7028652281570569,1.2174157303370787,0.3879789520492107,0.4066871637202152,1.2728081227303043,1.280707148347425,131163899.0,203000000.0,128.23,[],{},0.0710888246055042,9.224964448028778,10.46374595047619,0.0955680694784539,0.0835218002756553,,0.196887305456591,1.0,20,20,0.8095810306959279,11.0,22.0,0.5952272727272727,0.5952272727272727,0.5,0.0,1.0,0.5,22.0,5,5,"cheapness,quality,dividend,garp,risk",0.6358550000000001,True,0.9,0.83,strong_buy,4,22,stable,0.8198,persistent,2026-07-25,accumulate,0.75,44.66715768184816
SNA,Snap-on Incorporated,Industrials,19126104064.0,18.855175,17.328648,3.1655052,2.62,3.433,21.595,0.17932,0.1208825172663837,0.19597,0.042,0.051,1109474944.0,18816903168.0,1415500032.0,1327700000.0,5156100000.0,1310000000.0,1644199936.0,116.806,8412300000.0,4402800000.0,,918500000.0,1016900000.0,1081700000.0,0.517290199957332,,51867055.0,0.1321927869516766,0.5196930545767755,4.793467610234077,4.149141965678627,0.1535727446714929,0.163711883294499,0.6129239328126672,0.6468949447877621,52381673.0,50500000.0,369.75,[],{},0.058008413019581,13.293467144195729,14.172556426903668,0.0705589005877377,0.0530358376413902,,0.1771731297872908,1.0,20,20,0.7820089642545192,10.0,22.0,0.6515272727272727,0.6515272727272727,0.4545454545454545,0.0,1.0,0.4545454545454545,22.0,5,5,"cheapness,quality,dividend,garp,risk",0.7360666666666666,True,1.0,0.8278,strong_buy,4,29,stable,0.8049,persistent,2026-07-16,accumulate,0.75,28.18644928077802
AIG,"American International Group, Inc.",Financial Services,38976458752.0,13.60219,8.4834585,0.96322334,2.65,0.612,22.466,0.0722,0.0191995237327446,0.11089,0.005,-0.101,7365000192.0,37628456960.0,8145999872.0,4275000000.0,26774000000.0,9127000064.0,10494999552.0,77.386,161254000000.0,,,,3096000000.0,3314000000.0,,,538182168.0,-0.0087030907129839,,,,0.0569970357324469,0.0553055379923383,0.166036191350292,0.169040800386804,606159452.0,396000000.0,74.54,[],{},0.1889602192662533,4.619255775996162,8.80197823625731,0.1136108239714541,0.0735175732731273,,,0.95,19,20,0.737185870395589,9.0,22.0,0.6673727272727273,0.6673727272727273,0.4090909090909091,0.0,1.0,0.4090909090909091,22.0,4,5,"cheapness,dividend,garp,risk",0.6816066666666667,True,0.9,0.8182,strong_buy,4,22,stable,0.591,persistent,2026-07-25,neutral,0.625,41.83036667679178
VZ,Verizon Communications Inc.,Communication Services,198099681280.0,12.416667,9.036105,1.906285,5.88,0.604,184.081,0.15842,0.0424827709037297,0.11643,-0.007,-0.22,17466624000.0,391225671680.0,51081998336.0,29259000000.0,138191000000.0,193646002176.0,1796000000.0,25.012,404258000000.0,56922000000.0,,62370000000.0,17174000000.0,37137000000.0,0.5892279526163064,,4217175350.0,0.0455042876340941,0.5986512152417129,0.9126503126503126,0.6256349292121474,0.4493244413221259,0.4376194078152171,0.3418386278069945,0.3503617000813597,4209680158.0,6694000000.0,47.68,[],{},0.0881708839062297,7.658777738228851,13.371122447110292,0.0747880369771137,0.0805369105896131,,0.0855806579932609,1.0,20,20,0.7809610983981694,11.0,22.0,0.6036227272727274,0.6036227272727274,0.5,0.0,1.0,0.5,22.0,5,5,"cheapness,quality,dividend,garp,risk",0.65964,True,0.8,0.8168,strong_buy,4,22,stable,0.7989,persistent,2026-07-25,neutral,0.5,39.91487307871225
ADBE,Adobe Inc.,Technology,99184197632.0,13.924108,9.01664,8.378215,,0.77,57.48,0.61902,0.2417276918904258,0.28048,0.129,0.105,9129875456.0,99683401728.0,9754999808.0,8706000000.0,23769000000.0,6761999872.0,5639000064.0,29.782,29496000000.0,10163000000.0,,10200000000.0,7130000000.0,10031000000.0,0.8926753334174765,,413000000.0,0.1839232550446576,0.89035108114392,0.9963725490196078,1.067579127459367,0.2253864930838079,0.2003307972213033,0.8058380797396257,0.711379424412835,441000000.0,263000000.0,249.52,[],{},0.0920496981774686,10.21869848180319,11.449965739490008,0.0873365058684045,0.0718178859284918,,0.451181592039801,0.95,19,20,0.8077088341048729,9.0,22.0,0.5331727272727274,0.5331727272727274,0.4090909090909091,0.0,1.0,0.4090909090909091,22.0,3,5,"cheapness,quality,risk",0.5186483333333334,True,0.9,0.816,strong_buy,4,22,stable,0.4628,persistent,2026-07-25,neutral,0.625,42.83941417941471
CVS,CVS Health Corporation,Healthcare,112037806080.0,23.113457,10.271214,1.404634,2.99,0.866,95.503,0.06205,0.0069733136650127,0.011849999,0.071,1.888,8076000256.0,174582808576.0,16679999488.0,10385000000.0,402067000000.0,76305997824.0,13957999616.0,62.365,253538000000.0,74714000000.0,,88692000000.0,1768000000.0,10639000000.0,0.1376934689989479,,1271000000.0,0.0182216693323855,0.1378748903594065,0.8423984124836513,0.811320308714203,0.3153373458810908,0.3274687518511937,1.585825398954003,1.4723021937878875,1260000000.0,3119000000.0,87.6,[],{},0.072082813280308,10.466595559646098,16.811055231198843,0.0594846656707276,0.0432648391800499,,0.0629981922521626,1.0,20,20,0.746651603756867,7.0,22.0,0.5433727272727272,0.5433727272727272,0.3181818181818182,0.0,1.0,0.3181818181818182,22.0,5,5,"cheapness,quality,dividend,garp,risk",0.6709716666666667,True,0.8,0.8107,strong_buy,4,15,stable,0.7787,persistent,2026-08-16,neutral,0.625,27.38955613490552
APA,APA Corporation,Energy,15348900864.0,9.242617,9.979954,2.1880932,2.23,0.946,48.854,0.26659,0.080738697145431,0.19564,0.092,0.263,2146749952.0,19708899328.0,5720000000.0,2750000000.0,8920000000.0,3880999936.0,444000000.0,20.022,17761000000.0,2121000000.0,,2571000000.0,1434000000.0,4545000000.0,0.4056053811659192,,352964646.0,0.0414646725116039,0.44181986238061,0.8249708284714119,1.1519458544839256,0.2584313946286808,0.317792676637442,0.5022239738753449,0.5021660649819495,365397149.0,278000000.0,43.81,[],{},0.1398634319826173,3.4456117706293705,7.166872482909091,0.1395308765971083,0.1081944648360956,,0.1810401579986833,1.0,20,20,0.8119047619047619,16.0,22.0,0.8072454545454544,0.8072454545454544,0.7272727272727273,0.0,1.0,0.7272727272727273,22.0,5,5,"cheapness,quality,dividend,garp,risk",0.8368916666666667,True,0.9,0.8071,strong_buy,4,22,stable,0.8095,persistent,2026-07-25,neutral,0.375,52.85145215625843
DECK,Deckers Outdoor Corporation,Consumer Cyclical,10925871104.0,11.412518,9.63652,4.76595,,2.747,20.521,0.42558,0.2776942131616304,0.18361,0.057,0.011,871420352.0,9814258688.0,1326978944.0,1262903000.0,5472296000.0,472334016.0,1602589056.0,16.834,3687765000.0,2850420000.0,,804074000.0,1024071000.0,1181955000.0,0.5770385958654284,,139978000.0,0.2705946246931589,0.57879814955516,3.544972228924204,3.715187267595829,0.1017402139236095,0.0775785574799762,1.4839058345637537,1.3964314003605347,150201000.0,2530000.0,80.23,[],{},0.0797575171540299,7.39594153499997,7.771189622639269,0.1286804271365055,0.0876230819526418,,0.4379467148179191,0.95,19,20,0.7751996261727051,10.0,22.0,0.6233363636363636,0.6233363636363636,0.4545454545454545,0.0,1.0,0.4545454545454545,22.0,3,5,"cheapness,quality,risk",0.5452216666666667,True,1.0,0.8042,strong_buy,4,29,stable,0.4501,persistent,2026-07-16,accumulate,0.75,38.400091650799794
TROW,"T. Rowe Price Group, Inc.",Financial Services,22319237120.0,10.50502,10.137377,2.0285387,4.99,4.039,3.702,0.19399999,0.1455256662343639,0.29262,0.107,0.286,2023912448.0,20705837056.0,2963800064.0,2477400000.0,7314800000.0,450600000.0,3234299904.0,51.579,14341800000.0,4309400000.0,,407600000.0,2087100000.0,1753400000.0,0.5127002788866408,,218565000.0,0.1558862826603325,0.5193554753580693,10.572620215897938,8.005447117566954,0.0311815811125521,0.0206873515439429,0.5100336080547769,0.5265439429928741,222966000.0,,104.63,[],{},0.0906801803806455,6.986246240934017,8.357890149350125,0.1196474208359577,0.0951925841169269,,0.1777927688708357,1.0,20,20,0.7708724438391956,18.0,22.0,0.8246590909090908,0.8246590909090908,0.8181818181818182,0.0,1.0,0.8181818181818182,22.0,5,5,"cheapness,quality,dividend,garp,risk",0.8805799999999999,True,1.0,0.8003,strong_buy,4,29,stable,0.7856,persistent,2026-07-16,neutral,0.625,38.10901138098514
ALL,The Allstate Corporation,Financial Services,61409083392.0,4.8630357,8.787661,1.946134,1.73,0.363,22.261,0.46113998,0.0858564772290786,0.18971,0.118,0.612,15158625280.0,65172082688.0,17116000256.0,13555000000.0,67069000000.0,7496999936.0,5714999808.0,124.791,119758000000.0,,,,10282000000.0,10110000000.0,,,260135910.0,0.0418126271087737,,,,0.0625427946358489,0.0724352025229131,0.5600377427812756,0.5690441420213767,264969685.0,399000000.0,242.86,[],{},0.2468466298908277,3.807670116454572,4.807973639837698,0.207987829158264,0.2056328724874464,,,0.95,19,20,0.821400809335592,14.0,22.0,0.7709454545454547,0.7709454545454547,0.6363636363636364,0.0,1.0,0.6363636363636364,22.0,5,5,"cheapness,quality,dividend,garp,risk",0.8308916666666667,True,0.9,0.7994,strong_buy,4,22,stable,0.7699,persistent,2026-07-25,neutral,0.5,35.65850834866302
INTU,Intuit Inc.,Technology,81271808000.0,18.476307,11.230722,4.2976656,1.82,1.507,44.34,0.23596,0.1241233077801337,0.21289,0.137,-0.014,6353625088.0,82492809216.0,6848999936.0,6177000000.0,21448000000.0,8421000192.0,7200000000.0,70.764,36786000000.0,15311000000.0,,10163000000.0,4566000000.0,8838000000.0,0.8017064528161134,,268384000.0,0.1046864007792629,0.7956560989857151,1.5065433435009348,1.3603664416586307,0.2289186103408905,0.1796363439580063,0.5830478986570978,0.5095243249093566,279129000.0,256000000.0,304.12,[],{},0.0781774793050008,12.044504305277892,13.354833934919863,0.0748792538247313,0.0541233700002928,,0.232017428539233,1.0,20,20,0.7686931536390528,11.0,22.0,0.6450363636363636,0.6450363636363636,0.5,0.0,1.0,0.5,22.0,5,5,"cheapness,quality,dividend,garp,risk",0.7197516666666667,True,1.0,0.7993,strong_buy,4,29,stable,0.784,persistent,2026-07-16,neutral,0.5,38.540006358628936
CINF,Cincinnati Financial Corporation,Financial Services,25607813120.0,7.873997,18.474802,1.5352834,2.23,1.151,5.255,0.21484,0.0583630066826008,0.23843001,0.316,0.855,2984875008.0,24591812608.0,4365000192.0,3033000000.0,12631000000.0,876000000.0,1892000000.0,108.677,41002000000.0,,,,2393000000.0,3112000000.0,,,155418513.0,0.0627928001972548,,,,0.0216087020145358,0.0239719459740829,0.3080581435051949,0.3105942302950604,156315102.0,53000000.0,166.85,[],{},0.1165611055505859,5.633862892622755,8.108081967688758,0.1233337309594385,0.1270003023877199,,,0.95,19,20,0.7913184918236069,14.0,22.0,0.7651227272727273,0.7651227272727273,0.6363636363636364,0.0,1.0,0.6363636363636364,22.0,5,5,"cheapness,quality,dividend,garp,risk",0.8282816666666667,True,0.9,0.7977,strong_buy,4,22,stable,0.7548,persistent,2026-07-25,neutral,0.5,37.136025094660056
STZ,"Constellation Brands, Inc.",Consumer Defensive,20221528064.0,11.26451,9.604308,2.4589279,3.46,0.913,123.205,0.2369,0.0770165064724549,0.20143999,-0.033,0.307,2210487552.0,30946789376.0,3455800064.0,2863100000.0,9139000000.0,10533799936.0,96600000.0,48.147,21900500000.0,2906300000.0,,2689800000.0,1686700000.0,2669000000.0,0.5155378050114893,,172798369.0,-0.0037594158588233,0.5205951786221557,1.080489255706744,0.9209952418715304,0.5115225679779001,0.5594555774675207,0.4172964087577909,0.4714833989922549,178220194.0,361600000.0,118.39,[],{},0.1093135763530793,8.955028879818899,10.808839850511683,0.0925168671041657,0.0887743896538775,,0.1490367347363708,1.0,20,20,0.7737499999999999,16.0,22.0,0.6861318181818182,0.6861318181818182,0.7272727272727273,0.0,1.0,0.7272727272727273,22.0,5,5,"cheapness,quality,dividend,garp,risk",0.7624833333333333,True,0.8,0.7925,strong_buy,4,22,stable,0.7831,persistent,2026-07-25,neutral,0.5,30.708729523325317
APTV,Aptiv PLC,Consumer Cyclical,9220305920.0,19.714931,6.655953,1.0371834,,2.018,64.938,0.05158,0.0070473668474778,0.010720001,0.023,-0.353,1615874944.0,13969584128.0,3232999936.0,2017000000.0,20398000000.0,5683999744.0,761000000.0,42.008,23413000000.0,8745000000.0,,5037000000.0,165000000.0,2185000000.0,0.1910971663888616,,212746899.0,0.0761787023616676,0.1882514077005022,1.7361524717093508,1.525238744884038,0.3457053773544612,0.3788899309404041,0.8712253876051766,0.8403529712677977,235035739.0,361000000.0,43.57,[],{},0.1752517712557632,4.320935479288546,6.925921729300942,0.1443851142252128,0.0507229774225433,,0.1097627340008707,0.95,19,20,0.7018555985078969,7.0,22.0,0.5020454545454545,0.5020454545454545,0.3181818181818182,0.0,1.0,0.3181818181818182,22.0,3,5,"cheapness,quality,risk",0.453155,True,1.0,0.7908,strong_buy,4,15,stable,0.4254,persistent,2026-08-16,accumulate,0.75,35.83547851780196
CF,"CF Industries Holdings, Inc.",Basic Materials,18655451136.0,9.137879,11.515815,3.2510483,1.88,4.86,40.504,0.29867,0.1032793867120954,0.27122,0.176,0.996,1276749952.0,22960451584.0,3872999936.0,2375000000.0,7084000000.0,3612999936.0,2480000000.0,37.917,14088000000.0,2985000000.0,,887000000.0,1455000000.0,2752000000.0,0.3845285149632976,,153552162.0,0.0904500222783306,0.3463611859838275,3.3652762119503947,3.0806845965770173,0.2580919931856899,0.2410515372048121,0.502839295854628,0.4408139016783009,169882990.0,145000000.0,123.27,[],{},0.0684384388612407,5.928337713249061,9.66755856168421,0.1034387320872652,0.1094345854218468,,0.1799106128323611,1.0,20,20,0.7975,15.0,22.0,0.7997863636363636,0.7997863636363636,0.6818181818181818,0.0,1.0,0.6818181818181818,22.0,5,5,"cheapness,quality,dividend,garp,risk",0.8706183333333334,True,1.0,0.79,strong_buy,4,29,stable,0.7937,persistent,2026-07-16,neutral,0.5,42.69056291065705
BMY,Bristol-Myers Squibb Company,Healthcare,127914786816.0,13.792952,9.538694,5.7318077,4.0,1.532,201.859,0.46598998,0.0783446989049068,0.18871,0.057,1.531,8114375168.0,161900789760.0,18929999872.0,13724000000.0,48195000000.0,45053001728.0,11066999808.0,10.925,90038000000.0,29390000000.0,,23417000000.0,7054000000.0,14156000000.0,0.7108413735864716,,2035753027.0,-0.0966275390646091,0.710807453416149,1.2550711021907162,1.2526289223521494,0.5235456140740576,0.5528978542811788,0.5352739954241542,0.5215813742535339,2029000000.0,1891000000.0,62.62,[],{},0.0634357869795943,8.552603848638842,11.796909775575632,0.08476796203616,0.0725007960587407,,0.2060011107608712,1.0,20,20,0.7741928052454368,13.0,22.0,0.6631090909090909,0.6631090909090909,0.5909090909090909,0.0,1.0,0.5909090909090909,22.0,5,5,"cheapness,quality,dividend,garp,risk",0.8069733333333333,True,0.9,0.7793,strong_buy,4,22,stable,0.7767,persistent,2026-07-25,neutral,0.625,38.77254125327466
BR,"Broadridge Financial Solutions, Inc.",Technology,19039668224.0,17.165796,14.221023,6.6067343,2.67,1.236,123.939,0.40916002,0.1256861144958805,0.15037,0.075,0.084,1194499968.0,21886967808.0,1808999936.0,1300600000.0,7476800000.0,3520499968.0,403800000.0,24.917,8945300000.0,1748100000.0,,1414800000.0,1124300000.0,1345600000.0,0.3177963834795634,,114058297.0,0.0982445874780573,0.31017113991668,1.2355810008481765,0.9762531563960672,0.3932344359607839,0.4047981275599766,0.835835578460197,0.806214160327677,117200000.0,111800000.0,164.62,[],{},0.0627374360701465,12.098932328541553,16.828362146701522,0.0594234894211619,0.0582553818069374,,0.1727109753668415,1.0,20,20,0.7615871924650621,10.0,22.0,0.5868909090909091,0.5868909090909091,0.4545454545454545,0.0,1.0,0.4545454545454545,22.0,5,5,"cheapness,quality,dividend,garp,risk",0.6941516666666667,True,0.9,0.7769,strong_buy,4,22,stable,0.7692,persistent,2026-07-25,neutral,0.5,42.91806856216999
GEN,Gen Digital Inc.,Technology,17448810496.0,17.046783,8.814129,6.574199,1.72,0.466,307.831,0.41944,0.0624158060170633,0.20732,0.063,0.64,1547124992.0,25091811328.0,2409999872.0,2155000000.0,5000000000.0,8176000000.0,533000000.0,4.434,15589000000.0,1081000000.0,,2710000000.0,973000000.0,1545000000.0,0.7846,,598000000.0,0.0414972571797353,0.8027954256670902,0.3988929889298893,0.5064889512451771,0.5298607992815447,0.5366247176508551,0.3207389826159471,0.2539528880283963,617000000.0,569000000.0,29.15,[],{},0.0886665020721421,10.411540523102568,11.6435319387471,0.085884592858995,0.058662094777648,,0.1673266557962574,1.0,20,20,0.7696264413624528,11.0,22.0,0.5984363636363637,0.5984363636363637,0.5,0.0,1.0,0.5,22.0,5,5,"cheapness,quality,dividend,garp,risk",0.7062283333333333,True,0.8,0.7748,strong_buy,4,17,stable,0.7722,persistent,2026-07-26,neutral,0.375,46.622851306183
AMCR,Amcor plc,Consumer Cyclical,19487870976.0,17.710083,9.674821,1.6515164,6.21,1.254,128.294,0.09396,0.0298153389944736,0.04705,0.259,,1504000000.0,33507010560.0,3536000000.0,2197000000.0,23506000000.0,15139999744.0,1115000064.0,25.522,37095000000.0,9326000000.0,,7435000000.0,1106000000.0,2151000000.0,0.1995235259082787,,461900000.0,0.0137862191766038,0.1888200413085482,1.2543375924680564,1.207098897953342,0.4007009030866693,0.4048993686936815,0.6336703059711551,0.4049263475961798,460971988.0,676000000.0,42.15,[],{},0.0771762088250804,9.475964524886878,15.251256513427402,0.065568368030502,0.0564650092266648,,0.0740728253540121,1.0,20,20,0.6980091983163506,8.0,22.0,0.4807045454545455,0.4807045454545455,0.3636363636363636,0.0,1.0,0.3636363636363636,22.0,4,5,"cheapness,quality,dividend,risk",0.5184916666666666,True,0.9,0.7665,strong_buy,4,14,stable,0.5858,persistent,2026-09-04,neutral,0.625,36.485440190166386
ROP,"Roper Technologies, Inc.",Technology,36138377216.0,15.224999,15.041735,1.9324847,0.98,0.553,60.531,0.13066,0.0444312693408913,0.30244,0.085,2.33,2265687552.0,47092879360.0,3238000128.0,2235400000.0,7902500000.0,11319400448.0,364900000.0,189.083,34577000000.0,1928100000.0,,3725600000.0,1536300000.0,2540300000.0,0.6924391015501423,,106600000.0,0.0494435880988169,0.693019093078759,0.5175273781404337,0.4025624967381661,0.2703907221563467,0.2447510268169154,0.2285478786476559,0.2246455207804766,107300000.0,325000000.0,365.4,[],{},0.0626947784195711,14.54381639851498,21.06686917777579,0.0474678981276884,0.0656814493058423,,0.072457003571961,1.0,20,20,0.7293479218697416,9.0,22.0,0.5733681818181819,0.5733681818181819,0.4090909090909091,0.0,1.0,0.4090909090909091,22.0,5,5,"cheapness,quality,dividend,garp,risk",0.7009583333333333,True,0.9,0.7642,strong_buy,4,17,stable,0.7468,persistent,2026-07-26,neutral,0.5,31.392293342447815
BBY,"Best Buy Co., Inc.",Consumer Cyclical,19550816256.0,15.510815,12.9235115,6.1620836,4.14,1.117,130.097,0.43126,0.072869802317655,0.03014,0.036,0.701,1403374976.0,21281816576.0,2617999872.0,1750000000.0,41691000000.0,4140999936.0,2409999872.0,15.128,14670000000.0,8504000000.0,,7679000000.0,1069000000.0,1962000000.0,0.2248207047084502,,209100000.0,0.0627114057637667,0.2259921017145058,1.1074358640447974,1.0259481037924152,0.2817314246762099,0.2741848193749154,2.841922290388548,2.8093627384657016,211400000.0,47000000.0,93.22,[],{},0.0717808892285668,8.129036522733642,12.161038043428572,0.0822298225224587,0.0644711448108948,,0.2503218423687598,1.0,20,20,0.736758637329063,10.0,22.0,0.6039818181818183,0.6039818181818183,0.4545454545454545,0.0,1.0,0.4545454545454545,22.0,5,5,"cheapness,quality,dividend,garp,risk",0.7446866666666667,True,0.9,0.7583,strong_buy,4,22,stable,0.7475,persistent,2026-07-25,neutral,0.375,61.24529010922564
HIG,"The Hartford Insurance Group, Inc.",Financial Services,35411095552.0,9.028315,9.557663,1.8399458,1.82,1.772,22.33,0.22061001,0.0446062071932741,0.1489,0.081,0.361,5507500032.0,36138098688.0,5585999872.0,4959000000.0,28071000000.0,4384000000.0,3991000064.0,71.051,85997000000.0,,,,3836000000.0,5922000000.0,,,276923402.0,0.0384468035147126,,,,0.0508273544425968,0.0539565233510881,0.3264183634312825,0.3260625084963605,287556225.0,199000000.0,130.73,[],{},0.1555303485008652,6.46940557036948,7.28737622262553,0.137223600024278,0.1107626395401578,,,0.95,19,20,0.7629008204072144,15.0,22.0,0.7560999999999999,0.7560999999999999,0.6818181818181818,0.0,1.0,0.6818181818181818,22.0,5,5,"cheapness,quality,dividend,garp,risk",0.8104466666666668,True,0.9,0.757,strong_buy,4,22,stable,0.722,persistent,2026-07-25,neutral,0.5,33.589021471554744
NXPI,NXP Semiconductors N.V.,Technology,58605477888.0,19.830204,12.8438015,5.1432934,1.78,2.04,93.325,0.27921,0.0760918674698795,0.22564,0.195,0.726,3555000064.0,66721476608.0,5068000256.0,3035000000.0,12269000000.0,10976000000.0,3222000128.0,45.187,26560000000.0,7940000000.0,,3881000000.0,2021000000.0,2820000000.0,0.5473958757844976,,252854704.0,0.1029321304080377,0.5643729189789123,2.045864467920639,2.357972885732731,0.4601656626506024,0.4451096985851958,0.4619352409638554,0.5172852163215091,254324627.0,466000000.0,232.41,[],{},0.0606598596601141,13.16524728447054,21.984012061943982,0.0454876024077095,0.0504281246930187,,0.1338242426914767,1.0,20,20,0.7275157420691855,9.0,22.0,0.5696500000000001,0.5696500000000001,0.4090909090909091,0.0,1.0,0.4090909090909091,22.0,5,5,"cheapness,quality,dividend,garp,risk",0.7011266666666667,True,0.9,0.748,strong_buy,4,14,stable,0.7378,persistent,2026-09-04,neutral,0.5,52.34182983016275
CCL,Carnival Corporation Ltd.,Consumer Cyclical,30556872704.0,10.049549,8.566634,2.360347,2.06,0.334,201.556,0.26689,0.0533983400081258,0.11237001,0.053,-0.065,1899374976.0,54499872768.0,7302000128.0,4482000000.0,26621000000.0,26169999360.0,2243000064.0,9.452,51687000000.0,4219000000.0,,13092000000.0,2760000000.0,6218000000.0,0.4009616468201795,,1313148640.0,0.0390566076197076,0.375004995803525,0.3222578673999389,0.2907807523457003,0.541586859365024,0.5886213995963879,0.5150424671580862,0.5100393419899301,1308000000.0,1349000000.0,22.31,[],{},0.0621586833966607,7.463691017892023,12.159721724230254,0.0822387240990338,0.0995069529985872,,0.1161290322580645,1.0,20,20,0.7146934602946012,12.0,22.0,0.6276090909090909,0.6276090909090909,0.5454545454545454,0.0,1.0,0.5454545454545454,22.0,5,5,"cheapness,quality,dividend,garp,risk",0.6534316666666666,True,0.8,0.742,strong_buy,4,14,stable,0.7283,persistent,2026-09-04,neutral,0.625,33.53410003454687
LEN,Lennar Corporation,Consumer Cyclical,18809092096.0,14.787879,14.447676,0.86996245,2.62,11.392,27.736,0.05962,0.0603587749989929,0.04092,-0.087,-0.48,,23569154048.0,1998467968.0,2750407000.0,34186934000.0,6017819136.0,1150114944.0,89.751,34430437000.0,19394535000.0,,1812484000.0,2078179000.0,216812000.0,0.099076594584352,,246991918.0,0.0951892587429541,0.1551561431512456,10.7005275632778,15.93281814030357,0.1706337622145196,0.1014029774466163,0.9929276819809172,0.8578810513869788,268233819.0,,78.08,[],{},,11.79361111881479,8.56933321068482,0.1166951938282821,0.0676229498496708,,0.0843218763605429,0.95,19,20,0.6853239084343735,9.0,22.0,0.6221136363636364,0.6221136363636364,0.4090909090909091,0.0,1.0,0.4090909090909091,22.0,4,5,"cheapness,dividend,garp,risk",0.5979966666666667,True,0.66665,0.7405,strong_buy,4,29,stable,0.5418,persistent,2026-07-16,neutral,0.625,40.146222451172555
ZTS,Zoetis Inc.,Healthcare,29475241984.0,11.636215,10.921022,9.099375,2.97,3.084,293.996,0.64911,0.1728195513027736,0.27685,-0.002,0.012,2016999936.0,37054238720.0,4065999872.0,3597000000.0,9467000000.0,9255000064.0,1676000000.0,7.839,15467000000.0,6768000000.0,,2235000000.0,2673000000.0,2904000000.0,0.7183901975282561,,424927535.0,0.1746154386457821,0.7062445980985307,3.0281879194630874,1.754396248534584,0.5972716105256353,0.4736953009763293,0.6120773259197,0.6501369670576667,448473073.0,222000000.0,71.33,[],{},0.0684303096508888,9.113192298693708,10.301428612732831,0.0970739144630846,0.0859385977313069,,0.2718409915356711,1.0,20,20,0.740465178096757,13.0,22.0,0.6285681818181819,0.6285681818181819,0.5909090909090909,0.0,1.0,0.5909090909090909,22.0,5,5,"cheapness,quality,dividend,garp,risk",0.6591316666666667,True,0.8,0.739,strong_buy,4,17,stable,0.7397,persistent,2026-07-26,neutral,0.5,36.48346236158489
EOG,"EOG Resources, Inc.",Energy,75303026688.0,11.002335,9.539811,2.3316183,2.83,1.851,25.891,0.22507,0.0961408521400027,0.25733,0.587,1.094,4478750208.0,77500932096.0,14494999552.0,7250000000.0,22582000000.0,8249999872.0,4906999808.0,60.636,51799000000.0,7656000000.0,,4691000000.0,4980000000.0,10044000000.0,0.6337791161101762,,537670216.0,0.1356970287797228,0.6833775344340833,1.6320613941590278,2.0974971983563693,0.1623197359022375,0.1073835459670241,0.4359543620533215,0.4954435637689145,557208477.0,235000000.0,141.38,[],{},0.0594763637663148,5.346735735863236,10.68978373737931,0.0935472619996294,0.0908897974838977,,0.1539016727519742,1.0,20,20,0.7142857142857143,16.0,22.0,0.7742727272727272,0.7742727272727272,0.7272727272727273,0.0,1.0,0.7272727272727273,22.0,5,5,"cheapness,quality,dividend,garp,risk",0.8635966666666667,True,1.0,0.731,strong_buy,4,15,stable,0.7226,persistent,2026-08-16,neutral,0.5,42.78624203694813
PPG,"PPG Industries, Inc.",Basic Materials,23325939712.0,15.05452,12.112236,2.76277,2.83,1.58,86.938,0.19297001,0.0713186713729749,0.09573,0.072,-0.015,1104625024.0,29333938176.0,2697999872.0,2169000000.0,15875000000.0,7468000256.0,1607000064.0,37.98,22098000000.0,7959000000.0,,4900000000.0,1576000000.0,1941000000.0,0.4131653543307086,,223426948.0,0.057428086245047,0.4160934048595771,1.6242857142857143,1.307738332668528,0.357317404289981,0.3290794010188854,0.7183908045977011,0.8153656151906551,229927883.0,241000000.0,104.93,[],{},0.0473560781532727,10.872475747841696,13.524176199170125,0.0739416571680988,0.0664252330861429,,0.1261193161995581,1.0,20,20,0.7333333333333334,9.0,22.0,0.5588000000000001,0.5588000000000001,0.4090909090909091,0.0,1.0,0.4090909090909091,22.0,5,5,"cheapness,quality,dividend,garp,risk",0.64715,True,0.9,0.7308,strong_buy,4,15,stable,0.7321,persistent,2026-08-16,accumulate,0.75,35.34824658663088
MDT,Medtronic plc,Healthcare,117360902144.0,22.598522,14.321929,2.338056,3.13,2.067,55.365,0.106479995,0.0516081179859827,0.13934,0.137,0.407,5412499968.0,137312903168.0,10407999488.0,6828000000.0,36364000000.0,28152999936.0,8819000320.0,39.242,93028000000.0,24787000000.0,,11658000000.0,4801000000.0,7330000000.0,0.6501759982400176,,1280177293.0,0.0508507853403141,0.6531591973044697,2.126179447589638,1.849056603773585,0.3005654211635206,0.3110383944153577,0.3908930644537128,0.3658049738219895,1281934628.0,715000000.0,91.75,[],{},0.0461184250386806,13.193015941854744,20.11026701347393,0.0497258439845675,0.0442506815268715,,0.0839129900454713,1.0,20,20,0.6916764132553606,9.0,22.0,0.5854545454545453,0.5854545454545453,0.4090909090909091,0.0,1.0,0.4090909090909091,22.0,5,5,"cheapness,quality,dividend,garp,risk",0.7259800000000001,True,1.0,0.7302,strong_buy,4,2,stable,0.5332,building,2026-09-21,neutral,0.5,51.79271163767408
MKC,"McCormick & Company, Incorporated",Consumer Defensive,13144152064.0,8.134775,14.833851,1.8789393,3.94,0.781,65.143,0.24728,0.0598012181449047,0.21912001,0.167,-0.142,714025024.0,18324152320.0,1451500032.0,1091900000.0,6840300000.0,4933499904.0,331200000.0,26.02,13200400000.0,2138100000.0,,3062200000.0,789400000.0,962200000.0,0.3789599871350672,,268400000.0,0.0603276129851648,0.385353302497137,0.6982234994448436,0.7419869571250174,0.3154449865155601,0.3449423502138436,0.5181888427623406,0.514425835673244,268000000.0,196200000.0,48.89,[],{},0.0543226387311521,12.624286542213456,16.78189607106878,0.0595880224597478,0.1229290299977565,,0.1077015643802647,1.0,20,20,0.7272916666666667,13.0,22.0,0.65315,0.65315,0.5909090909090909,0.0,1.0,0.5909090909090909,22.0,5,5,"cheapness,quality,dividend,garp,risk",0.7114116666666667,True,0.9,0.7291,strong_buy,4,14,stable,0.7282,persistent,2026-09-04,neutral,0.625,31.158158543000127
IBM,International Business Machines Corporation,Technology,218509230080.0,20.579412,17.620632,6.34243,2.94,0.791,188.97,0.34460998,0.0697458519884119,0.15522,0.011,-0.018,12049750016.0,275738230784.0,16472999936.0,12492000000.0,67536000000.0,65272000512.0,8131999744.0,36.568,151880000000.0,36944000000.0,,38658000000.0,10593000000.0,13193000000.0,0.5818674484719261,,936952129.0,0.0439074175323491,0.566522716045448,0.9556624760722232,1.0404320801400035,0.4253818804319199,0.4257043921997449,0.4446668422438767,0.4574667395662475,926290070.0,1935000000.0,231.93,[],{},0.0551452678295941,16.738798752824813,22.07318530131284,0.0453038375000876,0.0485922532674888,,0.1103319142922753,1.0,20,20,0.7125910205997485,7.0,22.0,0.501090909090909,0.501090909090909,0.3181818181818182,0.0,1.0,0.3181818181818182,22.0,5,5,"cheapness,quality,dividend,garp,risk",0.6110316666666666,True,0.8,0.7281,strong_buy,4,3,stable,0.6303,building,2026-09-20,neutral,0.5,46.23860981385589
INVH,Invitation Homes Inc.,Real Estate,15994077184.0,24.844036,38.093094,1.7663558,4.46,0.43,94.425,0.070539996,0.0314729589315797,0.23197001,0.101,0.605,1168785536.0,24504909824.0,1500342016.0,752396000.0,2729296000.0,8585699840.0,113062000.0,15.331,18680290000.0,569072000.0,,375350000.0,587924000.0,1206230000.0,0.5842455343795616,,610788732.0,0.024272401975707,0.5903830630842531,1.516110297056081,0.8245035825703276,0.4486022433270575,0.4386034699518757,0.1461056546766672,0.1400432523458299,612605478.0,353327000.0,27.08,[],{},0.0730761470358051,16.332882477910957,32.56916547137412,0.0307038877271487,0.0402511089583029,,0.0411034398364594,1.0,20,20,0.6971948549534758,8.0,22.0,0.5109636363636363,0.5109636363636363,0.3636363636363636,0.0,1.0,0.3636363636363636,22.0,5,5,"cheapness,quality,dividend,garp,risk",0.6560716666666667,True,0.7,0.7245,strong_buy,4,4,stable,0.7108,persistent,2026-09-18,accumulate,0.75,24.94549672997809
GD,General Dynamics Corporation,Industrials,95750184960.0,21.552984,19.039862,3.5639474,1.8,1.441,35.335,0.17803,0.0735384024175094,0.08179,0.081,0.134,4400124928.0,100752154624.0,6632999936.0,5356000000.0,52550000000.0,9479000064.0,4333000192.0,99.3,57249000000.0,24248000000.0,,16796000000.0,4210000000.0,5120000000.0,0.1513035204567079,,270389759.0,0.067680744452398,0.1543297845586386,1.4436770659680875,1.3681552962298025,0.1709898862862233,0.1910522548317824,0.9179199636674876,0.8539012168933429,270340502.0,402000000.0,353.9,[],{},0.0459542185724045,15.189530468284328,18.81108189395071,0.0531601534477175,0.046397287725913,,0.132400563617037,1.0,20,20,0.6944903460379268,9.0,22.0,0.5749318181818182,0.5749318181818182,0.4090909090909091,0.0,1.0,0.4090909090909091,22.0,5,5,"cheapness,quality,dividend,garp,risk",0.6721133333333333,True,1.0,0.7235,strong_buy,4,3,stable,0.6204,building,2026-09-20,neutral,0.625,33.67404029248529
HST,"Host Hotels & Resorts, Inc.",Real Estate,15499346944.0,14.973154,21.1351,2.3922367,3.66,1.671,85.298,0.15558,0.058625182006284,0.16474001,0.036,0.084,1692375040.0,19207124992.0,1695000064.0,831000000.0,6114000000.0,5645000192.0,1952999936.0,9.326,13049000000.0,1122000000.0,,1427000000.0,765000000.0,1510000000.0,0.5260058881256133,,687800000.0,0.0534181483752299,0.5336030964109781,0.7862648913805186,0.6521116678596993,0.4322170281247605,0.4324800735744942,0.4685416507012032,0.4356223175965665,699100000.0,235000000.0,22.31,[],{},0.1091900869188001,11.331636735560618,23.113267138387485,0.0432651945747279,0.0667861961481195,,0.0715023231801755,1.0,20,20,0.7282918263090676,11.0,22.0,0.5883272727272727,0.5883272727272727,0.5,0.0,1.0,0.5,22.0,5,5,"cheapness,quality,dividend,garp,risk",0.6706666666666667,True,0.8,0.7093,strong_buy,4,17,stable,0.7188,persistent,2026-07-26,neutral,0.625,47.715331216010796
UBER,"Uber Technologies, Inc.",Technology,144694951936.0,15.535088,16.07924,5.290515,,0.843,51.872,0.3716,0.1626646386848322,0.17345,0.122,0.855,7244749824.0,155117961216.0,7473999872.0,5565000000.0,52017000000.0,14730999808.0,5391000064.0,13.39,61802000000.0,13993000000.0,,12320000000.0,10053000000.0,10099000000.0,0.3975431109060499,,2067905000.0,0.1923347123565685,0.3939924507708399,1.1357954545454545,1.06700941094458,0.1954629300022653,0.2171181016314105,0.8416717905569399,0.8582077901803138,2107953000.0,440000000.0,70.84,[],{},0.0500691263037595,20.75434357406422,27.873847478167114,0.0358759227904678,0.0643704110333974,,0.1124651388383654,0.95,19,20,0.7131516021042562,9.0,22.0,0.4934318181818181,0.4934318181818181,0.4090909090909091,0.0,1.0,0.4090909090909091,22.0,4,5,"cheapness,quality,garp,risk",0.588935,True,1.0,0.7067,strong_buy,4,3,stable,0.4721,building,2026-09-20,neutral,0.625,40.68424469642446
TRV,"The Travelers Companies, Inc.",Financial Services,77408452608.0,9.976613,12.267657,2.3374145,1.33,0.323,27.378,0.26511,0.0437553928800066,0.16951999,0.003,0.571,14775124992.0,81415446528.0,11480000512.0,8221000000.0,48828000000.0,9068000256.0,5061000192.0,158.778,143708000000.0,,,,6288000000.0,10606000000.0,,,217500000.0,0.0375331296128058,,,,0.0644849277702006,0.0603127885936526,0.3397723160853954,0.3485873458018305,226600000.0,425000000.0,371.13,[],{},0.1908722432009062,7.091937534575608,9.903350751490086,0.1009759247242189,0.1002344182339236,,,0.95,19,20,0.7307144517886206,14.0,22.0,0.7196227272727272,0.7196227272727272,0.6363636363636364,0.0,1.0,0.6363636363636364,22.0,5,5,"cheapness,quality,dividend,garp,risk",0.7844816666666666,True,0.9,0.7053,strong_buy,4,17,stable,0.6821,persistent,2026-07-26,neutral,0.5,51.06937060528262
KHC,The Kraft Heinz Company,Consumer Defensive,28898525184.0,,11.66827,0.8027274,6.55,1.061,52.591,-0.0876,-0.0714792262734453,-0.13639,-0.014,,3250500096.0,45342523392.0,5493000192.0,4637000000.0,24942000000.0,19000999936.0,2680999936.0,30.359,81786000000.0,10127000000.0,,8778000000.0,-5846000000.0,4462000000.0,0.33313286825435,,1183655579.0,0.0310804535209034,0.3469782558229513,1.1536796536796536,1.0554253412381085,0.2594453818501944,0.2250501206293112,0.3049666202039469,0.2927497819611041,1195000000.0,947000000.0,24.37,[],{},0.112479791799191,8.254600729495113,9.778417811516066,0.1022660331431428,,,0.0635135875520491,0.95,19,20,0.8075000000000001,5.0,22.0,0.5376318181818183,0.5376318181818183,0.2272727272727272,0.0,1.0,0.2272727272727272,22.0,2,5,"cheapness,risk",0.4726016666666666,True,0.75,0.9343,buy,3,29,stable,0.3309,persistent,2026-07-16,neutral,0.5,44.211774676183694
COO,"The Cooper Companies, Inc.",Healthcare,10291204096.0,18.597937,11.530227,1.2353343,,1.222,33.634,0.06838,0.0302465550069383,0.1346,0.006,3.571,542649984.0,12937904128.0,932000000.0,682900000.0,4092400000.0,2801200128.0,154700000.0,43.81,12394800000.0,2106400000.0,,1112800000.0,374900000.0,796100000.0,0.6553855928061773,,195900000.0,0.0318549434844744,0.6663500539097397,1.892882818116463,1.9079976535001957,0.2021250847129441,0.2097976484344549,0.3301707167521864,0.3163083019358191,199600000.0,100000000.0,54.12,[],{},0.0527294939385098,13.881871381974248,18.945532476204423,0.0527828922864004,0.0537694046388048,,0.0605300478638539,0.95,19,20,0.7129926718162012,5.0,22.0,0.5204909090909091,0.5204909090909091,0.2272727272727272,0.0,1.0,0.2272727272727272,22.0,3,5,"cheapness,garp,risk",0.58262,True,1.0,0.7634,buy,3,9,stable,0.4208,persistent,2026-09-13,accumulate,0.75,24.10807529095669
LHX,"L3Harris Technologies, Inc.",Industrials,45981974528.0,24.967642,18.237978,2.3120136,2.02,1.184,52.753,0.0934,0.0389853137516688,0.08172,0.084,0.283,1608999936.0,57395974144.0,4142000128.0,2150000000.0,21865000000.0,10999000064.0,1520999936.0,106.803,41195000000.0,8593000000.0,,7226000000.0,1606000000.0,3106000000.0,0.2572604619254516,,186844093.0,0.0357610533082545,0.2590386869871043,1.1891779684472736,1.0766409013494038,0.269838572642311,0.2913263969905478,0.5307682971234373,0.5077260065236542,189794911.0,597000000.0,246.93,[],{},0.0349919713652188,13.857067206734763,26.69580192744186,0.0374590732549619,0.040051839897416,,0.0632930024434042,1.0,20,20,0.6584132846376575,8.0,22.0,0.5060681818181818,0.5060681818181818,0.3636363636363636,0.0,1.0,0.3636363636363636,22.0,5,5,"cheapness,quality,dividend,garp,risk",0.6383466666666666,True,1.0,0.728,buy,3,5,stable,0.6932,persistent,2026-09-17,accumulate,0.75,30.62544067006108
PFE,Pfizer Inc.,Healthcare,158108942336.0,36.5,9.575422,1.8557667,6.22,1.267,74.253,0.05014,0.0373318601076095,0.06804,0.026,,12485624832.0,210186944512.0,25383000064.0,17407000000.0,62579000000.0,63480000512.0,11704000512.0,14.948,208160000000.0,42898000000.0,,36984000000.0,7771000000.0,11704000000.0,0.7432525288035923,,5686000000.0,0.0376342574368779,0.719443003756267,1.1599069868051048,1.1712524712175834,0.3072684473481937,0.2982670715477328,0.3006293235972329,0.2981639768318057,5666990035.0,2671000000.0,27.74,[],{},0.0789684925313495,8.280618681087358,12.074851755730451,0.0828167517274423,0.0273972602739726,,0.101690657568818,1.0,20,20,0.6488977494240652,6.0,22.0,0.4381909090909091,0.4381909090909091,0.2727272727272727,0.0,1.0,0.2727272727272727,22.0,3,5,"cheapness,dividend,risk",0.4792183333333333,True,1.0,0.7271,buy,3,14,stable,0.4128,persistent,2026-09-04,neutral,0.625,53.82164069452686
XYL,Xylem Inc.,Industrials,25039126528.0,25.59427,17.170734,2.2754083,1.6,1.613,28.642,0.09182999,0.0542701599183395,0.111549996,0.015,0.195,1183750016.0,27063126016.0,1978000000.0,1326000000.0,9035000000.0,3055000064.0,1276000000.0,47.13,17634000000.0,4641000000.0,,2856000000.0,957000000.0,1241000000.0,0.3846153846153846,,243584000.0,0.0539622870308615,0.3751459939266526,1.625,1.7542808219178083,0.1169899058636724,0.1288425392590796,0.5123624815696949,0.5191293275935245,243000000.0,29000000.0,107.24,[],{},0.0472760107935982,13.682065731041456,20.40959729713424,0.0489965571315026,0.0390712452435642,,0.0897279740154283,1.0,20,20,0.6619184769558734,6.0,22.0,0.5092681818181819,0.5092681818181819,0.2727272727272727,0.0,1.0,0.2727272727272727,22.0,5,5,"cheapness,quality,dividend,garp,risk",0.5864833333333334,True,1.0,0.7224,buy,3,24,stable,0.6922,persistent,2026-07-19,accumulate,0.75,38.599798786992956
CPRT,"Copart, Inc.",Industrials,27849246720.0,18.651613,16.328722,2.946092,,7.912,0.97,0.1616,0.1538464054055821,0.31809,0.024,-0.146,885121728.0,22416656384.0,1881963008.0,1696714000.0,4646958000.0,88367000.0,4489802240.0,9.813,10090902000.0,5754628000.0,,683281000.0,1552449000.0,1799750000.0,0.4518317144247914,,967478690.0,0.1617297304480761,0.4501608870608944,8.422051835189329,7.028978613258412,0.0102804486655405,0.0140883157145833,0.4605096749527446,0.502722074324815,962967011.0,,28.91,[],{},0.0317826093071432,11.911316156964547,13.211806105212782,0.0756898785855966,0.0536146659272846,,0.1803552672880848,0.95,19,20,0.6687486226033298,8.0,22.0,0.4989,0.4989,0.3636363636363636,0.0,1.0,0.3636363636363636,22.0,3,5,"cheapness,quality,risk",0.4838566666666667,True,0.83335,0.721,buy,3,1,deteriorating,0.2475,new,2026-09-22,neutral,0.5,37.1711734028552
ZBH,"Zimmer Biomet Holdings, Inc.",Healthcare,17990379520.0,22.893204,10.402261,1.424085,1.01,1.691,60.175,0.06413,0.0305347808953,0.09481,0.048,0.338,1072150016.0,25136279552.0,2524999936.0,1356200000.0,8231500000.0,7601699840.0,464500000.0,66.232,23091700000.0,5119900000.0,,2583700000.0,705100000.0,1697100000.0,0.6970539998785155,,195481555.0,0.0423022377406355,0.7146354804261194,1.981615512636916,1.9060345179321885,0.3256191618633535,0.2904054705527186,0.3564700736628312,0.3593958427918166,199073712.0,292800000.0,94.32,[],{},0.0595957419802114,9.954962451135682,18.534345636336823,0.0539538875351222,0.0436810854435228,,0.0661302906182953,1.0,20,20,0.669327485380117,7.0,22.0,0.5073818181818182,0.5073818181818182,0.3181818181818182,0.0,1.0,0.3181818181818182,22.0,4,5,"cheapness,dividend,garp,risk",0.6079766666666667,True,1.0,0.7125,buy,3,10,stable,0.5527,persistent,2026-09-11,neutral,0.5,44.341925297992915
KIM,Kimco Realty Corporation,Real Estate,15119593472.0,26.209303,25.613638,1.4716637,4.97,0.971,84.993,0.05806,0.0296999987302071,0.27759,0.049,-0.058,871483392.0,23433496576.0,1332118016.0,717677000.0,2140116000.0,8858840064.0,702396032.0,15.316,19688250000.0,965693000.0,,291537000.0,584741000.0,1120015000.0,0.6905149066686105,,674093047.0,0.0202258544307661,0.6869668053336894,3.312420035878808,5.233553413489341,0.421875026983099,0.4223722760569527,0.1087001638032836,0.1002966238724216,679493522.0,330196000.0,22.54,[],{},0.057639340212017,17.59115656011066,32.65187065490464,0.0306261166647672,0.0381543912098692,,0.0369999288023697,1.0,20,20,0.6750738916256158,6.0,22.0,0.4429909090909091,0.4429909090909091,0.2727272727272727,0.0,1.0,0.2727272727272727,22.0,5,5,"cheapness,quality,dividend,garp,risk",0.540835,True,0.7,0.7102,buy,3,22,stable,0.6926,persistent,2026-07-25,accumulate,0.75,25.66637568683953
CPAY,"Corpay, Inc.",Technology,26081306624.0,24.176506,12.631001,7.363153,,0.972,275.291,0.29215,0.0405112288315702,0.22723,0.215,-0.07,1946175872.0,33999865856.0,2798278912.0,1951847000.0,4528403000.0,10741731328.0,3183238912.0,53.947,26408135000.0,13963240000.0,,14296677000.0,1069826000.0,1499901000.0,0.7859781914286339,,68362289.0,0.0558971023661985,0.7813396554964551,0.97667730760092,0.9963237899093936,0.3787350753849145,0.4452896472696405,0.1714775768906058,0.2213388727791359,70170016.0,403848000.0,397.22,[],{},0.0746195694892498,12.150277697550688,17.419329412602526,0.0574074912020735,0.0413624698291804,,0.1611570630059568,0.95,19,20,0.6854126357488103,5.0,22.0,0.3891,0.3891,0.2272727272727272,0.0,1.0,0.2272727272727272,22.0,3,5,"cheapness,quality,risk",0.404335,True,0.8,0.7095,buy,3,22,stable,0.3976,persistent,2026-07-25,neutral,0.5,44.12071654962704
EQT,EQT Corporation,Energy,31357118464.0,11.631091,13.140581,1.2414254,1.32,0.673,19.595,0.11078,0.0487941317460005,0.29176,-0.039,-0.74,2460903936.0,40504487936.0,6995361792.0,3014406000.0,8353217000.0,5655713792.0,112863000.0,40.381,41792874000.0,1895151000.0,,2484841000.0,2039247000.0,5125952000.0,0.4587503233784062,,624076000.0,0.0057889913082404,0.146915126827968,0.7626850168682825,0.6965853614939211,0.1880332996481649,0.2351492602796542,0.1998718011113569,0.1311111867097009,596870000.0,438695000.0,50.13,[],{},0.0784799132236999,5.790192007269951,13.436971640847318,0.0744215308872186,0.0859764574105731,,0.0766867678166445,1.0,20,20,0.6714285714285714,11.0,22.0,0.664359090909091,0.664359090909091,0.5,0.0,1.0,0.5,22.0,5,5,"cheapness,quality,dividend,garp,risk",0.65957,True,0.9,0.7048,buy,3,16,stable,0.6881,persistent,2026-08-02,accumulate,0.75,29.67731245147094
PAYX,"Paychex, Inc.",Technology,40941314048.0,23.519428,17.987091,10.9491625,4.1,1.259,123.967,0.44769,0.1088194380042659,0.27029,0.125,0.434,2095500032.0,44393684992.0,3015300096.0,2510500000.0,6512000000.0,4630300160.0,1143699968.0,10.504,16174500000.0,8613300000.0,,6840600000.0,1760100000.0,2556700000.0,0.7428593366093366,,355600000.0,0.1000537306584722,0.7235314177001633,1.2591439347425664,1.281787731983957,0.2849114346656775,0.3032039169046311,0.4026090451018578,0.3363720334941228,360500000.0,269500000.0,115.01,[],{},0.0511830184430137,14.722808204361227,17.683204537741485,0.0565508360131042,0.0425180408299045,,0.2689658127899377,1.0,20,20,0.6945362067591263,11.0,22.0,0.5884909090909091,0.5884909090909091,0.5,0.0,1.0,0.5,22.0,5,5,"cheapness,quality,dividend,garp,risk",0.73871,True,0.9,0.7007,buy,3,5,stable,0.6976,persistent,2026-09-17,neutral,0.625,39.82579995263592
DOC,"Healthpeak Properties, Inc.",Real Estate,14689386496.0,59.2,148.0,1.821058,6.0,2.286,108.653,0.03039,0.0035084056278864,0.08248,0.111,0.682,1645113088.0,24620163072.0,1570761984.0,544132000.0,2822512000.0,10320379904.0,1640912000.0,11.378,20336018000.0,1302670000.0,,1809259000.0,71347000.0,1251959000.0,0.5999666254740458,,695036731.0,0.0121947482364931,0.6019695243272508,0.7200019455478734,1.0565835981821965,0.4988269581586719,0.4525606177672018,0.1387937402494431,0.1354405889582614,699485139.0,305178000.0,20.72,[],{},0.1119933149317007,15.67402529650221,45.24667373357935,0.0221010721337922,0.0168918918918918,,0.0293700587350437,1.0,20,20,0.6218016785258165,7.0,22.0,0.4168272727272727,0.4168272727272727,0.3181818181818182,0.0,1.0,0.3181818181818182,22.0,4,5,"cheapness,dividend,garp,risk",0.5167983333333332,True,0.6,0.6982,buy,3,22,stable,0.528,persistent,2026-07-25,neutral,0.625,50.85235661689173
HII,"Huntington Ingalls Industries, Inc.",Industrials,10879609856.0,16.454111,13.251892,2.048098,2.02,1.23,55.252,0.12968001,0.0474547023295944,0.05013,0.109,0.365,-300249984.0,13802609664.0,1170000000.0,611000000.0,12484000000.0,2935000064.0,12000000.0,134.808,12749000000.0,3451000000.0,,3045000000.0,605000000.0,1196000000.0,0.1269625120153797,,39241527.0,0.0453010460423358,0.1257043779800606,1.1333333333333333,1.0792377131394182,0.2292728841477763,0.2807017543859649,0.9792140560043924,0.9500864838151716,39129419.0,105000000.0,276.1,[],{},-0.0275974954960737,11.797102276923075,22.590195849427168,0.0442669911613607,0.0607750853267004,,0.0629637262984336,1.0,20,20,0.6351578201294131,9.0,22.0,0.5207409090909091,0.5207409090909091,0.4090909090909091,0.0,1.0,0.4090909090909091,22.0,5,5,"cheapness,quality,dividend,garp,risk",0.6572216666666667,True,0.83335,0.6966,buy,3,16,stable,0.6659,persistent,2026-08-02,neutral,0.625,34.78863043763528
FICO,Fair Isaac Corporation,Technology,19967447040.0,26.74342,17.406712,-4.8733587,,1.183,,,0.3489826473811019,0.3405,0.257,0.412,774413504.0,25317011456.0,1263363968.0,935772000.0,1990869000.0,5598009856.0,248444000.0,-189.709,1868133000.0,705165000.0,,849215000.0,651946000.0,778807000.0,0.8223278377432166,,23763783.0,0.2985131708543767,0.7972630399772697,0.8303727560158499,1.623553387590886,1.6459631086223518,1.298681401072482,1.0656998190171685,0.9997916040896824,24392000.0,133647000.0,924.52,[],{},0.0387838015770693,20.039364820637346,27.054679404812283,0.0369621825872432,0.0373923753955178,,0.9183977513401472,0.85,17,20,0.7039311334289814,5.0,22.0,0.3887499999999999,0.3887499999999999,0.2272727272727272,0.0,1.0,0.2272727272727272,22.0,4,5,"cheapness,quality,garp,risk",0.3638183333333333,True,0.6,0.6938,buy,3,22,stable,0.4752,persistent,2026-07-25,neutral,0.5,34.10007800003466
TEL,TE Connectivity plc,Technology,60890439680.0,20.56905,16.263947,4.5969133,1.52,1.876,43.441,0.23290001,0.0734420477652406,0.15609,0.138,0.192,2336875008.0,65526673408.0,4951000064.0,3384000000.0,17262000000.0,5817999872.0,1239000064.0,45.685,25081000000.0,7966000000.0,,5120000000.0,1842000000.0,4139000000.0,0.3521608156644653,,294558144.0,0.1397129605320731,0.3443357526033449,1.555859375,1.6078803202697007,0.2320481639488058,0.1895073072547475,0.6882500697739324,0.6933140806860943,299918100.0,77000000.0,210.01,[],{},0.0383783566070646,13.23503788344932,19.363674174940897,0.0516430916449797,0.0486167324207972,,0.169530584640048,1.0,20,20,0.6712507306445615,9.0,22.0,0.5747636363636363,0.5747636363636363,0.4090909090909091,0.0,1.0,0.4090909090909091,22.0,5,5,"cheapness,quality,dividend,garp,risk",0.6715,True,1.0,0.6923,buy,3,5,stable,0.6818,persistent,2026-09-17,neutral,0.625,54.66500965348349
BDX,"Becton, Dickinson and Company",Healthcare,49220296704.0,31.317158,13.594142,2.0159085,2.32,0.865,68.84,0.06607,0.0303298689561681,0.0419,0.054,-0.314,4478374912.0,65319292928.0,6120999936.0,2986000000.0,21840000000.0,16807999488.0,709000000.0,89.637,55325000000.0,9255000000.0,,8313000000.0,1678000000.0,3431000000.0,0.4544413919413919,,285402168.0,0.0297629438257165,0.452225195757756,1.113316492241068,1.168825368468066,0.3466967916854948,0.3510456306951087,0.3947582467239042,0.3522326571937297,289101319.0,613000000.0,180.7,[],{},0.0909863453065299,10.671343507754612,21.8751818245144,0.0457139057413159,0.0319313776812059,,0.063515698119629,1.0,20,20,0.6398786106680844,6.0,22.0,0.4426863636363636,0.4426863636363636,0.2727272727272727,0.0,1.0,0.2727272727272727,22.0,4,5,"cheapness,quality,garp,risk",0.53614,True,1.0,0.6894,buy,3,22,stable,0.5317,persistent,2026-07-25,neutral,0.625,50.373979184048885
CRH,CRH plc,Basic Materials,57972887552.0,15.39576,13.41825,2.4142516,1.81,1.579,77.592,0.15812,0.0639476075365598,0.099350005,0.056,0.139,2019124992.0,76260892672.0,7731999744.0,5323000000.0,37447000000.0,19812999168.0,3024999936.0,36.094,58329000000.0,15254000000.0,,8754000000.0,3730000000.0,5625000000.0,0.3612572435709135,,668630350.0,0.0683223677711259,0.3570504891487687,1.7425177061914554,1.367812742812743,0.3378250955785287,0.3075099282792958,0.6419962625795059,0.7028233852962678,677291893.0,810000000.0,87.14,[],{},0.0348287807846194,9.863023176013185,14.326675309411986,0.0697998648257942,0.0649529480844076,,0.1073726676752395,1.0,20,20,0.6841666666666668,9.0,22.0,0.5396136363636365,0.5396136363636365,0.4090909090909091,0.0,1.0,0.4090909090909091,22.0,5,5,"cheapness,quality,dividend,garp,risk",0.6168816666666667,True,0.83335,0.6892,buy,3,16,stable,0.6867,persistent,2026-08-02,neutral,0.625,35.91034530074995
LOW,"Lowe's Companies, Inc.",Consumer Cyclical,107150090240.0,16.130068,14.6590605,-14.405974,2.6,1.105,,,0.1228945035460992,0.073460005,0.083,0.0,4615374848.0,146009096192.0,12728999936.0,10153000000.0,86286000000.0,42031001600.0,3172000000.0,-13.257,54144000000.0,20955000000.0,,19463000000.0,6654000000.0,9864000000.0,0.334758825301903,,560951457.0,0.1614078233028629,0.3331620336066161,1.0766582746750244,1.0853548008743403,0.8251514479905437,0.920560530833836,1.5936391843971631,1.9413020277481323,560000000.0,1527000000.0,190.98,[],{},0.0430739240411488,11.470586607441083,14.380882122722348,0.0695367635633395,0.0619960188636526,,0.292753957498342,0.9,18,20,0.6956292891827484,6.0,22.0,0.550009090909091,0.550009090909091,0.2727272727272727,0.0,1.0,0.2727272727272727,22.0,4,5,"cheapness,dividend,garp,risk",0.5828266666666666,True,0.7,0.687,buy,3,22,stable,0.4977,persistent,2026-07-25,accumulate,0.75,29.24501818433538
DHI,"D.R. Horton, Inc.",Consumer Cyclical,38948405248.0,13.274548,11.883975,1.6411701,1.3,6.011,29.451,0.12632,0.1010735469902343,0.09154,0.0,-0.048,2413900032.0,44644601856.0,4127399936.0,4424200000.0,34250400000.0,7187899904.0,2078700032.0,84.848,35471200000.0,34142700000.0,,1962900000.0,3585200000.0,3420900000.0,0.23696657557284,,294475153.0,0.1317405406004271,0.2591042732069976,17.394008864435275,17.06157623373435,0.1700280791177067,0.1653819628132937,0.9655833464895464,1.0193079494686228,324027360.0,,139.25,[],{},0.0619768644346215,10.816640632908124,10.09099992224583,0.0990982070860468,0.0753321318360519,,0.1320329589982183,1.0,20,20,0.6516578190064369,12.0,22.0,0.6291954545454547,0.6291954545454547,0.5454545454545454,0.0,1.0,0.5454545454545454,22.0,5,5,"cheapness,quality,dividend,garp,risk",0.6622433333333333,True,1.0,0.6805,buy,3,13,stable,0.6661,persistent,2026-09-06,neutral,0.625,44.29813984533971
ALGN,"Align Technology, Inc.",Healthcare,10434334720.0,25.455807,11.704939,2.472436,,1.395,2.855,0.10155,0.0658279129241687,0.09991,0.043,-0.121,594111360.0,9452584960.0,925662016.0,585311000.0,4034964000.0,120842000.0,1102590976.0,59.407,6233693000.0,2616562000.0,,1920015000.0,410351000.0,593223000.0,0.6718803439138491,,71364000.0,0.0678019502461944,0.6999626407722708,1.3627820615984771,1.2229676054340792,0.0183592615164076,0.0191930293180574,0.6472830792276745,0.6434866282624787,73849000.0,,146.88,[],{},0.0569381159357709,10.211702323972208,16.149679332867485,0.0619207341141951,0.0392837673541443,,0.1356872256111837,0.95,19,20,0.6371162606456725,6.0,22.0,0.4057272727272727,0.4057272727272727,0.2727272727272727,0.0,1.0,0.2727272727272727,22.0,3,5,"cheapness,quality,risk",0.4030266666666667,True,1.0,0.6804,buy,3,14,stable,0.3755,persistent,2026-09-04,neutral,0.625,34.71494558712568
CDW,CDW Corporation,Technology,18303801344.0,17.597357,12.185369,7.512058,1.72,1.167,263.278,0.44009998,0.0665452140602188,0.04597,0.1,0.049,676787520.0,24371501056.0,2010899968.0,1655600000.0,22424100000.0,6429499904.0,361800000.0,19.49,16028200000.0,8500500000.0,,7226100000.0,1066600000.0,1205200000.0,0.2173286776280876,,129400000.0,0.0734276215391323,0.2191754727673618,1.1763606924897247,1.346832529592284,0.361088581375326,0.4082120667102681,1.3990404412223456,1.4305850773926314,132600000.0,227400000.0,146.41,[],{},0.0369752439550952,12.119698365821447,14.720645721188692,0.0679318026491605,0.0568267155118805,,0.1880914781699821,1.0,20,20,0.6753516835821953,5.0,22.0,0.4971045454545454,0.4971045454545454,0.2272727272727272,0.0,1.0,0.2272727272727272,22.0,4,5,"cheapness,dividend,garp,risk",0.5915916666666667,True,0.9,0.6757,buy,3,16,stable,0.5404,persistent,2026-08-02,neutral,0.5,50.94362228636676
CRM,"Salesforce, Inc.",Technology,194573664256.0,21.650183,-124.43158,5.069909,0.74,0.839,110.417,0.19381,0.0663995369752014,0.2199,0.108,1.189,17731874816.0,225546665984.0,12899000320.0,8917000000.0,41525000000.0,42375999488.0,11402999808.0,46.632,112305000000.0,28222000000.0,,37118000000.0,7457000000.0,14996000000.0,0.7767609873570138,,929000000.0,0.0602071350847194,0.7719224172054361,0.760331914435045,1.0624374553252325,0.1529406526868794,0.1106793098087983,0.3697520146030898,0.3681699829006684,962000000.0,,236.42,[],{},0.0911319365023121,17.485592711730394,25.29400762408882,0.0395350556883539,0.0461889860238132,,0.1185976299094258,1.0,20,20,0.6631964703225464,8.0,22.0,0.5283545454545455,0.5283545454545455,0.3636363636363636,0.0,1.0,0.3636363636363636,22.0,5,5,"cheapness,quality,dividend,garp,risk",0.6527483333333334,True,0.8,0.675,buy,3,15,stable,0.6691,persistent,2026-08-16,neutral,0.375,52.44954226481617
LMT,Lockheed Martin Corporation,Industrials,123565375488.0,19.756458,16.346031,14.044384,2.59,1.193,234.238,0.89165,0.0838402406417112,0.08163,0.105,4.438,5562625024.0,140312363008.0,9680000000.0,7731000000.0,75048000000.0,20537999360.0,3791000064.0,38.122,59840000000.0,25362000000.0,,23335000000.0,5017000000.0,8557000000.0,0.1015216927832853,,229000000.0,0.0959418882715716,0.0975465563109665,1.0868652239125778,1.1250772399588054,0.3626336898395721,0.3644569106568135,1.254144385026738,1.277361238470252,234000000.0,1118000000.0,535.4,[],{},0.0450176677894707,14.495078823140496,18.149316130901564,0.0550984947745425,0.0506163604832404,,0.2117792083276263,1.0,20,20,0.6888071326197135,8.0,22.0,0.5750590909090909,0.5750590909090909,0.3636363636363636,0.0,1.0,0.3636363636363636,22.0,5,5,"cheapness,quality,dividend,garp,risk",0.733495,True,0.8,0.6737,buy,3,11,stable,0.6813,persistent,2026-09-09,neutral,0.625,44.34496513188479
MOS,The Mosaic Company,Basic Materials,7651748352.0,,15.385402,0.6674616,3.59,1.337,52.249,-0.05073,0.0220873280746402,-0.05213,-0.06,,-746275008.0,13607847936.0,1718700032.0,1078700000.0,12052400000.0,6079099904.0,294000000.0,36.062,24480100000.0,5237500000.0,,3982800000.0,540700000.0,824800000.0,0.1578025953337094,,317408647.0,0.0076295585412667,0.1359280037400654,1.3150296273978106,1.07839282717618,0.2156649686888534,0.1941109753969638,0.4923345901364782,0.4852032804048159,316932047.0,241500000.0,24.07,[],{},-0.0975299988537835,7.91752352512902,12.61504397515528,0.0792704331407367,,,0.0526264434828001,0.95,19,20,0.5700000000000001,5.0,22.0,0.4976136363636363,0.4976136363636363,0.2272727272727272,0.0,1.0,0.2272727272727272,22.0,3,5,"cheapness,quality,risk",0.4613716666666667,True,0.83335,0.6733,buy,3,15,stable,0.3543,persistent,2026-08-16,neutral,0.375,48.08061953640563
NVR,"NVR, Inc.",Consumer Cyclical,16492685312.0,16.07436,15.114765,4.8876443,,5.67,32.15,0.31544,0.2287573865489258,0.1185,-0.109,-0.226,918313280.0,16489204736.0,1536605952.0,1689318000.0,10341845000.0,1090254976.0,1093735936.0,1266.244,5856930000.0,5136237000.0,,939168000.0,1339816000.0,1121320000.0,0.2309495065919088,,2799387.0,0.2635842599923397,0.2554183966703501,5.468922493100276,5.074515551128229,0.1797687525717398,0.1599258610108654,1.7657450234167047,1.6523414555865017,3011644.0,28835000.0,6188.95,[],{},0.0556800340652737,10.730925983033028,9.760864879199772,0.1024499378257947,0.0622108749586297,,0.3435135738573766,0.95,19,20,0.6439580336284255,9.0,22.0,0.51655,0.51655,0.4090909090909091,0.0,1.0,0.4090909090909091,22.0,3,5,"cheapness,quality,risk",0.5106966666666667,True,1.0,0.6718,buy,3,22,stable,0.375,persistent,2026-07-25,neutral,0.5,46.047878350640595
SMCI,"Super Micro Computer, Inc.",Technology,26651168768.0,12.638037,7.7357526,2.6395028,,3.872,63.951,0.21465999,0.0744838275522635,0.0571,0.932,4.347,-8248783872.0,33008699392.0,2824158976.0,2770486000.0,39063072000.0,9259886592.0,7544584192.0,15.609,29945467000.0,27726252000.0,,7160106000.0,2230453000.0,-6809886000.0,0.1082160409708688,,656882499.0,0.074819653471869,0.110591541742001,3.872324236540632,5.246373239076217,0.2925622432269966,0.3408971147908228,1.3044736286797598,1.5673683548991115,594136852.0,194574000.0,41.2,[],{},-0.3095092730756445,11.687974959098051,11.91440757758747,0.0839319952324888,0.0791262124014987,,0.1215906124989637,0.95,19,20,0.6280467487489177,7.0,22.0,0.4334681818181818,0.4334681818181818,0.3181818181818182,0.0,1.0,0.3181818181818182,22.0,4,5,"cheapness,quality,garp,risk",0.4378116666666667,True,0.5,0.6715,buy,3,14,stable,0.4938,persistent,2026-09-04,neutral,0.375,59.616762716846715
GDDY,GoDaddy Inc.,Technology,13268879360.0,15.567607,9.500793,1976.7924,,0.632,57334.33,4.42861,0.1088999240811957,0.17834999,0.066,0.298,1204950016.0,15907779584.0,1379000064.0,1138400000.0,4951100000.0,3841400064.0,1202499968.0,0.053,8034900000.0,1840900000.0,,2995500000.0,875000000.0,1599400000.0,0.6361414635131587,,134737000.0,0.1137649658790101,0.6387649785708038,0.614555166082457,0.7233175214942188,0.4807278248640306,0.4729217767200136,0.6161993304210382,0.5553100031571022,141208000.0,151000000.0,104.77,[],{},0.0908102322214496,11.535735203562687,13.973804975404075,0.0715624700473596,0.0642359484023459,,0.2258999087192919,0.95,19,20,0.6947328992705535,8.0,22.0,0.4695636363636363,0.4695636363636363,0.3636363636363636,0.0,1.0,0.3636363636363636,22.0,4,5,"cheapness,quality,garp,risk",0.4960516666666666,True,0.8,0.6706,buy,3,1,deteriorating,0.3243,new,2026-09-22,neutral,0.625,58.98653201038306
UDR,"UDR, Inc.",Real Estate,12556775424.0,21.449366,60.517857,3.7601244,5.1,0.178,156.144,0.13739,0.0356133895874981,0.29563,-0.001,0.909,779827776.0,17823471616.0,1040777024.0,322375000.0,1712317000.0,5994848256.0,2830000.0,9.013,10605674000.0,186911000.0,,923960000.0,377704000.0,902887000.0,0.2710520306695547,,328273044.0,0.0082206279445741,0.2494296709856553,0.2022933893242131,0.3898050396855976,0.5661433681631172,0.5514285457348077,0.1614529166180291,0.1534139762696068,330858719.0,196619000.0,33.89,[],{},0.0621041429561207,17.12515861226391,55.28800811477317,0.0180871048550724,0.0466214246146016,,0.0332973066545861,1.0,20,20,0.6729214559386973,8.0,22.0,0.4855045454545454,0.4855045454545454,0.3636363636363636,0.0,1.0,0.3636363636363636,22.0,5,5,"cheapness,quality,dividend,garp,risk",0.6388366666666667,True,0.5,0.6689,buy,3,22,stable,0.6709,persistent,2026-07-25,accumulate,0.875,21.318044479016805
INCY,Incyte Corporation,Healthcare,25266274304.0,15.899235,14.028505,3.948619,,4.593,0.603,0.30667,0.1849173602714468,0.27706,0.377,0.377,1180664576.0,20768800768.0,1942312960.0,1342790000.0,5141242000.0,38267000.0,4535739904.0,31.568,6957973000.0,5023902000.0,,1515170000.0,1286650000.0,1413498000.0,0.9276244922919404,,198460009.0,0.0059906449324635,0.9264126310915004,3.31573486803461,1.9727964907814188,0.0058080133395171,0.0079980574256996,0.7388993892330424,0.7790165607397946,193434305.0,2428000.0,124.65,[],{},0.0467288750923235,10.692818920386548,15.46690157656819,0.0646541904368852,0.0628961078944993,,0.2467092782891462,0.95,19,20,0.6819172113289761,9.0,22.0,0.5636136363636365,0.5636136363636365,0.4090909090909091,0.0,1.0,0.4090909090909091,22.0,4,5,"cheapness,quality,garp,risk",0.6030016666666667,True,1.0,0.6683,buy,3,14,stable,0.5131,persistent,2026-09-04,neutral,0.5,51.130157808706365
TXT,Textron Inc.,Industrials,13808524288.0,14.954803,10.933454,1.6952374,0.1,1.861,52.285,0.12126,0.0508025814992553,0.06125,0.03,0.052,452750016.0,16432481280.0,1680000000.0,1001000000.0,14799000000.0,4211000064.0,1436000000.0,46.843,18129000000.0,8572000000.0,,4353000000.0,921000000.0,1312000000.0,0.182106899114805,,174310000.0,0.0489369283762917,0.1826010801342869,1.969216632207673,1.7639963586709149,0.2139114126537591,0.2130894405511343,0.8163163991395003,0.8137546026844044,182964000.0,126000000.0,79.41,[],{},0.0327877191332786,9.781238857142856,16.416065214785213,0.0609159373404136,0.0668681493163099,,0.0726626016260162,1.0,20,20,0.6364373113695443,9.0,22.0,0.4675318181818182,0.4675318181818182,0.4090909090909091,0.0,1.0,0.4090909090909091,22.0,5,5,"cheapness,quality,dividend,garp,risk",0.4713383333333333,True,0.83335,0.6677,buy,3,29,stable,0.6521,persistent,2026-07-16,neutral,0.625,36.599534784729315
SWKS,"Skyworks Solutions, Inc.",Technology,13347024896.0,45.979275,17.881575,2.3274236,4.13,3.101,11.869,0.05094,0.0602627257799671,0.072270006,-0.031,-0.686,448812512.0,13234854912.0,880200000.0,524200000.0,4086900000.0,681100032.0,799200000.0,38.128,7917000000.0,3077000000.0,,1323200000.0,477100000.0,1300800000.0,0.4115833516846509,,148700000.0,0.0719519998068402,0.4118717089516515,2.3254232164449817,5.543388086942094,0.1519641278261967,0.1449180882015621,0.5162182644941266,0.5043883476392259,159900000.0,27100000.0,88.74,[],{},0.0336264085440123,15.036190538513974,25.247720167874856,0.0396075365756151,0.0217489292730257,,0.0794989232309138,1.0,20,20,0.5928948358928033,5.0,22.0,0.4696454545454545,0.4696454545454545,0.2272727272727272,0.0,1.0,0.2272727272727272,22.0,4,5,"cheapness,dividend,garp,risk",0.5839066666666667,True,1.0,0.6674,buy,3,16,stable,0.5041,persistent,2026-08-02,neutral,0.375,64.624789508145
TSN,"Tyson Foods, Inc.",Consumer Defensive,18300715008.0,32.11111,12.601927,1.0122592,3.87,1.433,44.025,0.03263,0.0129303289868514,0.01031,-0.001,2.041,1191250048.0,25672714240.0,2772000000.0,1441000000.0,54441000000.0,8006000128.0,740000000.0,51.39,36658000000.0,9916000000.0,,6389000000.0,474000000.0,2155000000.0,0.0654286291581712,,353009005.0,0.0215633423180593,0.0680372920144816,1.5520425731726404,2.0369751410068937,0.240875115936494,0.2638005390835579,1.4851055704075509,1.436900269541779,355829698.0,449000000.0,52.02,[],{},0.0650930877552737,9.261440923520924,17.81590162387231,0.0561296318935695,0.031141869589684,,0.0476064620568898,1.0,20,20,0.5972916666666668,9.0,22.0,0.5823181818181817,0.5823181818181817,0.4090909090909091,0.0,1.0,0.4090909090909091,22.0,4,5,"cheapness,dividend,garp,risk",0.707515,True,1.0,0.6661,buy,3,15,stable,0.5054,persistent,2026-08-16,accumulate,0.75,37.72462208400595
DPZ,"Domino's Pizza, Inc.",Consumer Cyclical,9790209024.0,16.76714,14.18756,-2.457402,2.71,1.538,,,0.3505495907563187,0.118640006,0.043,0.068,531496512.0,14748225536.0,1023513984.0,949946000.0,4939994000.0,5122852864.0,164836000.0,-120.428,1716459000.0,894201000.0,,541621000.0,601704000.0,792062000.0,0.3995065581051313,,33627992.0,0.3363072124388245,0.3927621357738032,1.6509718050075606,0.5614259436811534,2.9411037490554683,2.992056478564064,2.878014563703532,2.709488069461772,34281927.0,195972000.0,295.94,[],{},0.0542885765459219,14.409403062928742,15.525330425097849,0.0644108674417277,0.059640463430257,,0.8085761611388124,0.9,18,20,0.6765889014316687,8.0,22.0,0.5958545454545455,0.5958545454545455,0.3636363636363636,0.0,1.0,0.3636363636363636,22.0,5,5,"cheapness,quality,dividend,garp,risk",0.6330133333333333,True,0.7,0.6623,buy,3,22,stable,0.6025,persistent,2026-07-25,neutral,0.625,33.518269104703705
CAH,"Cardinal Health, Inc.",Healthcare,52503969792.0,31.224066,16.037094,-18.245373,0.92,0.883,,,0.0299132620115534,0.00674,0.058,0.688,4752500224.0,57804972032.0,4244000000.0,3173000000.0,254248000000.0,9998000128.0,4856000000.0,-12.373,57299000000.0,38753000000.0,,43904000000.0,1714000000.0,5174000000.0,0.0384427802775243,,233000000.0,0.0293851888106622,0.036697247706422,0.8826758381924198,0.9351106769159576,0.1550812405103055,0.1605172998004593,4.4372153091677,4.189940137796016,238677005.0,348000000.0,225.75,[],{},0.0905169693420808,13.62039868803016,18.217766161991804,0.0548914719350348,0.0320265784731559,,0.2368794326241134,0.9,18,20,0.6795754819146631,8.0,22.0,0.5024409090909091,0.5024409090909091,0.3636363636363636,0.0,1.0,0.3636363636363636,22.0,5,5,"cheapness,quality,dividend,garp,risk",0.5400750000000001,True,0.8,0.6614,buy,3,22,stable,0.6034,persistent,2026-07-25,neutral,0.5,36.98051238923069
QCOM,QUALCOMM Incorporated,Technology,207449374720.0,22.223112,19.034674,7.422708,2.07,2.016,55.21,0.33754003,0.1105039586781804,0.21013,-0.04,-0.23,10241000448.0,210952929280.0,11998999552.0,12394000000.0,44284000000.0,15269999616.0,8304000000.0,26.167,50143000000.0,25754000000.0,,9144000000.0,5541000000.0,14012000000.0,0.5542859723602204,,1074000000.0,0.1838851216593538,0.5621374672758072,2.8164916885389326,2.402037319116527,0.2953752268512055,0.2653298038220256,0.8831541790479229,0.7064220183486238,1113000000.0,664000000.0,194.23,[],{},0.0493662632718105,17.58087650272795,17.02056876553171,0.0587524432218209,0.0449981982721411,,0.3023000560989292,1.0,20,20,0.6504608374515117,9.0,22.0,0.5711181818181819,0.5711181818181819,0.4090909090909091,0.0,1.0,0.4090909090909091,22.0,5,5,"cheapness,quality,dividend,garp,risk",0.6742833333333333,True,1.0,0.6593,buy,3,11,stable,0.6549,persistent,2026-09-09,neutral,0.5,65.86808852013934
JKHY,"Jack Henry & Associates, Inc.",Technology,10626267136.0,21.713467,19.298819,5.1755223,1.58,1.167,3.793,0.24040002,0.1598290497760283,0.19760999,0.047,-0.104,352223744.0,10692031488.0,702214016.0,635033000.0,2544339000.0,77821000.0,12056000.0,29.284,3145711000.0,649095000.0,,556239000.0,502776000.0,761960000.0,0.4365330248838696,,70070759.0,0.1497215806988899,0.4271233635668601,1.1669354360266,1.2719006166664175,0.0127157262698321,,0.8088279565414623,0.7803256930915876,72836391.0,5387000.0,151.56,[],{},0.0331465169745945,15.226172141799005,16.836969870857104,0.0593931097857986,0.0460543680104149,,0.2452364806416134,1.0,20,20,0.6398308779247923,10.0,22.0,0.5833545454545455,0.5833545454545455,0.4545454545454545,0.0,1.0,0.4545454545454545,22.0,5,5,"cheapness,quality,dividend,garp,risk",0.6778649999999999,True,1.0,0.6574,buy,3,22,stable,0.6486,persistent,2026-07-25,neutral,0.375,39.84773993374059
VRSK,"Verisk Analytics, Inc.",Industrials,22538377216.0,26.423964,19.776142,-19.2999,1.14,1.005,,,0.1466064078766847,0.28237,0.044,-0.034,1055550016.0,26454337536.0,1515800064.0,1343900000.0,3072700000.0,4617099776.0,552200000.0,-8.913,6195500000.0,2765400000.0,,2300300000.0,908300000.0,1436000000.0,0.6987991017671754,,138397709.0,0.2245175510586911,0.6873026338619564,1.2021910185627962,0.7358140285737348,0.7909611815027036,0.7610851877037071,0.4959567427971915,0.6757098975308932,140414637.0,170900000.0,172.02,[],{},0.0468334523769823,17.452392412618345,19.6847514963911,0.0508007429092175,0.0378444354526065,,0.3450143766687205,0.9,18,20,0.6792828767494911,4.0,22.0,0.4796181818181818,0.4796181818181818,0.1818181818181818,0.0,1.0,0.1818181818181818,22.0,3,5,"cheapness,garp,risk",0.5011916666666667,True,0.8,0.6558,buy,3,2,stable,0.2704,building,2026-09-21,neutral,0.5,38.7557572089644
NKE,"NIKE, Inc.",Consumer Cyclical,53554302976.0,17.190475,15.838751,3.6013565,4.62,1.961,74.289,0.22138001,0.0809164280135381,0.066989996,-0.011,4.28,1889250048.0,55570305024.0,4928999936.0,3797000000.0,46398000000.0,11043000320.0,9027000320.0,10.024,38410000000.0,24603000000.0,,12547000000.0,3108000000.0,2868000000.0,0.4291348765032975,,1483498703.0,0.0880013122283277,0.4273467360556263,1.960867139555272,2.2110543251940187,0.2872429054933611,0.3010743869433281,1.2079666753449625,1.2659996172667378,1476000000.0,,36.1,[],{},0.035277278258045,11.274154137866883,14.635318678957072,0.0683278596070352,0.058171749180869,,0.1468120480996017,1.0,20,20,0.610362154016169,9.0,22.0,0.6207136363636363,0.6207136363636363,0.4090909090909091,0.0,1.0,0.4090909090909091,22.0,5,5,"cheapness,quality,dividend,garp,risk",0.8016233333333334,True,1.0,0.6536,buy,3,29,stable,0.632,persistent,2026-07-16,neutral,0.625,37.486934660926146
UNH,UnitedHealth Group Incorporated,Healthcare,338895896576.0,24.249197,16.698666,3.4708266,2.46,0.777,69.211,0.14152999,0.038942958385689,0.03135,0.004,0.615,24272250880.0,388257906688.0,26680999936.0,18964000000.0,447567000000.0,73328001024.0,31467999232.0,108.781,309581000000.0,90582000000.0,,114897000000.0,12056000000.0,19697000000.0,0.1852616479767275,,905838620.0,0.0482938735005598,0.2233422771174034,0.7883756756051071,0.8266341585637329,0.2532099838168363,0.2578265913007329,1.4457185679999742,1.341962866855752,915000000.0,4002000000.0,377.56,[],{},0.0716215543629539,14.551849916394378,20.47341840793081,0.0488438217827184,0.0412384789483957,,0.0974091348030654,1.0,20,20,0.6401391104022683,6.0,22.0,0.5144454545454547,0.5144454545454547,0.2727272727272727,0.0,1.0,0.2727272727272727,22.0,4,5,"cheapness,dividend,garp,risk",0.651445,True,0.9,0.6511,buy,3,15,stable,0.5165,persistent,2026-08-16,neutral,0.625,39.35949524374871
BSX,Boston Scientific Corporation,Healthcare,63360319488.0,17.700405,12.785532,2.5371401,,1.24,50.151,0.15338999,0.0663567879467863,0.17499,0.075,0.151,2451375104.0,75687313408.0,5711000064.0,3971000000.0,20074000000.0,12624000000.0,539000000.0,17.232,43673000000.0,8794000000.0,,5439000000.0,2898000000.0,4534000000.0,0.6900966424230348,,1483000317.0,0.0470618098743495,0.686093031587747,1.616841331127045,1.0814189717143303,0.2618551507796579,0.2727757329610357,0.4596432578480983,0.4251047087193806,1474556348.0,349000000.0,43.72,[],{},0.038689437234676,13.25290011553395,19.06001344950894,0.0524658601448029,0.0564958824388481,,0.1038604383532981,0.95,19,20,0.6408199643493762,8.0,22.0,0.4651636363636364,0.4651636363636364,0.3636363636363636,0.0,1.0,0.3636363636363636,22.0,3,5,"cheapness,quality,risk",0.5011183333333333,True,1.0,0.65,buy,3,29,stable,0.3679,persistent,2026-07-16,neutral,0.625,39.70419584571167
BF-B,Brown-Forman Corporation,Consumer Defensive,11999300608.0,16.870968,15.258044,3.0220733,3.56,3.263,61.502,0.18122,0.0905751203445655,0.18416001,-0.014,0.057,685625024.0,14139300864.0,1186000000.0,1152000000.0,3928000000.0,2440999936.0,301000000.0,8.653,7894000000.0,3991000000.0,,1232000000.0,715000000.0,1000000000.0,0.6053971486761711,,458703000.0,0.1074697007172891,0.5894339622641509,3.239448051948052,3.884259259259259,0.316949581960983,0.3379915904031659,0.4975931086901444,0.4915904031659658,471777000.0,103000000.0,26.15,[],{},0.0571387488653205,11.92183883979764,12.273698666666666,0.0814750326823514,0.0592734216554734,,0.1729210447313119,1.0,20,20,0.6364583333333333,11.0,22.0,0.6298863636363635,0.6298863636363635,0.5,0.0,1.0,0.5,22.0,5,5,"cheapness,quality,dividend,garp,risk",0.7370766666666666,True,1.0,0.6497,buy,3,23,stable,0.6431,persistent,2026-07-20,neutral,0.625,44.65265419856813
LVS,Las Vegas Sands Corp.,Consumer Cyclical,26076448768.0,15.6046505,11.467472,44.882942,3.0,0.997,1703.902,1.22869,0.0742244525547445,0.12588,-0.007,-0.198,2212875008.0,38299111424.0,4639000064.0,3089000000.0,13017000000.0,15283999744.0,3376000000.0,0.897,21920000000.0,4832000000.0,,4222000000.0,1627000000.0,3023000000.0,0.4978873780440961,,674914434.0,0.0699699990322268,0.4886705611612675,1.1444812884888678,0.7395276676435097,0.7200729927007299,0.6654408206716346,0.5938412408759124,0.5466950546791832,716299901.0,746000000.0,40.26,[],{},0.0848610571051206,8.255898015870343,12.398546916154094,0.0806546127350696,0.0640834602479562,,0.1745394959882472,1.0,20,20,0.6631181329843023,9.0,22.0,0.5636818181818181,0.5636818181818181,0.4090909090909091,0.0,1.0,0.4090909090909091,22.0,5,5,"cheapness,quality,dividend,garp,risk",0.6507216666666668,True,0.8,0.6482,buy,3,17,stable,0.6557,persistent,2026-07-26,accumulate,0.75,27.160441748263295
HPE,Hewlett Packard Enterprise Company,Technology,81970954240.0,31.829895,13.431767,3.0930674,0.94,1.113,76.464,0.10936,0.0007509287803335,0.06666,0.337,4.102,4738625024.0,96137953280.0,6889999872.0,1644000000.0,34296000000.0,20320999424.0,6216000000.0,19.964,75906000000.0,24994000000.0,,24643000000.0,57000000.0,2919000000.0,0.3025717284814556,,1318292428.0,0.0361903960034801,0.3278786470607761,1.0142433956904595,1.2881453817425788,0.3171949516507259,0.2780724649883528,0.4518219903564935,0.4227638853807078,1297258235.0,,61.75,[],{},0.0578085868090047,13.953259080699151,58.47807377128954,0.0171004264591724,0.0314170059310594,,0.0320699139730409,1.0,20,20,0.607103857803284,5.0,22.0,0.4069409090909091,0.4069409090909091,0.2272727272727272,0.0,1.0,0.2272727272727272,22.0,4,5,"cheapness,dividend,garp,risk",0.5631333333333333,True,0.9,0.6445,buy,3,13,stable,0.5006,persistent,2026-09-06,neutral,0.5,60.805235982874116
KVUE,Kenvue Inc.,Consumer Defensive,33940068352.0,20.788235,14.252184,3.2150657,4.72,1.005,81.617,0.15581,0.0542916235780765,0.107609995,0.03,0.085,1907500032.0,41443065856.0,3480999936.0,2715000000.0,15124000000.0,8613000192.0,1110000000.0,5.496,27076000000.0,5697000000.0,,5945000000.0,1470000000.0,2197000000.0,0.581327691087014,,1916115445.0,0.0402328034061169,0.5796829505014558,0.9582842724978974,0.96271127374107,0.3203575121879154,0.3406116948556697,0.5585758605407003,0.6036873559626577,1913768088.0,430000000.0,17.67,[],{},0.056202009147916,11.905506066633835,15.264480978268876,0.0655115625237202,0.0481041319765723,,0.1284842175003549,1.0,20,20,0.6120833333333333,8.0,22.0,0.5392545454545454,0.5392545454545454,0.3636363636363636,0.0,1.0,0.3636363636363636,22.0,5,5,"cheapness,quality,dividend,garp,risk",0.6425866666666666,True,0.8,0.6419,buy,3,16,stable,0.627,persistent,2026-08-02,neutral,0.625,36.810106653676065
EFX,Equifax Inc.,Industrials,18635454464.0,27.876976,15.60385,4.258598,1.41,0.602,120.956,0.14275,0.055654827126987,0.10729,0.106,0.007,947537472.0,24072155136.0,1924300032.0,1095200000.0,6074500000.0,5467100160.0,170100000.0,37.247,11864200000.0,1412200000.0,,2335400000.0,660300000.0,1615700000.0,0.5644744423409334,,120400000.0,0.0513716686225487,0.5566527609089789,0.604692986212212,0.7510902566933481,0.4292999106555857,0.4260846641835468,0.5120024949006254,0.4831113832338384,123952015.0,212300000.0,158.62,[],{},0.0508459546200203,12.509564379615414,21.97968876552228,0.0454965495948521,0.0358718965787393,,0.1149357736546049,1.0,20,20,0.595986452995376,5.0,22.0,0.3991636363636363,0.3991636363636363,0.2272727272727272,0.0,1.0,0.2272727272727272,22.0,4,5,"cheapness,quality,garp,risk",0.4601033333333333,True,0.8,0.6385,buy,3,6,stable,0.4938,persistent,2026-09-16,neutral,0.625,31.19807995414355
ALLE,Allegion plc,Industrials,12871168000.0,19.889618,15.4856825,6.077007,1.44,1.93,104.895,0.3373,0.1232459750751383,0.15357,0.127,0.162,484449984.0,14772868096.0,1049299968.0,859500000.0,4067300000.0,2222299904.0,320600000.0,24.907,5223700000.0,1391800000.0,,755400000.0,643800000.0,783800000.0,0.4519705947434416,,86066997.0,0.1331387316725344,0.442314829542442,1.842467566851999,2.0408953938872147,0.3790608189597412,0.4455412451535273,0.7786243467274154,0.8405454788537814,86254744.0,101000000.0,151.36,[],{},0.0376383855761963,14.078784472049083,17.187746475858056,0.0581809838424485,0.0502774864756075,,0.1923550343531097,1.0,20,20,0.6416701029941352,7.0,22.0,0.5292409090909092,0.5292409090909092,0.3181818181818182,0.0,1.0,0.3181818181818182,22.0,5,5,"cheapness,quality,dividend,garp,risk",0.6309033333333334,True,0.9,0.638,buy,3,22,stable,0.6398,persistent,2026-07-25,neutral,0.5,41.92927033771253
DOV,Dover Corporation,Industrials,25062641664.0,22.501812,16.003323,3.253208,1.12,1.979,42.316,0.14914,0.081502125212415,0.13475999,0.069,0.141,906472128.0,26566660096.0,1908990976.0,1373361000.0,8092571000.0,3259987968.0,1755970944.0,57.202,13422423000.0,4506940000.0,,2518489000.0,1093956000.0,1333575000.0,0.397669541607976,,134846325.0,0.2156120794681657,0.3819591735456742,1.7895412685939862,2.04163071976807,0.2663306766594973,0.2521314780528828,0.602914317333018,0.6192189563487877,137216447.0,109772000.0,186.09,[],{},0.0361682595215833,13.916598051011428,19.34426570726852,0.0516949061356334,0.0444408654734116,,0.1259509641199222,1.0,20,20,0.6133747833170013,7.0,22.0,0.5457227272727273,0.5457227272727273,0.3181818181818182,0.0,1.0,0.3181818181818182,22.0,5,5,"cheapness,quality,dividend,garp,risk",0.63691,True,1.0,0.6373,buy,3,16,stable,0.6253,persistent,2026-08-02,neutral,0.5,32.72625578433508
PHM,"PulteGroup, Inc.",Consumer Cyclical,22662162432.0,12.152196,10.600695,1.7156742,0.89,7.272,19.065,0.14901,0.1229320700207436,0.1162,-0.096,-0.182,1078512896.0,23445153792.0,2753777920.0,2978583000.0,17311953000.0,2481007104.0,1337081984.0,69.343,18048423000.0,17368409000.0,,1373716000.0,2218730000.0,1871249000.0,0.2641298760457586,,192724978.0,0.1775687677838035,0.2909243631926316,12.643376796950752,11.081974412742424,0.1272509515097247,0.1298401158781077,0.9591947728618728,1.0335864409114546,202912881.0,605000.0,118.97,[],{},0.0475909083802652,8.513814284631929,7.871244075454671,0.1270447200485568,0.0822896536560141,,0.1786288058914618,1.0,20,20,0.609775492574966,10.0,22.0,0.6078636363636364,0.6078636363636364,0.4545454545454545,0.0,1.0,0.4545454545454545,22.0,5,5,"cheapness,quality,dividend,garp,risk",0.6133033333333333,True,0.83335,0.6322,buy,3,29,stable,0.621,persistent,2026-07-16,neutral,0.625,42.199945935887854
DLTR,"Dollar Tree, Inc.",Consumer Defensive,21076512768.0,13.765932,14.2049265,6.1547318,,1.134,223.945,0.46032003,0.0952384488571386,0.08035,0.07,1.972,1049587520.0,27689211904.0,2503800064.0,1653100000.0,19411800000.0,7670799872.0,1058099968.0,18.251,13466200000.0,3446200000.0,,3228600000.0,1282500000.0,2534000000.0,0.364046610824344,,198505205.0,-0.1625241364514053,0.3580737833148448,1.0673976336492597,1.0607158247824922,0.5239488497126138,0.4200064363870414,1.441520250701757,0.94285024672817,215078018.0,85500000.0,112.33,[],{},0.0497989174752649,11.058874988510263,16.749871093097816,0.059701951999623,0.0726431018255792,,0.1614733922012971,0.95,19,20,0.6480392156862744,6.0,22.0,0.4856636363636364,0.4856636363636364,0.2727272727272727,0.0,1.0,0.2727272727272727,22.0,4,5,"cheapness,quality,garp,risk",0.5424483333333334,True,0.8,0.6315,buy,3,22,stable,0.4862,persistent,2026-07-25,neutral,0.625,32.91808985977559
HRL,Hormel Foods Corporation,Consumer Defensive,11260176384.0,33.0,13.170006,1.4355879,5.62,1.882,36.326,0.042930003,0.0357046779021376,0.028210001,-0.024,-0.672,621551616.0,13263064064.0,1264931968.0,895192000.0,12106160000.0,2855122944.0,868446016.0,14.252,13393119000.0,3405656000.0,,1380796000.0,478197000.0,845251000.0,0.1562688746885883,,550107260.0,0.0599221614369742,0.1696311077187204,2.466443993174951,2.32007312232768,0.213350153911124,0.2127885869525168,0.9039089401057364,0.8873120551966475,548605305.0,78038000.0,20.46,[],{},0.0551991012221785,10.48519952023222,14.815887612936669,0.0674951124174861,0.0303030303030303,,0.074522804623219,1.0,20,20,0.5654166666666666,6.0,22.0,0.5158590909090909,0.5158590909090909,0.2727272727272727,0.0,1.0,0.2727272727272727,22.0,4,5,"cheapness,dividend,garp,risk",0.6104883333333333,True,1.0,0.6313,buy,3,15,stable,0.4787,persistent,2026-08-16,accumulate,1.0,26.970130205738812
WYNN,"Wynn Resorts, Limited",Consumer Cyclical,8579784192.0,19.980814,16.171293,-50.102226,1.22,0.912,,,0.0249718552252775,0.060549997,0.069,1.061,476188864.0,17958270976.0,1808924032.0,1206597000.0,7137924000.0,12342463488.0,2100722944.0,-1.663,13108117000.0,2683521000.0,,1643178000.0,327334000.0,1352653000.0,0.4142669493258824,,103989787.0,0.0386099112780642,0.4351226107999188,1.6331286080996703,1.897768415637459,0.9288846750452412,0.9374062786278556,0.5445422862795625,0.5492357313701696,107821567.0,625556000.0,83.32,[],{},0.0555012635916891,9.927598206622754,14.883404298203956,0.0671889293580954,0.0500480110570069,,0.1052423392745482,0.9,18,20,0.6361078260973438,6.0,22.0,0.5393499999999999,0.5393499999999999,0.2727272727272727,0.0,1.0,0.2727272727272727,22.0,4,5,"cheapness,dividend,garp,risk",0.5974733333333333,True,0.6,0.6251,buy,3,22,stable,0.454,persistent,2026-07-25,accumulate,0.75,26.444355503601855
PYPL,"PayPal Holdings, Inc.",Financial Services,45358440448.0,9.94707,9.095607,2.2885225,1.07,1.288,71.751,0.24497,0.0652713507041023,0.14364,0.048,-0.031,4423124992.0,47979352064.0,6456000000.0,6396000000.0,33172000000.0,14220999680.0,11256000512.0,22.993,80173000000.0,59759000000.0,,46443000000.0,5233000000.0,6416000000.0,0.4662064391655613,,920000000.0,0.0526770403302635,0.4609868855552411,1.286717051008763,1.2795339635084635,0.1245681214373916,0.1254874563353445,0.413755254262657,0.4038996506827564,993000000.0,441000000.0,52.62,[],{},0.0975149266225494,7.431745982651797,7.501462173858662,0.1333073441981527,0.1005321164925953,,0.189623480581085,1.0,20,20,0.6540591888929486,14.0,22.0,0.6798454545454545,0.6798454545454545,0.6363636363636364,0.0,1.0,0.6363636363636364,22.0,5,5,"cheapness,quality,dividend,garp,risk",0.6937766666666667,True,1.0,0.6241,buy,3,29,stable,0.6391,persistent,2026-07-16,neutral,0.625,40.59519608407624
MAA,"Mid-America Apartment Communities, Inc.",Real Estate,14183164928.0,34.65306,36.242554,2.537629,5.15,0.048,102.377,0.0705,0.0373189734307453,0.18173,0.01,0.137,921182272.0,19602409472.0,1238054016.0,619438000.0,2209126000.0,5715268096.0,51836000.0,46.839,11975383000.0,120376000.0,,1334529000.0,446909000.0,1078175000.0,0.3052089378333332,,116878077.0,0.0446602201472033,0.3255418150948305,0.0902011121526771,0.0753146524203987,0.453401031098546,0.423881780191594,0.1844722628077949,0.1854848083394618,116883421.0,185257000.0,118.86,[],{},0.0649489924622838,15.833242506924671,31.645474562425942,0.031600094921229,0.0288574804072136,,0.0582131847688164,1.0,20,20,0.580666849115125,5.0,22.0,0.4159318181818181,0.4159318181818181,0.2272727272727272,0.0,1.0,0.2272727272727272,22.0,4,5,"cheapness,dividend,garp,risk",0.5305366666666667,True,0.7,0.6223,buy,3,17,stable,0.4812,persistent,2026-07-26,accumulate,0.75,22.47492224950311
REG,Regency Centers Corporation,Real Estate,13633031168.0,24.552187,28.968925,2.0034618,4.14,0.964,71.972,0.081870005,0.0405698422224945,0.32996,0.089,0.089,743363968.0,18771064832.0,1071214976.0,583065000.0,1553524000.0,5143966208.0,193275008.0,36.397,13001283000.0,411250000.0,,511847000.0,527460000.0,827692000.0,0.7057277518725169,,182902234.0,0.0323103018158304,0.7021453961196887,0.8034627535181411,0.7296491159015268,0.4105843246393452,0.4049535824071751,0.1194900534047293,0.1173263860336552,180882203.0,206456000.0,72.92,[],{},0.0545266829393637,17.523153851052957,32.19377742104225,0.0310619032653927,0.0407295692233038,,0.0466846541349024,1.0,20,20,0.6241196861886517,7.0,22.0,0.4967500000000001,0.4967500000000001,0.3181818181818182,0.0,1.0,0.3181818181818182,22.0,5,5,"cheapness,quality,dividend,garp,risk",0.621635,True,0.8,0.6208,buy,3,15,stable,0.6225,persistent,2026-08-16,neutral,0.5,30.477603356091095
MCD,McDonald's Corporation,Consumer Cyclical,175410184192.0,20.136475,17.773928,-171.42462,3.11,1.081,,,0.1438796941947408,0.3172,0.037,0.057,6262374912.0,229192187904.0,14929999872.0,12394000000.0,26885000000.0,54604001280.0,822000000.0,-1.446,59515000000.0,4163000000.0,,4361000000.0,8563000000.0,10551000000.0,0.5740747628789288,,710600000.0,0.1490159834728716,0.5675154320987654,0.9545975693648244,1.191142191142191,0.921011509703436,0.9413939328041752,0.4517348567588003,0.4697183864303577,715200000.0,1582000000.0,247.88,[],{},0.0357013188307547,15.351117874678035,18.492188793287077,0.0540768867968195,0.0496611248989706,,0.2247162490481198,0.9,18,20,0.6247663160661064,6.0,22.0,0.5593454545454546,0.5593454545454546,0.2727272727272727,0.0,1.0,0.2727272727272727,22.0,4,5,"cheapness,dividend,garp,risk",0.614675,True,0.7,0.6171,buy,3,17,stable,0.4471,persistent,2026-07-26,neutral,0.625,31.938150838259247
DD,"DuPont de Nemours, Inc.",Basic Materials,17524168704.0,55.465813,16.295532,1.2729127,1.86,2.427,22.902,0.01792,-0.0361066048667439,0.00787,0.04,1.496,1835250048.0,19078227968.0,1583000064.0,860000000.0,6849000000.0,3179000064.0,1740000000.0,101.963,21575000000.0,5575000000.0,,2305000000.0,-779000000.0,560000000.0,0.3450138706380493,,136398481.0,0.0191887760672562,0.3304063104628665,2.418655097613883,3.7800218340611353,0.1480417149478563,0.1957364341085271,0.3174507531865585,0.1833988426684135,139331447.0,313000000.0,129.79,[],{},0.1047267964032492,12.051943901879715,22.183986009302327,0.0450775617862666,0.018029123633327,,0.0446289569278671,1.0,20,20,0.5833333333333335,5.0,22.0,0.5054818181818181,0.5054818181818181,0.2272727272727272,0.0,1.0,0.2272727272727272,22.0,4,5,"cheapness,dividend,garp,risk",0.58085,True,0.75,0.6158,buy,3,13,stable,0.4797,persistent,2026-09-06,neutral,0.625,43.19133716581717
SBAC,SBA Communications Corporation,Real Estate,18701211648.0,19.01618,21.538351,-4.0392284,2.8,0.165,,,0.0910264283095343,0.34512,0.023,-0.105,752056384.0,33668429824.0,1833553024.0,1554271000.0,2815139000.0,15209066496.0,327051008.0,-43.642,11575012000.0,773431000.0,,2678301000.0,1053632000.0,1291328000.0,0.7545513738397998,,105666000.0,0.0656489394723953,0.7829080389336752,0.2887767282318156,1.100550853867991,1.3234655825842772,1.380023676276147,0.2432083007775715,0.2346987072991458,107561000.0,476767000.0,176.28,[],{},0.0402143132838362,18.362397696331907,21.66187867109404,0.046164047688736,0.0525867971380161,,0.174701752141887,0.9,18,20,0.6447546068235723,6.0,22.0,0.53805,0.53805,0.2727272727272727,0.0,1.0,0.2727272727272727,22.0,5,5,"cheapness,quality,dividend,garp,risk",0.5847366666666667,True,0.6,0.615,buy,3,22,stable,0.5669,persistent,2026-07-25,neutral,0.5,38.52980356500454
OXY,Occidental Petroleum Corporation,Energy,57229238272.0,16.887905,14.2459,1.710538,1.9,1.411,34.511,0.10629,0.0276292970327607,0.30318,0.534,9.649,3788124928.0,76627238912.0,13717999616.0,3722000000.0,21593000000.0,14625999872.0,4150000128.0,33.469,84186000000.0,8827000000.0,,9428000000.0,2326000000.0,10532000000.0,0.3493261705182235,,986026416.0,0.0357656972321376,0.3765384440710295,0.9362537123462028,0.952631026152715,0.2773739101513315,0.3150564690736731,0.2564915781721426,0.2576979343437299,938457983.0,1079000000.0,57.25,[],{},0.0661921256053722,5.5858901484897086,20.58765150779151,0.0485728058696517,0.0592139759194524,,0.0497873137323095,1.0,20,20,0.5595238095238095,7.0,22.0,0.6318272727272728,0.6318272727272728,0.3181818181818182,0.0,1.0,0.3181818181818182,22.0,4,5,"cheapness,dividend,garp,risk",0.7545333333333334,True,0.9,0.6143,buy,3,4,stable,0.4695,persistent,2026-09-18,neutral,0.5,41.15167921275909
GEHC,GE HealthCare Technologies Inc.,Healthcare,29481535488.0,14.933179,11.979179,2.6672976,0.22,1.264,93.965,0.19376,0.0564677830163117,0.093339995,0.058,0.168,1573124992.0,37978787840.0,3592999936.0,2762000000.0,20625000000.0,10540999680.0,2079000064.0,24.298,36906000000.0,12501000000.0,,9105000000.0,2084000000.0,1987000000.0,0.3998545454545454,,455736583.0,0.0602314968720722,0.4170902806018707,1.3729818780889622,1.036428347116089,0.2835040372839105,0.2833570068602859,0.5588522191513575,0.594517815588262,456955918.0,440000000.0,64.81,[],{},0.0533596695681036,10.570216675895873,13.750466270818247,0.0727248065850855,0.0669649777853731,,0.0993489442825797,1.0,20,20,0.6389048378522063,9.0,22.0,0.5194318181818182,0.5194318181818182,0.4090909090909091,0.0,1.0,0.4090909090909091,22.0,5,5,"cheapness,quality,dividend,garp,risk",0.5622216666666666,True,0.9,0.6127,buy,3,17,stable,0.6258,persistent,2026-07-26,neutral,0.625,37.1640432467811
TMUS,"T-Mobile US, Inc.",Communication Services,177280450560.0,17.30576,11.446448,3.1571407,2.43,0.924,214.035,0.17994,0.0501375224072579,0.11455,0.079,0.053,11335999488.0,294882443264.0,34370998272.0,18557000000.0,88309000000.0,120427003904.0,2824999936.0,52.348,219237000000.0,24461000000.0,,24500000000.0,10992000000.0,27950000000.0,0.6288713494660794,,1106930661.0,0.0545052515201768,0.6357125307125308,0.998408163265306,0.912263309209874,0.5577023951249105,0.5477155286370082,0.4028015344125307,0.3912803134088014,1144579681.0,3774000000.0,165.27,[],{},0.0639438779188084,8.579397110622274,15.890631204612816,0.0629301622524418,0.0577842290659295,,0.0952926254384118,1.0,20,20,0.6058352402745996,7.0,22.0,0.5076545454545455,0.5076545454545455,0.3181818181818182,0.0,1.0,0.3181818181818182,22.0,5,5,"cheapness,quality,dividend,garp,risk",0.5882133333333333,True,0.7,0.6109,buy,3,15,stable,0.6084,persistent,2026-08-16,neutral,0.5,34.35440806672203
MCK,McKesson Corporation,Healthcare,103353851904.0,23.791466,17.564573,-24.252298,0.43,0.893,,,0.0578453166186849,0.01117,0.077,-0.176,6801249792.0,112924860416.0,7071000064.0,6454000000.0,403430000000.0,11795999744.0,5164000256.0,-36.552,82323000000.0,57210000000.0,,67017000000.0,4762000000.0,6155000000.0,0.036065736311132,,120000000.0,0.0438514772424807,0.0371061492657032,0.8536639957025829,0.8992597883254334,0.1046366143119176,0.0983497471386744,4.900574566038653,4.778426936385414,125000000.0,247000000.0,886.47,[],{},0.0658054795898398,15.97013992277062,17.49687951905795,0.0571530482855974,0.042031878153284,,0.4216647066509865,0.9,18,20,0.6478557504873295,5.0,22.0,0.4427136363636363,0.4427136363636363,0.2272727272727272,0.0,1.0,0.2272727272727272,22.0,4,5,"cheapness,dividend,garp,risk",0.4161766666666667,True,0.8,0.6096,buy,3,17,stable,0.4527,persistent,2026-07-26,neutral,0.625,51.26417627196144
FTV,Fortive Corporation,Technology,16794793984.0,29.148148,16.961363,2.7506492,0.51,1.241,59.283,0.07318,0.0493452720720413,0.12382,0.079,0.04,939112512.0,19870820352.0,1234599936.0,720200000.0,4159100000.0,3598099968.0,374200000.0,20.028,11737700000.0,1605700000.0,,2246600000.0,579200000.0,1083200000.0,0.6350171912192542,,313400000.0,0.0489477612378864,0.6417947021490358,0.714724472536277,1.1581040028591851,0.281707659933377,0.2178701347547322,0.3543368803087487,0.2398258120250821,341200000.0,120500000.0,55.09,[],{},0.0559168819155906,16.094946850863924,27.59069751735629,0.0362441000040298,0.0343074969977509,,0.0758816154081191,1.0,20,20,0.5748535611173106,4.0,22.0,0.4013454545454546,0.4013454545454546,0.1818181818181818,0.0,1.0,0.1818181818181818,22.0,4,5,"cheapness,dividend,garp,risk",0.4669666666666667,True,0.9,0.6091,buy,3,16,stable,0.4736,persistent,2026-08-02,accumulate,0.75,36.76933196019196
AVY,Avery Dennison Corporation,Consumer Cyclical,12952117248.0,18.526258,15.137347,5.5332985,2.39,1.132,158.653,0.3116,0.0781667177931536,0.076220006,0.109,0.108,1004600000.0,16243705856.0,1496499968.0,1123800000.0,8855500000.0,3685199872.0,274700000.0,30.602,8801700000.0,2990300000.0,,2653600000.0,688000000.0,881400000.0,0.2875388176839252,,76877487.0,0.0838747293020156,0.289034571764679,1.126884232740428,1.0754908125480334,0.4241112512355567,0.3750743675781157,1.00611245554836,1.041824325932272,79800396.0,135400000.0,169.33,[],{},0.0775626085499747,10.854464552851898,14.454267535148604,0.0691837201413554,0.0539774411000861,,0.1827881784616385,1.0,20,20,0.5902203039269734,6.0,22.0,0.5317954545454546,0.5317954545454546,0.2727272727272727,0.0,1.0,0.2727272727272727,22.0,5,5,"cheapness,quality,dividend,garp,risk",0.625495,True,0.9,0.6051,buy,3,22,stable,0.5977,persistent,2026-07-25,neutral,0.5,44.176626609805666
UNP,Union Pacific Corporation,Industrials,160180584448.0,21.832388,19.030539,8.243549,2.03,0.986,150.772,0.39696,0.1024132686734196,0.28847,0.115,0.066,4720750080.0,189235576832.0,12883999744.0,9846000000.0,24510000000.0,31168999424.0,2114000000.0,32.708,69698000000.0,4555000000.0,,5014000000.0,7138000000.0,9290000000.0,0.4577723378212974,,593245884.0,0.0996381894705752,0.4552164948453608,0.9084563222975668,0.7653216596878569,0.4709173864386352,0.4794063353762091,0.3516600189388504,0.3581185852469911,604241260.0,1309000000.0,269.63,[],{},0.0294714249936609,14.687642082585873,19.21953857729027,0.0520303854319164,0.0458035099046425,,0.1522169315441222,1.0,20,20,0.6037502418387098,7.0,22.0,0.5062045454545454,0.5062045454545454,0.3181818181818182,0.0,1.0,0.3181818181818182,22.0,5,5,"cheapness,quality,dividend,garp,risk",0.6147633333333333,True,0.8,0.6047,buy,3,22,stable,0.6042,persistent,2026-07-25,neutral,0.625,24.562892397588357
AIZ,"Assurant, Inc.",Financial Services,13681427456.0,13.278124,11.836921,2.246283,1.25,0.382,36.211,0.18341999,0.0240482121599576,0.07903,0.094,0.305,2149574912.0,13855626240.0,1737100032.0,1197100000.0,12814300000.0,2208100096.0,2033900032.0,123.484,36289600000.0,,,,872700000.0,1833900000.0,,,49792919.0,0.0217072237483081,,,,0.0608135664212336,0.059482133372929,0.3531121864115338,0.3391575244284792,50833749.0,109700000.0,277.38,[],{},0.1571162745198274,7.976297268296867,11.57432648901512,0.0863981157736541,0.0753118437514215,,,0.95,19,20,0.611061491790392,10.0,22.0,0.6471727272727275,0.6471727272727275,0.4545454545454545,0.0,1.0,0.4545454545454545,22.0,5,5,"cheapness,quality,dividend,garp,risk",0.71822,True,0.9,0.6035,buy,3,22,stable,0.5769,persistent,2026-07-25,neutral,0.5,42.19893311851769
BXP,"BXP, Inc.",Real Estate,11599668224.0,34.478493,28.850737,1.9844657,4.43,0.506,211.631,0.05308,0.010578547164957,0.09304,0.037,-0.232,880636864.0,28676632576.0,1617154048.0,1014351000.0,3482279000.0,16358486016.0,495528000.0,32.316,26166164000.0,3266567000.0,,1479115000.0,276800000.0,1245157000.0,0.6063876559000586,,158548298.0,0.0005471347879124,0.6120202399317549,2.208460464534536,2.509236913056423,0.663403890612319,0.6511053487485902,0.1330832826699396,0.1306391264244787,158174995.0,653138000.0,64.13,[],{},0.0759191424266722,17.732777289501612,28.270916651139498,0.0353720401902742,0.0290035878308254,,0.0410883860602374,1.0,20,20,0.5716205984309433,4.0,22.0,0.3896454545454544,0.3896454545454544,0.1818181818181818,0.0,1.0,0.1818181818181818,22.0,4,5,"cheapness,dividend,garp,risk",0.483585,True,0.6,0.6017,buy,3,15,stable,0.4693,persistent,2026-08-16,neutral,0.625,40.59537909389868
ADP,"Automatic Data Processing, Inc.",Technology,107237105664.0,24.697163,20.147121,17.804893,2.51,1.051,91.436,0.72239,0.0698412648176309,0.20109,0.068,0.098,5243049984.0,108521701376.0,6411200000.0,5779000000.0,21947400000.0,5514699776.0,4230099968.0,15.161,63193300000.0,52561100000.0,,50024900000.0,4413500000.0,5441200000.0,0.4641643201472611,,397800000.0,0.0764428238706522,0.4602716807143656,1.0506987520214932,1.0478193142643957,0.0834075764361095,0.1698616995163886,0.3473058061535004,0.385257067265263,405300000.0,459300000.0,269.94,[],{},0.0488921250861409,16.92689377589219,18.7786297587818,0.05325202173137,0.0404904806272688,,0.4388536192703745,1.0,20,20,0.6117705510388438,6.0,22.0,0.5261681818181819,0.5261681818181819,0.2727272727272727,0.0,1.0,0.2727272727272727,22.0,5,5,"cheapness,quality,dividend,garp,risk",0.6253633333333333,True,0.8,0.6012,buy,3,22,stable,0.6065,persistent,2026-07-25,neutral,0.375,47.84591747528712
CVX,Chevron Corporation,Energy,399519744000.0,19.6025,15.016954,2.104029,3.4,1.252,18.959,0.12231,0.0379584706739256,0.09834,0.535,3.219,21934000128.0,433739726848.0,50661998592.0,16674000000.0,184432000000.0,37075001344.0,8529999872.0,96.8,324012000000.0,38552000000.0,,33387000000.0,12299000000.0,33939000000.0,0.3041012405656285,,1980248122.0,0.0687364266865936,0.2943220242588437,1.1547009315002843,1.0610249494268376,0.1257916373467649,0.0955133144961041,0.5692134859202745,0.752765258544863,1769012274.0,1217000000.0,203.67,[],{},0.0549009165564543,8.56144129530041,26.012937918195995,0.0384424090483259,0.051013901288101,,0.0573729032258064,1.0,20,20,0.5523809523809524,10.0,22.0,0.6111909090909091,0.6111909090909091,0.4545454545454545,0.0,1.0,0.4545454545454545,22.0,5,5,"cheapness,quality,dividend,garp,risk",0.7837566666666667,True,1.0,0.6,buy,3,5,stable,0.5762,persistent,2026-09-17,neutral,0.5,46.70319916425583
DG,Dollar General Corporation,Consumer Defensive,26895392768.0,15.832468,14.753079,2.895518,1.93,1.209,169.811,0.19692,0.0488413702095968,0.03903,0.052,0.333,1738019712.0,41078902784.0,3581925888.0,2203668000.0,42724369000.0,15773100032.0,1589590016.0,42.103,30963730000.0,7897803000.0,,6961135000.0,1512311000.0,3634500000.0,0.3066093029952063,,220222000.0,0.0361437269256123,0.2959077578156848,1.1345567928218605,1.1885688154763447,0.5076473667739643,0.5609332466892644,1.3798198408266704,1.3044890084015432,219939000.0,230567000.0,121.91,[],{},0.0646214660998699,11.468384346426769,18.64114865941693,0.0536447628990304,0.0631613466706517,,0.0918095730899096,1.0,20,20,0.6083333333333334,9.0,22.0,0.5499954545454545,0.5499954545454545,0.4090909090909091,0.0,1.0,0.4090909090909091,22.0,5,5,"cheapness,quality,dividend,garp,risk",0.673645,True,0.9,0.5996,buy,3,22,stable,0.604,persistent,2026-07-25,wait,0.25,45.30719969258891
FOX,Fox Corporation,Communication Services,24414904320.0,15.078126,10.078329,2.0892723,1.0,3.169,64.06,0.14291,0.0749488479672627,0.09839,0.281,0.031,555374976.0,27846744064.0,3881999872.0,3496000000.0,17126000000.0,7568000000.0,4204999936.0,27.713,22482000000.0,8453000000.0,,2667000000.0,1685000000.0,1970000000.0,,,419586946.0,0.0975641302004742,,3.1694788151481066,2.9095616154642734,0.3366248554399075,0.3218366027161026,0.7617649675295792,0.702737658978228,446335925.0,401000000.0,57.9,[],{},0.0227473746659352,7.173298552854769,7.96531580778032,0.1255443003305939,0.066321239124809,,0.1764319959626545,1.0,20,20,0.5747597254004576,8.0,22.0,0.5437409090909091,0.5437409090909091,0.3636363636363636,0.0,1.0,0.3636363636363636,22.0,5,5,"cheapness,quality,dividend,garp,risk",0.5781533333333333,True,0.83335,0.5969,buy,3,29,stable,0.5858,persistent,2026-07-16,neutral,0.375,48.0715906971366
FANG,"Diamondback Energy, Inc.",Energy,53244170240.0,36.05143,10.13513,1.4011387,2.29,0.467,28.678,0.034930002,0.0234171603878467,0.09029,0.525,1.795,5035500032.0,71237206016.0,11779999744.0,4918000000.0,14929000000.0,12613999616.0,462000000.0,135.083,71059000000.0,1915000000.0,,4600000000.0,1664000000.0,8758000000.0,0.3497220175497354,,284594908.0,0.0496047078404565,0.4530527079742357,0.4163043478260869,0.438578258158387,0.2093893806555116,0.1980770373892884,0.2100930212921656,0.1638084764905189,290984373.0,265000000.0,189.27,[],{},0.0945737347263053,6.047301151452385,14.484995123220822,0.0690369580033137,0.0277381507474183,,0.0740005115936141,1.0,20,20,0.523809523809524,6.0,22.0,0.5872590909090909,0.5872590909090909,0.2727272727272727,0.0,1.0,0.2727272727272727,22.0,4,5,"cheapness,dividend,garp,risk",0.6757816666666667,True,0.9,0.5857,buy,3,4,stable,0.4438,persistent,2026-09-18,neutral,0.5,38.66520601399686
NEM,Newmont Corporation,Basic Materials,129656840192.0,15.497481,12.0156975,3.697416,0.84,2.546,15.807,0.25905,0.1240349433658374,0.33363998,0.151,0.114,8815875072.0,126416830464.0,17057999872.0,11023000000.0,22669000000.0,5598000128.0,9009000448.0,33.28,57121000000.0,13066000000.0,,5712000000.0,7085000000.0,10334000000.0,0.5321363977237638,,1089000000.0,0.0594154288452323,0.3823466438282839,2.2874649859943976,1.6273366034734191,0.0978449256840741,0.159221991517152,0.3968592986817457,0.3315409324034144,1126980806.0,229000000.0,123.05,[],{},0.0679939065223644,7.410999613823892,11.46845962659893,0.0871956681680849,0.0645266156480527,,0.2144177089614659,1.0,20,20,0.6175,11.0,22.0,0.673109090909091,0.673109090909091,0.5,0.0,1.0,0.5,22.0,5,5,"cheapness,quality,dividend,garp,risk",0.7150316666666667,True,1.0,0.5825,buy,3,15,stable,0.6,persistent,2026-08-16,neutral,0.625,51.41794602622841
FRT,Federal Realty Investment Trust,Real Estate,9615781888.0,22.349495,34.67699,2.9993222,4.18,0.564,134.114,0.12550999,0.0450225946995003,0.32663,0.072,-0.456,456137632.0,14762073088.0,837700992.0,459513000.0,1278975000.0,4851821056.0,115276000.0,36.885,9130460000.0,366261000.0,,351018000.0,411077000.0,622378000.0,0.6724853886901621,,86266009.0,0.0346294914916636,0.6741666195407384,1.0434251234979404,1.1618805582686476,0.5507178170650767,0.5350594744225554,0.1400778274040957,0.1410541086391084,85666220.0,183614000.0,110.63,[],{},0.0474363538309075,17.622126783872783,32.12547433478487,0.0311279450562763,0.044743740294803,,0.0523396589441561,1.0,20,20,0.600338441890166,4.0,22.0,0.4403318181818182,0.4403318181818182,0.1818181818181818,0.0,1.0,0.1818181818181818,22.0,3,5,"dividend,garp,risk",0.5495583333333334,True,0.6,0.5823,buy,3,15,stable,0.3548,persistent,2026-08-16,neutral,0.625,21.617740309562606
TGT,Target Corporation,Consumer Defensive,71646306304.0,16.376947,16.518028,4.015327,2.93,0.988,107.583,0.26408002,0.0622793746848209,0.04078,0.053,1.005,3432999936.0,85432139776.0,8593000448.0,5117000000.0,104780000000.0,19196000256.0,5410999808.0,39.277,59490000000.0,20005000000.0,,21230000000.0,3705000000.0,6562000000.0,0.2793376598587517,,452840187.0,0.0708165278955841,0.2821162472083028,0.9422986340084786,0.9353334294918024,0.3410657253319886,0.3440426526337655,1.7613044209110775,1.8446917897142063,455566995.0,445000000.0,157.71,[],{},0.0479159375143996,9.942061599203583,16.695747464529997,0.0598954914791621,0.0610614420380062,,0.133742812336644,1.0,20,20,0.5860416666666667,6.0,22.0,0.5468136363636364,0.5468136363636364,0.2727272727272727,0.0,1.0,0.2727272727272727,22.0,4,5,"cheapness,dividend,garp,risk",0.6939716666666667,True,0.8,0.5801,buy,3,22,stable,0.4665,persistent,2026-07-25,neutral,0.5,51.18977219551877
CB,Chubb Limited,Financial Services,130114871296.0,11.959575,11.588421,1.7255565,1.2,0.41,30.941,0.14822,0.0378588975753414,0.18070999,0.061,-0.007,10488000512.0,152633868288.0,14883000320.0,13808000000.0,59783000000.0,25013999616.0,7968000000.0,195.45,272327000000.0,,,,10310000000.0,12816000000.0,,,391101227.0,0.0376072813407531,,,,0.0632585090718144,0.0615661047747294,0.2195265250966668,0.2271768580560377,400703663.0,764000000.0,337.26,[],{},0.0806057017736328,10.255584559982056,11.05401711239861,0.090464850002662,0.0836150114029971,,,0.95,19,20,0.5831669822079029,10.0,22.0,0.6069045454545454,0.6069045454545454,0.4545454545454545,0.0,1.0,0.4545454545454545,22.0,5,5,"cheapness,quality,dividend,garp,risk",0.638485,True,0.9,0.5786,buy,3,16,stable,0.5518,persistent,2026-08-02,neutral,0.625,44.00939351802373
ADSK,"Autodesk, Inc.",Technology,45739651072.0,28.348448,15.412634,13.520109,,0.855,109.518,0.53854,0.0901580171653164,0.21078,0.161,0.596,3157499904.0,45289648128.0,2286000128.0,1794000000.0,7206000000.0,3704999936.0,4155000064.0,16.187,12467000000.0,4942000000.0,,5808000000.0,1124000000.0,2452000000.0,0.9097973910630032,,212000000.0,0.1026493122865318,0.9057250040776382,0.8508953168044077,0.6759852455833819,0.2192989492259565,0.2362226530047078,0.5780059356701692,0.5659558755654021,214000000.0,,218.85,[],{},0.0690320068036744,19.81174347860754,25.24506584615385,0.0396117009990826,0.0352752997271667,,0.2694098212944886,0.95,19,20,0.602272942760185,6.0,22.0,0.3838954545454545,0.3838954545454545,0.2727272727272727,0.0,1.0,0.2727272727272727,22.0,4,5,"cheapness,quality,garp,risk",0.4368666666666667,True,0.8,0.5757,buy,3,6,stable,0.4476,persistent,2026-09-16,neutral,0.625,42.20165077890589
VRSN,"VeriSign, Inc.",Technology,27859470336.0,33.461452,27.85498,-12.359334,1.07,0.591,,,0.6227468134851799,0.49769002,0.06,0.077,832837504.0,29134854144.0,1186000000.0,1121000000.0,1656600000.0,2340300032.0,1034099968.0,-24.935,1325900000.0,652500000.0,,1333100000.0,825700000.0,1091100000.0,0.881504285886756,,91900000.0,0.5586206896551724,0.8771028637472711,0.4894606556147325,0.4335445104826595,1.3560600346934155,1.2808389619623175,1.2494154913643565,1.1072875933167436,95000000.0,77000000.0,308.18,[],{},0.0298942332339968,24.565644303541315,25.990057220338983,0.0384762523422777,0.0298851346917043,,-155.69444444444446,0.9,18,20,0.5882352941176472,4.0,22.0,0.4303318181818181,0.4303318181818181,0.1818181818181818,0.0,1.0,0.1818181818181818,22.0,4,5,"quality,dividend,garp,risk",0.4722516666666666,True,0.7,0.5756,buy,3,13,stable,0.419,persistent,2026-09-06,neutral,0.5,67.57664174166655
BKNG,Booking Holdings Inc.,Consumer Cyclical,130582519808.0,18.724445,13.618131,-11.845917,1.0,1.094,,,0.1846637506834335,0.25527,0.081,1.3,7725875200.0,130332639232.0,10412999680.0,9282000000.0,26917000000.0,20924000256.0,17213999104.0,-14.226,29264000000.0,22264000000.0,,16698000000.0,5404000000.0,9409000000.0,,,797352800.0,0.2122852605745633,,1.3333333333333333,1.3095801112034255,0.6592741935483871,0.616464558972138,0.9197990705303444,0.856756171502815,823671625.0,1617000000.0,168.52,[],{},0.0591646968626399,12.516339502278752,14.041439262227968,0.0712177705806868,0.0534061223176441,,0.7386598758554831,0.9,18,20,0.598393628267842,6.0,22.0,0.6099045454545455,0.6099045454545455,0.2727272727272727,0.0,1.0,0.2727272727272727,22.0,4,5,"cheapness,dividend,garp,risk",0.6835883333333334,True,0.8,0.5744,buy,3,11,stable,0.4222,persistent,2026-09-09,accumulate,0.875,28.6270296615713
PEP,"PepsiCo, Inc.",Consumer Defensive,177019928576.0,16.984272,14.438369,8.010756,4.56,0.934,238.949,0.51508,0.0767232469576066,0.10785,0.064,1.37,7831875072.0,219546304512.0,18882000896.0,13491000000.0,93925000000.0,53213999104.0,10716000256.0,16.177,107399000000.0,27949000000.0,,32764000000.0,8240000000.0,12087000000.0,0.541485227575193,,1367340122.0,0.0962932429851106,0.5455396607659982,0.8530399218654621,0.8189370877727042,0.4646318867028557,0.4518885660570843,0.8745425935064572,0.9234620527411102,1371989025.0,1121000000.0,129.59,[],{},0.0442429004180596,11.627279636371012,16.273538248610183,0.0614494515404726,0.0588780019538076,,0.1807596971930059,1.0,20,20,0.581875,8.0,22.0,0.5750954545454545,0.5750954545454545,0.3636363636363636,0.0,1.0,0.3636363636363636,22.0,5,5,"cheapness,quality,dividend,garp,risk",0.7367216666666667,True,0.8,0.5649,buy,3,9,stable,0.5734,persistent,2026-09-13,neutral,0.625,26.15469359145918
EXR,Extra Space Storage Inc.,Real Estate,30337773568.0,30.344372,28.566797,2.190528,4.74,0.886,101.674,0.06953,0.0332831283821792,0.2728,0.038,0.06,1499437568.0,43678633984.0,2310663936.0,1489001000.0,3377542000.0,14414687232.0,696604032.0,62.752,29264046000.0,1894482000.0,,1655284000.0,973999000.0,1850193000.0,0.7077694370639951,,211155322.0,0.029627121201018,0.7219897927539729,1.1445057162396302,0.9314158572695502,0.4781210704767208,0.4516047704781272,0.1154160979654009,0.1128990000875626,211995510.0,635132000.0,137.46,[],{},0.0494247728706628,18.903066475176075,29.3341871388938,0.0340899168354358,0.0329550402295358,,0.053932190077918,1.0,20,20,0.543305509943441,5.0,22.0,0.4212045454545455,0.4212045454545455,0.2272727272727272,0.0,1.0,0.2272727272727272,22.0,4,5,"quality,dividend,garp,risk",0.5386183333333333,True,0.7,0.5626,buy,3,14,stable,0.4424,persistent,2026-09-04,accumulate,0.75,43.098697517071976
GL,Globe Life Inc.,Financial Services,13230401536.0,11.446809,10.422419,2.1549633,0.76,0.795,55.675,0.20944999,0.0376857794255878,0.19577,0.08,0.197,1163503360.0,16202268672.0,1680269056.0,1577196000.0,5994318000.0,3427248896.0,455380992.0,79.89,30813692000.0,,,,1161238000.0,1396391000.0,,,79093101.0,0.03682608799278,,,,0.085203973610173,0.0942232406656156,0.1945342349758023,0.1987217303400333,83977567.0,141221000.0,172.16,[],{},0.0879416514180692,9.642663247379351,10.272831450244611,0.09734414555942,0.0873605910607925,,,0.95,19,20,0.5939995958857851,12.0,22.0,0.6174045454545454,0.6174045454545454,0.5454545454545454,0.0,1.0,0.5454545454545454,22.0,5,5,"cheapness,quality,dividend,garp,risk",0.6865716666666667,True,0.9,0.5625,buy,3,15,stable,0.5493,persistent,2026-08-16,neutral,0.5,45.26873552330114
PCAR,PACCAR Inc,Industrials,60389855232.0,24.153685,15.880465,2.9717412,1.21,5.519,72.91,0.12755999,0.0535860087242479,0.09003,0.005,0.042,1943650048.0,66538749952.0,3271600128.0,2961700000.0,28444800000.0,14816300032.0,8667400192.0,38.607,44336200000.0,34342600000.0,,11155100000.0,2375800000.0,4415800000.0,0.1665506524918438,,525400000.0,0.0958568733892383,0.1993120206274989,3.0786456419037034,2.6372762177915527,0.3526756916470063,0.3660848155987369,0.6415705450624997,0.7753259525229796,524400000.0,,114.73,[],{},0.0321850423474782,20.33828932286923,22.46640441368133,0.0445109053316529,0.0414015501154378,,0.0892586442281901,1.0,20,20,0.5421952331384967,6.0,22.0,0.485559090909091,0.485559090909091,0.2727272727272727,0.0,1.0,0.2727272727272727,22.0,5,5,"cheapness,quality,dividend,garp,risk",0.5862866666666667,True,1.0,0.5614,buy,3,1,improving,0.3449,new,2026-09-22,neutral,0.625,24.486096894886614
STE,STERIS plc,Healthcare,20179597312.0,25.301954,16.899496,2.8001082,1.26,1.906,28.312,0.11389,0.0728588458816078,0.13333,0.073,0.14,798862528.0,21756297216.0,1640499968.0,1105900000.0,5935900000.0,2044499968.0,482300000.0,73.915,10737200000.0,2394600000.0,,1145000000.0,782300000.0,1341400000.0,0.4424771306794252,,97800000.0,0.0605806756810028,0.4401135635131422,2.091353711790393,1.957346898845627,0.1943895987780799,0.2170635077068632,0.5528350035390978,0.5380514053691804,98301000.0,60700000.0,206.97,[],{},0.0395876347604294,13.261991856375335,19.67293355276245,0.0508312599805218,0.0395226392396413,,0.1152915910844227,1.0,20,20,0.5484511784511785,6.0,22.0,0.5161909090909091,0.5161909090909091,0.2727272727272727,0.0,1.0,0.2727272727272727,22.0,5,5,"cheapness,quality,dividend,garp,risk",0.5939366666666667,True,1.0,0.5606,buy,3,2,stable,0.4159,building,2026-09-21,accumulate,0.75,29.81834907880922
PGR,The Progressive Corporation,Financial Services,123184095232.0,10.643931,13.037383,3.591627,0.19,0.293,24.428,0.34943,0.0919058184803192,0.12849,0.073,0.05,15114500096.0,129621344256.0,15397999616.0,14501000000.0,87637000000.0,8386999808.0,2156000000.0,59.093,123039000000.0,,,,11308000000.0,17548000000.0,,,586100000.0,0.0801929169227859,,,,0.0560553970692219,0.0651851151354674,0.7122700932224741,0.7124970447775308,586000000.0,278000000.0,212.24,[],{},0.1226984706713472,8.418063871186941,8.938786584097649,0.1118720075249394,0.0939502520262485,,,0.95,19,20,0.5992668371696505,10.0,22.0,0.6172636363636365,0.6172636363636365,0.4545454545454545,0.0,1.0,0.4545454545454545,22.0,5,5,"cheapness,quality,dividend,garp,risk",0.6303283333333333,True,0.9,0.5457,buy,3,15,stable,0.5439,persistent,2026-08-16,neutral,0.5,42.67010491190546
EIX,Edison International,Utilities,21145528320.0,5.670795,8.450076,1.2119808,6.35,0.662,228.042,0.19734,0.0499968093931465,0.19281,-0.041,0.551,82375000.0,66090528768.0,8929999872.0,5240000000.0,19317000000.0,43540000768.0,242000000.0,45.339,94026000000.0,7686000000.0,,10536000000.0,4701000000.0,5800000000.0,0.4807164673603561,,384787056.0,0.01806517954171,0.4101369395988408,0.729498861047836,0.8478492712406683,0.4418884138429796,0.4412414260507835,0.2054431752919405,0.2056462449900092,384784719.0,1539000000.0,54.95,[],{},0.0038956226939994,7.400955175288047,12.612696329770992,0.0792851880243561,0.1763421178159323,,0.062762007426039,1.0,20,20,0.9516129032258064,11.0,22.0,0.6746363636363637,0.6746363636363637,0.5,0.0,1.0,0.5,22.0,4,5,"cheapness,quality,dividend,garp",0.7429816666666667,False,0.53335,0.9597,hold,2,29,stable,0.7645,persistent,2026-07-16,accumulate,0.75,33.83515615128296
FISV,"Fiserv, Inc.",Financials,24711200768.0,8.9023,5.772162,0.91716504,,1.03197990791126,,,0.0434278012803713,,,,,,,5698000000.0,21193000000.0,,,50.667,80133000000.0,24654000000.0,,23890000000.0,3480000000.0,6062000000.0,0.5936394092388997,,534000000.0,0.0405696071317508,0.6082811888932342,1.03197990791126,1.0595748521911812,0.3634332921517976,0.3233647766144915,0.2644728139468134,0.2650564942469161,564000000.0,1531000000.0,46.47,[],{},,,,,0.1123305213259494,,0.1013103852923919,0.65,13,20,0.9430571530706556,2.0,22.0,0.4011454545454546,0.4011454545454546,0.0909090909090909,0.0,1.0,0.0909090909090909,22.0,1,5,cheapness,0.31394,False,0.63335,0.9431,hold,2,29,stable,0.1226,persistent,2026-07-16,neutral,0.5,33.26820672443013
CHTR,"Charter Communications, Inc.",Communication Services,16030269440.0,3.2097318,2.9689116,0.86791635,,0.361,441.578,0.27201998,0.0323383891111644,0.09052,-0.017,0.161,2198374912.0,115862880256.0,21814999040.0,13324000000.0,54774000000.0,96710000640.0,509000000.0,142.122,154213000000.0,5144000000.0,,13306000000.0,4987000000.0,16077000000.0,0.5653777339613685,,126631550.0,0.0338821490467937,0.5579740401198149,0.3865925146550428,0.3138810618419101,0.6297847781963907,0.6383348886815091,0.355184063600345,0.3671843754166111,141946427.0,5042000000.0,123.35,[],{},0.1371389869788739,5.311156789122646,8.69580308135695,0.1149980042836887,0.3115525103997785,,0.094558822485753,0.95,19,20,0.907928388746803,12.0,22.0,0.6233363636363637,0.6233363636363637,0.5454545454545454,0.0,1.0,0.5454545454545454,22.0,3,5,"cheapness,quality,garp",0.5089833333333333,False,0.43335,0.9375,hold,2,29,stable,0.5259,persistent,2026-07-16,neutral,0.5,34.67821228075756
CNC,Centene Corporation,Healthcare,32104734720.0,,12.152751,1.4229413,,1.145,71.082,-0.20358999,-0.0869610538522678,-0.02829,0.046,,9639624704.0,21247735808.0,4606000128.0,-312000000.0,194777000000.0,16104999936.0,27057000448.0,45.673,76747000000.0,40370000000.0,,36696000000.0,-6674000000.0,5088000000.0,0.0711942375126426,,491757000.0,0.0400873309479046,0.103200446431309,1.1001199040767389,1.1091036455444967,0.2366476865545233,0.235660137061071,2.5379102766231907,1.9779368063557523,495907000.0,678000000.0,64.99,[],{},0.3002555476029175,4.61305584401408,-68.10171733333334,-0.0146839175156973,,,-0.0077900676637287,0.9,18,20,0.781060606060606,3.0,22.0,0.2838818181818182,0.2838818181818182,0.1363636363636363,0.0,1.0,0.1363636363636363,22.0,2,5,"cheapness,risk",0.24057,True,0.65,0.9348,hold,2,29,stable,0.3089,persistent,2026-07-16,wait,0.25,47.49821813706459
VTRS,Viatris Inc.,Healthcare,19640903680.0,,6.4270735,1.3584366,2.83,1.585,95.535,-0.02754,-0.0945040881238724,-0.02787,0.049,,2677337600.0,31754102784.0,4292499968.0,253500000.0,14299900000.0,13623700480.0,1510499968.0,12.588,37193100000.0,9789200000.0,,7094300000.0,-3514900000.0,2315900000.0,0.3505968573206806,,1151215081.0,-0.0152815963027307,0.3815377935180096,1.3798683450093738,1.6473509360833305,0.3951808265511614,0.3447130062239614,0.3844772283030992,0.3551561532400502,1193647828.0,471300000.0,17.1,[],{},0.1363143796039429,7.397577873202677,125.26273287573964,0.0079832203644478,,,0.0084222626815687,0.95,19,20,0.8049867091972355,2.0,22.0,0.3846454545454545,0.3846454545454545,0.0909090909090909,0.0,1.0,0.0909090909090909,22.0,1,5,cheapness,0.3408916666666667,False,0.55,0.9123,hold,2,29,stable,0.1631,persistent,2026-07-16,neutral,0.5,58.208753615657436
ARE,"Alexandria Real Estate Equities, Inc.",Real Estate,9179561984.0,,-65.85185,0.5854912,5.4,2.35,68.67,-0.040760003,-0.0419452180318342,-0.36078998,-0.119,,1344973952.0,25613076480.0,1781940992.0,555045000.0,2945175000.0,13167778816.0,470448992.0,91.103,34081835000.0,939781000.0,,2182600000.0,-1429570000.0,1414046000.0,0.686740176729736,,170537867.0,0.0086056742092967,0.7018515883170378,0.4305786676440942,0.4002596753853375,0.3744252033377898,0.3397913084899536,0.0864148013157155,0.0812660087819984,172203443.0,226698000.0,53.34,[],{},0.1465183147457681,14.373695085858376,46.14594578817934,0.021670376084396,,,0.0173999470520217,0.95,19,20,0.7852818828680898,2.0,22.0,0.4477909090909091,0.4477909090909091,0.0909090909090909,0.0,1.0,0.0909090909090909,22.0,1,5,cheapness,0.3788433333333333,False,0.45,0.9021,hold,2,32,stable,0.1603,persistent,2026-07-16,neutral,0.625,54.768038006312075
TFC,Truist Financial Corporation,Financial Services,59859685376.0,11.264368,9.84705,1.0200258,4.28,,,0.09059,0.0096924779649996,0.30692,0.082,0.367,,88103682048.0,,,20319000000.0,73295003648.0,50461999104.0,48.038,547538000000.0,,,,5307000000.0,5739000000.0,,,1262470000.0,0.0090704399295148,,,,0.117443903436839,0.0990067322318779,0.0371097531130259,0.0249973643387502,1315936000.0,10119000000.0,49.0,[],{},,,,,0.0887755087546855,,,0.7,14,20,0.7928305314220551,9.0,22.0,0.5933272727272727,0.5933272727272727,0.4090909090909091,0.0,1.0,0.4090909090909091,22.0,3,5,"cheapness,dividend,garp",0.6642683333333333,False,0.53335,0.9016,hold,2,29,stable,0.3558,persistent,2026-07-16,neutral,0.625,40.660340687655555
IP,International Paper Company,Consumer Cyclical,18709704704.0,,11.751324,1.2941867,5.36,1.098,68.509,-0.16479,-0.092614055420925,-0.14205,-0.022,,1646499968.0,27886704640.0,3934000128.0,-10000000.0,23634000000.0,9902999552.0,726000000.0,27.299,37964000000.0,10106000000.0,,7899000000.0,-3516000000.0,1698000000.0,0.296056528729796,,528000000.0,0.0244298245614035,0.2802652352383959,1.2794024560070896,1.5086895255988728,0.2717574544305131,0.2553508771929824,0.6225371404488462,0.6945175438596491,347417000.0,551000000.0,35.33,[],{},0.0880024561610526,7.08863846788365,-2788.670464,-0.0003585938220056,,,-0.0003326126725428,0.95,19,20,0.7552482782846979,3.0,22.0,0.4056863636363637,0.4056863636363637,0.1363636363636363,0.0,1.0,0.1363636363636363,22.0,2,5,"cheapness,risk",0.38912,True,0.65,0.8796,hold,2,29,stable,0.3106,persistent,2026-07-16,accumulate,0.75,41.766047429573725
ES,Eversource Energy,Utilities,25195773952.0,17.374025,13.605289,1.5416349,4.65,0.8,180.7,0.09016,0.0265317332320206,0.10354,0.023,-0.854,811961344.0,53339807744.0,4933026816.0,2988589000.0,13547244000.0,29807785984.0,1819319040.0,43.389,63786711000.0,5077186000.0,,7808512000.0,1692372000.0,4113572000.0,0.8469225179674922,,375416880.0,0.0136195891404729,0.8308580534314937,0.6502117176742509,0.7552604487723995,0.4721186831532982,0.4885490746977797,0.2123834853312941,0.1996963345410448,366608052.0,1243266000.0,66.89,[],{},0.0322260925799244,10.81279501076201,17.847823084405384,0.0560292420689531,0.0575571866622731,,0.0533884450266075,1.0,20,20,0.7983870967741935,6.0,22.0,0.4739818181818181,0.4739818181818181,0.2727272727272727,0.0,0.9542,0.2727272727272727,22.0,4,5,"cheapness,quality,dividend,garp",0.5376866666666666,False,0.43335,0.8694,hold,2,29,stable,0.6671,persistent,2026-07-16,neutral,0.625,36.903086170375076
GIS,"General Mills, Inc.",Consumer Defensive,18931228672.0,,11.10787,2.564827,6.72,0.682,188.879,-0.01028,-0.002918375437673,-0.00475,0.012,,2308499968.0,32397414400.0,3449600000.0,2807200000.0,18424600000.0,13940400128.0,453800000.0,13.806,30016700000.0,4618300000.0,,6774100000.0,-87600000.0,2166200000.0,0.3362732433811317,,533681218.0,0.0694019854192935,0.345519485184691,0.6817584623787661,0.6714392984867575,0.464421472047227,0.46253980061141,0.6138116448510329,0.5892334999440599,542413328.0,569600000.0,35.41,[],{},0.1219413704201016,9.39164378478664,11.5408287261328,0.0866488901040201,,,0.12077822618812,0.95,19,20,0.7394444444444445,4.0,22.0,0.4253045454545454,0.4253045454545454,0.1818181818181818,0.0,1.0,0.1818181818181818,22.0,1,5,cheapness,0.38349,False,0.55,0.8536,hold,2,29,stable,0.1513,persistent,2026-07-16,neutral,0.5,34.9457432837977
HBAN,Huntington Bancshares Incorporated,Financial Services,32407455744.0,12.338463,8.835373,1.0896,3.91,,,0.09002,0.009822039394774,0.26131,0.476,-0.029,,41332453376.0,,,8131000000.0,22609999872.0,16606999552.0,14.721,225106000000.0,,,,2211000000.0,2482000000.0,,,1567732506.0,0.0094990941585467,,,,0.082005810595897,0.0804534103706605,0.0361207608859826,0.0361210400039171,1453635809.0,4319000000.0,16.04,[],{},,,,,0.0810473719457601,,,0.7,14,20,0.7296042923098095,6.0,22.0,0.5038545454545456,0.5038545454545456,0.2727272727272727,0.0,1.0,0.2727272727272727,22.0,3,5,"cheapness,dividend,garp",0.55041,False,0.53335,0.8333,hold,2,29,stable,0.3282,persistent,2026-07-16,neutral,0.625,38.67927812879885
EXC,Exelon Corporation,Utilities,43250061312.0,15.433824,13.8169365,1.4591588,3.99,1.088,177.362,0.09711,0.0237453890366303,0.10989001,0.099,-0.002,-2685125120.0,94194024448.0,8354999808.0,5145000000.0,24258000000.0,52672999424.0,1812999936.0,28.77,116570000000.0,9546000000.0,,10331000000.0,2768000000.0,6254000000.0,0.429301673674664,,1022401000.0,0.0228234246270318,0.4084158415841584,0.9240151001839124,0.8723337842055977,0.4296131080037745,0.4328007867587026,0.2080981384575791,0.2136495212647517,1005046000.0,2127000000.0,41.98,[],{},-0.0620837297924244,11.273970869252231,18.30787647191448,0.0546212992825283,0.0647927564808306,,0.0484285431903538,1.0,20,20,0.7919354838709678,6.0,22.0,0.4589045454545454,0.4589045454545454,0.2727272727272727,0.0,0.9613,0.2727272727272727,22.0,4,5,"cheapness,quality,dividend,garp",0.5203,False,0.43335,0.8323,hold,2,29,stable,0.6497,persistent,2026-07-16,neutral,0.5,32.40590691166015
RF,Regions Financial Corporation,Financial Services,24322586624.0,11.605691,10.033703,1.3934985,3.84,,,0.118669994,0.0135756293525759,0.30837,0.034,0.085,,30245586944.0,,,7526000000.0,9484999680.0,5001999872.0,20.488,158814000000.0,,,,2156000000.0,2181000000.0,,,867013150.0,0.012034176297822,,,,0.0307529562884884,0.0412772882735121,0.047388769252081,0.0450280352443071,908477658.0,2082000000.0,28.55,[],{},,,,,0.0861646238901242,,,0.7,14,20,0.7345168897598566,9.0,22.0,0.534340909090909,0.534340909090909,0.4090909090909091,0.0,1.0,0.4090909090909091,22.0,4,5,"cheapness,quality,dividend,garp",0.58296,False,0.53335,0.8173,hold,2,24,stable,0.4345,persistent,2026-07-16,neutral,0.625,31.85833470300669
KEY,KeyCorp,Financial Services,22270973952.0,12.204679,9.767445,1.2933813,3.94,,,0.1033,0.009919677190166,0.2754,0.101,0.253,,37273972736.0,,,7285000000.0,15345999872.0,2843000064.0,16.136,184381000000.0,,,,1829000000.0,2208000000.0,,,1102400694.0,-0.00086018977603,,,,0.0595939928734522,0.0760546674645238,0.0395105786387968,0.0234869208411694,1106786451.0,3750000000.0,20.87,[],{},,,,,0.0819357887249636,,,0.7,14,20,0.7239653173522375,9.0,22.0,0.5345090909090909,0.5345090909090909,0.4090909090909091,0.0,1.0,0.4090909090909091,22.0,4,5,"cheapness,quality,dividend,garp",0.6274383333333333,False,0.53335,0.8172,hold,2,29,stable,0.4315,persistent,2026-07-16,neutral,0.5,35.931583356580546
LYB,LyondellBasell Industries N.V.,Basic Materials,19459807232.0,,9.35626,1.8234103,4.46,1.641,132.759,-0.02269,-0.0219098314854571,-0.01132,0.198,3.96,1228000000.0,31263805440.0,3568000000.0,831000000.0,30153000000.0,14330000384.0,2648999936.0,33.037,34003000000.0,10868000000.0,,6129000000.0,-745000000.0,2262000000.0,0.0854641329220973,,322084769.0,0.0380462149611145,0.1390668982451937,1.7732093326806984,1.82938105891126,0.430403199717672,0.361522967604767,0.886774696350322,0.9342024282437196,323889832.0,487000000.0,60.24,[],{},0.0631044277756594,8.76227730941704,37.6219078700361,0.026580257531183,,,0.0298127287077563,0.95,19,20,0.7133333333333334,3.0,22.0,0.36065,0.36065,0.1363636363636363,0.0,1.0,0.1363636363636363,22.0,2,5,"cheapness,dividend",0.37334,False,0.55,0.81,hold,2,29,stable,0.2894,persistent,2026-07-16,neutral,0.5,39.77237483656325
T,AT&T Inc.,Communication Services,174393229312.0,8.399341,9.907466,1.5850773,4.37,0.971,129.054,0.18339,0.052244418107654,0.16943,0.023,0.062,10142000128.0,340574208000.0,44939001856.0,25000000000.0,125648000000.0,165755994112.0,17570000896.0,16.056,420198000000.0,48732000000.0,,53780000000.0,21953000000.0,40284000000.0,0.5955367375525277,,6878770356.0,0.0277308476551121,0.5976572717760921,0.906136110078096,0.6649598907663424,0.3689760541459026,0.356952342354893,0.2990209377483948,0.3098722121607417,7175895450.0,6804000000.0,25.45,[],{},0.0581559282319117,7.578588618663956,13.62296832,0.0734054412012315,0.1190569593495489,,0.0682280892314242,1.0,20,20,0.7741189931350113,12.0,22.0,0.6613818181818182,0.6613818181818182,0.5454545454545454,0.0,1.0,0.5454545454545454,22.0,4,5,"cheapness,quality,dividend,garp",0.6793883333333333,False,0.63335,0.7924,hold,2,29,stable,0.6266,persistent,2026-07-16,neutral,0.375,50.99411273283734
UAL,"United Airlines Holdings, Inc.",Industrials,37127532544.0,10.710673,7.855323,2.2237124,,0.78,201.641,0.23252001,0.0438598786102971,0.05558,0.16,-0.172,910124992.0,54160138240.0,7090999808.0,4972000000.0,59070000000.0,33667999744.0,16636999680.0,51.441,76448000000.0,16857000000.0,,26133000000.0,3353000000.0,8431000000.0,0.2877941425427459,,323470682.0,0.0425063779814532,0.289013896920947,0.645046492939961,0.8099425238054387,0.405975303474257,0.4539907941093098,0.7726820845542067,0.7702576839490841,327899771.0,1167000000.0,114.39,[],{},0.0245134790716675,7.637870498726714,10.893028608205954,0.0918018336284069,0.0933648147039873,,0.098817450064593,0.95,19,20,0.7434650998619952,6.0,22.0,0.4523318181818183,0.4523318181818183,0.2727272727272727,0.0,0.8879,0.2727272727272727,22.0,2,5,"cheapness,quality",0.3867816666666667,False,0.63335,0.7882,hold,2,29,stable,0.291,persistent,2026-07-16,neutral,0.625,53.87012894245532
ED,"Consolidated Edison, Inc.",Utilities,38410403840.0,17.082237,16.003353,1.494152,3.33,1.268,110.113,0.08962,0.0271168719756578,0.12533,0.132,0.221,-844875008.0,65260400640.0,6161999872.0,3000000000.0,16918000000.0,28320000000.0,1470000000.0,69.511,74603000000.0,6750000000.0,,6614000000.0,2023000000.0,4800000000.0,0.5325097529258778,,361121447.0,0.0257929197018225,0.5353303618248558,1.0205624433020866,1.0359085963003265,0.3803600391405171,0.3943340608259403,0.2267737222363711,0.2162070236104419,346597693.0,1233000000.0,103.86,[],{},-0.0219959938853899,10.590782537426188,21.75346688,0.0459696840745598,0.0585403422280114,,0.0441247848916736,1.0,20,20,0.7322580645161292,7.0,22.0,0.4709863636363636,0.4709863636363636,0.3181818181818182,0.0,1.0,0.3181818181818182,22.0,3,5,"cheapness,dividend,garp",0.552185,False,0.43335,0.7871,hold,2,29,stable,0.4558,persistent,2026-07-16,neutral,0.5,37.23061800565123
MTB,M&T Bank Corporation,Financial Services,32893992960.0,12.014823,10.763816,1.2893257,2.64,,,0.10742,0.0133530045431127,0.32092,0.062,0.255,,36215713792.0,,,9632000000.0,18684999680.0,17679998976.0,176.03,213510000000.0,,,,2851000000.0,3003000000.0,,,151832266.0,0.012436029888758,,,,0.06093859772376,0.0653756517142788,0.0451126410940939,0.0443574157276374,165513959.0,3538000000.0,226.96,[],{},,,,,0.0832305228300075,,,0.7,14,20,0.7081540125931796,8.0,22.0,0.5235909090909092,0.5235909090909092,0.3636363636363636,0.0,1.0,0.3636363636363636,22.0,4,5,"cheapness,quality,dividend,garp",0.609485,False,0.53335,0.7863,hold,2,29,stable,0.4184,persistent,2026-07-16,neutral,0.625,32.49249214624288
DAL,"Delta Air Lines, Inc.",Industrials,54253899776.0,13.681592,9.721815,2.4735405,1.08,0.424,96.649,0.20125,0.0615492455452119,0.05784,0.187,-0.254,2817374976.0,70379757568.0,7506999808.0,5822000000.0,63364000000.0,21084000256.0,4664999936.0,33.353,81317000000.0,10968000000.0,,27624000000.0,5005000000.0,8342000000.0,0.2416514108957767,,653171237.0,0.0458658387730191,0.2460620021738072,0.3970460469157255,0.3691038620172478,0.2493205602764489,0.3021148437085389,0.7792220568884735,0.8178501300217588,646472635.0,679000000.0,82.5,[],{},0.0519294463187383,9.375217712540536,12.088587696324288,0.0827226492557161,0.0730909093035371,,0.108431266645559,1.0,20,20,0.7651462051432179,8.0,22.0,0.5122227272727273,0.5122227272727273,0.3636363636363636,0.0,0.852,0.3636363636363636,22.0,4,5,"cheapness,quality,dividend,garp",0.5313549999999999,False,0.63335,0.7833,hold,2,29,stable,0.6194,persistent,2026-07-16,neutral,0.625,53.540732405087674
BRK-B,Berkshire Hathaway Inc.,Financial Services,1074657755136.0,12.626007,22.620667,0.000961289,,2.891,17.142,0.121199995,0.0547940722121854,0.22296,0.1,1.078,71975247872.0,-233931554816.0,130683002880.0,87528000000.0,410522000000.0,128598999040.0,365513998336.0,522225.9,1222176000000.0,,,,66968000000.0,45969000000.0,,,1438223.0,0.0771266707745426,,,,0.1056157214672845,0.1081238013278665,0.3358943392768308,0.3676566301031042,1438223.0,5069000000.0,502.01,[],{},0.0669750416148919,-1.7900687133032,-2.6726482361758523,-0.3741607243573684,0.0792016034839835,,,0.9,18,20,0.7114939070257259,9.0,22.0,0.6115318181818182,0.6115318181818182,0.4090909090909091,0.0,1.0,0.4090909090909091,22.0,3,5,"cheapness,quality,garp",0.5654,False,0.73335,0.7822,hold,2,29,stable,0.4033,persistent,2026-07-16,neutral,0.5,43.71989362773545
VICI,VICI Properties Inc.,Real Estate,26480912384.0,9.321706,8.043478,0.9077869,7.76,11.236,60.277,0.09849,0.059401656975465,0.67496,0.057,-0.414,267028992.0,44455604224.0,3639224064.0,3655301000.0,4006116000.0,17843673088.0,300947008.0,26.493,46724168000.0,19339997000.0,,724974000.0,2775493000.0,2509991000.0,0.993327701943728,,1068811371.0,0.059045020668325,0.993012842911718,26.67681461680005,27.91675515877101,0.378599357831262,0.3890345465421938,0.0857396968523869,0.0848422951913798,1056366685.0,843614000.0,24.05,[],{},0.0100838289907768,12.21568209107116,12.161954439319771,0.0822236265552011,0.1072765006748764,,0.079464457572887,1.0,20,20,0.7436083743842364,10.0,22.0,0.6499909090909093,0.6499909090909093,0.4545454545454545,0.0,1.0,0.4545454545454545,22.0,3,5,"cheapness,dividend,garp",0.6654033333333333,False,0.73335,0.7734,hold,2,29,stable,0.4551,persistent,2026-07-16,neutral,0.625,35.212165733783394
HON,Honeywell International Inc.,Industrials,65441771520.0,7.938485,20.774706,3.5303571,1.36,1.211,185.369,0.46577,0.0641820822192967,0.21581,0.043,2.639,2610374912.0,91520770048.0,8512000000.0,6567000000.0,37442000000.0,34955001856.0,9196000256.0,58.487,73681000000.0,30387000000.0,,23414000000.0,4729000000.0,6408000000.0,0.3693445862934672,,317650000.0,0.0758683972551731,0.3847394648155082,1.2978132741095072,1.3129469326307863,0.482661744547441,0.4265785414117772,0.5081635699841207,0.4616867918506303,324900000.0,1344000000.0,206.48,[],{},0.0398885123579246,10.751970165413534,13.936465668950817,0.0717542039534391,0.1259686199570825,,0.1306423697455587,1.0,20,20,0.7846415524206148,9.0,22.0,0.6255227272727273,0.6255227272727273,0.4090909090909091,0.0,1.0,0.4090909090909091,22.0,4,5,"cheapness,quality,dividend,garp",0.71487,False,0.73335,0.7712,hold,2,29,stable,0.6223,persistent,2026-07-16,accumulate,0.75,38.7232052076864
USB,U.S. Bancorp,Financial Services,94168629248.0,12.063871,10.446211,1.5532882,3.6,,,0.12623,0.0109338552311347,0.29896,0.104,0.216,,130756632576.0,,,28540000000.0,99696001024.0,70379003904.0,38.911,692345000000.0,,,,7570000000.0,7970000000.0,,,1555397637.0,0.0092862049952971,,,,0.0988134528305974,0.0967481328816277,0.0412222230246481,0.0402982082150259,1559796088.0,14321000000.0,60.44,[],{},,,,,0.0828921330475102,,,0.7,14,20,0.7055167916969161,8.0,22.0,0.5300954545454546,0.5300954545454546,0.3636363636363636,0.0,1.0,0.3636363636363636,22.0,3,5,"cheapness,dividend,garp",0.6191333333333333,False,0.53335,0.7693,hold,2,29,stable,0.3097,persistent,2026-07-16,neutral,0.625,39.3710443371105
TRMB,Trimble Inc.,Technology,13466135552.0,,14.005432,2.3736129,,0.954,28.553,-0.01939,0.0455326460481099,-0.027679998,0.11,,686174976.0,14711035904.0,880099968.0,611300000.0,3587300000.0,1459299968.0,214400000.0,24.33,9312000000.0,1631900000.0,,1503400000.0,424000000.0,386200000.0,0.6907423410364341,,236000000.0,0.1585531654774828,0.650585073168083,1.0854729280297992,1.2697986577181208,0.1495060137457044,0.1465594468977583,0.3852341065292096,0.3881938808848792,245800000.0,74400000.0,57.75,[],{},0.0509555969751165,16.715187409255762,24.065165882545397,0.0415538378119099,,,0.0782854801116717,0.9,18,20,0.6433309126119583,3.0,22.0,0.3235954545454545,0.3235954545454545,0.1363636363636363,0.0,1.0,0.1363636363636363,22.0,2,5,"cheapness,risk",0.313465,True,0.9,0.7594,hold,2,29,stable,0.2525,persistent,2026-07-16,neutral,0.625,48.17213924186533
DUK,Duke Energy Corporation,Utilities,91022434304.0,17.581326,16.278618,1.6932092,3.69,0.661,162.155,0.098570004,0.0253811255977439,0.15995,0.011,0.106,-4477374976.0,185640435712.0,16616999936.0,8577000000.0,32237000000.0,92205998080.0,673000000.0,68.946,195736000000.0,11613000000.0,,21047000000.0,4968000000.0,12330000000.0,0.5117721872382666,,777661224.0,0.0242778102746011,0.5006094146325395,0.5517650971634912,0.6690086273699437,0.4642426533698451,0.4573823540460334,0.1646963256631381,0.1629092587325523,776000000.0,3634000000.0,116.74,[],{},-0.0491897960127752,11.171717904976228,21.64398224460767,0.0462022186443595,0.0568785312325134,,0.0490986839468999,1.0,20,20,0.7209677419354839,7.0,22.0,0.4547181818181818,0.4547181818181818,0.3181818181818182,0.0,1.0,0.3181818181818182,22.0,4,5,"cheapness,quality,dividend,garp",0.5348816666666667,False,0.43335,0.7468,hold,2,29,stable,0.5871,persistent,2026-07-16,neutral,0.5,33.3605547149601
UHS,"Universal Health Services, Inc.",Healthcare,10298566656.0,7.129335,7.281016,1.3706174,0.45,1.116,68.74,0.20948,0.0958806686908911,0.08424,0.083,0.101,498316992.0,15563367424.0,2699612928.0,1994015000.0,17364829000.0,5262175232.0,138800000.0,127.49,15527593000.0,3407915000.0,,3239601000.0,1488796000.0,1864397000.0,0.9044615411991676,,61064008.0,0.0789299800570141,0.8996845766677712,1.0519551636142843,1.2741043953011346,0.3327304495938295,0.3424682072923311,1.118320721054448,1.0938638258341593,64977334.0,152257000.0,174.74,[],{},0.0483870240049063,5.765036632688699,7.805040295083036,0.1281223366175281,0.1402655366875031,,0.1622734617665766,1.0,20,20,0.748237639553429,13.0,22.0,0.6692227272727274,0.6692227272727274,0.5909090909090909,0.0,1.0,0.5909090909090909,22.0,4,5,"cheapness,quality,dividend,garp",0.6594533333333333,False,0.73335,0.7385,hold,2,29,stable,0.5947,persistent,2026-07-16,neutral,0.5,53.027975783783454
NOC,Northrop Grumman Corporation,Industrials,74818912256.0,16.724674,17.295912,4.18356,1.87,1.168,95.348,0.26958,0.0813982910640948,0.104820006,0.051,-0.058,2478000128.0,89563914240.0,7255000064.0,4280000000.0,41954000000.0,17052000256.0,2307000064.0,125.888,51377000000.0,15287000000.0,,13882000000.0,4182000000.0,4757000000.0,0.1981455880249797,,141997194.0,0.084564111914747,0.2037871956717764,1.1012102002593287,1.0103340883352208,0.3312571773361621,0.3340829433335359,0.8165910816123947,0.8313174902246804,144952026.0,665000000.0,526.66,[],{},0.0331199699819383,12.345129352158748,20.92614818691589,0.047787103057277,0.0597918978869184,,0.1141485531404187,1.0,20,20,0.71136211336083,6.0,22.0,0.5010136363636364,0.5010136363636364,0.2727272727272727,0.0,0.9077,0.2727272727272727,22.0,4,5,"cheapness,quality,dividend,garp",0.5855033333333333,False,0.73335,0.7326,hold,2,29,stable,0.5776,persistent,2026-07-16,accumulate,0.75,44.48337347541194
ELV,"Elevance Health, Inc.",Healthcare,88766767104.0,18.111061,13.856334,1.9774768,1.67,1.518,68.953,0.11133,0.0466031244341284,0.02468,0.014,-0.131,4306375168.0,82435768320.0,8323999744.0,8112000000.0,199125000000.0,31043999744.0,37513998336.0,206.986,121494000000.0,,,,5662000000.0,4290000000.0,,,220723898.0,0.0511596471866471,,,,0.2637661119067608,0.2671936623634388,1.6389698256704035,1.5126316419851311,227479695.0,1402000000.0,409.31,[],{},0.0485133717098721,9.90338429304017,10.16220023668639,0.0984038866297789,0.0552148766988306,,,0.95,19,20,0.7023639907850435,5.0,22.0,0.4460863636363636,0.4460863636363636,0.2272727272727272,0.0,0.9049,0.2272727272727272,22.0,3,5,"cheapness,dividend,garp",0.5152016666666667,False,0.73335,0.7312,hold,2,29,stable,0.4086,persistent,2026-07-16,neutral,0.5,53.23108888153728
SYF,Synchrony Financial,Financial Services,24402812928.0,7.6923075,7.198325,1.6055487,1.81,,,0.20786,0.0298249296779881,0.35507,0.006,0.036,,26357813248.0,,,14981000000.0,16432000000.0,16193000448.0,46.713,119095000000.0,,,,3552000000.0,9851000000.0,,,347400000.0,0.0292894034136092,,,,0.1274780637306352,0.1294291956505361,0.1257903354464923,0.1260306538426123,388261077.0,4135000000.0,75.0,[],{},,,,,0.13000000325,,,0.7,14,20,0.742585255446052,8.0,22.0,0.5476545454545455,0.5476545454545455,0.3636363636363636,0.0,1.0,0.3636363636363636,22.0,4,5,"cheapness,quality,dividend,garp",0.5762716666666667,False,0.53335,0.7288,hold,2,29,stable,0.412,persistent,2026-07-16,neutral,0.625,41.44903402827525
PNC,"The PNC Financial Services Group, Inc.",Financial Services,93053616128.0,12.844163,10.898162,1.6029384,3.43,,,0.12623,0.012092640505464,0.31366,0.236,0.249,,173490618368.0,,,23077000000.0,87963000832.0,13459000320.0,145.514,573572000000.0,,,,6936000000.0,4384000000.0,,,390413875.0,0.0105153578864291,,,,0.099553325476139,0.1101228845185505,0.040233832892819,0.0371564072437941,395937013.0,10897000000.0,233.25,[],{},,,,,0.0778563772508959,,,0.7,14,20,0.6666758007550847,7.0,22.0,0.5111954545454546,0.5111954545454546,0.3181818181818182,0.0,1.0,0.3181818181818182,22.0,3,5,"cheapness,dividend,garp",0.586045,False,0.36665,0.7263,hold,2,29,stable,0.2925,persistent,2026-07-16,neutral,0.625,34.89564482256377
PEG,Public Service Enterprise Group Incorporated,Utilities,34538655744.0,17.241293,14.833855,1.9918382,3.84,0.877,142.409,0.11835,0.0366645824649159,0.16041,-0.089,-0.427,107750000.0,59031490560.0,4463000064.0,2980000000.0,12168000000.0,24678000640.0,192000000.0,34.797,57576000000.0,4596000000.0,,5740000000.0,2111000000.0,3298000000.0,0.3482084155161078,,498153976.0,0.0324304538799414,0.3435374149659864,0.8006968641114982,0.6510376633358954,0.4203487564262887,0.4183748169838945,0.2113380575239683,0.1883235724743777,498225421.0,961000000.0,69.31,[],{},0.0031196929260548,13.226863032373014,19.809225020134228,0.0504815306496641,0.0580002903494534,,0.0574890037811559,1.0,20,20,0.7370967741935484,6.0,22.0,0.4594318181818181,0.4594318181818181,0.2727272727272727,0.0,0.9495,0.2727272727272727,22.0,4,5,"cheapness,quality,dividend,garp",0.5463466666666666,False,0.53335,0.721,hold,2,29,stable,0.5832,persistent,2026-07-16,neutral,0.625,27.009612429999663
CFG,"Citizens Financial Group, Inc.",Financial Services,28370468864.0,14.675381,10.313051,1.1827712,2.74,,,0.08270001,0.0080892065862311,0.26051,0.147,0.413,,32963469312.0,,,8247000000.0,16348999680.0,13866999808.0,56.951,226351000000.0,,,,1831000000.0,2211000000.0,,,429242174.0,0.0069372612299502,,,,0.0498429430397921,0.0570105874835073,0.0364345640178307,0.0358999820706966,440543381.0,3810000000.0,67.36,[],{},,,,,0.0681413313903059,,,0.7,14,20,0.6201436305747595,7.0,22.0,0.5423,0.5423,0.3181818181818182,0.0,1.0,0.3181818181818182,22.0,4,5,"cheapness,quality,dividend,garp",0.6266200000000001,False,0.53335,0.7139,hold,2,29,stable,0.3735,persistent,2026-07-16,neutral,0.625,38.12593191203315
COF,Capital One Financial Corporation,Financial Services,125718421504.0,11.284141,8.5240135,1.2207866,1.58,,,0.09031,0.0036666173399759,0.21867001,11.11,,,128884310016.0,,,53434000000.0,48994000896.0,56639000576.0,167.859,669009000000.0,,,,2453000000.0,27718000000.0,,,625102271.0,0.009691029574982,,,,0.0753547411170851,0.091787311483972,0.0798703754359059,0.0797969576287784,381230343.0,15818000000.0,204.92,[],{},,,,,0.0886199490063089,,,0.7,14,20,0.6514635103053079,5.0,22.0,0.4271727272727272,0.4271727272727272,0.2272727272727272,0.0,1.0,0.2272727272727272,22.0,2,5,"cheapness,dividend",0.392675,False,0.53335,0.7107,hold,2,22,stable,0.1907,persistent,2026-07-25,neutral,0.625,40.77168905567054
DOW,Dow Inc.,Basic Materials,20420573184.0,,15.88845,1.2875752,4.87,1.749,111.913,-0.0554,-0.0448085004612388,-0.03129,0.197,,237624992.0,37127573504.0,3963000064.0,158000000.0,39968000000.0,19435999232.0,4236000000.0,21.956,58538000000.0,18062000000.0,,9183000000.0,-2623000000.0,1032000000.0,0.0633757005604483,,717222413.0,0.0194723618090452,0.1072060329578251,1.966895350103452,1.6125583203732503,0.3347910758823328,0.3078761864879955,0.6827701663876456,0.7496510329424902,703612794.0,865000000.0,28.27,[],{},0.0116365485855306,9.368552335203798,234.98464243037972,0.0042555972580049,,,0.0032012967277884,0.95,19,20,0.5966666666666668,1.0,22.0,0.3046136363636363,0.3046136363636363,0.0454545454545454,0.0,1.0,0.0454545454545454,22.0,1,5,cheapness,0.32061,False,0.55,0.7067,hold,2,29,stable,0.1238,persistent,2026-07-16,neutral,0.5,38.75532516989713
HCA,"HCA Healthcare, Inc.",Healthcare,94497103872.0,14.2895,13.302421,-13.978604,0.73,0.993,,,0.111725955204216,0.08768,0.087,0.116,3738125056.0,146078138368.0,15747000320.0,11965000000.0,75600000000.0,51552002048.0,1130000000.0,-30.473,60720000000.0,15783000000.0,,16350000000.0,6784000000.0,12636000000.0,0.415,,224605100.0,0.0967855762606489,0.4061867059473393,0.9653211009174312,1.0815049087434934,0.8019927536231884,0.760119637726211,1.245059288537549,1.1863458404046174,249981400.0,2248000000.0,425.97,[],{},0.0395580912306416,9.276569213151577,12.208787159882991,0.0819082179830206,0.0699814549144476,,0.2696641875140861,0.9,18,20,0.713266190166775,6.0,22.0,0.5480590909090909,0.5480590909090909,0.2727272727272727,0.0,1.0,0.2727272727272727,22.0,4,5,"cheapness,quality,dividend,garp",0.5253566666666667,False,0.53335,0.6989,hold,2,17,stable,0.5084,persistent,2026-07-26,neutral,0.375,57.395876302881156
WFC,Wells Fargo & Company,Financial Services,261696897024.0,12.578488,10.951714,1.6268752,2.32,,,0.12575,0.0099309746531628,0.27232,0.095,0.25,,261235900416.0,,,83699000000.0,478470012928.0,496412000256.0,53.194,2148631000000.0,,,,21338000000.0,-19001000000.0,,,3092618850.0,0.0102194735846661,,,,0.0898409266179255,0.0910860716793317,0.0389545715388077,0.0426438392720658,3288943829.0,39830000000.0,86.54,[],{},,,,,0.0795008112262777,,,0.7,14,20,0.6377255645341141,6.0,22.0,0.482640909090909,0.482640909090909,0.2727272727272727,0.0,1.0,0.2727272727272727,22.0,3,5,"cheapness,dividend,garp",0.5476116666666667,False,0.36665,0.6869,hold,2,24,stable,0.2782,persistent,2026-07-16,neutral,0.375,46.55730520512105
IVZ,Invesco Ltd.,Financial Services,13854262272.0,,9.598972,1.3907725,2.82,0.708,12.056,-0.0057300003,-0.0103971358972466,-0.00934,0.205,,1140787456.0,18071662592.0,1444800000.0,-695700000.0,6377100000.0,1624000000.0,915400000.0,22.563,27094000000.0,10765800000.0,,897000000.0,-281700000.0,1525300000.0,0.3523858807294852,,444000000.0,0.0286868402637649,0.3341354870611505,12.002006688963212,10.11813583815029,0.3611316158559091,0.2794041963945218,0.2353694544917694,0.2246296591123666,448000000.0,82500000.0,31.38,[],{},0.0823419849864958,12.50807211517165,-25.97622911024867,-0.0384967346783009,,,-0.0265564759323586,0.95,19,20,0.6017303469477382,3.0,22.0,0.4136227272727273,0.4136227272727273,0.1363636363636363,0.0,1.0,0.1363636363636363,22.0,2,5,"cheapness,risk",0.3987183333333333,True,0.65,0.6823,hold,2,16,stable,0.244,persistent,2026-08-02,neutral,0.625,49.32804153735346
DVN,Devon Energy Corporation,Energy,52349001728.0,10.345653,8.885578,1.3108387,2.63,0.717,28.488,0.11522,0.083610240830406,0.17464,0.642,0.44,782625024.0,63291998208.0,8924000256.0,3856000000.0,17188000000.0,11893000192.0,950000000.0,36.305,31599000000.0,4006000000.0,,4086000000.0,2642000000.0,6711000000.0,0.2554689318128927,,622000000.0,0.0948210830135458,0.2954830614805521,0.9804209495839452,1.0356603203384709,0.2717174594132726,0.3018465676145495,0.5439412639640495,0.5228115057889731,651000000.0,497000000.0,47.59,[],{},0.0149501422790531,7.092334871398731,16.41389995020747,0.060923973158942,0.0966589542487071,,0.1401519281794061,1.0,20,20,0.6214285714285714,10.0,22.0,0.6920045454545455,0.6920045454545455,0.4545454545454545,0.0,1.0,0.4545454545454545,22.0,4,5,"cheapness,quality,dividend,garp",0.7522333333333333,False,0.73335,0.669,hold,2,15,stable,0.5162,persistent,2026-08-16,neutral,0.5,48.89354953613842
PNW,Pinnacle West Capital Corporation,Utilities,11308913664.0,17.909788,16.764252,1.6074904,3.86,0.594,233.288,0.09365,0.0205294097060899,0.11525,0.071,-0.095,-929501376.0,27845416960.0,2149111040.0,1067630000.0,5339939000.0,16505294848.0,9124000.0,58.047,30031599000.0,1703709000.0,,3161026000.0,616531000.0,1805095000.0,0.4160073738670048,,120903871.0,0.0233234339970179,0.4170201847250149,0.5389734219206043,0.5940663134534567,0.4761528681839418,0.4232633637209245,0.1778106786788142,0.1963361345696777,119096814.0,421968000.0,93.31,[],{},-0.0821919243188591,12.956713935078945,26.081523524067325,0.0383413184846056,0.0558353901229875,,0.0397323123701158,1.0,20,20,0.6258064516129033,5.0,22.0,0.4012545454545455,0.4012545454545455,0.2272727272727272,0.0,0.9524,0.2272727272727272,22.0,3,5,"cheapness,dividend,garp",0.4990283333333333,False,0.53335,0.6613,hold,2,29,stable,0.3861,persistent,2026-07-16,neutral,0.625,26.122283663942426
BAC,Bank of America Corporation,Financial Services,405299691520.0,13.385681,10.958447,1.4732348,2.22,,,0.111990005,0.0089423631005663,0.29524,0.168,0.341,,351138709504.0,,,113097000000.0,788985020416.0,868142022656.0,39.342,3411738000000.0,,,,30509000000.0,12613000000.0,,,7212464345.0,0.0082706308130594,,,,0.1072485636353084,0.1001656088570842,0.0331493801692861,0.0324582321338828,7610862311.0,78470000000.0,57.96,[],{},,,,,0.0747066959088596,,,0.7,14,20,0.6011525954255221,6.0,22.0,0.4840045454545454,0.4840045454545454,0.2727272727272727,0.0,1.0,0.2727272727272727,22.0,3,5,"cheapness,dividend,garp",0.5555133333333334,False,0.36665,0.6607,hold,2,29,stable,0.265,persistent,2026-07-16,neutral,0.625,31.612394229967876
C,Citigroup Inc.,Financial Services,226537848832.0,14.552802,10.471485,1.1770295,2.03,,,0.08529,0.0053838586603502,0.21832001,0.155,0.61,,34422837248.0,,,85213000000.0,881620025344.0,1095719976960.0,114.738,2657202000000.0,,,,14306000000.0,-67632000000.0,,,1747547001.0,0.0053898412415079,,,,0.1383805220679496,0.1427168930850487,0.0320686948150723,0.0342855442859905,1877071466.0,83072000000.0,135.05,[],{},,,,,0.0687152893305357,,,0.7,14,20,0.588163605363094,6.0,22.0,0.5,0.5,0.2727272727272727,0.0,1.0,0.2727272727272727,22.0,3,5,"cheapness,dividend,garp",0.564285,False,0.36665,0.6587,hold,2,29,stable,0.2618,persistent,2026-07-16,neutral,0.625,50.44110655372498
GPN,Global Payments Inc.,Industrials,22569302016.0,40.421803,5.334339,0.9809763,1.18,0.825,98.273,0.02428,0.0262494712073181,-0.091529995,0.686,-0.952,7867763200.0,41575092224.0,4482187776.0,1471866000.0,7705878000.0,23555809280.0,5408962048.0,86.944,53338484000.0,12602671000.0,,7456844000.0,1400107000.0,2656592000.0,0.7257442954586096,,236692592.0,0.0334902209424964,0.7371407851891877,1.6900810852419603,0.9645782615357108,0.4099362104104796,0.3553191809257595,0.1444712601880473,0.1649803354662925,248708899.0,649643000.0,85.29,[],{},0.3486046309461553,9.27562482915486,28.246519876130023,0.0354025913417057,0.0247391240811301,,0.0320796292373158,1.0,20,20,0.5816943907772658,2.0,22.0,0.3725090909090909,0.3725090909090909,0.0909090909090909,0.0,1.0,0.0909090909090909,22.0,2,5,"cheapness,risk",0.3474899999999999,True,0.7,0.65,hold,2,29,stable,0.2463,persistent,2026-07-16,neutral,0.625,41.730103239065606
WBD,"Warner Bros. Discovery, Inc.",Communication Services,77219807232.0,,447.99997,2.352402,,0.777,94.199,-0.08786,0.0072638257481141,-0.08769,-0.112,-0.906,16167374848.0,107098660864.0,7792999936.0,1309000000.0,37296000000.0,32022999040.0,3411000064.0,13.093,100085000000.0,13206000000.0,,12500000000.0,727000000.0,4319000000.0,0.4400203775203775,,2480000000.0,-0.1081771231828615,0.4158337783881387,1.05648,0.8904490828589501,0.3253934155967428,0.3778213465952563,0.3726432532347504,0.3760615914307574,2454000000.0,2085000000.0,30.8,[],{},0.2093682363053118,13.742931059097598,81.8171587960275,0.012222375045961,,,0.0149454815322258,0.9,18,20,0.5652173913043477,3.0,22.0,0.2608545454545454,0.2608545454545454,0.1363636363636363,0.0,1.0,0.1363636363636363,22.0,3,5,"cheapness,quality,risk",0.2615733333333333,True,0.7,0.6482,hold,2,1,deteriorating,0.2048,new,2026-09-22,neutral,0.375,75.8399437645794
FITB,Fifth Third Bancorp,Financial Services,48329408512.0,17.949495,10.795017,1.496253,3.18,,,0.08438,0.0117643766093219,0.23239,0.518,-0.057,,66758443008.0,,,8821000000.0,24935000064.0,8705000448.0,35.629,214376000000.0,,,,2522000000.0,4514000000.0,,,661197787.0,0.0108675743329873,,,,0.0651145650632533,0.086860755094469,0.0411473299249916,0.0388583880860576,669853830.0,3921000000.0,53.31,[],{},,,,,0.0557118737880926,,,0.7,14,20,0.5491211504364591,5.0,22.0,0.456,0.456,0.2272727272727272,0.0,1.0,0.2272727272727272,22.0,4,5,"cheapness,quality,dividend,garp",0.53501,False,0.53335,0.6387,hold,2,29,stable,0.3326,persistent,2026-07-16,neutral,0.625,41.20827741293096
AFL,Aflac Incorporated,Financial Services,57744719872.0,12.425026,15.272945,1.9084703,2.1,0.892,53.365,0.16908,0.031304198506053,0.26908,-0.01,0.468,5152249856.0,64985722880.0,6064999936.0,4753000000.0,17355000000.0,16176000000.0,8935000064.0,60.352,116470000000.0,,,,3646000000.0,2555000000.0,,,518690000.0,0.0462973989078475,,,,0.0721988494891388,0.0637769423132538,0.1490083283248905,0.1627001003691543,549964000.0,220000000.0,115.18,[],{},0.0892246055989318,10.71487610317429,13.672569509783294,0.0731391417892926,0.0804827289697421,,,0.95,19,20,0.6326478891952039,9.0,22.0,0.5919909090909091,0.5919909090909091,0.4090909090909091,0.0,1.0,0.4090909090909091,22.0,4,5,"cheapness,quality,dividend,garp",0.69494,False,0.73335,0.6378,hold,2,32,stable,0.4828,persistent,2026-07-16,neutral,0.625,40.60023327885159
PCG,PG&E Corporation,Utilities,38850625536.0,9.309352,7.1824245,0.8817116,1.52,1.216,189.45,0.09318,0.0190875002648099,0.11828,0.001,0.398,-6150125056.0,94060625920.0,10453000192.0,4849000000.0,24935000000.0,64703000576.0,972000000.0,14.676,141611000000.0,15830000000.0,,16300000000.0,2703000000.0,8716000000.0,0.3958291558050932,,2197942874.0,0.0187939548107137,0.375035832753184,0.9711656441717792,1.0542559706062462,0.4331231330899436,0.4365030674846625,0.1760809541631653,0.1826948975011222,2193573536.0,3028000000.0,12.94,[],{},-0.158301828378571,8.99843338680769,19.39794306454939,0.05155185767235,0.1074188622365982,,0.0386957250361101,1.0,20,20,0.5983870967741935,8.0,22.0,0.566540909090909,0.566540909090909,0.3636363636363636,0.0,1.0,0.3636363636363636,22.0,4,5,"cheapness,quality,dividend,garp",0.5962583333333333,False,0.43335,0.6242,hold,2,29,stable,0.489,persistent,2026-07-16,neutral,0.625,31.439424697896442
TDY,Teledyne Technologies Incorporated,Technology,28218150912.0,29.424154,22.75503,2.585888,,2.181,18.565,0.09154,0.0585399043525478,0.15292,0.098,0.212,912675008.0,29921212416.0,1592400000.0,1149800000.0,6115400000.0,2027000064.0,340100000.0,235.54,15285300000.0,3055600000.0,,1860100000.0,894800000.0,1191300000.0,0.4275762828269614,,46185578.0,0.0576881095736065,0.4294179894179894,1.6427073813235848,2.334020291693088,0.1728523483346745,0.1963874511460864,0.4000837405873617,0.3992817154325552,46706612.0,59600000.0,609.08,[],{},0.0323435440843105,18.790010308967595,26.022971313271874,0.0384275872252141,0.0339856840064118,,0.0856449065935703,0.95,19,20,0.5735039368848128,3.0,22.0,0.3953590909090909,0.3953590909090909,0.1363636363636363,0.0,1.0,0.1363636363636363,22.0,2,5,"quality,risk",0.4186666666666666,True,1.0,0.623,hold,2,29,stable,0.2273,persistent,2026-07-16,accumulate,0.75,43.03745401709657
AES,The AES Corporation,Utilities,10576129024.0,5.554307,6.256064,2.1399713,4.75,0.746,256.886,0.095740005,0.0175784268273837,0.1434,0.199,,-3089125120.0,49552293888.0,4070000128.0,1970000000.0,12233000000.0,32942999552.0,1852999936.0,6.93,51768000000.0,6502000000.0,,8492000000.0,910000000.0,4306000000.0,0.1807406196354124,,712201777.0,0.0354174577057756,0.1884671770646685,0.7656617993405558,0.7969898494924746,0.5775189306135065,0.6121166097118508,0.2363042806366867,0.2589967514660591,711074269.0,1407000000.0,14.83,[],{},-0.2920846666100581,12.175010400392791,25.15344867411168,0.0397559799038298,0.1800404622934958,,0.0455217672612995,1.0,20,20,0.5741935483870968,5.0,22.0,0.4318272727272727,0.4318272727272727,0.2272727272727272,0.0,1.0,0.2272727272727272,22.0,2,5,"cheapness,dividend",0.4044733333333333,False,0.33335,0.621,hold,2,32,stable,0.239,persistent,2026-07-16,neutral,0.375,62.21805912341795
FERG,Ferguson Enterprises Inc.,Industrials,41812869120.0,21.273623,17.24409,6.742996,1.66,1.729,111.063,,,0.063200004,0.046,0.069,,48262868992.0,3070599936.0,,31446200320.0,6887000064.0,437000000.0,32.054,17729000000.0,10146000000.0,,6028000000.0,,1908000000.0,,,194128511.0,0.1119961380642046,0.3067095767505364,1.6831453218314532,1.804064417177914,0.3365108015116476,0.3329109341057205,1.7737153996277286,1.8562635771180305,201343253.0,,216.14,[],{},,15.717732690006804,,,0.0470065677106339,,,0.75,15,20,0.617986196835372,2.0,22.0,0.3357409090909091,0.3357409090909091,0.0909090909090909,0.0,1.0,0.0909090909090909,22.0,2,5,"dividend,garp",0.4051949999999999,False,0.4,0.619,hold,2,15,stable,0.1855,persistent,2026-08-16,neutral,0.625,36.61472323805347
PSKY,Paramount Skydance Corporation,Communication Services,11091005440.0,330.33334,11.647861,0.9438095,1.96,1.04,126.479,-0.00896,-0.1428175903280882,-0.021329999,0.009,-0.541,17593124864.0,26732482560.0,3310000128.0,1608000000.0,29213000000.0,16202000384.0,1627000064.0,10.5,43342000000.0,13320000000.0,,10599000000.0,-6190000000.0,752000000.0,0.2963749015849108,,1107500087.0,-0.0131681538594819,0.2449750438418993,1.2567223322954997,1.3022531408991798,0.3416547459738821,0.3367625400675734,0.6740113515758387,0.6422073984232869,670702683.0,860000000.0,9.91,[],{},1.5862515764846654,8.076278406717934,16.624678208955224,0.0601515402241788,0.003027245145767,,0.0491097333781266,1.0,20,20,0.5640274599542335,1.0,22.0,0.3665590909090909,0.3665590909090909,0.0454545454545454,0.0,1.0,0.0454545454545454,22.0,1,5,cheapness,0.3185433333333333,False,0.45,0.6179,hold,2,29,stable,0.1182,persistent,2026-07-16,neutral,0.625,42.944179398417376
CCI,Crown Castle Inc.,Real Estate,31151847424.0,29.885714,25.358631,-9.538822,5.82,0.522,,,0.0140871882733676,0.20716,-0.049,-0.675,1036249984.0,53513846784.0,2689999872.0,2086000000.0,4264000000.0,23403999232.0,1042000000.0,-7.676,31518000000.0,1144000000.0,,4479000000.0,444000000.0,3057000000.0,0.7408536585365854,,435479010.0,-0.1192265395894428,0.7556053811659192,0.2554141549453003,0.5006890215893431,0.9380671362396092,0.8974828934506354,0.1352877720667555,0.1362414467253176,434598208.0,941000000.0,73.22,[],{},0.0332644793066639,19.89362428638807,25.653809580057526,0.0389805653183521,0.0334608033791663,,0.0771478235141832,0.9,18,20,0.616370187921912,3.0,22.0,0.4460954545454544,0.4460954545454544,0.1363636363636363,0.0,1.0,0.1363636363636363,22.0,3,5,"dividend,garp,risk",0.499205,True,0.5,0.6166,hold,2,16,stable,0.3329,persistent,2026-08-02,neutral,0.5,45.01565052348623
ON,ON Semiconductor Corporation,Technology,27921932288.0,46.87582,15.835376,3.867767,,3.464,65.055,0.08312,0.0096613728731006,0.10168,0.092,0.366,1656649984.0,28785735680.0,2089900032.0,751100000.0,5995400000.0,4709000192.0,3864499968.0,18.543,12524100000.0,5823100000.0,,1287700000.0,121000000.0,1759800000.0,0.3309036928311705,,396740551.0,0.1116268506295334,0.4541038928031854,4.522093655354508,5.058435720707222,0.2399214314801063,0.2389600987948729,0.4787090489536174,0.5026544024755497,422955173.0,70900000.0,71.72,[],{},0.0593314949306706,13.77373809236824,38.32477124217814,0.0260927845773924,0.0213329601487504,,0.066845252927984,0.95,19,20,0.5512050295435672,3.0,22.0,0.2971590909090909,0.2971590909090909,0.1363636363636363,0.0,1.0,0.1363636363636363,22.0,2,5,"cheapness,risk",0.3465466666666666,True,1.0,0.6149,hold,2,29,stable,0.2216,persistent,2026-07-16,neutral,0.625,45.63495156691791
PPL,PPL Corporation,Utilities,24871606272.0,19.556211,15.605522,1.6527479,3.42,0.905,135.434,0.086330004,0.0261029086729732,0.13471,0.042,0.212,-1938375040.0,44915605504.0,3759000064.0,2129000000.0,9042000000.0,20376000512.0,332000000.0,19.997,45244000000.0,3931000000.0,,4546000000.0,1181000000.0,2629000000.0,0.4273390842733908,,751041000.0,0.021622148092235,0.4009690380524698,0.8647162340519138,0.8640864086408641,0.4276810184775882,0.4092137622050695,0.1998497038281319,0.2060434877888431,738033000.0,808000000.0,33.05,[],{},-0.0779352575302781,11.948817435295473,21.09704344950681,0.047400006659387,0.0511346497539835,,0.0523121529313479,1.0,20,20,0.5580645161290322,6.0,22.0,0.4520681818181817,0.4520681818181817,0.2727272727272727,0.0,1.0,0.2727272727272727,22.0,3,5,"cheapness,dividend,garp",0.5493983333333333,False,0.53335,0.6113,hold,2,29,stable,0.3508,persistent,2026-07-16,neutral,0.5,33.506902457569325
NCLH,Norwegian Cruise Line Holdings Ltd.,Consumer Cyclical,6538834944.0,8.630303,8.415031,2.5414956,,0.2,621.051,0.3673,0.018776383952355,0.07492,0.049,6.163,-1680301312.0,22299553792.0,2594191872.0,1560868000.0,9827592000.0,15978818560.0,218100000.0,5.603,22541401000.0,1138541000.0,,5452577000.0,423246000.0,2089746000.0,0.4261907698243883,,455257489.0,0.0455816532264626,0.3999044901547536,0.2088078719475213,0.1747323281204456,0.6479710821878374,0.6560147214212493,0.4359796447434655,0.4746990845331486,439861281.0,953506000.0,14.24,[],{},-0.25697258401389,8.595953920250352,14.286636533005996,0.069995481279987,0.1158707869237036,,0.0913385262789294,0.95,19,20,0.5888618019260974,4.0,22.0,0.4493727272727273,0.4493727272727273,0.1818181818181818,0.0,0.986,0.1818181818181818,22.0,2,5,"cheapness,garp",0.4252766666666667,False,0.33335,0.6109,hold,2,29,stable,0.228,persistent,2026-07-16,accumulate,0.75,28.61874659279222
SJM,The J. M. Smucker Company,Consumer Defensive,12805962752.0,56.01869,11.014789,2.3064935,3.64,0.87,120.682,0.03931,-0.0085514877245767,0.02506,0.05,,1464337536.0,19702962176.0,2263899904.0,1343000000.0,9050900000.0,6940199936.0,43200000.0,51.975,16219400000.0,1973100000.0,,2538200000.0,-138700000.0,1473600000.0,0.3352705255830912,,106661858.0,-0.0700779466273422,0.3878823300214299,0.7773619100149712,0.8094268476621418,0.4370691887492756,0.4419272004691601,0.5580292735859527,0.4968371547488228,106425081.0,381200000.0,119.88,[],{},0.114348102080127,8.703106591058894,14.670857912137008,0.0681623396524557,0.017851185024141,,0.0981639037511329,1.0,20,20,0.5435416666666667,3.0,22.0,0.3519545454545454,0.3519545454545454,0.1363636363636363,0.0,1.0,0.1363636363636363,22.0,2,5,"cheapness,dividend",0.3458233333333333,False,0.55,0.6105,hold,2,29,stable,0.2308,persistent,2026-07-16,neutral,0.5,41.349194004677386
HAS,"Hasbro, Inc.",Consumer Cyclical,12372420608.0,15.6085415,13.46698,17.572115,3.2,1.661,531.042,1.5956,-0.0580691642651296,0.15968001,0.162,,688150016.0,14897520640.0,1300199936.0,1058000000.0,4701300000.0,3878200064.0,1378200064.0,4.992,5552000000.0,2583700000.0,,1871100000.0,-322400000.0,893200000.0,0.645821368557633,,140385121.0,0.0608173114836837,0.6460645629307218,1.380845491956603,1.600299721687005,0.5935698847262247,0.5379240729933915,0.8467759365994236,0.6522562023878996,139528691.0,163400000.0,87.72,[],{},0.055619675227905,11.457869076529471,14.08083236294896,0.0710185288926037,0.0640674851010262,,0.2874297046917873,1.0,20,20,0.6326593516424582,7.0,22.0,0.4580727272727273,0.4580727272727273,0.3181818181818182,0.0,0.8486,0.3181818181818182,22.0,3,5,"cheapness,quality,dividend",0.4624316666666667,False,0.55,0.6104,hold,2,29,stable,0.3729,persistent,2026-07-16,neutral,0.625,36.7373011529383
ZBRA,Zebra Technologies Corporation,Technology,16711699456.0,32.128204,15.803846,4.8401737,,0.516,86.23,0.15286,0.0492825217595859,0.092180006,0.204,1.215,576750016.0,19403472896.0,1184000000.0,800000000.0,5396000000.0,2961999872.0,157000000.0,72.485,8502000000.0,1796000000.0,,1852000000.0,419000000.0,917000000.0,0.4805411415863602,,49592946.0,0.0662650602409638,0.4844408753262397,0.9697624190064796,1.431924882629108,0.3172194777699365,0.2964357429718876,0.6346741943072218,0.6251255020080321,51506059.0,108000000.0,350.84,[],{},0.0345117513343581,16.388068324324323,24.25434112,0.0412297326508451,0.0311253003747112,,0.1203007518796992,0.95,19,20,0.565493050932047,2.0,22.0,0.3359590909090909,0.3359590909090909,0.0909090909090909,0.0,1.0,0.0909090909090909,22.0,2,5,"garp,risk",0.40078,True,0.8,0.6087,hold,2,29,stable,0.2231,persistent,2026-07-16,neutral,0.5,53.11180469316024
BAX,Baxter International Inc.,Healthcare,11854717952.0,,11.260066,1.9101967,0.18,1.946,156.449,-0.14371,-0.0477187733732236,-0.09268,0.053,0.368,1000374976.0,19344717824.0,1884000000.0,177000000.0,11244000000.0,9667000320.0,2150000128.0,12.004,20055000000.0,6872000000.0,,2970000000.0,-957000000.0,845000000.0,0.3005158306652437,,514281327.0,-0.0251726010394849,0.3745769086122602,2.3138047138047138,1.359698970972201,0.487658937920718,0.5216430067488945,0.5606581899775617,0.4125358777441626,510927308.0,290000000.0,22.93,[],{},0.084386231713866,10.26789693418259,109.2921910960452,0.0091497845360352,,,0.0103599648814749,0.95,19,20,0.5494949494949494,2.0,22.0,0.3053818181818181,0.3053818181818181,0.0909090909090909,0.0,1.0,0.0909090909090909,22.0,2,5,"cheapness,dividend",0.2899466666666667,False,0.55,0.5933,hold,2,29,stable,0.2171,persistent,2026-07-16,neutral,0.625,30.75163106261995
SW,Smurfit Westrock Plc,Consumer Cyclical,23818586112.0,48.30851,13.312773,1.3188313,4.08,1.447,78.427,0.02715,0.0154793276789866,0.01587,0.011,,1215000064.0,37297520640.0,4576000000.0,2224000000.0,31179000000.0,14163999744.0,677000000.0,34.432,45157000000.0,10439000000.0,,7064000000.0,699000000.0,3392000000.0,0.1938163507489015,,522310486.0,0.007289928928906,0.198730399355725,1.47777463193658,1.371198690849584,0.3050025466705051,0.3106789460453849,0.6904577363420954,0.4823921936058868,520444261.0,840000000.0,45.41,[],{},0.0510105872064283,8.150681958041957,16.770467913669066,0.059628628440649,0.0207002865540667,,0.058383430026514,1.0,20,20,0.5082527480563901,5.0,22.0,0.406340909090909,0.406340909090909,0.2272727272727272,0.0,1.0,0.2272727272727272,22.0,4,5,"cheapness,quality,dividend,risk",0.45898,True,1.0,0.588,hold,2,1,deteriorating,0.2741,new,2026-09-22,neutral,0.625,49.472175112417176
LUV,Southwest Airlines Co.,Industrials,20434227200.0,26.10625,8.835948,2.8854656,1.76,0.489,97.275,0.11099,0.0151749767729947,0.02783,0.164,0.205,-834750016.0,23532226560.0,2337999872.0,428000000.0,28063000000.0,6888999936.0,3791000064.0,14.476,29061000000.0,5645000000.0,,10921000000.0,441000000.0,1842000000.0,0.1744289634037701,,515581396.0,0.0137777777777777,0.1622457519193683,0.5168940573207582,0.918377321603128,0.2058084718351054,0.2387555555555555,0.965658442586284,0.8143111111111111,593313675.0,113000000.0,41.77,[],{},-0.0408505791694437,10.065110285857193,54.98183775700935,0.0181878242124148,0.038305003591094,,0.0235942668136714,1.0,20,20,0.5194808481683502,3.0,22.0,0.3302954545454545,0.3302954545454545,0.1363636363636363,0.0,0.8889,0.1363636363636363,22.0,3,5,"quality,dividend,garp",0.4223716666666666,False,0.63335,0.5874,hold,2,29,stable,0.3321,persistent,2026-07-16,neutral,0.5,56.16000023726453
HSIC,"Henry Schein, Inc.",Healthcare,9705707520.0,24.83965,14.203905,3.0203125,,1.319,80.733,0.088549994,0.0354881854658938,0.02963,0.067,0.171,446000000.0,14717245440.0,1080000000.0,758000000.0,13184000000.0,3812999936.0,157000000.0,28.209,11215000000.0,4464000000.0,,3228000000.0,398000000.0,712000000.0,0.3113622572815534,,115771149.0,0.0381679389312977,0.316894184486704,1.382899628252788,1.4209775240813414,0.3063753901025412,0.280876883930319,1.1755684351315203,1.240262282247015,124155884.0,150000000.0,85.2,[],{},0.0459523428952452,13.627079111111112,19.4158910817942,0.0515042032213332,0.0402582161986984,,0.0949042193564542,0.95,19,20,0.5513963161021984,2.0,22.0,0.3246090909090909,0.3246090909090909,0.0909090909090909,0.0,1.0,0.0909090909090909,22.0,2,5,"cheapness,risk",0.354395,True,0.9,0.5837,hold,2,22,stable,0.2157,persistent,2026-07-25,neutral,0.625,37.6830455549351
SOLV,Solventum Corporation,Healthcare,15122675712.0,10.860635,12.287146,3.1485682,,1.021,110.313,0.33960998,0.1088568630194487,0.17256,0.022,0.039,489000000.0,20014675968.0,1139000064.0,632000000.0,8325000000.0,5295000064.0,403000000.0,28.216,14294000000.0,3859000000.0,,3136000000.0,1556000000.0,369000000.0,0.5346546546546547,,173490864.0,0.0331327384657951,0.556457475163557,1.230548469387755,1.201997780244173,0.3522456974954526,0.5540568582693505,0.5824122009234644,0.5709344954001522,172785606.0,347000000.0,88.84,[],{},0.0323355475785262,17.572146482337686,31.668791088607595,0.0315768289734222,0.0920756475104816,,0.0566409750851407,0.95,19,20,0.6243216478510596,5.0,22.0,0.3800545454545455,0.3800545454545455,0.2272727272727272,0.0,0.8,0.2272727272727272,22.0,2,5,"cheapness,quality",0.3308383333333333,False,0.2,0.5807,hold,2,29,stable,0.229,persistent,2026-07-16,neutral,0.625,51.05178038862687
O,Realty Income Corporation,Real Estate,53603254272.0,41.350365,36.477318,1.3553281,5.75,1.528,74.722,0.03225,0.0145419479404885,0.20898001,0.096,0.692,1582081920.0,86751617024.0,5357639168.0,2593823000.0,5749377000.0,31333789696.0,569948032.0,41.798,72795612000.0,5108171000.0,,3594827000.0,1058590000.0,3994754000.0,0.925418006159624,,933975000.0,0.0125048523616003,0.9283504409480906,1.420978255699092,1.6757956732452994,0.4031265785635541,0.3887139513351623,0.0789797192720901,0.0765764366022949,891511000.0,1106497000.0,56.65,[],{},0.0295146617772871,16.192135062426065,33.44546525495379,0.0298994196186846,0.0241835833855396,,0.0374825661298495,1.0,20,20,0.5129520160554644,5.0,22.0,0.4431136363636364,0.4431136363636364,0.2272727272727272,0.0,1.0,0.2272727272727272,22.0,3,5,"dividend,garp,risk",0.5918533333333333,True,0.8,0.5787,hold,2,14,stable,0.3275,persistent,2026-09-04,accumulate,0.875,19.17351987952935
EMR,Emerson Electric Co.,Industrials,84978368512.0,33.199123,20.93605,4.1527305,1.48,0.896,67.677,0.128,0.0546420741588027,0.13828,0.07,0.23,3706249984.0,96266412032.0,6057999872.0,3532000000.0,18016000000.0,13802000384.0,2180000000.0,36.535,41964000000.0,8583000000.0,,9797000000.0,2293000000.0,3098000000.0,0.528363676731794,,562800000.0,0.0444785969353161,0.5079464898239195,0.8760845156680617,1.7749912922326716,0.3278762749022972,0.1888532296704786,0.4293203698408159,0.3953351715409302,570200000.0,387000000.0,151.72,[],{},0.0436140402422133,15.89079136117882,27.255496045300116,0.0366898477407252,0.0301212776012185,,0.1098019709640314,1.0,20,20,0.532067304572643,5.0,22.0,0.4297590909090908,0.4297590909090908,0.2272727272727272,0.0,1.0,0.2272727272727272,22.0,4,5,"quality,dividend,garp,risk",0.5318133333333332,True,0.9,0.5678,hold,2,1,deteriorating,0.275,new,2026-09-22,neutral,0.625,50.88112330007836
MMM,3M Company,Industrials,85078728704.0,29.354094,16.85991,28.820755,1.88,1.24,437.937,0.81891996,0.0861315029284711,0.11902001,0.025,0.328,6350125056.0,92988727296.0,6488000000.0,4791000000.0,24948000000.0,13159999488.0,5303000064.0,5.724,37733000000.0,16387000000.0,,9595000000.0,3250000000.0,2306000000.0,0.3991101491101491,,530279131.0,0.1046704123607906,0.4121261444557477,1.7078686816050026,1.4111584932480454,0.3339782153552593,0.3271796929868566,0.6611719184798452,0.6164091501956457,539470303.0,946000000.0,164.97,[],{},0.0746382221823378,14.332417893958077,19.409043476518477,0.0515223741556261,0.034066798314402,,0.1702679650294974,1.0,20,20,0.5855794119080633,5.0,22.0,0.4564727272727273,0.4564727272727273,0.2272727272727272,0.0,0.8671,0.2272727272727272,22.0,3,5,"cheapness,dividend,garp",0.539385,False,0.73335,0.5665,hold,2,29,stable,0.3456,persistent,2026-07-16,neutral,0.625,40.71552746449089
OMC,Omnicom Group Inc.,Communication Services,21543618560.0,204.29729,6.4364343,2.1463456,4.18,0.924,107.744,0.060510002,-0.0010015565475151,0.017439999,0.634,0.588,4260624896.0,29742012416.0,3676499968.0,444700000.0,17271900000.0,11411200000.0,3336199936.0,35.218,54415300000.0,27465400000.0,,29538200000.0,-54500000.0,2938200000.0,0.0849414366688088,,313100000.0,0.0499853143241044,0.1863969252538386,0.9298264620051324,0.995257755992221,0.1972515083074061,0.2319594067662141,0.3174088905142487,0.5296667533177811,196411095.0,263300000.0,75.59,[],{},0.1977673752500749,8.089762729463459,66.88107131999101,0.0149519136022137,0.0048948275329545,,0.0178758778153402,1.0,20,20,0.510228832951945,4.0,22.0,0.3172272727272727,0.3172272727272727,0.1818181818181818,0.0,1.0,0.1818181818181818,22.0,3,5,"cheapness,dividend,garp",0.3863016666666666,False,0.45,0.5643,hold,2,29,stable,0.3224,persistent,2026-07-16,neutral,0.5,34.70801693496733
AKAM,"Akamai Technologies, Inc.",Technology,16873767936.0,42.539856,16.279158,3.5503478,,1.637,196.672,0.08918,0.0393767471688797,0.09507,0.054,-0.268,710060096.0,22857365504.0,1079897984.0,628242000.0,4208175000.0,9338986496.0,3355386880.0,33.07,11479643000.0,2286680000.0,,967518000.0,452031000.0,1518765000.0,0.589486416320614,,144711094.0,0.0486959658243468,0.5939050924441166,2.3634495688969093,1.2327588803833744,0.4943871512380655,0.4469766708442696,0.366577166206301,0.384921473441681,150025096.0,30759000.0,117.41,[],{},0.0420807076814831,21.166226664610573,36.38305860480516,0.0274853197709971,0.0235073668326474,,0.0597635587476366,0.95,19,20,0.5218362960253977,1.0,22.0,0.2319318181818181,0.2319318181818181,0.0454545454545454,0.0,1.0,0.0454545454545454,22.0,1,5,risk,0.2752283333333333,True,0.8,0.5637,hold,2,32,stable,0.1031,persistent,2026-07-16,neutral,0.625,59.64494377522262
COP,ConocoPhillips,Energy,153206571008.0,16.89139,13.259886,2.3444307,2.55,1.542,35.639,0.1418,0.0655081639180245,0.144,0.355,1.07,7691375104.0,168804564992.0,26780000256.0,11342000000.0,58944000000.0,23289999360.0,7692000256.0,54.397,121939000000.0,15532000000.0,,11972000000.0,7988000000.0,19796000000.0,0.2508821932681867,,1225168096.0,0.0752972796872454,0.2992602064115444,1.297360507851654,1.2905806664467172,0.1922600644584587,0.1981104414399739,0.4833892356014073,0.4458788076233914,1275866724.0,1233000000.0,127.53,[],{},0.0502026450523351,6.303381754232049,14.883139216363958,0.0671901260522043,0.0592017590026634,,0.1031400329189666,1.0,20,20,0.5333333333333334,11.0,22.0,0.6744181818181819,0.6744181818181819,0.5,0.0,1.0,0.5,22.0,5,5,"cheapness,quality,dividend,garp,risk",0.8015966666666667,True,1.0,0.5619,hold,2,5,stable,0.5476,persistent,2026-09-17,neutral,0.625,43.22574669950856
LII,Lennox International Inc.,Industrials,12567645184.0,16.147425,13.912461,9.687767,1.51,1.569,156.082,0.71757007,0.1974129060708511,0.14871,0.03,0.001,277737504.0,14540243968.0,1170800000.0,1053200000.0,5195300000.0,2024700032.0,52100000.0,37.536,4081800000.0,1903800000.0,,1191800000.0,805800000.0,757600000.0,0.3339171943872346,,34796050.0,0.2240607734806629,0.3327841536704548,1.597415673770767,1.547551968324069,0.433803714047724,0.4112154696132596,1.2727963153510706,1.4754972375690607,35596211.0,46400000.0,363.64,[],{},0.0220994068446164,12.419067277075504,13.805776650208887,0.0724334476311312,0.0619293788328479,,0.3644290657439446,1.0,20,20,0.5808310639617412,5.0,22.0,0.4941409090909092,0.4941409090909092,0.2272727272727272,0.0,0.8931,0.2272727272727272,22.0,4,5,"cheapness,quality,dividend,garp",0.555205,False,0.73335,0.56,hold,2,29,stable,0.4563,persistent,2026-07-16,accumulate,0.75,30.86718883453372
FE,FirstEnergy Corp.,Utilities,26012049408.0,24.048128,15.2471695,2.0117207,4.11,0.541,200.908,0.09491,0.0182455638236977,0.06939,0.088,0.083,-2014625024.0,56432439296.0,5422000128.0,2833000000.0,15090000000.0,28982999040.0,63000000.0,22.354,55904000000.0,2979000000.0,,5271000000.0,1020000000.0,3700000000.0,0.6530815109343936,,577851052.0,0.0187917915609868,0.6751781472684085,0.5651678998292544,0.5555333199919952,0.4750286204922724,0.4615901929136884,0.2699270177447052,0.2588578894781339,576612245.0,1032000000.0,44.97,[],{},-0.0774496846596178,10.408048314970456,19.91967500741264,0.0502016222467421,0.0415832783325171,,0.0559516520846088,1.0,20,20,0.496774193548387,4.0,22.0,0.4151954545454545,0.4151954545454545,0.1818181818181818,0.0,1.0,0.1818181818181818,22.0,3,5,"cheapness,dividend,garp",0.5132283333333334,False,0.53335,0.5532,hold,2,13,stable,0.315,persistent,2026-09-06,neutral,0.5,34.25281244377476
DIS,The Walt Disney Company,Communication Services,179972571136.0,21.490723,13.938237,1.638785,1.46,0.709,39.404,0.0801,0.0628006116022155,0.086990006,0.068,-0.483,4860375040.0,227638575104.0,20963000320.0,13832000000.0,94425000000.0,46041001984.0,5184999936.0,63.602,197514000000.0,24267000000.0,,34162000000.0,12404000000.0,18101000000.0,0.3776436325125761,,1791000000.0,0.0253390344462055,0.3575157890128173,0.7103506820443768,0.7295297551952369,0.2272092104863452,0.2484112140006829,0.4780673775023543,0.4656073061222409,1808587380.0,1812000000.0,104.23,[],{},0.0270061988297492,10.859064620001876,16.457386864083286,0.0607629879675738,0.0465317057969617,,0.08467603702434,1.0,20,20,0.5320137299771167,5.0,22.0,0.4943136363636364,0.4943136363636364,0.2272727272727272,0.0,0.8889,0.2272727272727272,22.0,4,5,"cheapness,quality,dividend,garp",0.549045,False,0.73335,0.551,hold,2,24,stable,0.4332,persistent,2026-07-16,neutral,0.375,47.199228771741254
L,Loews Corporation,Financial Services,21822658560.0,13.09816,36.810345,1.1414915,0.23,0.507,44.609,0.09313,0.0193056005929494,0.09024,0.039,0.156,1262000000.0,25278658560.0,3236999936.0,2720000000.0,18176000000.0,8935999488.0,6397000192.0,93.518,86348000000.0,,,,1667000000.0,3279000000.0,,,206003999.0,0.0172558973920896,,,,0.1098925279103164,0.109149042627192,0.2104970584147866,0.2103779456451436,214700344.0,437000000.0,106.75,[],{},0.0578298009167953,7.809286085818446,9.293624470588234,0.1076006463532849,0.0763466013546941,,,0.95,19,20,0.5285856002480044,9.0,22.0,0.5986045454545456,0.5986045454545456,0.4090909090909091,0.0,1.0,0.4090909090909091,22.0,4,5,"cheapness,dividend,garp,risk",0.6069866666666666,True,0.9,0.5507,hold,2,10,stable,0.4101,persistent,2026-09-11,neutral,0.5,30.529504617325486
EVRG,"Evergy, Inc.",Utilities,18274754560.0,20.167938,17.362427,1.7875508,3.49,0.359,160.554,0.092539996,0.0252028808342047,0.15192,0.044,0.23,-1443362560.0,34803654656.0,2840399872.0,1532900000.0,5961600000.0,16497999872.0,21800000.0,44.34,33948500000.0,1815800000.0,,3695900000.0,855600000.0,2045200000.0,0.522661701556629,,230262674.0,0.0270583388317364,0.5189745694594086,0.4913011715684948,0.5022116644823067,0.4478018174587979,0.4358297632434073,0.1756071696834911,0.1811313390392818,229983615.0,616300000.0,79.26,[],{},-0.0789812281889273,12.253082743414517,22.704452120816757,0.0440442251008181,0.0495836510405773,,0.0506700250556976,1.0,20,20,0.5112903225806452,6.0,22.0,0.4227,0.4227,0.2727272727272727,0.0,1.0,0.2727272727272727,22.0,3,5,"cheapness,dividend,garp",0.5163933333333334,False,0.43335,0.55,hold,2,29,stable,0.3184,persistent,2026-07-16,neutral,0.5,36.49235900022643
ALB,Albemarle Corporation,Basic Materials,13325130752.0,418.2222,9.995353,1.6571764,1.48,2.086,18.976,0.02648,-0.0311848919010509,0.03795,0.311,,1334340224.0,16186171392.0,1482468992.0,67285000.0,5142733000.0,1998937984.0,1631687936.0,68.14,16374211000.0,4008139000.0,,1798044000.0,-510628000.0,1282267000.0,0.1300318332684197,,117715875.0,-0.0710098690225181,0.0116296973738481,2.2291662495467297,1.953893892794376,0.2013318992896818,0.2176854550026915,0.3140751636826959,0.3237591595102341,117559774.0,207651000.0,112.92,[],{},0.1001371205156636,10.91838782419538,240.56136422679648,0.0041569435026034,0.0023910734532982,,0.0046160969478464,1.0,20,20,0.5216666666666667,3.0,22.0,0.3464454545454545,0.3464454545454545,0.1363636363636363,0.0,1.0,0.1363636363636363,22.0,3,5,"cheapness,quality,risk",0.3513233333333333,True,0.65,0.5467,hold,2,32,stable,0.3205,persistent,2026-07-16,neutral,0.625,37.28360198999708
OKE,"ONEOK, Inc.",Energy,57871568896.0,15.854923,14.719205,2.5228791,4.58,0.737,143.07,0.16277,0.0509146021218169,0.09287,0.528,0.142,899875008.0,90872938496.0,7670000128.0,5822000000.0,33629000000.0,33021999104.0,161000000.0,36.387,66641000000.0,4488000000.0,,6365000000.0,3393000000.0,5599000000.0,0.259954206191085,,629707691.0,0.0473708033526354,0.3342704396718591,0.7051060487038492,0.8980716253443526,0.4924295853903753,0.5006633473286612,0.5046292822736753,0.3386661255833554,583110633.0,1783000000.0,91.8,[],{},0.0155495180995896,11.84784054491218,15.608543197526624,0.0640674781332868,0.0630718925598061,,0.0965890238237441,1.0,20,20,0.5333333333333333,7.0,22.0,0.4930545454545454,0.4930545454545454,0.3181818181818182,0.0,1.0,0.3181818181818182,22.0,4,5,"cheapness,quality,dividend,garp",0.5776933333333334,False,0.53335,0.5429,hold,2,29,stable,0.4305,persistent,2026-07-16,neutral,0.5,42.2178919499608
WDAY,"Workday, Inc.",Technology,46252720128.0,39.167347,14.515828,7.150788,,0.908,58.39,0.16006,0.0383423702556158,0.12319,0.128,2.06,3046374912.0,46621720576.0,1586000000.0,1024000000.0,9552000000.0,3772000000.0,3403000064.0,26.839,18074000000.0,8429000000.0,,6378000000.0,693000000.0,2939000000.0,0.7570142378559463,,259131000.0,0.029259609501029,0.7550319677954062,1.321574161179053,1.9006849315068493,0.2114086533141529,0.1870167436168437,0.5284939692375789,0.4698225510374367,266352000.0,114000000.0,191.92,[],{},0.0658636919854539,29.39578850945776,45.529024,0.0219640113524067,0.0255314714065264,,0.0875512995896032,0.95,19,20,0.5188739165361665,6.0,22.0,0.3789227272727272,0.3789227272727272,0.2727272727272727,0.0,1.0,0.2727272727272727,22.0,4,5,"cheapness,quality,garp,risk",0.4867983333333333,True,1.0,0.5371,hold,2,16,stable,0.4013,persistent,2026-08-02,neutral,0.5,52.33960277715182
CMI,Cummins Inc.,Industrials,73793798144.0,27.298622,15.499061,5.730543,1.65,1.727,59.586,0.21114,0.0836373264297481,0.07822,0.094,0.047,2229374976.0,79041216512.0,5020000256.0,3865000000.0,33670000000.0,8286000128.0,3924000000.0,93.321,33992000000.0,16925000000.0,,9610000000.0,2843000000.0,3621000000.0,0.2529254529254529,,138136253.0,0.1251109701965757,0.2474634918773092,1.7611862643080125,1.313156489229126,0.2387032242880677,0.2409004438807863,0.9905271828665568,1.0812301838934686,137400000.0,329000000.0,534.78,[],{},0.0302108718086259,15.74526145044085,20.4505088,0.0488985388960102,0.0366318856680751,,0.1585185792797965,1.0,20,20,0.5224972048379105,7.0,22.0,0.4807590909090908,0.4807590909090908,0.3181818181818182,0.0,1.0,0.3181818181818182,22.0,5,5,"cheapness,quality,dividend,garp,risk",0.5905383333333333,True,1.0,0.5351,hold,2,3,stable,0.4627,building,2026-09-20,accumulate,0.875,33.60376977292472
AEE,Ameren Corporation,Utilities,28190949376.0,17.927818,17.503782,2.0593767,2.93,0.531,157.846,0.11943,0.0300354814753692,0.18583,-0.062,0.119,-1786249984.0,50115948544.0,3910000128.0,2026000000.0,8799000000.0,21808001024.0,12000000.0,49.447,48476000000.0,2571000000.0,,3907000000.0,1456000000.0,3353000000.0,0.4740311399022616,,276400000.0,0.0265034306471142,0.4792076610258428,0.6580496544663424,0.663346029885731,0.4090684049839095,0.4197946096237499,0.1815125010314382,0.1709269473967442,269900000.0,776000000.0,101.83,[],{},-0.0633625338464372,12.817377724648503,24.736401058242844,0.0404262526972076,0.0557792364915797,,0.0454576050618142,1.0,20,20,0.5725806451612903,4.0,22.0,0.4313,0.4313,0.1818181818181818,0.0,1.0,0.1818181818181818,22.0,3,5,"cheapness,dividend,garp",0.529325,False,0.53335,0.5339,hold,2,32,stable,0.3319,persistent,2026-07-16,neutral,0.5,31.060387962444693
KDP,Keurig Dr Pepper Inc.,Consumer Defensive,41668493312.0,30.929293,12.080421,1.6645827,2.97,0.479,99.649,0.051,0.0374871526713428,0.07103,0.756,-0.9,4607249920.0,82284494848.0,4807000064.0,3653000000.0,16603000000.0,33528000512.0,1526000000.0,18.395,55459000000.0,5266000000.0,,8290000000.0,2079000000.0,1991000000.0,0.5420104800337289,,1358663795.0,0.0269698671158525,0.5555989837795583,0.6352231604342582,0.4942500309138123,0.2910438341838114,0.2911098633726371,0.2993743125552209,0.2873104997192588,1356664609.0,754000000.0,30.62,[],{},0.110569150785041,17.11763964062223,22.52518336928552,0.0443947551327622,0.0323318092010703,,0.0774449320528313,1.0,20,20,0.5227083333333333,4.0,22.0,0.416490909090909,0.416490909090909,0.1818181818181818,0.0,1.0,0.1818181818181818,22.0,4,5,"cheapness,quality,garp,risk",0.4847566666666666,True,0.7,0.5336,hold,2,15,stable,0.4225,persistent,2026-08-16,neutral,0.5,40.61329761593751
GRMN,Garmin Ltd.,Technology,54059524096.0,28.897938,25.471056,5.989018,1.53,3.028,2.513,0.21886998,0.1513495630985433,0.24471001,0.114,0.353,1043656256.0,51619160064.0,2311467008.0,1876076000.0,7245519000.0,226856992.0,2666190080.0,46.804,10993669000.0,6248216000.0,,1720071000.0,1663887000.0,1633359000.0,0.5874393538958355,,192620000.0,0.1465585424349051,0.5870433449586249,3.632533773315172,3.5388962355871705,0.0149936295153146,0.0140060871019831,0.6590628660913841,0.6538482265819928,192468000.0,,280.31,[],{},0.0193056870820145,22.331774533378933,27.514429087094552,0.0363445665848484,0.0346045451409024,,0.2023029249273043,1.0,20,20,0.5205988739217459,8.0,22.0,0.5267681818181817,0.5267681818181817,0.3636363636363636,0.0,1.0,0.3636363636363636,22.0,5,5,"cheapness,quality,dividend,garp,risk",0.6396166666666667,True,1.0,0.5324,hold,2,16,stable,0.5265,persistent,2026-08-02,neutral,0.5,50.50478987180685
NSC,Norfolk Southern Corporation,Industrials,69419712512.0,26.37116,21.581413,4.2711644,1.72,0.831,105.519,0.16985,0.0635113626315324,0.21021,0.114,-0.044,1382249984.0,85500706816.0,5663000064.0,4571000000.0,12180000000.0,17150000128.0,1069000000.0,72.362,45236000000.0,3198000000.0,,3775000000.0,2873000000.0,4361000000.0,0.3634646962233169,,224420699.0,0.0600247241426674,0.3747422255217355,0.8471523178807947,0.8992947813822285,0.3825492970200725,0.4001190421683989,0.2692545760014148,0.2775285014422416,226320894.0,792000000.0,309.07,[],{},0.0199114910445799,15.098129233572264,18.705033212863707,0.0534615463453059,0.0379202128385706,,0.1102481850413641,1.0,20,20,0.4977037956492058,2.0,22.0,0.3879590909090909,0.3879590909090909,0.0909090909090909,0.0,0.8427,0.0909090909090909,22.0,2,5,"cheapness,garp",0.4604583333333333,False,0.63335,0.5299,hold,2,29,stable,0.2055,persistent,2026-07-16,neutral,0.625,25.804986881941318
ITW,Illinois Tool Works Inc.,Industrials,76189696000.0,24.209953,21.572853,26.325525,2.55,1.109,334.853,1.04618,0.1898687143918751,0.19393998,0.061,0.101,2432999936.0,85045698560.0,4806000128.0,4216000000.0,16044000000.0,9694000128.0,839000000.0,10.162,16148000000.0,6200000000.0,,5126000000.0,3066000000.0,3126000000.0,0.4409748192470705,,288600000.0,0.2314993031127629,0.4428229966033463,1.2095200936402652,1.3593314763231197,0.5704111964329948,0.536138581004845,0.9935595739410452,1.055153647043207,294000000.0,292000000.0,267.52,[],{},0.0319334511585398,17.695733727620908,20.17212963946869,0.0495733478751497,0.0413053259541643,,0.3825077118490292,1.0,20,20,0.5553681278559021,6.0,22.0,0.4988045454545455,0.4988045454545455,0.2727272727272727,0.0,1.0,0.2727272727272727,22.0,5,5,"cheapness,quality,dividend,garp,risk",0.6138666666666667,True,0.8,0.5288,hold,2,5,stable,0.5421,persistent,2026-09-17,neutral,0.625,39.006605823295665
PFG,"Principal Financial Group, Inc.",Financial Services,24936767488.0,16.567568,11.2104435,2.0587196,2.86,1.586,35.307,0.12949,0.0034715336292919,0.09932999,0.064,0.028,1056374976.0,23866667008.0,2151500032.0,,15625500000.0,4550900224.0,6367699968.0,56.574,341376500000.0,,,,1185100000.0,4536700000.0,,,217380912.0,0.005008550561812,,,,0.0115825195934693,0.0130968336778638,0.0457720434769235,0.0514171870755803,226225161.0,,116.47,[],{},0.0423621456352891,11.093035860108229,,,0.0603588891260322,,,0.9,18,20,0.4988076693127843,6.0,22.0,0.5051409090909093,0.5051409090909093,0.2727272727272727,0.0,1.0,0.2727272727272727,22.0,5,5,"cheapness,quality,dividend,garp,risk",0.6140633333333334,True,0.9,0.5286,hold,2,16,stable,0.4623,persistent,2026-08-02,neutral,0.375,56.344727643454966
RTX,RTX Corporation,Industrials,261923307520.0,34.21479,24.752304,3.9459898,1.51,1.011,57.02,0.12274,0.0393502417012023,0.08276,0.145,0.287,9880000512.0,294241304576.0,15895000064.0,9300000000.0,88603000000.0,38855999488.0,8304999936.0,49.25,171079000000.0,60332000000.0,,58784000000.0,6732000000.0,10567000000.0,0.2007719828899698,,1342287676.0,0.0293133408243839,0.1908642770442666,1.0263336962438758,0.9928930658847744,0.2309225562459448,0.2633718324215128,0.5179069318852694,0.4957479077249925,1332122758.0,1835000000.0,194.34,[],{},0.0377209672768261,18.51156359806605,31.6388499544086,0.0316067114146372,0.0292271266314947,,0.0828175786989625,1.0,20,20,0.4949493798313543,5.0,22.0,0.4265272727272727,0.4265272727272727,0.2272727272727272,0.0,1.0,0.2272727272727272,22.0,4,5,"quality,dividend,garp,risk",0.5393766666666666,True,0.9,0.5283,hold,2,29,stable,0.4093,persistent,2026-07-16,neutral,0.625,31.980566074074233
HUM,Humana Inc.,Healthcare,45460000768.0,35.782608,22.85003,2.36611,0.92,1.742,76.485,0.06893,0.0242900079739925,0.00878,0.262,0.271,1940999936.0,36397002752.0,3596000000.0,2186000000.0,129664000000.0,14744000512.0,23871000576.0,160.001,48909000000.0,,,,1188000000.0,921000000.0,,,120591312.0,0.025968717055014,,,,0.2528982395878059,0.2521784031498096,2.651127604326402,2.533638847651628,120641615.0,631000000.0,378.58,[],{},0.0426968742456841,10.121524680756396,16.650047004574564,0.060059890505129,0.0279465376028488,,,0.95,19,20,0.4920724791777424,2.0,22.0,0.3404181818181818,0.3404181818181818,0.0909090909090909,0.0,0.8,0.0909090909090909,22.0,2,5,"dividend,garp",0.4070416666666666,False,0.73335,0.5264,hold,2,6,stable,0.1935,persistent,2026-09-16,neutral,0.375,41.47765160562602
AZO,"AutoZone, Inc.",Consumer Cyclical,45764050944.0,19.287533,16.046307,-16.478947,,0.89,,,0.1290728587131892,0.12399,0.084,0.077,903784256.0,58580066304.0,4263984896.0,3610156000.0,18938717000.0,13086533632.0,270520000.0,-170.111,19355324000.0,8341379000.0,,9519397000.0,2498247000.0,3117337000.0,0.5262486365892685,,16665000.0,0.1550037033073835,0.530930757736989,0.8762507751278784,0.8384846509329611,0.6349052074767645,0.7199919448261344,0.978475844682321,1.076483980648487,16926000.0,486796000.0,2803.25,[],{},0.019748781791759,13.738338135051404,16.226463982165868,0.0616277213013924,0.0518469624912631,,0.3670376976160965,0.85,17,20,0.5272904011897722,1.0,22.0,0.4171090909090909,0.4171090909090909,0.0454545454545454,0.0,0.839,0.0454545454545454,22.0,1,5,cheapness,0.36628,False,0.53335,0.5221,hold,2,29,stable,0.0892,persistent,2026-07-16,neutral,0.5,35.88865190441281
GM,General Motors Company,Consumer Cyclical,75928698880.0,37.477676,5.595629,1.1874788,0.88,1.136,202.341,0.03164,0.0095881742296042,0.01051,0.019,-0.262,21933750272.0,179356057600.0,16462000128.0,2909000000.0,185019000000.0,128771997696.0,24718999552.0,70.696,281284000000.0,108767000000.0,,93342000000.0,2697000000.0,26867000000.0,0.0626746442257281,,904000000.0,0.0214754737079149,0.1248652916635545,1.165252512266718,1.127564535397081,0.4668306764693334,0.467159468260408,0.6577658167545968,0.6700076136416441,1000000000.0,727000000.0,83.95,[],{},0.2888729899963749,10.895155886612809,61.65557153661052,0.016219134379546,0.026682550967141,,0.0154781794383373,1.0,20,20,0.4872951224421168,3.0,22.0,0.3464045454545454,0.3464045454545454,0.1363636363636363,0.0,1.0,0.1363636363636363,22.0,3,5,"cheapness,garp,risk",0.3828133333333333,True,0.8,0.5205,hold,2,29,stable,0.3023,persistent,2026-07-16,neutral,0.375,46.7731975473038
KR,The Kroger Co.,Consumer Defensive,35252236288.0,32.264862,10.82851,6.0852275,2.6,0.702,413.24,0.14442,0.0203391187716453,0.0072600003,0.02,0.136,2535500032.0,58057240576.0,8042999808.0,1890000000.0,147642000000.0,24157999104.0,1676000000.0,9.809,49953000000.0,14505000000.0,,18108000000.0,1016000000.0,7311000000.0,0.233009577220574,,615000000.0,0.0506499923977497,0.2270413191683149,0.8010271703114645,0.958155583437892,0.4943046463675855,0.4766991029344686,2.955618281184313,2.7961646647407634,659600000.0,639000000.0,59.69,[],{},0.0719245159735609,7.218356578630419,30.718116706878305,0.0325540790648823,0.0309934689942265,,0.059349976448422,1.0,20,20,0.48875,4.0,22.0,0.406690909090909,0.406690909090909,0.1818181818181818,0.0,1.0,0.1818181818181818,22.0,4,5,"cheapness,dividend,garp,risk",0.502285,True,0.8,0.5204,hold,2,29,stable,0.4037,persistent,2026-07-16,neutral,0.625,54.744151886473645
TPR,"Tapestry, Inc.",Consumer Cyclical,22545217536.0,15.552958,12.705165,32.73596,1.61,1.752,571.608,1.97135,0.2282977419788693,0.19086,0.089,,1399924992.0,25349316608.0,2023500032.0,1914400000.0,8004200000.0,3956100096.0,1152000000.0,3.454,6691700000.0,2882300000.0,,1645000000.0,1527700000.0,1978500000.0,0.7782164363709053,,200400000.0,0.0278398298001671,0.7544039824839175,1.7521580547112463,1.866272721433618,0.5907318020831777,0.5925385608996276,1.1961384999327525,1.0653749715067244,208100000.0,55200000.0,113.07,[],{},0.0620940999910341,12.527460443351256,13.241389786878395,0.0755207735815581,0.0642964508744896,,0.3793369924901421,1.0,20,20,0.5723001510134025,8.0,22.0,0.4927590909090908,0.4927590909090908,0.3636363636363636,0.0,1.0,0.3636363636363636,22.0,4,5,"cheapness,quality,dividend,risk",0.511225,True,0.8,0.5198,hold,2,9,stable,0.4368,persistent,2026-09-13,accumulate,0.75,29.78969248309714
WM,"Waste Management, Inc.",Industrials,82757033984.0,29.284298,22.71077,8.34334,1.79,0.907,235.301,0.29841,0.0590814879458928,0.11115,0.04,0.083,2348375040.0,105557032960.0,7774000128.0,4607000000.0,25204000000.0,23356000256.0,557000000.0,24.815,45835000000.0,4910000000.0,,5524000000.0,2708000000.0,6043000000.0,0.4043802571020473,,402941704.0,0.0616150963717548,0.393418846031818,0.888848660391021,0.7628635346756152,0.4997709174211847,0.5362712320775461,0.5498854587105924,0.4950523930262301,401494177.0,912000000.0,207.04,[],{},0.0283767424585809,13.578213432208477,22.912314512698067,0.0436446522871269,0.034147992893666,,0.114286423060703,1.0,20,20,0.5090332402260531,4.0,22.0,0.4171772727272727,0.4171772727272727,0.1818181818181818,0.0,1.0,0.1818181818181818,22.0,4,5,"quality,dividend,garp,risk",0.5190033333333333,True,0.8,0.5198,hold,2,16,stable,0.4115,persistent,2026-08-02,accumulate,0.75,29.038547211274377
BIIB,Biogen Inc.,Healthcare,32368470016.0,38.98043,13.248185,1.7167151,,1.865,44.329,0.04575,0.0439171860935138,0.083229996,0.034,-0.848,1266987520.0,39438569472.0,3359200000.0,2469000000.0,9890600000.0,8355100160.0,1284999936.0,127.61,29439500000.0,8974100000.0,,3349400000.0,1292900000.0,2204600000.0,0.7569207125957981,,146800000.0,0.0581904004734521,0.7612211783916741,2.67931569833403,1.3487194327883083,0.2234141204843832,0.2363802305226868,0.3359635863380832,0.344960480297191,145719340.0,267500000.0,219.07,[],{},0.0391426446592538,11.7404648344844,15.973499178614825,0.062603690576376,0.0256538986358026,,0.0946335966516034,0.95,19,20,0.4648247177658943,3.0,22.0,0.3649636363636363,0.3649636363636363,0.1363636363636363,0.0,1.0,0.1363636363636363,22.0,2,5,"cheapness,risk",0.3843766666666667,True,1.0,0.5184,hold,2,16,stable,0.1868,persistent,2026-08-02,neutral,0.625,54.87101284839358
MGM,MGM Resorts International,Consumer Cyclical,9744187392.0,23.472727,18.745916,3.876101,,1.335,893.311,0.18924999,0.0049756626091699,0.02398,0.01,5.194,878991104.0,38004604928.0,2237483008.0,1337847000.0,17537683000.0,30158688256.0,2760552960.0,9.992,41373786000.0,4332424000.0,,3512107000.0,205862000.0,2529378000.0,0.4441938538859438,,258323143.0,0.0176776992276428,0.455148256624138,1.2335683394611838,1.3019128002260356,0.7583497676523971,0.7485018041099861,0.4238839297907134,0.4082377645549862,294374189.0,419042000.0,38.73,[],{},0.0902067118210035,16.98542728240464,28.407287924553405,0.0352022341117493,0.0426026341123466,,0.0353351207694724,0.95,19,20,0.5078943035606175,3.0,22.0,0.3670863636363636,0.3670863636363636,0.1363636363636363,0.0,1.0,0.1363636363636363,22.0,3,5,"cheapness,garp,risk",0.4432433333333333,True,0.7,0.5163,hold,2,16,stable,0.2919,persistent,2026-08-02,accumulate,0.75,29.687646521053168
REGN,"Regeneron Pharmaceuticals, Inc.",Healthcare,82175582208.0,19.746908,13.165694,2.5249674,0.48,3.335,8.535,0.14043,0.1110711142122405,0.27865,0.167,-0.045,3065299968.0,74413252608.0,4702400000.0,3702000000.0,14342900000.0,2706599936.0,7994599936.0,316.111,40558700000.0,18021900000.0,,4368400000.0,4504900000.0,4978900000.0,0.8535372902272205,,105717146.0,0.1168609670704513,0.8612519363469934,4.125515062723194,4.731105646122252,0.066715649170215,0.0716219007717283,0.3536331292669636,0.3761182645910687,109617146.0,43800000.0,798.17,[],{},0.0373018345065231,15.824526328683223,20.100824583468395,0.0497492028671517,0.0506408395684023,,0.1022926032666211,1.0,20,20,0.5317809675704412,8.0,22.0,0.5320863636363636,0.5320863636363636,0.3636363636363636,0.0,1.0,0.3636363636363636,22.0,5,5,"cheapness,quality,dividend,garp,risk",0.588785,True,1.0,0.5149,hold,2,16,stable,0.5233,persistent,2026-08-02,neutral,0.625,52.128830454425895
STT,State Street Corporation,Financial Services,50655002624.0,16.261023,12.042638,2.1193452,2.01,,,0.12437,0.008045414933055,0.23005,0.184,0.682,,-56555995136.0,,,13965000000.0,57440002048.0,168210006016.0,87.008,366047000000.0,,,,2945000000.0,11898000000.0,,,279077907.0,0.0076067263050617,,,,0.0791264509748748,0.0937379685199864,0.038150838553519,0.0365728683048352,288766452.0,8684000000.0,184.4,[],{},,,,,0.0614967459304374,,,0.7,14,20,0.4844305706472313,6.0,22.0,0.4846909090909091,0.4846909090909091,0.2727272727272727,0.0,1.0,0.2727272727272727,22.0,4,5,"cheapness,quality,dividend,garp",0.60648,False,0.53335,0.5146,hold,2,29,stable,0.2797,persistent,2026-07-16,neutral,0.5,43.39310393174923
IEX,IDEX Corporation,Industrials,16404888576.0,31.9727,23.117981,4.1086,1.31,3.049,47.06,0.12955,0.0697560271401761,0.1449,0.064,0.109,555612480.0,17667688448.0,967699968.0,720000000.0,3457500000.0,1885500032.0,621299968.0,54.162,6927000000.0,1643200000.0,,575400000.0,483200000.0,680400000.0,0.4450614605929139,,74600000.0,0.0748669443909092,0.4421194322075379,2.8557525199860967,2.529299666507861,0.2668687743611953,0.2944717062250752,0.4991338241663057,0.4846040947029784,75900000.0,64400000.0,222.53,[],{},0.0338687140376466,18.257403154114808,24.53845617777778,0.0407523599999582,0.0312766829201162,,0.1133572643113546,1.0,20,20,0.4891202745015133,6.0,22.0,0.4965636363636364,0.4965636363636364,0.2727272727272727,0.0,1.0,0.2727272727272727,22.0,4,5,"quality,dividend,garp,risk",0.5872283333333334,True,1.0,0.5144,hold,2,29,stable,0.4014,persistent,2026-07-16,neutral,0.625,42.45611550599978
AMGN,Amgen Inc.,Healthcare,212554874880.0,24.450249,16.111597,18.185013,2.61,1.371,490.281,0.91473,0.0851235290221447,0.22951001,0.095,0.649,8645624832.0,255869878272.0,17268000768.0,9080000000.0,36751000000.0,57303998464.0,13989000192.0,21.62,90586000000.0,29057000000.0,,25489000000.0,7711000000.0,9958000000.0,0.6724714973742211,,538800000.0,0.0445344570389485,0.6153063666826233,1.1399819529993331,1.256764362093597,0.6027863025191531,0.6543951915852743,0.4057028679928465,0.3639412450048454,537000000.0,2755000000.0,393.16,[],{},0.0406747896837509,14.817573945570023,28.1795020123348,0.0354867875082489,0.0408993789797396,,0.139484154415718,1.0,20,20,0.5437072479177743,7.0,22.0,0.5261772727272728,0.5261772727272728,0.3181818181818182,0.0,1.0,0.3181818181818182,22.0,4,5,"quality,dividend,garp,risk",0.6938783333333334,True,0.8,0.512,hold,2,3,stable,0.3695,building,2026-09-20,neutral,0.5,45.11752649672258
ABBV,AbbVie Inc.,Healthcare,467367198720.0,74.71187,16.258144,-78.737724,2.62,0.809,,,0.0315467303672738,0.098000005,0.102,2.904,16870250496.0,531730169856.0,30762999808.0,20091000000.0,61160000000.0,70884999168.0,6568999936.0,-3.359,133960000000.0,29062000000.0,,43289000000.0,4226000000.0,19030000000.0,0.7023544800523218,,1767876035.0,0.0316511419714266,0.6999325451769801,0.6713483794959458,0.6601976825208392,0.5038518960883845,0.4967705181228313,0.4565541952821738,0.4167918260444951,1765256986.0,2893000000.0,264.48,[],{},0.0360963510965325,17.284730786160917,26.4660877933403,0.0377842017229169,0.0133847539888909,,0.2215813214809586,0.9,18,20,0.5032488628979858,6.0,22.0,0.4941909090909091,0.4941909090909091,0.2727272727272727,0.0,1.0,0.2727272727272727,22.0,5,5,"cheapness,quality,dividend,garp,risk",0.60748,True,0.8,0.512,hold,2,32,stable,0.4569,persistent,2026-07-16,neutral,0.5,59.608329506672376
SO,The Southern Company,Utilities,98310021120.0,20.59277,17.355633,2.4844468,3.55,0.787,182.058,0.114829995,0.0278769586437194,0.15435,0.001,0.304,-3913374976.0,175185018880.0,14257999872.0,7285000000.0,29553000000.0,77086998528.0,2984000000.0,34.398,155720000000.0,10917000000.0,,16888000000.0,4341000000.0,9802000000.0,0.4846885256995906,,1119237015.0,0.0303140928502548,0.5000374195479719,0.646435338702037,0.6686675420496467,0.4756935525301823,0.4565160490425679,0.1897829437451836,0.1840749414519906,1099000000.0,3238000000.0,85.46,[],{},-0.0398064707078358,12.28678780002166,24.0473601757035,0.0415846060729094,0.0485607327231839,,0.0524734931427912,1.0,20,20,0.5177419354838709,5.0,22.0,0.4191318181818181,0.4191318181818181,0.2272727272727272,0.0,1.0,0.2272727272727272,22.0,3,5,"cheapness,dividend,garp",0.528695,False,0.43335,0.5097,hold,2,29,stable,0.3082,persistent,2026-07-16,accumulate,0.75,29.956675554807873
NUE,Nucor Corporation,Basic Materials,54994665472.0,19.361021,12.261993,2.4874294,0.9,2.508,30.512,0.14548999,0.0496809480401093,0.07989,0.23,0.938,683374976.0,60558663680.0,5680999936.0,2659000000.0,32494000000.0,7098999808.0,2692000000.0,97.45,35104000000.0,11765000000.0,,4004000000.0,1744000000.0,3234000000.0,0.1193451098664368,,228335447.0,0.0597230406599882,0.1334678206546495,2.938311688311688,2.506530038175608,0.2028543755697356,0.2047731290512669,0.9256494986326343,0.9055391868002356,232800000.0,170000000.0,242.4,[],{},0.0124262047988624,10.659859947585115,22.77497693869876,0.0439078380931671,0.0516501686558782,,0.0854983922829582,1.0,20,20,0.5108333333333334,7.0,22.0,0.5385409090909092,0.5385409090909092,0.3181818181818182,0.0,1.0,0.3181818181818182,22.0,5,5,"cheapness,quality,dividend,garp,risk",0.6551416666666666,True,0.83335,0.5083,hold,2,29,stable,0.5096,persistent,2026-07-16,neutral,0.375,39.494555976243596
BALL,Ball Corporation,Consumer Cyclical,15897578496.0,17.108883,13.202086,2.7497122,1.33,1.069,131.495,0.17151,0.0467117393976644,0.0661,0.197,0.092,379875008.0,22907437056.0,2076000000.0,1390000000.0,13161000000.0,7582000128.0,500000000.0,21.715,19524000000.0,6113000000.0,,5487000000.0,912000000.0,1262000000.0,0.1958817719018311,,265374186.0,0.2273655547991831,0.2069520983467571,1.1140878439948971,0.9987621208995254,0.3591477156320426,0.3218175629680054,0.6740934234787953,0.6691059677785341,289377890.0,314000000.0,59.71,[],{},0.0238951490691227,11.034410913294796,16.480170543884892,0.0606789837117952,0.058449169358397,,0.0990240079789128,1.0,20,20,0.4874787012347346,4.0,22.0,0.4582636363636364,0.4582636363636364,0.1818181818181818,0.0,1.0,0.1818181818181818,22.0,3,5,"cheapness,dividend,garp",0.5351533333333334,False,0.73335,0.5078,hold,2,29,stable,0.2986,persistent,2026-07-16,neutral,0.5,36.609436124618085
FOXA,Fox Corporation,Communication Services,27320233984.0,16.872396,11.103076,2.337892,0.9,3.169,64.06,0.14291,0.0749488479672627,0.09839,0.281,0.031,555374976.0,30738132992.0,3881999872.0,3496000000.0,17126000000.0,7568000000.0,4204999936.0,27.713,22482000000.0,8453000000.0,,2667000000.0,1685000000.0,1970000000.0,,,419586946.0,0.0975641302004742,,3.1694788151481066,2.9095616154642734,0.3366248554399075,0.3218366027161026,0.7617649675295792,0.702737658978228,446335925.0,401000000.0,64.79,[],{},0.0203283389273039,7.918117981844179,8.792372137299772,0.113734949383877,0.0592684050326936,,0.1764319959626545,1.0,20,20,0.4950800915331808,7.0,22.0,0.5291545454545455,0.5291545454545455,0.3181818181818182,0.0,1.0,0.3181818181818182,22.0,5,5,"cheapness,quality,dividend,garp,risk",0.567205,True,0.83335,0.5074,hold,2,15,stable,0.5012,persistent,2026-08-16,neutral,0.375,48.008819994082145
TYL,"Tyler Technologies, Inc.",Technology,13614992384.0,43.80237,21.656445,4.480351,,1.554,47.906,0.09731,0.0559688152386951,0.13361,0.082,0.155,594435648.0,14099988480.0,458521984.0,357676000.0,2332340000.0,1455030016.0,970035008.0,74.204,5638908000.0,1843888000.0,,1755445000.0,315603000.0,653543000.0,0.4646406613101005,,43120932.0,0.0507770730393637,0.4377208751227311,1.0503820968472382,1.3520735130306014,0.1139596531810769,0.1232367087740093,0.4136155440024913,0.412702086770019,42963877.0,4995000.0,332.46,[],{},0.043660373155887,30.750954091658123,39.421119896218926,0.0253671129240525,0.0228298149164074,,0.0921023323770562,0.95,19,20,0.482146849919095,2.0,22.0,0.3443090909090909,0.3443090909090909,0.0909090909090909,0.0,1.0,0.0909090909090909,22.0,2,5,"quality,risk",0.386985,True,0.9,0.5074,hold,2,5,stable,0.188,persistent,2026-09-17,neutral,0.5,43.63312694747168
HAL,Halliburton Company,Energy,27893929984.0,17.481676,11.504827,2.5293539,2.02,2.018,74.186,0.14917,0.0512994802079168,0.0716,0.037,0.161,2052249984.0,34011222016.0,4139000064.0,3091000000.0,22184000000.0,8199000064.0,2048000000.0,13.201,25010000000.0,11398000000.0,,5588000000.0,1283000000.0,2926000000.0,0.1570501262170934,,834602102.0,0.0977449486067143,0.1874564156206415,2.039727988546886,2.0466115702479337,0.3251899240303878,0.3361863446281314,0.8870051979208317,0.8967053581897058,868000000.0,352000000.0,33.39,[],{},0.0735733539582688,8.217255735708054,11.003307025558072,0.090881768333578,0.0572027533286854,,0.1591494181855627,1.0,20,20,0.5047619047619047,10.0,22.0,0.5565045454545454,0.5565045454545454,0.4545454545454545,0.0,1.0,0.4545454545454545,22.0,5,5,"cheapness,quality,dividend,garp,risk",0.63493,True,1.0,0.5071,hold,2,15,stable,0.5059,persistent,2026-08-16,neutral,0.375,39.14765026285277
KMB,Kimberly-Clark Corporation,Consumer Defensive,32443848704.0,19.316206,13.065517,18.574686,5.23,0.909,348.933,1.04913,0.1182009591765118,0.1179,0.006,-0.323,941124992.0,38213275648.0,3480999936.0,2351000000.0,16447000000.0,6538999808.0,956000000.0,5.262,17098000000.0,5310000000.0,,7125000000.0,2021000000.0,2777000000.0,0.360126466832857,,331898000.0,0.1538136105403118,0.3742338589705445,0.7452631578947368,0.7966876070816676,0.4267165750380161,0.4553366372537169,0.9619253713884665,1.0156533301099964,331799000.0,256000000.0,97.74,[],{},0.0290078097881145,10.97767203406234,16.25405174308805,0.0615231214841705,0.0517700007962226,,0.2357364885190013,1.0,20,20,0.519375,5.0,22.0,0.4954,0.4954,0.2272727272727272,0.0,0.9606,0.2272727272727272,22.0,4,5,"cheapness,quality,dividend,garp",0.599275,False,0.63335,0.5053,hold,2,29,stable,0.4099,persistent,2026-07-16,neutral,0.625,30.64617791911094
NWSA,News Corporation,Communication Services,15918384128.0,28.834953,19.646496,1.8930461,0.67,1.623,31.561,0.07979,0.0368630983015954,0.06347,0.108,-0.749,1045124992.0,17593264128.0,1338000000.0,1142000000.0,9028000000.0,2915000064.0,2100999936.0,15.689,15544000000.0,4482000000.0,,2761000000.0,573000000.0,1237000000.0,,,543331412.0,0.076109391124871,,1.6233248822890256,1.8447085889570551,0.1875321667524446,0.1896284829721362,0.580802882141019,0.5451496388028896,565385686.0,,29.7,[],{},0.0656552187455794,13.148926852017937,15.405660357267951,0.0649112064532974,0.0346801328235215,,0.0893374012360165,1.0,20,20,0.4885125858123569,4.0,22.0,0.4213636363636363,0.4213636363636363,0.1818181818181818,0.0,1.0,0.1818181818181818,22.0,2,5,"cheapness,risk",0.4352483333333333,True,1.0,0.504,hold,2,29,stable,0.1985,persistent,2026-07-16,neutral,0.5,49.06511865560705
GS,"The Goldman Sachs Group, Inc.",Financial Services,279346937856.0,14.823702,12.959049,2.64989,2.12,1.563,725.381,0.16902,0.0094930692193752,0.31039,0.425,0.923,,45113012224.0,,,58283000000.0,897484980224.0,1156854054912.0,362.049,1809320000000.0,,,,17176000000.0,-45154000000.0,,,296476742.0,0.0085180420675285,,,,0.2134227223487277,0.2043918394818052,0.0322126544779254,0.0319289343736052,310653708.0,66814000000.0,959.39,[],{},,,,,0.067459532038623,,,0.8,16,20,0.4992667818115388,6.0,22.0,0.4835545454545454,0.4835545454545454,0.2727272727272727,0.0,1.0,0.2727272727272727,22.0,4,5,"cheapness,quality,dividend,garp",0.585025,False,0.36665,0.5029,hold,2,29,stable,0.3207,persistent,2026-07-16,neutral,0.625,38.77384160554489
IR,Ingersoll Rand Inc.,Industrials,28056238080.0,29.880163,18.459284,2.756662,0.11,1.616,47.903,0.0947,0.0317753536060162,0.12076,0.085,,1107425024.0,31846938624.0,2014700032.0,1510000000.0,7650900000.0,4906699776.0,1181699968.0,26.231,18297200000.0,4248000000.0,,2066300000.0,581400000.0,1355700000.0,0.4360663451358664,,391121689.0,0.0465635376295128,0.4381478921907394,2.0558486183032474,2.289020836769476,0.2650405526528649,0.2672878099701273,0.4181459458277769,0.4017257271041322,402880079.0,253900000.0,72.31,[],{},0.0394716148630572,15.807285510580664,21.090687830463576,0.0474142905171443,0.0334670195741569,,0.0930324258051001,1.0,20,20,0.4835030266095842,2.0,22.0,0.4082181818181818,0.4082181818181818,0.0909090909090909,0.0,1.0,0.0909090909090909,22.0,1,5,risk,0.4207116666666667,True,1.0,0.5029,hold,2,15,stable,0.0986,persistent,2026-08-16,neutral,0.625,34.17029742357647
YUM,"Yum! Brands, Inc.",Consumer Cyclical,38023307264.0,17.569988,19.914528,-5.2800517,2.17,0.592,,,0.1901915334878614,0.25406998,0.122,1.316,833249984.0,50754310144.0,3068000000.0,2530000000.0,8214000000.0,13413999616.0,683000000.0,-26.388,8197000000.0,2040000000.0,,1516000000.0,1559000000.0,2010000000.0,0.4616508400292184,,276569492.0,0.2209008473316485,0.4747648695191416,1.345646437994723,1.4743892828999212,1.609003293888008,1.8263713393786236,1.0020739294863974,1.1221941430057976,279071854.0,501000000.0,139.33,[],{},0.0219141901101514,16.54312586179922,20.060992151778656,0.0498479832121033,0.0569152352295289,,0.3786858254752283,0.9,18,20,0.5163668345010064,5.0,22.0,0.5581181818181818,0.5581181818181818,0.2272727272727272,0.0,1.0,0.2272727272727272,22.0,3,5,"cheapness,dividend,garp",0.6399216666666667,False,0.53335,0.5023,hold,2,29,stable,0.275,persistent,2026-07-16,neutral,0.625,40.06939359162094
SPG,"Simon Property Group, Inc.",Real Estate,77815218176.0,14.465773,30.158886,15.093144,4.33,0.266,503.504,1.20508,0.1139624413510892,0.66571,0.195,-0.125,2595271168.0,96194043904.0,5125174784.0,3175396000.0,6364505000.0,29437509632.0,1019091008.0,13.581,40606466000.0,2314958000.0,,4051543000.0,4627612000.0,4136551000.0,0.818993307413538,,325223870.0,0.0731629515321861,0.8250420285864813,0.5713768803638515,0.833192943434259,0.7187701091742384,0.7648279433387178,0.156736244912325,0.1840355140089436,326278138.0,974835000.0,204.98,[],{},0.0333517174253768,18.76892944301195,30.29355831650604,0.0330103182185478,0.069128694332477,,0.0868664393028539,1.0,20,20,0.5454588578726509,7.0,22.0,0.4760590909090909,0.4760590909090909,0.3181818181818182,0.0,0.9656,0.3181818181818182,22.0,4,5,"cheapness,quality,dividend,garp",0.569925,False,0.43335,0.5019,hold,2,14,stable,0.4189,persistent,2026-09-04,accumulate,0.75,36.73264676343828
VMRK,Vivmark Residential,Real Estate,47479087104.0,23.50958,41.65507,,4.16,0.348,75.129,0.08487,0.0473726797919461,0.33253,0.033,,1387120000.0,,1832704000.0,919756000.0,3040725000.0,9187223552.0,90121000.0,,22192137000.0,353083000.0,,1542987000.0,1051301000.0,1671105000.0,0.6313662037836372,,391245275.0,0.0515217156426462,0.6315900742580799,0.2288308326641767,0.3578740025593439,0.427798007916047,0.3928686407529412,0.1370181249331689,0.1387454640282386,397315483.0,259181000.0,61.36,[],{},0.029215389018782,,,,0.0425358513423038,,0.0445420755818036,0.85,17,20,0.5203071650115986,3.0,22.0,0.3609590909090909,0.3609590909090909,0.1363636363636363,0.0,1.0,0.1363636363636363,22.0,2,5,"dividend,risk",0.448215,True,0.8,0.4992,hold,2,5,stable,0.1733,persistent,2026-09-17,neutral,0.5,32.214502011798245
DELL,Dell Technologies Inc.,Technology,365789413376.0,33.42882,19.758472,-257.98654,0.44,0.962,,,0.0586063226902039,0.07525,0.577,2.729,6033375232.0,389503418368.0,17725999104.0,8446000000.0,113538000000.0,35284000768.0,11569999872.0,-2.23,101286000000.0,57602000000.0,,63269000000.0,5936000000.0,11185000000.0,0.1999947154256724,,651771798.0,0.05758282547087,0.2223570897904088,0.9104300684379396,0.7786661508371483,0.3110301522421657,0.3080656083063727,1.1209643978437296,1.1983923958568454,696130464.0,1560000000.0,575.31,[],{},0.016494122058689,21.973566402815948,46.116909586549845,0.0216840202208964,0.0299143074748076,,0.2221637688402556,0.9,18,20,0.5164594293001754,4.0,22.0,0.423340909090909,0.423340909090909,0.1818181818181818,0.0,1.0,0.1818181818181818,22.0,3,5,"dividend,garp,risk",0.5266733333333333,True,0.8,0.4973,hold,2,15,stable,0.2737,persistent,2026-08-16,neutral,0.375,62.802441563404095
IFF,International Flavors & Fragrances Inc.,Basic Materials,21343369216.0,,21.105728,1.5271358,1.93,2.061,44.821,-0.05548,-0.0141352441364188,0.02569,0.018,-0.916,-1720999936.0,27073536000.0,1911000064.0,842000000.0,10890000000.0,6279000064.0,569000000.0,54.743,25539000000.0,5594000000.0,,3933000000.0,-361000000.0,850000000.0,0.3616161616161616,,255700000.0,0.0091564251645023,0.359108324625566,1.42232392575642,1.8308823529411764,0.2591722463682994,0.3345402639000104,0.4264066721484787,0.3998189604149984,255682329.0,229000000.0,83.6,[],{},-0.0806339392147073,14.167208316744462,32.1538432304038,0.0311004812965694,,,0.0389706562991761,0.95,19,20,0.4266666666666667,1.0,22.0,0.3814363636363636,0.3814363636363636,0.0454545454545454,0.0,1.0,0.0454545454545454,22.0,1,5,risk,0.3976583333333333,True,0.75,0.4967,hold,2,5,stable,0.0877,persistent,2026-09-17,neutral,0.625,49.09044024365351
TDG,TransDigm Group Incorporated,Industrials,62066704384.0,33.605392,22.946362,-6.606082,,3.019,,,0.090532105286132,0.21277,0.225,0.109,1457374976.0,92132597760.0,5095000064.0,4189000000.0,8831000000.0,33485000704.0,2780000000.0,-167.974,22909000000.0,7012000000.0,,2182000000.0,2074000000.0,2038000000.0,0.6014041444909977,,56375642.0,0.0669897600250136,0.5884130982367758,3.213565536205316,1.5821107430194037,1.310838535073552,0.9731493785664036,0.3854816884193985,0.3103259595091065,56216194.0,1572000000.0,1109.65,[],{},0.0234807855590878,18.08294339601406,21.993935965624253,0.0454670779056083,0.0297571294511309,,0.202103536450041,0.85,17,20,0.4991702228544334,3.0,22.0,0.3683681818181819,0.3683681818181819,0.1363636363636363,0.0,1.0,0.1363636363636363,22.0,3,5,"cheapness,quality,risk",0.3371033333333333,True,0.7,0.4959,hold,2,23,stable,0.2537,persistent,2026-07-20,neutral,0.625,37.94992628191824
GPC,Genuine Parts Company,Consumer Cyclical,17432367104.0,486.34616,15.226153,3.8515425,3.32,1.159,146.415,0.0070700003,0.0031711126520398,0.00131,0.06,-0.098,917241984.0,23543810048.0,2052585984.0,1214612000.0,24300141000.0,6652785152.0,559118016.0,32.831,20795540000.0,10564734000.0,,9787705000.0,65945000.0,890762000.0,0.3679278239578939,,137617832.0,0.0468853306628919,0.3629144384605516,1.0793882733490638,1.1556768144059268,0.3142610867522555,0.2978179669294323,1.1685265686777069,1.2180121513034607,138779664.0,163506000.0,126.45,[],{},0.0526171792119689,11.470316094684977,19.383811495358188,0.0515894410260576,0.0020561486493488,,0.11034068007015,1.0,20,20,0.4255127173786673,4.0,22.0,0.3193454545454545,0.3193454545454545,0.1818181818181818,0.0,1.0,0.1818181818181818,22.0,3,5,"cheapness,dividend,risk",0.3849883333333334,True,0.8,0.4943,hold,2,6,stable,0.2759,persistent,2026-09-16,neutral,0.5,36.771190726631716
TSCO,Tractor Supply Company,Consumer Cyclical,16845228032.0,16.838543,15.784977,6.433831,2.98,1.334,248.71,0.39513,0.1002486903081753,0.06425,0.023,-0.15,103175000.0,23158618112.0,1931484032.0,1467389000.0,15524046000.0,6544977920.0,231588000.0,5.025,10933679000.0,3507797000.0,,2614449000.0,1096087000.0,1635259000.0,0.3642418993089817,,527017000.0,0.1123085701523178,0.3625931089828546,1.3416964721820928,1.4271848009199752,0.5435402850220863,0.5532054763226908,1.4198373667271555,1.5178475108574436,532191000.0,69144000.0,32.33,[],{},0.0061248799840526,11.990064493580032,15.782194163919725,0.0633625457660467,0.0593875610259153,,0.1763851943028381,1.0,20,20,0.4924727225791289,3.0,22.0,0.4790590909090909,0.4790590909090909,0.1363636363636363,0.0,0.9405,0.1363636363636363,22.0,3,5,"cheapness,dividend,garp",0.5854533333333334,False,0.73335,0.494,hold,2,29,stable,0.2959,persistent,2026-07-16,neutral,0.625,39.173004250385574
ABT,Abbott Laboratories,Healthcare,179371917312.0,33.326862,16.97813,3.4864745,2.46,1.376,63.212,0.10576,0.0752367003794125,0.116450004,0.13,-0.475,7209124864.0,205963870208.0,11681000448.0,8053000000.0,44328000000.0,32719998976.0,5602999808.0,29.537,86713000000.0,25996000000.0,,16496000000.0,6524000000.0,9566000000.0,0.5641806533116765,,1736599451.0,0.1646154224089223,0.554088200238379,1.5758971871968963,1.6709754891573074,0.1598376252695674,0.1845014370992704,0.5112036257539239,0.5152676443854866,1731697991.0,493000000.0,102.98,[],{},0.0401909338542689,17.63238269914327,25.57604249447411,0.0390990904951795,0.0300058253309297,,0.1146873264309212,1.0,20,20,0.4779673932305511,3.0,22.0,0.413290909090909,0.413290909090909,0.1363636363636363,0.0,1.0,0.1363636363636363,22.0,2,5,"garp,risk",0.5342383333333334,True,1.0,0.4933,hold,2,14,stable,0.1943,persistent,2026-09-04,neutral,0.625,39.431412895677745
GILD,"Gilead Sciences, Inc.",Healthcare,186687651840.0,,15.224829,15.795217,2.19,1.265,223.465,-0.2068,0.1441810819511038,-0.10637999,0.102,,9768875008.0,207967649792.0,14600999936.0,11701000000.0,29442000000.0,26246000640.0,4881999872.0,9.532,59023000000.0,18342000000.0,,11813000000.0,8510000000.0,10019000000.0,0.7882616670063175,,1240679623.0,0.008136282735825,0.7826041594212979,1.5526961821721832,1.5972175941352882,0.4224793724480287,0.4527671836596322,0.4988224929264863,0.4873972370539876,1246265857.0,1024000000.0,150.56,[],{},0.0523273762978838,14.243384062980384,17.77349370070934,0.0562635583548827,,,0.2478500317729294,0.95,19,20,0.4131844763423711,4.0,22.0,0.3888954545454545,0.3888954545454545,0.1818181818181818,0.0,1.0,0.1818181818181818,22.0,3,5,"cheapness,quality,risk",0.4117333333333333,True,0.9,0.4884,hold,2,15,stable,0.257,persistent,2026-08-16,neutral,0.5,63.32096510854644
SNDK,Sandisk Corporation,Technology,258669674496.0,23.931726,6.673577,16.727802,,2.29,1.277,0.9164,0.5079752965743991,0.56465,3.716,,7720875008.0,254108663808.0,12616999936.0,12468000000.0,20248000000.0,201000000.0,4761999872.0,105.611,22507000000.0,12780000000.0,,5581000000.0,11433000000.0,11671000000.0,0.7147372580007902,,146000000.0,-0.1263765883711975,0.3007477906186268,2.289912202114317,3.5641205325858443,0.007864220020438,0.1572583750481324,0.8996312258408495,0.5664227955333077,146000000.0,73000000.0,1766.64,[],{},0.02984839650432,20.14018111254431,20.38086812704524,0.0490656233957477,0.0417855360704029,,0.7366182204891882,0.95,19,20,0.5329910634746485,6.0,22.0,0.4531409090909091,0.4531409090909091,0.2727272727272727,0.0,1.0,0.2727272727272727,22.0,3,5,"cheapness,quality,risk",0.47689,True,1.0,0.4883,hold,2,3,stable,0.2547,building,2026-09-20,neutral,0.5,59.76565867008592
JPM,JPMorgan Chase & Co.,Financial Services,935787888640.0,15.096055,14.088368,2.6467779,1.89,,,0.17789,0.0128924947456439,0.34921002,0.304,0.469,,773715853312.0,,,181847000000.0,1343306989568.0,1526419030016.0,133.007,4424900000000.0,,,,57048000000.0,-147782000000.0,,,2696272576.0,0.0146074736422926,,,,0.1129928359962937,0.1134979042243781,0.0410962959614906,0.0423299708654961,2797620401.0,97898000000.0,352.04,[],{},,,,,0.0662424719570775,,,0.7,14,20,0.4913204807614745,6.0,22.0,0.4548136363636363,0.4548136363636363,0.2727272727272727,0.0,1.0,0.2727272727272727,22.0,4,5,"cheapness,quality,dividend,garp",0.5523416666666667,False,0.36665,0.483,hold,2,29,stable,0.2728,persistent,2026-07-16,neutral,0.5,48.12145849927563
CSCO,"Cisco Systems, Inc.",Technology,439440736256.0,33.471474,19.826107,8.746763,1.53,0.931,62.017,0.27319,0.1023396098336123,0.20951,0.176,0.521,11182624768.0,454707740672.0,18641999872.0,16061000000.0,63325000000.0,31185000448.0,15918000128.0,12.743,129637000000.0,38665000000.0,,41525000000.0,13267000000.0,14177000000.0,0.645242795104619,,3946000000.0,0.0832440653850242,0.6493804497475907,0.9311258278145697,0.9977754962354553,0.2278130472010305,0.2297225470394387,0.4884793693158589,0.4632720314659296,3959998180.0,1470000000.0,111.46,[],{},0.0254474013112099,24.3915751418368,28.31129697229313,0.035321589151449,0.0298761865103401,,0.1822793717087343,1.0,20,20,0.4833096980888109,7.0,22.0,0.4612545454545455,0.4612545454545455,0.3181818181818182,0.0,1.0,0.3181818181818182,22.0,5,5,"cheapness,quality,dividend,garp,risk",0.5961366666666666,True,0.9,0.4822,hold,2,29,stable,0.4828,persistent,2026-07-16,neutral,0.5,50.93373785735869
BEN,Franklin Templeton Inc.,Financial Services,17091706880.0,22.884354,10.577885,1.4544511,4.0,5.486,24.805,0.07887,0.0162164834112387,0.08717,0.143,1.067,-2990862592.0,20656007168.0,1799100032.0,1099800000.0,8770700000.0,3572100096.0,2670299904.0,23.129,32368300000.0,5115600000.0,,1885900000.0,524900000.0,1066100000.0,0.8034364417891389,,520951796.0,0.0143171772243527,0.8010615711252654,2.7125510366403307,3.236587510993844,0.4108927561842914,0.4031141708635586,0.2709657288149207,0.2611467911102897,523596548.0,94900000.0,33.64,[],{},-0.1749891109763754,11.481299983657609,18.781603171485724,0.0532435911284827,0.0436979781032927,,0.0360798362333674,1.0,20,20,0.4164811616346143,6.0,22.0,0.5720136363636364,0.5720136363636364,0.2727272727272727,0.0,1.0,0.2727272727272727,22.0,4,5,"quality,dividend,garp,risk",0.7213316666666667,True,0.83335,0.4822,hold,2,24,stable,0.3595,persistent,2026-07-16,neutral,0.375,49.54629742730828
RSG,"Republic Services, Inc.",Industrials,65508143104.0,30.258839,26.545609,5.4407425,1.23,0.644,118.798,0.18152,0.0622417505674212,0.12942,0.046,0.051,1942625024.0,79697141760.0,5256999936.0,3322000000.0,16591000000.0,14295000064.0,107000000.0,39.32,34366000000.0,2523000000.0,,3928000000.0,2139000000.0,4296000000.0,0.4195648243023326,,308000000.0,0.0630516634775631,0.4167914171656686,0.6423116089613035,0.5828488372093024,0.4017342722458243,0.3998827232886859,0.4827736716522144,0.4947842725757669,312000000.0,574000000.0,213.93,[],{},0.0296547105741634,15.160194546367215,23.990710945213728,0.041682799742102,0.0330481946118289,,0.1091398909258164,1.0,20,20,0.4694392085512374,3.0,22.0,0.4020954545454545,0.4020954545454545,0.1363636363636363,0.0,1.0,0.1363636363636363,22.0,3,5,"dividend,garp,risk",0.4953333333333333,True,0.8,0.4821,hold,2,24,stable,0.2855,persistent,2026-07-16,neutral,0.5,39.10945343722643
DGX,Quest Diagnostics Incorporated,Healthcare,27028228096.0,26.02338,20.308998,3.5839417,1.4,1.591,81.074,0.14602,0.0611402157164869,0.09187,0.102,0.15,909625024.0,33189228544.0,2265999872.0,1556000000.0,11035000000.0,6403999744.0,626000000.0,68.327,16225000000.0,2378000000.0,,2278000000.0,992000000.0,1886000000.0,0.3321250566379701,,110242362.0,0.0539218720980622,0.3286061588330632,1.0438981562774363,1.1028123559243892,0.4058551617873652,0.4387420293443942,0.6801232665639445,0.6111558224478425,110615181.0,277000000.0,244.88,[],{},0.0336546302913071,14.646615365739969,21.32983839588689,0.0468826805641825,0.0384269837353948,,0.1115652111565211,1.0,20,20,0.484662413609782,5.0,22.0,0.418140909090909,0.418140909090909,0.2272727272727272,0.0,1.0,0.2272727272727272,22.0,5,5,"cheapness,quality,dividend,garp,risk",0.50074,True,0.8,0.4819,hold,2,14,stable,0.4833,persistent,2026-09-04,neutral,0.375,59.84808100503976
MPC,Marathon Petroleum Corporation,Energy,117469470720.0,13.947313,9.247759,5.969144,0.94,1.25,133.328,0.42099,0.0482043952117205,0.05549,0.537,3.48,9249375232.0,146165268480.0,15397000192.0,5768000000.0,132699000000.0,34292000768.0,7768000000.0,67.41,83955000000.0,24780000000.0,,19678000000.0,4047000000.0,8253000000.0,0.0753735898537291,,294602479.0,0.0436861193537751,0.0668783846065214,1.2592743164955789,1.173812839103087,0.4092430468703472,0.3646808186867534,1.5805967482579957,1.7609373811154228,316000000.0,1412000000.0,402.38,[],{},0.0787385452178191,9.49310038691464,25.34071922330097,0.0394621790797671,0.0716983981072196,,0.0897366087402959,1.0,20,20,0.5452380952380953,7.0,22.0,0.5451818181818182,0.5451818181818182,0.3181818181818182,0.0,1.0,0.3181818181818182,22.0,5,5,"cheapness,quality,dividend,garp,risk",0.6901266666666667,True,0.9,0.481,hold,2,15,stable,0.5131,persistent,2026-08-16,wait,0.25,62.68847777569873
WRB,W. R. Berkley Corporation,Financial Services,25536741376.0,14.154321,14.210138,2.7551265,0.57,0.406,31.527,0.20207001,0.0403757603258609,0.12943,0.012,0.15,3045504768.0,25946339328.0,2580506880.0,2407435000.0,14639850000.0,3103180032.0,3898912000.0,24.968,44071071000.0,,,,1779403000.0,3582616000.0,,,377155799.0,0.0432889639006501,,,,0.0644351257086536,0.0700309914880144,0.3321872981031026,0.3374919898475786,380066070.0,126892000.0,68.79,[],{},0.1192597255522285,10.054745263070176,10.777586654676035,0.0927851505203285,0.0706498036889229,,,0.95,19,20,0.5113910109498345,10.0,22.0,0.5924454545454546,0.5924454545454546,0.4545454545454545,0.0,1.0,0.4545454545454545,22.0,5,5,"cheapness,quality,dividend,garp,risk",0.6408750000000001,True,0.9,0.4795,hold,2,16,stable,0.4707,persistent,2026-08-02,neutral,0.625,43.62363517224977
MS,Morgan Stanley,Financial Services,323725099008.0,16.649433,15.108811,3.040073,2.27,1.999,517.282,0.17969999,0.0118716863694931,0.25897,0.28,0.624,,203006132224.0,,,65966000000.0,607495979008.0,739076014080.0,67.801,1420270000000.0,,,,16861000000.0,-17889000000.0,,,1582834137.0,0.0110199321685728,,,,0.2608926471727207,0.2554756059522448,0.0464460982770881,0.0474219202005479,1606653706.0,49017000000.0,206.12,[],{},,,,,0.0600621054182445,,,0.8,16,20,0.4791897391367615,5.0,22.0,0.4485772727272726,0.4485772727272726,0.2272727272727272,0.0,1.0,0.2272727272727272,22.0,4,5,"cheapness,quality,dividend,garp",0.5611883333333333,False,0.36665,0.4793,hold,2,29,stable,0.3067,persistent,2026-07-16,neutral,0.625,42.27511753093629
RMD,ResMed Inc.,Healthcare,32256258048.0,21.418583,16.89903,4.8977137,1.17,3.1,12.542,0.24269,0.1698975568679281,0.26945,0.086,0.024,939248256.0,31612942336.0,2095774976.0,1908460000.0,5653443000.0,825918976.0,1469234048.0,45.656,8965950000.0,4324739000.0,,1395110000.0,1523293000.0,1805829000.0,0.6105551961875267,,144239563.0,0.1713550281605076,0.5936214313626009,3.0999268874855748,3.439835348143496,0.0921172881847433,0.1042050716683359,0.6305458986498921,0.6295670221793893,146385350.0,,223.61,[],{},0.0291183265771969,15.084130070269527,16.5646344885405,0.0603695783744461,0.0466884293886294,,0.2520803503970497,1.0,20,20,0.5070795676058835,8.0,22.0,0.5689272727272727,0.5689272727272727,0.3636363636363636,0.0,1.0,0.3636363636363636,22.0,5,5,"cheapness,quality,dividend,garp,risk",0.6357916666666666,True,1.0,0.4787,hold,2,15,stable,0.4929,persistent,2026-08-16,neutral,0.375,48.43455356323923
NTRS,Northern Trust Corporation,Financial Services,32739911680.0,15.373711,14.117062,2.6156926,1.84,,,0.17066,0.009805642888072,0.2467,0.364,0.986,,39965114368.0,,,8086400000.0,16345100288.0,10004799488.0,68.414,177132700000.0,,,,1736900000.0,5533500000.0,,,186337588.0,0.0130610307867613,,,,0.079004046119096,0.0859889240709826,0.0456516498647624,0.0533115895990184,195969746.0,6213600000.0,178.95,[],{},,,,,0.0650461037026128,,,0.7,14,20,0.4856677453590132,5.0,22.0,0.4861454545454546,0.4861454545454546,0.2272727272727272,0.0,1.0,0.2272727272727272,22.0,4,5,"cheapness,quality,dividend,garp",0.6120066666666666,False,0.53335,0.4768,hold,2,29,stable,0.2695,persistent,2026-07-16,neutral,0.625,42.350084761623734
FFIV,"F5, Inc.",Technology,25487896576.0,35.921787,24.899374,6.6336536,,1.665,6.546,0.1983,0.1095626040827332,0.21952999,0.109,0.114,717135488.0,24134492160.0,923304000.0,791433000.0,3088072000.0,252380000.0,1605782016.0,67.851,6319492000.0,2518701000.0,,1612581000.0,692380000.0,949666000.0,0.8141306290785966,,57684000.0,0.1009758767319602,0.8019803843586211,1.5619066577120777,1.416082134564224,0.0414259563901655,0.0444617534567942,0.4886582655694477,0.5017135209595432,58094000.0,,450.1,[],{},0.0281363150490524,26.1392695796834,30.494675051457293,0.032792610457812,0.0278382587146903,,0.1681427585947556,0.95,19,20,0.468647664177526,4.0,22.0,0.3930909090909091,0.3930909090909091,0.1818181818181818,0.0,1.0,0.1818181818181818,22.0,2,5,"quality,risk",0.4465383333333333,True,1.0,0.4758,hold,2,29,stable,0.1794,persistent,2026-07-16,neutral,0.5,67.49776779530163
PM,Philip Morris International Inc.,Consumer Defensive,292208836608.0,25.752747,20.413696,-34.043945,3.12,0.98,,,0.1640239936402399,0.25559,0.104,-0.075,9714374656.0,337270833152.0,18015000576.0,14933000000.0,40648000000.0,49138999296.0,6002999808.0,-5.507,69185000000.0,24363000000.0,,25427000000.0,11348000000.0,12233000000.0,0.6711769336744735,,1556656689.0,0.1142205101644438,0.6481070806272771,0.9581547174263578,0.8802094697796203,0.705861097058611,0.7395927748284346,0.587526197875262,0.6130713453321248,1554845600.0,1587000000.0,187.48,[],{},0.0332446300008096,18.721666520583963,22.58560457724503,0.0442759898934695,0.0388308090006864,,0.3412633118515471,0.9,18,20,0.4932870370370371,5.0,22.0,0.4956181818181818,0.4956181818181818,0.2272727272727272,0.0,1.0,0.2272727272727272,22.0,5,5,"cheapness,quality,dividend,garp,risk",0.5501483333333332,True,0.7,0.4751,hold,2,16,stable,0.4358,persistent,2026-08-02,neutral,0.375,46.86369467700559
SNPS,"Synopsys, Inc.",Technology,77009182720.0,70.00871,22.928936,2.4715998,,1.337,34.804,0.03661,0.0276253994834696,0.11432999,0.424,0.893,3425542400.0,84242145280.0,2075485952.0,914927000.0,7054178000.0,10841789440.0,3607668992.0,162.587,48224461000.0,6012102000.0,,3722494000.0,1332220000.0,1518608000.0,0.7698457566565516,,185994000.0,0.1731265108259333,0.7967683383392336,1.61507365760697,2.4412728480219763,0.2963935252692611,0.0523542896996464,0.1462780060932148,0.4686891352707957,154112000.0,446729000.0,401.85,[],{},0.04448225885548,40.58911851406258,92.07526423419571,0.0108606802089264,0.0142839369558444,,0.0205592485383848,0.95,19,20,0.4431394429284547,3.0,22.0,0.3011136363636363,0.3011136363636363,0.1363636363636363,0.0,1.0,0.1363636363636363,22.0,2,5,"garp,risk",0.3622933333333333,True,0.9,0.4741,hold,2,2,stable,0.1307,building,2026-09-21,neutral,0.625,50.80221264393877
NDSN,Nordson Corporation,Industrials,17514936320.0,31.816801,24.212694,5.356017,1.21,1.823,55.619,0.17763,0.0818688942509743,0.18631001,0.103,0.23,613806656.0,19213383680.0,957891008.0,724270000.0,2791687000.0,1818211968.0,113924000.0,58.691,5917681000.0,1242851000.0,,758260000.0,484474000.0,719175000.0,0.5515604005749928,,57197000.0,0.0778681298977531,0.5524805375325149,1.639082900324427,2.412653720029443,0.3535773557243116,0.3866629139375227,0.4717535467018245,0.4482479987388697,57197000.0,104156000.0,314.35,[],{},0.0350447552183849,20.05800609833055,26.527929749955128,0.0376961191252284,0.0314299353979678,,0.140378154835591,1.0,20,20,0.4716003981255743,6.0,22.0,0.4622681818181818,0.4622681818181818,0.2727272727272727,0.0,1.0,0.2727272727272727,22.0,4,5,"quality,dividend,garp,risk",0.5763333333333334,True,1.0,0.4738,hold,2,29,stable,0.3782,persistent,2026-07-16,neutral,0.625,51.7753800072294
SYK,Stryker Corporation,Healthcare,105171894272.0,28.384058,16.393522,4.3843746,1.28,2.157,64.391,0.16508,0.0678454978680712,0.14433,0.094,0.441,4107624960.0,117141897216.0,7376000000.0,5059000000.0,25116000000.0,15445999616.0,3476000000.0,62.538,47844000000.0,14755000000.0,,7794000000.0,3246000000.0,5044000000.0,0.6396321070234113,,382500000.0,0.0696516255148821,0.6390794423545032,1.8931229150628688,1.9494485294117647,0.331473120976507,0.3164227036838798,0.5249561073488839,0.5258197388936725,381400000.0,607000000.0,274.19,[],{},0.0390562991037956,15.88149365726681,23.15514868867365,0.0431869392611221,0.0352310441304763,,0.1263171036204744,1.0,20,20,0.4837958532695375,7.0,22.0,0.4730727272727273,0.4730727272727273,0.3181818181818182,0.0,1.0,0.3181818181818182,22.0,5,5,"cheapness,quality,dividend,garp,risk",0.5932883333333333,True,1.0,0.4728,hold,2,29,stable,0.4783,persistent,2026-07-16,neutral,0.625,30.874140900236583
MDLZ,"Mondelez International, Inc.",Consumer Defensive,77237207040.0,22.040293,17.906778,2.8923712,3.42,0.599,82.643,0.13340001,0.0342859540895547,0.08862001,0.041,1.449,2252375040.0,97191452672.0,6080000000.0,3620000000.0,38537000000.0,22058999808.0,1716000000.0,20.803,71487000000.0,12951000000.0,,21864000000.0,2451000000.0,4514000000.0,0.2837532760723461,,1281576414.0,0.0673168167948961,0.3912351472242803,0.5923435784851812,0.6773748017801422,0.3050065046791724,0.2682161262537045,0.539077034985382,0.5320087011109975,1317829138.0,599000000.0,60.17,[],{},0.029161787774557,15.985436294736845,26.848467588950275,0.0372460736050186,0.0453714476481778,,0.0729500433266831,1.0,20,20,0.46125,6.0,22.0,0.4923272727272726,0.4923272727272726,0.2727272727272727,0.0,1.0,0.2727272727272727,22.0,4,5,"cheapness,dividend,garp,risk",0.6614733333333334,True,0.8,0.4719,hold,2,29,stable,0.3733,persistent,2026-07-16,neutral,0.5,36.536878953281985
RCL,Royal Caribbean Cruises Ltd.,Consumer Cyclical,66929881088.0,15.44753,12.3319235,6.5385523,2.44,0.209,224.816,0.44669998,0.1025493164179821,0.23541,0.065,-0.046,-1516249984.0,89796886528.0,6926000128.0,4910000000.0,17934000000.0,23517999104.0,876000000.0,38.273,41619000000.0,2211000000.0,,12055000000.0,4268000000.0,6465000000.0,0.4935318389650942,,270423022.0,0.0776099271648233,0.4751592356687898,0.1834093737038573,0.1736783131302842,0.5294456858646291,0.5616401402751551,0.4309089598500685,0.4446992176962503,268899805.0,992000000.0,250.25,[],{},-0.0226543056606722,12.965186957617105,18.288571594297352,0.054678955917575,0.0647352683568182,,0.1660803680151535,1.0,20,20,0.490954212811387,7.0,22.0,0.4868454545454546,0.4868454545454546,0.3181818181818182,0.0,0.9355,0.3181818181818182,22.0,4,5,"cheapness,quality,dividend,garp",0.5847483333333333,False,0.63335,0.4718,hold,2,29,stable,0.3851,persistent,2026-07-16,accumulate,0.875,29.95758068167062
LH,Labcorp Holdings Inc.,Healthcare,26032287744.0,26.55004,16.179976,3.0171635,0.9,1.796,79.124,0.11728,0.0476547760796402,0.069860004,0.058,0.282,892049984.0,32729888768.0,2319800064.0,1516200000.0,13951700000.0,6823000064.0,141800000.0,106.388,18392700000.0,4020500000.0,,2823500000.0,876500000.0,1640500000.0,0.2875993606513901,,82200000.0,0.040589803580173,0.2786092598144347,1.4239419160616256,1.4433067083058075,0.3548146819118454,0.3957124979596278,0.7585455099033855,0.7078132651395614,83400000.0,224100000.0,320.99,[],{},0.0342670606891091,14.108926573423872,21.58678852921778,0.0463246303935621,0.0376647266821443,,0.0973845798114225,1.0,20,20,0.4686806663122452,6.0,22.0,0.4122363636363635,0.4122363636363635,0.2727272727272727,0.0,1.0,0.2727272727272727,22.0,4,5,"quality,dividend,garp,risk",0.5096666666666667,True,1.0,0.4691,hold,2,29,stable,0.3751,persistent,2026-07-16,neutral,0.5,50.109836870513874
VLTO,Veralto Corporation,Industrials,23204249600.0,23.974812,19.953962,7.5051255,0.55,1.775,115.978,0.34312,0.1221890029897309,0.17346,0.075,0.101,807124992.0,24679249920.0,1390000000.0,1277000000.0,5503000000.0,3592999936.0,2119000064.0,12.682,7693000000.0,3432000000.0,,2056000000.0,940000000.0,1077000000.0,0.599491186625477,,248400000.0,0.1300343428036216,0.5979202772963604,1.6692607003891051,1.917269076305221,0.3742363187313142,0.4319388073680924,0.7153256206941375,0.8106462691226974,247400000.0,96000000.0,95.18,[],{},0.0347834989673615,17.75485605755396,19.325959216914644,0.0517438740698971,0.0417104417753098,,0.2265389391520312,1.0,20,20,0.5034554565242029,6.0,22.0,0.4737227272727274,0.4737227272727274,0.2727272727272727,0.0,1.0,0.2727272727272727,22.0,5,5,"cheapness,quality,dividend,garp,risk",0.5601716666666666,True,0.9,0.4656,hold,2,29,stable,0.4845,persistent,2026-07-16,neutral,0.5,46.578362212241615
FDXF,"FedEx Freight Holding Company, Inc.",Industrials,17583331328.0,26.849314,21.737524,-35.379063,,1.517,,0.69093,0.0951481696687972,0.07447,0.048,-0.611,-511124992.0,23697332224.0,989000000.0,1032000000.0,8795000000.0,6365000192.0,251000000.0,-3.324,6884000000.0,1506000000.0,,993000000.0,655000000.0,167000000.0,0.2898237635019897,,149505248.0,0.2680207088809239,0.3148897885739991,1.5166163141993958,0.3673997412677878,0.924607786170831,0.2853444842692154,1.2776002324230098,1.7706093189964158,149505248.0,57000000.0,117.6,[],{},-0.0290687232393827,23.960902147623862,22.9625312248062,0.043549205887185,0.0372448994413786,,0.1751824817518248,0.9,18,20,0.5293973278209967,1.0,22.0,0.30465,0.30465,0.0454545454545454,0.0,0.6981,0.0454545454545454,22.0,1,5,cheapness,0.2426266666666666,False,0.36665,0.4639,hold,2,29,stable,0.0894,persistent,2026-07-16,insufficient_data,0.0,
CSX,CSX Corporation,Industrials,85195325440.0,26.738373,20.246447,6.0497236,1.19,0.82,138.068,0.24357,0.0661370816354562,0.22208999,0.101,0.227,1953250048.0,103254786048.0,6831000064.0,4718000000.0,14092000000.0,19451000832.0,1390000000.0,7.602,43682000000.0,2550000000.0,,3133000000.0,2889000000.0,4613000000.0,0.3324581322736304,,1859740714.0,0.0811430174913478,0.3681568088033012,0.8139163740823492,0.8608058608058609,0.4430200082413809,0.4440417173323356,0.3226042763609725,0.3400056121971752,1900189590.0,844000000.0,45.99,[],{},0.0229267279385604,15.11561778372134,21.88528742009326,0.0456927972114217,0.0373994333911042,,0.1163530543293299,1.0,20,20,0.4629839951366123,4.0,22.0,0.4039045454545454,0.4039045454545454,0.1818181818181818,0.0,1.0,0.1818181818181818,22.0,4,5,"cheapness,dividend,garp,risk",0.4946016666666667,True,0.8,0.4628,hold,2,16,stable,0.3703,persistent,2026-08-02,neutral,0.625,25.38446443147359
RJF,"Raymond James Financial, Inc.",Financial Services,31776231424.0,14.401917,11.635319,2.499168,1.31,2.109,47.594,0.18416001,0.0241981185537798,0.15131,0.151,0.42,,21924231168.0,,,13842000000.0,6083999744.0,16019999744.0,66.098,88230000000.0,,,,2135000000.0,2434000000.0,,,198139594.0,0.0249180643917486,,,,0.0478295364388529,0.0372204549836128,0.1568854131247875,0.1522917871602082,203291449.0,1847000000.0,165.19,[],{},,,,,0.0694352008833268,,,0.8,16,20,0.4926588026514954,8.0,22.0,0.5765227272727272,0.5765227272727272,0.3636363636363636,0.0,1.0,0.3636363636363636,22.0,4,5,"cheapness,quality,dividend,garp",0.6637033333333333,False,0.63335,0.4626,hold,2,15,stable,0.3057,persistent,2026-08-16,neutral,0.625,35.95220909083264
JBHT,"J.B. Hunt Transport Services, Inc.",Industrials,22176362496.0,33.64245,23.52319,6.0648155,0.77,1.255,38.373,0.18448,0.0754724740464895,0.05311,0.194,0.458,903028352.0,23579066368.0,1673964032.0,865069000.0,11999096000.0,1403336960.0,4162000.0,38.941,7927155000.0,1604190000.0,,1935343000.0,598282000.0,1678272000.0,0.1330620240058084,,94594725.0,0.0686799153540489,0.1297060097604044,0.8288918295103245,1.0553878334247098,0.1850344795831543,0.177773580502077,1.5136699105795206,1.4541399641734447,100555126.0,75206000.0,236.17,[],{},0.0407203098417462,14.085766430613486,27.2568620167871,0.0366880090372881,0.0297243512288789,,0.144375190676877,1.0,20,20,0.4628624665126275,6.0,22.0,0.4644409090909091,0.4644409090909091,0.2727272727272727,0.0,1.0,0.2727272727272727,22.0,4,5,"quality,dividend,garp,risk",0.5578383333333333,True,0.9,0.4625,hold,2,22,stable,0.3701,persistent,2026-07-25,neutral,0.5,31.90809276019894
HSY,The Hershey Company,Consumer Defensive,33735417856.0,22.937157,17.014212,7.393544,3.42,1.18,129.821,0.32808998,0.0642777024614197,0.12242,0.066,6.31,1743636352.0,38867517440.0,2721615872.0,1462122000.0,11692576000.0,5923312128.0,791212992.0,22.709,13741297000.0,3588899000.0,,3011896000.0,883259000.0,2277367000.0,0.3354856106986176,,202839656.0,0.1715658336024461,0.4731979600907424,1.191574675885223,0.9567277729072056,0.4176152367567632,0.4207625307786961,0.8509077418237886,0.8652493449956712,202383069.0,224806000.0,167.9,[],{},0.0516856307943992,14.281044522068395,26.58295097125958,0.0376180959398059,0.0435973821864671,,0.1362724722470527,1.0,20,20,0.4889583333333334,7.0,22.0,0.5490500000000001,0.5490500000000001,0.3181818181818182,0.0,1.0,0.3181818181818182,22.0,5,5,"cheapness,quality,dividend,garp,risk",0.7457583333333333,True,0.9,0.4609,hold,2,29,stable,0.4749,persistent,2026-07-16,neutral,0.625,34.629757354748406
ORCL,Oracle Corporation,Technology,449206222848.0,23.285265,13.508904,11.392638,1.35,1.171,251.716,0.41192,0.065277602680328,0.2636,0.296,0.545,-45853626368.0,586650222592.0,34432999424.0,22444000000.0,67357000000.0,169142992896.0,37077000192.0,13.04,261759000000.0,46567000000.0,,41764000000.0,17087000000.0,31977000000.0,0.658224089552682,,2880000000.0,0.0739066648451838,0.70509939197547,1.1150033521693323,0.7529638819961401,0.5966900851546652,0.6183379761346155,0.257324485500021,0.3409281246844578,2807000000.0,4599000000.0,148.56,[],{},-0.1020770061404864,17.037441768232988,26.13839879664944,0.0382578905379692,0.0429456138892986,,0.1020205004659196,1.0,20,20,0.4744481862302283,4.0,22.0,0.4350590909090909,0.4350590909090909,0.1818181818181818,0.0,1.0,0.1818181818181818,22.0,3,5,"quality,dividend,garp",0.5729416666666667,False,0.63335,0.4605,hold,2,8,stable,0.2805,persistent,2026-09-14,neutral,0.625,50.4829232188409
EXPE,"Expedia Group, Inc.",Consumer Cyclical,33727834112.0,17.674213,11.486162,27.892803,0.69,0.801,230.271,0.89489,0.052920006543432,0.12968001,0.14,1.887,3434374912.0,33552836608.0,2889999872.0,2163000000.0,14733000000.0,5689999872.0,7127000064.0,10.075,24452000000.0,12199000000.0,,16657000000.0,1294000000.0,3880000000.0,0.9011742347111924,,122498649.0,0.0551188136501697,0.894602293477467,0.7323647715675091,0.7211079274116523,0.2623507279568133,0.2917187779167411,0.602527400621626,0.6115329640879043,128794452.0,299000000.0,281.02,[],{},0.1018261327008272,11.609978579265489,15.512175963014332,0.0644654884256276,0.0565796055530167,,0.2774855676715843,1.0,20,20,0.5118461294689904,9.0,22.0,0.5703227272727273,0.5703227272727273,0.4090909090909091,0.0,1.0,0.4090909090909091,22.0,5,5,"cheapness,quality,dividend,garp,risk",0.6849700000000001,True,0.8,0.4566,hold,2,29,stable,0.4842,persistent,2026-07-16,neutral,0.625,41.17551317741319
ATO,Atmos Energy Corporation,Utilities,26745819136.0,18.886635,17.545319,1.7528685,2.5,0.814,67.662,0.09792,0.042434487918061,0.28496,0.048,0.233,-2220956928.0,36548730880.0,2624299008.0,1559971000.0,4702755000.0,10323866624.0,520952992.0,90.292,28249522000.0,1052695000.0,,1362615000.0,1198754000.0,2049456000.0,0.5813101043962529,,161568384.0,0.0413938140778143,0.5791713553317054,0.7725549770111146,0.9389978231574584,0.3293332184523334,0.322658687136242,0.1664720203053347,0.1653215101015243,155258845.0,171678000.0,158.27,[],{},-0.0830394057742872,13.927045191338197,23.429109182157877,0.0426819471549322,0.0529474943524878,,0.0580197268506935,1.0,20,20,0.4741935483870968,5.0,22.0,0.4703409090909092,0.4703409090909092,0.2272727272727272,0.0,1.0,0.2272727272727272,22.0,3,5,"cheapness,dividend,garp",0.5911233333333333,False,0.73335,0.4548,hold,2,29,stable,0.2787,persistent,2026-07-16,neutral,0.625,25.944216936548642
BRO,"Brown & Brown, Inc.",Financial Services,21515448320.0,20.54313,13.325984,1.6863363,1.02,1.127,63.975,0.10023,0.0351438764962822,0.18084998,0.324,0.071,1642749952.0,28688445440.0,2892000000.0,1502000000.0,5763000000.0,8065999872.0,918000000.0,38.13,29991000000.0,8614000000.0,,8294000000.0,1054000000.0,1450000000.0,0.4907166406385563,,336000000.0,0.0563820122643652,0.4886291179596174,1.0385821075476247,1.096610706366804,0.2640125370944616,0.2305246422893481,0.1921576472941882,0.2671473995003406,285958390.0,306000000.0,64.3,[],{},0.0763521134938637,9.919932724757953,19.100163408788283,0.0523555730177619,0.0486780738865012,,0.0692261602986588,1.0,20,20,0.4319880205046445,5.0,22.0,0.4841363636363636,0.4841363636363636,0.2272727272727272,0.0,1.0,0.2272727272727272,22.0,4,5,"cheapness,dividend,garp,risk",0.5591883333333334,True,0.9,0.4545,hold,2,29,stable,0.3546,persistent,2026-07-16,accumulate,0.75,33.74531082642905
NTAP,"NetApp, Inc.",Technology,38920425472.0,27.987288,17.817738,25.976665,1.05,1.242,169.498,1.14818,0.1187639612807148,0.19184999,0.299,0.635,1171374976.0,37878427648.0,2095000064.0,1695000000.0,6925000000.0,2534000128.0,3576000000.0,7.628,10744000000.0,5776000000.0,,4021000000.0,1276000000.0,2067000000.0,0.7074368231046931,,196000000.0,0.1095814469185992,0.7019172245891662,1.4364585923899529,1.255040755040755,0.2543745346239762,0.3225538205673103,0.6445457930007445,0.6072253534140257,201000000.0,109000000.0,198.15,[],{},0.0300966642012355,18.08039450637458,22.34715495457227,0.0447484255616797,0.0357305073646292,,0.252119589468987,1.0,20,20,0.4925470490816019,7.0,22.0,0.4807045454545455,0.4807045454545455,0.3181818181818182,0.0,1.0,0.3181818181818182,22.0,5,5,"cheapness,quality,dividend,garp,risk",0.6142166666666666,True,0.9,0.4541,hold,2,29,stable,0.4733,persistent,2026-07-16,neutral,0.5,58.763010108894875
DRI,"Darden Restaurants, Inc.",Consumer Cyclical,23992508416.0,20.240421,17.044909,10.919849,3.1,0.314,364.507,0.53718,0.0938160840900609,0.09134,0.137,0.36,790974976.0,31932815360.0,2115000064.0,1606600000.0,13210900000.0,8046499840.0,219500000.0,19.351,12862400000.0,942900000.0,,3005400000.0,1206700000.0,1848300000.0,0.2166771378180139,,114077969.0,0.0833876221498371,0.2188180546010085,0.3137352765022959,0.4172191323692992,0.4917356014429655,0.494931278303011,1.0270944769249906,0.9594581711289426,117033830.0,196300000.0,211.31,[],{},0.0329675814752457,15.098257396553914,19.876021013320056,0.0503118807999771,0.049406086958369,,0.1629907679821446,1.0,20,20,0.4770102877880411,7.0,22.0,0.5285,0.5285,0.3181818181818182,0.0,1.0,0.3181818181818182,22.0,5,5,"cheapness,quality,dividend,garp,risk",0.6752266666666668,True,0.8,0.4533,hold,2,15,stable,0.4652,persistent,2026-08-16,neutral,0.625,48.44058546445153
D,"Dominion Energy, Inc.",Utilities,55251820544.0,21.737022,16.469904,1.9792061,4.2,0.809,160.459,0.08281,0.0258767273449165,0.13984999,0.176,-0.58,-9181124608.0,114565816320.0,8341000192.0,4931000000.0,16506000000.0,53931999232.0,298000000.0,31.74,115857000000.0,8071000000.0,,10444000000.0,2998000000.0,5361000000.0,0.490185387131952,,879000000.0,0.0198603720158179,0.4788021301611453,0.7727882037533512,0.7119173215631392,0.4224259216102609,0.4076551286432651,0.142468733007069,0.1411804911389933,852000000.0,2022000000.0,62.82,[],{},-0.1661687256203363,13.735261201634078,23.233789559926997,0.0430407617070257,0.0460044618807488,,0.0467779116427765,1.0,20,20,0.3935483870967742,4.0,22.0,0.4079818181818181,0.4079818181818181,0.1818181818181818,0.0,0.94,0.1818181818181818,22.0,3,5,"quality,dividend,garp",0.50462,False,0.43335,0.4532,hold,2,29,stable,0.254,persistent,2026-07-16,neutral,0.5,30.958295185481532
ADI,"Analog Devices, Inc.",Technology,185588580352.0,45.486935,23.42777,5.5315647,1.17,1.25,27.314,0.12227,0.0472434647994053,0.29787,0.396,1.635,4147339008.0,192427704320.0,6922700800.0,3002476000.0,11019707000.0,9164060672.0,2324933888.0,69.239,47992712000.0,7108061000.0,,3245801000.0,2267342000.0,4812202000.0,0.614669518890112,,489654097.0,0.0339069338927451,0.5708341337690674,2.1899250755052453,1.8353882500970455,0.1805401203416052,0.158616842148435,0.2296120919359589,0.1954694960385999,496296854.0,317716000.0,383.0,[],{},0.022346951521122,27.796623005864998,64.0896727634126,0.0156031378673363,0.0219843346226779,,0.0670990674641206,1.0,20,20,0.4309576868236002,6.0,22.0,0.4646,0.4646,0.2727272727272727,0.0,1.0,0.2727272727272727,22.0,4,5,"quality,dividend,garp,risk",0.6294916666666667,True,1.0,0.4524,hold,2,32,stable,0.3533,persistent,2026-07-16,neutral,0.625,59.19828614309797
KMI,"Kinder Morgan, Inc.",Energy,70571474944.0,20.464516,20.514147,2.2311318,3.71,0.458,98.619,0.109910004,0.042008027712102,0.19305,0.108,0.212,1075000064.0,104216158208.0,7634999808.0,4724000000.0,16937000000.0,32425000960.0,91000000.0,14.217,72748000000.0,2754000000.0,,4322000000.0,3056000000.0,5917000000.0,0.5287240951762414,,2224777750.0,0.0365930511014326,0.5568874172185431,0.6372049976862564,0.4942168202313272,0.4368779897729147,0.4434999369809682,0.232817397041843,0.21146386208635,2221647775.0,,31.72,[],{},0.0152327844196686,13.649791857074009,22.060998773920407,0.0453288634049587,0.0488650696649752,,0.0690380849384736,1.0,20,20,0.4071428571428571,7.0,22.0,0.4589136363636364,0.4589136363636364,0.3181818181818182,0.0,1.0,0.3181818181818182,22.0,4,5,"cheapness,quality,dividend,garp",0.55294,False,0.53335,0.4524,hold,2,29,stable,0.3438,persistent,2026-07-16,accumulate,0.75,52.634140278776286
WEC,"WEC Energy Group, Inc.",Utilities,33718894592.0,20.093204,17.24983,2.473882,3.69,0.534,157.985,0.11988,0.0302552685162359,0.16686001,0.026,0.197,-2353637376.0,57130192896.0,3965199872.0,2374900000.0,9800100000.0,23023200256.0,50000000.0,41.829,51518300000.0,3284700000.0,,5593400000.0,1558700000.0,3379400000.0,0.4217814103937715,,325461519.0,0.0322697790689818,0.4402260491401062,0.5872456824114135,0.6013548400421322,0.4331315280201404,0.4291728599418958,0.1902256091524759,0.1815734578744679,317680855.0,895100000.0,103.48,[],{},-0.069801735925187,14.407897392366303,24.055830938565837,0.0415699629147634,0.0497680708362887,,0.0517126874527761,1.0,20,20,0.4903225806451613,5.0,22.0,0.4126409090909091,0.4126409090909091,0.2272727272727272,0.0,1.0,0.2272727272727272,22.0,3,5,"cheapness,dividend,garp",0.5178900000000001,False,0.53335,0.4516,hold,2,24,stable,0.2826,persistent,2026-07-16,neutral,0.625,37.70216711872088
SYY,Sysco Corporation,Consumer Defensive,37612539904.0,21.42896,14.601217,14.078262,2.78,1.277,564.591,0.77692,0.0618727330351797,0.02078,0.047,0.053,1914000000.0,50840502272.0,4493000192.0,3095000000.0,84553000000.0,15052000256.0,1787000064.0,5.571,28397000000.0,13437000000.0,,10523000000.0,1757000000.0,2638000000.0,0.1849609120906413,,478543630.0,0.068275192350788,0.1839621482118717,1.276917228927112,1.2069382815651473,0.5270627178927352,0.54134608201987,2.9775328379758426,3.039142451632181,477496242.0,717000000.0,78.43,[],{},0.0508872839985063,11.315490785538788,16.42665663069467,0.0608766605695897,0.0466658204597889,,0.1731565402260266,1.0,20,20,0.485625,6.0,22.0,0.4968181818181818,0.4968181818181818,0.2727272727272727,0.0,1.0,0.2727272727272727,22.0,5,5,"cheapness,quality,dividend,garp,risk",0.6151099999999999,True,0.9,0.4484,hold,2,29,stable,0.467,persistent,2026-07-16,neutral,0.5,36.545852815703846
CMS,CMS Energy Corporation,Utilities,19987097600.0,19.429428,15.569726,2.1245854,3.49,0.936,185.604,0.09158,0.0268145514634085,0.11642,-0.005,-0.439,-2198874880.0,40197439488.0,3017999872.0,1727000000.0,8539000000.0,19300999168.0,241000000.0,30.453,39941000000.0,3472000000.0,,3548000000.0,1071000000.0,2235000000.0,0.4152711090291603,,306409000.0,0.0279231625835189,0.4270126413838989,0.9785794813979708,0.7923885259869355,0.473147893142385,0.4611915367483296,0.2137903407526101,0.2092149220489977,298784865.0,798000000.0,64.7,[],{},-0.1100147166940336,13.319231674241768,23.27587694730747,0.0429629355002961,0.0514683190879319,,0.0474541807490451,1.0,20,20,0.4193548387096774,4.0,22.0,0.3922227272727273,0.3922227272727273,0.1818181818181818,0.0,0.9363,0.1818181818181818,22.0,3,5,"cheapness,dividend,garp",0.4813933333333334,False,0.43335,0.4484,hold,2,29,stable,0.2603,persistent,2026-07-16,neutral,0.625,23.631051567961904
CLX,The Clorox Company,Consumer Defensive,10264624128.0,17.64657,13.557827,114.08601,6.02,0.658,2221.429,1.6376,0.0753143443674621,0.087349996,-0.02,-0.501,110375000.0,15881623552.0,1140000000.0,886000000.0,6720000000.0,5598000128.0,143000000.0,0.744,7794000000.0,1824000000.0,,2773000000.0,587000000.0,612000000.0,0.4232142857142857,,120926454.0,0.1456572558892285,0.4522804054054054,0.6577713667508114,0.8379364252214695,0.7082371054657429,0.5178924653839238,0.8622016936104696,1.2774680812803452,122694263.0,130000000.0,84.88,[],{},0.0107529509725463,13.931248729824562,17.925083015801356,0.0557877472097885,0.0566682363768143,,0.176458872734515,1.0,20,20,0.4754166666666667,5.0,22.0,0.4457363636363636,0.4457363636363636,0.2272727272727272,0.0,0.9777,0.2272727272727272,22.0,4,5,"cheapness,quality,dividend,garp",0.5381750000000001,False,0.43335,0.4473,hold,2,29,stable,0.3691,persistent,2026-07-16,accumulate,0.75,28.383735394135613
VLO,Valero Energy Corporation,Energy,113233223680.0,16.40676,10.535979,4.529195,1.16,1.636,40.148,0.27637,0.0404911360971235,0.05446,0.517,4.535,8416374784.0,119975231488.0,13379000320.0,4312000000.0,122687000000.0,11349000192.0,7873999872.0,86.83,57988000000.0,23210000000.0,,14109000000.0,2348000000.0,5826000000.0,0.0437617677504544,,298940136.0,0.0460568977270837,0.036648932484351,1.6450492593380113,1.5319135204904808,0.2018176174380906,0.1918760287980313,2.115730840863627,2.1595364381557287,314863703.0,556000000.0,393.27,[],{},0.0743277857017026,8.967428703073685,27.823569454545453,0.0359407516578227,0.0609504862629794,,0.0982702431687139,1.0,20,20,0.4928571428571429,8.0,22.0,0.5933954545454546,0.5933954545454546,0.3636363636363636,0.0,1.0,0.3636363636363636,22.0,5,5,"cheapness,quality,dividend,garp,risk",0.749835,True,1.0,0.4429,hold,2,15,stable,0.4679,persistent,2026-08-16,neutral,0.375,63.42037516616312
TXN,Texas Instruments Incorporated,Technology,247371399168.0,41.103184,25.446108,13.733712,2.28,4.857,78.036,0.35176,0.1446002602284227,0.31111,0.228,0.518,3545250048.0,254422401024.0,9520000000.0,6140000000.0,17682000000.0,14051999744.0,7000999936.0,19.723,34585000000.0,13750000000.0,,3159000000.0,5001000000.0,7153000000.0,0.5702409229725144,,907000000.0,0.1351488355064913,0.5814206252797136,4.352643241532131,4.124622563821027,0.406187653607055,0.3828888450815286,0.5112621078502241,0.4404798783407023,911216614.0,543000000.0,270.87,[],{},0.0143316893542421,26.725042124369747,41.43687313094463,0.0241330951020339,0.0243290154845425,,0.1953796219690702,1.0,20,20,0.4405085064739537,7.0,22.0,0.4643318181818182,0.4643318181818182,0.3181818181818182,0.0,1.0,0.3181818181818182,22.0,4,5,"quality,dividend,garp,risk",0.616965,True,1.0,0.4359,hold,2,22,stable,0.3506,persistent,2026-07-25,neutral,0.625,54.64135221449637
BKR,Baker Hughes Company,Energy,57406341120.0,18.594856,18.589357,2.882564,1.61,2.095,80.925,0.16463,0.0633056921308187,0.111669995,-0.024,-0.042,4415000064.0,56811339776.0,4839000064.0,3557000000.0,27733000000.0,16252999680.0,17024000000.0,20.062,40881000000.0,18828000000.0,,13877000000.0,2588000000.0,3810000000.0,0.2359643745718097,,986773882.0,0.0776529468498292,0.2329584246649179,1.356777401455646,1.324840274035871,0.1488955749614735,0.1570002346010479,0.678383601183924,0.7254125068425306,989525809.0,222000000.0,57.83,[],{},0.0769078812177047,11.74030564674942,15.971700808546528,0.062610739581654,0.0537783137444032,,0.1317212264849652,1.0,20,20,0.4595238095238095,9.0,22.0,0.5311272727272728,0.5311272727272728,0.4090909090909091,0.0,1.0,0.4090909090909091,22.0,5,5,"cheapness,quality,dividend,garp,risk",0.6033733333333333,True,0.9,0.431,hold,2,29,stable,0.4453,persistent,2026-07-16,neutral,0.625,37.94124288853732
XEL,Xcel Energy Inc.,Utilities,44879974400.0,19.68493,15.824876,1.8648775,3.28,0.701,173.135,0.0992,0.0247999901684875,0.15278,-0.051,0.24,-7907999744.0,84512972800.0,6122999808.0,2879000000.0,14669000000.0,41650999296.0,2018000000.0,38.528,81371000000.0,5014000000.0,,7089000000.0,2018000000.0,4083000000.0,0.4720158156656895,,623600715.0,0.0276433211965445,0.4574064429729931,0.7072929891381012,0.6696082984982196,0.427437293384621,0.4313271935460841,0.1802730702584458,0.1919183265510102,574365598.0,1343000000.0,71.85,[],{},-0.176203303360173,13.802543761242594,29.354974921847862,0.0340657759940968,0.0508002822463681,,0.038757707116125,1.0,20,20,0.4403225806451613,6.0,22.0,0.4172227272727272,0.4172227272727272,0.2727272727272727,0.0,1.0,0.2727272727272727,22.0,3,5,"cheapness,dividend,garp",0.52748,False,0.43335,0.429,hold,2,16,stable,0.2608,persistent,2026-08-02,neutral,0.5,32.50767805247068
HD,"The Home Depot, Inc.",Consumer Cyclical,296513372160.0,20.812326,18.546255,17.849852,3.11,1.078,380.261,1.0429599,0.134697178743042,0.0841,0.057,0.046,10762625024.0,357616353280.0,24647999488.0,20890000000.0,164683000000.0,63188000768.0,2084999936.0,16.65,105095000000.0,34391000000.0,,32424000000.0,14156000000.0,16325000000.0,0.3331552133492831,,995511485.0,0.154038223452179,0.3341901024361498,1.06066493955095,1.1054394473326123,0.6218183548218279,0.6480508536293553,1.5669917693515392,1.65954701983999,994000000.0,2412000000.0,297.2,[],{},0.0362972669515641,14.50894030787802,17.119021219722356,0.0584145546153028,0.0480484497504027,,0.2874599221147362,1.0,20,20,0.4616042486270657,6.0,22.0,0.4987954545454545,0.4987954545454545,0.2727272727272727,0.0,1.0,0.2727272727272727,22.0,5,5,"cheapness,quality,dividend,garp,risk",0.6035783333333333,True,0.7,0.4285,hold,2,13,stable,0.4451,persistent,2026-09-06,accumulate,0.75,28.014409926214896
CTVA,"Corteva, Inc.",Basic Materials,52781879296.0,47.945457,19.182135,2.0973513,0.89,1.516,19.191,0.04256,0.025533901272027,0.056649998,-0.012,-0.099,2417250048.0,55535874048.0,4275000064.0,2619000000.0,17401000000.0,4874999808.0,2364999936.0,37.719,42845000000.0,17335000000.0,,12125000000.0,1094000000.0,3406000000.0,0.4729038561002241,,672163000.0,0.0222167789344764,0.436420629287911,1.4296907216494843,1.4535913730021182,0.0602170615007585,0.0662094304960196,0.4061384058816665,0.4141579914268218,685595000.0,180000000.0,79.11,[],{},0.0457969682065334,12.990847536043452,21.204992,0.0471587067799884,0.0208570334411454,,0.08525390625,1.0,20,20,0.4299999999999999,4.0,22.0,0.4118409090909091,0.4118409090909091,0.1818181818181818,0.0,1.0,0.1818181818181818,22.0,3,5,"quality,garp,risk",0.4742849999999999,True,1.0,0.4275,hold,2,22,stable,0.2572,persistent,2026-07-25,neutral,0.5,38.7014063998411
MSFT,Microsoft Corporation,Technology,3724727812096.0,27.913746,21.18654,8.421221,0.79,1.23,29.118,0.34039003,0.1763623848855976,0.40305,0.177,0.317,16545500160.0,3776697860096.0,194237005824.0,155237000000.0,331839000000.0,128812998656.0,76842999808.0,59.565,758376000000.0,207710000000.0,,168825000000.0,133749000000.0,182935000000.0,0.6794409337058032,,7428434704.0,0.1645097035070912,0.6882374238616519,1.2303272619576484,1.3534464445042416,0.0749311687078705,0.0978799779645656,0.4375652710528814,0.4551254194244616,7434158655.0,3051000000.0,501.61,[],{},0.0044420695939898,19.44376069881401,24.32859344161508,0.0411038970419661,0.0358246435286758,,0.263313945697658,1.0,20,20,0.4377095732150132,6.0,22.0,0.4695409090909091,0.4695409090909091,0.2727272727272727,0.0,1.0,0.2727272727272727,22.0,5,5,"cheapness,quality,dividend,garp,risk",0.5534966666666666,True,0.83335,0.4252,hold,2,29,stable,0.4315,persistent,2026-07-16,neutral,0.375,57.26019321395739
XOM,ExxonMobil Holdings Corporation,Energy,650915676160.0,20.37323,14.67008,2.5095117,2.52,1.135,15.921,0.12584,0.0642433961423671,0.09072,0.441,1.128,20671000576.0,689426661376.0,67937001472.0,33938000000.0,323905000000.0,42368000000.0,10588000256.0,63.08,448980000000.0,83382000000.0,,72330000000.0,28844000000.0,51970000000.0,0.2199410320927432,,4179000000.0,0.0742709079883124,0.226212759434866,1.152799668187474,1.3084045685351386,0.0969686845739231,0.0919786096256684,0.7214241168871665,0.7481051877170737,4353094536.0,603000000.0,158.3,[],{},0.0317568025061957,10.148029003902163,20.31429846708704,0.0492264107283934,0.0490840185871361,,0.0901048718969866,1.0,20,20,0.4023809523809524,8.0,22.0,0.5784636363636363,0.5784636363636363,0.3636363636363636,0.0,1.0,0.3636363636363636,22.0,5,5,"cheapness,quality,dividend,garp,risk",0.7372333333333334,True,1.0,0.4238,hold,2,16,stable,0.4131,persistent,2026-08-02,neutral,0.625,44.85998040805
PSA,Public Storage,Real Estate,55433469952.0,28.281221,29.007317,10.764123,4.05,0.22,109.632,0.21929,0.0882964503634194,0.41632998,0.033,0.451,2334240256.0,66467332096.0,3436555008.0,2260491000.0,4824113000.0,10180214784.0,259936000.0,27.561,20208604000.0,460203000.0,,612889000.0,1784348000.0,3186449000.0,0.7284526709884284,,175500243.0,0.1048857465178066,0.7320903157328027,0.7508749545186812,0.7775496049285335,0.5074017482850374,0.4734530624096238,0.2387157964993524,0.2376933276517147,175408393.0,304495000.0,296.67,[],{},0.0421088605497946,19.34126820064566,29.403935736085657,0.0340090526987773,0.0353591522798821,,0.1153563929665235,1.0,20,20,0.4717255062944719,6.0,22.0,0.4678272727272727,0.4678272727272727,0.2727272727272727,0.0,1.0,0.2727272727272727,22.0,4,5,"quality,dividend,garp,risk",0.6221650000000001,True,0.8,0.4232,hold,2,29,stable,0.358,persistent,2026-07-16,accumulate,0.75,41.034849679138716
COR,"Cencora, Inc.",Healthcare,60394889216.0,23.513372,15.978951,19.795471,0.78,0.935,446.516,0.96871,0.0202920319531586,0.00789,0.051,0.119,2043314048.0,72230780928.0,5546476032.0,3933622000.0,321332819000.0,14463047680.0,2815290880.0,15.988,76590112000.0,52239073000.0,,57820539000.0,1554169000.0,3875120000.0,0.0357216515752161,,193937673.0,0.0224900522963162,0.0337123289936485,0.9034691461454554,0.8791526135363318,0.100023002969365,0.065394440945856,4.195486997068238,4.380794280416312,194943968.0,419753000.0,316.49,[],{},0.0338325655452759,13.0228239536725,18.362410248874955,0.0544590817025923,0.0425289915882758,,0.209574400014321,1.0,20,20,0.4689757221336169,4.0,22.0,0.4270863636363636,0.4270863636363636,0.1818181818181818,0.0,1.0,0.1818181818181818,22.0,4,5,"cheapness,dividend,garp,risk",0.5090049999999999,True,0.8,0.4231,hold,2,29,stable,0.3568,persistent,2026-07-16,neutral,0.375,47.2799798632586
NFLX,"Netflix, Inc.",Communication Services,305466605568.0,23.069181,19.210123,10.131197,,1.142,55.236,0.49541,0.1975142972210745,0.28219,0.134,0.111,25387552768.0,312993349632.0,14726931456.0,13326603000.0,45183036000.0,16654660608.0,9127910400.0,7.241,55596993000.0,13020191000.0,,10980930000.0,10981201000.0,10149273000.0,0.4848657580247595,,4222162150.0,0.1624383786695203,0.4605655665041732,1.185709316059751,1.2180280603231866,0.2601370185614175,0.2905593013392,0.8126884847890964,0.7272178635189082,4277571000.0,776510000.0,73.36,[],{},0.0831107306174863,21.25312734476545,23.48635654802653,0.0425779110504062,0.0433478761122902,,0.2986951807020713,0.95,19,20,0.4871449724054381,8.0,22.0,0.4495863636363637,0.4495863636363637,0.3636363636363636,0.0,1.0,0.3636363636363636,22.0,3,5,"cheapness,quality,risk",0.4979999999999999,True,1.0,0.4225,hold,2,29,stable,0.2592,persistent,2026-07-16,neutral,0.5,40.80437713187683
URI,"United Rentals, Inc.",Industrials,64104787968.0,24.77556,17.974075,6.960424,0.78,0.764,166.793,0.28895,0.0835063282662559,0.15673,0.118,0.255,1706249984.0,79377784832.0,4690999808.0,3974000000.0,16099000000.0,15384999936.0,112000000.0,147.968,29866000000.0,3608000000.0,,3819000000.0,2494000000.0,5190000000.0,0.3816386110938567,,63095970.0,0.0914320207364272,0.4007820136852394,0.9447499345378372,0.9777309659945832,0.5246768901091542,0.5251216134644746,0.539041050023438,0.5448638284273692,65305731.0,716000000.0,1029.92,[],{},0.0266165763601266,16.92129355806616,19.974279021640665,0.0500643852484774,0.0403623570970747,,0.1525703535915844,1.0,20,20,0.4475610024128551,7.0,22.0,0.4490681818181818,0.4490681818181818,0.3181818181818182,0.0,1.0,0.3181818181818182,22.0,5,5,"cheapness,quality,dividend,garp,risk",0.5425783333333334,True,0.8,0.4224,hold,2,29,stable,0.435,persistent,2026-07-16,neutral,0.625,48.92456568651377
AMT,American Tower Corporation,Real Estate,81356627968.0,24.016506,24.907135,21.871479,4.01,0.352,438.721,0.33914003,0.0400298146553906,0.31083,0.047,1.385,2920012544.0,131106824192.0,7044400128.0,4929200000.0,10644600000.0,44979900416.0,1762499968.0,7.983,63190400000.0,2741800000.0,,6913800000.0,2529500000.0,5464000000.0,0.7418315389962986,,466318000.0,0.0369203666167846,0.7457935065960977,0.3965691804796205,0.4492622533778054,0.711562199321416,0.7196458919338413,0.1684528029574112,0.165809284612639,467384103.0,1359400000.0,174.6,[],{},0.0358915139052779,18.61149591302716,26.597992410938893,0.0375968225176548,0.0416380301114575,,0.0875888024507521,1.0,20,20,0.46777321656632,7.0,22.0,0.506040909090909,0.506040909090909,0.3181818181818182,0.0,1.0,0.3181818181818182,22.0,4,5,"quality,dividend,garp,risk",0.67715,True,0.6,0.4189,hold,2,17,stable,0.3547,persistent,2026-07-26,neutral,0.375,49.09240283887118
EME,"EMCOR Group, Inc.",Industrials,33422514176.0,23.604675,20.618526,8.218203,0.21,1.277,13.432,0.40348998,0.1369887354961292,0.07738,0.198,0.348,978281600.0,33047166976.0,1990525952.0,1568542000.0,16986422000.0,548028032.0,924411008.0,92.199,9291399000.0,5937345000.0,,4864940000.0,1272817000.0,1302063000.0,0.1932713081071458,,44520367.0,0.1305188264120149,0.1898276108744431,1.2204354010532503,1.2973920902061526,0.0503916579193294,0.0444272921061215,1.828187768063776,1.8876649992814076,45810125.0,12020000.0,757.71,[],{},0.0292701379330249,16.602228643537927,21.068716665540357,0.0474637357307853,0.042364489237831,,0.3543559310048957,1.0,20,20,0.463532187797813,8.0,22.0,0.5168772727272727,0.5168772727272727,0.3636363636363636,0.0,1.0,0.3636363636363636,22.0,5,5,"cheapness,quality,dividend,garp,risk",0.6093283333333332,True,1.0,0.4161,hold,2,29,stable,0.4398,persistent,2026-07-16,neutral,0.625,49.10326492507273
ADM,Archer-Daniels-Midland Company,Consumer Defensive,40185532416.0,22.78142,14.705156,1.7048683,2.44,1.389,39.134,0.07642,0.0205768386493347,0.021559998,0.072,3.156,1164625024.0,48733790208.0,2995000064.0,1424000000.0,80269000000.0,9342000128.0,1092999936.0,48.907,52389000000.0,26665000000.0,,19534000000.0,1078000000.0,5452000000.0,0.0627016656492543,,480000000.0,0.0337894914681534,0.0675552437741143,1.3650558001433395,1.3902096499147356,0.1862604745270953,0.2165906403108633,1.5321727843631296,1.6055640029284226,478000000.0,612000000.0,83.38,[],{},0.0289812017903314,16.27171591539572,34.22316728089888,0.0292199723009896,0.0438954200396639,,0.0433419570841576,1.0,20,20,0.416875,5.0,22.0,0.4980272727272728,0.4980272727272728,0.2272727272727272,0.0,1.0,0.2272727272727272,22.0,3,5,"dividend,garp,risk",0.674255,True,0.9,0.4159,hold,2,15,stable,0.2498,persistent,2026-08-16,neutral,0.5,49.063687394389184
PG,The Procter & Gamble Company,Consumer Defensive,339553189888.0,22.066465,19.741076,6.3659735,2.97,0.677,64.49,0.30290002,0.1268247958836872,0.18437,0.015,-0.155,13280874496.0,365622165504.0,24752001024.0,19748000000.0,87032000000.0,35024998400.0,9941999616.0,22.947,126521000000.0,26208000000.0,,38694000000.0,16046000000.0,19556000000.0,0.5017694641051568,,2323859000.0,0.1275562760019484,0.5116036258364577,0.6773143122964801,0.7041987908369849,0.2768394179622355,0.2831806820994801,0.6878858055184515,0.6730282438054476,2341944000.0,877000000.0,146.08,[],{},0.0391127955545952,14.771418486508868,18.51438958395787,0.0540120426582396,0.0453176347004379,,0.2248511277853052,1.0,20,20,0.4466666666666667,7.0,22.0,0.5327454545454546,0.5327454545454546,0.3181818181818182,0.0,1.0,0.3181818181818182,22.0,5,5,"cheapness,quality,dividend,garp,risk",0.6540466666666667,True,0.9,0.4154,hold,2,29,stable,0.431,persistent,2026-07-16,neutral,0.625,51.30367938021163
PLD,"Prologis, Inc.",Real Estate,132029456384.0,30.249447,39.8884,2.3614712,3.17,0.649,63.823,0.07749,0.0337123938416917,0.43575,0.123,0.853,5406941184.0,166515163136.0,6737149952.0,3414302000.0,8790127000.0,37093756928.0,1766716032.0,57.515,98724256000.0,2435901000.0,,2681055000.0,3328231000.0,5008434000.0,0.7457768243849037,,929153000.0,0.0391448411520161,0.7491662002948202,0.908560622590734,0.9169590258176784,0.361416084006751,0.3303779339381719,0.0890371561777077,0.0860348669258346,926283000.0,972259000.0,135.82,[],{},0.0409525368965712,24.71596510725846,48.76989883613108,0.0205044509803073,0.0330584555810226,,0.0355496481213698,1.0,20,20,0.4460636745119504,5.0,22.0,0.4317636363636364,0.4317636363636364,0.2272727272727272,0.0,1.0,0.2272727272727272,22.0,3,5,"dividend,garp,risk",0.596725,True,0.8,0.4153,hold,2,16,stable,0.2584,persistent,2026-08-02,neutral,0.625,45.36295254477993
CHRW,"C.H. Robinson Worldwide, Inc.",Industrials,17859545088.0,29.112381,20.380787,10.997266,1.65,1.582,121.188,0.37123,0.1160610479914423,0.03726,0.193,0.238,480618368.0,19677528064.0,932641024.0,794961000.0,16232763000.0,1972571008.0,154590000.0,13.898,5058381000.0,2798543000.0,,1831702000.0,587081000.0,914519000.0,0.0837350979620659,,118429000.0,0.0879004350004133,0.0738374188347773,1.527837497584214,1.2773046387411404,0.2758562472854456,0.3286440769463371,3.2090827084792544,3.345640539335581,118664000.0,72504000.0,152.84,[],{},0.0269110084065317,21.09871596641239,24.752821917050017,0.040399434187792,0.0343496466331627,,0.2463712690354386,1.0,20,20,0.437411906418661,5.0,22.0,0.4118,0.4118,0.2272727272727272,0.0,1.0,0.2272727272727272,22.0,5,5,"cheapness,quality,dividend,garp,risk",0.524515,True,0.9,0.4102,hold,2,22,stable,0.4238,persistent,2026-07-25,neutral,0.5,49.688123798386016
NWS,News Corporation,Communication Services,17612056576.0,31.902914,21.736832,2.0944612,0.61,1.623,31.561,0.07979,0.0368630983015954,0.06347,0.108,-0.749,1045124992.0,19302989824.0,1338000000.0,1142000000.0,9028000000.0,2915000064.0,2100999936.0,15.689,15544000000.0,4482000000.0,,2761000000.0,573000000.0,1237000000.0,,,543331412.0,0.076109391124871,,1.6233248822890256,1.8447085889570551,0.1875321667524446,0.1896284829721362,0.580802882141019,0.5451496388028896,565385686.0,,32.86,[],{},0.0593414509821751,14.426748747384156,16.90279319089317,0.0591618195115098,0.0313450990715142,,0.0893374012360165,1.0,20,20,0.4001372997711671,4.0,22.0,0.4050227272727273,0.4050227272727273,0.1818181818181818,0.0,1.0,0.1818181818181818,22.0,2,5,"cheapness,risk",0.427815,True,1.0,0.4058,hold,2,22,stable,0.1612,persistent,2026-07-25,neutral,0.5,45.29859705126951
PSX,Phillips 66,Energy,104443731968.0,14.948601,10.513454,3.3150535,1.86,1.32,62.884,0.23452999,0.059758414766558,0.046609998,0.531,3.449,4545375232.0,122106724352.0,9925000192.0,3381000000.0,132376000000.0,20565000192.0,4099000064.0,78.958,73680000000.0,17271000000.0,,13326000000.0,4403000000.0,4962000000.0,0.0984468483713059,,401138881.0,0.0291670111046816,0.0756393509042772,1.2960378208014407,1.18711473453967,0.2675895765472312,0.2764046182249042,1.7966340933767644,1.972293406078642,408392938.0,1086000000.0,261.75,[],{},0.0435198469678643,12.302944281091657,36.11556472996155,0.0276888927939259,0.0668958921306415,,0.0560194850382741,1.0,20,20,0.45,7.0,22.0,0.5476272727272727,0.5476272727272727,0.3181818181818182,0.0,1.0,0.3181818181818182,22.0,4,5,"quality,dividend,garp,risk",0.733535,True,1.0,0.4048,hold,2,22,stable,0.3419,persistent,2026-07-25,wait,0.25,61.81026870452923
BNY,The Bank of New York Mellon Corporation,Financial Services,104415002624.0,17.956827,15.015299,2.6162424,1.44,,,0.14124,0.0117488884183781,0.29413998,0.131,0.269,,-21632997376.0,,,19759000000.0,90116997120.0,221603004416.0,58.821,472300000000.0,,,,5549000000.0,6730000000.0,,,688236337.0,0.0108877480387632,,,,0.0726190980309125,0.075421089063221,0.0418356976497988,0.0438826718966312,717680268.0,20682000000.0,153.89,[],{},,,,,0.0556891259240844,,,0.7,14,20,0.4075363346919796,4.0,22.0,0.4388272727272727,0.4388272727272727,0.1818181818181818,0.0,1.0,0.1818181818181818,22.0,3,5,"cheapness,dividend,garp",0.5342766666666667,False,0.53335,0.4011,hold,2,29,stable,0.1698,persistent,2026-07-16,neutral,0.625,36.507609091955054
MET,"MetLife, Inc.",Financial Services,61412491264.0,18.51341,8.849347,2.2459793,2.44,2.027,179.933,0.13094,0.0045345600845986,0.04567,0.105,0.058,-20953999360.0,84926488576.0,6040000000.0,5722000000.0,75654000000.0,50311000064.0,27317000192.0,43.028,745166000000.0,,,,3379000000.0,17092000000.0,,,655333773.0,0.0065332559852507,,,,0.0270852400673138,0.0276253695806523,0.1015263713051856,0.1035209614779978,689211065.0,1061000000.0,96.64,[],{},-0.3412009336980477,14.060676916556291,14.842098667598744,0.0673759164654432,0.0540149005504658,,,0.95,19,20,0.3862004129715127,4.0,22.0,0.4128590909090909,0.4128590909090909,0.1818181818181818,0.0,1.0,0.1818181818181818,22.0,3,5,"cheapness,dividend,garp",0.5084850000000001,False,0.63335,0.4,hold,2,29,stable,0.2241,persistent,2026-07-16,neutral,0.375,51.19165899129127
AMP,"Ameriprise Financial, Inc.",Financial Services,47357644800.0,12.94948,10.368414,7.443243,1.25,2.182,67.578,0.63432,0.0186638310354942,0.199,0.116,0.117,2903124992.0,41324871680.0,,4830000000.0,18480000000.0,4302000128.0,10298999808.0,71.974,190904000000.0,,,,3563000000.0,8323000000.0,,,91263880.0,0.0187483117699266,,,,0.0307065331265976,0.030164881506921,0.0968025814021707,0.0951693191402567,96166693.0,326000000.0,535.72,[],{},0.0613021404307673,,8.555874053830228,0.1168787658289953,0.0772231780735597,,,0.9,18,20,0.4673318866413495,7.0,22.0,0.5437363636363638,0.5437363636363638,0.3181818181818182,0.0,1.0,0.3181818181818182,22.0,5,5,"cheapness,quality,dividend,garp,risk",0.6287566666666666,True,0.9,0.3992,hold,2,16,stable,0.3899,persistent,2026-08-02,neutral,0.5,40.25807156161486
RL,Ralph Lauren Corporation,Consumer Cyclical,20247236608.0,21.399244,16.248074,7.441748,1.19,2.045,110.373,0.37537,0.1215970023903352,0.117639996,0.14,0.216,880087488.0,21309536256.0,1593200000.0,1297300000.0,8114500000.0,3003899904.0,1941600000.0,45.664,7739500000.0,3887200000.0,,1826500000.0,941100000.0,1154200000.0,0.6986505638055333,,60036413.0,0.1054162587090091,0.6855346800395536,2.1282233780454423,1.7762103388480106,0.388836488145229,0.3785988960311041,1.0484527424252212,1.0044981766066436,61481276.0,54200000.0,339.82,[],{},0.0434670421963787,13.375305207130303,16.426066643027827,0.06087884712342,0.0467306228201332,,0.2193979367495349,1.0,20,20,0.4179652350396098,7.0,22.0,0.5166954545454546,0.5166954545454546,0.3181818181818182,0.0,1.0,0.3181818181818182,22.0,5,5,"cheapness,quality,dividend,garp,risk",0.6103266666666667,True,0.9,0.3954,hold,2,23,stable,0.4067,persistent,2026-07-20,accumulate,0.875,40.631252158229316
MRSH,"Marsh & McLennan Companies, Inc.",Financial Services,82423930880.0,21.089134,15.137108,5.4367466,2.26,1.139,145.027,0.25902998,0.0708567535343212,0.14241,0.062,0.073,4785249792.0,103355932672.0,7758000128.0,6223000000.0,26981000000.0,22382000128.0,1700000000.0,31.769,58710000000.0,23200000000.0,,21060000000.0,4160000000.0,5292000000.0,0.422667803268967,,484858577.0,0.071882579982649,0.4277537002207867,1.1016144349477683,1.1331591351572907,0.3653381025378981,0.3870682176307076,0.4595639584397888,0.433030576654096,491402152.0,960000000.0,172.72,[],{},0.0580565588283673,13.322496902129464,16.608698806363492,0.0602094126492833,0.0474177839640072,,0.1652855245683931,1.0,20,20,0.4213554987212276,6.0,22.0,0.5188818181818182,0.5188818181818182,0.2727272727272727,0.0,1.0,0.2727272727272727,22.0,5,5,"cheapness,quality,dividend,garp,risk",0.631255,True,0.9,0.3935,hold,2,24,stable,0.4074,persistent,2026-07-16,neutral,0.625,32.22292262484545
DTE,DTE Energy Company,Utilities,26246146048.0,19.957277,15.078987,2.1603522,3.63,0.802,229.06,0.1103,0.0270410239337106,0.07999,-0.015,0.224,-2596624896.0,54049148928.0,3616999936.0,2528000000.0,15814000000.0,27840000000.0,42000000.0,58.384,54066000000.0,4348000000.0,,5409000000.0,1462000000.0,3409000000.0,0.3030858732768433,,207745154.0,0.0287433976170003,0.3482379385084691,0.8038454427805509,0.7064238151194673,0.4862575370843043,0.4758014985873971,0.292494358746717,0.25502600008189,207171582.0,1056000000.0,126.13,[],{},-0.0989335688085858,14.94308816266454,21.380201316455697,0.0467722443394548,0.0501070361452617,,0.0519555254125819,1.0,20,20,0.4193548387096774,6.0,22.0,0.4105045454545454,0.4105045454545454,0.2727272727272727,0.0,1.0,0.2727272727272727,22.0,3,5,"cheapness,dividend,garp",0.5063166666666666,False,0.43335,0.3935,hold,2,16,stable,0.2439,persistent,2026-08-02,neutral,0.625,22.809054487445565
SBUX,Starbucks Corporation,Consumer Cyclical,108186001408.0,54.85549,30.389881,-14.094758,2.59,0.76,,,0.057976808027558,0.05172,-0.014,0.857,3065537536.0,127035998208.0,5642299904.0,3580800000.0,37184400000.0,22453100544.0,3610299904.0,-6.733,32019700000.0,7382300000.0,,10210400000.0,1856400000.0,4747500000.0,0.227711083142393,,1136900000.0,0.1200058712223948,0.268383633438559,0.7230177074355559,0.7549503858875414,0.8310977304596857,0.82334640531218,1.1612975761796644,1.154339758705523,1133500000.0,542600000.0,94.9,[],{},0.0283358058908101,22.514931919506843,35.476987882037534,0.0281872858914923,0.0182297159318055,,0.1641868377251906,0.9,18,20,0.396539984590299,4.0,22.0,0.4134818181818182,0.4134818181818182,0.1818181818181818,0.0,1.0,0.1818181818181818,22.0,3,5,"dividend,garp,risk",0.5038883333333334,True,0.7,0.3906,hold,2,16,stable,0.2125,persistent,2026-08-02,accumulate,0.75,27.25179284839703
FDS,FactSet Research Systems Inc.,Financial Services,10104171520.0,18.715416,14.398268,5.0014086,1.63,0.683,77.284,0.27032,0.1387087061412475,0.2321,0.064,-0.096,621161344.0,11370576896.0,932542016.0,748303000.0,2321748000.0,1570642048.0,304236000.0,56.804,4304272000.0,729759000.0,,521306000.0,597040000.0,726260000.0,0.5271743531167035,,37645870.0,0.1324588660037878,0.540663060766499,1.3998668728155823,1.2530214401573458,0.3620842270191103,0.3882987590751263,0.5394055022545043,0.5432883522727273,37952270.0,56324000.0,284.1,[],{},0.0614757323517801,12.193098756850008,15.195150755776735,0.0658104691471935,0.0534318873809697,,0.1978085449353761,1.0,20,20,0.4304601366238195,10.0,22.0,0.5580318181818182,0.5580318181818182,0.4545454545454545,0.0,1.0,0.4545454545454545,22.0,5,5,"cheapness,quality,dividend,garp,risk",0.6619133333333334,True,1.0,0.3899,hold,2,29,stable,0.4102,persistent,2026-07-16,neutral,0.625,50.31126760640477
MSI,"Motorola Solutions, Inc.",Technology,76352217088.0,36.298977,23.842894,28.576029,1.06,1.099,357.85,0.91567004,0.1110939192325545,0.17438999,0.133,0.095,1979000064.0,85277212672.0,3758000128.0,2959000000.0,11682000000.0,9619000320.0,710000000.0,16.145,19389000000.0,6300000000.0,,6078000000.0,2154000000.0,2837000000.0,0.5166067454203047,,165700000.0,0.1080507022953066,0.509568272164186,1.0365251727541955,1.2817012858555883,0.5036876579503843,0.4488523466940733,0.6025065758935478,0.7411442274751627,167100000.0,360000000.0,461.36,[],{},0.0259193529602303,22.69217928882412,28.81960549915512,0.0346986012709062,0.0275489857468985,,0.2222973480579971,1.0,20,20,0.428324155994828,5.0,22.0,0.3891545454545454,0.3891545454545454,0.2272727272727272,0.0,1.0,0.2272727272727272,22.0,5,5,"cheapness,quality,dividend,garp,risk",0.487655,True,0.8,0.387,hold,2,13,stable,0.4077,persistent,2026-09-06,neutral,0.625,47.77531615565476
STLD,"Steel Dynamics, Inc.",Basic Materials,32964030464.0,20.889193,11.754706,3.506426,0.9,3.183,46.924,0.17568001,0.0722052914229057,0.07825,0.334,0.836,234191248.0,36733394944.0,2674440960.0,1598972000.0,18176581000.0,4393537024.0,567708032.0,65.591,16419780000.0,6484171000.0,,2122254000.0,1185595000.0,1449534000.0,0.1316079740188762,,144940102.0,0.1029199879238576,0.1597790014931253,3.055322784171923,2.5255188941789277,0.2564689051863058,0.2163345560126179,1.1069929682370896,1.1744302884327282,151117153.0,70043000.0,229.99,[],{},0.0071044482335301,13.73498069069358,22.973132077359704,0.0435291102942603,0.0478716434857009,,0.1118355721122661,1.0,20,20,0.4191666666666667,5.0,22.0,0.5089545454545454,0.5089545454545454,0.2272727272727272,0.0,1.0,0.2272727272727272,22.0,4,5,"quality,dividend,garp,risk",0.6336783333333333,True,0.83335,0.3867,hold,2,29,stable,0.3223,persistent,2026-07-16,neutral,0.5,41.61524716340619
VMC,Vulcan Materials Company,Basic Materials,31902283776.0,29.03302,23.138641,3.7636626,0.86,1.757,58.22,0.13234,0.0644715096644391,0.13748,0.025,0.027,843600000.0,36674084864.0,2340300032.0,1567200000.0,7941100000.0,4942099968.0,194200000.0,65.415,16700400000.0,2567900000.0,,956100000.0,1076700000.0,1813000000.0,0.2738411555074234,,130600000.0,0.0533125204620925,0.2695714304973239,2.6858069239619287,1.828504559761117,0.2924900002395152,0.3407698423834245,0.4755035807525568,0.4336618960759553,132061259.0,239700000.0,246.2,[],{},0.0264432479481183,15.67067656391845,23.401024032669728,0.042733172642527,0.0344435404928595,,0.0995407861892875,1.0,20,20,0.4075,4.0,22.0,0.4120590909090909,0.4120590909090909,0.1818181818181818,0.0,1.0,0.1818181818181818,22.0,3,5,"quality,garp,risk",0.4958466666666666,True,1.0,0.385,hold,2,29,stable,0.2377,persistent,2026-07-16,neutral,0.625,34.8193141157211
JBL,Jabil Inc.,Technology,31820695552.0,37.95875,18.036797,24.060694,0.11,0.981,297.136,0.65876,0.0354311600064714,0.02566,0.118,0.276,1211624960.0,34407694336.0,2396999936.0,1436000000.0,29802000000.0,3943000064.0,1360000000.0,12.621,18543000000.0,13720000000.0,,13714000000.0,657000000.0,1640000000.0,0.0887859875176162,,107480895.0,0.0799953893147369,0.0926496555066994,1.0004375091147732,1.0856391105075538,0.1815240252386345,0.1877125237738459,1.607183303672545,1.6646302806754654,113744167.0,147000000.0,303.67,[],{},0.0380766334293357,14.354482792944054,23.9607899275766,0.0417348511056012,0.026344386999045,,0.2973700559121971,1.0,20,20,0.4264768097844377,4.0,22.0,0.3221272727272727,0.3221272727272727,0.1818181818181818,0.0,1.0,0.1818181818181818,22.0,4,5,"cheapness,dividend,garp,risk",0.3579416666666667,True,0.8,0.3841,hold,2,7,stable,0.3242,persistent,2026-09-15,neutral,0.625,45.57220913644192
LNT,Alliant Energy Corporation,Utilities,16845727744.0,20.560127,17.627636,2.2374132,3.26,0.466,160.951,0.11135,0.0324116682005522,0.18447,0.01,-0.04,-1138625024.0,28938727424.0,1828999936.0,1025000000.0,4362000000.0,12117999616.0,25000000.0,29.038,24991000000.0,1697000000.0,,2123000000.0,810000000.0,1169000000.0,0.4566712517193947,,257137261.0,0.0303777406005106,0.4471238382316001,0.7993405558172397,0.4360957642725598,0.4848145332319635,0.4581315488245135,0.1745428354207514,0.1752663555516421,256690222.0,486000000.0,64.97,[],{},-0.067591322933825,15.822158795307908,28.23290480390244,0.035419663932766,0.0486378318577506,,0.0448224593318173,1.0,20,20,0.4258064516129032,5.0,22.0,0.3873318181818181,0.3873318181818181,0.2272727272727272,0.0,0.9361,0.2272727272727272,22.0,4,5,"cheapness,quality,dividend,garp",0.4865899999999999,False,0.43335,0.3839,hold,2,22,stable,0.3239,persistent,2026-07-25,accumulate,0.75,28.12369761476478
KEYS,"Keysight Technologies, Inc.",Technology,58228813824.0,46.22027,24.656906,8.864326,,2.024,42.094,0.20897,0.0752145827802849,0.19143,0.365,1.091,1867124992.0,58389811200.0,1698000000.0,876000000.0,5375000000.0,2766000128.0,2604999936.0,38.585,11301000000.0,4348000000.0,,1850000000.0,850000000.0,1409000000.0,0.6208372093023256,,171267000.0,0.0662423130866328,0.6292428198433421,2.3502702702702702,2.9831814996496147,0.2458189540748606,0.2190096018988024,0.4756216264047429,0.5371669004207573,172584000.0,96000000.0,342.03,[],{},0.0320653104430994,34.38740353356891,66.65503561643835,0.0150026174429555,0.021635529173672,,0.0926886043804888,0.95,19,20,0.3908191450234379,5.0,22.0,0.3853636363636363,0.3853636363636363,0.2272727272727272,0.0,1.0,0.2272727272727272,22.0,3,5,"quality,garp,risk",0.4789533333333333,True,1.0,0.3835,hold,2,14,stable,0.2207,persistent,2026-09-04,neutral,0.5,57.829622518716846
ESS,"Essex Property Trust, Inc.",Real Estate,18705881088.0,42.20685,43.080242,3.2766285,3.84,0.249,122.409,0.0771,0.0508903064052923,0.20893,0.031,-0.718,1043926720.0,24312352768.0,1230545024.0,601913000.0,1887345000.0,6748253184.0,67527000.0,82.826,13159009000.0,325247000.0,,419792000.0,669666000.0,1074423000.0,0.6778342062526989,,64442290.0,0.0573606720444601,0.6805686268984756,0.774781320272897,0.6641997277947226,0.5206893619420733,0.5147292652737501,0.1434260741063403,0.137263148644669,64280466.0,258404000.0,271.39,[],{},0.0558074070442845,19.75738578745413,40.39180540709371,0.024757496970521,0.0236928365893214,,0.0472488222784806,1.0,20,20,0.3930742565225324,4.0,22.0,0.3496318181818181,0.3496318181818181,0.1818181818181818,0.0,1.0,0.1818181818181818,22.0,4,5,"cheapness,dividend,garp,risk",0.4666133333333332,True,0.6,0.3782,hold,2,16,stable,0.3085,persistent,2026-08-02,neutral,0.625,37.56813341872695
BX,Blackstone Inc.,Financial Services,151097606144.0,28.279644,16.88867,11.2175,4.19,0.872,68.185,0.31374002,0.0632839837787334,0.22728,0.286,0.573,,127179186176.0,,,12410012000.0,15296067584.0,2655296000.0,11.269,47708975000.0,,,,3019214000.0,4663161000.0,,,783183010.0,0.0638720033126389,,,,0.2789027641025614,0.2826485698429084,0.2601190237266678,0.2514509185959241,768722241.0,508314000.0,126.41,[],{},,,,,0.0353611240650695,,,0.8,16,20,0.4045384556984849,4.0,22.0,0.4514363636363636,0.4514363636363636,0.1818181818181818,0.0,1.0,0.1818181818181818,22.0,2,5,"dividend,garp",0.59353,False,0.63335,0.373,hold,2,17,stable,0.1244,persistent,2026-07-26,neutral,0.625,39.37235473422726
EXPD,"Expeditors International of Washington, Inc.",Industrials,24977696768.0,27.969433,24.238104,11.791961,0.85,1.566,26.745,0.4267,0.1655888727363977,0.07634,0.321,0.515,797562240.0,24515905536.0,1263714048.0,1052546000.0,11069009000.0,567284992.0,1031448000.0,16.295,4893638000.0,3755622000.0,,2072807000.0,810332000.0,1006501000.0,0.1292198786720654,,133884000.0,0.1703817764296161,0.1272617415285955,1.8118532019623632,1.7710248331335563,0.1165981218880513,0.1196639028044837,2.2619182293418514,2.2295948349948618,138003000.0,,192.15,[],{},0.0319309761587702,19.39988368001429,23.292003899117,0.0429331887600237,0.0357533168441419,,0.3731333071708301,1.0,20,20,0.4181776066475069,9.0,22.0,0.5126045454545455,0.5126045454545455,0.4090909090909091,0.0,1.0,0.4090909090909091,22.0,5,5,"cheapness,quality,dividend,garp,risk",0.627985,True,1.0,0.3704,hold,2,29,stable,0.3943,persistent,2026-07-16,neutral,0.375,60.26718923643179
JNJ,Johnson & Johnson,Healthcare,649395372032.0,31.29733,22.20053,7.6371727,1.99,1.089,57.709,0.25742,0.1345514783394407,0.21482,0.066,-0.009,16885125120.0,677673369600.0,34872000512.0,25596000000.0,94193000000.0,49036001280.0,20757999616.0,35.284,199210000000.0,55624000000.0,,54126000000.0,26804000000.0,24530000000.0,0.6787871710212011,,2407939000.0,0.078099320392662,0.6907150336069173,1.027676163027011,1.1107291190556627,0.2406154309522614,0.2034046995069515,0.472832689122032,0.4931650601874472,2406922000.0,971000000.0,269.47,[],{},0.0260013018989731,19.43316585369979,26.47575283638069,0.0377704085009392,0.0319516073735363,,0.1764219348791045,1.0,20,20,0.3999308878256246,4.0,22.0,0.4335409090909091,0.4335409090909091,0.1818181818181818,0.0,1.0,0.1818181818181818,22.0,4,5,"cheapness,quality,garp,risk",0.55202,True,0.9,0.368,hold,2,17,stable,0.3072,persistent,2026-07-26,neutral,0.625,54.216764628341856
APH,Amphenol Corporation,Technology,199052853248.0,40.36,24.622969,12.845322,0.64,1.888,120.415,0.38115,0.117843965681391,0.17729001,0.55,0.593,3818374912.0,212575551488.0,9463700480.0,5972000000.0,23094700000.0,18811299840.0,5419100160.0,6.284,36236900000.0,20267200000.0,,6802800000.0,4270300000.0,5374700000.0,0.3688162219037268,,2453200000.0,0.1130586468409809,0.3376339282781635,2.979243840771447,2.37181056858808,0.4277959759250929,0.3211770412589435,0.63732548865935,0.7100073693342412,2418600000.0,367800000.0,80.72,[],{},0.0191827188090727,22.46220196182709,35.59537030944407,0.0280935411348897,0.0247770069375619,,0.2028939223553633,1.0,20,20,0.398201440919638,5.0,22.0,0.3920772727272727,0.3920772727272727,0.2272727272727272,0.0,1.0,0.2272727272727272,22.0,4,5,"quality,dividend,garp,risk",0.518935,True,0.9,0.3666,hold,2,24,stable,0.3059,persistent,2026-07-19,neutral,0.625,51.613546790088705
MU,"Micron Technology, Inc.",Technology,1179041267712.0,23.571009,6.5688252,11.70162,0.05,3.425,6.33,0.66638,0.1031305103988019,0.55906,3.457,13.685,7639499776.0,1159395278848.0,68222001152.0,9809000000.0,37378000000.0,6376000000.0,26022000640.0,89.215,82798000000.0,28841000000.0,,11454000000.0,8539000000.0,17525000000.0,0.397907860238643,,1122000000.0,0.0112077907110752,0.2235275377324678,2.517984983411909,2.63538062283737,0.1845213652503683,0.2017834505013253,0.451436025024759,0.3617465713956436,1108841326.0,477000000.0,1043.96,[],{},0.0064794167814201,16.994448407704194,118.1970923486594,0.0084604450086655,0.0424249975891995,,0.1374887867234806,1.0,20,20,0.4135058540127885,8.0,22.0,0.5452727272727272,0.5452727272727272,0.3636363636363636,0.0,1.0,0.3636363636363636,22.0,4,5,"quality,dividend,garp,risk",0.7263266666666667,True,1.0,0.3619,hold,2,29,stable,0.3102,persistent,2026-07-16,neutral,0.5,61.24409971728375
WDC,Western Digital Corporation,Technology,161583628288.0,16.648218,14.1158,21.428162,0.14,1.329,13.436,1.30853,0.6708029723685159,0.72947,0.438,9.841,2268750080.0,161195638784.0,5001999872.0,4599000000.0,12919000000.0,1191000064.0,1579000064.0,20.915,13861000000.0,5634000000.0,,4240000000.0,9298000000.0,3929000000.0,0.4885053022679774,,361000000.0,0.1329095843450935,0.3878151260504202,1.3287735849056603,1.080841638981174,0.075896399971142,0.3364519354377946,0.9320395353870572,0.679902871018426,347000000.0,165000000.0,448.17,[],{},0.0140407175159866,32.226238086557075,35.05014976821048,0.0285305485600798,0.06006648879778,,0.4780168381665107,1.0,20,20,0.4348025820535983,9.0,22.0,0.5311545454545455,0.5311545454545455,0.4090909090909091,0.0,1.0,0.4090909090909091,22.0,5,5,"cheapness,quality,dividend,garp,risk",0.646,True,0.5,0.3582,hold,2,24,stable,0.3965,persistent,2026-07-16,neutral,0.5,47.60904346919418
TKO,"TKO Group Holdings, Inc.",Communication Services,36173225984.0,66.82517,40.826614,4.1830635,1.67,1.278,59.216,0.07063,0.0126100449921304,0.0433,0.182,0.144,856147520.0,23303460864.0,1620128000.0,835015000.0,4735151000.0,4953576960.0,592484992.0,45.689,15495821000.0,2329061000.0,,1847163000.0,195403000.0,1285725000.0,0.5980797655660822,,77767155.0,0.0006225605954347,0.4627912504726937,1.2608854768095723,1.0811299815460962,0.262201983360546,0.2040339782561712,0.3055760001357785,0.3232074814207881,81203161.0,202724000.0,191.12,[],{},0.0236679891469643,14.383715894052816,27.9078350257181,0.0358322313098978,0.0149644213400429,,0.0611792749147938,1.0,20,20,0.3281693363844394,5.0,22.0,0.3517363636363637,0.3517363636363637,0.2272727272727272,0.0,1.0,0.2272727272727272,22.0,4,5,"quality,dividend,garp,risk",0.4815633333333333,True,1.0,0.357,hold,2,13,stable,0.2741,persistent,2026-09-06,neutral,0.625,52.01719353301107
PODD,Insulet Corporation,Healthcare,9746345984.0,26.365854,18.224945,6.852782,,2.485,66.685,0.26016,0.0774511033099297,0.12291,0.235,3.286,236900000.0,10159845376.0,614899968.0,473800000.0,2708100000.0,948400000.0,534900000.0,20.507,3190400000.0,1914000000.0,,680100000.0,247100000.0,569300000.0,0.7163324840293933,,70390816.0,0.1354730057971953,0.6978663834717127,2.8142920158800178,3.5792959878879635,0.2975175526579739,0.4469022249570878,0.8488277331995988,0.6709201023415488,70196031.0,59400000.0,140.53,[],{},0.0243065452826017,16.52276126968346,21.443320759814267,0.0466345679944332,0.0379278440971417,,0.1887423813886786,0.95,19,20,0.4048326401267577,5.0,22.0,0.4060136363636364,0.4060136363636364,0.2272727272727272,0.0,1.0,0.2272727272727272,22.0,4,5,"cheapness,quality,garp,risk",0.4992233333333333,True,1.0,0.3564,hold,2,22,stable,0.2893,persistent,2026-07-25,neutral,0.625,45.101740208577326
WY,Weyerhaeuser Company,Real Estate,15142663168.0,31.833332,31.243494,1.6012499,3.96,1.816,57.625,0.04974,0.0195027990128212,0.06888,-0.009,0.871,13625000.0,20064663552.0,688000000.0,447000000.0,6905000000.0,5448999936.0,527000000.0,13.121,16613000000.0,1652000000.0,,1278000000.0,324000000.0,562000000.0,0.1484431571325126,,720531000.0,0.0239477503628447,0.1843065693430657,1.2926447574334898,1.789150460593654,0.3369048335640763,0.3087203676826318,0.4156383555047252,0.4308176100628931,725845000.0,273000000.0,21.01,[],{},0.0008997756767642,29.163755162790697,44.88739049664429,0.0222779713620188,0.0314136138811984,,0.0291490055428757,1.0,20,20,0.3566689472723955,4.0,22.0,0.3780818181818182,0.3780818181818182,0.1818181818181818,0.0,0.9341,0.1818181818181818,22.0,2,5,"dividend,garp",0.5382849999999999,False,0.63335,0.352,hold,2,13,stable,0.1417,persistent,2026-09-06,neutral,0.625,23.929473891853988
BLK,"BlackRock, Inc.",Financial Services,177142923264.0,26.13303,16.953293,2.9331672,2.14,2.447,23.192,0.122779995,0.0326650901775315,0.24089001,0.306,0.196,7578124800.0,176901308416.0,11116000256.0,7909000000.0,24216000000.0,14968000512.0,13843000320.0,371.704,169998000000.0,27424000000.0,,1740000000.0,5553000000.0,3927000000.0,0.4670465807730426,,155069171.0,0.0459474082891461,0.4942421718037928,15.760919540229883,16.350260416666668,0.0882128025035588,0.1026007286368719,0.1424487346909963,0.1472207192583775,154947813.0,614000000.0,1090.27,[],{},0.0427797208060417,15.914115180099545,22.367089191553926,0.0447085443901932,0.038265750278479,,0.0470051944038322,1.0,20,20,0.3351011946280489,4.0,22.0,0.48895,0.48895,0.1818181818181818,0.0,1.0,0.1818181818181818,22.0,4,5,"quality,dividend,garp,risk",0.56887,True,0.83335,0.3495,hold,2,15,stable,0.2738,persistent,2026-08-16,neutral,0.5,48.650095085051674
ERIE,Erie Indemnity Company,Financial Services,12337794048.0,21.41107,16.841541,5.0009537,2.45,1.246,2.56,0.24808,0.1666929420849052,0.14007,0.028,0.032,481207744.0,12095942656.0,834972032.0,,4148570000.0,63157000.0,305008992.0,47.181,3355481000.0,,,,559335000.0,686657000.0,,,52289868.0,0.2078207749460467,,,,,,1.2363562779822028,1.3371132314667171,52289868.0,,235.95,[],{},0.0390027376148336,14.486644093966492,,,0.0467048120434896,,,0.9,18,20,0.3750965722257282,6.0,22.0,0.5036863636363637,0.5036863636363637,0.2727272727272727,0.0,1.0,0.2727272727272727,22.0,4,5,"quality,dividend,garp,risk",0.6371316666666667,True,0.8,0.348,hold,2,29,stable,0.2603,persistent,2026-07-16,neutral,0.5,38.854394954320824
SLB,SLB N.V.,Energy,76819251200.0,25.248781,16.001236,2.9462657,2.31,1.439,47.002,0.12909001,0.0614930378362615,0.08527,0.05,-0.297,2955124992.0,86685253632.0,7383000064.0,5458000000.0,35708000000.0,12810000384.0,4124000000.0,17.568,54868000000.0,19513000000.0,,14721000000.0,3374000000.0,6489000000.0,0.1822280721406967,,1495331485.0,0.0911617451721671,0.2055719363994599,1.3255213640377692,1.4495355553820934,0.2120726106291463,0.2467354654133033,0.6507982795071808,0.7415755594155512,1400850420.0,558000000.0,51.76,[],{},0.0384685472174974,11.741196380951298,15.88223774862587,0.0629634196281012,0.0396058724577634,,0.1359503823448825,1.0,20,20,0.3380952380952381,5.0,22.0,0.4923727272727273,0.4923727272727273,0.2272727272727272,0.0,1.0,0.2272727272727272,22.0,4,5,"cheapness,quality,garp,risk",0.5800166666666666,True,1.0,0.3476,hold,2,16,stable,0.2743,persistent,2026-08-02,neutral,0.625,41.923457520987775
MSCI,MSCI Inc.,Financial Services,40637116416.0,30.54481,24.846035,-15.109747,1.48,0.894,,,0.2108397447487127,0.40735,0.122,0.196,1194705920.0,46828617728.0,1962299008.0,1713567000.0,3134459000.0,6544200192.0,352700000.0,-36.994,5702459000.0,1644769000.0,,1829713000.0,1202305000.0,1588446000.0,0.8244143566720764,,73563183.0,0.2036801807898316,0.81990232930737,0.8989218527714455,0.8476130353784621,1.1065080871252209,0.8506144316371922,0.5496679590331118,0.524499126700345,77744588.0,209889000.0,558.97,[],{},0.0293993773517259,23.864160118864007,27.328151001974245,0.0365923036625404,0.0327387860654559,,0.442468212477658,0.9,18,20,0.3594318535495006,5.0,22.0,0.4529727272727272,0.4529727272727272,0.2272727272727272,0.0,1.0,0.2272727272727272,22.0,5,5,"cheapness,quality,dividend,garp,risk",0.5000199999999999,True,0.7,0.3469,hold,2,13,stable,0.3178,persistent,2026-09-06,neutral,0.625,49.428708615514815
WTW,Willis Towers Watson Public Limited Company,Financial Services,28494968832.0,18.998144,13.425427,3.7116969,1.24,1.098,91.39,0.19761999,0.0543515069420927,0.15492,0.091,-0.268,1415624960.0,34016968704.0,2816000000.0,2257000000.0,9708000000.0,7101000192.0,1660999936.0,82.663,29530000000.0,16874000000.0,,14004000000.0,1605000000.0,1775000000.0,0.4205809641532756,,95079835.0,-0.0035403345254867,0.4459214501510574,1.2049414453013425,1.198999841244642,0.2337622756518794,0.214262490516961,0.3287504232983406,0.3587298146743253,99805780.0,260000000.0,306.82,[],{},0.0496798213167457,12.079889454545455,15.071762828533451,0.0663492393940028,0.052636720723877,,0.1453690583537292,1.0,20,20,0.3720683451246111,6.0,22.0,0.5036636363636364,0.5036636363636364,0.2727272727272727,0.0,1.0,0.2727272727272727,22.0,5,5,"cheapness,quality,dividend,garp,risk",0.591175,True,0.9,0.3462,hold,2,29,stable,0.3591,persistent,2026-07-16,neutral,0.625,35.939772458580194
GEV,GE Vernova Inc.,Industrials,252010151936.0,27.12009,37.38488,21.076288,0.21,0.85,28.364,0.82577,0.0775041259362701,0.23035,0.219,0.328,15722125312.0,244168163328.0,3927000064.0,1389000000.0,38068000000.0,3720000000.0,12720000000.0,44.895,63016000000.0,40216000000.0,,40972000000.0,4884000000.0,4987000000.0,0.1979352737207103,,269529464.0,0.0301447023404875,0.1741806211535709,0.9815483744996584,1.0778917468833833,0.0185984511870001,0.0202583276682528,0.6041005458931065,0.6785471496552394,275654024.0,,946.22,[],{},0.0623868728748386,62.17676581326381,175.7870146349892,0.0056887023314915,0.0368730339759196,,0.0630103429504627,1.0,20,20,0.432265032948375,8.0,22.0,0.4412045454545454,0.4412045454545454,0.3636363636363636,0.0,1.0,0.3636363636363636,22.0,5,5,"cheapness,quality,dividend,garp,risk",0.5283766666666667,True,0.9,0.3443,hold,2,24,stable,0.3883,persistent,2026-07-16,neutral,0.625,49.68091759966593
TT,Trane Technologies plc,Industrials,95340445696.0,32.26508,24.72238,11.070462,0.98,1.073,53.404,0.36643,0.1362513830080249,0.13278,0.106,0.071,3121687552.0,98661146624.0,4308400128.0,3967400000.0,21321900000.0,4616800256.0,1318300032.0,39.142,21420700000.0,7863000000.0,,6286700000.0,2918600000.0,3194500000.0,0.3616094250512384,,221471958.0,0.1274600803109194,0.3569124214898529,1.250735680086532,1.2090823707755936,0.2154504754746577,0.2367782316706954,0.9953876390594144,0.9846873185186656,224473947.0,226700000.0,433.32,[],{},0.0327425315584713,22.899717689359424,24.867960534354992,0.0402123848724347,0.0309932595859052,,0.2621514470728162,1.0,20,20,0.3891888976371124,8.0,22.0,0.4748409090909091,0.4748409090909091,0.3636363636363636,0.0,1.0,0.3636363636363636,22.0,5,5,"cheapness,quality,dividend,garp,risk",0.5835250000000001,True,1.0,0.3428,hold,2,29,stable,0.366,persistent,2026-07-16,neutral,0.625,41.63256209908696
WSM,"Williams-Sonoma, Inc.",Consumer Cyclical,26752180224.0,23.298462,21.605232,14.304786,1.36,1.447,71.369,0.54960996,0.2011187543330342,0.14729,0.067,0.42,1069320128.0,27253727232.0,1659699968.0,1415722000.0,7806816000.0,1527945984.0,1028936000.0,15.88,5411912000.0,2713187000.0,,1954130000.0,1088437000.0,1314889000.0,0.4615263123916331,,118770000.0,0.2122471544948541,0.464537373269493,1.388437309697922,1.4407146749903503,0.2692033795080186,0.2541333222172069,1.442524564331423,1.4545667002476796,123125000.0,,227.16,[],{},0.0399713264132651,16.4208759158089,19.2507619659792,0.0519459957879716,0.0429212881090605,,0.4094306697183339,1.0,20,20,0.3875912580991563,9.0,22.0,0.5369772727272727,0.5369772727272727,0.4090909090909091,0.0,1.0,0.4090909090909091,22.0,5,5,"cheapness,quality,dividend,garp,risk",0.678505,True,1.0,0.3395,hold,2,29,stable,0.3635,persistent,2026-07-16,neutral,0.5,48.450592118477466
AON,Aon plc,Financial Services,61690322944.0,16.023142,14.340265,6.423555,1.11,1.033,163.481,0.44699,0.0727591367359798,0.22268,0.022,-0.03,3190874880.0,76579315712.0,5900000256.0,4709000000.0,17181000000.0,15873999872.0,1096999936.0,45.274,50784000000.0,25774000000.0,,23226000000.0,3695000000.0,3481000000.0,0.4770385891391653,,214500000.0,0.0542019810068416,0.4723531660084087,1.109704641350211,1.0190041313328984,0.3164579395085066,0.3654038598999285,0.3383152173913043,0.3205963443275809,216000000.0,815000000.0,290.82,[],{},0.0517240748260719,12.979544472751968,16.262330794648545,0.0614918004453009,0.0624097321236995,,0.1708759706800203,1.0,20,20,0.390152705350915,8.0,22.0,0.5056545454545455,0.5056545454545455,0.3636363636363636,0.0,1.0,0.3636363636363636,22.0,5,5,"cheapness,quality,dividend,garp,risk",0.5993116666666667,True,0.9,0.3292,hold,2,32,stable,0.3597,persistent,2026-07-16,accumulate,0.875,27.884687373867393
NEE,"NextEra Energy, Inc.",Utilities,166076743680.0,17.894382,18.113493,2.9074776,3.1,0.534,161.676,0.11677,0.0321312893414378,0.32401,0.124,0.531,-17766875136.0,284456517632.0,14593000448.0,8020000000.0,27412000000.0,110196998144.0,2865999872.0,27.388,212721000000.0,13584000000.0,,22817000000.0,6835000000.0,12485000000.0,0.6226834962790019,,2083000000.0,0.0365302086839448,0.60061406698178,0.5953455756672656,0.4713468743837507,0.4495042802544177,0.4330034079434534,0.1288636288847833,0.1301802844160215,2057000000.0,4572000000.0,79.63,[],{},-0.1069799102650613,19.49266832723118,35.46839371970075,0.0281941158063934,0.055883461077337,,0.0422318645210211,1.0,20,20,0.3822580645161291,4.0,22.0,0.4224772727272726,0.4224772727272726,0.1818181818181818,0.0,1.0,0.1818181818181818,22.0,3,5,"cheapness,dividend,garp",0.5640366666666667,False,0.43335,0.3258,hold,2,13,stable,0.2124,persistent,2026-09-06,neutral,0.5,30.294821720462053
DHR,Danaher Corporation,Healthcare,151732502528.0,38.47415,23.21292,2.88533,0.76,1.651,52.97,0.07605,0.0433001054346784,0.15948,0.055,0.597,4325125120.0,175253504000.0,8028000256.0,4690000000.0,24568000000.0,27857999872.0,4348000256.0,74.806,83464000000.0,12756000000.0,,6807000000.0,3614000000.0,6416000000.0,0.5911348095083034,,706900000.0,0.0502824275876299,0.5950157068062827,1.873953283384751,1.3970285378052367,0.2359819802549602,0.2211188775115421,0.2943544522189207,0.3078976554641355,719100000.0,265000000.0,215.84,[],{},0.0285049349871617,21.83028131682212,37.36748486140725,0.0267612338295957,0.0259914773945623,,0.061181627248653,1.0,20,20,0.3249778486620592,5.0,22.0,0.3843045454545455,0.3843045454545455,0.2272727272727272,0.0,1.0,0.2272727272727272,22.0,3,5,"dividend,garp,risk",0.5223483333333333,True,1.0,0.3242,hold,2,22,stable,0.1948,persistent,2026-07-25,neutral,0.625,61.065602009456725
SHW,The Sherwin-Williams Company,Basic Materials,78000619520.0,29.641144,23.624693,20.11582,1.0,0.727,389.958,0.65124,0.0991633753769057,0.11013,0.075,0.143,2506037504.0,92280348672.0,4709100032.0,3796700000.0,23574300000.0,15031700480.0,293500000.0,15.973,25901700000.0,6007400000.0,,6920300000.0,2568500000.0,3451600000.0,0.4884768582736284,,247701463.0,0.1134619127814967,0.4846678355737385,0.8680837535944973,0.7932204385565527,0.4996814880876545,0.5041044997164933,0.9101448939644888,0.9773998629012466,251291100.0,465000000.0,321.31,[],{},0.032128430766597,19.596175074838587,24.30540961150473,0.0411431041888987,0.0337368895073685,,0.2000221269242521,1.0,20,20,0.3941666666666666,5.0,22.0,0.4059909090909091,0.4059909090909091,0.2272727272727272,0.0,1.0,0.2272727272727272,22.0,5,5,"cheapness,quality,dividend,garp,risk",0.49859,True,0.8,0.3217,hold,2,22,stable,0.3579,persistent,2026-07-25,neutral,0.625,37.502607214545336
MAR,"Marriott International, Inc.",Consumer Cyclical,89354174464.0,35.47205,26.04419,-19.825272,0.86,0.535,,,0.0944444444444444,0.35029998,0.111,0.043,2060375040.0,106666172416.0,4814000128.0,4139000000.0,26186000000.0,17774000128.0,462000000.0,-17.284,27540000000.0,3584000000.0,,8398000000.0,2601000000.0,3212000000.0,0.1994195371572596,,265864771.0,0.0907111756168359,0.1980876494023904,0.426768278161467,0.4029367556942999,0.6202977487291212,0.582117485295241,0.9508351488743646,0.95867389809793,276671710.0,809000000.0,342.66,[],{},0.0230585202354491,22.15749264226027,25.77100082532013,0.0388033047989931,0.0281912096989037,,0.2162260996761049,0.9,18,20,0.3409142491951716,5.0,22.0,0.4184227272727273,0.4184227272727273,0.2272727272727272,0.0,1.0,0.2272727272727272,22.0,5,5,"cheapness,quality,dividend,garp,risk",0.449765,True,0.7,0.3184,hold,2,17,stable,0.2967,persistent,2026-07-26,neutral,0.625,48.93109062747726
APP,AppLovin Corporation,Communication Services,110491566080.0,25.397694,15.736777,34.997883,,4.3,111.13,2.03686,0.4592208121372911,0.64575994,0.528,0.57,3179956224.0,110953488384.0,5414905856.0,4151914000.0,5480717000.0,3515072000.0,3053306112.0,9.434,7259610000.0,4430792000.0,,1333788000.0,3333764000.0,3971094000.0,0.8786399662671873,,338313000.0,0.2691634497642717,0.8385224459361463,3.3219612112269714,2.186525978938449,0.4882825661433603,0.6056318182584889,0.7549602526857503,0.5493126133980456,340041739.0,207016000.0,330.17,[],{},0.0287800810217278,20.490381796953628,26.72345534710016,0.0374203106226872,0.0393736533718376,,0.700647775110356,0.95,19,20,0.3898236640193835,5.0,22.0,0.3717545454545454,0.3717545454545454,0.2272727272727272,0.0,1.0,0.2272727272727272,22.0,4,5,"cheapness,quality,garp,risk",0.4486183333333333,True,0.9,0.3164,hold,2,29,stable,0.2684,persistent,2026-07-16,neutral,0.625,50.190223045697785
EBAY,eBay Inc.,Consumer Cyclical,48193503232.0,22.7521,16.127544,10.331013,1.11,1.019,153.012,0.46611,0.1153321976149914,0.18571,0.148,0.55,1579624960.0,52024500224.0,3096000000.0,2277000000.0,11100000000.0,7137999872.0,3307000064.0,10.483,17610000000.0,5086000000.0,,4637000000.0,2031000000.0,1959000000.0,0.7145045045045045,,449000000.0,0.101988122902143,0.7199260916075075,1.096829846883761,1.2408986552968186,0.4077228847245883,0.4060418280402788,0.6303236797274276,0.5310095533178415,471000000.0,246000000.0,108.3,[],{},0.0327767199739724,16.803779142118863,22.847826185331577,0.0437678399637863,0.0439519868495655,,0.1755183843366993,1.0,20,20,0.3657721497782928,7.0,22.0,0.4880181818181818,0.4880181818181818,0.3181818181818182,0.0,1.0,0.3181818181818182,22.0,5,5,"cheapness,quality,dividend,garp,risk",0.6276433333333333,True,0.8,0.3164,hold,2,29,stable,0.3411,persistent,2026-07-16,neutral,0.625,52.032749446468664
AME,"AMETEK, Inc.",Industrials,55290642432.0,35.267544,25.167397,4.911234,0.57,1.214,20.522,0.14562,0.0921199961935686,0.20044,0.15,0.142,1492221312.0,57120186368.0,2500681984.0,1910317000.0,7401116000.0,2310944000.0,495446016.0,49.118,16067543000.0,3019842000.0,,2842752000.0,1480142000.0,1801763000.0,0.3604103759487083,,229037304.0,0.0940542754991074,0.3567789626547648,1.062295268809942,1.240373641883801,0.1459116680129625,0.1458842420588539,0.4606252492991616,0.4744104862707826,230699421.0,81254000.0,241.23,[],{},0.0269886774029661,22.841843438497776,29.900894128042623,0.0334438159513814,0.0283546821406106,,0.1444496930046002,1.0,20,20,0.3240952802652735,4.0,22.0,0.4138409090909091,0.4138409090909091,0.1818181818181818,0.0,1.0,0.1818181818181818,22.0,4,5,"quality,dividend,garp,risk",0.48802,True,0.9,0.316,hold,2,22,stable,0.256,persistent,2026-07-25,accumulate,0.75,53.48977706773383
ROL,"Rollins, Inc.",Consumer Cyclical,15565052928.0,29.409088,24.873709,10.888589,2.25,0.629,78.015,0.37008998,0.1677125115784855,0.1355,0.079,0.031,501737504.0,16571272192.0,865038016.0,726068000.0,3761050000.0,1115303040.0,109085000.0,2.971,3140523000.0,472682000.0,,785525000.0,526705000.0,678107000.0,0.5275239627231757,,481193751.0,0.1654005131760704,0.526900222739758,0.6017402374208332,0.6860648953286151,0.330519789219821,0.2881616628748854,1.197587153477303,1.2017994854053364,484372303.0,28558000.0,32.35,[],{},0.0322348729760773,19.15669818608296,22.823306070505797,0.0438148617431146,0.0340030945536291,,0.3083093913455553,1.0,20,20,0.3352386430545711,6.0,22.0,0.4748136363636364,0.4748136363636364,0.2727272727272727,0.0,1.0,0.2727272727272727,22.0,5,5,"cheapness,quality,dividend,garp,risk",0.5905716666666667,True,0.9,0.3127,hold,2,17,stable,0.324,persistent,2026-07-26,neutral,0.625,23.652764291523496
AWK,"American Water Works Company, Inc.",Utilities,26623723520.0,23.1782,20.40406,2.2823606,2.63,0.523,137.745,0.10095,0.0313469894475481,0.21347,0.062,0.086,-1785374976.0,42464722944.0,2912999936.0,1879000000.0,5140000000.0,16067999744.0,227000000.0,58.698,35442000000.0,2191000000.0,,4747000000.0,1111000000.0,2059000000.0,0.6071984435797665,,195177162.0,0.0320134023758757,0.60333048676345,0.4615546661049083,0.3857142857142857,0.4491281530387676,0.4297898263783125,0.1450256757519327,0.1426743831861102,194920485.0,615000000.0,133.97,[],{},-0.0670595521568877,14.577660101946533,22.599639672166045,0.0442484930957377,0.0431439887480477,,0.0612151816256719,1.0,20,20,0.3451612903225807,4.0,22.0,0.4128136363636364,0.4128136363636364,0.1818181818181818,0.0,1.0,0.1818181818181818,22.0,4,5,"cheapness,quality,dividend,garp",0.5138583333333333,False,0.53335,0.3113,hold,2,16,stable,0.2626,persistent,2026-08-02,neutral,0.5,39.78987470089876
CDNS,"Cadence Design Systems, Inc.",Technology,81338138624.0,58.511906,30.894398,11.842422,,1.743,38.661,0.23229,0.1092161761061692,0.23605,0.242,1.254,1609676544.0,82332917760.0,2155915008.0,1649781000.0,5296759000.0,2651358976.0,1531835008.0,24.902,10153148000.0,4669673000.0,,1635291000.0,1108888000.0,1728781000.0,0.8636432203164237,,271799000.0,0.1176094620280034,0.8604901595772186,2.855560875709583,2.9312198700099628,0.2576973171276534,0.2880473769962433,0.5216863774663779,0.5171623275861492,273851000.0,116541000.0,294.9,[],{},0.019789935831222,38.189315188439934,49.90536183893499,0.0200379270513539,0.0170905388041879,,0.1936849843804609,0.95,19,20,0.3268018658656405,5.0,22.0,0.3818227272727272,0.3818227272727272,0.2272727272727272,0.0,1.0,0.2272727272727272,22.0,3,5,"quality,garp,risk",0.4831533333333334,True,1.0,0.304,hold,2,22,stable,0.1798,persistent,2026-07-25,accumulate,0.75,44.05760648965613
ICE,"Intercontinental Exchange, Inc.",Financial Services,87223861248.0,21.913961,17.654419,2.9495406,1.34,1.012,69.226,0.14094,0.0242170549431282,0.38246,0.048,0.142,3633625088.0,106784858112.0,6713999872.0,4999000000.0,12640000000.0,20526999552.0,1067000000.0,52.676,136887000000.0,85778000000.0,,84116000000.0,3315000000.0,4662000000.0,0.5615506329113924,,567000000.0,0.0197521301316808,0.554544681574696,1.0197584288363688,0.9948857101381304,0.1481440896505877,0.1484852396936053,0.0923389364950652,0.0843517801302464,574176497.0,803000000.0,155.37,[],{},0.0416586130906159,15.90480490733021,21.361243871174235,0.0468137532641272,0.045633009933713,,0.0947300600708722,1.0,20,20,0.3128839638622247,6.0,22.0,0.4960045454545455,0.4960045454545455,0.2727272727272727,0.0,1.0,0.2727272727272727,22.0,5,5,"cheapness,quality,dividend,garp,risk",0.6011933333333334,True,0.9,0.304,hold,2,29,stable,0.3084,persistent,2026-07-16,neutral,0.5,49.2377539474712
NVDA,NVIDIA Corporation,Technology,5490544738304.0,28.745892,14.498844,23.977646,0.45,4.589,16.971,1.17211,0.5805863551302447,0.63663,1.059,1.278,41809874944.0,5456248963072.0,201266003968.0,130387000000.0,215938000000.0,38860001280.0,62469001216.0,9.483,206803000000.0,125605000000.0,,32163000000.0,120067000000.0,102718000000.0,0.7106808435754708,,24304000000.0,0.6530407433625147,0.7498869705816992,3.905263812455306,4.439851498864077,0.053384138527971,0.0894436429781095,1.0441724733200195,1.169317479234057,24477000000.0,259000000.0,227.38,[],{},0.0076148864888249,27.109640254692533,41.846571844370985,0.0238968201199142,0.0347875793869955,,0.7466044434264774,1.0,20,20,0.3670590560072267,6.0,22.0,0.4610590909090909,0.4610590909090909,0.2727272727272727,0.0,1.0,0.2727272727272727,22.0,5,5,"cheapness,quality,dividend,garp,risk",0.5697516666666667,True,0.66665,0.3033,hold,2,29,stable,0.3352,persistent,2026-07-16,neutral,0.5,58.38939270747597
PH,Parker-Hannifin Corporation,Industrials,120837128192.0,33.6318,24.37535,7.8437586,0.85,1.262,56.66,0.25076,0.1181461929591605,0.16968,0.098,0.193,2961750016.0,129015906304.0,5664000000.0,4634000000.0,21499000000.0,8732999680.0,501000000.0,122.157,30877000000.0,7695000000.0,,6096000000.0,3648000000.0,4364000000.0,0.3768547374296478,,126100000.0,0.119719264935241,0.3685138539042821,1.2623031496062993,1.1943632926619694,0.2759335427664605,0.3148097918220655,0.696278783560579,0.6730182409981691,126646128.0,401000000.0,958.17,[],{},0.0245102648524882,22.77823204519774,27.841153712559343,0.035918051756199,0.0297337638782342,,0.1869981033856583,1.0,20,20,0.3341203470157476,7.0,22.0,0.4425590909090909,0.4425590909090909,0.3181818181818182,0.0,1.0,0.3181818181818182,22.0,5,5,"cheapness,quality,dividend,garp,risk",0.5560933333333333,True,1.0,0.3023,hold,2,22,stable,0.3182,persistent,2026-07-25,neutral,0.5,47.74973604070675
AVGO,Broadcom Inc.,Technology,1731204612096.0,46.31673,18.709333,17.367111,0.73,2.504,59.604,0.44245,0.1351670446309587,0.42944,0.855,2.153,30596499456.0,1766648578048.0,52259999744.0,26075000000.0,63887000000.0,59419000832.0,23975000064.0,20.882,171092000000.0,31573000000.0,,18514000000.0,23126000000.0,27537000000.0,0.6776652527118193,,4741000000.0,0.0355881553925563,0.6303369915073487,1.7053581073782005,1.1735641133137689,0.3807074556379024,0.4078964049624196,0.373407289645337,0.3113525913851912,4686000000.0,3210000000.0,362.66,[],{},0.0176735316219821,33.80498635097735,67.75258209196548,0.0147595850833054,0.0215904706571469,,0.1708961973547955,1.0,20,20,0.3467727651132721,7.0,22.0,0.465340909090909,0.465340909090909,0.3181818181818182,0.0,1.0,0.3181818181818182,22.0,4,5,"quality,dividend,garp,risk",0.6398216666666666,True,1.0,0.3016,hold,2,29,stable,0.2593,persistent,2026-07-16,neutral,0.625,48.99988655649563
ROK,"Rockwell Automation, Inc.",Industrials,47183470592.0,39.783707,28.600103,13.5040045,1.33,1.075,103.347,0.30629,0.0774578839468758,0.13385001,0.079,0.404,1303874944.0,50319470592.0,2092000000.0,1423000000.0,8342000000.0,3612999936.0,479000000.0,31.464,11219000000.0,3911000000.0,,3445000000.0,869000000.0,1544000000.0,0.4814193239031407,,112434397.0,0.084846866096866,0.4659970958373668,1.135268505079826,1.0768590455049944,0.3250735359657724,0.3636930199430199,0.7435600320884215,0.7357549857549858,113067383.0,156000000.0,424.89,[],{},0.0276341466119508,24.053284221797323,35.36153941813071,0.0282793118301652,0.0251359180782223,,0.1830460509390275,1.0,20,20,0.3293489328147394,5.0,22.0,0.3963090909090909,0.3963090909090909,0.2272727272727272,0.0,1.0,0.2272727272727272,22.0,4,5,"quality,dividend,garp,risk",0.5220266666666666,True,0.9,0.2999,hold,2,17,stable,0.2517,persistent,2026-07-26,neutral,0.625,47.364006382117786
FCX,Freeport-McMoRan Inc.,Basic Materials,103623032832.0,35.37255,17.419687,5.1531816,0.84,2.066,32.149,0.14755,0.03789090033868,0.113850005,-0.073,0.281,2159249920.0,122015023104.0,9553999872.0,6502000000.0,25915000000.0,10359000064.0,4080000000.0,14.003,58167000000.0,13790000000.0,,6019000000.0,2204000000.0,5610000000.0,0.2815743777734902,,1433000000.0,0.0344406359393232,0.3009231978000393,2.291078252201362,2.4192139737991267,0.1803771898155311,0.1775452158693115,0.4455275327935084,0.4641007876312719,1436927710.0,369000000.0,72.16,[],{},0.0208375479947658,12.771093232017996,18.765767933558905,0.0532885200083763,0.0282705091942763,,0.124683592851116,1.0,20,20,0.3258333333333333,5.0,22.0,0.4440909090909091,0.4440909090909091,0.2272727272727272,0.0,1.0,0.2272727272727272,22.0,4,5,"cheapness,dividend,garp,risk",0.5207116666666667,True,1.0,0.2983,hold,2,24,stable,0.2497,persistent,2026-07-16,neutral,0.5,51.95174767995462
ODFL,"Old Dominion Freight Line, Inc.",Industrials,36362055680.0,33.658348,26.367546,8.0007305,0.67,1.889,0.44,0.24818,0.187143154862015,0.19443001,0.104,0.323,970776000.0,36098113536.0,1793243008.0,1361045000.0,5496389000.0,19997000.0,283939008.0,21.918,5470160000.0,694833000.0,,483906000.0,1023703000.0,1370133000.0,0.3302830276386915,,208556788.0,0.2159875587168652,0.3478691479171288,1.4358842419808806,1.333292015784537,0.0073114863184989,0.0109238180826547,1.0047949237316642,1.0588948709754078,212984747.0,296000.0,175.36,[],{},0.02669750050831,20.130073489738653,26.52235123452935,0.0377040478484465,0.0297103113913968,,0.2729594200375673,1.0,20,20,0.3283101850951999,6.0,22.0,0.4690681818181818,0.4690681818181818,0.2727272727272727,0.0,1.0,0.2727272727272727,22.0,5,5,"cheapness,quality,dividend,garp,risk",0.5606066666666667,True,1.0,0.2981,hold,2,22,stable,0.3132,persistent,2026-07-25,accumulate,0.875,28.43739247056162
ARES,Ares Management Corporation,Financial Services,42026057728.0,58.105503,17.609514,11.429215,4.36,0.544,172.378,0.14941,0.0184177419010665,0.10628,0.058,0.065,2159716096.0,47950913536.0,1430315008.0,892716000.0,5601482000.0,14872607744.0,1852358016.0,11.083,28633369000.0,8869165000.0,,7488517000.0,527362000.0,3266959000.0,0.5419738919093197,,221955340.0,0.01863592107926,0.5542227476915688,1.1843686807414606,2.80992072826306,0.4967025011971172,0.5283637784904447,0.1956277656324689,0.1561136841739782,203362482.0,767460000.0,126.67,[],{},0.051389928362495,33.524722363816515,53.71351419264357,0.0186172886848084,0.0172100738892149,,0.0422190706276875,1.0,20,20,0.2949224709646704,5.0,22.0,0.3612954545454546,0.3612954545454546,0.2272727272727272,0.0,1.0,0.2272727272727272,22.0,4,5,"cheapness,dividend,garp,risk",0.49942,True,0.7,0.2973,hold,2,13,stable,0.2369,persistent,2026-09-06,neutral,0.625,40.09357817886294
SRE,Sempra,Utilities,53096706048.0,23.53623,14.652806,1.6241299,3.23,1.642,84.663,0.06679,0.0165677591587149,0.16824,-0.001,0.713,-27657750528.0,100333707264.0,5873999872.0,3080000000.0,13702000000.0,36664000512.0,48000000.0,49.996,110878000000.0,34837000000.0,,21894000000.0,1837000000.0,4565000000.0,0.4661363304627062,,652731668.0,0.029764442826686,0.4620401971937808,1.5911665296428246,0.5461967755270773,0.3158516567759158,0.3728147262232853,0.1235772651021843,0.1371223545317456,650629876.0,1532000000.0,81.2,[],{},-0.5208939044730401,17.08098560612294,32.575878981818185,0.0306975600123679,0.042487688130172,,0.0346129641283826,1.0,20,20,0.2741935483870968,5.0,22.0,0.4299863636363636,0.4299863636363636,0.2272727272727272,0.0,1.0,0.2272727272727272,22.0,3,5,"quality,dividend,garp",0.5859716666666667,False,0.53335,0.2968,hold,2,15,stable,0.1713,persistent,2026-08-16,neutral,0.5,38.05062194353158
CHD,"Church & Dwight Co., Inc.",Consumer Defensive,22650599424.0,30.60577,23.66396,5.208072,1.3,1.147,55.851,0.17041,0.0826713343207216,0.119569995,0.016,0.09,939262528.0,24824100864.0,1354800000.0,1077600000.0,6203200000.0,2428300032.0,254800000.0,18.335,8912400000.0,1597000000.0,,1497700000.0,736800000.0,1215400000.0,0.447317513541398,,236553877.0,0.0658891603156555,0.4568616855790801,1.066301662549242,1.702712972110343,0.2474193258830393,0.2481791266562348,0.6960190296665321,0.6874964820839572,245879841.0,95200000.0,95.49,[],{},0.0414674468616835,18.32307415411869,23.036470734966592,0.0434094272297587,0.0326735775639691,,0.1453329197405154,1.0,20,20,0.3229166666666666,6.0,22.0,0.4477409090909091,0.4477409090909091,0.2727272727272727,0.0,1.0,0.2727272727272727,22.0,5,5,"cheapness,quality,dividend,garp,risk",0.5489733333333333,True,0.9,0.2956,hold,2,22,stable,0.3093,persistent,2026-07-25,neutral,0.625,41.31833168644137
TJX,"The TJX Companies, Inc.",Consumer Cyclical,144672096256.0,24.296848,22.68287,13.911198,1.51,1.147,134.419,0.62171,0.1536052786087734,0.09729,0.054,0.236,4398125056.0,152365596672.0,8903000064.0,7178000000.0,60372000000.0,14316999680.0,6003999744.0,9.414,35767000000.0,15202000000.0,,13361000000.0,5494000000.0,6874000000.0,0.3096302921884317,,1107087991.0,0.1532016756433273,0.3060326472675656,1.1377890876431405,1.180141715116279,0.3771353482260184,0.4024693691139878,1.687924623256074,1.775174021229015,1119333622.0,74000000.0,130.96,[],{},0.0304006451127758,17.113961089150454,21.226747934243523,0.0471103723989097,0.0411576020066471,,0.3203606176916897,1.0,20,20,0.3488072222659761,6.0,22.0,0.4816409090909092,0.4816409090909092,0.2727272727272727,0.0,1.0,0.2727272727272727,22.0,5,5,"cheapness,quality,dividend,garp,risk",0.6025533333333334,True,0.9,0.2937,hold,2,22,stable,0.3213,persistent,2026-07-25,accumulate,0.75,42.109674230538914
GOOG,Alphabet Inc.,Communication Services,4291117187072.0,17.596289,23.57701,6.893862,0.26,2.724,18.859,0.48676,0.2220295961067126,0.54771,0.242,2.94,22665000960.0,4187480129536.0,173164003328.0,129039000000.0,402836000000.0,120790999040.0,242473992192.0,50.896,595281000000.0,206038000000.0,,102745000000.0,132170000000.0,164713000000.0,0.5965231508603998,,12088000000.0,0.2223579474787676,0.5820043540617911,2.005333592875566,1.8369313974102917,0.0996017007094128,0.0501359226751003,0.6767157023321759,0.7773755374720159,12211000000.0,736000000.0,350.87,[],{},0.0052818415279553,24.182162857509425,32.451275424763054,0.0308154298070181,0.0568301645875445,,0.2619889713645297,1.0,20,20,0.3591990846681922,8.0,22.0,0.5597954545454547,0.5597954545454547,0.3636363636363636,0.0,1.0,0.3636363636363636,22.0,5,5,"cheapness,quality,dividend,garp,risk",0.7044733333333333,True,0.83335,0.2908,hold,2,32,stable,0.325,persistent,2026-07-16,neutral,0.625,58.61605512014512
WAB,Westinghouse Air Brake Technologies Corporation,Industrials,47865958400.0,38.139977,22.751377,4.2731767,0.44,1.121,61.686,0.11553001,0.0530155421632153,0.10593,0.175,0.189,1101374976.0,54171955200.0,2651000064.0,1793000000.0,11167000000.0,6936000000.0,660000000.0,66.316,22069000000.0,5694000000.0,,5150000000.0,1170000000.0,1759000000.0,0.3408256469956121,,170600000.0,0.0564645492460699,0.3240589198036006,1.105631067961165,1.3035337552742616,0.251076170193484,0.2128114640145439,0.5060038968689111,0.5553951449042883,171300000.0,225000000.0,283.38,[],{},0.0230095669827849,20.43453560625791,30.21302576687117,0.0330983069261638,0.0262192082601413,,0.1059755304687038,1.0,20,20,0.2819593929257803,4.0,22.0,0.3314590909090908,0.3314590909090908,0.1818181818181818,0.0,1.0,0.1818181818181818,22.0,3,5,"dividend,garp,risk",0.4227466666666666,True,1.0,0.2883,hold,2,22,stable,0.1711,persistent,2026-07-25,neutral,0.5,48.60289491627032
AMAT,"Applied Materials, Inc.",Technology,368419667968.0,40.020687,25.155527,14.3767605,0.48,2.423,28.666,0.41068,0.1927876801013802,0.30052,0.248,0.428,3075375104.0,366532689920.0,10154999808.0,8470000000.0,28368000000.0,7345999872.0,9233000448.0,32.291,36299000000.0,20881000000.0,,7999000000.0,6998000000.0,7958000000.0,0.4867456288776086,,793000000.0,0.2085791508035688,0.4745731527818663,2.6104513064133017,2.5059045819555976,0.1942202264525193,0.1919846551774245,0.7815091324829885,0.7897933680141823,818000000.0,269000000.0,464.24,[],{},0.0083474780837898,36.0938155440682,43.274225492325854,0.0231084436202639,0.024987077308293,,0.2992932862190812,1.0,20,20,0.3319914160334414,6.0,22.0,0.4330499999999999,0.4330499999999999,0.2727272727272727,0.0,1.0,0.2727272727272727,22.0,5,5,"cheapness,quality,dividend,garp,risk",0.5132416666666667,True,0.83335,0.2848,hold,2,32,stable,0.3084,persistent,2026-07-16,neutral,0.625,49.741407619585615
AAPL,Apple Inc.,Technology,4947135430656.0,38.918484,35.352398,46.057064,0.32,1.003,78.445,1.4875101,0.3117962593356549,0.27618998,0.164,0.287,107721875456.0,4969080029184.0,167959003136.0,133050000000.0,416161000000.0,84343996416.0,62399000576.0,7.36,359241000000.0,147957000000.0,,165631000000.0,112010000000.0,111482000000.0,0.4690516410716045,,14773260000.0,0.2568250315085758,0.4620634981523393,0.8932929222186667,0.8673125765340832,0.2746262258483859,0.2921502548084826,1.1584451663368045,1.0713874732862074,15116786000.0,,338.98,[],{},0.0217745960194414,29.58507693190123,37.34746357898534,0.0267755800306256,0.0256947315830698,,0.6872062393471412,1.0,20,20,0.3518612173866836,6.0,22.0,0.3879954545454545,0.3879954545454545,0.2727272727272727,0.0,1.0,0.2727272727272727,22.0,5,5,"cheapness,quality,dividend,garp,risk",0.4739866666666666,True,0.9,0.2795,hold,2,32,stable,0.3157,persistent,2026-07-16,neutral,0.5,66.36612825505624
A,"Agilent Technologies, Inc.",Healthcare,45655560192.0,31.940828,23.965015,6.2015085,0.65,2.05,56.336,0.20971,0.1023807653021136,0.19533001,0.081,0.085,1060374976.0,48045559808.0,2080000000.0,1479000000.0,6948000000.0,4148000000.0,1758000000.0,26.113,12727000000.0,4594000000.0,,2347000000.0,1303000000.0,1559000000.0,0.5243235463442717,,283054377.0,0.1088131014688502,0.543010752688172,1.957392415850021,2.0891820580474936,0.2635342185903984,0.2861725476954246,0.5459259841282313,0.5495525915920986,285193011.0,112000000.0,161.94,[],{},0.0232255386099895,23.09882683076923,32.48516552265044,0.0307832816582924,0.0313078922061757,,0.1424855491329479,1.0,20,20,0.3237497784866206,5.0,22.0,0.4215045454545454,0.4215045454545454,0.2272727272727272,0.0,1.0,0.2272727272727272,22.0,4,5,"quality,dividend,garp,risk",0.5223383333333333,True,1.0,0.2795,hold,2,32,stable,0.2413,persistent,2026-07-16,neutral,0.5,68.9638617044727
CNP,"CenterPoint Energy, Inc.",Utilities,25024784384.0,22.613096,18.199675,2.1351094,2.51,1.123,210.256,0.09825,0.0226071259724072,0.11611,0.107,0.233,-5191875072.0,49213784064.0,3854000128.0,2110000000.0,9357000000.0,24642000896.0,453000000.0,17.793,46534000000.0,5701000000.0,,6260000000.0,1052000000.0,2486000000.0,0.4505717644544191,,652869575.0,0.0232818497532443,0.4600254541247252,0.910702875399361,1.0830655129789863,0.4938324665835733,0.4789572290257722,0.2010787811062878,0.1974730396636812,651727276.0,903000000.0,37.99,[],{},-0.2074693229053157,12.769533583160277,23.32406827677725,0.042874167067829,0.0442221622373159,,0.0523911208223667,1.0,20,20,0.2854838709677419,4.0,22.0,0.3768863636363636,0.3768863636363636,0.1818181818181818,0.0,1.0,0.1818181818181818,22.0,3,5,"cheapness,dividend,garp",0.4672616666666666,False,0.43335,0.279,hold,2,9,stable,0.1693,persistent,2026-09-13,neutral,0.5,34.13626512819798
FAST,Fastenal Company,Industrials,56973258752.0,42.4359,35.393753,14.001693,1.96,4.18,10.851,0.34334,0.2490451028122464,0.15454,0.147,0.146,916124992.0,57210052608.0,1954700032.0,1655700000.0,8200500000.0,441500000.0,204700000.0,3.546,5052900000.0,3472100000.0,,715600000.0,1258400000.0,1295900000.0,0.4501188951893177,,1148057473.0,0.2449127288207748,0.4508216273522396,4.852012297372834,4.67457429777325,0.0874547289675236,0.1033205619412516,1.6229294068752598,1.606215410813112,1146640904.0,6200000.0,49.65,[],{},0.0160799120862617,29.26794478509529,34.553392890016305,0.0289407180123528,0.0235649532589152,,0.3817351808728932,1.0,20,20,0.2968587693332667,7.0,22.0,0.500709090909091,0.500709090909091,0.3181818181818182,0.0,1.0,0.3181818181818182,22.0,5,5,"cheapness,quality,dividend,garp,risk",0.62354,True,1.0,0.2749,hold,2,29,stable,0.2859,persistent,2026-07-16,neutral,0.625,51.90659198987488
VRTX,Vertex Pharmaceuticals Incorporated,Healthcare,129365377024.0,29.72759,25.41806,6.390311,,3.185,9.767,0.23542999,0.154162929454432,0.34997,0.125,0.08,2627887616.0,123572764672.0,5100499968.0,4554400000.0,12001300000.0,1977600000.0,7852400128.0,79.921,25643000000.0,11201000000.0,,3861200000.0,3953200000.0,3631400000.0,0.8624065726212994,,253991224.0,-0.0237693714163989,0.8611174127276522,2.9009116336890086,2.692139370476351,0.0791834028779784,0.0774102213622565,0.4680146628709589,0.4890605861573145,256940382.0,13300000.0,510.72,[],{},0.0203136857515784,24.227578756451823,27.13261124890216,0.0368560176839028,0.0336387847114414,,0.209091994233718,0.95,19,20,0.335016835016835,4.0,22.0,0.3947363636363636,0.3947363636363636,0.1818181818181818,0.0,1.0,0.1818181818181818,22.0,3,5,"cheapness,quality,risk",0.439735,True,1.0,0.2744,hold,2,29,stable,0.1737,persistent,2026-07-16,neutral,0.625,42.864577367578775
SCHW,The Charles Schwab Corporation,Financial Services,184831393792.0,19.468124,13.649593,4.204067,1.22,0.655,151.106,0.20273,0.0180286968299066,0.38793,0.209,0.426,,170463395840.0,,,23921000000.0,75775000576.0,96355999744.0,25.423,490995000000.0,,,,8852000000.0,9311000000.0,,,1758325075.0,0.0123832170105638,,,,0.0630373018055173,0.0940599321027919,0.0487194370614772,0.040859197695913,1831211681.0,3754000000.0,106.88,[],{},,,,,0.0513660175988194,,,0.8,16,20,0.3268621282505096,5.0,22.0,0.4515681818181818,0.4515681818181818,0.2272727272727272,0.0,1.0,0.2272727272727272,22.0,3,5,"quality,dividend,garp",0.5699683333333334,False,0.53335,0.2647,hold,2,29,stable,0.142,persistent,2026-07-16,neutral,0.625,48.73750929801459
GWW,"W.W. Grainger, Inc.",Industrials,60328456192.0,32.54687,25.033066,14.569015,0.79,2.805,61.977,0.46091,0.1903592948002678,0.09923001,0.103,0.205,1247750016.0,62775111680.0,3216000000.0,2495000000.0,17942000000.0,2796999936.0,589000000.0,87.706,8962000000.0,5484000000.0,,1940000000.0,1706000000.0,2015000000.0,0.3906476424032995,,47418781.0,0.2162192773813569,0.3936393289841565,2.8268041237113404,2.488937093275488,0.3193483597411292,0.3605164797825348,2.0020084802499443,1.944501075999547,48332870.0,81000000.0,1277.79,[],{},0.0206826114036291,19.519624278606965,25.16036540280561,0.0397450507570327,0.0307249207066608,,0.3553118769581316,1.0,20,20,0.3169969814641655,6.0,22.0,0.4306045454545454,0.4306045454545454,0.2727272727272727,0.0,1.0,0.2727272727272727,22.0,5,5,"cheapness,quality,dividend,garp,risk",0.5295066666666667,True,1.0,0.2636,hold,2,29,stable,0.2903,persistent,2026-07-16,neutral,0.625,44.673439833225366
CASY,"Casey's General Stores, Inc.",Consumer Cyclical,21634265088.0,28.181993,24.958046,5.2872424,0.44,1.019,70.547,0.19983,0.0799511641322709,0.041389998,0.243,0.277,503306880.0,23998353408.0,1564246016.0,1033657000.0,17561101000.0,2888147968.0,524059008.0,110.708,8936055000.0,1364012000.0,,1350606000.0,714448000.0,1377540000.0,0.2460575222476085,,36904285.0,0.0665828634529864,0.2353946913533546,1.0099259147375326,0.919360475195903,0.3250959176056996,0.3603626312389758,1.965196163183866,1.9420894046601185,37119083.0,,585.34,[],{},0.0232643391376013,15.341802480256405,23.216940830468907,0.0430719967502197,0.0354836508546432,,0.1362684001962177,1.0,20,20,0.2735428081742255,5.0,22.0,0.3834545454545454,0.3834545454545454,0.2272727272727272,0.0,1.0,0.2272727272727272,22.0,5,5,"cheapness,quality,dividend,garp,risk",0.4660666666666667,True,0.9,0.2585,hold,2,29,stable,0.266,persistent,2026-07-16,accumulate,0.875,22.631465907143436
CME,CME Group Inc.,Financial Services,99074875392.0,23.369804,21.315277,3.7326596,1.88,1.018,14.587,0.15802,0.0205226983402226,0.63443,0.008,0.025,2909012480.0,100667777024.0,4771100160.0,4229500000.0,6520600000.0,3868499968.0,2275599872.0,73.816,198424200000.0,165359300000.0,,160296700000.0,4072200000.0,4277100000.0,0.8609023709474588,,358953138.0,0.0256520695249805,0.8612910066719955,1.031582683860616,1.007033257455732,0.0172473922031687,0.0249405225286837,0.0328619190602759,0.0445997366257539,359605138.0,173400000.0,275.53,[],{},0.0293617576453181,21.09948935215814,23.801342244709776,0.0420144372413394,0.0427902604574689,,0.1109304307914235,1.0,20,20,0.2706237198436687,4.0,22.0,0.4982772727272728,0.4982772727272728,0.1818181818181818,0.0,1.0,0.1818181818181818,22.0,4,5,"quality,dividend,garp,risk",0.5949500000000001,True,0.9,0.2559,hold,2,29,stable,0.2106,persistent,2026-07-16,neutral,0.5,53.0185160627232
GLW,Corning Incorporated,Technology,136665219072.0,72.9266,36.5483,11.467936,0.75,1.813,71.448,0.16813,0.0515237603305785,0.111999996,0.166,0.185,734499968.0,144385523712.0,4084999936.0,2279000000.0,15629000000.0,9379000320.0,2504000000.0,13.863,30976000000.0,8936000000.0,,5628000000.0,1596000000.0,2695000000.0,0.3596519291061488,,857360396.0,0.0182440959076978,0.3259643238298521,1.587775408670931,1.6247204716405774,0.3027182334710744,0.2917252568956192,0.5045519111570248,0.4729763836307914,854000000.0,336000000.0,158.98,[],{},0.0053744469367369,35.34529399610742,63.35477126458973,0.0157841308561225,0.0137124176912128,,0.0899084740413444,1.0,20,20,0.2522081628496024,4.0,22.0,0.3089045454545454,0.3089045454545454,0.1818181818181818,0.0,1.0,0.1818181818181818,22.0,4,5,"quality,dividend,garp,risk",0.4014583333333333,True,0.83335,0.2524,hold,2,22,stable,0.2018,persistent,2026-07-25,accumulate,0.75,53.45405121638831
DXCM,"DexCom, Inc.",Healthcare,33649258496.0,35.24506,28.542986,12.837604,,1.733,53.346,0.38491002,0.1319105979589583,0.20118,0.131,0.436,1021162496.0,33100658688.0,1403200000.0,911800000.0,4662000000.0,1398400000.0,1947000064.0,6.946,6339900000.0,4033300000.0,,2142500000.0,836300000.0,1440700000.0,0.601008151008151,,384800000.0,0.0888580461099545,0.6045623605256633,1.882520420070012,1.4670532060027286,0.2191990409943374,0.3990130310740998,0.7353428287512421,0.6219446372118128,390700000.0,18300000.0,89.17,[],{},0.0303472510730478,23.58940898517674,36.3025429787234,0.0275462796252618,0.028372770538623,,0.2172297136322485,0.95,19,20,0.3221033868092691,6.0,22.0,0.3625227272727272,0.3625227272727272,0.2727272727272727,0.0,1.0,0.2727272727272727,22.0,3,5,"quality,garp,risk",0.44963,True,1.0,0.249,hold,2,29,stable,0.1628,persistent,2026-07-16,neutral,0.375,57.87860234571387
ECL,Ecolab Inc.,Basic Materials,75683119104.0,36.287636,28.671467,7.5266247,1.08,1.841,138.023,0.21956,0.0840449783975737,0.12566,0.097,0.033,1474824960.0,84495515648.0,4135699968.0,2892500000.0,16081200000.0,13918799872.0,5135300096.0,35.87,24696300000.0,5955600000.0,,5534700000.0,2075600000.0,2952600000.0,0.4446434345695594,,282022564.0,0.0943549611842164,0.4346309731027736,1.0760474822483603,1.2572400267067267,0.3643258301850884,0.3699648915927425,0.651158270672125,0.7031240229053324,283354746.0,306200000.0,269.98,[],{},0.0194868416822695,20.43076536058817,29.21193280829732,0.0342325859285819,0.0275575956504854,,0.1509529475617902,1.0,20,20,0.3016666666666667,4.0,22.0,0.3783090909090909,0.3783090909090909,0.1818181818181818,0.0,1.0,0.1818181818181818,22.0,4,5,"quality,dividend,garp,risk",0.4833283333333333,True,0.8,0.2442,hold,2,15,stable,0.2183,persistent,2026-08-16,neutral,0.625,38.18363476605878
CL,Colgate-Palmolive Company,Consumer Defensive,68764131328.0,33.960632,21.026102,291.4189,2.42,1.026,1388.163,2.67367,0.1305572565829761,0.096829996,0.049,-0.055,3458374912.0,75498127360.0,4983000064.0,4233000000.0,20382000000.0,7856999936.0,1452999936.0,0.296,16330000000.0,5709000000.0,,6853000000.0,2132000000.0,4198000000.0,0.6010695711902659,,801239524.0,0.1800448709958868,0.6049947763792846,0.8330658105939005,0.9232505643340858,0.5238211879975505,0.5304748847064689,1.248132271892223,1.2527109560014955,812574698.0,267000000.0,86.26,[],{},0.0502932974678877,15.151139151179429,17.835607691944247,0.0560676158206634,0.029445859547019,,0.4466603355492244,1.0,20,20,0.3110416666666666,4.0,22.0,0.4303454545454545,0.4303454545454545,0.1818181818181818,0.0,1.0,0.1818181818181818,22.0,3,5,"cheapness,garp,risk",0.5292466666666666,True,0.8,0.2416,hold,2,1,improving,0.1036,new,2026-09-22,neutral,0.5,35.49496789975581
WMB,"The Williams Companies, Inc.",Energy,87639949312.0,28.545818,27.589632,6.661399,2.91,0.477,200.371,0.21503,0.0446963618049271,0.24937001,0.078,0.512,-1516749952.0,120442945536.0,7032999936.0,4408000000.0,11950000000.0,30793000960.0,203000000.0,10.756,58573000000.0,3244000000.0,,6106000000.0,2618000000.0,5898000000.0,0.619581589958159,,1222000000.0,0.0408017310936697,0.5870703608492811,0.5312807075008189,0.500941265060241,0.5018182439007733,0.4939668451551383,0.2040189165656531,0.1926025086187926,1219011798.0,1442000000.0,71.65,[],{},-0.0173066046238837,17.12540119892303,27.323717226860254,0.0365982414360869,0.0350314010970013,,0.0840147140107114,1.0,20,20,0.2571428571428571,4.0,22.0,0.4050863636363636,0.4050863636363636,0.1818181818181818,0.0,0.9166,0.1818181818181818,22.0,3,5,"quality,dividend,garp",0.542295,False,0.53335,0.2405,hold,2,15,stable,0.1493,persistent,2026-08-16,neutral,0.5,45.85330168273181
GOOGL,Alphabet Inc.,Communication Services,4341260091392.0,17.819778,23.852512,6.9744186,0.25,2.724,18.859,0.48676,0.2220295961067126,0.54771,0.242,2.94,22665000960.0,4237623033856.0,173164003328.0,129039000000.0,402836000000.0,120790999040.0,242473992192.0,50.896,595281000000.0,206038000000.0,,102745000000.0,132170000000.0,164713000000.0,0.5965231508603998,,12088000000.0,0.2223579474787676,0.5820043540617911,2.005333592875566,1.8369313974102917,0.0996017007094128,0.0501359226751003,0.6767157023321759,0.7773755374720159,12211000000.0,736000000.0,354.97,[],{},0.0052208346154935,24.47173172492017,32.83986262956161,0.0304507972910893,0.0561174218893187,,0.2619889713645297,1.0,20,20,0.3143020594965675,8.0,22.0,0.5558363636363636,0.5558363636363636,0.3636363636363636,0.0,1.0,0.3636363636363636,22.0,5,5,"cheapness,quality,dividend,garp,risk",0.7026800000000001,True,0.83335,0.2404,hold,2,32,stable,0.2774,persistent,2026-07-16,neutral,0.625,58.89695320071564
APO,"Apollo Global Management, Inc.",Financial Services,75536375808.0,45.519577,11.914398,3.757307,1.79,1.948,100.969,0.11412,0.0075756754000984,0.052670002,0.638,0.637,,91678375936.0,,8258000000.0,32049000000.0,41884000256.0,47616000000.0,34.043,460949000000.0,260356000000.0,,331897000000.0,3492000000.0,7246000000.0,0.9549751942338296,,578981398.0,0.0121118300056894,0.9563452554185494,0.784448187238812,0.8000445079094264,0.0289923614109153,0.028018364889718,0.0695282992261616,0.0691038515989891,565738933.0,370000000.0,127.91,[],{},,,11.101765068539596,0.0900757666755009,0.0219685696991428,,0.0639897095744351,0.9,18,20,0.2259066077023694,5.0,22.0,0.3878681818181818,0.3878681818181818,0.2272727272727272,0.0,1.0,0.2272727272727272,22.0,3,5,"cheapness,dividend,garp",0.4551733333333333,False,0.63335,0.2403,hold,2,15,stable,0.1259,persistent,2026-08-16,neutral,0.5,46.21138318232143
SPGI,S&P Global Inc.,Financial Services,119237754880.0,24.632765,20.004204,3.7852228,0.96,0.954,42.98,0.14255,0.0730555555555555,0.30536,0.104,0.177,5448249856.0,135990755328.0,8143000064.0,6177000000.0,15336000000.0,15747999744.0,4134000128.0,106.855,61200000000.0,6296000000.0,,7637000000.0,4471000000.0,5651000000.0,0.7024647887323944,,298800000.0,0.0639643978014314,0.6930602477477478,0.8244074898520362,0.8540362953692116,0.2219281045751634,0.1981534680593148,0.2505882352941176,0.2359309875292672,307800000.0,287000000.0,404.47,[],{},0.0456923217103767,16.700325955935053,22.015663805730934,0.0454222052455074,0.0405963358153256,,0.1153221440173253,1.0,20,20,0.2599479080169617,6.0,22.0,0.5063272727272727,0.5063272727272727,0.2727272727272727,0.0,1.0,0.2727272727272727,22.0,5,5,"cheapness,quality,dividend,garp,risk",0.5977633333333333,True,0.9,0.2343,hold,2,29,stable,0.2471,persistent,2026-07-16,neutral,0.5,39.882409265922576
CBOE,"Cboe Global Markets, Inc.",Financial Services,28345710592.0,21.172386,17.830257,5.044511,1.26,1.565,28.09,0.26297,0.1182122016485228,0.26734,0.229,0.502,678249984.0,27571511296.0,1930700032.0,1514100000.0,4714200000.0,1580300032.0,2354500096.0,53.807,9305300000.0,4421400000.0,,2362300000.0,1100000000.0,1752600000.0,0.4090407704382504,,104647739.0,0.0982013326314978,0.3932104042007571,1.8716505100960927,1.776877866972477,0.1709455901475503,0.2053253906099549,0.5066145100104241,0.5256704882463956,104686478.0,52300000.0,271.43,[],{},0.0239277820112727,14.2805774273691,18.20983508090615,0.0549153792748263,0.0472313323590454,,0.2180757597580296,1.0,20,20,0.278998433365441,9.0,22.0,0.59105,0.59105,0.4090909090909091,0.0,1.0,0.4090909090909091,22.0,5,5,"cheapness,quality,dividend,garp,risk",0.732015,True,1.0,0.2298,hold,2,29,stable,0.2544,persistent,2026-07-16,neutral,0.625,38.76829325347966
ROST,"Ross Stores, Inc.",Consumer Cyclical,73873530880.0,27.962513,25.860033,10.962833,0.79,1.612,70.281,0.42628,0.1379561568248276,0.10848,0.133,0.705,2002041600.0,74324557824.0,3657101056.0,2707357000.0,22750559000.0,4739150848.0,4288123904.0,21.094,15548737000.0,7640097000.0,,4827180000.0,2145044000.0,3026883000.0,0.2770614559404892,,322333000.0,0.140267254697849,0.2777534276113092,1.5827246964065975,1.6171126114772647,0.3352258128747049,0.3812346481111591,1.4631772985805858,1.4175611116880855,328813000.0,37942000.0,231.25,[],{},0.027100932853096,20.32335357593137,27.45281018498853,0.0364261433806441,0.0357621648669416,,0.2525152829948113,1.0,20,20,0.2721104466771425,6.0,22.0,0.4463727272727272,0.4463727272727272,0.2727272727272727,0.0,1.0,0.2727272727272727,22.0,4,5,"cheapness,dividend,garp,risk",0.5935433333333333,True,1.0,0.2201,hold,2,24,stable,0.1969,persistent,2026-07-16,neutral,0.625,49.432970241056076
KLAC,KLA Corporation,Technology,240365420544.0,50.265026,27.436138,37.869495,0.52,2.876,96.88,0.87496,0.2691007203562258,0.35574,0.152,0.138,2624587520.0,241614716928.0,6054757888.0,5660780000.0,13579476000.0,6151712768.0,4902408192.0,4.858,17951535000.0,12381790000.0,,4304927000.0,4830771000.0,4143079000.0,0.6130145227989652,,1306983000.0,0.2527795435453213,0.6090980853989936,2.876190467341258,2.618532990519593,0.3426845113802246,0.378909014144078,0.7564520805602418,0.7565482937872628,1320230000.0,284440000.0,183.97,[],{},0.0109191559836684,39.90493449900932,42.68223052794845,0.0234289536331799,0.0198945485475328,,0.4148122375904693,1.0,20,20,0.2788238061710683,5.0,22.0,0.3522681818181818,0.3522681818181818,0.2272727272727272,0.0,0.8,0.2272727272727272,22.0,4,5,"cheapness,quality,dividend,garp",0.4156166666666666,False,0.73335,0.2165,hold,2,29,stable,0.1981,persistent,2026-07-16,neutral,0.625,51.47161136989961
VEEV,Veeva Systems Inc.,Healthcare,42308399104.0,42.908043,25.492067,5.8291693,,5.458,2.041,0.14425,0.1012218822691147,0.29345,0.176,0.395,1257709824.0,35217149952.0,1075341056.0,916369000.0,3195311000.0,151695008.0,7242947072.0,44.828,8979343000.0,7997630000.0,,1637056000.0,908906000.0,1415225000.0,0.7552604425672493,,163778271.0,0.0972972398537499,0.7452737347262216,4.885373499745885,4.511430173254653,0.0106755026509177,0.0103239126750262,0.3558513133978733,0.3742112135607777,162583789.0,,261.31,[],{},0.0297271901238421,32.7497492590853,38.43118869363761,0.0260205326452874,0.0233056539073571,,0.1248070253859594,0.95,19,20,0.2615963557140028,4.0,22.0,0.3537909090909091,0.3537909090909091,0.1818181818181818,0.0,1.0,0.1818181818181818,22.0,2,5,"quality,risk",0.4117583333333333,True,1.0,0.2141,hold,2,22,stable,0.0904,persistent,2026-07-25,neutral,0.5,54.49706301141193
FIX,"Comfort Systems USA, Inc.",Industrials,57457905664.0,40.191776,27.129133,17.832767,0.22,1.214,11.498,0.55292,0.1587534809286947,0.12775,0.503,0.919,1841915392.0,55826731008.0,2002695936.0,1312615000.0,9101641000.0,369908992.0,1906397952.0,91.55,6441169000.0,4110553000.0,,3393850000.0,1022558000.0,1186356000.0,0.2412640753464128,,35177220.0,0.1108943411797869,0.2100912190948784,1.2111769818937197,1.0803288717152515,0.0750419683135157,0.0655050383266031,1.413041794121533,1.4916885441324808,35560912.0,6981000.0,1632.59,[],{},0.0320567791449113,27.87578983133264,42.53092567736922,0.0235123027320353,0.0248807119147957,,0.4307442049880567,1.0,20,20,0.2862615577971342,9.0,22.0,0.48295,0.48295,0.4090909090909091,0.0,1.0,0.4090909090909091,22.0,5,5,"cheapness,quality,dividend,garp,risk",0.61415,True,1.0,0.2121,hold,2,29,stable,0.2492,persistent,2026-07-16,neutral,0.625,50.057730400984966
KO,The Coca-Cola Company,Consumer Defensive,374838067200.0,26.162163,24.705221,10.370194,2.4,1.305,115.519,0.42054,0.1250477026408182,0.28558,0.067,0.169,5218749952.0,404893106176.0,16997999616.0,14911000000.0,47941000000.0,44260999168.0,16371000320.0,8.401,104816000000.0,31044000000.0,,21281000000.0,13107000000.0,7408000000.0,0.6162574831563797,,4301608845.0,0.1057295447990532,0.6106330082233696,1.4587660354306655,1.0296249356410154,0.4340177072202717,0.4427890879073884,0.4573824606930239,0.4680404578862047,4302000000.0,1654000000.0,87.12,[],{},0.0139226786408955,23.82004443598641,27.153987403661727,0.0368270038994401,0.0382231392717796,,0.1785000299275752,1.0,20,20,0.2672916666666667,5.0,22.0,0.4003454545454545,0.4003454545454545,0.2272727272727272,0.0,0.8982,0.2272727272727272,22.0,4,5,"cheapness,quality,dividend,garp",0.5026116666666667,False,0.56665,0.2036,hold,2,13,stable,0.1884,persistent,2026-09-06,neutral,0.5,46.53709528657316
NDAQ,"Nasdaq, Inc.",Financial Services,52929564672.0,27.606415,20.235415,4.4390793,1.24,1.006,77.687,0.16521999,0.0575789778765336,0.35037,0.149,0.141,1691500032.0,61696569344.0,3352999936.0,2433000000.0,8262000000.0,9317000192.0,555000000.0,21.331,31053000000.0,8003000000.0,,7961000000.0,1788000000.0,2255000000.0,0.4222948438634713,,569894024.0,0.0367494653725941,0.4039189189189189,1.0052757191307624,0.985320172108327,0.3048336714649148,0.3246586609639743,0.2660612501207612,0.2434610955749301,575062217.0,354000000.0,94.69,[],{},0.0319575655398279,18.400408744892975,25.358228254829427,0.0394349317290947,0.0362234647273106,,0.1053611640394941,1.0,20,20,0.2296691245668227,5.0,22.0,0.4319227272727273,0.4319227272727273,0.2272727272727272,0.0,1.0,0.2272727272727272,22.0,4,5,"quality,dividend,garp,risk",0.54228,True,0.9,0.2018,hold,2,17,stable,0.1726,persistent,2026-07-26,neutral,0.625,52.334213327589026
ETN,Eaton Corporation plc,Industrials,169077473280.0,44.386337,26.96211,8.350049,1.04,1.24,105.059,0.19684,0.0990763860270054,0.12752,0.214,-0.159,3106125056.0,189797007360.0,6639000064.0,5209000000.0,27448000000.0,21326000128.0,695000000.0,52.147,41251000000.0,12355000000.0,,9370000000.0,4087000000.0,4472000000.0,0.3758743806470417,,387900000.0,0.098850993981397,0.38198408232173,1.3185699039487726,1.501972763141148,0.2553150226661171,0.2558818165238008,0.6653899299410924,0.6481853000182382,392900000.0,241000000.0,435.43,[],{},0.0183710165271757,28.58819182562972,36.43636155884047,0.0274451113453004,0.022529455404261,,0.16338885229447,1.0,20,20,0.2185773544474849,4.0,22.0,0.3564,0.3564,0.1818181818181818,0.0,1.0,0.1818181818181818,22.0,3,5,"quality,garp,risk",0.4684899999999999,True,0.9,0.1958,hold,2,22,stable,0.1243,persistent,2026-07-25,neutral,0.625,58.35283029890617
MPWR,"Monolithic Power Systems, Inc.",Technology,62789029888.0,77.717766,36.640503,16.118282,0.66,4.975,0.486,0.21979,0.1481768032465794,0.24500999,0.476,0.858,444316128.0,61394202624.0,1000281984.0,728636000.0,2790459000.0,18934000.0,1413761024.0,79.269,4194199000.0,2183802000.0,,369365000.0,621483000.0,838202000.0,0.551787716644466,,48709000.0,0.4528266789388086,0.5531557247066287,5.912314377377391,5.313062902497564,0.0047618150688605,0.0036901754411912,0.6653139252572422,0.6277621563321465,47823000.0,,1277.68,[],{},0.0070763336970255,61.37689532154965,84.25908495325513,0.0118681564196285,0.0128670708316551,,0.1905013394045336,1.0,20,20,0.2179543170023203,6.0,22.0,0.4229545454545454,0.4229545454545454,0.2727272727272727,0.0,1.0,0.2727272727272727,22.0,4,5,"quality,dividend,garp,risk",0.5330199999999999,True,1.0,0.1957,hold,2,29,stable,0.1655,persistent,2026-07-16,neutral,0.625,53.78754760286218
CTAS,Cintas Corporation,Industrials,78785388544.0,40.179592,32.192345,15.327365,1.05,1.434,52.646,0.40714002,0.1899459974888737,0.17754,0.089,0.156,1464424832.0,81202323456.0,2994993920.0,2621648000.0,11264761000.0,2705957120.0,289017984.0,12.845,10529140000.0,3853042000.0,,2686959000.0,1999968000.0,2276280000.0,0.5066945494893322,,400147000.0,0.1844515569643533,0.5003939486165667,1.433978709760737,2.089489097611313,0.2569969627149036,0.2701695561462564,1.069865250153384,1.052409910352326,402948000.0,106285000.0,196.88,[],{},0.0185875180545964,27.112683906884197,30.973770489402085,0.032285381605128,0.0248882567050456,,0.3343008787988953,1.0,20,20,0.2473605977385725,7.0,22.0,0.4333272727272728,0.4333272727272728,0.3181818181818182,0.0,1.0,0.3181818181818182,22.0,5,5,"cheapness,quality,dividend,garp,risk",0.5576083333333333,True,1.0,0.195,hold,2,29,stable,0.2212,persistent,2026-07-16,neutral,0.5,42.136886313203455
FTNT,"Fortinet, Inc.",Technology,128568639488.0,61.700706,46.384506,82.89025,,1.282,36.194,1.17442,0.1783967966734686,0.28173,0.256,0.439,2265587456.0,125060440064.0,2595800064.0,2084700000.0,6799600000.0,561400000.0,4069600000.0,2.114,10389200000.0,5900200000.0,,5034000000.0,1853400000.0,2590600000.0,0.8045620330607682,,743000000.0,0.1787546988149256,0.8056348433459821,1.1720699245133095,1.470559263181225,0.0958976629576868,0.1018426524362139,0.6544873522504139,0.610031649783368,767000000.0,20100000.0,175.23,[],{},0.0176216180323776,48.17799405986917,59.98965801506212,0.0166695399355155,0.0162072699784018,,0.3892851807588885,0.95,19,20,0.2815216994922736,4.0,22.0,0.3458772727272727,0.3458772727272727,0.1818181818181818,0.0,1.0,0.1818181818181818,22.0,3,5,"cheapness,quality,risk",0.42182,True,1.0,0.1914,hold,2,22,stable,0.1348,persistent,2026-07-25,neutral,0.5,62.34945743995691
RDDT,"Reddit, Inc.",Communication Services,30539098112.0,36.91395,16.385048,9.291149,,10.486,0.635,0.30712,0.163535877830545,0.31348,0.611,1.778,678068736.0,27773607936.0,801516992.0,441984000.0,2202506000.0,20867000.0,2786356992.0,17.084,3239173000.0,3135985000.0,,271283000.0,529721000.0,690875000.0,0.9118204445300035,,190892108.0,-0.2072571412675281,0.904941913006026,11.559828666005613,12.631237785756488,0.0071666440785966,0.0114277399378154,0.6799593599971351,0.5564528726629989,180315979.0,,158.73,[],{},0.0222032993087494,34.65130273370424,62.83849174630756,0.0159138128909461,0.0270900296500374,,0.1489219613934478,0.95,19,20,0.2665230852066226,5.0,22.0,0.4039045454545455,0.4039045454545455,0.2272727272727272,0.0,1.0,0.2272727272727272,22.0,3,5,"quality,garp,risk",0.5128333333333334,True,1.0,0.1908,hold,2,14,stable,0.1303,persistent,2026-09-04,neutral,0.625,51.38841371412389
ABNB,"Airbnb, Inc.",Consumer Cyclical,99901399040.0,38.004555,26.966785,12.621227,,1.408,32.004,0.34542,0.1130673631123919,0.2045,0.165,0.334,3206874880.0,88793473024.0,2760999936.0,2544000000.0,12241000000.0,2496000000.0,12069000192.0,13.219,22208000000.0,18797000000.0,,13649000000.0,2511000000.0,4646000000.0,0.8295890858589985,,602000000.0,0.1263419056252683,0.8308412898576834,1.3771704886804894,1.6907784666863497,0.0930745677233429,0.0981917076196383,0.5511977665706052,0.5297008445059401,623000000.0,,166.84,[],{},0.032100400102665,32.15989680631416,34.903094742138364,0.0286507545358923,0.0263126354196227,,0.2972309849281458,0.95,19,20,0.2342439325313651,5.0,22.0,0.3780409090909091,0.3780409090909091,0.2272727272727272,0.0,1.0,0.2272727272727272,22.0,3,5,"cheapness,quality,risk",0.44028,True,1.0,0.1884,hold,2,32,stable,0.1205,persistent,2026-07-16,neutral,0.5,41.39777111596192
LRCX,Lam Research Corporation,Technology,378249314304.0,52.479164,25.942682,30.328083,0.46,2.629,33.049,0.65066004,0.3087749832201737,0.31272,0.3,0.348,3090484480.0,376791695360.0,8641328128.0,8199795000.0,23232690000.0,4121564928.0,5579170816.0,9.967,23529743000.0,15610705000.0,,5937249000.0,7265396000.0,5857657000.0,0.5046900724797688,,1251278000.0,0.2510260826056932,0.4870502388559173,2.629282517879914,2.210118102893768,0.1587166931657519,0.2100937163566993,0.9873754252224516,0.8636854739647116,1268740000.0,156884000.0,302.28,[],{},0.0081704959219467,43.60344726860949,45.951355535107886,0.0217621436485367,0.0190551815954995,,0.4660962226276729,1.0,20,20,0.2466482677081673,6.0,22.0,0.4219727272727273,0.4219727272727273,0.2727272727272727,0.0,1.0,0.2727272727272727,22.0,5,5,"cheapness,quality,dividend,garp,risk",0.4935783333333333,True,0.83335,0.185,hold,2,29,stable,0.2158,persistent,2026-07-16,neutral,0.5,51.35834955133471
TER,"Teradyne, Inc.",Technology,59650252800.0,52.40934,32.743275,17.368782,0.14,2.125,2.883,0.36465,0.1324331036507084,0.25766,1.039,3.858,437381248.0,59431698432.0,1504893952.0,688605000.0,3190024000.0,100127000.0,354828992.0,21.967,4183599000.0,1949300000.0,,1115207000.0,554047000.0,674415000.0,0.582235431457569,,156088000.0,0.1462426059275533,0.5847507695362923,1.7479266181076698,2.908194159585897,0.0677022343680644,0.0206597219413521,0.7625071140900455,0.7603390285689325,161722000.0,6846000.0,381.54,[],{},0.00733242907564,39.49228339512923,86.3073873004117,0.0115864937090411,0.0190805684635601,,0.2244188486999053,1.0,20,20,0.2317726654799227,6.0,22.0,0.4723863636363636,0.4723863636363636,0.2727272727272727,0.0,1.0,0.2727272727272727,22.0,4,5,"quality,dividend,garp,risk",0.6381616666666666,True,1.0,0.1806,hold,2,29,stable,0.1649,persistent,2026-07-16,neutral,0.625,54.88359068025256
CAT,Caterpillar Inc.,Industrials,375324540928.0,35.163654,25.218256,19.351551,0.81,1.368,232.783,0.56972003,0.0901151290764315,0.14511,0.24,0.682,5048999936.0,414524538880.0,16250999808.0,11151000000.0,67589000000.0,45146001408.0,5944999936.0,42.193,98585000000.0,52485000000.0,,36558000000.0,8884000000.0,11739000000.0,0.3177736022133779,,465287332.0,0.1229661364568615,0.359888287120616,1.4356638765796816,1.4155304908279622,0.4395191966323477,0.4376395788706075,0.6855911142668762,0.7384462877717515,477932024.0,502000000.0,816.5,[],{},0.0134523575876925,25.50763299350597,37.17375471975608,0.0269006993654194,0.0284384552299371,,0.1797765489222435,1.0,20,20,0.2472557922426813,4.0,22.0,0.3753681818181817,0.3753681818181817,0.1818181818181818,0.0,0.8,0.1818181818181818,22.0,3,5,"quality,dividend,garp",0.5078883333333333,False,0.73335,0.1804,hold,2,15,stable,0.1283,persistent,2026-08-16,neutral,0.625,50.197625288956125
KKR,KKR & Co. Inc.,Financial Services,93125632000.0,32.214058,13.608811,3.175748,0.79,0.856,69.812,0.0728,0.005779586154789,0.12201,0.078,0.4,,151062265856.0,,490198000.0,19207544000.0,56163958784.0,47556554752.0,31.75,410144072000.0,243379872000.0,,58248712000.0,2370463000.0,477760000.0,0.1799646014086965,,891451844.0,0.0085427659863625,0.1775334967815585,4.178287616042051,4.121545687497793,0.1329724814357429,0.1411178092707294,0.0468312120332193,0.0600953162903118,888232174.0,3071915000.0,100.83,[],{},,,308.1658143362478,0.003245006270906,0.0310423480332716,,0.0013930220620129,0.9,18,20,0.1563990022886625,4.0,22.0,0.33665,0.33665,0.1818181818181818,0.0,1.0,0.1818181818181818,22.0,3,5,"dividend,garp,risk",0.4167116666666667,True,0.56665,0.1677,hold,2,16,stable,0.0875,persistent,2026-08-02,neutral,0.5,44.5182990788848
MRVL,"Marvell Technology, Inc.",Technology,231308607488.0,84.94389,38.06918,12.177904,0.1,3.168,28.525,0.16523,0.1198144068062803,0.27934998,0.365,0.5,2408049920.0,227049816064.0,2850299904.0,1338400000.0,8194600000.0,5286099968.0,3932800000.0,21.135,22285300000.0,6460600000.0,,3220500000.0,2670100000.0,1750500000.0,0.5101774339198984,,847259927.0,-0.0438021232893662,0.4130529017044371,2.0060860114888994,1.5395204262877442,0.2149533549021103,0.2149570640203915,0.367713245951367,0.2854463114652676,866000000.0,202600000.0,257.38,[],{},0.0104105504163952,79.65821973518194,169.64271971309026,0.005894741617508,0.0117724771022377,,0.0702026771851789,1.0,20,20,0.1868299435853835,4.0,22.0,0.3660181818181817,0.3660181818181817,0.1818181818181818,0.0,1.0,0.1818181818181818,22.0,3,5,"quality,dividend,risk",0.4287033333333333,True,0.83335,0.1617,hold,2,14,stable,0.1046,persistent,2026-09-04,neutral,0.5,62.416761010142224
IDXX,"IDEXX Laboratories, Inc.",Healthcare,40648409088.0,36.23769,30.783108,25.204206,,1.172,67.971,0.74211,0.3161862730205306,0.25030002,0.097,0.176,909368384.0,41495056384.0,1621684992.0,1360031000.0,4303702000.0,1096081024.0,196932992.0,20.445,3350759000.0,1413827000.0,,1148814000.0,1059464000.0,1181805000.0,0.6179747110743262,,79712000.0,0.2695862658014728,0.6103719200801333,1.2306839923608173,1.3108680832574846,0.2912957929830226,0.2996705878923667,1.2843961621829565,1.1834132243976896,81604000.0,38852000.0,515.3,[],{},0.0223715615051822,25.58761818028837,30.510375413501603,0.0327757356783448,0.0275955779742031,,0.6176498504731045,0.95,19,20,0.2474747474747475,5.0,22.0,0.3320727272727273,0.3320727272727273,0.2272727272727272,0.0,1.0,0.2272727272727272,22.0,3,5,"cheapness,quality,risk",0.4074983333333334,True,1.0,0.1576,hold,2,22,stable,0.1154,persistent,2026-07-25,neutral,0.625,40.55536794573798
STX,Seagate Technology Holdings plc,Technology,199497580544.0,63.071533,15.844372,91.81842,0.34,1.67,179.88,3.7152898,0.3192940232651424,0.26108998,0.485,1.488,1943750016.0,201034907648.0,4502000128.0,4226000000.0,12195000000.0,3897999872.0,1704000000.0,9.555,9972000000.0,5221000000.0,,3127000000.0,3184000000.0,3674000000.0,0.455760557605576,,227000000.0,0.1830985915492957,0.3517643179070023,1.669651423089223,1.3795317220543806,0.3868832731648616,0.6620964726411567,1.2229241877256318,1.133865137729029,212668547.0,284000000.0,877.325,[],{},0.009743226011562,44.65457617330392,47.57096726171321,0.0210212248680685,0.0158550133861499,,0.6173849525200876,1.0,20,20,0.235941014843155,7.0,22.0,0.3885999999999999,0.3885999999999999,0.3181818181818182,0.0,1.0,0.3181818181818182,22.0,5,5,"cheapness,quality,dividend,garp,risk",0.5406416666666667,True,0.9,0.1545,hold,2,29,stable,0.1952,persistent,2026-07-16,neutral,0.5,55.04151584548398
AMD,"Advanced Micro Devices, Inc.",Technology,1004821020672.0,157.02042,39.53068,14.943069,,2.609,6.361,0.10196,0.0563528585913735,0.15577,0.501,1.595,8841499648.0,995986046976.0,9562000384.0,3694000000.0,34639000000.0,4276000000.0,13111000064.0,41.191,76926000000.0,26947000000.0,,9455000000.0,4335000000.0,7709000000.0,0.4951644100580271,,1630000000.0,0.0237049663421257,0.4935039751793678,2.850026441036489,2.61626150254086,0.0500090996542131,0.0319533123392944,0.4502898889842186,0.3724756594343166,1622000000.0,131000000.0,615.52,[],{},0.0087990791057366,104.16084574129212,269.6226440108284,0.003708887299391,0.0063685984281534,,0.0547494479109543,0.95,19,20,0.1608378682787212,4.0,22.0,0.2949954545454545,0.2949954545454545,0.1818181818181818,0.0,1.0,0.1818181818181818,22.0,3,5,"quality,garp,risk",0.380195,True,1.0,0.1491,hold,2,15,stable,0.0883,persistent,2026-08-16,neutral,0.375,72.9628792519899
LLY,Eli Lilly and Company,Healthcare,1038332919808.0,39.155968,24.60463,30.653387,0.6,1.355,162.071,1.02286,0.1835058145737757,0.33528998,0.477,0.262,11065900032.0,1084290957312.0,41706999808.0,29696000000.0,65179000000.0,54907998208.0,8949999616.0,38.002,112476000000.0,55629000000.0,,35228000000.0,20640000000.0,16813000000.0,0.8304361834333144,,894800000.0,0.1345359842469669,0.8131119152809537,1.5791132054047916,1.1537919368480405,0.3778850599238949,0.4274153592072667,0.5794925139585334,0.572228927142222,897538000.0,,1164.89,[],{},0.0106573718514541,25.997817208228376,36.513030620689655,0.0273874828520359,0.0255388910318856,,0.3844241922120961,1.0,20,20,0.2096340598972178,5.0,22.0,0.3535681818181818,0.3535681818181818,0.2272727272727272,0.0,0.8889,0.2272727272727272,22.0,4,5,"cheapness,quality,dividend,garp",0.44643,False,0.73335,0.1291,hold,2,29,stable,0.1355,persistent,2026-07-16,neutral,0.625,51.00261818572206
VRT,Vertiv Holdings Co,Industrials,96578134016.0,56.884357,27.499462,20.297758,0.1,1.379,70.166,0.43943,0.1091349775637876,0.15088001,0.241,0.53,2696537600.0,96805732352.0,2678799872.0,1896200000.0,10229900000.0,3338200064.0,3110599936.0,12.359,12212400000.0,6819500000.0,,4407000000.0,1332800000.0,2113800000.0,0.363170705480992,,382553680.0,0.0542896249657815,0.3662348036645947,1.5474245518493306,1.6473361317403938,0.2643133208869673,0.3444073364358062,0.8376649962333366,0.8772844237612921,380703974.0,86100000.0,250.86,[],{},0.0279207879451602,36.1377247191387,51.052490429279615,0.0195876830217567,0.0175795254220769,,0.2429343787634202,1.0,20,20,0.1983988744893727,5.0,22.0,0.3549727272727272,0.3549727272727272,0.2272727272727272,0.0,1.0,0.2272727272727272,22.0,4,5,"quality,dividend,garp,risk",0.44478,True,1.0,0.1215,hold,2,29,stable,0.128,persistent,2026-07-16,neutral,0.5,45.903756675353115
MCO,Moody's Corporation,Financial Services,80913620992.0,29.683609,24.689087,26.748728,0.88,1.19,240.682,0.76932,0.1553379658875552,0.34252,0.151,0.567,2579124992.0,87178616832.0,4052999936.0,3462000000.0,7718000000.0,7619999744.0,1496000000.0,17.467,15830000000.0,5186000000.0,,2981000000.0,2459000000.0,2901000000.0,0.7443638248250842,,177542987.0,0.1327313769751693,0.7255925507900677,1.7396846695739685,1.4706700027800943,0.4643714466203411,0.4995807803934214,0.4875552747946936,0.4571428571428571,180309059.0,281000000.0,467.22,[],{},0.031875041067004,21.509651667559268,25.18157620797227,0.0397115729270119,0.0336886259349393,,0.2694373102965211,1.0,20,20,0.2013336876252477,7.0,22.0,0.4490909090909091,0.4490909090909091,0.3181818181818182,0.0,1.0,0.3181818181818182,22.0,5,5,"cheapness,quality,dividend,garp,risk",0.5875083333333333,True,0.9,0.1178,hold,2,29,stable,0.1596,persistent,2026-07-16,neutral,0.625,41.11182761807262
WST,"West Pharmaceutical Services, Inc.",Healthcare,25460541440.0,46.20434,36.262856,8.517681,0.24,2.822,10.585,0.19087,0.1156206088992974,0.1698,0.138,0.181,277937504.0,25341243392.0,912200000.0,636100000.0,3074100000.0,316500000.0,435800000.0,42.474,4270000000.0,1978200000.0,,654900000.0,493700000.0,754800000.0,0.3591295013174587,,72043412.0,0.1352308283471482,0.3451195907645513,3.0206138341731563,2.794513081395349,0.0751990632318501,0.0829719492781467,0.7199297423887587,0.79409342921447,72300000.0,500000.0,361.78,[],{},0.0109164019412149,27.78035890374918,39.83845840591102,0.0251013728947811,0.0216429885157974,,0.1759564050786977,1.0,20,20,0.1678858763069289,4.0,22.0,0.3964863636363636,0.3964863636363636,0.1818181818181818,0.0,1.0,0.1818181818181818,22.0,3,5,"quality,dividend,risk",0.4478133333333333,True,0.83335,0.1132,hold,2,13,stable,0.0843,persistent,2026-09-06,neutral,0.375,60.944626828940606
PWR,"Quanta Services, Inc.",Industrials,96612163584.0,73.6938,32.59483,10.019489,0.07,1.098,67.78,0.15337,0.0412557501632473,0.04032,0.411,0.947,1955491328.0,102812876800.0,3045004032.0,1587077000.0,28479697000.0,6603134976.0,506431008.0,64.136,24926901000.0,9903417000.0,,8716198000.0,1028378000.0,2229970000.0,0.1501097782044521,,149577564.0,0.0484280204115908,0.1483036118041828,1.1362083559827347,1.3023166741118417,0.2575111121916038,0.239722886460392,1.1425285878898463,1.2670161262957282,147678512.0,261445000.0,642.61,[],{},0.0202406328091367,33.76444685114952,64.78127828706484,0.015436558623754,0.0135696625767703,,0.0979030335698581,1.0,20,20,0.1338842085228297,5.0,22.0,0.292740909090909,0.292740909090909,0.2272727272727272,0.0,1.0,0.2272727272727272,22.0,3,5,"dividend,garp,risk",0.407685,True,1.0,0.1068,hold,2,16,stable,0.0722,persistent,2026-08-02,accumulate,0.75,52.53986799221862
WELL,Welltower Inc.,Real Estate,167720337408.0,104.84684,73.19496,3.6051605,1.49,1.317,41.375,0.03836,0.0139198006889643,0.12149999,0.391,0.356,2756164352.0,186765459456.0,3340614912.0,355168000.0,10667136000.0,19720804352.0,1965164032.0,64.563,67303047000.0,9912121000.0,,1855679000.0,936845000.0,2881677000.0,0.3917691684065901,,696507255.0,0.0186441943732492,0.3849699590685465,5.341506262667196,5.277453676563455,0.3176720215950995,0.3283099851211618,0.158494102057519,0.1538588396574991,635289329.0,651955000.0,232.76,[],{},0.0164330956793587,55.90750935856446,525.8510323452564,0.0019016792560814,0.0095377218807929,,0.0054267728535699,1.0,20,20,0.1264750957854406,4.0,22.0,0.3461272727272727,0.3461272727272727,0.1818181818181818,0.0,1.0,0.1818181818181818,22.0,4,5,"quality,dividend,garp,risk",0.4572733333333333,True,0.8,0.106,hold,2,17,stable,0.093,persistent,2026-07-26,neutral,0.5,45.605817701364366
MA,Mastercard Incorporated,Financial Services,497267048448.0,31.18956,24.653841,88.750786,0.62,1.061,439.583,2.41202,0.2763816311834112,0.46339,0.141,0.221,16961250304.0,510296031232.0,22200999936.0,19514000000.0,32791000000.0,24643000320.0,11608999936.0,6.396,54157000000.0,23558000000.0,,22762000000.0,14968000000.0,17648000000.0,0.7788722515324327,,894037665.0,0.2677564942492876,0.7630915610466148,1.0349705649767156,1.026222684703434,0.350831840759274,0.3790686549780578,0.6054803626493344,0.5858239221314032,913400000.0,722000000.0,567.65,[],{},0.0341089367512628,22.985272406786063,26.15025270226504,0.0382405482419442,0.0320620104932547,,0.6215639433030737,1.0,20,20,0.1880057793868535,6.0,22.0,0.4048818181818182,0.4048818181818182,0.2727272727272727,0.0,1.0,0.2727272727272727,22.0,5,5,"cheapness,quality,dividend,garp,risk",0.4942816666666666,True,0.8,0.0975,hold,2,24,stable,0.1428,persistent,2026-07-16,neutral,0.625,46.49800067662052
HWM,Howmet Aerospace Inc.,Industrials,90675470336.0,49.002155,35.208202,15.866713,0.24,1.818,81.368,0.34732,0.1348957867430002,0.20522,0.241,0.33,1189874944.0,94776475648.0,2793999872.0,2130000000.0,8252000000.0,4664000000.0,563000000.0,14.33,11179000000.0,3779000000.0,,1771000000.0,1508000000.0,1884000000.0,0.3417353368880271,,401620565.0,0.1098013119117786,0.3110363391655451,2.13382269904009,2.170432537120723,0.2874139010644959,0.3299743321608518,0.738169782628142,0.7063409069303166,405431361.0,151000000.0,227.37,[],{},0.0131223465352966,33.921431635627506,44.49599795680752,0.0224739312728912,0.0204072657620874,,0.2264030612244898,1.0,20,20,0.1555287431474048,5.0,22.0,0.34695,0.34695,0.2272727272727272,0.0,1.0,0.2272727272727272,22.0,4,5,"quality,dividend,garp,risk",0.43282,True,0.9,0.0936,hold,2,29,stable,0.0997,persistent,2026-07-16,accumulate,0.75,33.18440400157091
COST,Costco Wholesale Corporation,Consumer Defensive,398456848384.0,45.19517,39.717003,11.892049,0.66,1.072,24.567,0.29152,0.1050467580643069,0.0301,0.116,0.152,6954375168.0,386692841472.0,13790000128.0,10383000000.0,275235000000.0,8232000000.0,19996000256.0,75.553,77099000000.0,38380000000.0,,37108000000.0,8099000000.0,13335000000.0,0.1284320671426235,,443237000.0,0.1054975583909725,0.1261333134213391,1.0342783227336425,0.965655312429506,0.1060065629904408,0.1169824290071744,3.569890660060442,3.643840128309777,443126000.0,154000000.0,898.48,[],{},0.0174532705265438,28.041540093015435,37.24288177520948,0.0268507685854117,0.0221262581820137,,0.2596334175189417,1.0,20,20,0.1541666666666666,6.0,22.0,0.3905363636363636,0.3905363636363636,0.2727272727272727,0.0,1.0,0.2727272727272727,22.0,5,5,"cheapness,quality,dividend,garp,risk",0.4769733333333333,True,0.9,0.0906,hold,2,22,stable,0.1224,persistent,2026-07-25,neutral,0.625,37.954972154013284
V,Visa Inc.,Financial Services,694527590400.0,31.485107,24.656265,19.605194,0.73,0.985,67.821,0.6119,0.2013309644975759,0.50782,0.144,0.102,20404000768.0,690537889792.0,31093999616.0,26556000000.0,40000000000.0,23857999872.0,13792000000.0,18.87,99627000000.0,37766000000.0,,35048000000.0,20058000000.0,23059000000.0,0.803625,,1925199951.0,0.2088963189470009,0.803985971162946,1.0775507874914405,1.2834408115548517,0.2526523934274845,0.2204611103469437,0.4014975859957642,0.3801250648072711,1972453147.0,589000000.0,369.95,[],{},0.0293782436436379,22.2080754589278,26.00308366440729,0.0384569773687567,0.0317610481679481,,0.4112172687715821,1.0,20,20,0.1714208766510556,5.0,22.0,0.4023318181818182,0.4023318181818182,0.2272727272727272,0.0,1.0,0.2272727272727272,22.0,5,5,"cheapness,quality,dividend,garp,risk",0.4970583333333332,True,0.9,0.0873,hold,2,29,stable,0.1294,persistent,2026-07-16,neutral,0.625,49.39384143314283
PLTR,Palantir Technologies Inc.,Technology,439975968768.0,156.48718,78.81653,45.007374,,7.228,2.139,0.38097,0.1825799358050746,0.49005002,0.928,2.154,2159104512.0,430888976384.0,2662629888.0,1414015000.0,4475446000.0,211400000.0,9409098752.0,4.068,8900392000.0,8358174000.0,,1175581000.0,1625033000.0,2134473000.0,0.8236651721415028,,2391192000.0,0.0728904676382662,0.8024817248745161,7.109823993412619,5.958013810995384,0.0257671796927596,0.03772644318994,0.5028369536982191,0.4519097021803269,2338795190.0,,183.09,[],{},0.0049073237296251,161.82834059136047,304.7273023157463,0.0032816225930548,0.00639029983159,,0.183048491412929,0.95,19,20,0.1393402995929229,5.0,22.0,0.3538772727272726,0.3538772727272726,0.2272727272727272,0.0,1.0,0.2272727272727272,22.0,3,5,"quality,garp,risk",0.4549516666666666,True,1.0,0.0661,hold,2,22,stable,0.0586,persistent,2026-07-25,neutral,0.375,61.13127818266607
TPL,Texas Pacific Land Corporation,Energy,25299912704.0,46.845467,5.016411,16.260305,0.68,4.552,1.077,0.36566,0.2965456317402195,0.60322,0.312,0.327,-32836124.0,25069318144.0,741585024.0,592161000.0,798190000.0,18016000.0,248612000.0,22.558,1623278000.0,319320000.0,,73569000.0,481376000.0,545910000.0,0.8545947706686378,,68938230.0,0.3637441707664941,0.8990030078362422,4.340415120499124,8.333923841059603,0.0099644053575542,0.0003629749523244,0.4917149126643741,0.565554237912854,68915409.0,690000.0,366.8,[],{},-0.001297874992067,33.80504909441105,42.33530770179056,0.0236209455956713,0.0213467826033199,,0.3821110931149009,1.0,20,20,0.130952380952381,5.0,22.0,0.4060954545454545,0.4060954545454545,0.2272727272727272,0.0,1.0,0.2272727272727272,22.0,5,5,"cheapness,quality,dividend,garp,risk",0.49244,True,0.83335,0.0476,hold,2,13,stable,0.0893,persistent,2026-09-06,neutral,0.5,49.66661656728955
MCHP,Microchip Technology Incorporated,Technology,40606191616.0,109.97059,16.380623,6.2946124,2.48,1.921,83.688,0.0719,0.0160054557727503,0.0934,0.38,,1364762496.0,45732589568.0,1506099968.0,529800000.0,4713100000.0,5398700032.0,272300000.0,11.88,14370100000.0,2377600000.0,,1136300000.0,230000000.0,962100000.0,0.5773482421336276,,542079011.0,-3.252117128250491e-05,0.5606824790985097,2.0924051746897825,2.589645918102329,0.3851886904057731,0.3685364172076021,0.3279796243589119,0.2862903750341472,538704604.0,215400000.0,74.78,[],{},0.0336097142255085,30.36490972689537,86.32047861079653,0.0115847365085731,0.0090933403194435,,0.0400338527104837,1.0,20,20,0.4209638640912552,2.0,22.0,0.2852681818181818,0.2852681818181818,0.0909090909090909,0.0,1.0,0.0909090909090909,22.0,2,5,"quality,risk",0.3654083333333333,True,0.8,0.4663,avoid,1,3,stable,0.1553,building,2026-09-20,neutral,0.5,51.330377455904916
Q,"Qnity Electronics, Inc.",Technology,25501702144.0,43.507145,22.650953,3.5130928,0.27,2.008,59.992,0.06722,0.049182658137882,0.11248,0.221,-0.343,772249984.0,29338783744.0,1526000000.0,1014000000.0,4754000000.0,4527000064.0,961000000.0,34.676,14070000000.0,2638000000.0,,1356000000.0,692000000.0,1273000000.0,0.4617164493058477,,209479173.0,0.056465411879736,0.4604382929642445,1.9454277286135693,1.767580452920143,0.2862117981520967,,0.3378820184790334,0.353214373013933,,65000000.0,121.82,[],{},0.0302822917325027,19.22593954390564,28.933711779092704,0.0345617599164236,0.0229847304391037,,0.0797546012269938,1.0,20,20,0.4292683923162761,2.0,22.0,0.3279772727272727,0.3279772727272727,0.0909090909090909,0.0,1.0,0.0909090909090909,22.0,1,5,risk,0.3911033333333333,True,1.0,0.4522,avoid,1,29,stable,0.0881,persistent,2026-07-16,insufficient_data,0.0,
F,Ford Motor Company,Consumer Cyclical,52516638720.0,,6.7396755,1.4701942,4.54,1.089,456.708,-0.18252,-0.0282957532162124,-0.03935,-0.038,,-7940250112.0,193728643072.0,7642999808.0,-9169000000.0,187267000000.0,163296002048.0,22119999488.0,8.958,289160000000.0,123487000000.0,,114890000000.0,-8182000000.0,21282000000.0,0.0089711481467637,,3988842918.0,0.0206138936029958,0.083819840857983,1.0748280964400732,1.1648433917592342,0.5731705630100982,0.5640401688663235,0.6476241527182183,0.6486486486486487,3963444836.0,1333000000.0,13.17,[],{},-0.1511949413658133,25.34719978263278,-21.128655586432544,-0.0473290880202588,,,-0.0526137602570723,0.95,19,20,0.38451862602806,0.0,22.0,0.2553181818181818,0.2553181818181818,0.0,0.0,1.0,0.0,22.0,0,5,,0.2506766666666666,False,0.25,0.4505,avoid,1,29,stable,0.0,persistent,2026-07-16,insufficient_data,0.0,
HONA,Honeywell Aerospace Inc.,Industrials,53574520832.0,51.69113,18.599272,-9.404139,,1.526,,,0.1006502685891998,0.10862,0.054,-0.709,,68740521984.0,3537999872.0,3257000000.0,17404000000.0,16149000192.0,1057000000.0,-17.974,17685000000.0,8390000000.0,,6577000000.0,1780000000.0,3705000000.0,0.3483681912204091,,316882673.0,0.1672306322350846,0.3562317902233732,1.2756575946480158,1.31809589276508,0.0153237206672321,0.0140694568121104,0.9841108283856376,0.9168892846542,316882673.0,818000000.0,169.03,[],{},,19.429204203204677,21.105471901750075,0.0473810775070648,0.0193456788427724,,0.2932120993878286,0.8,16,20,0.4497607655502392,1.0,22.0,0.3446318181818182,0.3446318181818182,0.0454545454545454,0.0,1.0,0.0454545454545454,22.0,1,5,cheapness,0.2904433333333333,False,0.63335,0.4419,avoid,1,1,deteriorating,0.0446,new,2026-09-22,insufficient_data,0.0,
ORLY,"O'Reilly Automotive, Inc.",Consumer Cyclical,67046666240.0,26.31111,22.692673,-36.851933,,0.752,,,0.1534750375387291,0.1427,0.081,0.103,1570733824.0,76371918848.0,4169743872.0,3460612000.0,17781992000.0,9587433472.0,262180992.0,-2.249,16538253000.0,6744277000.0,,8775821000.0,2538209000.0,2761993000.0,0.5159231316716373,,841909238.0,0.1602471803424002,0.5119849029944616,0.7685066730508747,0.7050028943062145,0.5134459486137986,0.5318240729444671,1.075203771522905,1.1218456800074608,862232760.0,235064000.0,82.88,[],{},0.0234274709256595,18.31573381781086,22.06890539823592,0.0453126234380403,0.0380067583617718,,0.4458154351625882,0.85,17,20,0.4543926606819688,3.0,22.0,0.3756181818181818,0.3756181818181818,0.1363636363636363,0.0,1.0,0.1363636363636363,22.0,3,5,"cheapness,quality,risk",0.3564283333333333,True,0.8,0.4399,avoid,1,14,stable,0.228,persistent,2026-09-04,neutral,0.5,34.76804559510673
CARR,Carrier Global Corporation,Industrials,45366300672.0,39.014286,16.507444,3.4276748,1.78,1.02,91.998,0.08966,0.0399031997848884,0.055180002,0.039,-0.118,861750016.0,56399634432.0,3092999936.0,1907000000.0,21747000000.0,12394000384.0,1344000000.0,15.935,37190000000.0,8533000000.0,,7114000000.0,1484000000.0,2513000000.0,0.258610383041339,,836141122.0,0.1498275539395235,0.2659877256959886,1.1994658420016868,1.253294475418145,0.3294165098144662,0.3420581236799187,0.5847539661199247,0.6011817233911718,878337677.0,458000000.0,54.62,[],{},0.0189953776974341,18.23460575461195,29.575057384373363,0.0338122758986892,0.0256316365753816,,0.063406038036973,1.0,20,20,0.3838096908022945,1.0,22.0,0.3132318181818181,0.3132318181818181,0.0454545454545454,0.0,0.8,0.0454545454545454,22.0,1,5,garp,0.4089383333333333,False,0.73335,0.4365,avoid,1,29,stable,0.082,persistent,2026-07-16,insufficient_data,0.0,
CPT,Camden Property Trust,Real Estate,9935298560.0,32.61386,90.660545,2.6652641,4.28,0.352,125.648,0.07885,0.0425149250983275,0.20622,-0.008,-0.757,139679632.0,15038115840.0,893971008.0,288906000.0,1573544000.0,4873028096.0,44717000.0,37.077,9042989000.0,46126000.0,,455440000.0,384462000.0,826621000.0,0.6140965870671554,,106364516.0,0.0184467175409708,0.6117892893184665,0.1012778851220797,0.1011646208659396,0.431360692797481,0.3937566989420868,0.174007067795836,0.1744031728358689,106688152.0,138239000.0,98.82,[],{},0.0140589264788032,16.821704177681788,52.05193329318187,0.0192115822935434,0.0306618106535074,,0.0336424281247187,1.0,20,20,0.4197058018609743,3.0,22.0,0.3291818181818181,0.3291818181818181,0.1363636363636363,0.0,0.9074,0.1363636363636363,22.0,3,5,"quality,dividend,garp",0.4371016666666666,False,0.43335,0.4289,avoid,1,16,stable,0.2546,persistent,2026-08-02,accumulate,0.75,24.015959493027353
ULTA,"Ulta Beauty, Inc.",Consumer Cyclical,23852683264.0,20.300583,17.389906,9.032414,,1.345,95.472,0.46117002,0.1647993354758351,0.0934,0.089,0.133,914087360.0,26163263488.0,1934352000.0,1548813000.0,12392820000.0,2524030976.0,213451008.0,61.762,6999294000.0,3144146000.0,,2224342000.0,1153479000.0,1502780000.0,,,44166000.0,0.2001298633568894,,1.4135173458038377,1.7020766764185902,0.3117544426623599,0.3204485800923173,1.770581432927378,1.8820779403411672,45965000.0,,557.86,[],{},0.0383222025749865,13.525595903951295,16.89246118672816,0.0591980048937846,0.0492596690449727,,0.3243620040578418,0.95,19,20,0.4601722373448878,3.0,22.0,0.3998363636363636,0.3998363636363636,0.1363636363636363,0.0,1.0,0.1363636363636363,22.0,3,5,"cheapness,quality,risk",0.4323516666666666,True,0.9,0.4278,avoid,1,1,deteriorating,0.1582,new,2026-09-22,neutral,0.375,58.171789430883905
BG,Bunge Global SA,Consumer Defensive,21634533376.0,24.321814,9.999094,1.3560607,2.49,1.567,97.995,0.071779996,0.0183255479698167,0.01097,0.883,0.33,-6475375104.0,39364534272.0,3126000128.0,1296000000.0,70329000000.0,17061000192.0,788000000.0,83.042,44528000000.0,24391000000.0,,15127000000.0,816000000.0,844000000.0,0.0484721807504727,,193408656.0,0.0456644845174505,0.0638886796716125,1.6124148872876314,2.1463349024882312,0.3560680919870643,0.2859150969918471,1.5794331656485807,2.132937065745612,133964235.0,628000000.0,112.61,[],{},-0.2993073615899373,12.592620812586224,30.37386903703704,0.0329230365344839,0.041115354307043,,0.0440801333287983,1.0,20,20,0.4049999999999999,3.0,22.0,0.3697090909090909,0.3697090909090909,0.1363636363636363,0.0,1.0,0.1363636363636363,22.0,2,5,"dividend,garp",0.4776116666666666,False,0.53335,0.42,avoid,1,15,stable,0.165,persistent,2026-08-16,neutral,0.5,42.03421682054128
HUBB,Hubbell Incorporated,Industrials,24174583808.0,27.086443,19.966246,6.178707,1.27,1.609,141.642,0.24444,0.1078042971028582,0.14491999,0.153,-0.009,495812512.0,29343373312.0,1515500032.0,1208800000.0,5844600000.0,5556599808.0,394700000.0,74.043,8228800000.0,2594000000.0,,1508700000.0,887100000.0,1029800000.0,0.3531636040105396,,53253805.0,0.1137608248024884,0.3385626721151283,1.7193610393053622,1.7720138125882907,0.3022676453431849,0.2511208142880091,0.710261520513319,0.8219548169458358,53759976.0,64100000.0,457.49,[],{},0.0205096607220978,19.36217267727514,24.27479592322965,0.0411949910171254,0.0369188379589007,,0.1798782756208985,1.0,20,20,0.4283974563501687,3.0,22.0,0.3889090909090908,0.3889090909090908,0.1363636363636363,0.0,0.8,0.1363636363636363,22.0,3,5,"cheapness,quality,garp",0.4761366666666666,False,0.73335,0.4186,avoid,1,15,stable,0.2541,persistent,2026-08-16,neutral,0.625,41.664680525525
FLEX,Flex Ltd.,Technology,41229066240.0,43.092667,15.695158,7.4956346,,1.38,107.818,0.18378,0.0398912058023572,0.03325,0.206,0.52,625750016.0,44319068160.0,2123000064.0,1447000000.0,27914000000.0,5929999872.0,2840000000.0,14.89,22060000000.0,16332000000.0,,12016000000.0,880000000.0,1685000000.0,0.0919610231425091,,365690291.0,0.0455905554648822,0.0836400263433153,1.3591877496671103,1.3036548223350253,0.1956482320942883,0.2256678091507535,1.2653671804170443,1.4043305587291224,377817433.0,215000000.0,111.61,[],{},0.0151773996616228,20.87567914458621,30.62824337249482,0.0326496034342613,0.0232058043657404,,0.1440661091198725,0.95,19,20,0.3987911674580028,3.0,22.0,0.2649727272727272,0.2649727272727272,0.1363636363636363,0.0,1.0,0.1363636363636363,22.0,3,5,"quality,garp,risk",0.3384666666666667,True,0.9,0.4121,avoid,1,29,stable,0.2311,persistent,2026-07-16,insufficient_data,0.0,
J,Jacobs Solutions Inc.,Industrials,16975306752.0,47.760796,17.40678,5.158234,1.0,1.287,124.734,0.07998,0.0257129615682155,0.0238,0.345,-0.254,645677888.0,19687180288.0,1056488000.0,863634000.0,12029783000.0,4054662912.0,1179111936.0,27.87,11252535000.0,4359319000.0,,3350899000.0,289336000.0,686704000.0,0.2481286653300396,,119081294.0,0.0685511231605055,0.2463064544022963,1.300940135766551,1.1999732335949758,0.2408219125734778,0.2340476936611558,1.0690731466287375,0.97805392548094,124253511.0,145788000.0,143.76,[],{},0.0380363016370191,18.634551729882403,22.795744827091102,0.0438678361942169,0.0209376744893447,,0.1092981250971317,1.0,20,20,0.3654650285526667,3.0,22.0,0.3099181818181818,0.3099181818181818,0.1363636363636363,0.0,1.0,0.1363636363636363,22.0,3,5,"quality,garp,risk",0.390505,True,0.9,0.3966,avoid,1,14,stable,0.2286,persistent,2026-09-04,neutral,0.625,49.30841413966244
IQV,IQVIA Holdings Inc.,Healthcare,44422250496.0,33.525467,18.664572,7.1985273,,0.706,257.975,0.22818,0.0454181138124499,0.08096,0.087,-0.006,2149750016.0,58727247872.0,3048000000.0,2287000000.0,16310000000.0,16254999552.0,2080000000.0,37.491,29944000000.0,6249000000.0,,8338000000.0,1360000000.0,2654000000.0,0.3329245861434702,,169600000.0,0.0510427896947841,0.3489126906848426,0.7494603022307508,0.8378611470461406,0.5326275714667379,0.5262649169114093,0.5446834090301896,0.5726978698092866,176100000.0,729000000.0,269.88,[],{},0.048393541344637,19.26746977427821,25.67872666025361,0.0389427409400261,0.0298280707021918,,0.1058502267888549,0.95,19,20,0.4378886908298672,1.0,22.0,0.2633363636363636,0.2633363636363636,0.0454545454545454,0.0,1.0,0.0454545454545454,22.0,1,5,risk,0.2897033333333333,True,0.7,0.3954,avoid,1,14,stable,0.0792,persistent,2026-09-04,neutral,0.375,64.31976935634216
NI,NiSource Inc.,Utilities,19431776256.0,21.553192,17.983711,2.0292468,2.96,0.498,146.649,0.085489996,0.025921185095946,0.13153,0.046,-0.584,-1772999936.0,39124574208.0,3025999872.0,1831900000.0,6642200000.0,17443000320.0,70000000.0,19.968,35858700000.0,2377200000.0,,3457400000.0,929500000.0,2362300000.0,0.503989641986089,,478432058.0,0.0239209012177512,0.5146926729115873,0.6875686932376931,0.5057130354451306,0.4521496875235298,0.4391674872043312,0.1852325934849841,0.1716082433363428,465859472.0,661900000.0,40.52,[],{},-0.091242298832694,12.929469882013269,21.357374424368142,0.0468222347995654,0.046396839966906,,0.0565378549626095,1.0,20,20,0.3532258064516129,2.0,22.0,0.4047318181818182,0.4047318181818182,0.0909090909090909,0.0,0.9093,0.0909090909090909,22.0,2,5,"dividend,garp",0.4997666666666666,False,0.53335,0.3887,avoid,1,15,stable,0.1484,persistent,2026-08-16,neutral,0.625,36.55711709408798
AEP,"American Electric Power Company, Inc.",Utilities,65344016384.0,20.802425,17.505148,2.0368578,3.17,0.504,160.789,0.10130999,0.0312773021142757,0.13781999,0.07,-0.432,-5995950080.0,119476011008.0,9029000192.0,5385000000.0,21876000000.0,53525000192.0,603000000.0,58.929,114460000000.0,6052000000.0,,13314000000.0,3580000000.0,6944000000.0,0.6100749680014628,,540861473.0,0.028784027629562,0.6318138025455099,0.4545591107105303,0.4449996156507033,0.4325353835401013,0.443964764547236,0.1911235366066748,0.1913211354508236,532907715.0,2026000000.0,120.03,[],{},-0.0917597419289971,13.232474079894228,22.1868172716806,0.0450718094332713,0.0480713186082872,,0.0532398710774523,1.0,20,20,0.4,3.0,22.0,0.4051,0.4051,0.1363636363636363,0.0,0.924,0.1363636363636363,22.0,2,5,"dividend,garp",0.5040266666666666,False,0.53335,0.3823,avoid,1,17,stable,0.1565,persistent,2026-07-26,neutral,0.5,34.928422139754744
BA,The Boeing Company,Industrials,158866751488.0,72.617325,49.176357,26.069206,,1.138,790.875,1.73537,0.0132849882604689,0.025910001,0.08,,5625375232.0,188070936576.0,-2900000000.0,-5416000000.0,89463000000.0,48362000384.0,19295000576.0,7.716,168235000000.0,128459000000.0,,108115000000.0,2235000000.0,1065000000.0,0.0479416071448531,,784698272.0,-0.0755741447784962,-0.0299321977840251,1.1881700041622347,1.318506767753765,0.3235533628555295,0.3465525731790769,0.5317740065979136,0.4254011498884007,749216319.0,2771000000.0,201.15,[],{},0.0354093929617797,-64.85204709517241,-34.72506214475628,-0.0287976446472971,0.0137708184651527,,-0.090086493679308,0.95,19,20,0.4124671045265821,0.0,22.0,0.2021590909090909,0.2021590909090909,0.0,0.0,0.6667,0.0,22.0,0,5,,0.2319066666666666,False,0.63335,0.3793,avoid,1,29,stable,0.0,persistent,2026-07-16,insufficient_data,0.0,
PKG,Packaging Corporation of America,Consumer Cyclical,21233014784.0,30.94935,18.164246,4.5269938,2.58,2.941,94.474,0.14887,0.0721737914316349,0.07256,0.147,-0.195,432950016.0,24914548736.0,2000099968.0,1255400000.0,8989300000.0,4404299776.0,593800000.0,52.642,10725500000.0,3213700000.0,,1015100000.0,774100000.0,1557500000.0,0.21020546649906,,89214000.0,0.0911447719965584,0.2126966707621103,3.165894985715693,3.227835463258786,0.4069647102699175,0.313759452972875,0.8381240967787049,0.9490671557306526,89802000.0,79100000.0,238.31,[],{},0.0203904165472651,12.456651734719692,19.845904680579896,0.0503882295161149,0.0323108562861578,,0.1292840665678035,1.0,20,20,0.3487530612091823,2.0,22.0,0.3751181818181818,0.3751181818181818,0.0909090909090909,0.0,0.8702,0.0909090909090909,22.0,2,5,"cheapness,garp",0.4594649999999999,False,0.73335,0.3779,avoid,1,15,stable,0.1453,persistent,2026-08-16,neutral,0.625,51.821656114898005
CRL,"Charles River Laboratories International, Inc.",Healthcare,13319622656.0,,21.950418,4.6895595,,1.348,105.047,-0.07516,-0.0202283761212721,-0.05963,-0.027,,468856000.0,16210807808.0,849118016.0,401136000.0,4015382000.0,3034319104.0,192024992.0,59.496,7135422000.0,1447049000.0,,1120315000.0,-144338000.0,737646000.0,0.3295514598611041,,49217000.0,0.0013677640968898,0.3288455845188715,1.2916447606253598,1.4113968298995776,0.360232092790027,0.3618317173296388,0.5627392465365048,0.5379653828298252,51141000.0,107029000.0,279.01,[],{},0.0352003965959799,19.09134831971343,40.41224873359658,0.0247449729064112,,,0.0666880905027957,0.9,18,20,0.3260101010101009,0.0,22.0,0.1930227272727273,0.1930227272727273,0.0,0.0,1.0,0.0,22.0,0,5,,0.2079983333333333,False,0.65,0.3712,avoid,1,15,stable,0.0,persistent,2026-08-16,neutral,0.5,52.103322888810496
LIN,Linde plc,Basic Materials,210898419712.0,29.478092,23.395288,5.396447,1.39,0.879,68.947,0.18400998,0.0794544847207344,0.20435,0.093,0.113,4160750080.0,235562418176.0,13822000128.0,9254000000.0,33986000000.0,28013000704.0,4897999872.0,84.778,86817000000.0,13325000000.0,,15198000000.0,6898000000.0,10350000000.0,0.4883481433531454,,463680942.0,0.0819119867243939,0.480593849416755,0.8767601000131596,0.8900577557755776,0.3233122545123651,0.2820941519957078,0.3914671089763525,0.41180580682995,473236732.0,464000000.0,457.5,[],{},0.019728692541565,17.042570973415636,25.45519971644694,0.0392847045452126,0.0339234981694201,,0.129211522082129,1.0,20,20,0.4058333333333334,3.0,22.0,0.4188772727272727,0.4188772727272727,0.1363636363636363,0.0,1.0,0.1363636363636363,22.0,3,5,"dividend,garp,risk",0.5290083333333333,True,0.9,0.3708,avoid,1,29,stable,0.233,persistent,2026-07-16,insufficient_data,0.0,
MRK,"Merck & Co., Inc.",Healthcare,368842145792.0,119.6,15.653565,8.801366,2.31,1.323,128.408,0.06961,0.1333713266991071,0.047659997,0.051,,15171500032.0,415663161344.0,28871000064.0,22107000000.0,65011000000.0,53910999040.0,7141000192.0,16.986,136866000000.0,43516000000.0,,28327000000.0,18254000000.0,16472000000.0,0.7480118749134762,,2474626766.0,0.1461667207487234,0.7632308939035033,1.5362022099057435,1.3646023926812103,0.3604912834451215,0.3169009273649514,0.4749974427542268,0.5479480129113794,2527637335.0,1357000000.0,149.5,[],{},0.0411327723935203,14.397255392004976,18.802332353734112,0.053184891171302,0.0083612040133779,,0.203677940648062,1.0,20,20,0.336200602516392,2.0,22.0,0.3103863636363635,0.3103863636363635,0.0909090909090909,0.0,1.0,0.0909090909090909,22.0,2,5,"cheapness,risk",0.370405,True,0.9,0.369,avoid,1,15,stable,0.141,persistent,2026-08-16,neutral,0.375,61.41440567800246
JCI,Johnson Controls International plc,Industrials,87941537792.0,40.895775,23.906914,6.5228915,1.12,1.0,70.107,0.14332,0.0867445109254329,0.14319,0.093,0.153,2984124928.0,96808550400.0,4325000192.0,2828000000.0,23596000000.0,9475000320.0,641000000.0,22.257,37939000000.0,10162000000.0,,10941000000.0,3291000000.0,1399000000.0,0.3641295134768605,,611130391.0,0.0399344185501815,0.3519083304287208,0.9287999268805412,0.9350899205353408,0.2604180394844355,0.2223445368310106,0.6219457550278078,0.5375805129406254,662878003.0,227000000.0,145.18,[],{},0.0339330537414307,22.38347886760048,34.232160678925034,0.0292122956940795,0.0244524037018493,,0.1047484998888806,1.0,20,20,0.3489253913750225,3.0,22.0,0.3797727272727273,0.3797727272727273,0.1363636363636363,0.0,0.8,0.1363636363636363,22.0,3,5,"quality,dividend,garp",0.4706399999999999,False,0.73335,0.3547,avoid,1,29,stable,0.2111,persistent,2026-07-16,insufficient_data,0.0,
VST,Vistra Corp.,Utilities,47250722816.0,23.700336,13.581449,15.734884,0.65,0.973,373.28,0.42962003,0.0227196149217809,0.1155,-0.055,-0.062,37125000.0,69811724288.0,6646000128.0,2134000000.0,17738000000.0,20508000256.0,435000000.0,8.947,41550000000.0,9179000000.0,,11814000000.0,944000000.0,4070000000.0,0.3288984101928064,,338059635.0,0.0703997881916865,0.4368903855085926,0.7769595395293719,0.9628795066413662,0.4829843561973526,0.4513635160180037,0.4269073405535499,0.4560232989144824,339754307.0,982000000.0,140.78,[],{},0.0007857022662821,10.504321839218598,32.71402262792877,0.0305679314150218,0.042193494640751,,0.0717648641377455,1.0,20,20,0.4016129032258064,3.0,22.0,0.3218136363636363,0.3218136363636363,0.1363636363636363,0.0,0.75,0.1363636363636363,22.0,3,5,"quality,dividend,garp",0.4002616666666666,False,0.53335,0.35,avoid,1,29,stable,0.2255,persistent,2026-07-16,insufficient_data,0.0,
MRNA,"Moderna, Inc.",Healthcare,69043855360.0,,-38.698303,10.205961,,2.295,19.036,-0.38998002,-0.2287242664937591,-1.41427,0.021,,299249984.0,65192853504.0,-2195000064.0,-3074000000.0,1922000000.0,1287000064.0,5137999872.0,16.945,12338000000.0,6544000000.0,,1987000000.0,-2822000000.0,-1873000000.0,0.5483870967741935,,394000000.0,-0.2518031395842172,0.5423569865582994,3.293407146451937,3.671350861287398,0.1057707894310261,0.0528213831141281,0.1557788944723618,0.226205628623957,386000000.0,10000000.0,172.94,[],{},0.0043342015366854,-29.70061576453785,-21.207824822381266,-0.047152407584236,,,-0.2969761375712491,0.9,18,20,0.2222222222222222,1.0,22.0,0.2347363636363636,0.2347363636363636,0.0454545454545454,0.0,1.0,0.0454545454545454,22.0,1,5,risk,0.2288466666666667,True,0.65,0.3333,avoid,1,29,stable,0.05,persistent,2026-07-16,insufficient_data,0.0,
CBRE,"CBRE Group, Inc.",Real Estate,41470078976.0,32.771168,15.745392,4.9427075,,1.141,117.789,0.15798001,0.0374712569226284,0.029760001,0.155,-0.042,1637624960.0,51563077632.0,2214000128.0,1294000000.0,40550000000.0,10805999616.0,1488999936.0,28.974,30877000000.0,13489000000.0,,12320000000.0,1157000000.0,1559000000.0,0.1865844636251541,,295731478.0,0.0396997908378788,0.1944809461235216,1.0948863636363635,1.0735436631850974,0.323574181429543,0.2335233564368617,1.3132752534248793,1.466882664151253,302052229.0,,143.21,[],{},0.039489313751916,23.28955494622266,39.84781888098918,0.025095476442177,0.0305146279803026,,0.0697310987767419,0.95,19,20,0.3969048155660731,1.0,22.0,0.2135272727272727,0.2135272727272727,0.0454545454545454,0.0,1.0,0.0454545454545454,22.0,1,5,risk,0.2518133333333333,True,0.7,0.3325,avoid,1,29,stable,0.0693,persistent,2026-07-16,insufficient_data,0.0,
IRM,Iron Mountain Incorporated,Real Estate,34798481408.0,82.90071,42.845573,-27.164768,3.02,0.726,,,0.0068445382226638,0.055359997,0.185,,-436093504.0,54929960960.0,2551013120.0,1403920000.0,6901737000.0,19947120640.0,204792992.0,-4.303,21125019000.0,1934983000.0,,2619496000.0,144591000.0,1339999000.0,0.5538108739872296,,295788645.0,0.0096252013197546,0.5615302600412462,0.7386852279980577,0.5478041314751683,0.9018470468594608,0.8745638417031685,0.3267091499420663,0.3285714171227777,293592637.0,846462000.0,116.89,[],{},-0.0125319693950709,21.53260621411465,39.1261332269645,0.0255583651519857,0.012062622865353,,0.0758649188136968,0.9,18,20,0.33435960591133,0.0,22.0,0.2779818181818181,0.2779818181818181,0.0,0.0,0.7444,0.0,22.0,0,5,,0.27248,False,0.33335,0.3254,avoid,1,29,stable,0.0,persistent,2026-07-16,insufficient_data,0.0,
ECHO,EchoStar Corporation,Communication Services,27732199424.0,,4.195337,1.9567046,,5.201,123.757,-0.33428,-0.3370155374624372,-0.38712,-0.04,,-18870501376.0,44826533888.0,1989049984.0,-91135000.0,15004989000.0,17575225344.0,496192992.0,48.735,43016355000.0,5133171000.0,,12363419000.0,-14497180000.0,-99374000.0,0.2582252476159762,,288825905.0,-0.0019617423000925,0.2561015388060648,0.4151902479403149,1.3883874917681922,0.700132310141108,0.4892577354021428,0.3488205590641048,0.2596957167784071,286397144.0,1521713000.0,95.36,[],{},-0.6804545534772511,22.536655312127134,-491.8695768694793,-0.0020330592641336,,,-0.0029731246625119,0.9,18,20,0.2753623188405797,0.0,22.0,0.12455,0.12455,0.0,0.0,1.0,0.0,22.0,0,5,,0.1021483333333333,False,0.25,0.3241,avoid,1,29,stable,0.0,persistent,2026-07-16,insufficient_data,0.0,
XYZ,"Block, Inc.",Technology,46807941120.0,139.125,15.021229,2.123004,,2.209,32.58,0.01612,0.0330123825638237,0.01426,0.093,-0.833,-27105876.0,47205314560.0,1547908992.0,3045652000.0,24193683000.0,7171312128.0,6738176000.0,36.698,39549887000.0,22856880000.0,,10384460000.0,1305636000.0,2579714000.0,0.428208016117265,,602078000.0,0.0787720621753543,0.3685177425711887,2.201065823355283,2.326040816689478,0.2267105339643574,0.2153107890823203,0.611725717446424,0.6558627066288593,619676000.0,,77.91,[],{},-0.0005790871239243,30.496182142470555,15.499247635645832,0.064519260773675,0.0071877807726864,,0.1044267927227672,0.95,19,20,0.2911249477738913,2.0,22.0,0.2899545454545454,0.2899545454545454,0.0909090909090909,0.0,1.0,0.0909090909090909,22.0,2,5,"cheapness,risk",0.3037283333333333,True,0.83335,0.3237,avoid,1,29,stable,0.1168,persistent,2026-07-16,insufficient_data,0.0,
APD,"Air Products and Chemicals, Inc.",Basic Materials,62231699456.0,,19.357393,4.4823327,2.55,1.085,110.091,0.00023,-0.0096080078909874,-0.00375,0.046,,-1497500032.0,82215501824.0,4652199936.0,2889000000.0,12037300000.0,18271199232.0,1000000000.0,62.347,41059500000.0,5825800000.0,,4218600000.0,-394500000.0,3256800000.0,0.3141319066568084,,222588256.0,0.0967337635756268,0.3249343007784738,1.380979471862703,1.522394487510767,0.4482811529609469,0.379185133899016,0.2931672329180823,0.3057668302395981,222372418.0,214000000.0,279.46,[],{},-0.0240632996542025,17.672392191873328,28.458117626860503,0.0351393585869551,,,0.078418279683721,0.95,19,20,0.29,0.0,22.0,0.2643454545454545,0.2643454545454545,0.0,0.0,1.0,0.0,22.0,0,5,,0.2979116666666667,False,0.65,0.3233,avoid,1,32,stable,0.0,persistent,2026-07-16,insufficient_data,0.0,
INTC,Intel Corporation,Technology,643741843456.0,,59.056877,7.0153813,,1.604,48.997,-0.10715,-0.0012628352780365,-0.19794,0.254,,4866375168.0,650669326336.0,16839999488.0,-23000000.0,52853000000.0,50537000960.0,29727000576.0,17.359,211429000000.0,63688000000.0,,31575000000.0,-267000000.0,9697000000.0,0.3476623843490435,,4994000000.0,-0.0954576685243148,0.3266416828308318,2.017038796516231,1.3268659227275277,0.2203340128364604,0.2545283354963483,0.2499798986893945,0.2702547268239306,4330000000.0,1091000000.0,121.78,[],{},0.0075595135184537,38.638322216082,-28289.97071026087,-3.5348216166137515e-05,,,-0.0001278815038864,0.9,18,20,0.268724279835391,1.0,22.0,0.217440909090909,0.217440909090909,0.0454545454545454,0.0,1.0,0.0454545454545454,22.0,1,5,risk,0.2336183333333333,True,0.65,0.3123,avoid,1,29,stable,0.0523,persistent,2026-07-16,insufficient_data,0.0,
GNRC,Generac Holdings Inc.,Industrials,12105744384.0,47.009174,16.473515,4.2026696,,2.045,49.003,0.09491,0.0286263345987452,0.05817,0.106,0.92,289056512.0,13233370112.0,636244992.0,289191000.0,4209147000.0,1410317952.0,271264000.0,48.769,5573679000.0,2462478000.0,,1215346000.0,159554000.0,437978000.0,0.3829129750041992,,58676763.0,0.0636592148756853,0.3877305314870174,2.0261538689393803,1.966961299015053,0.2688104212675326,0.2888317472483188,0.7551828872814527,0.8407820906494412,59611934.0,70697000.0,204.96,[],{},0.0238776322075693,20.799173712003064,45.759965254797,0.0218531634460795,0.0212724435447429,,0.0663535806006562,0.95,19,20,0.2896973086111009,3.0,22.0,0.3210590909090909,0.3210590909090909,0.1363636363636363,0.0,1.0,0.1363636363636363,22.0,2,5,"garp,risk",0.4051366666666666,True,1.0,0.311,avoid,1,24,stable,0.1141,persistent,2026-07-16,insufficient_data,0.0,
AMZN,"Amazon.com, Inc.",Consumer Cyclical,2787722657792.0,20.792439,24.878569,5.0521936,,1.033,45.617,0.30558002,0.094946225254938,0.1744,0.196,2.423,3219124992.0,2916369825792.0,168911994880.0,79975000000.0,716924000000.0,251635007488.0,122988003328.0,51.156,818042000000.0,229083000000.0,,218005000000.0,77670000000.0,139514000000.0,0.5028566486824266,,10731000000.0,0.0948128802644928,0.4885439346415678,1.0508153482718283,1.063734806137178,0.1870160700795313,0.2094755270493875,0.8763902097936291,1.020907545919788,10593000000.0,2274000000.0,258.45,[],{},0.0011547508081559,17.265617091692476,36.46601845316661,0.0274227909275124,0.0480944058558979,,0.1332834475207362,0.95,19,20,0.3255542422037014,3.0,22.0,0.4262681818181818,0.4262681818181818,0.1363636363636363,0.0,1.0,0.1363636363636363,22.0,2,5,"quality,garp",0.519155,False,0.73335,0.3086,avoid,1,3,stable,0.1054,building,2026-09-20,neutral,0.625,52.69019869273661
NOW,"ServiceNow, Inc.",Technology,142342111232.0,86.049995,27.505688,11.372872,,0.701,67.538,0.14244,0.0671326522774406,0.11336,0.24,-0.219,5149374976.0,146131124224.0,2896999936.0,1824000000.0,13278000000.0,8453000192.0,4664000000.0,12.106,26038000000.0,10471000000.0,,10443000000.0,1748000000.0,5444000000.0,0.7753426720891701,,1047278000.0,0.0699112005102291,0.791788055353241,1.00268122187111,1.0991864082316345,0.0922881941777402,0.1117597998331943,0.5099470005376757,0.5388804395820046,1032435000.0,23000000.0,137.68,[],{},0.0361760474917163,50.44222556171986,80.11574792982456,0.0124819405153144,0.0116211511691546,,0.1169605642834241,0.95,19,20,0.3091490764965319,2.0,22.0,0.2327454545454545,0.2327454545454545,0.0909090909090909,0.0,1.0,0.0909090909090909,22.0,2,5,"quality,risk",0.30182,True,0.9,0.3049,avoid,1,29,stable,0.1167,persistent,2026-07-16,insufficient_data,0.0,
MLM,"Martin Marietta Materials, Inc.",Basic Materials,35486257152.0,32.5306,24.082201,2.5987933,0.68,1.407,54.945,0.08894,0.0607663940997274,0.36737,0.21,-0.232,593374976.0,36248096768.0,2126000000.0,1455000000.0,6150000000.0,6344999936.0,112000000.0,192.27,18711000000.0,3193000000.0,,895000000.0,1137000000.0,1785000000.0,0.3071544715447154,,60309739.0,0.1097963676389653,0.2889438361003179,3.567597765363129,2.4441117764471056,0.304900860456416,0.3189323059988992,0.3286836620169953,0.3116125481563015,61126646.0,230000000.0,499.67,[],{},0.0167212612324362,17.04990440639699,24.9127812838488,0.0401400385049865,0.0307402876061308,,0.0816681634485855,1.0,20,20,0.33,3.0,22.0,0.3561681818181819,0.3561681818181819,0.1363636363636363,0.0,1.0,0.1363636363636363,22.0,3,5,"quality,garp,risk",0.4160916666666667,True,0.83335,0.3,avoid,1,16,stable,0.189,persistent,2026-08-02,neutral,0.625,41.01598690141037
CSGP,"CoStar Group, Inc.",Real Estate,11766938624.0,161.33333,16.372278,1.4820108,,2.214,14.537,0.00894,0.000664262668438,0.02081,0.184,12.61,412700000.0,11668937728.0,394000000.0,-72000000.0,3247000000.0,1155000064.0,1266000000.0,19.595,10538000000.0,2119000000.0,,746000000.0,7000000.0,430000000.0,0.7887280566676933,,417900000.0,0.0150156638219725,0.7960526315789473,2.8404825737265416,8.967391304347826,0.1123552856329474,0.1243383385546073,0.3081229834883279,0.2955601166684671,409500000.0,,29.04,[],{},0.035072843769088,29.61659321827411,-162.06857955555554,-0.0061702274601426,0.006198347235503,,-0.0073529411764705,0.95,19,20,0.2795432349184884,3.0,22.0,0.3366090909090909,0.3366090909090909,0.1363636363636363,0.0,1.0,0.1363636363636363,22.0,2,5,"garp,risk",0.43906,True,1.0,0.2967,avoid,1,29,stable,0.1095,persistent,2026-07-16,insufficient_data,0.0,
RVTY,"Revvity, Inc.",Healthcare,16022690816.0,69.03365,24.367767,2.2164767,0.2,1.8,46.225,0.03211,0.019821897863246,0.08158,0.013,0.012,604992128.0,18341263360.0,875832000.0,356635000.0,2856051000.0,3341516032.0,1022942976.0,64.783,12168411000.0,2239747000.0,,1331246000.0,241201000.0,582933000.0,0.5477370677204294,,112281000.0,0.021818477305346,0.5581286710179868,1.6824441162640114,3.59762364109631,0.2792646467973509,0.2683728790964971,0.2347102674293299,0.2223143748974176,120646000.0,92185000.0,143.59,[],{},0.0377584598584318,20.941531435252426,51.42866897528285,0.0194444075634275,0.0144856892254719,,0.0329085143577679,1.0,20,20,0.2918598263335106,2.0,22.0,0.3348772727272727,0.3348772727272727,0.0909090909090909,0.0,1.0,0.0909090909090909,22.0,1,5,risk,0.383025,True,1.0,0.2938,avoid,1,24,stable,0.0586,persistent,2026-07-16,insufficient_data,0.0,
DLR,"Digital Realty Trust, Inc.",Real Estate,70370082816.0,90.45146,67.43659,2.5818923,2.68,0.89,67.944,0.02912,0.0264840438265025,0.11825,0.299,-0.587,3768482048.0,89959759872.0,3210312960.0,922135000.0,6112692000.0,20074991616.0,1907729024.0,72.168,49410468000.0,5160368000.0,,4683508000.0,1308589000.0,2412136000.0,0.5539220690327601,,343557430.0,0.0133048120538783,0.5465113390392168,1.1018168432721798,1.1085971725811534,0.3977973250526588,0.397684584199283,0.1237124894263296,0.1226705923837884,336637000.0,437947000.0,186.33,[],{},0.0535523321445226,28.022115286853527,97.5559542496489,0.0102505275838004,0.0110556534963614,,0.0206169835821616,1.0,20,20,0.2848836891078271,3.0,22.0,0.3419272727272726,0.3419272727272726,0.1363636363636363,0.0,1.0,0.1363636363636363,22.0,3,5,"cheapness,garp,risk",0.4587133333333333,True,0.8,0.286,avoid,1,23,stable,0.1713,persistent,2026-07-20,neutral,0.5,50.80870452359493
DASH,"DoorDash, Inc.",Consumer Cyclical,83986145280.0,101.48168,23.800375,8.464561,,1.368,33.276,0.088870004,0.0475609135764789,0.05292,0.356,-0.3,5147500032.0,81954693120.0,1436000000.0,725000000.0,13717000000.0,3304999936.0,5346999808.0,22.899,19659000000.0,8643000000.0,,6147000000.0,935000000.0,2431000000.0,0.5087847196908946,,434247000.0,0.009575710393149,0.4831188211154635,1.4060517325524646,1.6642631816133393,0.1673533750445088,0.0417282989490074,0.6977465791749325,0.8347216815881666,419677000.0,,193.83,[],{},0.0612898712619663,57.07151331476323,113.0409560275862,0.0088463512265055,0.0098539953221113,,0.0536560094730609,0.95,19,20,0.2859889660795631,3.0,22.0,0.2741772727272727,0.2741772727272727,0.1363636363636363,0.0,1.0,0.1363636363636363,22.0,2,5,"cheapness,risk",0.3390516666666666,True,1.0,0.2829,avoid,1,29,stable,0.1081,persistent,2026-07-16,insufficient_data,0.0,
NRG,"NRG Energy, Inc.",Utilities,21710538752.0,26.895834,9.230346,5.1655498,1.83,0.968,483.357,0.23772,0.02964996568291,0.02563,0.11,,772374976.0,45665538048.0,3252999936.0,1944000000.0,30713000000.0,23466999808.0,162000000.0,19.994,29140000000.0,13147000000.0,,8029000000.0,864000000.0,1913000000.0,0.1937941588252531,,190376607.0,0.0468320706019482,0.2143618912193388,1.637439282600573,1.017133779643708,0.5704186684969115,0.4575389226542336,1.05398078242965,1.171009907584714,198604003.0,741000000.0,103.28,[],{},0.0355760391219608,14.037976927891338,23.49050311111111,0.0425703951622473,0.0371804793262778,,0.0920846951826062,1.0,20,20,0.3516129032258065,1.0,22.0,0.3113409090909091,0.3113409090909091,0.0454545454545454,0.0,1.0,0.0454545454545454,22.0,1,5,risk,0.347445,True,0.7,0.2774,avoid,1,29,stable,0.0629,persistent,2026-07-16,insufficient_data,0.0,
DE,Deere & Company,Industrials,184620597248.0,38.0617,30.154234,6.595929,0.95,2.132,230.298,0.18242,0.0474263179742631,0.10168,0.049,0.074,4516250112.0,242309611520.0,8600000512.0,8416000000.0,44665000000.0,64577998848.0,6940000256.0,103.811,105996000000.0,74902000000.0,,32455000000.0,5027000000.0,7459000000.0,0.3648270457852905,,270352040.0,0.0661572866194558,0.3859020547131715,2.307872438761362,2.159816462736374,0.6061549492433677,0.6099795005590757,0.4213838258047473,0.4707230711889675,271752292.0,3170000000.0,684.73,[],{},0.0244623307438082,28.17553454582864,28.791541292775666,0.0347324233124997,0.0262731302070059,,0.1144395643246624,1.0,20,20,0.2987844334216163,3.0,22.0,0.3551409090909091,0.3551409090909091,0.1363636363636363,0.0,1.0,0.1363636363636363,22.0,3,5,"dividend,garp,risk",0.4343833333333333,True,0.7,0.2773,avoid,1,29,stable,0.1728,persistent,2026-07-16,insufficient_data,0.0,
META,"Meta Platforms, Inc.",Communication Services,1888326254592.0,27.908321,21.275885,7.230248,0.32,2.226,42.997,0.29848,0.1651763150201764,0.29834998,0.28,-0.134,21553625088.0,1910384230400.0,109654999040.0,83276000000.0,200966000000.0,112317997056.0,90259996672.0,102.52,366021000000.0,108722000000.0,,41836000000.0,60458000000.0,115800000000.0,0.8199944269179861,,2529638328.0,0.2258978315836756,0.8166515705071702,2.5987666124868536,2.9778842719371355,0.2292136243548867,0.1777188521086454,0.5490559284849776,0.5959015265129286,2534487662.0,1165000000.0,741.245,[],{},0.011414142569689,17.421770526878845,22.940393755703923,0.0435912308502271,0.0358316073546667,,0.2568780171815475,1.0,20,20,0.3034096109839817,3.0,22.0,0.4142454545454546,0.4142454545454546,0.1363636363636363,0.0,1.0,0.1363636363636363,22.0,3,5,"cheapness,quality,risk",0.4370433333333333,True,0.83335,0.2557,avoid,1,7,stable,0.1677,persistent,2026-09-15,wait,0.25,77.87283424396891
TMO,Thermo Fisher Scientific Inc.,Healthcare,243574734848.0,35.474422,23.917547,4.623753,0.29,1.551,80.575,0.13515,0.0607560062713538,0.15036,0.105,0.094,6237250048.0,282187726848.0,11738999808.0,8110000000.0,44557000000.0,42548998144.0,4064000000.0,142.473,110343000000.0,28707000000.0,,15189000000.0,6704000000.0,7818000000.0,0.4093408443117804,,376221470.0,0.0650938646335323,0.4128361202453415,1.8899861742050168,1.6604410441044104,0.3569324741941038,0.3213592133249761,0.4038045005120397,0.4405934998612837,380774334.0,1419000000.0,658.76,[],{},0.0256071306077466,24.038481255932226,34.79503413662145,0.0287397332640495,0.0281893246914636,,0.0852302583180948,1.0,20,20,0.2867659046606415,3.0,22.0,0.3124409090909091,0.3124409090909091,0.1363636363636363,0.0,1.0,0.1363636363636363,22.0,3,5,"dividend,garp,risk",0.3797483333333333,True,0.9,0.2539,avoid,1,29,stable,0.1622,persistent,2026-07-16,insufficient_data,0.0,
AXP,American Express Company,Financial Services,211770408960.0,19.02852,15.555631,6.1748548,1.22,1.553,172.38,0.34377,0.0361037420180502,0.16141,0.128,0.11,,225110409216.0,,,72230000000.0,59092000768.0,45752000512.0,50.785,300052000000.0,,,,10833000000.0,18428000000.0,,,686000000.0,0.0373129105101653,,,,0.1924966339167877,0.1882001466140624,0.2407249410102249,0.2429409749466774,702000000.0,8234000000.0,313.59,[],{},,,,,0.0525526945868622,,,0.8,16,20,0.3366099404188554,3.0,22.0,0.4086045454545454,0.4086045454545454,0.1363636363636363,0.0,1.0,0.1363636363636363,22.0,3,5,"quality,dividend,garp",0.495785,False,0.53335,0.244,avoid,1,32,stable,0.1393,persistent,2026-07-16,insufficient_data,0.0,
HLT,Hilton Worldwide Holdings Inc.,Consumer Cyclical,69112930304.0,45.02639,29.371479,-10.99581,0.2,0.649,,,0.086860617622511,0.31034002,0.025,0.141,1393874944.0,82159935488.0,3088000000.0,2693000000.0,12039000000.0,14023000064.0,1009000000.0,-27.927,16774000000.0,2996000000.0,,4508000000.0,1457000000.0,2129000000.0,0.2820001661267547,,230433192.0,0.0929064277932453,0.2741184893502774,0.6645962732919255,0.6961702127659575,0.7805532371527364,0.7194044304563613,0.7177178967449624,0.6763103740467256,241806421.0,620000000.0,307.08,[],{},0.020168077635674,26.6061967253886,30.508702372075756,0.0327775330397299,0.0222091977615793,,0.219549975542149,0.9,18,20,0.2631251231880163,3.0,22.0,0.3500045454545455,0.3500045454545455,0.1363636363636363,0.0,1.0,0.1363636363636363,22.0,3,5,"cheapness,dividend,risk",0.3400583333333333,True,0.6,0.2405,avoid,1,16,stable,0.136,persistent,2026-08-02,neutral,0.625,41.977740606434935
COHR,Coherent Corp.,Technology,62963978240.0,77.84988,23.039259,5.7723517,,2.427,31.612,0.07981,0.0439893175092345,0.11309,0.337,,-649981632.0,64861339648.0,1423416960.0,901522000.0,7118181000.0,3552666880.0,1990018048.0,55.7,18299852000.0,6925499000.0,,2853929000.0,804998000.0,79514000.0,0.3749609626391911,,195752792.0,0.0033105902942645,0.3516835725282546,2.4266542720579243,2.188023340229023,0.1933586129549026,0.2611276716632678,0.3889747851512679,0.3896546132315235,155555206.0,190267000.0,321.52,[],{},-0.0103230712253038,45.56735058713927,71.94648566313413,0.0138992195488487,0.0128452349573306,,0.0583663404252371,0.95,19,20,0.2320970983642939,1.0,22.0,0.2203863636363636,0.2203863636363636,0.0454545454545454,0.0,1.0,0.0454545454545454,22.0,1,5,risk,0.2524733333333333,True,0.66665,0.2384,avoid,1,29,stable,0.0447,persistent,2026-07-16,insufficient_data,0.0,
COIN,"Coinbase Global, Inc.",Financial Services,53044416512.0,,70.9792,4.0546536,,2.423,50.982,-0.07847,0.0424755370682875,-0.16344,-0.173,,2668452864.0,50923859968.0,699548992.0,1456145000.0,7181325000.0,6668290048.0,8788842496.0,49.585,29671832000.0,20388445000.0,,8701282000.0,1260327000.0,2426383000.0,0.7463949897825262,,267836000.0,0.1144118359586532,0.7478229830829485,2.3431541467107952,2.280811376446233,0.2639358095583717,0.2082400942136729,0.2420249952884607,0.2911916541740331,253640000.0,85413000.0,201.05,[],{},0.0503060084259071,72.79527316937367,34.971695791284525,0.0285945527482603,,,0.069437616085415,0.9,18,20,0.2121031746031746,3.0,22.0,0.2604545454545455,0.2604545454545455,0.1363636363636363,0.0,1.0,0.1363636363636363,22.0,2,5,"cheapness,risk",0.2986466666666666,True,1.0,0.2337,avoid,1,29,stable,0.0802,persistent,2026-07-16,insufficient_data,0.0,
EL,The Estée Lauder Companies Inc.,Consumer Defensive,34855321600.0,192.68,24.617224,9.157794,1.5,1.222,242.932,0.04745,0.0092095941706305,0.01209,0.063,,1812125056.0,40603672576.0,2455000064.0,1677000000.0,15049000000.0,9246000128.0,3497999872.0,10.52,19762000000.0,7612000000.0,,6231000000.0,182000000.0,1773000000.0,0.7550003322479899,,361798567.0,-0.0569575708827669,0.7397040346223649,1.2216337666506178,1.3006439742410305,0.4678676247343386,0.4759199678262618,0.7615119927132882,0.720189020711844,359766854.0,334000000.0,96.34,[],{},0.0519899106597254,16.539173734212987,24.212088596302923,0.0413016826707257,0.0051899522524392,,0.1239376247136205,1.0,20,20,0.2275,3.0,22.0,0.2855499999999999,0.2855499999999999,0.1363636363636363,0.0,1.0,0.1363636363636363,22.0,3,5,"cheapness,quality,risk",0.3518566666666666,True,0.9,0.2283,avoid,1,29,stable,0.1367,persistent,2026-07-16,insufficient_data,0.0,
LYV,"Live Nation Entertainment, Inc.",Communication Services,39412088832.0,,89.6033,473.89355,,0.852,620.214,0.17677,0.0216463190691312,0.00513,0.094,1.562,1695030656.0,43359686656.0,1550790016.0,1232689000.0,25201406000.0,11282711552.0,9071948800.0,0.357,22912533000.0,10974392000.0,,11028850000.0,495972000.0,1395316000.0,0.255463921338357,,235421446.0,0.04563865019863,0.2493890361413263,0.9950622231692334,0.992718532969577,0.4540914791044709,0.421194432177044,1.0998961136248009,1.1790770919422606,234363735.0,316033000.0,169.18,[],{},0.0430078868244036,27.95974065388876,35.17487919175072,0.0284293798010974,,,0.1037295424322577,0.9,18,20,0.289855072463768,1.0,22.0,0.2649590909090908,0.2649590909090908,0.0454545454545454,0.0,1.0,0.0454545454545454,22.0,1,5,risk,0.30215,True,0.8,0.2253,avoid,1,15,stable,0.0464,persistent,2026-08-16,neutral,0.625,38.475951964547804
AJG,Arthur J. Gallagher & Co.,Financial Services,60652843008.0,39.238804,15.88973,2.5569508,1.17,1.053,59.401,0.06722,0.0211420080662279,0.10378,0.309,-0.107,2082300032.0,73393143808.0,4288000000.0,2556000000.0,13942000000.0,14106000384.0,1386000000.0,92.536,70665000000.0,34356000000.0,,32519000000.0,1494000000.0,1930000000.0,0.4257638789269832,,257000000.0,0.0227686561357092,0.4222414539160536,1.056490051969618,1.5076213260423788,0.1908299724050095,0.2098669364251809,0.1972971060638222,0.1798303633958446,250000000.0,639000000.0,236.61,[],{},0.0343314497512564,17.1159383880597,28.714062522691705,0.0348261413448457,0.0254849765553506,,0.0670057148849158,1.0,20,20,0.2039356019087476,2.0,22.0,0.35795,0.35795,0.0909090909090909,0.0,1.0,0.0909090909090909,22.0,2,5,"garp,risk",0.4611383333333333,True,0.9,0.2221,avoid,1,29,stable,0.0852,persistent,2026-07-16,insufficient_data,0.0,
TTWO,"Take-Two Interactive Software, Inc.",Communication Services,39250935808.0,,20.396088,11.085176,,1.062,81.607,-0.09039,-0.0317802029158496,-0.04792,0.02,,1256137472.0,40369033216.0,766499968.0,-108600000.0,6656400000.0,2944699904.0,1826599936.0,18.937,9383200000.0,3199500000.0,,2588800000.0,-298200000.0,624300000.0,0.5723363980530016,,185400000.0,-0.4878604028015293,0.5435600681624538,1.235900803461063,0.7787764810000554,0.3152762383834939,0.4472316925724618,0.7093955153892062,0.6136351258618624,177144416.0,161300000.0,209.92,[],{},0.0320027394542776,52.66671220004539,-371.7222211418048,-0.0026901808477532,,,-0.0159837513246202,0.9,18,20,0.2028985507246376,1.0,22.0,0.1741,0.1741,0.0454545454545454,0.0,1.0,0.0454545454545454,22.0,1,5,quality,0.1880966666666666,False,0.55,0.2174,avoid,1,29,stable,0.0378,persistent,2026-07-16,insufficient_data,0.0,
EW,Edwards Lifesciences Corporation,Healthcare,50866171904.0,52.583332,26.158228,4.797176,,4.522,6.568,0.09175,0.0783736822124229,0.15431,0.136,-0.254,1232412544.0,47477776384.0,1996800000.0,1636200000.0,6067600000.0,704400000.0,4252699904.0,18.415,13697200000.0,6738900000.0,,1813700000.0,1073500000.0,1595200000.0,0.7801107521919705,,580700000.0,0.3197628549324795,0.7945583233753102,3.715553840216133,4.175790592612278,0.0514995765557924,0.0536180708218118,0.4429810472213299,0.4166507089074935,588600000.0,20400000.0,88.34,[],{},0.0242285294502983,23.776931282051283,29.017098388950007,0.0344624395794449,0.0190174331288097,,0.1376867084613119,0.95,19,20,0.2301841948900772,2.0,22.0,0.3182,0.3182,0.0909090909090909,0.0,1.0,0.0909090909090909,22.0,1,5,risk,0.3688966666666666,True,1.0,0.2139,avoid,1,29,stable,0.0422,persistent,2026-07-16,insufficient_data,0.0,
ANET,"Arista Networks, Inc.",Technology,259080781824.0,65.21269,39.599648,17.507883,,2.957,,0.31476,0.1805477000915233,0.38371,0.377,0.357,3891512576.0,245737472000.0,4639600128.0,3856100000.0,9005700000.0,0.0,13343299584.0,11.733,19448600000.0,16387000000.0,,5376500000.0,3511400000.0,4371900000.0,0.6405609780472368,,1256500000.0,0.2030846132484566,0.6413302680241607,3.0478936110852786,4.359453919918015,,,0.4630513250311076,0.4986577802462279,1261334000.0,,205.42,[],{},0.0150204602155462,52.96522657566407,63.7269448406421,0.0156919494964121,0.0153344387419074,,0.2740244881716304,0.9,18,20,0.2612932903646607,2.0,22.0,0.2641545454545454,0.2641545454545454,0.0909090909090909,0.0,1.0,0.0909090909090909,22.0,2,5,"quality,risk",0.3277783333333334,True,0.8,0.2124,avoid,1,29,stable,0.0853,persistent,2026-07-16,insufficient_data,0.0,
MTD,Mettler-Toledo International Inc.,Healthcare,28661096448.0,32.20261,27.670616,2235.0625,,1.122,16668.447,,0.234116853586364,0.21907,0.045,0.183,693589632.0,30747107328.0,1275713024.0,1118490000.0,4026399000.0,2137394944.0,51383000.0,0.64,3712646000.0,1362667000.0,,1198116000.0,869193000.0,955772000.0,0.5937429449987446,,20359353.0,0.2664013167905298,0.6005594519725821,1.13734145942463,1.0220109177165075,0.5796868325178323,0.6215705622131364,1.084509269130426,1.195173517028863,20949461.0,68515000.0,1430.44,[],{},0.024199689403313,24.10189968241635,27.489836590403133,0.0363770805516212,0.0310533835611461,,0.4448107598636723,0.9,18,20,0.2007407407407407,2.0,22.0,0.2533090909090909,0.2533090909090909,0.0909090909090909,0.0,1.0,0.0909090909090909,22.0,2,5,"cheapness,risk",0.3078783333333333,True,0.8,0.1986,avoid,1,15,stable,0.0719,persistent,2026-08-16,neutral,0.625,62.150411782714656
CIEN,Ciena Corporation,Technology,51896246272.0,82.05381,31.02647,16.988209,,3.797,107.496,0.22396,0.0210306910861264,0.10869,0.37,4.229,633368384.0,52552122368.0,1025539008.0,310792000.0,4769507000.0,3285876992.0,2630000896.0,21.542,5864667000.0,3565507000.0,,1308394000.0,123338000.0,806093000.0,0.4203614755151842,,141016300.0,0.0148822876562772,0.4282962075540074,2.7251019188409606,3.54498319731157,0.2771775447779047,0.2893379707682771,0.8132613497066414,0.7117027399710388,142656116.0,91764000.0,365.96,[],{},0.0122045124551084,51.24341634794256,169.09097521171716,0.0059139761820399,0.0121871245223104,,0.0682118916052659,0.95,19,20,0.227450876200419,3.0,22.0,0.2819090909090909,0.2819090909090909,0.1363636363636363,0.0,1.0,0.1363636363636363,22.0,3,5,"quality,garp,risk",0.4125683333333333,True,0.9,0.1927,avoid,1,11,stable,0.1197,persistent,2026-09-09,neutral,0.5,50.75933505202605
CMG,"Chipotle Mexican Grill, Inc.",Consumer Cyclical,41935949824.0,30.685183,24.186956,19.100864,,0.715,246.35,0.49560001,0.170743866467301,0.114250004,0.093,-0.013,1116464384.0,46677291008.0,2275020032.0,2012808000.0,11925601000.0,5419195904.0,677857024.0,1.735,8994531000.0,1466953000.0,,1188142000.0,1535761000.0,2113926000.0,0.253757190098847,,1304360000.0,0.1666718453639541,0.2667254029197657,1.2346613451927464,1.523473435275435,0.5643222531558344,0.4933108976232387,1.3258724662797872,1.229182234446362,1358751000.0,,33.14,[],{},0.0266230856505137,20.517309892416808,23.190135873863778,0.0431217827027499,0.032589018615271,,0.2578411093784847,0.95,19,20,0.2617902927120075,2.0,22.0,0.2782227272727273,0.2782227272727273,0.0909090909090909,0.0,1.0,0.0909090909090909,22.0,2,5,"cheapness,risk",0.320905,True,0.8,0.1926,avoid,1,29,stable,0.0863,persistent,2026-07-16,insufficient_data,0.0,
EQIX,"Equinix, Inc.",Real Estate,104321630208.0,68.12242,56.78088,7.2535796,2.02,1.131,162.217,0.10735,0.0336314491417752,0.15479,0.167,0.288,3776000000.0,126714626048.0,4540000256.0,1966000000.0,9217000000.0,23356000256.0,979000000.0,145.757,40141000000.0,5125000000.0,,3893000000.0,1350000000.0,3911000000.0,0.5109037647824671,,98226000.0,0.0232293002707709,0.4893689986282579,1.316465450809145,1.626455658405494,0.5661543060710994,0.5404303833547099,0.2296156049924017,0.2493373236425823,97287000.0,527000000.0,1057.26,[],{},0.0361957533875887,27.9107090094402,64.45301426653103,0.0155151781709498,0.0146794550164248,,0.0542374751710439,1.0,20,20,0.2522792373654443,3.0,22.0,0.3270681818181818,0.3270681818181818,0.1363636363636363,0.0,1.0,0.1363636363636363,22.0,3,5,"dividend,garp,risk",0.4471483333333333,True,0.7,0.1923,avoid,1,29,stable,0.1334,persistent,2026-07-16,insufficient_data,0.0,
ETR,Entergy Corporation,Utilities,48532635648.0,25.97954,19.900478,2.6002817,2.51,0.912,186.77,0.10248999,0.0246669911405823,0.13329001,0.059,-0.019,-4400858112.0,78483677184.0,5538091008.0,3215073000.0,12946686000.0,34627321856.0,3855045120.0,39.065,71890730000.0,5806851000.0,,7822968000.0,1773328000.0,5150651000.0,0.4771691381099379,,452339365.0,0.0163788158030235,0.4830349000934623,0.7422823409222689,0.7193929606382681,0.4303049224844427,0.4463477653476078,0.1800883924812003,0.1833561835561371,429580416.0,1336651000.0,101.58,[],{},-0.0906783250742607,14.171612035740674,24.411164904809315,0.0409648619350806,0.0384918285697129,,0.050182383458314,1.0,20,20,0.2306451612903226,1.0,22.0,0.3283136363636363,0.3283136363636363,0.0454545454545454,0.0,0.8957,0.0454545454545454,22.0,1,5,garp,0.40998,False,0.43335,0.1903,avoid,1,29,stable,0.0421,persistent,2026-07-16,insufficient_data,0.0,
PANW,"Palo Alto Networks, Inc.",Technology,304099688448.0,929.4,76.194855,11.020662,,0.871,9.337,0.01739,0.0063351217498968,0.02674,0.345,,4240624896.0,303595683840.0,1560000000.0,695000000.0,11480000000.0,2567000064.0,3071000064.0,33.733,48460000000.0,8643000000.0,,9923000000.0,307000000.0,4553000000.0,0.7035714285714286,,815000000.0,0.0480997624703087,0.7341936883201388,0.8710067519903255,0.9417876815222834,0.0515889393314073,0.0143366135052595,0.2368964094098225,0.391118086189345,667900000.0,0.0,371.76,[],{},0.0139448511691755,194.61261784615385,436.82832207194247,0.0022892288559882,0.0010759629868732,,0.0180346160832446,0.95,19,20,0.1791416476256266,1.0,22.0,0.1822636363636363,0.1822636363636363,0.0454545454545454,0.0,1.0,0.0454545454545454,22.0,1,5,risk,0.2512733333333333,True,0.9,0.1848,avoid,1,29,stable,0.0346,persistent,2026-07-16,insufficient_data,0.0,
CEG,Constellation Energy Corporation,Utilities,92867502080.0,25.59668,19.69638,2.9123654,0.67,1.455,76.419,0.15055001,0.0405072577686946,0.110810004,0.23,-0.468,-6625124864.0,117215510528.0,7952000000.0,4198000000.0,25533000000.0,24700000256.0,697000000.0,89.999,57249000000.0,12119000000.0,,7944000000.0,2319000000.0,4237000000.0,0.1838013551090745,,312290080.0,0.0708347504062275,0.2541581805838425,1.52555387713998,1.5740578439964945,0.1570682457335499,0.1589388958168008,0.445999056752083,0.4453009862827344,312838000.0,511000000.0,262.11,[],{},-0.0713395398348588,14.740381102615697,27.921750959504525,0.0358143728683176,0.0390675665750402,,0.0851434945745867,1.0,20,20,0.2612903225806451,1.0,22.0,0.3165954545454545,0.3165954545454545,0.0454545454545454,0.0,1.0,0.0454545454545454,22.0,1,5,risk,0.3690583333333334,True,0.83335,0.1839,avoid,1,1,deteriorating,0.0278,new,2026-09-22,neutral,0.625,42.456926104954626
VTR,"Ventas, Inc.",Real Estate,44641722368.0,158.23636,110.16455,3.0473757,2.4,0.295,84.928,0.02012,0.009110666174494,0.04093,0.217,-0.067,1486853504.0,57923997696.0,2380859904.0,857524000.0,5833980000.0,12918999040.0,198956000.0,28.559,27591945000.0,1326092000.0,,1387956000.0,251381000.0,1646726000.0,0.4137936708730575,,474926000.0,0.0030989915341659,0.4258902748145612,0.9554279818668604,1.0908555811197955,0.4791114943147357,0.5247108612220168,0.2114377946172334,0.1880430624373876,437081000.0,612246000.0,87.03,[],{},0.0333063651026557,24.32902397939665,67.54796098534851,0.0148042958723343,0.0063196600326246,,0.0327249412293677,1.0,20,20,0.1749033023170954,2.0,22.0,0.2529318181818181,0.2529318181818181,0.0909090909090909,0.0,1.0,0.0909090909090909,22.0,2,5,"garp,risk",0.3429233333333333,True,0.6,0.1831,avoid,1,29,stable,0.0716,persistent,2026-07-16,insufficient_data,0.0,
WAT,Waters Corporation,Healthcare,41622949888.0,107.05051,25.619627,2.7403424,,1.861,36.045,0.019199999,0.1265877416749564,0.03588,1.134,,-142067632.0,46587338752.0,1452048000.0,802588000.0,3165286000.0,5477000192.0,539000000.0,154.696,5076550000.0,2147645000.0,,1239499000.0,642629000.0,652555000.0,0.5928260511056505,,59549000.0,0.1400664720304713,0.5943056131601444,1.7326718295053083,2.113446144261913,0.2937199476022101,0.3738293006162991,0.6235112428716353,0.649653091542329,59388000.0,69548000.0,423.92,[],{},-0.0034132043111379,32.08388341983185,58.046393357488526,0.0172275992039906,0.0093413847351124,,0.2091679260974117,0.95,19,20,0.174707862943157,1.0,22.0,0.2344318181818182,0.2344318181818182,0.0454545454545454,0.0,1.0,0.0454545454545454,22.0,1,5,risk,0.2750366666666667,True,0.83335,0.1772,avoid,1,24,stable,0.0334,persistent,2026-07-16,insufficient_data,0.0,
GE,GE Aerospace,Industrials,330992812032.0,37.574795,35.099438,18.76419,0.6,0.982,113.225,0.48231998,0.0668669191589395,0.17716,0.211,0.194,6594625024.0,341504819200.0,11482999808.0,8680000000.0,45855000000.0,20230000640.0,9944999936.0,17.001,130169000000.0,40595000000.0,,38981000000.0,8704000000.0,8537000000.0,0.3148620652055392,,1048766702.0,0.053240214390125,0.3091571495013178,1.0414047869474872,1.094295184926727,0.1574491622429303,0.156512912132532,0.3522728145718258,0.3142926750040604,1073692183.0,843000000.0,319.01,[],{},0.0199237711040155,29.74003526169875,39.3438731797235,0.0254169180403765,0.0266135849842959,,0.0951879633285081,1.0,20,20,0.2376189719365427,3.0,22.0,0.3310181818181817,0.3310181818181817,0.1363636363636363,0.0,1.0,0.1363636363636363,22.0,3,5,"dividend,garp,risk",0.4319466666666667,True,0.8,0.1659,avoid,1,24,stable,0.1211,persistent,2026-07-16,insufficient_data,0.0,
CVNA,Carvana Co.,Consumer Cyclical,74466590720.0,35.544975,29.698332,11.992146,,3.926,110.88,0.58773,0.1065828346337398,0.06257,0.524,0.615,424375008.0,52038983680.0,2510000128.0,1881000000.0,20322000000.0,5696999936.0,3132000000.0,5.602,13201000000.0,6549000000.0,,1519000000.0,1407000000.0,1036000000.0,0.206278909556146,,711150000.0,0.0247524752475247,0.2103415490382505,4.311389071757735,3.6390134529147984,0.4182258919778804,0.7126355492692127,1.5394288311491553,1.6116218764733616,666355000.0,505000000.0,67.18,[],{},0.0056988644692447,20.73266176343398,27.665594726209463,0.0361459787832658,0.0281333718760528,,0.1610169491525423,0.95,19,20,0.2369572248066427,1.0,22.0,0.2583863636363636,0.2583863636363636,0.0454545454545454,0.0,0.8,0.0454545454545454,22.0,1,5,garp,0.3089783333333333,False,0.56665,0.1564,avoid,1,29,stable,0.0374,persistent,2026-07-16,insufficient_data,0.0,
TRGP,Targa Resources Corp.,Energy,62047756288.0,27.663479,23.954454,19.809679,1.71,0.771,515.794,0.70839995,0.0762538463978682,0.13545,0.042,0.233,65837500.0,81632657408.0,5497699840.0,3331200000.0,17028300000.0,19577999360.0,132300000.0,14.607,25218400000.0,2362700000.0,,3546800000.0,1923000000.0,3917400000.0,0.2939342153943729,,214662156.0,0.0577106637166195,0.2597747459023899,0.666149768805684,0.7237912122549328,0.6948101386289376,0.6274715075591293,0.6752331630872697,0.7205695409099107,217763821.0,852800000.0,289.36,[],{},0.0010610778525884,14.848511156258397,24.505480730067244,0.0408071978270983,0.0361487432582142,,0.1537126931098765,1.0,20,20,0.2214285714285714,3.0,22.0,0.3615454545454545,0.3615454545454545,0.1363636363636363,0.0,0.8576,0.1363636363636363,22.0,3,5,"cheapness,dividend,garp",0.4545983333333333,False,0.53335,0.1452,avoid,1,15,stable,0.11,persistent,2026-08-16,neutral,0.5,52.695665545906756
TECH,Bio-Techne Corporation,Healthcare,11364618240.0,62.47414,31.422216,5.3657637,0.44,4.547,13.712,0.09032,0.0703058615408048,0.14968,0.013,,229653120.0,11388225536.0,334105984.0,272611000.0,1215039000.0,289087008.0,265479008.0,13.506,2586726000.0,744401000.0,,163700000.0,181862000.0,292073000.0,0.6576504951692909,,156095113.0,0.0286957731986169,0.6479577906504815,4.547348808796579,3.459217851679566,0.1117578746260717,0.1736047364445702,0.4697207976414974,0.4768170210503435,154972196.0,9630000.0,72.47,[],{},0.0202077285087932,34.08566766646119,41.77463688552553,0.0239379698916423,0.0160066229002912,,0.1125084914482964,1.0,20,20,0.1678929647350699,3.0,22.0,0.3505681818181818,0.3505681818181818,0.1363636363636363,0.0,1.0,0.1363636363636363,22.0,2,5,"quality,risk",0.40528,True,1.0,0.1439,avoid,1,15,stable,0.0624,persistent,2026-08-16,neutral,0.375,63.35022351531658
MNST,Monster Beverage Corporation,Consumer Defensive,86198280192.0,40.740738,33.60985,9.205021,,3.729,0.992,0.25704,0.1907540786339298,0.23079,0.202,0.18,1681231104.0,82871951360.0,2933317120.0,2419354000.0,8294343000.0,92932000.0,3419256064.0,4.78,9988945000.0,5361084000.0,,1447780000.0,1905432000.0,2098177000.0,0.5584764218214752,,1956226000.0,0.1954956083548201,0.54037571724726,3.702968683087209,3.317941648390597,,0.0484449654615978,0.8303522544172582,0.9706727050303476,1946158000.0,,44.0,[],{},0.0195042302497821,28.2519577562756,34.253751770100614,0.0291938823727005,0.0245454561966943,,0.2832580801330966,0.95,19,20,0.2017156862745097,3.0,22.0,0.3633181818181818,0.3633181818181818,0.1363636363636363,0.0,1.0,0.1363636363636363,22.0,3,5,"cheapness,quality,risk",0.4115483333333333,True,0.9,0.1413,avoid,1,29,stable,0.0978,persistent,2026-07-16,insufficient_data,0.0,
WMT,Walmart Inc.,Consumer Defensive,852401717248.0,38.927536,33.263676,9.068197,0.93,0.767,71.653,0.22313999,0.0769071339244312,0.03,0.059,-0.091,7127625216.0,922525696000.0,44073000960.0,29825000000.0,713163000000.0,75092000768.0,11528999936.0,11.848,284668000000.0,84874000000.0,,107469000000.0,21893000000.0,41565000000.0,0.2492669978672477,,7969000000.0,0.0745179681239767,0.2485106133027893,0.7897533242144247,0.8226828460200447,0.2356956173507384,0.2304781403480521,2.505244706113789,2.610908547175671,8024000000.0,2799000000.0,107.44,[],{},0.0083618147075204,20.931764933303967,30.931289052808047,0.0323297227701286,0.0256887566682874,,0.168313590934486,1.0,20,20,0.1716666666666666,1.0,22.0,0.3100590909090908,0.3100590909090908,0.0454545454545454,0.0,0.8,0.0454545454545454,22.0,1,5,garp,0.3956449999999999,False,0.73335,0.1296,avoid,1,29,stable,0.0301,persistent,2026-07-16,insufficient_data,0.0,
ILMN,"Illumina, Inc.",Healthcare,36061822976.0,44.473,39.119335,12.706572,,1.796,89.042,0.32339,0.1279349789283564,0.18336001,0.094,-0.094,797625024.0,37420818432.0,1155000064.0,817000000.0,4343000000.0,2527000064.0,1168000000.0,18.795,6644000000.0,3289000000.0,,1585000000.0,850000000.0,1079000000.0,0.6608335252129864,,153000000.0,-0.1940345867047437,0.654391582799634,2.0750788643533125,1.7750484809308338,0.3842564720048164,0.415992384578772,0.6536724864539434,0.6936379501824528,159000000.0,101000000.0,238.82,[],{},0.0221182668588562,32.39897520213471,45.802715339045285,0.0218327667387774,0.0224855530321768,,0.161494366475588,0.95,19,20,0.2119429590017825,3.0,22.0,0.2785727272727272,0.2785727272727272,0.1363636363636363,0.0,1.0,0.1363636363636363,22.0,2,5,"quality,risk",0.35344,True,0.9,0.1271,avoid,1,2,stable,0.0483,building,2026-09-21,insufficient_data,0.0,
ISRG,"Intuitive Surgical, Inc.",Healthcare,143902375936.0,46.00802,33.217358,7.823639,,4.963,,0.17423001,0.1395983126982652,0.28445998,0.185,0.265,2615200000.0,136807227392.0,4180800000.0,2945500000.0,10064700000.0,0.0,5216200192.0,51.338,20458700000.0,9779500000.0,,2006200000.0,2856000000.0,3030500000.0,0.6599600584220096,,355100000.0,0.1239169405437705,0.6745848349516887,4.874638620277141,4.074371168280525,,,0.4919520790666074,0.445606940116949,356600000.0,,401.65,[],{},0.0181734316962431,32.72273904324531,46.446181426582925,0.0215302952640076,0.021735340925343,,0.1596260669286004,0.9,18,20,0.1888492770845712,2.0,22.0,0.2695818181818181,0.2695818181818181,0.0909090909090909,0.0,1.0,0.0909090909090909,22.0,2,5,"quality,risk",0.3325483333333333,True,0.8,0.1265,avoid,1,29,stable,0.0568,persistent,2026-07-16,insufficient_data,0.0,
DDOG,"Datadog, Inc.",Technology,87991328768.0,480.4902,82.41213,20.142199,,3.205,29.259,0.04696,0.016216666134846,0.044770002,0.356,14.985,1051412352.0,84283695104.0,82897000.0,-44373000.0,3427158000.0,1277800960.0,4985438208.0,12.166,6643844000.0,5382280000.0,,1591401000.0,107741000.0,1050135000.0,0.7995549081775629,,352525971.0,0.0317606280288847,0.8079440444812845,3.382101682731128,2.636538747515049,0.1925097880082675,0.3184221356777882,0.5158396253735037,0.463978861048592,342118782.0,11059000.0,245.05,[],{},0.0119490450561575,1016.727928682582,-1899.4364839880109,-0.0005264719344025,0.0020812078997656,,-0.0087824840379198,0.95,19,20,0.1233495768252569,3.0,22.0,0.2567,0.2567,0.1363636363636363,0.0,1.0,0.1363636363636363,22.0,2,5,"garp,risk",0.3740716666666667,True,0.9,0.1217,avoid,1,29,stable,0.0466,persistent,2026-07-16,insufficient_data,0.0,
LITE,Lumentum Holdings Inc.,Technology,85617754112.0,,24.040293,18.210592,,1.678,35.987,-2.40027,-0.9490386589120766,-2.3009598,1.093,,224700000.0,84550549504.0,800700032.0,536200000.0,3014000000.0,1671200000.0,2738400000.0,52.414,7307500000.0,4161900000.0,,2480500000.0,-6935100000.0,751400000.0,0.4166887856668879,,88600000.0,0.0061393320217128,0.2795744680851064,1.6778472082241485,4.3719450101833,0.2286965446459117,0.6182473273757318,0.4124529592884023,0.3899305473250053,69800000.0,21800000.0,954.49,[],{},0.0026244556672914,105.59578634311832,157.68472492353598,0.0063417683639611,,,0.1110834887093432,0.9,18,20,0.092156862745098,1.0,22.0,0.2220863636363636,0.2220863636363636,0.0454545454545454,0.0,1.0,0.0454545454545454,22.0,1,5,risk,0.248285,True,0.75,0.1059,avoid,1,29,stable,0.0178,persistent,2026-07-16,insufficient_data,0.0,
AXON,"Axon Enterprise, Inc.",Industrials,36724187136.0,186.80165,42.841694,9.99403,,2.149,50.363,0.06221,0.0178072037636031,0.06191,0.353,-0.182,222160000.0,37882257408.0,165106000.0,-62076000.0,2779536000.0,1850605952.0,692532992.0,45.233,7000313000.0,3713052000.0,,1470147000.0,124656000.0,211339000.0,,,80211537.0,0.084261165497248,,2.5256331509706174,1.3692801907174252,0.272796944936605,0.1612823348205466,0.3970588172271725,0.4654117876327385,76619331.0,94238000.0,452.06,[],{},0.0060494191247114,229.44203970782405,-610.2560958824666,-0.0016386563063396,0.0053532717724923,,-0.0112249795033277,0.95,19,20,0.0824033818844789,1.0,22.0,0.1667454545454545,0.1667454545454545,0.0454545454545454,0.0,1.0,0.0454545454545454,22.0,1,5,risk,0.24762,True,0.8,0.0866,avoid,1,29,stable,0.0161,persistent,2026-07-16,insufficient_data,0.0,
P,"Everpure, Inc.",Technology,37874610176.0,155.69862,32.018074,25.973494,,1.511,14.622,0.17714001,0.0402590014802346,0.05943,0.377,0.5,-114351752.0,37092024320.0,384104992.0,114816000.0,3662843000.0,225307008.0,1007891008.0,4.376,4674259000.0,3063492000.0,,1909990000.0,188181000.0,880085000.0,0.7038120388998382,,326102000.0,0.0269274878391258,0.698419968158214,1.60393091063304,1.6080257256155652,0.0463634984710945,0.0709276270944428,0.7836200347477535,0.7992458012755989,326102000.0,3375000.0,113.66,[],{},-0.0030192192465775,96.56741019392948,323.056231884058,0.0030954363398842,0.006422664504027,,0.0415357550223947,0.95,19,20,0.1091793962922327,2.0,22.0,0.2494,0.2494,0.0909090909090909,0.0,1.0,0.0909090909090909,22.0,2,5,"quality,risk",0.32904,True,0.83335,0.0795,avoid,1,2,stable,0.0269,building,2026-09-21,insufficient_data,0.0,
IBKR,"Interactive Brokers Group, Inc.",Financial Services,158812651520.0,36.988094,29.253181,7.1136384,0.39,1.093,205.748,0.24018998,0.0048415666207439,0.16474001,0.263,0.353,,-26502584320.0,,8789000000.0,10222000000.0,45779001344.0,130858999808.0,13.103,203240000000.0,178091000000.0,,157277000000.0,984000000.0,15811000000.0,0.8976716885149677,,445414116.0,0.0050285729509397,0.8904036066981537,1.1323397572435894,1.1557724522238555,9.348553434363316e-05,9.324506134192964e-05,0.0502952174768746,0.0620479279615297,435618852.0,4219000000.0,93.21,[],{},,,-3.0154265923313237,-0.3316280364918013,0.0270357266854572,,0.1912190239975632,0.9,18,20,0.1751379207809606,3.0,22.0,0.3783545454545454,0.3783545454545454,0.1363636363636363,0.0,1.0,0.1363636363636363,22.0,3,5,"cheapness,dividend,garp",0.40876,False,0.63335,0.0728,avoid,1,3,stable,0.0586,building,2026-09-20,neutral,0.5,54.14755204994769
TSLA,"Tesla, Inc.",Consumer Cyclical,1482265198592.0,344.3119,170.80518,17.062967,,1.941,18.373,0.046669997,0.0275314572660116,0.03671,0.255,-0.03,4835999744.0,1455482077184.0,10755000320.0,4849000000.0,94827000000.0,16080000000.0,43524001792.0,21.995,137806000000.0,68642000000.0,,31714000000.0,3794000000.0,14747000000.0,0.1802651143661615,,3751000000.0,0.0584091095273203,0.1786262667622069,2.1644068865485275,2.024912390270983,0.1068095728778137,0.1115999016957483,0.6881195303542661,0.8002785287130335,3216000000.0,338000000.0,375.3,[],{},0.0032625738960839,135.33073304306512,300.1612862825325,0.0033315422264639,0.0029043434165359,,0.0457056139954002,0.95,19,20,0.0754298929324095,2.0,22.0,0.2070181818181818,0.2070181818181818,0.0909090909090909,0.0,1.0,0.0909090909090909,22.0,1,5,risk,0.3047966666666666,True,1.0,0.0668,avoid,1,29,stable,0.0135,persistent,2026-07-16,insufficient_data,0.0,
CRWD,"CrowdStrike Holdings, Inc.",Technology,255318163456.0,4987.0,155.27023,50.04014,,1.57,15.958,0.01461,-0.014657403421979,0.00834,0.258,,1995385472.0,251162279936.0,106861000.0,-293292000.0,4812005000.0,820179008.0,5013847040.0,4.983,11086684000.0,7419119000.0,,4184192000.0,-162502000.0,1612349000.0,0.7466899972049074,,1013452000.0,-0.0017515213907178,0.7495533212060631,1.773130630716755,1.766326692766646,0.0739695476122526,0.0906618316815639,0.4340346491340422,0.4543571292471319,991488000.0,28021000.0,249.35,[],{},0.0078152899307685,2350.364304432861,-856.3557135414536,-0.0011677390413669,0.0002005213555243,,-0.0424907410251254,0.95,19,20,0.0591551717131935,1.0,22.0,0.1504227272727273,0.1504227272727273,0.0454545454545454,0.0,0.8,0.0454545454545454,22.0,1,5,risk,0.201635,True,0.65,0.059,avoid,1,29,stable,0.0112,persistent,2026-07-16,insufficient_data,0.0,
HOOD,"Robinhood Markets, Inc.",Financial Services,110856847360.0,54.55752,36.429714,11.692745,,1.116,240.279,0.23618999,0.0493746230694601,0.42011002,0.323,0.476,,109937844224.0,,2094000000.0,4473000000.0,22925000704.0,23904999424.0,10.545,38137000000.0,36305000000.0,,28771000000.0,1883000000.0,1638000000.0,0.833445115135256,,901328432.0,0.0538816970252415,0.7943070145713318,1.261860901602308,1.386599646486964,0.3048483100401185,0.2849887348684461,0.1172876733880483,0.1126895024248673,884492983.0,,123.3,[],{},,,52.501358273161415,0.0190471262628494,0.0183292788968413,,0.2235746316463805,0.85,17,20,0.1711706026284031,0.0,22.0,0.2692181818181818,0.2692181818181818,0.0,0.0,1.0,0.0,22.0,0,5,,0.3101933333333333,False,0.73335,0.0417,avoid,1,24,stable,0.0,persistent,2026-07-16,insufficient_data,0.0,
BE,Bloom Energy Corporation,Industrials,80373571584.0,354.40262,55.36743,49.661514,,4.087,171.578,0.22213,-0.0201136713329577,0.07868,1.655,,531637504.0,80500408320.0,418480000.0,72802000.0,2023994000.0,2815023104.0,2716858880.0,5.495,4396711000.0,3730567000.0,,623832000.0,-88434000.0,113949000.0,0.2902182516351333,,280045459.0,-0.0109985346325705,0.2745505666767988,5.980082778696828,3.210210158333308,0.6804977629869237,0.5756756533002377,0.4603427425637027,0.5546329168037077,229142474.0,53888000.0,272.89,[],{},0.0066145810559678,192.36381265532404,1105.7444619653306,0.0009043680835829,0.0028216495690692,,0.0192961396323603,0.95,19,20,0.0807755494560535,0.0,22.0,0.1305181818181818,0.1305181818181818,0.0,0.0,0.5,0.0,22.0,0,5,,0.16767,False,0.45,0.0258,avoid,1,2,stable,0.0,building,2026-09-21,insufficient_data,0.0,
