ticker,model_id,model_name,passed,score,reasons,failed_criteria,details
A17U.SI,graham_defensive,Graham Defensive,False,0.75,"['P/E < 15: P/E=14.2', 'P/B < 1.5 or P/E×P/B < 22.5: P/B=1.00', 'Dividend payer: yield=331.00%']",['current ratio < 2'],
A17U.SI,graham_enterprising,Graham Enterprising,False,0.6,"['P/E < 25: P/E=14.2', 'P/B < 3: P/B=1.00', 'Debt/equity < 100%: D/E=72%']","['ROE <= 8%', 'negative earnings growth']",
A17U.SI,graham_net_net,Graham Net-Net,False,0.0,[],['missing NCAV (balance sheet data)'],
A17U.SI,schloss,Schloss Low P/B,False,0.5,['P/B < 1.2: P/B=1.00'],['too much leverage'],
A17U.SI,deep_value,Deep Value,False,0.5,['P/B=1.00'],['EV/EBITDA not below 8'],
A17U.SI,earnings_yield,Earnings Yield,False,0.5874,['E/P=7.0% (P/E=14.2)'],['earnings yield 7.0% below 8%'],
A17U.SI,fcf_yield,FCF Yield,True,0.56,['FCF yield=5.6%'],[],
A17U.SI,low_pe_high_yield,Low P/E + High Yield,False,0.5,['yield=331.0%'],['P/E not below 12.0'],
A17U.SI,lynch_peg,Lynch PEG,False,0.2,[],['missing or negative earnings growth'],
A17U.SI,neff_pegy,Neff PEGY,True,0.9554,"['PEGY=0.04', 'growth=-13.0%', 'yield=331.0%']",[],
A17U.SI,quality_value,Quality Value,False,0.8,"['Profit margin >= 5%: margin=47.3%', 'Debt/equity < 80%: D/E=72%', 'P/E < 20: P/E=14.2', 'FCF yield >= 3%: FCF yield=5.6%']",['ROE below 12%'],
A17U.SI,buffett_quality,Buffett Quality,False,0.5,"['margin >= 8%: margin=47.3%', 'P/E < 25.0: P/E=14.2']","['ROE too low', 'too much debt']",
A17U.SI,economic_moat,Economic Moat,False,0.25,['wide margin=47.3%'],"['ROE below 18%', 'ROA below 8%', 'leverage too high']",
A17U.SI,high_dividend,High Dividend Yield,False,0.2667,"['yield=331.0%', 'universe rank 27%']",['not in top quartile for yield'],
A17U.SI,dividend_growth,Dividend Growth,True,0.6667,"['dividend payer: yield=331.0%', 'reasonable P/E: P/E=14.2']",['earnings not growing'],
A17U.SI,magic_formula,Magic Formula,True,0.5385,['ROIC rank 62%'],[],
A17U.SI,acquirers_multiple,Acquirer's Multiple,False,0.5,"['EV/EBIT=20.2', 'universe rank 50%']","['EV/EBIT 20.2 above 12.0', 'not in top 40% cheapest on EV/EBIT']",
A17U.SI,dreman_contrarian,Dreman Contrarian,False,0.5,['low P/B rank 63%'],"['P/E not in bottom quartile', 'dividend yield below median']",
A17U.SI,piotroski_f,Piotroski F-Score,False,0.4444,"['F-Score=4/9', 'positive net income', 'positive operating cash flow', 'OCF > net income', 'gross margin improving']","['F-Score 4/9 below 7', 'ROA improving', 'leverage declining', 'current ratio improving', 'no share dilution', 'asset turnover improving']","{'f_score': 4, 'max_score': 9, 'components': [{'name': 'positive net income', 'passed': True}, {'name': 'positive operating cash flow', 'passed': True}, {'name': 'ROA improving', 'passed': False}, {'name': 'OCF > net income', 'passed': True}, {'name': 'leverage declining', 'passed': False}, {'name': 'current ratio improving', 'passed': False}, {'name': 'no share dilution', 'passed': False}, {'name': 'gross margin improving', 'passed': True}, {'name': 'asset turnover improving', 'passed': False}]}"
A17U.SI,composite_value,Composite Value,False,0.4069,[],['missing ev_ebitda'],
A17U.SI,earnings_quality,Earnings Quality,True,1.0,"['FCF/NI=0.81', 'OCF/NI=1.37', 'ratio=-1.46%']",[],
A17U.SI,financial_health,Financial Health,False,0.8,"['D/E=72%', 'leverage=40.0%', 'insufficient data — skipped', 'coverage=3.6x']",['weak liquidity'],
C38U.SI,graham_defensive,Graham Defensive,True,1.0,"['P/E < 15: P/E=14.1', 'P/B < 1.5 or P/E×P/B < 22.5: P/B=1.05', 'Current ratio >= 2: CR=2.14', 'Dividend payer: yield=479.00%']",[],
C38U.SI,graham_enterprising,Graham Enterprising,False,0.8,"['P/E < 25: P/E=14.1', 'P/B < 3: P/B=1.05', 'Debt/equity < 100%: D/E=59%', 'Positive earnings growth: growth=65.4%']",['ROE <= 8%'],
C38U.SI,graham_net_net,Graham Net-Net,False,0.0,[],['missing NCAV (balance sheet data)'],
C38U.SI,schloss,Schloss Low P/B,False,0.5,['P/B < 1.2: P/B=1.05'],['too much leverage'],
C38U.SI,deep_value,Deep Value,False,0.0,[],"['P/B not below 1.0', 'EV/EBITDA not below 8']",
C38U.SI,earnings_yield,Earnings Yield,False,0.59,['E/P=7.1% (P/E=14.1)'],['earnings yield 7.1% below 8%'],
C38U.SI,fcf_yield,FCF Yield,False,0.0,['FCF yield=-10.7%'],['FCF yield -10.7% below 5%'],
C38U.SI,low_pe_high_yield,Low P/E + High Yield,False,0.5,['yield=479.0%'],['P/E not below 12.0'],
C38U.SI,lynch_peg,Lynch PEG,True,0.784,"['PEG=0.22', 'growth=65.4%']",[],
C38U.SI,neff_pegy,Neff PEGY,True,0.9741,"['PEGY=0.03', 'growth=65.4%', 'yield=479.0%']",[],
C38U.SI,quality_value,Quality Value,False,0.6,"['Profit margin >= 5%: margin=73.7%', 'Debt/equity < 80%: D/E=59%', 'P/E < 20: P/E=14.1']","['ROE below 12%', 'FCF yield below 3%']",
C38U.SI,buffett_quality,Buffett Quality,False,0.75,"['D/E < 60.0%: D/E=59%', 'margin >= 8%: margin=73.7%', 'P/E < 25.0: P/E=14.1']",['ROE too low'],
C38U.SI,economic_moat,Economic Moat,False,0.25,['wide margin=73.7%'],"['ROE below 18%', 'ROA below 8%', 'leverage too high']",
C38U.SI,high_dividend,High Dividend Yield,False,0.6333,"['yield=479.0%', 'universe rank 63%']",['not in top quartile for yield'],
C38U.SI,dividend_growth,Dividend Growth,True,1.0,"['dividend payer: yield=479.0%', 'earnings growth: growth=65.4%', 'reasonable P/E: P/E=14.1']",[],
C38U.SI,magic_formula,Magic Formula,False,0.2692,[],['below top half on combined Magic Formula rank'],
C38U.SI,acquirers_multiple,Acquirer's Multiple,False,0.3462,"['EV/EBIT=26.0', 'universe rank 35%']","['EV/EBIT 26.0 above 12.0', 'not in top 40% cheapest on EV/EBIT']",
C38U.SI,dreman_contrarian,Dreman Contrarian,False,0.6222,['dividend rank 63%'],"['P/E not in bottom quartile', 'P/B not cheap vs universe']",
C38U.SI,piotroski_f,Piotroski F-Score,False,0.5556,"['F-Score=5/9', 'positive net income', 'positive operating cash flow', 'OCF > net income', 'current ratio improving', 'gross margin improving']","['F-Score 5/9 below 7', 'ROA improving', 'leverage declining', 'no share dilution', 'asset turnover improving']","{'f_score': 5, 'max_score': 9, 'components': [{'name': 'positive net income', 'passed': True}, {'name': 'positive operating cash flow', 'passed': True}, {'name': 'ROA improving', 'passed': False}, {'name': 'OCF > net income', 'passed': True}, {'name': 'leverage declining', 'passed': False}, {'name': 'current ratio improving', 'passed': True}, {'name': 'no share dilution', 'passed': False}, {'name': 'gross margin improving', 'passed': True}, {'name': 'asset turnover improving', 'passed': False}]}"
C38U.SI,composite_value,Composite Value,False,0.3833,[],[],
C38U.SI,earnings_quality,Earnings Quality,False,0.6667,"['OCF/NI=1.17', 'ratio=-0.58%']",['weak free-cash conversion'],
C38U.SI,financial_health,Financial Health,False,0.6,"['D/E=59%', 'leverage=36.5%', 'coverage=3.8x']","['weak liquidity', 'high net debt/EBITDA']",
9CI.SI,graham_defensive,Graham Defensive,False,0.5,"['P/B < 1.5 or P/E×P/B < 22.5: P/B=1.03', 'Dividend payer: yield=458.00%']","['P/E >= 15', 'current ratio < 2']",
9CI.SI,graham_enterprising,Graham Enterprising,False,0.6,"['P/B < 3: P/B=1.03', 'Debt/equity < 100%: D/E=61%', 'Positive earnings growth: growth=14.0%']","['P/E >= 25', 'ROE <= 8%']",
9CI.SI,graham_net_net,Graham Net-Net,False,0.0,[],['missing NCAV (balance sheet data)'],
9CI.SI,schloss,Schloss Low P/B,False,0.5,['P/B < 1.2: P/B=1.03'],['too much leverage'],
9CI.SI,deep_value,Deep Value,False,0.0,[],"['P/B not below 1.0', 'EV/EBITDA not below 8']",
9CI.SI,earnings_yield,Earnings Yield,False,0.1287,['E/P=1.5% (P/E=64.8)'],['earnings yield 1.5% below 8%'],
9CI.SI,fcf_yield,FCF Yield,False,0.2961,['FCF yield=3.0%'],['FCF yield 3.0% below 5%'],
9CI.SI,low_pe_high_yield,Low P/E + High Yield,False,0.5,['yield=458.0%'],['P/E not below 12.0'],
9CI.SI,lynch_peg,Lynch PEG,False,0.0,"['PEG=4.62', 'growth=14.0%']",['PEG 4.62 >= 1.0'],
9CI.SI,neff_pegy,Neff PEGY,True,0.8628,"['PEGY=0.14', 'growth=14.0%', 'yield=458.0%']",[],
9CI.SI,quality_value,Quality Value,False,0.4,"['Profit margin >= 5%: margin=8.8%', 'Debt/equity < 80%: D/E=61%']","['ROE below 12%', 'P/E >= 20', 'FCF yield below 3%']",
9CI.SI,buffett_quality,Buffett Quality,False,0.25,['margin >= 8%: margin=8.8%'],"['ROE too low', 'too much debt', 'P/E too high']",
9CI.SI,economic_moat,Economic Moat,False,0.0,[],"['ROE below 18%', 'ROA below 8%', 'margins below 12%', 'leverage too high']",
9CI.SI,high_dividend,High Dividend Yield,False,0.6,"['yield=458.0%', 'universe rank 60%']",['not in top quartile for yield'],
9CI.SI,dividend_growth,Dividend Growth,True,0.6667,"['dividend payer: yield=458.0%', 'earnings growth: growth=14.0%']",['P/E out of range'],
9CI.SI,magic_formula,Magic Formula,False,0.1154,[],['below top half on combined Magic Formula rank'],
9CI.SI,acquirers_multiple,Acquirer's Multiple,False,0.1923,"['EV/EBIT=36.2', 'universe rank 19%']","['EV/EBIT 36.2 above 12.0', 'not in top 40% cheapest on EV/EBIT']",
9CI.SI,dreman_contrarian,Dreman Contrarian,False,0.4111,"['low P/B rank 60%', 'dividend rank 60%']",['P/E not in bottom quartile'],
9CI.SI,piotroski_f,Piotroski F-Score,False,0.6667,"['F-Score=6/9', 'positive net income', 'positive operating cash flow', 'OCF > net income', 'current ratio improving', 'no share dilution', 'gross margin improving']","['F-Score 6/9 below 7', 'ROA improving', 'leverage declining', 'asset turnover improving']","{'f_score': 6, 'max_score': 9, 'components': [{'name': 'positive net income', 'passed': True}, {'name': 'positive operating cash flow', 'passed': True}, {'name': 'ROA improving', 'passed': False}, {'name': 'OCF > net income', 'passed': True}, {'name': 'leverage declining', 'passed': False}, {'name': 'current ratio improving', 'passed': True}, {'name': 'no share dilution', 'passed': True}, {'name': 'gross margin improving', 'passed': True}, {'name': 'asset turnover improving', 'passed': False}]}"
9CI.SI,composite_value,Composite Value,False,0.2542,[],[],
9CI.SI,earnings_quality,Earnings Quality,True,1.0,"['FCF/NI=2.64', 'OCF/NI=3.39', 'ratio=-1.43%']",[],
9CI.SI,financial_health,Financial Health,False,0.6,"['D/E=61%', 'leverage=35.0%', 'CR=1.43']","['high net debt/EBITDA', 'weak interest coverage']",
C09.SI,graham_defensive,Graham Defensive,True,1.0,"['P/E < 15: P/E=8.1', 'P/B < 1.5 or P/E×P/B < 22.5: P/B=0.71', 'Current ratio >= 2: CR=2.26', 'Dividend payer: yield=417.00%']",[],
C09.SI,graham_enterprising,Graham Enterprising,True,0.8,"['P/E < 25: P/E=8.1', 'P/B < 3: P/B=0.71', 'ROE > 8%: ROE=8.5%', 'Positive earnings growth: growth=236.7%']",['excessive leverage'],
C09.SI,graham_net_net,Graham Net-Net,False,0.0,[],['missing NCAV (balance sheet data)'],
C09.SI,schloss,Schloss Low P/B,False,0.5,['P/B < 1.2: P/B=0.71'],['too much leverage'],
C09.SI,deep_value,Deep Value,False,0.5,['P/B=0.71'],['EV/EBITDA not below 8'],
C09.SI,earnings_yield,Earnings Yield,True,1.0,['E/P=12.3% (P/E=8.1)'],[],
C09.SI,fcf_yield,FCF Yield,False,0.0,['FCF yield=-22.4%'],['FCF yield -22.4% below 5%'],
C09.SI,low_pe_high_yield,Low P/E + High Yield,True,1.0,"['P/E=8.1', 'yield=417.0%']",[],
C09.SI,lynch_peg,Lynch PEG,True,0.9656,"['PEG=0.03', 'growth=236.7%']",[],
C09.SI,neff_pegy,Neff PEGY,True,0.9875,"['PEGY=0.01', 'growth=236.7%', 'yield=417.0%']",[],
C09.SI,quality_value,Quality Value,False,0.4,"['Profit margin >= 5%: margin=18.2%', 'P/E < 20: P/E=8.1']","['ROE below 12%', 'high leverage', 'FCF yield below 3%']",
C09.SI,buffett_quality,Buffett Quality,False,0.5,"['margin >= 8%: margin=18.2%', 'P/E < 25.0: P/E=8.1']","['ROE too low', 'too much debt']",
C09.SI,economic_moat,Economic Moat,False,0.25,['wide margin=18.2%'],"['ROE below 18%', 'ROA below 8%', 'leverage too high']",
C09.SI,high_dividend,High Dividend Yield,False,0.5,"['yield=417.0%', 'universe rank 50%']",['not in top quartile for yield'],
C09.SI,dividend_growth,Dividend Growth,True,1.0,"['dividend payer: yield=417.0%', 'earnings growth: growth=236.7%', 'reasonable P/E: P/E=8.1']",[],
C09.SI,magic_formula,Magic Formula,False,0.0385,[],['below top half on combined Magic Formula rank'],
C09.SI,acquirers_multiple,Acquirer's Multiple,False,0.0769,"['EV/EBIT=68.3', 'universe rank 8%']","['EV/EBIT 68.3 above 12.0', 'not in top 40% cheapest on EV/EBIT']",
C09.SI,dreman_contrarian,Dreman Contrarian,True,0.7778,"['low P/E rank 97%', 'low P/B rank 87%', 'dividend rank 50%']",[],
C09.SI,piotroski_f,Piotroski F-Score,False,0.6667,"['F-Score=6/9', 'positive net income', 'ROA improving', 'leverage declining', 'current ratio improving', 'no share dilution', 'asset turnover improving']","['F-Score 6/9 below 7', 'positive operating cash flow', 'OCF > net income', 'gross margin improving']","{'f_score': 6, 'max_score': 9, 'components': [{'name': 'positive net income', 'passed': True}, {'name': 'positive operating cash flow', 'passed': False}, {'name': 'ROA improving', 'passed': True}, {'name': 'OCF > net income', 'passed': False}, {'name': 'leverage declining', 'passed': True}, {'name': 'current ratio improving', 'passed': True}, {'name': 'no share dilution', 'passed': True}, {'name': 'gross margin improving', 'passed': False}, {'name': 'asset turnover improving', 'passed': True}]}"
C09.SI,composite_value,Composite Value,False,0.5125,"['top-tier on trailing_pe (percentile 92%)', 'top-tier on price_to_book (percentile 75%)']",[],
C09.SI,earnings_quality,Earnings Quality,False,0.3333,['ratio=7.92%'],"['weak free-cash conversion', 'operating cash below earnings']",
C09.SI,financial_health,Financial Health,False,0.4,"['leverage=52.0%', 'CR=2.23']","['high debt to equity', 'high net debt/EBITDA', 'weak interest coverage']",
D05.SI,graham_defensive,Graham Defensive,False,0.25,['Dividend payer: yield=406.00%'],"['P/E >= 15', 'valuation too rich on P/B or P/E×P/B', 'current ratio < 2']",
D05.SI,graham_enterprising,Graham Enterprising,False,0.4,"['P/E < 25: P/E=19.9', 'ROE > 8%: ROE=16.2%']","['P/B >= 3', 'excessive leverage', 'negative earnings growth']",
D05.SI,graham_net_net,Graham Net-Net,False,0.0,[],['missing NCAV (balance sheet data)'],
D05.SI,schloss,Schloss Low P/B,False,0.0,[],"['P/B too high', 'too much leverage']",
D05.SI,deep_value,Deep Value,False,0.0,[],"['P/B not below 1.0', 'EV/EBITDA not below 8']",
D05.SI,earnings_yield,Earnings Yield,False,0.4179,['E/P=5.0% (P/E=19.9)'],['earnings yield 5.0% below 8%'],
D05.SI,fcf_yield,FCF Yield,False,1.0,['FCF yield=nan%'],['FCF yield nan% below 5%'],
D05.SI,low_pe_high_yield,Low P/E + High Yield,False,0.5,['yield=406.0%'],['P/E not below 12.0'],
D05.SI,lynch_peg,Lynch PEG,False,0.0,"['PEG=nan', 'growth=nan%']",[],
D05.SI,neff_pegy,Neff PEGY,False,0.0,"['PEGY=nan', 'growth=nan%', 'yield=406.0%']",['PEGY nan >= 1.0'],
D05.SI,quality_value,Quality Value,False,0.6,"['ROE >= 12%: ROE=16.2%', 'Profit margin >= 5%: margin=49.5%', 'P/E < 20: P/E=19.9']","['high leverage', 'FCF yield below 3%']",
D05.SI,buffett_quality,Buffett Quality,True,0.75,"['ROE >= 15%: ROE=16.2%', 'margin >= 8%: margin=49.5%', 'P/E < 25.0: P/E=19.9']",['too much debt'],
D05.SI,economic_moat,Economic Moat,False,0.25,['wide margin=49.5%'],"['ROE below 18%', 'ROA below 8%', 'leverage too high']",
D05.SI,high_dividend,High Dividend Yield,False,0.4333,"['yield=406.0%', 'universe rank 43%']",['not in top quartile for yield'],
D05.SI,dividend_growth,Dividend Growth,True,0.6667,"['dividend payer: yield=406.0%', 'reasonable P/E: P/E=19.9']",['earnings not growing'],
D05.SI,magic_formula,Magic Formula,False,0.0,[],['missing EBIT/EV or ROIC inputs'],
D05.SI,acquirers_multiple,Acquirer's Multiple,False,0.0,[],['could not rank EV/EBIT'],
D05.SI,dreman_contrarian,Dreman Contrarian,False,0.3222,[],"['P/E not in bottom quartile', 'P/B not cheap vs universe', 'dividend yield below median']",
D05.SI,piotroski_f,Piotroski F-Score,False,0.4444,"['F-Score=4/9', 'positive net income', 'positive operating cash flow', 'OCF > net income', 'no share dilution']","['F-Score 4/9 below 7', 'ROA improving', 'leverage declining', 'current ratio improving', 'gross margin improving', 'asset turnover improving']","{'f_score': 4, 'max_score': 9, 'components': [{'name': 'positive net income', 'passed': True}, {'name': 'positive operating cash flow', 'passed': True}, {'name': 'ROA improving', 'passed': False}, {'name': 'OCF > net income', 'passed': True}, {'name': 'leverage declining', 'passed': False}, {'name': 'current ratio improving', 'passed': False}, {'name': 'no share dilution', 'passed': True}, {'name': 'gross margin improving', 'passed': False}, {'name': 'asset turnover improving', 'passed': False}]}"
D05.SI,composite_value,Composite Value,False,0.5,[],"['missing fcf_yield', 'missing ev_ebitda']",
D05.SI,earnings_quality,Earnings Quality,False,0.6667,"['OCF/NI=1.01', 'ratio=-0.01%']",['weak free-cash conversion'],
D05.SI,financial_health,Financial Health,False,0.4,"['leverage=8.4%', 'insufficient data — skipped']","['high debt to equity', 'weak liquidity', 'weak interest coverage']",
D01.SI,graham_defensive,Graham Defensive,False,0.5,"['P/E < 15: P/E=10.9', 'Dividend payer: yield=515.00%']","['valuation too rich on P/B or P/E×P/B', 'current ratio < 2']",
D01.SI,graham_enterprising,Graham Enterprising,False,0.4,"['P/E < 25: P/E=10.9', 'ROE > 8%: ROE=91.5%']","['P/B >= 3', 'excessive leverage', 'negative earnings growth']",
D01.SI,graham_net_net,Graham Net-Net,False,0.0,[],['missing NCAV (balance sheet data)'],
D01.SI,schloss,Schloss Low P/B,False,0.0,[],"['P/B too high', 'too much leverage']",
D01.SI,deep_value,Deep Value,False,0.0,[],"['P/B not below 1.0', 'EV/EBITDA not below 8']",
D01.SI,earnings_yield,Earnings Yield,True,0.7648,['E/P=9.2% (P/E=10.9)'],[],
D01.SI,fcf_yield,FCF Yield,True,1.0,['FCF yield=17.3%'],[],
D01.SI,low_pe_high_yield,Low P/E + High Yield,True,1.0,"['P/E=10.9', 'yield=515.0%']",[],
D01.SI,lynch_peg,Lynch PEG,False,0.0,"['PEG=nan', 'growth=nan%']",[],
D01.SI,neff_pegy,Neff PEGY,False,0.0,"['PEGY=nan', 'growth=nan%', 'yield=515.0%']",['PEGY nan >= 1.0'],
D01.SI,quality_value,Quality Value,False,0.6,"['ROE >= 12%: ROE=91.5%', 'P/E < 20: P/E=10.9', 'FCF yield >= 3%: FCF yield=17.3%']","['thin margins', 'high leverage']",
D01.SI,buffett_quality,Buffett Quality,False,0.5,"['ROE >= 15%: ROE=91.5%', 'P/E < 25.0: P/E=10.9']","['too much debt', 'thin margins']",
D01.SI,economic_moat,Economic Moat,False,0.25,['high ROE=91.5%'],"['ROA below 8%', 'margins below 12%', 'leverage too high']",
D01.SI,high_dividend,High Dividend Yield,False,0.7,"['yield=515.0%', 'universe rank 70%']",['not in top quartile for yield'],
D01.SI,dividend_growth,Dividend Growth,True,0.6667,"['dividend payer: yield=515.0%', 'reasonable P/E: P/E=10.9']",['earnings not growing'],
D01.SI,magic_formula,Magic Formula,True,0.7692,"['earnings yield rank 65%', 'ROIC rank 88%']",[],
D01.SI,acquirers_multiple,Acquirer's Multiple,False,0.6923,"['EV/EBIT=17.8', 'universe rank 69%']",['EV/EBIT 17.8 above 12.0'],
D01.SI,dreman_contrarian,Dreman Contrarian,True,0.5333,"['low P/E rank 87%', 'dividend rank 70%']",['P/B not cheap vs universe'],
D01.SI,piotroski_f,Piotroski F-Score,True,0.7778,"['F-Score=7/9', 'positive net income', 'positive operating cash flow', 'ROA improving', 'OCF > net income', 'no share dilution', 'gross margin improving', 'asset turnover improving']","['leverage declining', 'current ratio improving']","{'f_score': 7, 'max_score': 9, 'components': [{'name': 'positive net income', 'passed': True}, {'name': 'positive operating cash flow', 'passed': True}, {'name': 'ROA improving', 'passed': True}, {'name': 'OCF > net income', 'passed': True}, {'name': 'leverage declining', 'passed': False}, {'name': 'current ratio improving', 'passed': False}, {'name': 'no share dilution', 'passed': True}, {'name': 'gross margin improving', 'passed': True}, {'name': 'asset turnover improving', 'passed': True}]}"
D01.SI,composite_value,Composite Value,False,0.4167,[],[],
D01.SI,earnings_quality,Earnings Quality,True,1.0,"['FCF/NI=2.74', 'OCF/NI=4.07', 'ratio=-17.82%']",[],
D01.SI,financial_health,Financial Health,False,0.4,"['leverage=51.0%', 'coverage=2.8x']","['high debt to equity', 'weak liquidity', 'high net debt/EBITDA']",
J69U.SI,graham_defensive,Graham Defensive,False,0.5,"['P/B < 1.5 or P/E×P/B < 22.5: P/B=0.92', 'Dividend payer: yield=587.00%']","['P/E >= 15', 'current ratio < 2']",
J69U.SI,graham_enterprising,Graham Enterprising,False,0.8,"['P/E < 25: P/E=18.9', 'P/B < 3: P/B=0.92', 'Debt/equity < 100%: D/E=56%', 'Positive earnings growth: growth=10.7%']",['ROE <= 8%'],
J69U.SI,graham_net_net,Graham Net-Net,False,0.0,[],['missing NCAV (balance sheet data)'],
J69U.SI,schloss,Schloss Low P/B,False,0.5,['P/B < 1.2: P/B=0.92'],['too much leverage'],
J69U.SI,deep_value,Deep Value,False,0.5,['P/B=0.92'],['EV/EBITDA not below 8'],
J69U.SI,earnings_yield,Earnings Yield,False,0.4407,['E/P=5.3% (P/E=18.9)'],['earnings yield 5.3% below 8%'],
J69U.SI,fcf_yield,FCF Yield,False,0.4036,['FCF yield=4.0%'],['FCF yield 4.0% below 5%'],
J69U.SI,low_pe_high_yield,Low P/E + High Yield,False,0.5,['yield=587.0%'],['P/E not below 12.0'],
J69U.SI,lynch_peg,Lynch PEG,False,0.0,"['PEG=1.77', 'growth=10.7%']",['PEG 1.77 >= 1.0'],
J69U.SI,neff_pegy,Neff PEGY,True,0.9684,"['PEGY=0.03', 'growth=10.7%', 'yield=587.0%']",[],
J69U.SI,quality_value,Quality Value,False,0.8,"['Profit margin >= 5%: margin=45.5%', 'Debt/equity < 80%: D/E=56%', 'P/E < 20: P/E=18.9', 'FCF yield >= 3%: FCF yield=4.0%']",['ROE below 12%'],
J69U.SI,buffett_quality,Buffett Quality,False,0.75,"['D/E < 60.0%: D/E=56%', 'margin >= 8%: margin=45.5%', 'P/E < 25.0: P/E=18.9']",['ROE too low'],
J69U.SI,economic_moat,Economic Moat,False,0.25,['wide margin=45.5%'],"['ROE below 18%', 'ROA below 8%', 'leverage too high']",
J69U.SI,high_dividend,High Dividend Yield,True,0.7667,"['yield=587.0%', 'universe rank 77%']",[],
J69U.SI,dividend_growth,Dividend Growth,True,1.0,"['dividend payer: yield=587.0%', 'earnings growth: growth=10.7%', 'reasonable P/E: P/E=18.9']",[],
J69U.SI,magic_formula,Magic Formula,False,0.0,[],['missing EBIT/EV or ROIC inputs'],
J69U.SI,acquirers_multiple,Acquirer's Multiple,False,0.0,[],['could not rank EV/EBIT'],
J69U.SI,dreman_contrarian,Dreman Contrarian,False,0.6333,"['low P/B rank 70%', 'dividend rank 77%']",['P/E not in bottom quartile'],
J69U.SI,piotroski_f,Piotroski F-Score,False,0.0,['F-Score=0/9'],"['F-Score 0/9 below 7', 'positive net income', 'positive operating cash flow', 'ROA improving', 'OCF > net income', 'leverage declining', 'current ratio improving', 'no share dilution', 'gross margin improving', 'asset turnover improving']","{'f_score': 0, 'max_score': 9, 'components': [{'name': 'positive net income', 'passed': False}, {'name': 'positive operating cash flow', 'passed': False}, {'name': 'ROA improving', 'passed': False}, {'name': 'OCF > net income', 'passed': False}, {'name': 'leverage declining', 'passed': False}, {'name': 'current ratio improving', 'passed': False}, {'name': 'no share dilution', 'passed': False}, {'name': 'gross margin improving', 'passed': False}, {'name': 'asset turnover improving', 'passed': False}]}"
J69U.SI,composite_value,Composite Value,False,0.4708,[],[],
J69U.SI,earnings_quality,Earnings Quality,False,0.5,['insufficient data — skipped'],['missing net income'],
J69U.SI,financial_health,Financial Health,False,0.4,"['D/E=56%', 'insufficient data — skipped']","['high leverage', 'weak liquidity', 'high net debt/EBITDA']",
BUOU.SI,graham_defensive,Graham Defensive,False,0.75,"['P/E < 15: P/E=14.6', 'P/B < 1.5 or P/E×P/B < 22.5: P/B=0.78', 'Dividend payer: yield=678.00%']",['current ratio < 2'],
BUOU.SI,graham_enterprising,Graham Enterprising,False,0.8,"['P/E < 25: P/E=14.6', 'P/B < 3: P/B=0.78', 'Debt/equity < 100%: D/E=57%', 'Positive earnings growth: growth=8.9%']",['ROE <= 8%'],
BUOU.SI,graham_net_net,Graham Net-Net,False,0.0,[],['missing NCAV (balance sheet data)'],
BUOU.SI,schloss,Schloss Low P/B,False,0.5,['P/B < 1.2: P/B=0.78'],['too much leverage'],
BUOU.SI,deep_value,Deep Value,False,0.5,['P/B=0.78'],['EV/EBITDA not below 8'],
BUOU.SI,earnings_yield,Earnings Yield,False,0.5714,['E/P=6.9% (P/E=14.6)'],['earnings yield 6.9% below 8%'],
BUOU.SI,fcf_yield,FCF Yield,True,0.6484,['FCF yield=6.5%'],[],
BUOU.SI,low_pe_high_yield,Low P/E + High Yield,False,0.5,['yield=678.0%'],['P/E not below 12.0'],
BUOU.SI,lynch_peg,Lynch PEG,False,0.0,"['PEG=1.64', 'growth=8.9%']",['PEG 1.64 >= 1.0'],
BUOU.SI,neff_pegy,Neff PEGY,True,0.9788,"['PEGY=0.02', 'growth=8.9%', 'yield=678.0%']",[],
BUOU.SI,quality_value,Quality Value,False,0.8,"['Profit margin >= 5%: margin=44.5%', 'Debt/equity < 80%: D/E=57%', 'P/E < 20: P/E=14.6', 'FCF yield >= 3%: FCF yield=6.5%']",['ROE below 12%'],
BUOU.SI,buffett_quality,Buffett Quality,False,0.75,"['D/E < 60.0%: D/E=57%', 'margin >= 8%: margin=44.5%', 'P/E < 25.0: P/E=14.6']",['ROE too low'],
BUOU.SI,economic_moat,Economic Moat,False,0.25,['wide margin=44.5%'],"['ROE below 18%', 'ROA below 8%', 'leverage too high']",
BUOU.SI,high_dividend,High Dividend Yield,True,0.9667,"['yield=678.0%', 'universe rank 97%']",[],
BUOU.SI,dividend_growth,Dividend Growth,True,1.0,"['dividend payer: yield=678.0%', 'earnings growth: growth=8.9%', 'reasonable P/E: P/E=14.6']",[],
BUOU.SI,magic_formula,Magic Formula,False,0.4423,['earnings yield rank 58%'],['below top half on combined Magic Formula rank'],
BUOU.SI,acquirers_multiple,Acquirer's Multiple,False,0.6154,"['EV/EBIT=19.5', 'universe rank 62%']",['EV/EBIT 19.5 above 12.0'],
BUOU.SI,dreman_contrarian,Dreman Contrarian,False,0.7889,"['low P/B rank 83%', 'dividend rank 97%']",['P/E not in bottom quartile'],
BUOU.SI,piotroski_f,Piotroski F-Score,True,0.7778,"['F-Score=7/9', 'positive net income', 'positive operating cash flow', 'ROA improving', 'OCF > net income', 'current ratio improving', 'no share dilution', 'asset turnover improving']","['leverage declining', 'gross margin improving']","{'f_score': 7, 'max_score': 9, 'components': [{'name': 'positive net income', 'passed': True}, {'name': 'positive operating cash flow', 'passed': True}, {'name': 'ROA improving', 'passed': True}, {'name': 'OCF > net income', 'passed': True}, {'name': 'leverage declining', 'passed': False}, {'name': 'current ratio improving', 'passed': True}, {'name': 'no share dilution', 'passed': True}, {'name': 'gross margin improving', 'passed': False}, {'name': 'asset turnover improving', 'passed': True}]}"
BUOU.SI,composite_value,Composite Value,True,0.6917,"['top-tier on dividend_yield (percentile 92%)', 'top-tier on ev_ebitda (percentile 78%)']",[],
BUOU.SI,earnings_quality,Earnings Quality,True,1.0,"['FCF/NI=1.05', 'OCF/NI=1.47', 'ratio=-1.32%']",[],
BUOU.SI,financial_health,Financial Health,False,0.6,"['D/E=57%', 'leverage=36.0%', 'coverage=3.0x']","['weak liquidity', 'high net debt/EBITDA']",
G13.SI,graham_defensive,Graham Defensive,False,0.75,"['P/B < 1.5 or P/E×P/B < 22.5: P/B=0.92', 'Current ratio >= 2: CR=4.58', 'Dividend payer: yield=650.00%']",['P/E >= 15'],
G13.SI,graham_enterprising,Graham Enterprising,False,0.6,"['P/E < 25: P/E=20.5', 'P/B < 3: P/B=0.92', 'Debt/equity < 100%: D/E=0%']","['ROE <= 8%', 'negative earnings growth']",
G13.SI,graham_net_net,Graham Net-Net,False,0.0,[],['missing NCAV (balance sheet data)'],
G13.SI,schloss,Schloss Low P/B,True,1.0,"['P/B < 1.2: P/B=0.92', 'D/E < 50.0%: D/E=0%']",[],
G13.SI,deep_value,Deep Value,True,1.0,"['P/B=0.92', 'EV/EBITDA=6.1']",[],
G13.SI,earnings_yield,Earnings Yield,False,0.4065,['E/P=4.9% (P/E=20.5)'],['earnings yield 4.9% below 8%'],
G13.SI,fcf_yield,FCF Yield,False,0.09,['FCF yield=0.9%'],['FCF yield 0.9% below 5%'],
G13.SI,low_pe_high_yield,Low P/E + High Yield,False,0.5,['yield=650.0%'],['P/E not below 12.0'],
G13.SI,lynch_peg,Lynch PEG,False,0.2,[],['missing or negative earnings growth'],
G13.SI,neff_pegy,Neff PEGY,True,0.9667,"['PEGY=0.03', 'growth=-33.5%', 'yield=650.0%']",[],
G13.SI,quality_value,Quality Value,False,0.4,"['Profit margin >= 5%: margin=12.8%', 'Debt/equity < 80%: D/E=0%']","['ROE below 12%', 'P/E >= 20', 'FCF yield below 3%']",
G13.SI,buffett_quality,Buffett Quality,False,0.75,"['D/E < 60.0%: D/E=0%', 'margin >= 8%: margin=12.8%', 'P/E < 25.0: P/E=20.5']",['ROE too low'],
G13.SI,economic_moat,Economic Moat,False,0.5,"['wide margin=12.8%', 'low leverage D/E=0%']","['ROE below 18%', 'ROA below 8%']",
G13.SI,high_dividend,High Dividend Yield,True,0.8,"['yield=650.0%', 'universe rank 80%']",[],
G13.SI,dividend_growth,Dividend Growth,True,0.6667,"['dividend payer: yield=650.0%', 'reasonable P/E: P/E=20.5']",['earnings not growing'],
G13.SI,magic_formula,Magic Formula,True,0.7115,"['earnings yield rank 85%', 'ROIC rank 58%']",[],
G13.SI,acquirers_multiple,Acquirer's Multiple,True,0.8846,"['EV/EBIT=9.8', 'universe rank 88%']",[],
G13.SI,dreman_contrarian,Dreman Contrarian,False,0.6111,"['low P/B rank 73%', 'dividend rank 80%']",['P/E not in bottom quartile'],
G13.SI,piotroski_f,Piotroski F-Score,False,0.5556,"['F-Score=5/9', 'positive net income', 'positive operating cash flow', 'OCF > net income', 'leverage declining', 'no share dilution']","['F-Score 5/9 below 7', 'ROA improving', 'current ratio improving', 'gross margin improving', 'asset turnover improving']","{'f_score': 5, 'max_score': 9, 'components': [{'name': 'positive net income', 'passed': True}, {'name': 'positive operating cash flow', 'passed': True}, {'name': 'ROA improving', 'passed': False}, {'name': 'OCF > net income', 'passed': True}, {'name': 'leverage declining', 'passed': True}, {'name': 'current ratio improving', 'passed': False}, {'name': 'no share dilution', 'passed': True}, {'name': 'gross margin improving', 'passed': False}, {'name': 'asset turnover improving', 'passed': False}]}"
G13.SI,composite_value,Composite Value,False,0.5668,"['top-tier on price_to_book (percentile 73%)', 'top-tier on dividend_yield (percentile 80%)', 'top-tier on ev_ebitda (percentile 88%)']",[],
G13.SI,earnings_quality,Earnings Quality,False,0.6667,"['OCF/NI=2.02', 'ratio=-4.35%']",['weak free-cash conversion'],
G13.SI,financial_health,Financial Health,True,1.0,"['D/E=0%', 'leverage=0.0%', 'CR=4.47', 'ratio=-4.0', 'coverage=3344.2x']",[],
H78.SI,graham_defensive,Graham Defensive,True,1.0,"['P/E < 15: P/E=7.6', 'P/B < 1.5 or P/E×P/B < 22.5: P/B=0.55', 'Current ratio >= 2: CR=2.02', 'Dividend payer: yield=337.00%']",[],
H78.SI,graham_enterprising,Graham Enterprising,False,0.8,"['P/E < 25: P/E=7.6', 'P/B < 3: P/B=0.55', 'Debt/equity < 100%: D/E=19%', 'Positive earnings growth: growth=484.0%']",['ROE <= 8%'],
H78.SI,graham_net_net,Graham Net-Net,False,0.0,[],['missing NCAV (balance sheet data)'],
H78.SI,schloss,Schloss Low P/B,True,1.0,"['P/B < 1.2: P/B=0.55', 'D/E < 50.0%: D/E=19%']",[],
H78.SI,deep_value,Deep Value,False,0.5,['P/B=0.55'],['EV/EBITDA not below 8'],
H78.SI,earnings_yield,Earnings Yield,True,1.0,['E/P=13.1% (P/E=7.6)'],[],
H78.SI,fcf_yield,FCF Yield,True,0.7734,['FCF yield=7.7%'],[],
H78.SI,low_pe_high_yield,Low P/E + High Yield,True,1.0,"['P/E=7.6', 'yield=337.0%']",[],
H78.SI,lynch_peg,Lynch PEG,True,0.9842,"['PEG=0.02', 'growth=484.0%']",[],
H78.SI,neff_pegy,Neff PEGY,True,0.9907,"['PEGY=0.01', 'growth=484.0%', 'yield=337.0%']",[],
H78.SI,quality_value,Quality Value,False,0.8,"['Profit margin >= 5%: margin=173.1%', 'Debt/equity < 80%: D/E=19%', 'P/E < 20: P/E=7.6', 'FCF yield >= 3%: FCF yield=7.7%']",['ROE below 12%'],
H78.SI,buffett_quality,Buffett Quality,False,0.75,"['D/E < 60.0%: D/E=19%', 'margin >= 8%: margin=173.1%', 'P/E < 25.0: P/E=7.6']",['ROE too low'],
H78.SI,economic_moat,Economic Moat,False,0.5,"['wide margin=173.1%', 'low leverage D/E=19%']","['ROE below 18%', 'ROA below 8%']",
H78.SI,high_dividend,High Dividend Yield,False,0.3,"['yield=337.0%', 'universe rank 30%']",['not in top quartile for yield'],
H78.SI,dividend_growth,Dividend Growth,True,1.0,"['dividend payer: yield=337.0%', 'earnings growth: growth=484.0%', 'reasonable P/E: P/E=7.6']",[],
H78.SI,magic_formula,Magic Formula,False,0.0385,[],['below top half on combined Magic Formula rank'],
H78.SI,acquirers_multiple,Acquirer's Multiple,False,0.1154,"['EV/EBIT=65.4', 'universe rank 12%']","['EV/EBIT 65.4 above 12.0', 'not in top 40% cheapest on EV/EBIT']",
H78.SI,dreman_contrarian,Dreman Contrarian,True,0.7667,"['low P/E rank 100%', 'low P/B rank 100%']",['dividend yield below median'],
H78.SI,piotroski_f,Piotroski F-Score,False,0.6667,"['F-Score=6/9', 'positive net income', 'positive operating cash flow', 'ROA improving', 'leverage declining', 'current ratio improving', 'no share dilution']","['F-Score 6/9 below 7', 'OCF > net income', 'gross margin improving', 'asset turnover improving']","{'f_score': 6, 'max_score': 9, 'components': [{'name': 'positive net income', 'passed': True}, {'name': 'positive operating cash flow', 'passed': True}, {'name': 'ROA improving', 'passed': True}, {'name': 'OCF > net income', 'passed': False}, {'name': 'leverage declining', 'passed': True}, {'name': 'current ratio improving', 'passed': True}, {'name': 'no share dilution', 'passed': True}, {'name': 'gross margin improving', 'passed': False}, {'name': 'asset turnover improving', 'passed': False}]}"
H78.SI,composite_value,Composite Value,True,0.65,"['top-tier on trailing_pe (percentile 100%)', 'top-tier on price_to_book (percentile 100%)', 'top-tier on fcf_yield (percentile 75%)']",[],
H78.SI,earnings_quality,Earnings Quality,False,0.6667,"['FCF/NI=1.06', 'ratio=1.70%']",['operating cash below earnings'],
H78.SI,financial_health,Financial Health,False,0.6,"['D/E=19%', 'leverage=15.3%', 'CR=3.70']","['high net debt/EBITDA', 'weak interest coverage']",
J36.SI,graham_defensive,Graham Defensive,False,0.75,"['P/E < 15: P/E=14.2', 'P/B < 1.5 or P/E×P/B < 22.5: P/B=0.55', 'Dividend payer: yield=440.00%']",['current ratio < 2'],
J36.SI,graham_enterprising,Graham Enterprising,False,0.8,"['P/E < 25: P/E=14.2', 'P/B < 3: P/B=0.55', 'Debt/equity < 100%: D/E=33%', 'Positive earnings growth: growth=1.4%']",['ROE <= 8%'],
J36.SI,graham_net_net,Graham Net-Net,False,0.0,[],['missing NCAV (balance sheet data)'],
J36.SI,schloss,Schloss Low P/B,True,1.0,"['P/B < 1.2: P/B=0.55', 'D/E < 50.0%: D/E=33%']",[],
J36.SI,deep_value,Deep Value,False,0.5,['P/B=0.55'],['EV/EBITDA not below 8'],
J36.SI,earnings_yield,Earnings Yield,False,0.5884,['E/P=7.1% (P/E=14.2)'],['earnings yield 7.1% below 8%'],
J36.SI,fcf_yield,FCF Yield,True,1.0,['FCF yield=23.8%'],[],
J36.SI,low_pe_high_yield,Low P/E + High Yield,False,0.5,['yield=440.0%'],['P/E not below 12.0'],
J36.SI,lynch_peg,Lynch PEG,False,0.0,"['PEG=10.12', 'growth=1.4%']","['growth 1.4% below 5% floor', 'PEG 10.12 >= 1.0']",
J36.SI,neff_pegy,Neff PEGY,True,0.9679,"['PEGY=0.03', 'growth=1.4%', 'yield=440.0%']",[],
J36.SI,quality_value,Quality Value,False,0.6,"['Debt/equity < 80%: D/E=33%', 'P/E < 20: P/E=14.2', 'FCF yield >= 3%: FCF yield=23.8%']","['ROE below 12%', 'thin margins']",
J36.SI,buffett_quality,Buffett Quality,False,0.5,"['D/E < 60.0%: D/E=33%', 'P/E < 25.0: P/E=14.2']","['ROE too low', 'thin margins']",
J36.SI,economic_moat,Economic Moat,False,0.25,['low leverage D/E=33%'],"['ROE below 18%', 'ROA below 8%', 'margins below 12%']",
J36.SI,high_dividend,High Dividend Yield,False,0.5667,"['yield=440.0%', 'universe rank 57%']",['not in top quartile for yield'],
J36.SI,dividend_growth,Dividend Growth,True,0.6667,"['dividend payer: yield=440.0%', 'reasonable P/E: P/E=14.2']",['earnings not growing'],
J36.SI,magic_formula,Magic Formula,True,0.6346,['earnings yield rank 81%'],[],
J36.SI,acquirers_multiple,Acquirer's Multiple,False,0.8462,"['EV/EBIT=14.1', 'universe rank 85%']",['EV/EBIT 14.1 above 12.0'],
J36.SI,dreman_contrarian,Dreman Contrarian,True,0.7222,"['low P/B rank 97%', 'dividend rank 57%']",['P/E not in bottom quartile'],
J36.SI,piotroski_f,Piotroski F-Score,False,0.6667,"['F-Score=6/9', 'positive net income', 'positive operating cash flow', 'ROA improving', 'OCF > net income', 'leverage declining', 'current ratio improving']","['F-Score 6/9 below 7', 'no share dilution', 'gross margin improving', 'asset turnover improving']","{'f_score': 6, 'max_score': 9, 'components': [{'name': 'positive net income', 'passed': True}, {'name': 'positive operating cash flow', 'passed': True}, {'name': 'ROA improving', 'passed': True}, {'name': 'OCF > net income', 'passed': True}, {'name': 'leverage declining', 'passed': True}, {'name': 'current ratio improving', 'passed': True}, {'name': 'no share dilution', 'passed': False}, {'name': 'gross margin improving', 'passed': False}, {'name': 'asset turnover improving', 'passed': False}]}"
J36.SI,composite_value,Composite Value,True,0.8083,"['top-tier on trailing_pe (percentile 83%)', 'top-tier on price_to_book (percentile 100%)', 'top-tier on fcf_yield (percentile 83%)']",[],
J36.SI,earnings_quality,Earnings Quality,True,1.0,"['FCF/NI=3.37', 'OCF/NI=4.79', 'ratio=-4.88%']",[],
J36.SI,financial_health,Financial Health,True,1.0,"['D/E=33%', 'leverage=21.1%', 'CR=1.53', 'ratio=2.4', 'coverage=5.3x']",[],
BN4.SI,graham_defensive,Graham Defensive,False,0.25,['Dividend payer: yield=296.00%'],"['P/E >= 15', 'valuation too rich on P/B or P/E×P/B', 'current ratio < 2']",
BN4.SI,graham_enterprising,Graham Enterprising,False,0.2,['P/B < 3: P/B=2.03'],"['P/E >= 25', 'excessive leverage', 'ROE <= 8%', 'negative earnings growth']",
BN4.SI,graham_net_net,Graham Net-Net,False,0.0,[],['missing NCAV (balance sheet data)'],
BN4.SI,schloss,Schloss Low P/B,False,0.0,[],"['P/B too high', 'too much leverage']",
BN4.SI,deep_value,Deep Value,False,0.0,[],"['P/B not below 1.0', 'EV/EBITDA not below 8']",
BN4.SI,earnings_yield,Earnings Yield,False,0.3152,['E/P=3.8% (P/E=26.4)'],['earnings yield 3.8% below 8%'],
BN4.SI,fcf_yield,FCF Yield,False,0.1715,['FCF yield=1.7%'],['FCF yield 1.7% below 5%'],
BN4.SI,low_pe_high_yield,Low P/E + High Yield,False,0.5,['yield=296.0%'],['P/E not below 12.0'],
BN4.SI,lynch_peg,Lynch PEG,False,0.2,[],['missing or negative earnings growth'],
BN4.SI,neff_pegy,Neff PEGY,True,0.8886,"['PEGY=0.11', 'growth=-58.7%', 'yield=296.0%']",[],
BN4.SI,quality_value,Quality Value,False,0.2,['Profit margin >= 5%: margin=8.6%'],"['ROE below 12%', 'high leverage', 'P/E >= 20', 'FCF yield below 3%']",
BN4.SI,buffett_quality,Buffett Quality,False,0.25,['margin >= 8%: margin=8.6%'],"['ROE too low', 'too much debt', 'P/E too high']",
BN4.SI,economic_moat,Economic Moat,False,0.0,[],"['ROE below 18%', 'ROA below 8%', 'margins below 12%', 'leverage too high']",
BN4.SI,high_dividend,High Dividend Yield,False,0.2,"['yield=296.0%', 'universe rank 20%']",['not in top quartile for yield'],
BN4.SI,dividend_growth,Dividend Growth,False,0.3333,['dividend payer: yield=296.0%'],"['earnings not growing', 'P/E out of range']",
BN4.SI,magic_formula,Magic Formula,False,0.4038,['ROIC rank 54%'],['below top half on combined Magic Formula rank'],
BN4.SI,acquirers_multiple,Acquirer's Multiple,False,0.3077,"['EV/EBIT=26.9', 'universe rank 31%']","['EV/EBIT 26.9 above 12.0', 'not in top 40% cheapest on EV/EBIT']",
BN4.SI,dreman_contrarian,Dreman Contrarian,False,0.2111,[],"['P/E not in bottom quartile', 'P/B not cheap vs universe', 'dividend yield below median']",
BN4.SI,piotroski_f,Piotroski F-Score,False,0.6667,"['F-Score=6/9', 'positive net income', 'positive operating cash flow', 'leverage declining', 'no share dilution', 'gross margin improving', 'asset turnover improving']","['F-Score 6/9 below 7', 'ROA improving', 'OCF > net income', 'current ratio improving']","{'f_score': 6, 'max_score': 9, 'components': [{'name': 'positive net income', 'passed': True}, {'name': 'positive operating cash flow', 'passed': True}, {'name': 'ROA improving', 'passed': False}, {'name': 'OCF > net income', 'passed': False}, {'name': 'leverage declining', 'passed': True}, {'name': 'current ratio improving', 'passed': False}, {'name': 'no share dilution', 'passed': True}, {'name': 'gross margin improving', 'passed': True}, {'name': 'asset turnover improving', 'passed': True}]}"
BN4.SI,composite_value,Composite Value,False,0.375,[],[],
BN4.SI,earnings_quality,Earnings Quality,False,0.6667,"['OCF/NI=0.83', 'ratio=0.51%']",['weak free-cash conversion'],
BN4.SI,financial_health,Financial Health,False,0.6,"['leverage=42.2%', 'CR=1.34', 'coverage=2.7x']","['high debt to equity', 'high net debt/EBITDA']",
AJBU.SI,graham_defensive,Graham Defensive,False,0.75,"['P/E < 15: P/E=11.2', 'P/B < 1.5 or P/E×P/B < 22.5: P/B=1.23', 'Dividend payer: yield=378.00%']",['current ratio < 2'],
AJBU.SI,graham_enterprising,Graham Enterprising,True,1.0,"['P/E < 25: P/E=11.2', 'P/B < 3: P/B=1.23', 'Debt/equity < 100%: D/E=54%', 'ROE > 8%: ROE=11.4%', 'Positive earnings growth: growth=6.7%']",[],
AJBU.SI,graham_net_net,Graham Net-Net,False,0.0,[],['missing NCAV (balance sheet data)'],
AJBU.SI,schloss,Schloss Low P/B,False,0.0,[],"['P/B too high', 'too much leverage']",
AJBU.SI,deep_value,Deep Value,False,0.0,[],"['P/B not below 1.0', 'EV/EBITDA not below 8']",
AJBU.SI,earnings_yield,Earnings Yield,True,0.7469,['E/P=9.0% (P/E=11.2)'],[],
AJBU.SI,fcf_yield,FCF Yield,False,0.2541,['FCF yield=2.5%'],['FCF yield 2.5% below 5%'],
AJBU.SI,low_pe_high_yield,Low P/E + High Yield,True,1.0,"['P/E=11.2', 'yield=378.0%']",[],
AJBU.SI,lynch_peg,Lynch PEG,False,0.0,"['PEG=1.67', 'growth=6.7%']",['PEG 1.67 >= 1.0'],
AJBU.SI,neff_pegy,Neff PEGY,True,0.971,"['PEGY=0.03', 'growth=6.7%', 'yield=378.0%']",[],
AJBU.SI,quality_value,Quality Value,False,0.6,"['Profit margin >= 5%: margin=94.2%', 'Debt/equity < 80%: D/E=54%', 'P/E < 20: P/E=11.2']","['ROE below 12%', 'FCF yield below 3%']",
AJBU.SI,buffett_quality,Buffett Quality,False,0.75,"['D/E < 60.0%: D/E=54%', 'margin >= 8%: margin=94.2%', 'P/E < 25.0: P/E=11.2']",['ROE too low'],
AJBU.SI,economic_moat,Economic Moat,False,0.25,['wide margin=94.2%'],"['ROE below 18%', 'ROA below 8%', 'leverage too high']",
AJBU.SI,high_dividend,High Dividend Yield,False,0.3333,"['yield=378.0%', 'universe rank 33%']",['not in top quartile for yield'],
AJBU.SI,dividend_growth,Dividend Growth,True,1.0,"['dividend payer: yield=378.0%', 'earnings growth: growth=6.7%', 'reasonable P/E: P/E=11.2']",[],
AJBU.SI,magic_formula,Magic Formula,False,0.4423,['ROIC rank 50%'],['below top half on combined Magic Formula rank'],
AJBU.SI,acquirers_multiple,Acquirer's Multiple,False,0.4231,"['EV/EBIT=21.8', 'universe rank 42%']","['EV/EBIT 21.8 above 12.0', 'not in top 40% cheapest on EV/EBIT']",
AJBU.SI,dreman_contrarian,Dreman Contrarian,False,0.5556,['low P/E rank 83%'],"['P/B not cheap vs universe', 'dividend yield below median']",
AJBU.SI,piotroski_f,Piotroski F-Score,False,0.6667,"['F-Score=6/9', 'positive net income', 'positive operating cash flow', 'ROA improving', 'current ratio improving', 'gross margin improving', 'asset turnover improving']","['F-Score 6/9 below 7', 'OCF > net income', 'leverage declining', 'no share dilution']","{'f_score': 6, 'max_score': 9, 'components': [{'name': 'positive net income', 'passed': True}, {'name': 'positive operating cash flow', 'passed': True}, {'name': 'ROA improving', 'passed': True}, {'name': 'OCF > net income', 'passed': False}, {'name': 'leverage declining', 'passed': False}, {'name': 'current ratio improving', 'passed': True}, {'name': 'no share dilution', 'passed': False}, {'name': 'gross margin improving', 'passed': True}, {'name': 'asset turnover improving', 'passed': True}]}"
AJBU.SI,composite_value,Composite Value,False,0.3627,['top-tier on trailing_pe (percentile 83%)'],['missing ev_ebitda'],
AJBU.SI,earnings_quality,Earnings Quality,False,0.3333,['ratio=2.40%'],"['weak free-cash conversion', 'operating cash below earnings']",
AJBU.SI,financial_health,Financial Health,True,1.0,"['D/E=54%', 'leverage=34.7%', 'CR=1.42', 'insufficient data — skipped', 'coverage=6.7x']",[],
ME8U.SI,graham_defensive,Graham Defensive,False,0.5,"['P/B < 1.5 or P/E×P/B < 22.5: P/B=1.14', 'Dividend payer: yield=675.00%']","['P/E >= 15', 'current ratio < 2']",
ME8U.SI,graham_enterprising,Graham Enterprising,False,0.4,"['P/B < 3: P/B=1.14', 'Debt/equity < 100%: D/E=54%']","['P/E >= 25', 'ROE <= 8%', 'negative earnings growth']",
ME8U.SI,graham_net_net,Graham Net-Net,False,0.0,[],['missing NCAV (balance sheet data)'],
ME8U.SI,schloss,Schloss Low P/B,False,0.5,['P/B < 1.2: P/B=1.14'],['too much leverage'],
ME8U.SI,deep_value,Deep Value,False,0.0,[],"['P/B not below 1.0', 'EV/EBITDA not below 8']",
ME8U.SI,earnings_yield,Earnings Yield,False,0.3153,['E/P=3.8% (P/E=26.4)'],['earnings yield 3.8% below 8%'],
ME8U.SI,fcf_yield,FCF Yield,True,1.0,['FCF yield=13.8%'],[],
ME8U.SI,low_pe_high_yield,Low P/E + High Yield,False,0.5,['yield=675.0%'],['P/E not below 12.0'],
ME8U.SI,lynch_peg,Lynch PEG,False,0.2,[],['missing or negative earnings growth'],
ME8U.SI,neff_pegy,Neff PEGY,True,0.9602,"['PEGY=0.04', 'growth=-11.6%', 'yield=675.0%']",[],
ME8U.SI,quality_value,Quality Value,False,0.6,"['Profit margin >= 5%: margin=32.1%', 'Debt/equity < 80%: D/E=54%', 'FCF yield >= 3%: FCF yield=13.8%']","['ROE below 12%', 'P/E >= 20']",
ME8U.SI,buffett_quality,Buffett Quality,False,0.5,"['D/E < 60.0%: D/E=54%', 'margin >= 8%: margin=32.1%']","['ROE too low', 'P/E too high']",
ME8U.SI,economic_moat,Economic Moat,False,0.25,['wide margin=32.1%'],"['ROE below 18%', 'ROA below 8%', 'leverage too high']",
ME8U.SI,high_dividend,High Dividend Yield,True,0.9333,"['yield=675.0%', 'universe rank 93%']",[],
ME8U.SI,dividend_growth,Dividend Growth,False,0.3333,['dividend payer: yield=675.0%'],"['earnings not growing', 'P/E out of range']",
ME8U.SI,magic_formula,Magic Formula,True,0.6538,"['earnings yield rank 62%', 'ROIC rank 69%']",[],
ME8U.SI,acquirers_multiple,Acquirer's Multiple,False,0.6538,"['EV/EBIT=17.9', 'universe rank 65%']",['EV/EBIT 17.9 above 12.0'],
ME8U.SI,dreman_contrarian,Dreman Contrarian,False,0.5444,['dividend rank 93%'],"['P/E not in bottom quartile', 'P/B not cheap vs universe']",
ME8U.SI,piotroski_f,Piotroski F-Score,True,0.7778,"['F-Score=7/9', 'positive net income', 'positive operating cash flow', 'OCF > net income', 'leverage declining', 'current ratio improving', 'no share dilution', 'asset turnover improving']","['ROA improving', 'gross margin improving']","{'f_score': 7, 'max_score': 9, 'components': [{'name': 'positive net income', 'passed': True}, {'name': 'positive operating cash flow', 'passed': True}, {'name': 'ROA improving', 'passed': False}, {'name': 'OCF > net income', 'passed': True}, {'name': 'leverage declining', 'passed': True}, {'name': 'current ratio improving', 'passed': True}, {'name': 'no share dilution', 'passed': True}, {'name': 'gross margin improving', 'passed': False}, {'name': 'asset turnover improving', 'passed': True}]}"
ME8U.SI,composite_value,Composite Value,False,0.5583,"['top-tier on dividend_yield (percentile 83%)', 'top-tier on fcf_yield (percentile 92%)', 'top-tier on ev_ebitda (percentile 89%)']",[],
ME8U.SI,earnings_quality,Earnings Quality,True,1.0,"['FCF/NI=3.30', 'OCF/NI=1.96', 'ratio=-2.67%']",[],
ME8U.SI,financial_health,Financial Health,False,0.6,"['D/E=54%', 'leverage=29.6%', 'coverage=3.7x']","['weak liquidity', 'high net debt/EBITDA']",
M44U.SI,graham_defensive,Graham Defensive,False,0.5,"['P/B < 1.5 or P/E×P/B < 22.5: P/B=0.86', 'Dividend payer: yield=667.00%']","['P/E >= 15', 'current ratio < 2']",
M44U.SI,graham_enterprising,Graham Enterprising,False,0.8,"['P/E < 25: P/E=21.8', 'P/B < 3: P/B=0.86', 'Debt/equity < 100%: D/E=79%', 'Positive earnings growth: growth=2.8%']",['ROE <= 8%'],
M44U.SI,graham_net_net,Graham Net-Net,False,0.0,[],['missing NCAV (balance sheet data)'],
M44U.SI,schloss,Schloss Low P/B,False,0.5,['P/B < 1.2: P/B=0.86'],['too much leverage'],
M44U.SI,deep_value,Deep Value,False,0.5,['P/B=0.86'],['EV/EBITDA not below 8'],
M44U.SI,earnings_yield,Earnings Yield,False,0.3823,['E/P=4.6% (P/E=21.8)'],['earnings yield 4.6% below 8%'],
M44U.SI,fcf_yield,FCF Yield,False,0.4761,['FCF yield=4.8%'],['FCF yield 4.8% below 5%'],
M44U.SI,low_pe_high_yield,Low P/E + High Yield,False,0.5,['yield=667.0%'],['P/E not below 12.0'],
M44U.SI,lynch_peg,Lynch PEG,False,0.0,"['PEG=7.79', 'growth=2.8%']","['growth 2.8% below 5% floor', 'PEG 7.79 >= 1.0']",
M44U.SI,neff_pegy,Neff PEGY,True,0.9675,"['PEGY=0.03', 'growth=2.8%', 'yield=667.0%']",[],
M44U.SI,quality_value,Quality Value,False,0.6,"['Profit margin >= 5%: margin=39.4%', 'Debt/equity < 80%: D/E=79%', 'FCF yield >= 3%: FCF yield=4.8%']","['ROE below 12%', 'P/E >= 20']",
M44U.SI,buffett_quality,Buffett Quality,False,0.5,"['margin >= 8%: margin=39.4%', 'P/E < 25.0: P/E=21.8']","['ROE too low', 'too much debt']",
M44U.SI,economic_moat,Economic Moat,False,0.25,['wide margin=39.4%'],"['ROE below 18%', 'ROA below 8%', 'leverage too high']",
M44U.SI,high_dividend,High Dividend Yield,True,0.9,"['yield=667.0%', 'universe rank 90%']",[],
M44U.SI,dividend_growth,Dividend Growth,True,0.6667,"['dividend payer: yield=667.0%', 'reasonable P/E: P/E=21.8']",['earnings not growing'],
M44U.SI,magic_formula,Magic Formula,False,0.2885,[],['below top half on combined Magic Formula rank'],
M44U.SI,acquirers_multiple,Acquirer's Multiple,False,0.4615,"['EV/EBIT=21.4', 'universe rank 46%']","['EV/EBIT 21.4 above 12.0', 'not in top 40% cheapest on EV/EBIT']",
M44U.SI,dreman_contrarian,Dreman Contrarian,False,0.6444,"['low P/B rank 77%', 'dividend rank 90%']",['P/E not in bottom quartile'],
M44U.SI,piotroski_f,Piotroski F-Score,True,0.7778,"['F-Score=7/9', 'positive net income', 'positive operating cash flow', 'ROA improving', 'OCF > net income', 'leverage declining', 'current ratio improving', 'no share dilution']","['gross margin improving', 'asset turnover improving']","{'f_score': 7, 'max_score': 9, 'components': [{'name': 'positive net income', 'passed': True}, {'name': 'positive operating cash flow', 'passed': True}, {'name': 'ROA improving', 'passed': True}, {'name': 'OCF > net income', 'passed': True}, {'name': 'leverage declining', 'passed': True}, {'name': 'current ratio improving', 'passed': True}, {'name': 'no share dilution', 'passed': True}, {'name': 'gross margin improving', 'passed': False}, {'name': 'asset turnover improving', 'passed': False}]}"
M44U.SI,composite_value,Composite Value,False,0.5098,['top-tier on dividend_yield (percentile 75%)'],['missing ev_ebitda'],
M44U.SI,earnings_quality,Earnings Quality,True,1.0,"['FCF/NI=0.96', 'OCF/NI=1.96', 'ratio=-1.94%']",[],
M44U.SI,financial_health,Financial Health,False,0.8,"['D/E=79%', 'leverage=40.7%', 'insufficient data — skipped', 'coverage=3.5x']",['weak liquidity'],
N2IU.SI,graham_defensive,Graham Defensive,False,0.5,"['P/B < 1.5 or P/E×P/B < 22.5: P/B=0.70', 'Dividend payer: yield=655.00%']","['P/E >= 15', 'current ratio < 2']",
N2IU.SI,graham_enterprising,Graham Enterprising,False,0.6,"['P/E < 25: P/E=24.2', 'P/B < 3: P/B=0.70', 'Debt/equity < 100%: D/E=62%']","['ROE <= 8%', 'negative earnings growth']",
N2IU.SI,graham_net_net,Graham Net-Net,False,0.0,[],['missing NCAV (balance sheet data)'],
N2IU.SI,schloss,Schloss Low P/B,False,0.5,['P/B < 1.2: P/B=0.70'],['too much leverage'],
N2IU.SI,deep_value,Deep Value,False,0.5,['P/B=0.70'],['EV/EBITDA not below 8'],
N2IU.SI,earnings_yield,Earnings Yield,False,0.3444,['E/P=4.1% (P/E=24.2)'],['earnings yield 4.1% below 8%'],
N2IU.SI,fcf_yield,FCF Yield,True,0.5601,['FCF yield=5.6%'],[],
N2IU.SI,low_pe_high_yield,Low P/E + High Yield,False,0.5,['yield=655.0%'],['P/E not below 12.0'],
N2IU.SI,lynch_peg,Lynch PEG,False,0.2,[],['missing or negative earnings growth'],
N2IU.SI,neff_pegy,Neff PEGY,True,0.9624,"['PEGY=0.04', 'growth=-11.4%', 'yield=655.0%']",[],
N2IU.SI,quality_value,Quality Value,False,0.6,"['Profit margin >= 5%: margin=29.4%', 'Debt/equity < 80%: D/E=62%', 'FCF yield >= 3%: FCF yield=5.6%']","['ROE below 12%', 'P/E >= 20']",
N2IU.SI,buffett_quality,Buffett Quality,False,0.5,"['margin >= 8%: margin=29.4%', 'P/E < 25.0: P/E=24.2']","['ROE too low', 'too much debt']",
N2IU.SI,economic_moat,Economic Moat,False,0.25,['wide margin=29.4%'],"['ROE below 18%', 'ROA below 8%', 'leverage too high']",
N2IU.SI,high_dividend,High Dividend Yield,True,0.8333,"['yield=655.0%', 'universe rank 83%']",[],
N2IU.SI,dividend_growth,Dividend Growth,True,0.6667,"['dividend payer: yield=655.0%', 'reasonable P/E: P/E=24.2']",['earnings not growing'],
N2IU.SI,magic_formula,Magic Formula,False,0.3846,['earnings yield rank 50%'],['below top half on combined Magic Formula rank'],
N2IU.SI,acquirers_multiple,Acquirer's Multiple,False,0.5385,"['EV/EBIT=19.8', 'universe rank 54%']","['EV/EBIT 19.8 above 12.0', 'not in top 40% cheapest on EV/EBIT']",
N2IU.SI,dreman_contrarian,Dreman Contrarian,False,0.6444,"['low P/B rank 90%', 'dividend rank 83%']",['P/E not in bottom quartile'],
N2IU.SI,piotroski_f,Piotroski F-Score,True,0.8889,"['F-Score=8/9', 'positive net income', 'positive operating cash flow', 'OCF > net income', 'leverage declining', 'current ratio improving', 'no share dilution', 'gross margin improving', 'asset turnover improving']",['ROA improving'],"{'f_score': 8, 'max_score': 9, 'components': [{'name': 'positive net income', 'passed': True}, {'name': 'positive operating cash flow', 'passed': True}, {'name': 'ROA improving', 'passed': False}, {'name': 'OCF > net income', 'passed': True}, {'name': 'leverage declining', 'passed': True}, {'name': 'current ratio improving', 'passed': True}, {'name': 'no share dilution', 'passed': True}, {'name': 'gross margin improving', 'passed': True}, {'name': 'asset turnover improving', 'passed': True}]}"
N2IU.SI,composite_value,Composite Value,False,0.5792,['top-tier on price_to_book (percentile 83%)'],[],
N2IU.SI,earnings_quality,Earnings Quality,True,1.0,"['FCF/NI=1.37', 'OCF/NI=2.24', 'ratio=-2.11%']",[],
N2IU.SI,financial_health,Financial Health,False,0.6,"['D/E=62%', 'leverage=36.0%', 'coverage=3.6x']","['weak liquidity', 'high net debt/EBITDA']",
O39.SI,graham_defensive,Graham Defensive,False,0.25,['Dividend payer: yield=292.00%'],"['P/E >= 15', 'valuation too rich on P/B or P/E×P/B', 'current ratio < 2']",
O39.SI,graham_enterprising,Graham Enterprising,True,0.8,"['P/E < 25: P/E=18.4', 'P/B < 3: P/B=2.33', 'ROE > 8%: ROE=12.7%', 'Positive earnings growth: growth=22.5%']",['excessive leverage'],
O39.SI,graham_net_net,Graham Net-Net,False,0.0,[],['missing NCAV (balance sheet data)'],
O39.SI,schloss,Schloss Low P/B,False,0.0,[],"['P/B too high', 'too much leverage']",
O39.SI,deep_value,Deep Value,False,0.0,[],"['P/B not below 1.0', 'EV/EBITDA not below 8']",
O39.SI,earnings_yield,Earnings Yield,False,0.4528,['E/P=5.4% (P/E=18.4)'],['earnings yield 5.4% below 8%'],
O39.SI,fcf_yield,FCF Yield,False,1.0,['FCF yield=nan%'],['FCF yield nan% below 5%'],
O39.SI,low_pe_high_yield,Low P/E + High Yield,False,0.5,['yield=292.0%'],['P/E not below 12.0'],
O39.SI,lynch_peg,Lynch PEG,True,0.1821,"['PEG=0.82', 'growth=22.5%']",[],
O39.SI,neff_pegy,Neff PEGY,True,0.9415,"['PEGY=0.06', 'growth=22.5%', 'yield=292.0%']",[],
O39.SI,quality_value,Quality Value,False,0.6,"['ROE >= 12%: ROE=12.7%', 'Profit margin >= 5%: margin=53.9%', 'P/E < 20: P/E=18.4']","['high leverage', 'FCF yield below 3%']",
O39.SI,buffett_quality,Buffett Quality,False,0.5,"['margin >= 8%: margin=53.9%', 'P/E < 25.0: P/E=18.4']","['ROE too low', 'too much debt']",
O39.SI,economic_moat,Economic Moat,False,0.25,['wide margin=53.9%'],"['ROE below 18%', 'ROA below 8%', 'leverage too high']",
O39.SI,high_dividend,High Dividend Yield,False,0.1667,"['yield=292.0%', 'universe rank 17%']",['not in top quartile for yield'],
O39.SI,dividend_growth,Dividend Growth,True,1.0,"['dividend payer: yield=292.0%', 'earnings growth: growth=22.5%', 'reasonable P/E: P/E=18.4']",[],
O39.SI,magic_formula,Magic Formula,False,0.0,[],['missing EBIT/EV or ROIC inputs'],
O39.SI,acquirers_multiple,Acquirer's Multiple,False,0.0,[],['could not rank EV/EBIT'],
O39.SI,dreman_contrarian,Dreman Contrarian,False,0.2889,[],"['P/E not in bottom quartile', 'P/B not cheap vs universe', 'dividend yield below median']",
O39.SI,piotroski_f,Piotroski F-Score,False,0.5556,"['F-Score=5/9', 'positive net income', 'positive operating cash flow', 'OCF > net income', 'leverage declining', 'no share dilution']","['F-Score 5/9 below 7', 'ROA improving', 'current ratio improving', 'gross margin improving', 'asset turnover improving']","{'f_score': 5, 'max_score': 9, 'components': [{'name': 'positive net income', 'passed': True}, {'name': 'positive operating cash flow', 'passed': True}, {'name': 'ROA improving', 'passed': False}, {'name': 'OCF > net income', 'passed': True}, {'name': 'leverage declining', 'passed': True}, {'name': 'current ratio improving', 'passed': False}, {'name': 'no share dilution', 'passed': True}, {'name': 'gross margin improving', 'passed': False}, {'name': 'asset turnover improving', 'passed': False}]}"
O39.SI,composite_value,Composite Value,False,0.5962,"['top-tier on trailing_pe (percentile 75%)', 'top-tier on price_to_book (percentile 75%)']","['missing fcf_yield', 'missing ev_ebitda']",
O39.SI,earnings_quality,Earnings Quality,False,0.6667,"['OCF/NI=1.23', 'ratio=-0.25%']",['weak free-cash conversion'],
O39.SI,financial_health,Financial Health,False,0.4,"['leverage=4.5%', 'insufficient data — skipped']","['high debt to equity', 'weak liquidity', 'weak interest coverage']",
S58.SI,graham_defensive,Graham Defensive,False,0.25,['Dividend payer: yield=181.00%'],"['P/E >= 15', 'valuation too rich on P/B or P/E×P/B', 'current ratio < 2']",
S58.SI,graham_enterprising,Graham Enterprising,True,0.8,"['P/E < 25: P/E=20.3', 'P/B < 3: P/B=2.07', 'ROE > 8%: ROE=10.7%', 'Positive earnings growth: growth=23.5%']",['excessive leverage'],
S58.SI,graham_net_net,Graham Net-Net,False,0.0,[],['missing NCAV (balance sheet data)'],
S58.SI,schloss,Schloss Low P/B,False,0.0,[],"['P/B too high', 'too much leverage']",
S58.SI,deep_value,Deep Value,False,0.0,[],"['P/B not below 1.0', 'EV/EBITDA not below 8']",
S58.SI,earnings_yield,Earnings Yield,False,0.4102,['E/P=4.9% (P/E=20.3)'],['earnings yield 4.9% below 8%'],
S58.SI,fcf_yield,FCF Yield,True,1.0,['FCF yield=10.8%'],[],
S58.SI,low_pe_high_yield,Low P/E + High Yield,False,0.5,['yield=181.0%'],['P/E not below 12.0'],
S58.SI,lynch_peg,Lynch PEG,True,0.1355,"['PEG=0.86', 'growth=23.5%']",[],
S58.SI,neff_pegy,Neff PEGY,True,0.9007,"['PEGY=0.10', 'growth=23.5%', 'yield=181.0%']",[],
S58.SI,quality_value,Quality Value,False,0.2,['FCF yield >= 3%: FCF yield=10.8%'],"['ROE below 12%', 'thin margins', 'high leverage', 'P/E >= 20']",
S58.SI,buffett_quality,Buffett Quality,False,0.25,['P/E < 25.0: P/E=20.3'],"['ROE too low', 'too much debt', 'thin margins']",
S58.SI,economic_moat,Economic Moat,False,0.0,[],"['ROE below 18%', 'ROA below 8%', 'margins below 12%', 'leverage too high']",
S58.SI,high_dividend,High Dividend Yield,False,0.0667,"['yield=181.0%', 'universe rank 7%']",['not in top quartile for yield'],
S58.SI,dividend_growth,Dividend Growth,True,1.0,"['dividend payer: yield=181.0%', 'earnings growth: growth=23.5%', 'reasonable P/E: P/E=20.3']",[],
S58.SI,magic_formula,Magic Formula,True,0.7115,"['earnings yield rank 69%', 'ROIC rank 73%']",[],
S58.SI,acquirers_multiple,Acquirer's Multiple,False,0.7308,"['EV/EBIT=17.1', 'universe rank 73%']",['EV/EBIT 17.1 above 12.0'],
S58.SI,dreman_contrarian,Dreman Contrarian,False,0.2222,[],"['P/E not in bottom quartile', 'P/B not cheap vs universe', 'dividend yield below median']",
S58.SI,piotroski_f,Piotroski F-Score,True,1.0,"['F-Score=9/9', 'positive net income', 'positive operating cash flow', 'ROA improving', 'OCF > net income', 'leverage declining', 'current ratio improving', 'no share dilution', 'gross margin improving', 'asset turnover improving']",[],"{'f_score': 9, 'max_score': 9, 'components': [{'name': 'positive net income', 'passed': True}, {'name': 'positive operating cash flow', 'passed': True}, {'name': 'ROA improving', 'passed': True}, {'name': 'OCF > net income', 'passed': True}, {'name': 'leverage declining', 'passed': True}, {'name': 'current ratio improving', 'passed': True}, {'name': 'no share dilution', 'passed': True}, {'name': 'gross margin improving', 'passed': True}, {'name': 'asset turnover improving', 'passed': True}]}"
S58.SI,composite_value,Composite Value,False,0.5083,[],[],
S58.SI,earnings_quality,Earnings Quality,True,1.0,"['FCF/NI=2.18', 'OCF/NI=3.61', 'ratio=-8.21%']",[],
S58.SI,financial_health,Financial Health,False,0.2,['leverage=45.6%'],"['high debt to equity', 'weak liquidity', 'high net debt/EBITDA', 'weak interest coverage']",
5E2.SI,graham_defensive,Graham Defensive,False,0.75,"['P/E < 15: P/E=12.9', 'P/B < 1.5 or P/E×P/B < 22.5: P/B=0.95', 'Dividend payer: yield=144.00%']",['current ratio < 2'],
5E2.SI,graham_enterprising,Graham Enterprising,False,0.8,"['P/E < 25: P/E=12.9', 'P/B < 3: P/B=0.95', 'Debt/equity < 100%: D/E=38%', 'Positive earnings growth: growth=157.2%']",['ROE <= 8%'],
5E2.SI,graham_net_net,Graham Net-Net,False,0.0,[],['missing NCAV (balance sheet data)'],
5E2.SI,schloss,Schloss Low P/B,True,1.0,"['P/B < 1.2: P/B=0.95', 'D/E < 50.0%: D/E=38%']",[],
5E2.SI,deep_value,Deep Value,False,0.5,['P/B=0.95'],['EV/EBITDA not below 8'],
5E2.SI,earnings_yield,Earnings Yield,False,0.6472,['E/P=7.8% (P/E=12.9)'],['earnings yield 7.8% below 8%'],
5E2.SI,fcf_yield,FCF Yield,False,0.0,['FCF yield=-4.0%'],['FCF yield -4.0% below 5%'],
5E2.SI,low_pe_high_yield,Low P/E + High Yield,False,0.5,['yield=144.0%'],['P/E not below 12.0'],
5E2.SI,lynch_peg,Lynch PEG,True,0.9181,"['PEG=0.08', 'growth=157.2%']",[],
5E2.SI,neff_pegy,Neff PEGY,True,0.9573,"['PEGY=0.04', 'growth=157.2%', 'yield=144.0%']",[],
5E2.SI,quality_value,Quality Value,False,0.4,"['Debt/equity < 80%: D/E=38%', 'P/E < 20: P/E=12.9']","['ROE below 12%', 'thin margins', 'FCF yield below 3%']",
5E2.SI,buffett_quality,Buffett Quality,False,0.5,"['D/E < 60.0%: D/E=38%', 'P/E < 25.0: P/E=12.9']","['ROE too low', 'thin margins']",
5E2.SI,economic_moat,Economic Moat,False,0.25,['low leverage D/E=38%'],"['ROE below 18%', 'ROA below 8%', 'margins below 12%']",
5E2.SI,high_dividend,High Dividend Yield,False,0.0,"['yield=144.0%', 'universe rank 0%']",['not in top quartile for yield'],
5E2.SI,dividend_growth,Dividend Growth,True,1.0,"['dividend payer: yield=144.0%', 'earnings growth: growth=157.2%', 'reasonable P/E: P/E=12.9']",[],
5E2.SI,magic_formula,Magic Formula,True,0.5385,['earnings yield rank 73%'],[],
5E2.SI,acquirers_multiple,Acquirer's Multiple,False,0.7692,"['EV/EBIT=16.7', 'universe rank 77%']",['EV/EBIT 16.7 above 12.0'],
5E2.SI,dreman_contrarian,Dreman Contrarian,False,0.4667,['low P/B rank 67%'],"['P/E not in bottom quartile', 'dividend yield below median']",
5E2.SI,piotroski_f,Piotroski F-Score,True,0.8889,"['F-Score=8/9', 'positive net income', 'positive operating cash flow', 'ROA improving', 'leverage declining', 'current ratio improving', 'no share dilution', 'gross margin improving', 'asset turnover improving']",['OCF > net income'],"{'f_score': 8, 'max_score': 9, 'components': [{'name': 'positive net income', 'passed': True}, {'name': 'positive operating cash flow', 'passed': True}, {'name': 'ROA improving', 'passed': True}, {'name': 'OCF > net income', 'passed': False}, {'name': 'leverage declining', 'passed': True}, {'name': 'current ratio improving', 'passed': True}, {'name': 'no share dilution', 'passed': True}, {'name': 'gross margin improving', 'passed': True}, {'name': 'asset turnover improving', 'passed': True}]}"
5E2.SI,composite_value,Composite Value,False,0.4801,"['top-tier on trailing_pe (percentile 73%)', 'top-tier on ev_ebitda (percentile 83%)']",[],
5E2.SI,earnings_quality,Earnings Quality,False,0.3333,['ratio=1.00%'],"['weak free-cash conversion', 'operating cash below earnings']",
5E2.SI,financial_health,Financial Health,True,1.0,"['D/E=38%', 'leverage=16.3%', 'CR=1.23', 'ratio=1.4', 'coverage=3.1x']",[],
U96.SI,graham_defensive,Graham Defensive,False,0.25,['Dividend payer: yield=379.00%'],"['P/E >= 15', 'valuation too rich on P/B or P/E×P/B', 'current ratio < 2']",
U96.SI,graham_enterprising,Graham Enterprising,False,0.6,"['P/E < 25: P/E=17.7', 'P/B < 3: P/B=1.90', 'ROE > 8%: ROE=11.2%']","['excessive leverage', 'negative earnings growth']",
U96.SI,graham_net_net,Graham Net-Net,False,0.0,[],['missing NCAV (balance sheet data)'],
U96.SI,schloss,Schloss Low P/B,False,0.0,[],"['P/B too high', 'too much leverage']",
U96.SI,deep_value,Deep Value,False,0.0,[],"['P/B not below 1.0', 'EV/EBITDA not below 8']",
U96.SI,earnings_yield,Earnings Yield,False,0.4717,['E/P=5.7% (P/E=17.7)'],['earnings yield 5.7% below 8%'],
U96.SI,fcf_yield,FCF Yield,False,0.0,['FCF yield=-6.1%'],['FCF yield -6.1% below 5%'],
U96.SI,low_pe_high_yield,Low P/E + High Yield,False,0.5,['yield=379.0%'],['P/E not below 12.0'],
U96.SI,lynch_peg,Lynch PEG,False,0.2,[],['missing or negative earnings growth'],
U96.SI,neff_pegy,Neff PEGY,True,0.9425,"['PEGY=0.06', 'growth=-71.9%', 'yield=379.0%']",[],
U96.SI,quality_value,Quality Value,False,0.4,"['Profit margin >= 5%: margin=9.0%', 'P/E < 20: P/E=17.7']","['ROE below 12%', 'high leverage', 'FCF yield below 3%']",
U96.SI,buffett_quality,Buffett Quality,False,0.5,"['margin >= 8%: margin=9.0%', 'P/E < 25.0: P/E=17.7']","['ROE too low', 'too much debt']",
U96.SI,economic_moat,Economic Moat,False,0.0,[],"['ROE below 18%', 'ROA below 8%', 'margins below 12%', 'leverage too high']",
U96.SI,high_dividend,High Dividend Yield,False,0.3667,"['yield=379.0%', 'universe rank 37%']",['not in top quartile for yield'],
U96.SI,dividend_growth,Dividend Growth,True,0.6667,"['dividend payer: yield=379.0%', 'reasonable P/E: P/E=17.7']",['earnings not growing'],
U96.SI,magic_formula,Magic Formula,False,0.4231,['ROIC rank 65%'],['below top half on combined Magic Formula rank'],
U96.SI,acquirers_multiple,Acquirer's Multiple,False,0.2308,"['EV/EBIT=28.4', 'universe rank 23%']","['EV/EBIT 28.4 above 12.0', 'not in top 40% cheapest on EV/EBIT']",
U96.SI,dreman_contrarian,Dreman Contrarian,False,0.4,[],"['P/E not in bottom quartile', 'P/B not cheap vs universe', 'dividend yield below median']",
U96.SI,piotroski_f,Piotroski F-Score,False,0.4444,"['F-Score=4/9', 'positive net income', 'positive operating cash flow', 'OCF > net income', 'no share dilution']","['F-Score 4/9 below 7', 'ROA improving', 'leverage declining', 'current ratio improving', 'gross margin improving', 'asset turnover improving']","{'f_score': 4, 'max_score': 9, 'components': [{'name': 'positive net income', 'passed': True}, {'name': 'positive operating cash flow', 'passed': True}, {'name': 'ROA improving', 'passed': False}, {'name': 'OCF > net income', 'passed': True}, {'name': 'leverage declining', 'passed': False}, {'name': 'current ratio improving', 'passed': False}, {'name': 'no share dilution', 'passed': True}, {'name': 'gross margin improving', 'passed': False}, {'name': 'asset turnover improving', 'passed': False}]}"
U96.SI,composite_value,Composite Value,False,0.3631,[],[],
U96.SI,earnings_quality,Earnings Quality,False,0.6667,"['OCF/NI=1.19', 'ratio=-1.01%']",['weak free-cash conversion'],
U96.SI,financial_health,Financial Health,False,0.2,['leverage=52.7%'],"['high debt to equity', 'weak liquidity', 'high net debt/EBITDA', 'weak interest coverage']",
C6L.SI,graham_defensive,Graham Defensive,False,0.5,"['P/B < 1.5 or P/E×P/B < 22.5: P/B=1.23', 'Dividend payer: yield=658.00%']","['P/E >= 15', 'current ratio < 2']",
C6L.SI,graham_enterprising,Graham Enterprising,False,0.6,"['P/E < 25: P/E=22.5', 'P/B < 3: P/B=1.23', 'Debt/equity < 100%: D/E=60%']","['ROE <= 8%', 'negative earnings growth']",
C6L.SI,graham_net_net,Graham Net-Net,False,0.0,[],['missing NCAV (balance sheet data)'],
C6L.SI,schloss,Schloss Low P/B,False,0.0,[],"['P/B too high', 'too much leverage']",
C6L.SI,deep_value,Deep Value,False,0.5,['EV/EBITDA=5.0'],['P/B not below 1.0'],
C6L.SI,earnings_yield,Earnings Yield,False,0.3709,['E/P=4.5% (P/E=22.5)'],['earnings yield 4.5% below 8%'],
C6L.SI,fcf_yield,FCF Yield,False,0.1538,['FCF yield=1.5%'],['FCF yield 1.5% below 5%'],
C6L.SI,low_pe_high_yield,Low P/E + High Yield,False,0.5,['yield=658.0%'],['P/E not below 12.0'],
C6L.SI,lynch_peg,Lynch PEG,False,0.2,[],['missing or negative earnings growth'],
C6L.SI,neff_pegy,Neff PEGY,True,0.9628,"['PEGY=0.04', 'growth=-53.5%', 'yield=658.0%']",[],
C6L.SI,quality_value,Quality Value,False,0.4,"['Profit margin >= 5%: margin=5.8%', 'Debt/equity < 80%: D/E=60%']","['ROE below 12%', 'P/E >= 20', 'FCF yield below 3%']",
C6L.SI,buffett_quality,Buffett Quality,False,0.25,['P/E < 25.0: P/E=22.5'],"['ROE too low', 'too much debt', 'thin margins']",
C6L.SI,economic_moat,Economic Moat,False,0.0,[],"['ROE below 18%', 'ROA below 8%', 'margins below 12%', 'leverage too high']",
C6L.SI,high_dividend,High Dividend Yield,True,0.8667,"['yield=658.0%', 'universe rank 87%']",[],
C6L.SI,dividend_growth,Dividend Growth,True,0.6667,"['dividend payer: yield=658.0%', 'reasonable P/E: P/E=22.5']",['earnings not growing'],
C6L.SI,magic_formula,Magic Formula,True,0.8269,"['earnings yield rank 88%', 'ROIC rank 77%']",[],
C6L.SI,acquirers_multiple,Acquirer's Multiple,True,0.9231,"['EV/EBIT=8.9', 'universe rank 92%']",[],
C6L.SI,dreman_contrarian,Dreman Contrarian,False,0.5222,['dividend rank 87%'],"['P/E not in bottom quartile', 'P/B not cheap vs universe']",
C6L.SI,piotroski_f,Piotroski F-Score,True,0.7778,"['F-Score=7/9', 'positive net income', 'positive operating cash flow', 'OCF > net income', 'leverage declining', 'current ratio improving', 'gross margin improving', 'asset turnover improving']","['ROA improving', 'no share dilution']","{'f_score': 7, 'max_score': 9, 'components': [{'name': 'positive net income', 'passed': True}, {'name': 'positive operating cash flow', 'passed': True}, {'name': 'ROA improving', 'passed': False}, {'name': 'OCF > net income', 'passed': True}, {'name': 'leverage declining', 'passed': True}, {'name': 'current ratio improving', 'passed': True}, {'name': 'no share dilution', 'passed': False}, {'name': 'gross margin improving', 'passed': True}, {'name': 'asset turnover improving', 'passed': True}]}"
C6L.SI,composite_value,Composite Value,False,0.6167,"['top-tier on price_to_book (percentile 83%)', 'top-tier on dividend_yield (percentile 83%)', 'top-tier on ev_ebitda (percentile 83%)']",[],
C6L.SI,earnings_quality,Earnings Quality,False,0.6667,"['OCF/NI=4.31', 'ratio=-9.03%']",['weak free-cash conversion'],
C6L.SI,financial_health,Financial Health,False,0.8,"['D/E=60%', 'leverage=24.5%', 'ratio=0.1', 'coverage=7.8x']",['weak liquidity'],
S68.SI,graham_defensive,Graham Defensive,False,0.25,['Dividend payer: yield=199.00%'],"['P/E >= 15', 'valuation too rich on P/B or P/E×P/B', 'current ratio < 2']",
S68.SI,graham_enterprising,Graham Enterprising,False,0.6,"['Debt/equity < 100%: D/E=29%', 'ROE > 8%: ROE=30.6%', 'Positive earnings growth: growth=15.0%']","['P/E >= 25', 'P/B >= 3']",
S68.SI,graham_net_net,Graham Net-Net,False,0.0,[],['missing NCAV (balance sheet data)'],
S68.SI,schloss,Schloss Low P/B,False,0.5,['D/E < 50.0%: D/E=29%'],['P/B too high'],
S68.SI,deep_value,Deep Value,False,0.0,[],"['P/B not below 1.0', 'EV/EBITDA not below 8']",
S68.SI,earnings_yield,Earnings Yield,False,0.2375,['E/P=2.8% (P/E=35.1)'],['earnings yield 2.8% below 8%'],
S68.SI,fcf_yield,FCF Yield,False,0.2507,['FCF yield=2.5%'],['FCF yield 2.5% below 5%'],
S68.SI,low_pe_high_yield,Low P/E + High Yield,False,0.5,['yield=199.0%'],['P/E not below 12.0'],
S68.SI,lynch_peg,Lynch PEG,False,0.0,"['PEG=2.34', 'growth=15.0%']",['PEG 2.34 >= 1.0'],
S68.SI,neff_pegy,Neff PEGY,True,0.836,"['PEGY=0.16', 'growth=15.0%', 'yield=199.0%']",[],
S68.SI,quality_value,Quality Value,False,0.6,"['ROE >= 12%: ROE=30.6%', 'Profit margin >= 5%: margin=44.8%', 'Debt/equity < 80%: D/E=29%']","['P/E >= 20', 'FCF yield below 3%']",
S68.SI,buffett_quality,Buffett Quality,False,0.75,"['ROE >= 15%: ROE=30.6%', 'D/E < 60.0%: D/E=29%', 'margin >= 8%: margin=44.8%']",['P/E too high'],
S68.SI,economic_moat,Economic Moat,True,1.0,"['high ROE=30.6%', 'solid ROA=15.4%', 'wide margin=44.8%', 'low leverage D/E=29%']",[],
S68.SI,high_dividend,High Dividend Yield,False,0.1,"['yield=199.0%', 'universe rank 10%']",['not in top quartile for yield'],
S68.SI,dividend_growth,Dividend Growth,True,0.6667,"['dividend payer: yield=199.0%', 'earnings growth: growth=15.0%']",['P/E out of range'],
S68.SI,magic_formula,Magic Formula,True,0.6538,['ROIC rank 96%'],[],
S68.SI,acquirers_multiple,Acquirer's Multiple,False,0.3846,"['EV/EBIT=25.2', 'universe rank 38%']","['EV/EBIT 25.2 above 12.0', 'not in top 40% cheapest on EV/EBIT']",
S68.SI,dreman_contrarian,Dreman Contrarian,False,0.1,[],"['P/E not in bottom quartile', 'P/B not cheap vs universe', 'dividend yield below median']",
S68.SI,piotroski_f,Piotroski F-Score,True,0.7778,"['F-Score=7/9', 'positive net income', 'positive operating cash flow', 'OCF > net income', 'leverage declining', 'no share dilution', 'gross margin improving', 'asset turnover improving']","['ROA improving', 'current ratio improving']","{'f_score': 7, 'max_score': 9, 'components': [{'name': 'positive net income', 'passed': True}, {'name': 'positive operating cash flow', 'passed': True}, {'name': 'ROA improving', 'passed': False}, {'name': 'OCF > net income', 'passed': True}, {'name': 'leverage declining', 'passed': True}, {'name': 'current ratio improving', 'passed': False}, {'name': 'no share dilution', 'passed': True}, {'name': 'gross margin improving', 'passed': True}, {'name': 'asset turnover improving', 'passed': True}]}"
S68.SI,composite_value,Composite Value,False,0.2625,['top-tier on ev_ebitda (percentile 100%)'],[],
S68.SI,earnings_quality,Earnings Quality,True,1.0,"['FCF/NI=0.88', 'OCF/NI=1.25', 'ratio=-3.79%']",[],
S68.SI,financial_health,Financial Health,True,1.0,"['D/E=29%', 'leverage=14.9%', 'CR=1.62', 'ratio=-1.7', 'coverage=53.6x']",[],
Z74.SI,graham_defensive,Graham Defensive,False,0.5,"['P/E < 15: P/E=12.6', 'Dividend payer: yield=313.00%']","['valuation too rich on P/B or P/E×P/B', 'current ratio < 2']",
Z74.SI,graham_enterprising,Graham Enterprising,False,0.6,"['P/E < 25: P/E=12.6', 'P/B < 3: P/B=2.55', 'Debt/equity < 100%: D/E=41%']","['ROE <= 8%', 'negative earnings growth']",
Z74.SI,graham_net_net,Graham Net-Net,False,0.0,[],['missing NCAV (balance sheet data)'],
Z74.SI,schloss,Schloss Low P/B,False,0.5,['D/E < 50.0%: D/E=41%'],['P/B too high'],
Z74.SI,deep_value,Deep Value,False,0.0,[],"['P/B not below 1.0', 'EV/EBITDA not below 8']",
Z74.SI,earnings_yield,Earnings Yield,False,0.662,['E/P=7.9% (P/E=12.6)'],['earnings yield 7.9% below 8%'],
Z74.SI,fcf_yield,FCF Yield,False,1.0,['FCF yield=nan%'],['FCF yield nan% below 5%'],
Z74.SI,low_pe_high_yield,Low P/E + High Yield,False,0.5,['yield=313.0%'],['P/E not below 12.0'],
Z74.SI,lynch_peg,Lynch PEG,False,0.0,"['PEG=nan', 'growth=nan%']",[],
Z74.SI,neff_pegy,Neff PEGY,False,0.0,"['PEGY=nan', 'growth=nan%', 'yield=313.0%']",['PEGY nan >= 1.0'],
Z74.SI,quality_value,Quality Value,False,0.6,"['Profit margin >= 5%: margin=24.6%', 'Debt/equity < 80%: D/E=41%', 'P/E < 20: P/E=12.6']","['ROE below 12%', 'FCF yield below 3%']",
Z74.SI,buffett_quality,Buffett Quality,False,0.75,"['D/E < 60.0%: D/E=41%', 'margin >= 8%: margin=24.6%', 'P/E < 25.0: P/E=12.6']",['ROE too low'],
Z74.SI,economic_moat,Economic Moat,True,0.75,"['solid ROA=11.1%', 'wide margin=24.6%', 'low leverage D/E=41%']",['ROE below 18%'],
Z74.SI,high_dividend,High Dividend Yield,False,0.2333,"['yield=313.0%', 'universe rank 23%']",['not in top quartile for yield'],
Z74.SI,dividend_growth,Dividend Growth,True,0.6667,"['dividend payer: yield=313.0%', 'reasonable P/E: P/E=12.6']",['earnings not growing'],
Z74.SI,magic_formula,Magic Formula,False,0.1154,[],['below top half on combined Magic Formula rank'],
Z74.SI,acquirers_multiple,Acquirer's Multiple,False,0.1538,"['EV/EBIT=62.8', 'universe rank 15%']","['EV/EBIT 62.8 above 12.0', 'not in top 40% cheapest on EV/EBIT']",
Z74.SI,dreman_contrarian,Dreman Contrarian,False,0.4,['low P/E rank 77%'],"['P/B not cheap vs universe', 'dividend yield below median']",
Z74.SI,piotroski_f,Piotroski F-Score,False,0.6667,"['F-Score=6/9', 'positive net income', 'positive operating cash flow', 'ROA improving', 'leverage declining', 'current ratio improving', 'no share dilution']","['F-Score 6/9 below 7', 'OCF > net income', 'gross margin improving', 'asset turnover improving']","{'f_score': 6, 'max_score': 9, 'components': [{'name': 'positive net income', 'passed': True}, {'name': 'positive operating cash flow', 'passed': True}, {'name': 'ROA improving', 'passed': True}, {'name': 'OCF > net income', 'passed': False}, {'name': 'leverage declining', 'passed': True}, {'name': 'current ratio improving', 'passed': True}, {'name': 'no share dilution', 'passed': True}, {'name': 'gross margin improving', 'passed': False}, {'name': 'asset turnover improving', 'passed': False}]}"
Z74.SI,composite_value,Composite Value,False,0.4026,['top-tier on trailing_pe (percentile 77%)'],['missing fcf_yield'],
Z74.SI,earnings_quality,Earnings Quality,False,0.6667,"['OCF/NI=0.88', 'ratio=1.35%']",['weak free-cash conversion'],
Z74.SI,financial_health,Financial Health,False,0.8,"['D/E=41%', 'leverage=23.0%', 'ratio=2.3', 'coverage=2.9x']",['weak liquidity'],
S63.SI,graham_defensive,Graham Defensive,False,0.25,['Dividend payer: yield=175.00%'],"['P/E >= 15', 'valuation too rich on P/B or P/E×P/B', 'current ratio < 2']",
S63.SI,graham_enterprising,Graham Enterprising,False,0.4,"['ROE > 8%: ROE=20.7%', 'Positive earnings growth: growth=27.2%']","['P/E >= 25', 'P/B >= 3', 'excessive leverage']",
S63.SI,graham_net_net,Graham Net-Net,False,0.0,[],['missing NCAV (balance sheet data)'],
S63.SI,schloss,Schloss Low P/B,False,0.0,[],"['P/B too high', 'too much leverage']",
S63.SI,deep_value,Deep Value,False,0.0,[],"['P/B not below 1.0', 'EV/EBITDA not below 8']",
S63.SI,earnings_yield,Earnings Yield,False,0.1377,['E/P=1.7% (P/E=60.5)'],['earnings yield 1.7% below 8%'],
S63.SI,fcf_yield,FCF Yield,False,0.2588,['FCF yield=2.6%'],['FCF yield 2.6% below 5%'],
S63.SI,low_pe_high_yield,Low P/E + High Yield,False,0.5,['yield=175.0%'],['P/E not below 12.0'],
S63.SI,lynch_peg,Lynch PEG,False,0.0,"['PEG=2.22', 'growth=27.2%']",['PEG 2.22 >= 1.0'],
S63.SI,neff_pegy,Neff PEGY,True,0.7008,"['PEGY=0.30', 'growth=27.2%', 'yield=175.0%']",[],
S63.SI,quality_value,Quality Value,False,0.2,['ROE >= 12%: ROE=20.7%'],"['thin margins', 'high leverage', 'P/E >= 20', 'FCF yield below 3%']",
S63.SI,buffett_quality,Buffett Quality,False,0.25,['ROE >= 15%: ROE=20.7%'],"['too much debt', 'thin margins', 'P/E too high']",
S63.SI,economic_moat,Economic Moat,False,0.25,['high ROE=20.7%'],"['ROA below 8%', 'margins below 12%', 'leverage too high']",
S63.SI,high_dividend,High Dividend Yield,False,0.0333,"['yield=175.0%', 'universe rank 3%']",['not in top quartile for yield'],
S63.SI,dividend_growth,Dividend Growth,True,0.6667,"['dividend payer: yield=175.0%', 'earnings growth: growth=27.2%']",['P/E out of range'],
S63.SI,magic_formula,Magic Formula,False,0.2115,[],['below top half on combined Magic Formula rank'],
S63.SI,acquirers_multiple,Acquirer's Multiple,False,0.0385,"['EV/EBIT=92.5', 'universe rank 4%']","['EV/EBIT 92.5 above 12.0', 'not in top 40% cheapest on EV/EBIT']",
S63.SI,dreman_contrarian,Dreman Contrarian,False,0.0556,[],"['P/E not in bottom quartile', 'P/B not cheap vs universe', 'dividend yield below median']",
S63.SI,piotroski_f,Piotroski F-Score,True,0.7778,"['F-Score=7/9', 'positive net income', 'positive operating cash flow', 'OCF > net income', 'leverage declining', 'current ratio improving', 'no share dilution', 'asset turnover improving']","['ROA improving', 'gross margin improving']","{'f_score': 7, 'max_score': 9, 'components': [{'name': 'positive net income', 'passed': True}, {'name': 'positive operating cash flow', 'passed': True}, {'name': 'ROA improving', 'passed': False}, {'name': 'OCF > net income', 'passed': True}, {'name': 'leverage declining', 'passed': True}, {'name': 'current ratio improving', 'passed': True}, {'name': 'no share dilution', 'passed': True}, {'name': 'gross margin improving', 'passed': False}, {'name': 'asset turnover improving', 'passed': True}]}"
S63.SI,composite_value,Composite Value,False,0.225,[],[],
S63.SI,earnings_quality,Earnings Quality,True,1.0,"['FCF/NI=1.90', 'OCF/NI=3.69', 'ratio=-7.77%']",[],
S63.SI,financial_health,Financial Health,False,0.4,"['leverage=30.1%', 'ratio=2.7']","['high debt to equity', 'weak liquidity', 'weak interest coverage']",
Y92.SI,graham_defensive,Graham Defensive,False,0.75,"['P/E < 15: P/E=10.8', 'P/B < 1.5 or P/E×P/B < 22.5: P/B=1.89', 'Dividend payer: yield=574.00%']",['current ratio < 2'],
Y92.SI,graham_enterprising,Graham Enterprising,True,0.8,"['P/E < 25: P/E=10.8', 'P/B < 3: P/B=1.89', 'ROE > 8%: ROE=14.3%', 'Positive earnings growth: growth=8.2%']",['excessive leverage'],
Y92.SI,graham_net_net,Graham Net-Net,False,0.0,[],['missing NCAV (balance sheet data)'],
Y92.SI,schloss,Schloss Low P/B,False,0.0,[],"['P/B too high', 'too much leverage']",
Y92.SI,deep_value,Deep Value,False,0.5,['EV/EBITDA=5.3'],['P/B not below 1.0'],
Y92.SI,earnings_yield,Earnings Yield,True,0.7752,['E/P=9.3% (P/E=10.8)'],[],
Y92.SI,fcf_yield,FCF Yield,True,1.0,['FCF yield=231.2%'],[],
Y92.SI,low_pe_high_yield,Low P/E + High Yield,True,1.0,"['P/E=10.8', 'yield=574.0%']",[],
Y92.SI,lynch_peg,Lynch PEG,False,0.0,"['PEG=1.31', 'growth=8.2%']",['PEG 1.31 >= 1.0'],
Y92.SI,neff_pegy,Neff PEGY,True,0.9815,"['PEGY=0.02', 'growth=8.2%', 'yield=574.0%']",[],
Y92.SI,quality_value,Quality Value,True,0.8,"['ROE >= 12%: ROE=14.3%', 'Profit margin >= 5%: margin=7.5%', 'P/E < 20: P/E=10.8', 'FCF yield >= 3%: FCF yield=231.2%']",['high leverage'],
Y92.SI,buffett_quality,Buffett Quality,False,0.25,['P/E < 25.0: P/E=10.8'],"['ROE too low', 'too much debt', 'thin margins']",
Y92.SI,economic_moat,Economic Moat,False,0.0,[],"['ROE below 18%', 'ROA below 8%', 'margins below 12%', 'leverage too high']",
Y92.SI,high_dividend,High Dividend Yield,False,0.7333,"['yield=574.0%', 'universe rank 73%']",['not in top quartile for yield'],
Y92.SI,dividend_growth,Dividend Growth,True,1.0,"['dividend payer: yield=574.0%', 'earnings growth: growth=8.2%', 'reasonable P/E: P/E=10.8']",[],
Y92.SI,magic_formula,Magic Formula,True,0.8846,"['earnings yield rank 92%', 'ROIC rank 85%']",[],
Y92.SI,acquirers_multiple,Acquirer's Multiple,True,0.9615,"['EV/EBIT=6.8', 'universe rank 96%']",[],
Y92.SI,dreman_contrarian,Dreman Contrarian,True,0.6667,"['low P/E rank 90%', 'dividend rank 73%']",['P/B not cheap vs universe'],
Y92.SI,piotroski_f,Piotroski F-Score,True,0.7778,"['F-Score=7/9', 'positive net income', 'positive operating cash flow', 'OCF > net income', 'current ratio improving', 'no share dilution', 'gross margin improving', 'asset turnover improving']","['ROA improving', 'leverage declining']","{'f_score': 7, 'max_score': 9, 'components': [{'name': 'positive net income', 'passed': True}, {'name': 'positive operating cash flow', 'passed': True}, {'name': 'ROA improving', 'passed': False}, {'name': 'OCF > net income', 'passed': True}, {'name': 'leverage declining', 'passed': False}, {'name': 'current ratio improving', 'passed': True}, {'name': 'no share dilution', 'passed': True}, {'name': 'gross margin improving', 'passed': True}, {'name': 'asset turnover improving', 'passed': True}]}"
Y92.SI,composite_value,Composite Value,True,0.8,"['top-tier on trailing_pe (percentile 100%)', 'top-tier on ev_ebitda (percentile 100%)']",[],
Y92.SI,earnings_quality,Earnings Quality,True,1.0,"['FCF/NI=0.98', 'OCF/NI=1.82', 'ratio=-4.06%']",[],
Y92.SI,financial_health,Financial Health,False,0.8,"['leverage=46.2%', 'CR=1.48', 'ratio=3.6', 'coverage=4.8x']",['high debt to equity'],
U11.SI,graham_defensive,Graham Defensive,False,0.75,"['P/E < 15: P/E=15.0', 'P/B < 1.5 or P/E×P/B < 22.5: P/B=1.44', 'Dividend payer: yield=406.00%']",['current ratio < 2'],
U11.SI,graham_enterprising,Graham Enterprising,True,0.8,"['P/E < 25: P/E=15.0', 'P/B < 3: P/B=1.44', 'ROE > 8%: ROE=9.2%', 'Positive earnings growth: growth=11.3%']",['excessive leverage'],
U11.SI,graham_net_net,Graham Net-Net,False,0.0,[],['missing NCAV (balance sheet data)'],
U11.SI,schloss,Schloss Low P/B,False,0.0,[],"['P/B too high', 'too much leverage']",
U11.SI,deep_value,Deep Value,False,0.0,[],"['P/B not below 1.0', 'EV/EBITDA not below 8']",
U11.SI,earnings_yield,Earnings Yield,False,0.5574,['E/P=6.7% (P/E=15.0)'],['earnings yield 6.7% below 8%'],
U11.SI,fcf_yield,FCF Yield,False,1.0,['FCF yield=nan%'],['FCF yield nan% below 5%'],
U11.SI,low_pe_high_yield,Low P/E + High Yield,False,0.5,['yield=406.0%'],['P/E not below 12.0'],
U11.SI,lynch_peg,Lynch PEG,False,0.0,"['PEG=1.32', 'growth=11.3%']",['PEG 1.32 >= 1.0'],
U11.SI,neff_pegy,Neff PEGY,True,0.9642,"['PEGY=0.04', 'growth=11.3%', 'yield=406.0%']",[],
U11.SI,quality_value,Quality Value,False,0.4,"['Profit margin >= 5%: margin=40.4%', 'P/E < 20: P/E=15.0']","['ROE below 12%', 'high leverage', 'FCF yield below 3%']",
U11.SI,buffett_quality,Buffett Quality,False,0.5,"['margin >= 8%: margin=40.4%', 'P/E < 25.0: P/E=15.0']","['ROE too low', 'too much debt']",
U11.SI,economic_moat,Economic Moat,False,0.25,['wide margin=40.4%'],"['ROE below 18%', 'ROA below 8%', 'leverage too high']",
U11.SI,high_dividend,High Dividend Yield,False,0.4333,"['yield=406.0%', 'universe rank 43%']",['not in top quartile for yield'],
U11.SI,dividend_growth,Dividend Growth,True,1.0,"['dividend payer: yield=406.0%', 'earnings growth: growth=11.3%', 'reasonable P/E: P/E=15.0']",[],
U11.SI,magic_formula,Magic Formula,False,0.0,[],['missing EBIT/EV or ROIC inputs'],
U11.SI,acquirers_multiple,Acquirer's Multiple,False,0.0,[],['could not rank EV/EBIT'],
U11.SI,dreman_contrarian,Dreman Contrarian,False,0.4667,[],"['P/E not in bottom quartile', 'P/B not cheap vs universe', 'dividend yield below median']",
U11.SI,piotroski_f,Piotroski F-Score,False,0.3333,"['F-Score=3/9', 'positive net income', 'positive operating cash flow', 'no share dilution']","['F-Score 3/9 below 7', 'ROA improving', 'OCF > net income', 'leverage declining', 'current ratio improving', 'gross margin improving', 'asset turnover improving']","{'f_score': 3, 'max_score': 9, 'components': [{'name': 'positive net income', 'passed': True}, {'name': 'positive operating cash flow', 'passed': True}, {'name': 'ROA improving', 'passed': False}, {'name': 'OCF > net income', 'passed': False}, {'name': 'leverage declining', 'passed': False}, {'name': 'current ratio improving', 'passed': False}, {'name': 'no share dilution', 'passed': True}, {'name': 'gross margin improving', 'passed': False}, {'name': 'asset turnover improving', 'passed': False}]}"
U11.SI,composite_value,Composite Value,True,0.8462,"['top-tier on trailing_pe (percentile 100%)', 'top-tier on price_to_book (percentile 100%)']","['missing fcf_yield', 'missing ev_ebitda']",
U11.SI,earnings_quality,Earnings Quality,False,0.3333,['ratio=0.59%'],"['weak free-cash conversion', 'operating cash below earnings']",
U11.SI,financial_health,Financial Health,False,0.4,"['leverage=7.9%', 'insufficient data — skipped']","['high debt to equity', 'weak liquidity', 'weak interest coverage']",
U14.SI,graham_defensive,Graham Defensive,False,0.75,"['P/E < 15: P/E=13.2', 'P/B < 1.5 or P/E×P/B < 22.5: P/B=0.58', 'Dividend payer: yield=218.00%']",['current ratio < 2'],
U14.SI,graham_enterprising,Graham Enterprising,False,0.8,"['P/E < 25: P/E=13.2', 'P/B < 3: P/B=0.58', 'Debt/equity < 100%: D/E=33%', 'Positive earnings growth: growth=22.3%']",['ROE <= 8%'],
U14.SI,graham_net_net,Graham Net-Net,False,0.0,[],['missing NCAV (balance sheet data)'],
U14.SI,schloss,Schloss Low P/B,True,1.0,"['P/B < 1.2: P/B=0.58', 'D/E < 50.0%: D/E=33%']",[],
U14.SI,deep_value,Deep Value,False,0.5,['P/B=0.58'],['EV/EBITDA not below 8'],
U14.SI,earnings_yield,Earnings Yield,False,0.6301,['E/P=7.6% (P/E=13.2)'],['earnings yield 7.6% below 8%'],
U14.SI,fcf_yield,FCF Yield,True,0.8829,['FCF yield=8.8%'],[],
U14.SI,low_pe_high_yield,Low P/E + High Yield,False,0.5,['yield=218.0%'],['P/E not below 12.0'],
U14.SI,lynch_peg,Lynch PEG,True,0.4069,"['PEG=0.59', 'growth=22.3%']",[],
U14.SI,neff_pegy,Neff PEGY,True,0.945,"['PEGY=0.06', 'growth=22.3%', 'yield=218.0%']",[],
U14.SI,quality_value,Quality Value,False,0.8,"['Profit margin >= 5%: margin=16.9%', 'Debt/equity < 80%: D/E=33%', 'P/E < 20: P/E=13.2', 'FCF yield >= 3%: FCF yield=8.8%']",['ROE below 12%'],
U14.SI,buffett_quality,Buffett Quality,False,0.75,"['D/E < 60.0%: D/E=33%', 'margin >= 8%: margin=16.9%', 'P/E < 25.0: P/E=13.2']",['ROE too low'],
U14.SI,economic_moat,Economic Moat,False,0.5,"['wide margin=16.9%', 'low leverage D/E=33%']","['ROE below 18%', 'ROA below 8%']",
U14.SI,high_dividend,High Dividend Yield,False,0.1333,"['yield=218.0%', 'universe rank 13%']",['not in top quartile for yield'],
U14.SI,dividend_growth,Dividend Growth,True,1.0,"['dividend payer: yield=218.0%', 'earnings growth: growth=22.3%', 'reasonable P/E: P/E=13.2']",[],
U14.SI,magic_formula,Magic Formula,False,0.3654,['earnings yield rank 54%'],['below top half on combined Magic Formula rank'],
U14.SI,acquirers_multiple,Acquirer's Multiple,False,0.5769,"['EV/EBIT=19.8', 'universe rank 58%']","['EV/EBIT 19.8 above 12.0', 'not in top 40% cheapest on EV/EBIT']",
U14.SI,dreman_contrarian,Dreman Contrarian,False,0.5889,['low P/B rank 93%'],"['P/E not in bottom quartile', 'dividend yield below median']",
U14.SI,piotroski_f,Piotroski F-Score,True,0.7778,"['F-Score=7/9', 'positive net income', 'positive operating cash flow', 'ROA improving', 'OCF > net income', 'leverage declining', 'no share dilution', 'asset turnover improving']","['current ratio improving', 'gross margin improving']","{'f_score': 7, 'max_score': 9, 'components': [{'name': 'positive net income', 'passed': True}, {'name': 'positive operating cash flow', 'passed': True}, {'name': 'ROA improving', 'passed': True}, {'name': 'OCF > net income', 'passed': True}, {'name': 'leverage declining', 'passed': True}, {'name': 'current ratio improving', 'passed': False}, {'name': 'no share dilution', 'passed': True}, {'name': 'gross margin improving', 'passed': False}, {'name': 'asset turnover improving', 'passed': True}]}"
U14.SI,composite_value,Composite Value,True,0.6875,"['top-tier on trailing_pe (percentile 75%)', 'top-tier on price_to_book (percentile 92%)', 'top-tier on fcf_yield (percentile 83%)', 'top-tier on ev_ebitda (percentile 100%)']",[],
U14.SI,earnings_quality,Earnings Quality,True,1.0,"['FCF/NI=1.27', 'OCF/NI=2.68', 'ratio=-3.60%']",[],
U14.SI,financial_health,Financial Health,False,0.8,"['D/E=33%', 'leverage=20.7%', 'CR=2.37', 'coverage=4.7x']",['high net debt/EBITDA'],
V03.SI,graham_defensive,Graham Defensive,False,0.5,"['Current ratio >= 2: CR=2.97', 'Dividend payer: yield=479.00%']","['P/E >= 15', 'valuation too rich on P/B or P/E×P/B']",
V03.SI,graham_enterprising,Graham Enterprising,True,1.0,"['P/E < 25: P/E=20.0', 'P/B < 3: P/B=1.68', 'Debt/equity < 100%: D/E=1%', 'ROE > 8%: ROE=8.5%', 'Positive earnings growth: growth=5.6%']",[],
V03.SI,graham_net_net,Graham Net-Net,False,0.0,[],['missing NCAV (balance sheet data)'],
V03.SI,schloss,Schloss Low P/B,False,0.5,['D/E < 50.0%: D/E=1%'],['P/B too high'],
V03.SI,deep_value,Deep Value,False,0.0,[],"['P/B not below 1.0', 'EV/EBITDA not below 8']",
V03.SI,earnings_yield,Earnings Yield,False,0.4159,['E/P=5.0% (P/E=20.0)'],['earnings yield 5.0% below 8%'],
V03.SI,fcf_yield,FCF Yield,False,0.0843,['FCF yield=0.8%'],['FCF yield 0.8% below 5%'],
V03.SI,low_pe_high_yield,Low P/E + High Yield,False,0.5,['yield=479.0%'],['P/E not below 12.0'],
V03.SI,lynch_peg,Lynch PEG,False,0.0,"['PEG=3.58', 'growth=5.6%']",['PEG 3.58 >= 1.0'],
V03.SI,neff_pegy,Neff PEGY,True,0.9587,"['PEGY=0.04', 'growth=5.6%', 'yield=479.0%']",[],
V03.SI,quality_value,Quality Value,False,0.4,"['Profit margin >= 5%: margin=8.9%', 'Debt/equity < 80%: D/E=1%']","['ROE below 12%', 'P/E >= 20', 'FCF yield below 3%']",
V03.SI,buffett_quality,Buffett Quality,False,0.75,"['D/E < 60.0%: D/E=1%', 'margin >= 8%: margin=8.9%', 'P/E < 25.0: P/E=20.0']",['ROE too low'],
V03.SI,economic_moat,Economic Moat,False,0.25,['low leverage D/E=1%'],"['ROE below 18%', 'ROA below 8%', 'margins below 12%']",
V03.SI,high_dividend,High Dividend Yield,False,0.6333,"['yield=479.0%', 'universe rank 63%']",['not in top quartile for yield'],
V03.SI,dividend_growth,Dividend Growth,True,1.0,"['dividend payer: yield=479.0%', 'earnings growth: growth=5.6%', 'reasonable P/E: P/E=20.0']",[],
V03.SI,magic_formula,Magic Formula,True,0.7885,"['earnings yield rank 77%', 'ROIC rank 81%']",[],
V03.SI,acquirers_multiple,Acquirer's Multiple,False,0.8077,"['EV/EBIT=15.1', 'universe rank 81%']",['EV/EBIT 15.1 above 12.0'],
V03.SI,dreman_contrarian,Dreman Contrarian,False,0.4667,['dividend rank 63%'],"['P/E not in bottom quartile', 'P/B not cheap vs universe']",
V03.SI,piotroski_f,Piotroski F-Score,False,0.6667,"['F-Score=6/9', 'positive net income', 'positive operating cash flow', 'OCF > net income', 'leverage declining', 'no share dilution', 'gross margin improving']","['F-Score 6/9 below 7', 'ROA improving', 'current ratio improving', 'asset turnover improving']","{'f_score': 6, 'max_score': 9, 'components': [{'name': 'positive net income', 'passed': True}, {'name': 'positive operating cash flow', 'passed': True}, {'name': 'ROA improving', 'passed': False}, {'name': 'OCF > net income', 'passed': True}, {'name': 'leverage declining', 'passed': True}, {'name': 'current ratio improving', 'passed': False}, {'name': 'no share dilution', 'passed': True}, {'name': 'gross margin improving', 'passed': True}, {'name': 'asset turnover improving', 'passed': False}]}"
V03.SI,composite_value,Composite Value,False,0.4445,[],[],
V03.SI,earnings_quality,Earnings Quality,False,0.6667,"['OCF/NI=1.11', 'ratio=-0.68%']",['weak free-cash conversion'],
V03.SI,financial_health,Financial Health,True,1.0,"['D/E=1%', 'leverage=0.5%', 'CR=3.34', 'ratio=-4.0', 'coverage=247.5x']",[],
F34.SI,graham_defensive,Graham Defensive,False,0.75,"['P/E < 15: P/E=12.4', 'P/B < 1.5 or P/E×P/B < 22.5: P/B=0.79', 'Dividend payer: yield=419.00%']",['current ratio < 2'],
F34.SI,graham_enterprising,Graham Enterprising,False,0.6,"['P/E < 25: P/E=12.4', 'P/B < 3: P/B=0.79', 'Positive earnings growth: growth=2.1%']","['excessive leverage', 'ROE <= 8%']",
F34.SI,graham_net_net,Graham Net-Net,False,0.0,[],['missing NCAV (balance sheet data)'],
F34.SI,schloss,Schloss Low P/B,False,0.5,['P/B < 1.2: P/B=0.79'],['too much leverage'],
F34.SI,deep_value,Deep Value,False,0.5,['P/B=0.79'],['EV/EBITDA not below 8'],
F34.SI,earnings_yield,Earnings Yield,True,0.6713,['E/P=8.1% (P/E=12.4)'],[],
F34.SI,fcf_yield,FCF Yield,False,0.0,['FCF yield=-6.4%'],['FCF yield -6.4% below 5%'],
F34.SI,low_pe_high_yield,Low P/E + High Yield,False,0.5,['yield=419.0%'],['P/E not below 12.0'],
F34.SI,lynch_peg,Lynch PEG,False,0.0,"['PEG=5.91', 'growth=2.1%']","['growth 2.1% below 5% floor', 'PEG 5.91 >= 1.0']",
F34.SI,neff_pegy,Neff PEGY,True,0.9705,"['PEGY=0.03', 'growth=2.1%', 'yield=419.0%']",[],
F34.SI,quality_value,Quality Value,False,0.2,['P/E < 20: P/E=12.4'],"['ROE below 12%', 'thin margins', 'high leverage', 'FCF yield below 3%']",
F34.SI,buffett_quality,Buffett Quality,False,0.25,['P/E < 25.0: P/E=12.4'],"['ROE too low', 'too much debt', 'thin margins']",
F34.SI,economic_moat,Economic Moat,False,0.0,[],"['ROE below 18%', 'ROA below 8%', 'margins below 12%', 'leverage too high']",
F34.SI,high_dividend,High Dividend Yield,False,0.5333,"['yield=419.0%', 'universe rank 53%']",['not in top quartile for yield'],
F34.SI,dividend_growth,Dividend Growth,True,0.6667,"['dividend payer: yield=419.0%', 'reasonable P/E: P/E=12.4']",['earnings not growing'],
F34.SI,magic_formula,Magic Formula,False,0.3077,[],['below top half on combined Magic Formula rank'],
F34.SI,acquirers_multiple,Acquirer's Multiple,False,0.2692,"['EV/EBIT=28.3', 'universe rank 27%']","['EV/EBIT 28.3 above 12.0', 'not in top 40% cheapest on EV/EBIT']",
F34.SI,dreman_contrarian,Dreman Contrarian,True,0.7111,"['low P/E rank 80%', 'low P/B rank 80%', 'dividend rank 53%']",[],
F34.SI,piotroski_f,Piotroski F-Score,True,0.7778,"['F-Score=7/9', 'positive net income', 'positive operating cash flow', 'ROA improving', 'OCF > net income', 'leverage declining', 'no share dilution', 'gross margin improving']","['current ratio improving', 'asset turnover improving']","{'f_score': 7, 'max_score': 9, 'components': [{'name': 'positive net income', 'passed': True}, {'name': 'positive operating cash flow', 'passed': True}, {'name': 'ROA improving', 'passed': True}, {'name': 'OCF > net income', 'passed': True}, {'name': 'leverage declining', 'passed': True}, {'name': 'current ratio improving', 'passed': False}, {'name': 'no share dilution', 'passed': True}, {'name': 'gross margin improving', 'passed': True}, {'name': 'asset turnover improving', 'passed': False}]}"
F34.SI,composite_value,Composite Value,False,0.3833,['top-tier on price_to_book (percentile 100%)'],[],
F34.SI,earnings_quality,Earnings Quality,False,0.6667,"['OCF/NI=1.67', 'ratio=-1.45%']",['weak free-cash conversion'],
F34.SI,financial_health,Financial Health,False,0.4,"['leverage=47.4%', 'CR=1.12']","['high debt to equity', 'high net debt/EBITDA', 'weak interest coverage']",
BS6.SI,graham_defensive,Graham Defensive,False,0.5,"['P/E < 15: P/E=10.6', 'Dividend payer: yield=389.00%']","['valuation too rich on P/B or P/E×P/B', 'current ratio < 2']",
BS6.SI,graham_enterprising,Graham Enterprising,False,0.8,"['P/E < 25: P/E=10.6', 'Debt/equity < 100%: D/E=12%', 'ROE > 8%: ROE=32.1%', 'Positive earnings growth: growth=28.7%']",['P/B >= 3'],
BS6.SI,graham_net_net,Graham Net-Net,False,0.0,[],['missing NCAV (balance sheet data)'],
BS6.SI,schloss,Schloss Low P/B,False,0.5,['D/E < 50.0%: D/E=12%'],['P/B too high'],
BS6.SI,deep_value,Deep Value,False,0.5,['EV/EBITDA=0.8'],['P/B not below 1.0'],
BS6.SI,earnings_yield,Earnings Yield,True,0.7859,['E/P=9.4% (P/E=10.6)'],[],
BS6.SI,fcf_yield,FCF Yield,False,0.0,['FCF yield=-4.1%'],['FCF yield -4.1% below 5%'],
BS6.SI,low_pe_high_yield,Low P/E + High Yield,True,1.0,"['P/E=10.6', 'yield=389.0%']",[],
BS6.SI,lynch_peg,Lynch PEG,True,0.6305,"['PEG=0.37', 'growth=28.7%']",[],
BS6.SI,neff_pegy,Neff PEGY,True,0.9746,"['PEGY=0.03', 'growth=28.7%', 'yield=389.0%']",[],
BS6.SI,quality_value,Quality Value,True,0.8,"['ROE >= 12%: ROE=32.1%', 'Profit margin >= 5%: margin=29.6%', 'Debt/equity < 80%: D/E=12%', 'P/E < 20: P/E=10.6']",['FCF yield below 3%'],
BS6.SI,buffett_quality,Buffett Quality,True,1.0,"['ROE >= 15%: ROE=32.1%', 'D/E < 60.0%: D/E=12%', 'margin >= 8%: margin=29.6%', 'P/E < 25.0: P/E=10.6']",[],
BS6.SI,economic_moat,Economic Moat,True,1.0,"['high ROE=32.1%', 'solid ROA=14.8%', 'wide margin=29.6%', 'low leverage D/E=12%']",[],
BS6.SI,high_dividend,High Dividend Yield,False,0.4,"['yield=389.0%', 'universe rank 40%']",['not in top quartile for yield'],
BS6.SI,dividend_growth,Dividend Growth,True,1.0,"['dividend payer: yield=389.0%', 'earnings growth: growth=28.7%', 'reasonable P/E: P/E=10.6']",[],
BS6.SI,magic_formula,Magic Formula,True,0.9423,"['earnings yield rank 96%', 'ROIC rank 92%']",[],
BS6.SI,acquirers_multiple,Acquirer's Multiple,True,1.0,"['EV/EBIT=0.9', 'universe rank 100%']",[],
BS6.SI,dreman_contrarian,Dreman Contrarian,False,0.5,['low P/E rank 93%'],"['P/B not cheap vs universe', 'dividend yield below median']",
BS6.SI,piotroski_f,Piotroski F-Score,True,0.8889,"['F-Score=8/9', 'positive net income', 'positive operating cash flow', 'ROA improving', 'leverage declining', 'current ratio improving', 'no share dilution', 'gross margin improving', 'asset turnover improving']",['OCF > net income'],"{'f_score': 8, 'max_score': 9, 'components': [{'name': 'positive net income', 'passed': True}, {'name': 'positive operating cash flow', 'passed': True}, {'name': 'ROA improving', 'passed': True}, {'name': 'OCF > net income', 'passed': False}, {'name': 'leverage declining', 'passed': True}, {'name': 'current ratio improving', 'passed': True}, {'name': 'no share dilution', 'passed': True}, {'name': 'gross margin improving', 'passed': True}, {'name': 'asset turnover improving', 'passed': True}]}"
BS6.SI,composite_value,Composite Value,False,0.5667,"['top-tier on trailing_pe (percentile 100%)', 'top-tier on ev_ebitda (percentile 100%)']",[],
BS6.SI,earnings_quality,Earnings Quality,False,0.3333,['ratio=7.15%'],"['weak free-cash conversion', 'operating cash below earnings']",
BS6.SI,financial_health,Financial Health,True,1.0,"['D/E=12%', 'leverage=9.5%', 'CR=1.76', 'ratio=-1.1', 'coverage=78.5x']",[],
