{"ticker":"MND.AX","fetched_at":"2026-07-17T04:46:42.883545+00:00","income_statement":{"2024":{"Tax Effect Of Unusual Items":2473407.363098,"Tax Rate For Calcs":0.323237,"Normalized EBITDA":125104000.0,"Total Unusual Items":7652000.0,"Total Unusual Items Excluding Goodwill":7652000.0,"Net Income From Continuing Operation Net Minority Interest":62203000.0,"Reconciled Depreciation":38466000.0,"Reconciled Cost Of Revenue":1872790000.0,"EBITDA":132756000.0,"EBIT":94290000.0,"Net Interest Income":3567000.0,"Interest Expense":2345000.0,"Interest Income":7353000.0,"Normalized Income":57024407.363098,"Net Income From Continuing And Discontinued Operation":62203000.0,"Diluted Average Shares":98531601.0,"Basic Average Shares":97069220.0,"Diluted EPS":0.6313,"Basic EPS":0.6408,"Net Income Common Stockholders":62203000.0,"Net Income":62203000.0,"Minority Interests":-22000.0,"Net Income Including Noncontrolling Interests":62225000.0,"Net Income Continuous Operations":62225000.0,"Tax Provision":29720000.0,"Pretax Income":91945000.0,"Other Income Expense":12044000.0,"Other Non Operating Income Expenses":2271000.0,"Special Income Charges":7652000.0,"Gain On Sale Of Ppe":7652000.0,"Earnings From Equity Interest":2121000.0,"Net Non Operating Interest Income Expense":3567000.0,"Total Other Finance Cost":1441000.0,"Interest Expense Non Operating":2345000.0,"Interest Income Non Operating":7353000.0,"Operating Income":37868000.0,"Operating Expense":97904000.0,"Other Operating Expenses":18353000.0,"Depreciation Amortization Depletion Income Statement":38466000.0,"Depreciation And Amortization In Income Statement":38466000.0,"Amortization":747000.0,"Amortization Of Intangibles Income Statement":747000.0,"Depreciation Income Statement":37719000.0,"Selling General And Administration":41085000.0,"General And Administrative Expense":41085000.0,"Other Gand A":37436000.0,"Rent And Landing Fees":3649000.0,"Gross Profit":135772000.0,"Cost Of Revenue":1872790000.0,"Total Revenue":2008562000.0,"Operating Revenue":2008562000.0},"2023":{"Tax Effect Of Unusual Items":857916.83686,"Tax Rate For Calcs":0.293004,"Normalized EBITDA":105661000.0,"Total Unusual Items":2928000.0,"Total Unusual Items Excluding Goodwill":2928000.0,"Net Income From Continuing Operation Net Minority Interest":53543000.0,"Reconciled Depreciation":33157000.0,"Reconciled Cost Of Revenue":1602298000.0,"EBITDA":108589000.0,"EBIT":75432000.0,"Net Interest Income":805000.0,"Interest Expense":1986000.0,"Interest Income":4300000.0,"Normalized Income":51472916.83686,"Net Income From Continuing And Discontinued Operation":53543000.0,"Diluted Average Shares":97315522.0,"Basic Average Shares":95870712.0,"Diluted EPS":0.5502,"Basic EPS":0.5585,"Net Income Common Stockholders":53543000.0,"Net Income":53543000.0,"Minority Interests":1617000.0,"Net Income Including Noncontrolling Interests":51926000.0,"Net Income Continuous Operations":51926000.0,"Tax Provision":21520000.0,"Pretax Income":73446000.0,"Other Income Expense":13456000.0,"Other Non Operating Income Expenses":2813000.0,"Special Income Charges":2928000.0,"Gain On Sale Of Ppe":2928000.0,"Earnings From Equity Interest":7715000.0,"Net Non Operating Interest Income Expense":805000.0,"Total Other Finance Cost":1509000.0,"Interest Expense Non Operating":1986000.0,"Interest Income Non Operating":4300000.0,"Operating Income":26028000.0,"Operating Expense":92630000.0,"Other Operating Expenses":20292000.0,"Depreciation Amortization Depletion Income Statement":33157000.0,"Depreciation And Amortization In Income Statement":33157000.0,"Depreciation Income Statement":33157000.0,"Selling General And Administration":39181000.0,"General And Administrative Expense":39181000.0,"Other Gand A":35637000.0,"Rent And Landing Fees":3544000.0,"Gross Profit":118658000.0,"Cost Of Revenue":1602298000.0,"Total Revenue":1720956000.0,"Operating Revenue":1720956000.0},"2022":{"Tax Effect Of Unusual Items":1251483.696318,"Tax Rate For Calcs":0.28876,"Normalized EBITDA":104115000.0,"Total Unusual Items":4334000.0,"Total Unusual Items Excluding Goodwill":4334000.0,"Net Income From Continuing Operation Net Minority Interest":52219000.0,"Reconciled Depreciation":33097000.0,"Reconciled Cost Of Revenue":1686937000.0,"EBITDA":108449000.0,"EBIT":75352000.0,"Net Interest Income":-2612000.0,"Interest Expense":1841000.0,"Interest Income":740000.0,"Normalized Income":49136483.696318,"Net Income From Continuing And Discontinued Operation":52219000.0,"Diluted Average Shares":95744408.0,"Basic Average Shares":95107986.0,"Diluted EPS":0.5454,"Basic EPS":0.549,"Net Income Common Stockholders":52219000.0,"Net Income":52219000.0,"Minority Interests":-65000.0,"Net Income Including Noncontrolling Interests":52284000.0,"Net Income Continuous Operations":52284000.0,"Tax Provision":21227000.0,"Pretax Income":73511000.0,"Other Income Expense":9347000.0,"Other Non Operating Income Expenses":4361000.0,"Special Income Charges":4334000.0,"Gain On Sale Of Ppe":4334000.0,"Earnings From Equity Interest":652000.0,"Net Non Operating Interest Income Expense":-2612000.0,"Total Other Finance Cost":1511000.0,"Interest Expense Non Operating":1841000.0,"Interest Income Non Operating":740000.0,"Operating Income":33679000.0,"Operating Expense":88835000.0,"Other Operating Expenses":16959000.0,"Depreciation Amortization Depletion Income Statement":33097000.0,"Depreciation And Amortization In Income Statement":33097000.0,"Depreciation Income Statement":33097000.0,"Selling General And Administration":38779000.0,"General And Administrative Expense":38779000.0,"Other Gand A":35139000.0,"Rent And Landing Fees":3640000.0,"Gross Profit":122514000.0,"Cost Of Revenue":1686937000.0,"Total Revenue":1809451000.0,"Operating Revenue":1809451000.0}},"balance_sheet":{"2024":{"Ordinary Shares Number":97463244.0,"Share Issued":97463244.0,"Total Debt":94240000.0,"Tangible Book Value":447351000.0,"Invested Capital":476489000.0,"Working Capital":225377000.0,"Net Tangible Assets":447351000.0,"Capital Lease Obligations":83345000.0,"Common Stock Equity":465594000.0,"Total Capitalization":471960000.0,"Total Equity Gross Minority Interest":465594000.0,"Stockholders Equity":465594000.0,"Gains Losses Not Affecting Retained Earnings":57947000.0,"Other Equity Adjustments":59981000.0,"Fixed Assets Revaluation Reserve":2856000.0,"Foreign Currency Translation Adjustments":-4890000.0,"Retained Earnings":261866000.0,"Capital Stock":145781000.0,"Common Stock":145781000.0,"Total Liabilities Net Minority Interest":421769000.0,"Total Non Current Liabilities Net Minority Interest":74890000.0,"Other Non Current Liabilities":661000.0,"Employee Benefits":7536000.0,"Non Current Pension And Other Postretirement Benefit Plans":7536000.0,"Long Term Debt And Capital Lease Obligation":66693000.0,"Long Term Capital Lease Obligation":60327000.0,"Long Term Debt":6366000.0,"Current Liabilities":346879000.0,"Current Deferred Liabilities":18613000.0,"Current Deferred Taxes Liabilities":18613000.0,"Current Debt And Capital Lease Obligation":27547000.0,"Current Capital Lease Obligation":23018000.0,"Current Debt":4529000.0,"Other Current Borrowings":4529000.0,"Pensionand Other Post Retirement Benefit Plans Current":70401000.0,"Current Provisions":19487000.0,"Payables And Accrued Expenses":210831000.0,"Payables":210831000.0,"Other Payable":119113000.0,"Accounts Payable":91718000.0,"Total Assets":887363000.0,"Total Non Current Assets":315107000.0,"Other Non Current Assets":19491000.0,"Non Current Deferred Assets":32364000.0,"Non Current Deferred Taxes Assets":32364000.0,"Investments And Advances":12341000.0,"Long Term Equity Investment":12341000.0,"Investmentsin Associatesat Cost":12341000.0,"Goodwill And Other Intangible Assets":18243000.0,"Other Intangible Assets":3353000.0,"Goodwill":14890000.0,"Net PPE":232668000.0,"Accumulated Depreciation":-214170000.0,"Gross PPE":446838000.0,"Construction In Progress":1690000.0,"Other Properties":146911000.0,"Machinery Furniture Equipment":237808000.0,